ProviderName,PublisherName,InvoiceIssuerName,InvoiceId,BillingAccountId,BillingAccountName,BillingAccountType,SubAccountId,SubAccountName,SubAccountType,BillingPeriodStart,BillingPeriodEnd,ChargePeriodStart,ChargePeriodEnd,ChargeCategory,ChargeClass,ChargeDescription,ChargeFrequency,BilledCost,EffectiveCost,ListCost,ContractedCost,ListUnitPrice,ContractedUnitPrice,PricingCategory,PricingQuantity,PricingUnit,PricingCurrency,PricingCurrencyContractedUnitPrice,PricingCurrencyEffectiveCost,PricingCurrencyListUnitPrice,BillingCurrency,ConsumedQuantity,ConsumedUnit,ServiceName,ServiceCategory,ServiceSubcategory,SkuId,SkuMeter,SkuPriceId,SkuPriceDetails,ResourceId,ResourceName,ResourceType,RegionId,RegionName,AvailabilityZone,CommitmentDiscountId,CommitmentDiscountName,CommitmentDiscountCategory,CommitmentDiscountType,CommitmentDiscountStatus,CommitmentDiscountQuantity,CommitmentDiscountUnit,CapacityReservationId,CapacityReservationStatus,Tags
Google Cloud,Google,Google Cloud,INV-2026-05-F70819,01A2B3-C4D5E6-F70819,ExampleCorp Billing - Primary,Billing Account,examplecorp-prod-481627,prod-platform,Project,2026-05-01T00:00:00Z,2026-06-01T00:00:00Z,2026-05-01T00:00:00Z,2026-05-01T01:00:00Z,Usage,,Cloud Run vCPU allocation,Usage-Based,17.33275133424,17.33275133424,19.2586125936,17.33275133424,0.0000240000,0.0000216000,Standard,802442.1914,Core-Seconds,USD,0.0000216000,17.33275133424,0.0000240000,USD,802442.1914,Core-Seconds,Cloud Run,Compute,Serverless Compute,SKU-3b45c232fa69d636eca8dc39,Compute,SPRICE-9c404e5e6026ce0b2e5ce800,"{""x_Generation"":""gen2""}",//run.googleapis.com/projects/examplecorp-prod-481627/services/svc-b05eef5f,svc-b05eef5f,Cloud Run Service,asia-southeast1,Singapore,,,,,,,,,,,"{""environment"":""staging"",""cost-center"":""cc-2087"",""owner"":""team-data""}"
Google Cloud,Google,Google Cloud,INV-2026-05-F70819,01A2B3-C4D5E6-F70819,ExampleCorp Billing - Primary,Billing Account,examplecorp-prod-481627,prod-platform,Project,2026-05-01T00:00:00Z,2026-06-01T00:00:00Z,2026-05-01T00:00:00Z,2026-05-01T01:00:00Z,Tax,,Synthetic tax 10% on usage record 1: Cloud Run,One-Time,1.733275133424,1.733275133424,1.92586125936,1.733275133424,,,,,,USD,,1.733275133424,,USD,,,Cloud Run,Compute,Serverless Compute,,,,,,,,,,,,,,,,,,,,"{""environment"":""staging"",""cost-center"":""cc-2087"",""owner"":""team-data""}"
Google Cloud,Google,Google Cloud,INV-2026-05-F70819,01A2B3-C4D5E6-F70819,ExampleCorp Billing - Primary,Billing Account,examplecorp-prod-481627,prod-platform,Project,2026-05-01T00:00:00Z,2026-06-01T00:00:00Z,2026-05-01T02:00:00Z,2026-05-01T03:00:00Z,Usage,,Function execution duration,Usage-Based,14.394996957825,14.394996957825,15.99444106425,14.394996957825,0.0000025000,0.0000022500,Standard,6397776.4257,GB-Seconds,USD,0.0000022500,14.394996957825,0.0000025000,USD,6397776.4257,GB-Seconds,Cloud Functions,Compute,Serverless Compute,SKU-aa8988f20b7d9893658f467f,Compute,SPRICE-55a0ffdcaab822a480aad660,"{""x_Runtime"":""python312"",""x_Generation"":""gen2""}",//cloudfunctions.googleapis.com/projects/examplecorp-prod-481627/functions/fn-5c4ead48,fn-5c4ead48,Cloud Function,europe-west1,Belgium,,,,,,,,,,,"{""environment"":""prod"",""cost-center"":""cc-2087"",""owner"":""team-platform""}"
Google Cloud,Google,Google Cloud,INV-2026-05-A7B8C9,11C2D3-E4F506-A7B8C9,ExampleCorp Billing - Secondary,Billing Account,examplecorp-data-739104,data-analytics,Project,2026-05-01T00:00:00Z,2026-06-01T00:00:00Z,2026-05-01T03:00:00Z,2026-05-01T04:00:00Z,Usage,,e2-standard-4 running,Usage-Based,0.1206,0.1206,0.134,0.1206,0.1340000000,0.1206000000,Standard,1.0000,Hours,USD,0.1206000000,0.1206,0.1340000000,USD,1.0000,Hours,Compute Engine,Compute,Virtual Machines,SKU-c7f294f3dc4904208c787632,Compute,SPRICE-c8c1784c237a87edf1c3647d,"{""InstanceType"":""e2-standard-4"",""InstanceSeries"":""E2"",""CoreCount"":4,""MemorySize"":16,""OperatingSystem"":""Linux"",""x_Preemptible"":""false""}",//compute.googleapis.com/projects/examplecorp-data-739104/instances/instance-549b502c,instance-549b502c,Compute Instance,us-east1,South Carolina,us-east1-b,,,,,,,,,,"{""environment"":""prod"",""cost-center"":""cc-2087"",""owner"":""team-platform""}"
Google Cloud,Google,Google Cloud,INV-2026-05-A7B8C9,11C2D3-E4F506-A7B8C9,ExampleCorp Billing - Secondary,Billing Account,examplecorp-prod-481627,prod-platform,Project,2026-05-01T00:00:00Z,2026-06-01T00:00:00Z,2026-05-01T04:00:00Z,2026-05-01T05:00:00Z,Usage,,e2-standard-4 running,Usage-Based,0.1206,0.1206,0.134,0.1206,0.1340000000,0.1206000000,Standard,1.0000,Hours,USD,0.1206000000,0.1206,0.1340000000,USD,1.0000,Hours,Compute Engine,Compute,Virtual Machines,SKU-c7f294f3dc4904208c787632,Compute,SPRICE-c8c1784c237a87edf1c3647d,"{""InstanceType"":""e2-standard-4"",""InstanceSeries"":""E2"",""CoreCount"":4,""MemorySize"":16,""OperatingSystem"":""Linux"",""x_Preemptible"":""false""}",//compute.googleapis.com/projects/examplecorp-prod-481627/instances/instance-0ed23093,instance-0ed23093,Compute Instance,us-east1,South Carolina,us-east1-b,,,,,,,,,,"{""environment"":""staging"",""cost-center"":""cc-3110"",""owner"":""team-data""}"
Google Cloud,Google,Google Cloud,INV-2026-05-A7B8C9,11C2D3-E4F506-A7B8C9,ExampleCorp Billing - Secondary,Billing Account,examplecorp-data-739104,data-analytics,Project,2026-05-01T00:00:00Z,2026-06-01T00:00:00Z,2026-05-06T00:00:00Z,2026-05-07T00:00:00Z,Purchase,,Cloud Run subscription fee,Recurring,150.99,150.99,150.99,150.99,150.99,150.99,Standard,1,Units,USD,150.9900000000,150.99,150.9900000000,USD,,,Cloud Run,Compute,Serverless Compute,SKU-39a813daca523e246fd9b254,Subscription,SPRICE-7f7b33833d5065313f14d1fc,"{""x_ChargeType"": ""SubscriptionFee""}",//run.googleapis.com/projects/examplecorp-data-739104/services/svc-9084ee82,svc-9084ee82,Cloud Run Service,europe-west1,Belgium,,,,,,,,,,,"{""environment"":""dev"",""cost-center"":""cc-3110"",""owner"":""team-payments""}"
Google Cloud,Google,Google Cloud,INV-2026-05-A7B8C9,11C2D3-E4F506-A7B8C9,ExampleCorp Billing - Secondary,Billing Account,examplecorp-staging-552831,staging-platform,Project,2026-05-01T00:00:00Z,2026-06-01T00:00:00Z,2026-05-07T00:00:00Z,2026-05-08T00:00:00Z,Usage,,On-demand query analysis,Usage-Based,89.481375,89.481375,99.42375,89.481375,6.2500000000,5.6250000000,Standard,15.9078,TiB,USD,5.6250000000,89.481375,6.2500000000,USD,15.9078,TiB,BigQuery,Databases,Data Warehouses,SKU-e14c81c3b9dbfe726f5234cc,Analysis,SPRICE-a31e8b202bbc80cffe86259c,"{""x_Edition"":""OnDemand""}",//bigquery.googleapis.com/projects/examplecorp-staging-552831/datasets/ds_1b3998bd,ds_1b3998bd,BigQuery Dataset,europe-west1,Belgium,,,,,,,,,,,"{""environment"":""staging"",""cost-center"":""cc-1042"",""owner"":""team-payments""}"
Google Cloud,Google,Google Cloud,INV-2026-05-F70819,01A2B3-C4D5E6-F70819,ExampleCorp Billing - Primary,Billing Account,examplecorp-sandbox-160942,sandbox-dev,Project,2026-05-01T00:00:00Z,2026-06-01T00:00:00Z,2026-05-01T00:00:00Z,2026-06-01T00:00:00Z,Usage,,Standard storage,Usage-Based,98.462259,98.462259,109.40251,98.462259,0.0200000000,0.0180000000,Standard,5470.1255,GB-Months,USD,0.0180000000,98.462259,0.0200000000,USD,5470.1255,GB-Months,Cloud Storage,Storage,Object Storage,SKU-560ffe175cb39f91c531454c,Storage,SPRICE-3d050702dcbac978cb3acee9,"{""StorageClass"":""Standard""}",//storage.googleapis.com/projects/examplecorp-sandbox-160942/buckets/bucket-1073aeeb,bucket-1073aeeb,Storage Bucket,us-central1,Iowa,,,,,,,,,,,"{""environment"":""staging"",""cost-center"":""cc-2087"",""owner"":""team-data""}"
Google Cloud,Google,Google Cloud,INV-2026-05-A7B8C9,11C2D3-E4F506-A7B8C9,ExampleCorp Billing - Secondary,Billing Account,examplecorp-sandbox-160942,sandbox-dev,Project,2026-05-01T00:00:00Z,2026-06-01T00:00:00Z,2026-05-09T00:00:00Z,2026-05-10T00:00:00Z,Usage,,On-demand query analysis,Usage-Based,262.355625,262.355625,291.50625,262.355625,6.2500000000,5.6250000000,Standard,46.6410,TiB,USD,5.6250000000,262.355625,6.2500000000,USD,46.6410,TiB,BigQuery,Databases,Data Warehouses,SKU-e14c81c3b9dbfe726f5234cc,Analysis,SPRICE-a31e8b202bbc80cffe86259c,"{""x_Edition"":""OnDemand""}",//bigquery.googleapis.com/projects/examplecorp-sandbox-160942/datasets/ds_ce16f249,ds_ce16f249,BigQuery Dataset,europe-west1,Belgium,,,,,,,,,,,"{""environment"":""dev"",""cost-center"":""cc-2087"",""owner"":""team-platform""}"
Google Cloud,Google,Google Cloud,INV-2026-05-A7B8C9,11C2D3-E4F506-A7B8C9,ExampleCorp Billing - Secondary,Billing Account,examplecorp-sandbox-160942,sandbox-dev,Project,2026-05-01T00:00:00Z,2026-06-01T00:00:00Z,2026-05-10T00:00:00Z,2026-05-11T00:00:00Z,Usage,,On-demand query analysis,Usage-Based,215.5370625,215.5370625,239.485625,215.5370625,6.2500000000,5.6250000000,Standard,38.3177,TiB,EUR,5.1750000000,198.2940975,5.7500000000,USD,38.3177,TiB,BigQuery,Databases,Data Warehouses,SKU-4f1f5c17ab1a3bad4c4e9805,Analysis,SPRICE-57264a2421fcc58fe8d66b74,"{""x_Edition"":""OnDemand""}",//bigquery.googleapis.com/projects/examplecorp-sandbox-160942/datasets/ds_546abe5e,ds_546abe5e,BigQuery Dataset,us-central1,Iowa,,,,,,,,,,,"{""environment"":""staging"",""cost-center"":""cc-2087"",""owner"":""team-platform""}"
Google Cloud,Google,Google Cloud,INV-2026-05-A7B8C9,11C2D3-E4F506-A7B8C9,ExampleCorp Billing - Secondary,Billing Account,examplecorp-sandbox-160942,sandbox-dev,Project,2026-05-01T00:00:00Z,2026-06-01T00:00:00Z,2026-05-01T10:00:00Z,2026-05-01T11:00:00Z,Usage,,Cloud Run vCPU allocation,Usage-Based,44.5329091188,44.5329091188,49.481010132,44.5329091188,0.0000240000,0.0000216000,Standard,2061708.7555,Core-Seconds,USD,0.0000216000,44.5329091188,0.0000240000,USD,2061708.7555,Core-Seconds,Cloud Run,Compute,Serverless Compute,SKU-3b45c232fa69d636eca8dc39,Compute,SPRICE-9c404e5e6026ce0b2e5ce800,"{""x_Generation"":""gen2""}",//run.googleapis.com/projects/examplecorp-sandbox-160942/services/svc-7ec809b4,svc-7ec809b4,Cloud Run Service,asia-southeast1,Singapore,,,,,,,,,,,"{""environment"":""staging"",""cost-center"":""cc-1042"",""owner"":""team-payments""}"
Google Cloud,Google,Google Cloud,INV-2026-05-A7B8C9,11C2D3-E4F506-A7B8C9,ExampleCorp Billing - Secondary,Billing Account,examplecorp-prod-481627,prod-platform,Project,2026-05-01T00:00:00Z,2026-06-01T00:00:00Z,2026-05-12T00:00:00Z,2026-05-13T00:00:00Z,Usage,,On-demand query analysis,Usage-Based,132.156,132.156,146.84,132.156,6.2500000000,5.6250000000,Standard,23.4944,TiB,USD,5.6250000000,132.156,6.2500000000,USD,23.4944,TiB,BigQuery,Databases,Data Warehouses,SKU-1607322bfb22b50842e3cc7b,Analysis,SPRICE-4b8dca1b547fed9a03f372f3,"{""x_Edition"":""OnDemand""}",//bigquery.googleapis.com/projects/examplecorp-prod-481627/datasets/ds_92b9ee76,ds_92b9ee76,BigQuery Dataset,asia-southeast1,Singapore,,,,,,,,,,,"{""environment"":""prod"",""cost-center"":""cc-2087"",""owner"":""team-data""}"
Google Cloud,Google,Google Cloud,INV-2026-05-A7B8C9,11C2D3-E4F506-A7B8C9,ExampleCorp Billing - Secondary,Billing Account,examplecorp-staging-552831,staging-platform,Project,2026-05-01T00:00:00Z,2026-06-01T00:00:00Z,2026-05-01T12:00:00Z,2026-05-01T13:00:00Z,Usage,,Cloud Run vCPU allocation,Usage-Based,26.38271077848,26.38271077848,29.3141230872,26.38271077848,0.0000240000,0.0000216000,Standard,1221421.7953,Core-Seconds,USD,0.0000216000,26.38271077848,0.0000240000,USD,1221421.7953,Core-Seconds,Cloud Run,Compute,Serverless Compute,SKU-3b45c232fa69d636eca8dc39,Compute,SPRICE-9c404e5e6026ce0b2e5ce800,"{""x_Generation"":""gen2""}",//run.googleapis.com/projects/examplecorp-staging-552831/services/svc-7738f994,svc-7738f994,Cloud Run Service,asia-southeast1,Singapore,,,,,,,,,,,"{""environment"":""dev"",""cost-center"":""cc-3110"",""owner"":""team-platform""}"
Google Cloud,Google,Google Cloud,INV-2026-05-F70819,01A2B3-C4D5E6-F70819,ExampleCorp Billing - Primary,Billing Account,examplecorp-staging-552831,staging-platform,Project,2026-05-01T00:00:00Z,2026-06-01T00:00:00Z,2026-05-14T00:00:00Z,2026-05-15T00:00:00Z,Usage,,Monitoring data ingested,Usage-Based,14.7775563,14.7775563,16.419507,14.7775563,0.2580000000,0.2322000000,Standard,63.6415,MiB,USD,0.2322000000,14.7775563,0.2580000000,USD,63.6415,MiB,Cloud Monitoring,Management and Governance,Observability,SKU-73cb6d01edef8d38d97bb589,Monitoring,SPRICE-d59530bdf3a44cc1ae1d78ff,"{""x_DataType"":""Metrics""}",//monitoring.googleapis.com/projects/examplecorp-staging-552831/metricsScopes/mon-5cbacac5,mon-5cbacac5,Monitoring Workspace,asia-southeast1,Singapore,,,,,,,,,,,"{""environment"":""dev"",""cost-center"":""cc-2087"",""owner"":""team-payments""}"
Google Cloud,Google,Google Cloud,INV-2026-05-F70819,01A2B3-C4D5E6-F70819,ExampleCorp Billing - Primary,Billing Account,examplecorp-prod-481627,prod-platform,Project,2026-05-01T00:00:00Z,2026-06-01T00:00:00Z,2026-05-01T00:00:00Z,2026-06-01T00:00:00Z,Usage,,Standard storage,Usage-Based,140.6189376,140.6189376,156.243264,140.6189376,0.0200000000,0.0180000000,Standard,7812.1632,GB-Months,USD,0.0180000000,140.6189376,0.0200000000,USD,7812.1632,GB-Months,Cloud Storage,Storage,Object Storage,SKU-560ffe175cb39f91c531454c,Storage,SPRICE-3d050702dcbac978cb3acee9,"{""StorageClass"":""Standard""}",//storage.googleapis.com/projects/examplecorp-prod-481627/buckets/bucket-d80caf34,bucket-d80caf34,Storage Bucket,us-central1,Iowa,,,,,,,,,,,"{""environment"":""prod"",""cost-center"":""cc-3110"",""owner"":""team-payments""}"
Google Cloud,Google,Google Cloud,INV-2026-05-F70819,01A2B3-C4D5E6-F70819,ExampleCorp Billing - Primary,Billing Account,examplecorp-staging-552831,staging-platform,Project,2026-05-01T00:00:00Z,2026-06-01T00:00:00Z,2026-05-16T00:00:00Z,2026-05-17T00:00:00Z,Usage,,Monitoring data ingested,Usage-Based,52.15799466,52.15799466,57.9533274,52.15799466,0.2580000000,0.2322000000,Standard,224.6253,MiB,USD,0.2322000000,52.15799466,0.2580000000,USD,224.6253,MiB,Cloud Monitoring,Management and Governance,Observability,SKU-afe92dda1165fc43abddae34,Monitoring,SPRICE-6d15472be77f7b0846642d52,"{""x_DataType"":""Metrics""}",//monitoring.googleapis.com/projects/examplecorp-staging-552831/metricsScopes/mon-70b91801,mon-70b91801,Monitoring Workspace,europe-west1,Belgium,,,,,,,,,,,"{""environment"":""prod"",""cost-center"":""cc-3110"",""owner"":""team-platform""}"
Google Cloud,Google,Google Cloud,INV-2026-05-F70819,01A2B3-C4D5E6-F70819,ExampleCorp Billing - Primary,Billing Account,examplecorp-data-739104,data-analytics,Project,2026-05-01T00:00:00Z,2026-06-01T00:00:00Z,2026-05-17T00:00:00Z,2026-05-18T00:00:00Z,Usage,,On-demand query analysis,Usage-Based,55.29825,55.29825,61.4425,55.29825,6.2500000000,5.6250000000,Standard,9.8308,TiB,USD,5.6250000000,55.29825,6.2500000000,USD,9.8308,TiB,BigQuery,Databases,Data Warehouses,SKU-1607322bfb22b50842e3cc7b,Analysis,SPRICE-4b8dca1b547fed9a03f372f3,"{""x_Edition"":""OnDemand""}",//bigquery.googleapis.com/projects/examplecorp-data-739104/datasets/ds_d81dadf3,ds_d81dadf3,BigQuery Dataset,asia-southeast1,Singapore,,,,,,,,,,,"{""environment"":""staging"",""cost-center"":""cc-2087"",""owner"":""team-payments""}"
Google Cloud,Google,Google Cloud,INV-2026-05-A7B8C9,11C2D3-E4F506-A7B8C9,ExampleCorp Billing - Secondary,Billing Account,examplecorp-sandbox-160942,sandbox-dev,Project,2026-05-01T00:00:00Z,2026-06-01T00:00:00Z,2026-05-18T00:00:00Z,2026-05-19T00:00:00Z,Usage,,On-demand query analysis,Usage-Based,39.9825,39.9825,44.425,39.9825,6.2500000000,5.6250000000,Standard,7.1080,TiB,USD,5.6250000000,39.9825,6.2500000000,USD,7.1080,TiB,BigQuery,Databases,Data Warehouses,SKU-1607322bfb22b50842e3cc7b,Analysis,SPRICE-4b8dca1b547fed9a03f372f3,"{""x_Edition"":""OnDemand""}",//bigquery.googleapis.com/projects/examplecorp-sandbox-160942/datasets/ds_94ea13f5,ds_94ea13f5,BigQuery Dataset,asia-southeast1,Singapore,,,,,,,,,,,"{""environment"":""dev"",""cost-center"":""cc-3110"",""owner"":""team-payments""}"
Google Cloud,Google,Google Cloud,INV-2026-05-F70819,01A2B3-C4D5E6-F70819,ExampleCorp Billing - Primary,Billing Account,examplecorp-sandbox-160942,sandbox-dev,Project,2026-05-01T00:00:00Z,2026-06-01T00:00:00Z,2026-05-01T18:00:00Z,2026-05-01T19:00:00Z,Purchase,,"Committed Use Discount commitment, amortised for the charge period",Recurring,0.089378,0,0.089378,0.089378,1,1,Standard,0.089378,USD,USD,1.0000000000,0,1.0000000000,USD,,,Compute Engine,Compute,Virtual Machines,SKU-880461744ae7dc6f28c610ff,Commitment,SPRICE-cd10293702748318dd6c7dfd,"{""x_Plan"":""TWELVE_MONTH"",""x_Type"":""COMPUTE_OPTIMIZED""}",//compute.googleapis.com/projects/examplecorp-sandbox-160942/regions/europe-west1/commitments/cud-e1d7a5cbcd,cud-442ba753b3,Committed Use Discount,europe-west1,Belgium,,//compute.googleapis.com/projects/examplecorp-sandbox-160942/regions/europe-west1/commitments/cud-e1d7a5cbcd,SpendBasedCUD-1yr,Spend,Committed Use Discount,,0.089378,USD,,,"{""environment"":""prod"",""cost-center"":""cc-2087"",""owner"":""team-payments""}"
Google Cloud,Google,Google Cloud,INV-2026-05-F70819,01A2B3-C4D5E6-F70819,ExampleCorp Billing - Primary,Billing Account,examplecorp-sandbox-160942,sandbox-dev,Project,2026-05-01T00:00:00Z,2026-06-01T00:00:00Z,2026-05-01T18:00:00Z,2026-05-01T19:00:00Z,Usage,,Compute Engine committed usage,Usage-Based,0,0.089378,0.134,0.1206,0.1340000000,0.1206000000,Committed,1,Hours,USD,0.1206000000,0.089378,0.1340000000,USD,1,Hours,Compute Engine,Compute,Virtual Machines,SKU-1badc439797b2cd5d91eaa22,Compute,SPRICE-0e8670e23a7f9352bf5b81bc,"{""InstanceType"":""e2-standard-4"",""InstanceSeries"":""E2"",""CoreCount"":4,""MemorySize"":16,""OperatingSystem"":""Linux"",""x_Preemptible"":""false""}",//compute.googleapis.com/projects/examplecorp-sandbox-160942/instances/instance-000047d6ca,instance-000047d6ca,Compute Instance,europe-west1,Belgium,europe-west1-b,//compute.googleapis.com/projects/examplecorp-sandbox-160942/regions/europe-west1/commitments/cud-e1d7a5cbcd,SpendBasedCUD-1yr,Spend,Committed Use Discount,Used,0.089378,USD,,,"{""environment"":""dev"",""cost-center"":""cc-1042"",""owner"":""team-platform""}"
Google Cloud,Google,Google Cloud,INV-2026-05-F70819,01A2B3-C4D5E6-F70819,ExampleCorp Billing - Primary,Billing Account,examplecorp-sandbox-160942,sandbox-dev,Project,2026-05-01T00:00:00Z,2026-06-01T00:00:00Z,2026-05-01T19:00:00Z,2026-05-01T20:00:00Z,Purchase,,"Committed Use Discount commitment, amortised for the charge period",Recurring,0.089378,0,0.089378,0.089378,1,1,Standard,0.089378,USD,USD,1.0000000000,0,1.0000000000,USD,,,Compute Engine,Compute,Virtual Machines,SKU-880461744ae7dc6f28c610ff,Commitment,SPRICE-cd10293702748318dd6c7dfd,"{""x_Plan"":""TWELVE_MONTH"",""x_Type"":""COMPUTE_OPTIMIZED""}",//compute.googleapis.com/projects/examplecorp-sandbox-160942/regions/europe-west1/commitments/cud-e1d7a5cbcd,cud-442ba753b3,Committed Use Discount,europe-west1,Belgium,,//compute.googleapis.com/projects/examplecorp-sandbox-160942/regions/europe-west1/commitments/cud-e1d7a5cbcd,SpendBasedCUD-1yr,Spend,Committed Use Discount,,0.089378,USD,,,"{""environment"":""dev"",""cost-center"":""cc-1042"",""owner"":""team-platform""}"
Google Cloud,Google,Google Cloud,INV-2026-05-F70819,01A2B3-C4D5E6-F70819,ExampleCorp Billing - Primary,Billing Account,examplecorp-sandbox-160942,sandbox-dev,Project,2026-05-01T00:00:00Z,2026-06-01T00:00:00Z,2026-05-01T19:00:00Z,2026-05-01T20:00:00Z,Usage,,Compute Engine committed usage,Usage-Based,0,0.089378,0.134,0.1206,0.1340000000,0.1206000000,Committed,1,Hours,USD,0.1206000000,0.089378,0.1340000000,USD,1,Hours,Compute Engine,Compute,Virtual Machines,SKU-1badc439797b2cd5d91eaa22,Compute,SPRICE-0e8670e23a7f9352bf5b81bc,"{""InstanceType"":""e2-standard-4"",""InstanceSeries"":""E2"",""CoreCount"":4,""MemorySize"":16,""OperatingSystem"":""Linux"",""x_Preemptible"":""false""}",//compute.googleapis.com/projects/examplecorp-sandbox-160942/instances/instance-00010dffd3,instance-00010dffd3,Compute Instance,europe-west1,Belgium,europe-west1-b,//compute.googleapis.com/projects/examplecorp-sandbox-160942/regions/europe-west1/commitments/cud-e1d7a5cbcd,SpendBasedCUD-1yr,Spend,Committed Use Discount,Used,0.089378,USD,,,"{""environment"":""prod"",""cost-center"":""cc-2087"",""owner"":""team-data""}"
Google Cloud,Google,Google Cloud,INV-2026-05-F70819,01A2B3-C4D5E6-F70819,ExampleCorp Billing - Primary,Billing Account,examplecorp-sandbox-160942,sandbox-dev,Project,2026-05-01T00:00:00Z,2026-06-01T00:00:00Z,2026-05-01T20:00:00Z,2026-05-01T21:00:00Z,Purchase,,"Committed Use Discount commitment, amortised for the charge period",Recurring,0.089378,0,0.089378,0.089378,1,1,Standard,0.089378,USD,USD,1.0000000000,0,1.0000000000,USD,,,Compute Engine,Compute,Virtual Machines,SKU-880461744ae7dc6f28c610ff,Commitment,SPRICE-cd10293702748318dd6c7dfd,"{""x_Plan"":""TWELVE_MONTH"",""x_Type"":""COMPUTE_OPTIMIZED""}",//compute.googleapis.com/projects/examplecorp-sandbox-160942/regions/europe-west1/commitments/cud-e1d7a5cbcd,cud-442ba753b3,Committed Use Discount,europe-west1,Belgium,,//compute.googleapis.com/projects/examplecorp-sandbox-160942/regions/europe-west1/commitments/cud-e1d7a5cbcd,SpendBasedCUD-1yr,Spend,Committed Use Discount,,0.089378,USD,,,"{""environment"":""dev"",""cost-center"":""cc-2087"",""owner"":""team-platform""}"
Google Cloud,Google,Google Cloud,INV-2026-05-F70819,01A2B3-C4D5E6-F70819,ExampleCorp Billing - Primary,Billing Account,examplecorp-sandbox-160942,sandbox-dev,Project,2026-05-01T00:00:00Z,2026-06-01T00:00:00Z,2026-05-01T20:00:00Z,2026-05-01T21:00:00Z,Usage,,Compute Engine committed usage,Usage-Based,0,0.089378,0.134,0.1206,0.1340000000,0.1206000000,Committed,1,Hours,USD,0.1206000000,0.089378,0.1340000000,USD,1,Hours,Compute Engine,Compute,Virtual Machines,SKU-1badc439797b2cd5d91eaa22,Compute,SPRICE-0e8670e23a7f9352bf5b81bc,"{""InstanceType"":""e2-standard-4"",""InstanceSeries"":""E2"",""CoreCount"":4,""MemorySize"":16,""OperatingSystem"":""Linux"",""x_Preemptible"":""false""}",//compute.googleapis.com/projects/examplecorp-sandbox-160942/instances/instance-0002de2f9a,instance-0002de2f9a,Compute Instance,europe-west1,Belgium,europe-west1-b,//compute.googleapis.com/projects/examplecorp-sandbox-160942/regions/europe-west1/commitments/cud-e1d7a5cbcd,SpendBasedCUD-1yr,Spend,Committed Use Discount,Used,0.089378,USD,,,"{""environment"":""staging"",""cost-center"":""cc-1042"",""owner"":""team-payments""}"
Google Cloud,Google,Google Cloud,INV-2026-05-F70819,01A2B3-C4D5E6-F70819,ExampleCorp Billing - Primary,Billing Account,examplecorp-sandbox-160942,sandbox-dev,Project,2026-05-01T00:00:00Z,2026-06-01T00:00:00Z,2026-05-01T21:00:00Z,2026-05-01T22:00:00Z,Purchase,,"Committed Use Discount commitment, amortised for the charge period",Recurring,0.089378,0,0.089378,0.089378,1,1,Standard,0.089378,USD,USD,1.0000000000,0,1.0000000000,USD,,,Compute Engine,Compute,Virtual Machines,SKU-880461744ae7dc6f28c610ff,Commitment,SPRICE-cd10293702748318dd6c7dfd,"{""x_Plan"":""TWELVE_MONTH"",""x_Type"":""COMPUTE_OPTIMIZED""}",//compute.googleapis.com/projects/examplecorp-sandbox-160942/regions/europe-west1/commitments/cud-e1d7a5cbcd,cud-442ba753b3,Committed Use Discount,europe-west1,Belgium,,//compute.googleapis.com/projects/examplecorp-sandbox-160942/regions/europe-west1/commitments/cud-e1d7a5cbcd,SpendBasedCUD-1yr,Spend,Committed Use Discount,,0.089378,USD,,,"{""environment"":""prod"",""cost-center"":""cc-3110"",""owner"":""team-platform""}"
Google Cloud,Google,Google Cloud,INV-2026-05-F70819,01A2B3-C4D5E6-F70819,ExampleCorp Billing - Primary,Billing Account,examplecorp-sandbox-160942,sandbox-dev,Project,2026-05-01T00:00:00Z,2026-06-01T00:00:00Z,2026-05-01T21:00:00Z,2026-05-01T22:00:00Z,Usage,,Compute Engine committed usage,Usage-Based,0,0.089378,0.134,0.1206,0.1340000000,0.1206000000,Committed,1,Hours,USD,0.1206000000,0.089378,0.1340000000,USD,1,Hours,Compute Engine,Compute,Virtual Machines,SKU-1badc439797b2cd5d91eaa22,Compute,SPRICE-0e8670e23a7f9352bf5b81bc,"{""InstanceType"":""e2-standard-4"",""InstanceSeries"":""E2"",""CoreCount"":4,""MemorySize"":16,""OperatingSystem"":""Linux"",""x_Preemptible"":""false""}",//compute.googleapis.com/projects/examplecorp-sandbox-160942/instances/instance-0003d01aaa,instance-0003d01aaa,Compute Instance,europe-west1,Belgium,europe-west1-b,//compute.googleapis.com/projects/examplecorp-sandbox-160942/regions/europe-west1/commitments/cud-e1d7a5cbcd,SpendBasedCUD-1yr,Spend,Committed Use Discount,Used,0.089378,USD,,,"{""environment"":""dev"",""cost-center"":""cc-3110"",""owner"":""team-payments""}"
Google Cloud,Google,Google Cloud,INV-2026-05-F70819,01A2B3-C4D5E6-F70819,ExampleCorp Billing - Primary,Billing Account,examplecorp-sandbox-160942,sandbox-dev,Project,2026-05-01T00:00:00Z,2026-06-01T00:00:00Z,2026-05-01T22:00:00Z,2026-05-01T23:00:00Z,Purchase,,"Committed Use Discount commitment, amortised for the charge period",Recurring,0.089378,0,0.089378,0.089378,1,1,Standard,0.089378,USD,USD,1.0000000000,0,1.0000000000,USD,,,Compute Engine,Compute,Virtual Machines,SKU-880461744ae7dc6f28c610ff,Commitment,SPRICE-cd10293702748318dd6c7dfd,"{""x_Plan"":""TWELVE_MONTH"",""x_Type"":""COMPUTE_OPTIMIZED""}",//compute.googleapis.com/projects/examplecorp-sandbox-160942/regions/europe-west1/commitments/cud-e1d7a5cbcd,cud-442ba753b3,Committed Use Discount,europe-west1,Belgium,,//compute.googleapis.com/projects/examplecorp-sandbox-160942/regions/europe-west1/commitments/cud-e1d7a5cbcd,SpendBasedCUD-1yr,Spend,Committed Use Discount,,0.089378,USD,,,"{""environment"":""prod"",""cost-center"":""cc-1042"",""owner"":""team-data""}"
Google Cloud,Google,Google Cloud,INV-2026-05-F70819,01A2B3-C4D5E6-F70819,ExampleCorp Billing - Primary,Billing Account,examplecorp-sandbox-160942,sandbox-dev,Project,2026-05-01T00:00:00Z,2026-06-01T00:00:00Z,2026-05-01T22:00:00Z,2026-05-01T23:00:00Z,Usage,,Compute Engine committed usage,Usage-Based,0,0.089378,0.134,0.1206,0.1340000000,0.1206000000,Committed,1,Hours,USD,0.1206000000,0.089378,0.1340000000,USD,1,Hours,Compute Engine,Compute,Virtual Machines,SKU-1badc439797b2cd5d91eaa22,Compute,SPRICE-0e8670e23a7f9352bf5b81bc,"{""InstanceType"":""e2-standard-4"",""InstanceSeries"":""E2"",""CoreCount"":4,""MemorySize"":16,""OperatingSystem"":""Linux"",""x_Preemptible"":""false""}",//compute.googleapis.com/projects/examplecorp-sandbox-160942/instances/instance-0004fb962d,instance-0004fb962d,Compute Instance,europe-west1,Belgium,europe-west1-b,//compute.googleapis.com/projects/examplecorp-sandbox-160942/regions/europe-west1/commitments/cud-e1d7a5cbcd,SpendBasedCUD-1yr,Spend,Committed Use Discount,Used,0.089378,USD,,,"{""environment"":""dev"",""cost-center"":""cc-1042"",""owner"":""team-payments""}"
Google Cloud,Google,Google Cloud,INV-2026-05-F70819,01A2B3-C4D5E6-F70819,ExampleCorp Billing - Primary,Billing Account,examplecorp-sandbox-160942,sandbox-dev,Project,2026-05-01T00:00:00Z,2026-06-01T00:00:00Z,2026-05-01T23:00:00Z,2026-05-02T00:00:00Z,Purchase,,"Committed Use Discount commitment, amortised for the charge period",Recurring,0.089378,0,0.089378,0.089378,1,1,Standard,0.089378,USD,USD,1.0000000000,0,1.0000000000,USD,,,Compute Engine,Compute,Virtual Machines,SKU-880461744ae7dc6f28c610ff,Commitment,SPRICE-cd10293702748318dd6c7dfd,"{""x_Plan"":""TWELVE_MONTH"",""x_Type"":""COMPUTE_OPTIMIZED""}",//compute.googleapis.com/projects/examplecorp-sandbox-160942/regions/europe-west1/commitments/cud-e1d7a5cbcd,cud-442ba753b3,Committed Use Discount,europe-west1,Belgium,,//compute.googleapis.com/projects/examplecorp-sandbox-160942/regions/europe-west1/commitments/cud-e1d7a5cbcd,SpendBasedCUD-1yr,Spend,Committed Use Discount,,0.089378,USD,,,"{""environment"":""staging"",""cost-center"":""cc-2087"",""owner"":""team-platform""}"
Google Cloud,Google,Google Cloud,INV-2026-05-F70819,01A2B3-C4D5E6-F70819,ExampleCorp Billing - Primary,Billing Account,examplecorp-sandbox-160942,sandbox-dev,Project,2026-05-01T00:00:00Z,2026-06-01T00:00:00Z,2026-05-01T23:00:00Z,2026-05-02T00:00:00Z,Usage,,Committed Use Discount unused commitment,Usage-Based,0,0.089378,0.089378,0.089378,1,1,Committed,0.089378,USD,USD,1.0000000000,0.089378,1.0000000000,USD,,,Compute Engine,Compute,Virtual Machines,SKU-880461744ae7dc6f28c610ff,Commitment,SPRICE-cd10293702748318dd6c7dfd,"{""x_Plan"":""TWELVE_MONTH"",""x_Type"":""COMPUTE_OPTIMIZED""}",//compute.googleapis.com/projects/examplecorp-sandbox-160942/regions/europe-west1/commitments/cud-e1d7a5cbcd,cud-442ba753b3,Committed Use Discount,europe-west1,Belgium,,//compute.googleapis.com/projects/examplecorp-sandbox-160942/regions/europe-west1/commitments/cud-e1d7a5cbcd,SpendBasedCUD-1yr,Spend,Committed Use Discount,Unused,0.089378,USD,,,"{""environment"":""prod"",""cost-center"":""cc-2087"",""owner"":""team-platform""}"
Google Cloud,Google,Google Cloud,INV-2026-05-F70819,01A2B3-C4D5E6-F70819,ExampleCorp Billing - Primary,Billing Account,examplecorp-sandbox-160942,sandbox-dev,Project,2026-05-01T00:00:00Z,2026-06-01T00:00:00Z,2026-05-02T00:00:00Z,2026-05-02T01:00:00Z,Purchase,,"Committed Use Discount commitment, amortised for the charge period",Recurring,0.089378,0,0.089378,0.089378,1,1,Standard,0.089378,USD,USD,1.0000000000,0,1.0000000000,USD,,,Compute Engine,Compute,Virtual Machines,SKU-880461744ae7dc6f28c610ff,Commitment,SPRICE-cd10293702748318dd6c7dfd,"{""x_Plan"":""TWELVE_MONTH"",""x_Type"":""COMPUTE_OPTIMIZED""}",//compute.googleapis.com/projects/examplecorp-sandbox-160942/regions/europe-west1/commitments/cud-e1d7a5cbcd,cud-442ba753b3,Committed Use Discount,europe-west1,Belgium,,//compute.googleapis.com/projects/examplecorp-sandbox-160942/regions/europe-west1/commitments/cud-e1d7a5cbcd,SpendBasedCUD-1yr,Spend,Committed Use Discount,,0.089378,USD,,,"{""environment"":""prod"",""cost-center"":""cc-2087"",""owner"":""team-platform""}"
Google Cloud,Google,Google Cloud,INV-2026-05-F70819,01A2B3-C4D5E6-F70819,ExampleCorp Billing - Primary,Billing Account,examplecorp-sandbox-160942,sandbox-dev,Project,2026-05-01T00:00:00Z,2026-06-01T00:00:00Z,2026-05-02T00:00:00Z,2026-05-02T01:00:00Z,Usage,,Committed Use Discount unused commitment,Usage-Based,0,0.089378,0.089378,0.089378,1,1,Committed,0.089378,USD,USD,1.0000000000,0.089378,1.0000000000,USD,,,Compute Engine,Compute,Virtual Machines,SKU-880461744ae7dc6f28c610ff,Commitment,SPRICE-cd10293702748318dd6c7dfd,"{""x_Plan"":""TWELVE_MONTH"",""x_Type"":""COMPUTE_OPTIMIZED""}",//compute.googleapis.com/projects/examplecorp-sandbox-160942/regions/europe-west1/commitments/cud-e1d7a5cbcd,cud-442ba753b3,Committed Use Discount,europe-west1,Belgium,,//compute.googleapis.com/projects/examplecorp-sandbox-160942/regions/europe-west1/commitments/cud-e1d7a5cbcd,SpendBasedCUD-1yr,Spend,Committed Use Discount,Unused,0.089378,USD,,,"{""environment"":""staging"",""cost-center"":""cc-3110"",""owner"":""team-platform""}"
Google Cloud,Google,Google Cloud,INV-2026-05-F70819,01A2B3-C4D5E6-F70819,ExampleCorp Billing - Primary,Billing Account,examplecorp-sandbox-160942,sandbox-dev,Project,2026-05-01T00:00:00Z,2026-06-01T00:00:00Z,2026-05-02T01:00:00Z,2026-05-02T02:00:00Z,Purchase,,"Committed Use Discount commitment, amortised for the charge period",Recurring,0.089378,0,0.089378,0.089378,1,1,Standard,0.089378,USD,USD,1.0000000000,0,1.0000000000,USD,,,Compute Engine,Compute,Virtual Machines,SKU-880461744ae7dc6f28c610ff,Commitment,SPRICE-cd10293702748318dd6c7dfd,"{""x_Plan"":""TWELVE_MONTH"",""x_Type"":""COMPUTE_OPTIMIZED""}",//compute.googleapis.com/projects/examplecorp-sandbox-160942/regions/europe-west1/commitments/cud-e1d7a5cbcd,cud-442ba753b3,Committed Use Discount,europe-west1,Belgium,,//compute.googleapis.com/projects/examplecorp-sandbox-160942/regions/europe-west1/commitments/cud-e1d7a5cbcd,SpendBasedCUD-1yr,Spend,Committed Use Discount,,0.089378,USD,,,"{""environment"":""prod"",""cost-center"":""cc-1042"",""owner"":""team-platform""}"
Google Cloud,Google,Google Cloud,INV-2026-05-F70819,01A2B3-C4D5E6-F70819,ExampleCorp Billing - Primary,Billing Account,examplecorp-sandbox-160942,sandbox-dev,Project,2026-05-01T00:00:00Z,2026-06-01T00:00:00Z,2026-05-02T01:00:00Z,2026-05-02T02:00:00Z,Usage,,Committed Use Discount unused commitment,Usage-Based,0,0.089378,0.089378,0.089378,1,1,Committed,0.089378,USD,USD,1.0000000000,0.089378,1.0000000000,USD,,,Compute Engine,Compute,Virtual Machines,SKU-880461744ae7dc6f28c610ff,Commitment,SPRICE-cd10293702748318dd6c7dfd,"{""x_Plan"":""TWELVE_MONTH"",""x_Type"":""COMPUTE_OPTIMIZED""}",//compute.googleapis.com/projects/examplecorp-sandbox-160942/regions/europe-west1/commitments/cud-e1d7a5cbcd,cud-442ba753b3,Committed Use Discount,europe-west1,Belgium,,//compute.googleapis.com/projects/examplecorp-sandbox-160942/regions/europe-west1/commitments/cud-e1d7a5cbcd,SpendBasedCUD-1yr,Spend,Committed Use Discount,Unused,0.089378,USD,,,"{""environment"":""prod"",""cost-center"":""cc-1042"",""owner"":""team-payments""}"
Google Cloud,Google,Google Cloud,INV-2026-05-F70819,01A2B3-C4D5E6-F70819,ExampleCorp Billing - Primary,Billing Account,examplecorp-staging-552831,staging-platform,Project,2026-05-01T00:00:00Z,2026-06-01T00:00:00Z,2026-05-02T10:00:00Z,2026-05-02T11:00:00Z,Usage,,e2-standard-4 running,Usage-Based,0.1206,0.1206,0.134,0.1206,0.1340000000,0.1206000000,Standard,1.0000,Hours,EUR,0.1109520000,0.110952,0.1232800000,USD,1.0000,Hours,Compute Engine,Compute,Virtual Machines,SKU-1f3d031b6a456d700dc64bbb,Compute,SPRICE-dfe18e8231e835adf4e8fecb,"{""InstanceType"":""e2-standard-4"",""InstanceSeries"":""E2"",""CoreCount"":4,""MemorySize"":16,""OperatingSystem"":""Linux"",""x_Preemptible"":""false""}",//compute.googleapis.com/projects/examplecorp-staging-552831/instances/instance-e6fe6c86,instance-e6fe6c86,Compute Instance,asia-southeast1,Singapore,asia-southeast1-a,,,,,,,,,,"{""environment"":""dev"",""cost-center"":""cc-1042"",""owner"":""team-data""}"
Google Cloud,Google,Google Cloud,INV-2026-05-A7B8C9,11C2D3-E4F506-A7B8C9,ExampleCorp Billing - Secondary,Billing Account,examplecorp-data-739104,data-analytics,Project,2026-05-01T00:00:00Z,2026-06-01T00:00:00Z,2026-05-02T11:00:00Z,2026-05-02T12:00:00Z,Usage,,Cloud SQL custom 4 vCPU,Usage-Based,0.18,0.18,0.2,0.18,0.2000000000,0.1800000000,Standard,1.0000,Hours,USD,0.1800000000,0.18,0.2000000000,USD,1.0000,Hours,Cloud SQL,Databases,Relational Databases,SKU-0878e8a79fb464dcb2955125,Database,SPRICE-252613603489dea350c5ac8d,"{""InstanceType"":""db-custom-4-16384"",""CoreCount"":4,""MemorySize"":16,""x_Engine"":""PostgreSQL""}",//sqladmin.googleapis.com/projects/examplecorp-data-739104/instances/sql-4d8148f5,sql-4d8148f5,Cloud SQL Instance,europe-west1,Belgium,,,,,,,,,,,"{""environment"":""staging"",""cost-center"":""cc-1042"",""owner"":""team-data""}"
Google Cloud,Google,Google Cloud,INV-2026-05-A7B8C9,11C2D3-E4F506-A7B8C9,ExampleCorp Billing - Secondary,Billing Account,examplecorp-prod-481627,prod-platform,Project,2026-05-01T00:00:00Z,2026-06-01T00:00:00Z,2026-05-02T12:00:00Z,2026-05-02T13:00:00Z,Usage,,e2-standard-4 running,Usage-Based,0.1206,0.1206,0.134,0.1206,0.1340000000,0.1206000000,Standard,1.0000,Hours,USD,0.1206000000,0.1206,0.1340000000,USD,1.0000,Hours,Compute Engine,Compute,Virtual Machines,SKU-1badc439797b2cd5d91eaa22,Compute,SPRICE-0e8670e23a7f9352bf5b81bc,"{""InstanceType"":""e2-standard-4"",""InstanceSeries"":""E2"",""CoreCount"":4,""MemorySize"":16,""OperatingSystem"":""Linux"",""x_Preemptible"":""false""}",//compute.googleapis.com/projects/examplecorp-prod-481627/instances/instance-b430c431,instance-b430c431,Compute Instance,europe-west1,Belgium,europe-west1-c,,,,,,,,,,"{""environment"":""dev"",""cost-center"":""cc-3110"",""owner"":""team-payments""}"
Google Cloud,Google,Google Cloud,INV-2026-05-A7B8C9,11C2D3-E4F506-A7B8C9,ExampleCorp Billing - Secondary,Billing Account,examplecorp-sandbox-160942,sandbox-dev,Project,2026-05-01T00:00:00Z,2026-06-01T00:00:00Z,2026-05-10T00:00:00Z,2026-05-11T00:00:00Z,Purchase,,Compute Engine subscription fee,Recurring,773.55,773.55,773.55,773.55,773.55,773.55,Standard,1,Units,USD,773.5500000000,773.55,773.5500000000,USD,,,Compute Engine,Compute,Virtual Machines,SKU-dd27b0473c4b74f272c4078f,Subscription,SPRICE-0d4599b9f9ddf68fe43a1d13,"{""x_ChargeType"": ""SubscriptionFee""}",//compute.googleapis.com/projects/examplecorp-sandbox-160942/instances/instance-f6280ffc,instance-f6280ffc,Compute Instance,us-east1,South Carolina,,,,,,,,,,,"{""environment"":""dev"",""cost-center"":""cc-3110"",""owner"":""team-payments""}"
Google Cloud,Google,Google Cloud,INV-2026-05-A7B8C9,11C2D3-E4F506-A7B8C9,ExampleCorp Billing - Secondary,Billing Account,examplecorp-sandbox-160942,sandbox-dev,Project,2026-05-01T00:00:00Z,2026-06-01T00:00:00Z,2026-05-01T10:00:00Z,2026-05-01T11:00:00Z,Tax,,Synthetic tax 10% on usage record 11: Cloud Run,One-Time,4.45329091188,4.45329091188,4.9481010132,4.45329091188,,,,,,USD,,4.45329091188,,USD,,,Cloud Run,Compute,Serverless Compute,,,,,,,,,,,,,,,,,,,,"{""environment"":""staging"",""cost-center"":""cc-1042"",""owner"":""team-payments""}"
Google Cloud,Google,Google Cloud,INV-2026-05-A7B8C9,11C2D3-E4F506-A7B8C9,ExampleCorp Billing - Secondary,Billing Account,examplecorp-data-739104,data-analytics,Project,2026-05-01T00:00:00Z,2026-06-01T00:00:00Z,2026-05-12T00:00:00Z,2026-05-13T00:00:00Z,Purchase,,Cloud Monitoring subscription fee,Recurring,339.71,339.71,339.71,339.71,339.71,339.71,Standard,1,Units,USD,339.7100000000,339.71,339.7100000000,USD,,,Cloud Monitoring,Management and Governance,Observability,SKU-2202f5696da25e464f07d651,Subscription,SPRICE-11b44bd812a83257c6dfaec5,"{""x_ChargeType"": ""SubscriptionFee""}",//monitoring.googleapis.com/projects/examplecorp-data-739104/metricsScopes/mon-9ac0fc78,mon-9ac0fc78,Monitoring Workspace,europe-west1,Belgium,,,,,,,,,,,"{""environment"":""staging"",""cost-center"":""cc-3110"",""owner"":""team-data""}"
Google Cloud,Google,Google Cloud,INV-2026-05-F70819,01A2B3-C4D5E6-F70819,ExampleCorp Billing - Primary,Billing Account,examplecorp-prod-481627,prod-platform,Project,2026-05-01T00:00:00Z,2026-06-01T00:00:00Z,2026-05-02T16:00:00Z,2026-05-02T17:00:00Z,Usage,,Cloud SQL custom 4 vCPU,Usage-Based,0.18,0.18,0.2,0.18,0.2000000000,0.1800000000,Standard,1.0000,Hours,USD,0.1800000000,0.18,0.2000000000,USD,1.0000,Hours,Cloud SQL,Databases,Relational Databases,SKU-5a84ed2775b50d245d6fae1f,Database,SPRICE-df6d9a619dcef43326a41589,"{""InstanceType"":""db-custom-4-16384"",""CoreCount"":4,""MemorySize"":16,""x_Engine"":""PostgreSQL""}",//sqladmin.googleapis.com/projects/examplecorp-prod-481627/instances/sql-b4f06367,sql-b4f06367,Cloud SQL Instance,asia-southeast1,Singapore,,,,,,,,,,,"{""environment"":""staging"",""cost-center"":""cc-2087"",""owner"":""team-data""}"
Google Cloud,Google,Google Cloud,INV-2026-05-F70819,01A2B3-C4D5E6-F70819,ExampleCorp Billing - Primary,Billing Account,examplecorp-prod-481627,prod-platform,Project,2026-05-01T00:00:00Z,2026-06-01T00:00:00Z,2026-05-02T17:00:00Z,2026-05-02T18:00:00Z,Usage,,e2-standard-4 running,Usage-Based,0.1206,0.1206,0.134,0.1206,0.1340000000,0.1206000000,Standard,1.0000,Hours,USD,0.1206000000,0.1206,0.1340000000,USD,1.0000,Hours,Compute Engine,Compute,Virtual Machines,SKU-1badc439797b2cd5d91eaa22,Compute,SPRICE-0e8670e23a7f9352bf5b81bc,"{""InstanceType"":""e2-standard-4"",""InstanceSeries"":""E2"",""CoreCount"":4,""MemorySize"":16,""OperatingSystem"":""Linux"",""x_Preemptible"":""false""}",//compute.googleapis.com/projects/examplecorp-prod-481627/instances/instance-85937009,instance-85937009,Compute Instance,europe-west1,Belgium,europe-west1-b,,,,,,,,,,"{""environment"":""prod"",""cost-center"":""cc-1042"",""owner"":""team-platform""}"
Google Cloud,Google,Google Cloud,INV-2026-05-A7B8C9,11C2D3-E4F506-A7B8C9,ExampleCorp Billing - Secondary,Billing Account,examplecorp-staging-552831,staging-platform,Project,2026-05-01T00:00:00Z,2026-06-01T00:00:00Z,2026-05-02T18:00:00Z,2026-05-02T19:00:00Z,Usage,,Cloud SQL custom 4 vCPU,Usage-Based,0.18,0.18,0.2,0.18,0.2000000000,0.1800000000,Standard,1.0000,Hours,USD,0.1800000000,0.18,0.2000000000,USD,1.0000,Hours,Cloud SQL,Databases,Relational Databases,SKU-5a84ed2775b50d245d6fae1f,Database,SPRICE-df6d9a619dcef43326a41589,"{""InstanceType"":""db-custom-4-16384"",""CoreCount"":4,""MemorySize"":16,""x_Engine"":""PostgreSQL""}",//sqladmin.googleapis.com/projects/examplecorp-staging-552831/instances/sql-a7b15ed3,sql-a7b15ed3,Cloud SQL Instance,asia-southeast1,Singapore,,,,,,,,,,,"{""environment"":""dev"",""cost-center"":""cc-1042"",""owner"":""team-platform""}"
Google Cloud,Google,Google Cloud,INV-2026-05-A7B8C9,11C2D3-E4F506-A7B8C9,ExampleCorp Billing - Secondary,Billing Account,examplecorp-data-739104,data-analytics,Project,2026-05-01T00:00:00Z,2026-06-01T00:00:00Z,2026-05-02T19:00:00Z,2026-05-02T20:00:00Z,Usage,,Cloud Run vCPU allocation,Usage-Based,26.04785125968,26.04785125968,28.9420569552,26.04785125968,0.0000240000,0.0000216000,Standard,1205919.0398,Core-Seconds,EUR,0.0000198720,23.9640231589056,0.0000220800,USD,1205919.0398,Core-Seconds,Cloud Run,Compute,Serverless Compute,SKU-3b45c232fa69d636eca8dc39,Compute,SPRICE-b7e18340ad1f399738d1a9f2,"{""x_Generation"":""gen2""}",//run.googleapis.com/projects/examplecorp-data-739104/services/svc-00fec384,svc-00fec384,Cloud Run Service,asia-southeast1,Singapore,,,,,,,,,,,"{""environment"":""prod"",""cost-center"":""cc-1042"",""owner"":""team-platform""}"
Google Cloud,Google,Google Cloud,INV-2026-05-F70819,01A2B3-C4D5E6-F70819,ExampleCorp Billing - Primary,Billing Account,examplecorp-data-739104,data-analytics,Project,2026-05-01T00:00:00Z,2026-06-01T00:00:00Z,2026-05-02T20:00:00Z,2026-05-02T21:00:00Z,Usage,,e2-standard-4 running,Usage-Based,0.1206,0.1206,0.134,0.1206,0.1340000000,0.1206000000,Standard,1.0000,Hours,USD,0.1206000000,0.1206,0.1340000000,USD,1.0000,Hours,Compute Engine,Compute,Virtual Machines,SKU-1f3d031b6a456d700dc64bbb,Compute,SPRICE-d8c574633874898080639a0f,"{""InstanceType"":""e2-standard-4"",""InstanceSeries"":""E2"",""CoreCount"":4,""MemorySize"":16,""OperatingSystem"":""Linux"",""x_Preemptible"":""false""}",//compute.googleapis.com/projects/examplecorp-data-739104/instances/instance-429ceec6,instance-429ceec6,Compute Instance,asia-southeast1,Singapore,asia-southeast1-b,,,,,,,,,,"{""environment"":""dev"",""cost-center"":""cc-1042"",""owner"":""team-data""}"
Google Cloud,Google,Google Cloud,INV-2026-05-F70819,01A2B3-C4D5E6-F70819,ExampleCorp Billing - Primary,Billing Account,examplecorp-prod-481627,prod-platform,Project,2026-05-01T00:00:00Z,2026-06-01T00:00:00Z,2026-05-18T00:00:00Z,2026-05-19T00:00:00Z,Usage,,Monitoring data ingested,Usage-Based,46.6266888,46.6266888,51.807432,46.6266888,0.2580000000,0.2322000000,Standard,200.8040,MiB,USD,0.2322000000,46.6266888,0.2580000000,USD,200.8040,MiB,Cloud Monitoring,Management and Governance,Observability,SKU-73cb6d01edef8d38d97bb589,Monitoring,SPRICE-d59530bdf3a44cc1ae1d78ff,"{""x_DataType"":""Metrics""}",//monitoring.googleapis.com/projects/examplecorp-prod-481627/metricsScopes/mon-a996f4ef,mon-a996f4ef,Monitoring Workspace,asia-southeast1,Singapore,,,,,,,,,,,"{""environment"":""prod"",""cost-center"":""cc-1042"",""owner"":""team-data""}"
Google Cloud,Google,Google Cloud,INV-2026-05-A7B8C9,11C2D3-E4F506-A7B8C9,ExampleCorp Billing - Secondary,Billing Account,examplecorp-staging-552831,staging-platform,Project,2026-05-01T00:00:00Z,2026-06-01T00:00:00Z,2026-05-19T00:00:00Z,2026-05-20T00:00:00Z,Purchase,,BigQuery subscription fee,Recurring,144.29,144.29,144.29,144.29,144.29,144.29,Standard,1,Units,USD,144.2900000000,144.29,144.2900000000,USD,,,BigQuery,Databases,Data Warehouses,SKU-4aa511258207dbaf59ac56ca,Subscription,SPRICE-4af7ea22dbe00961d2ea1942,"{""x_ChargeType"": ""SubscriptionFee""}",//bigquery.googleapis.com/projects/examplecorp-staging-552831/datasets/ds_70f055d6,ds_70f055d6,BigQuery Dataset,asia-southeast1,Singapore,,,,,,,,,,,"{""environment"":""dev"",""cost-center"":""cc-1042"",""owner"":""team-payments""}"
Google Cloud,Google,Google Cloud,INV-2026-05-F70819,01A2B3-C4D5E6-F70819,ExampleCorp Billing - Primary,Billing Account,examplecorp-sandbox-160942,sandbox-dev,Project,2026-05-01T00:00:00Z,2026-06-01T00:00:00Z,2026-05-02T23:00:00Z,2026-05-03T00:00:00Z,Usage,,GKE node pool hours,Usage-Based,0.1206,0.1206,0.134,0.1206,0.1340000000,0.1206000000,Standard,1.0000,Hours,USD,0.1206000000,0.1206,0.1340000000,USD,1.0000,Hours,Google Kubernetes Engine,Compute,Containers,SKU-95bb96cc0ee68cb652bab2e4,Compute,SPRICE-f0da7e1b00708ea0f5356a96,"{""InstanceType"":""e2-standard-4"",""CoreCount"":4,""MemorySize"":16,""x_NodePool"":""default""}",//container.googleapis.com/projects/examplecorp-sandbox-160942/clusters/gke-42298fd7,gke-42298fd7,GKE Cluster,europe-west1,Belgium,,,,,,,,,,,"{""environment"":""dev"",""cost-center"":""cc-2087"",""owner"":""team-data""}"
Google Cloud,Google,Google Cloud,INV-2026-05-F70819,01A2B3-C4D5E6-F70819,ExampleCorp Billing - Primary,Billing Account,examplecorp-staging-552831,staging-platform,Project,2026-05-01T00:00:00Z,2026-06-01T00:00:00Z,2026-05-21T00:00:00Z,2026-05-22T00:00:00Z,Purchase,,Cloud Functions subscription fee,Recurring,662.29,662.29,662.29,662.29,662.29,662.29,Standard,1,Units,USD,662.2900000000,662.29,662.2900000000,USD,,,Cloud Functions,Compute,Serverless Compute,SKU-85cacc907452edc75004cf26,Subscription,SPRICE-43241618c34c810f5d37680e,"{""x_ChargeType"": ""SubscriptionFee""}",//cloudfunctions.googleapis.com/projects/examplecorp-staging-552831/functions/fn-b173e944,fn-b173e944,Cloud Function,europe-west1,Belgium,,,,,,,,,,,"{""environment"":""dev"",""cost-center"":""cc-2087"",""owner"":""team-data""}"
Google Cloud,Google,Google Cloud,INV-2026-05-F70819,01A2B3-C4D5E6-F70819,ExampleCorp Billing - Primary,Billing Account,examplecorp-data-739104,data-analytics,Project,2026-05-01T00:00:00Z,2026-06-01T00:00:00Z,2026-05-03T01:00:00Z,2026-05-03T02:00:00Z,Usage,,Function execution duration,Usage-Based,10.33041285315,10.33041285315,11.4782365035,10.33041285315,0.0000025000,0.0000022500,Standard,4591294.6014,GB-Seconds,USD,0.0000022500,10.33041285315,0.0000025000,USD,4591294.6014,GB-Seconds,Cloud Functions,Compute,Serverless Compute,SKU-eb71d7502d67eb15645ae724,Compute,SPRICE-29314eddd725ec87d1767584,"{""x_Runtime"":""python312"",""x_Generation"":""gen2""}",//cloudfunctions.googleapis.com/projects/examplecorp-data-739104/functions/fn-b2313d20,fn-b2313d20,Cloud Function,asia-southeast1,Singapore,,,,,,,,,,,"{""environment"":""staging"",""cost-center"":""cc-1042"",""owner"":""team-platform""}"
Google Cloud,Google,Google Cloud,INV-2026-05-A7B8C9,11C2D3-E4F506-A7B8C9,ExampleCorp Billing - Secondary,Billing Account,examplecorp-staging-552831,staging-platform,Project,2026-05-01T00:00:00Z,2026-06-01T00:00:00Z,2026-05-03T02:00:00Z,2026-05-03T03:00:00Z,Usage,,Cloud Run vCPU allocation,Usage-Based,21.58208681328,21.58208681328,23.9800964592,21.58208681328,0.0000240000,0.0000216000,Standard,999170.6858,Core-Seconds,USD,0.0000216000,21.58208681328,0.0000240000,USD,999170.6858,Core-Seconds,Cloud Run,Compute,Serverless Compute,SKU-0828b68f352ea8761f8e1993,Compute,SPRICE-939cc729025fe8682a0f43e3,"{""x_Generation"":""gen2""}",//run.googleapis.com/projects/examplecorp-staging-552831/services/svc-2c410661,svc-2c410661,Cloud Run Service,europe-west1,Belgium,,,,,,,,,,,"{""environment"":""prod"",""cost-center"":""cc-2087"",""owner"":""team-data""}"
Google Cloud,Google,Google Cloud,INV-2026-05-A7B8C9,11C2D3-E4F506-A7B8C9,ExampleCorp Billing - Secondary,Billing Account,examplecorp-prod-481627,prod-platform,Project,2026-05-01T00:00:00Z,2026-06-01T00:00:00Z,2026-05-01T00:00:00Z,2026-06-01T00:00:00Z,Usage,,Standard storage,Usage-Based,99.8511102,99.8511102,110.945678,99.8511102,0.0200000000,0.0180000000,Standard,5547.2839,GB-Months,USD,0.0180000000,99.8511102,0.0200000000,USD,5547.2839,GB-Months,Cloud Storage,Storage,Object Storage,SKU-8b457763f3438a2efc35839d,Storage,SPRICE-e9607b4aba6714ae0874493f,"{""StorageClass"":""Standard""}",//storage.googleapis.com/projects/examplecorp-prod-481627/buckets/bucket-1be47731,bucket-1be47731,Storage Bucket,us-east1,South Carolina,,,,,,,,,,,"{""environment"":""dev"",""cost-center"":""cc-1042"",""owner"":""team-payments""}"
Google Cloud,Google,Google Cloud,INV-2026-05-A7B8C9,11C2D3-E4F506-A7B8C9,ExampleCorp Billing - Secondary,Billing Account,examplecorp-data-739104,data-analytics,Project,2026-05-01T00:00:00Z,2026-06-01T00:00:00Z,2026-05-03T04:00:00Z,2026-05-03T05:00:00Z,Usage,,Cloud SQL custom 4 vCPU,Usage-Based,0.18,0.18,0.2,0.18,0.2000000000,0.1800000000,Standard,1.0000,Hours,USD,0.1800000000,0.18,0.2000000000,USD,1.0000,Hours,Cloud SQL,Databases,Relational Databases,SKU-d90356e2a5d22b807727c289,Database,SPRICE-dedc6d4fdfe1a8a6142b961a,"{""InstanceType"":""db-custom-4-16384"",""CoreCount"":4,""MemorySize"":16,""x_Engine"":""PostgreSQL""}",//sqladmin.googleapis.com/projects/examplecorp-data-739104/instances/sql-2afc7a87,sql-2afc7a87,Cloud SQL Instance,us-central1,Iowa,,,,,,,,,,,"{""environment"":""prod"",""cost-center"":""cc-3110"",""owner"":""team-platform""}"
Google Cloud,Google,Google Cloud,INV-2026-05-A7B8C9,11C2D3-E4F506-A7B8C9,ExampleCorp Billing - Secondary,Billing Account,examplecorp-sandbox-160942,sandbox-dev,Project,2026-05-01T00:00:00Z,2026-06-01T00:00:00Z,2026-05-03T05:00:00Z,2026-05-03T06:00:00Z,Usage,,e2-standard-4 running,Usage-Based,0.1206,0.1206,0.134,0.1206,0.1340000000,0.1206000000,Standard,1.0000,Hours,EUR,0.1109520000,0.110952,0.1232800000,USD,1.0000,Hours,Compute Engine,Compute,Virtual Machines,SKU-c7f294f3dc4904208c787632,Compute,SPRICE-b3eafd94704d3812a74bbdc8,"{""InstanceType"":""e2-standard-4"",""InstanceSeries"":""E2"",""CoreCount"":4,""MemorySize"":16,""OperatingSystem"":""Linux"",""x_Preemptible"":""false""}",//compute.googleapis.com/projects/examplecorp-sandbox-160942/instances/instance-a5de1699,instance-a5de1699,Compute Instance,us-east1,South Carolina,us-east1-b,,,,,,,,,,"{""environment"":""staging"",""cost-center"":""cc-2087"",""owner"":""team-data""}"
Google Cloud,Google,Google Cloud,INV-2026-05-A7B8C9,11C2D3-E4F506-A7B8C9,ExampleCorp Billing - Secondary,Billing Account,examplecorp-sandbox-160942,sandbox-dev,Project,2026-05-01T00:00:00Z,2026-06-01T00:00:00Z,2026-05-03T06:00:00Z,2026-05-03T07:00:00Z,Usage,,GKE node pool hours,Usage-Based,0.1206,0.1206,0.134,0.1206,0.1340000000,0.1206000000,Standard,1.0000,Hours,USD,0.1206000000,0.1206,0.1340000000,USD,1.0000,Hours,Google Kubernetes Engine,Compute,Containers,SKU-744da1150ba9d05a7d420696,Compute,SPRICE-b339cc568228180dd7e687e6,"{""InstanceType"":""e2-standard-4"",""CoreCount"":4,""MemorySize"":16,""x_NodePool"":""default""}",//container.googleapis.com/projects/examplecorp-sandbox-160942/clusters/gke-1be7eccc,gke-1be7eccc,GKE Cluster,us-east1,South Carolina,,,,,,,,,,,"{""environment"":""staging"",""cost-center"":""cc-1042"",""owner"":""team-payments""}"
Google Cloud,Google,Google Cloud,INV-2026-05-A7B8C9,11C2D3-E4F506-A7B8C9,ExampleCorp Billing - Secondary,Billing Account,examplecorp-prod-481627,prod-platform,Project,2026-05-01T00:00:00Z,2026-06-01T00:00:00Z,2026-05-03T07:00:00Z,2026-05-03T08:00:00Z,Usage,,e2-standard-4 running,Usage-Based,0.1206,0.1206,0.134,0.1206,0.1340000000,0.1206000000,Standard,1.0000,Hours,USD,0.1206000000,0.1206,0.1340000000,USD,1.0000,Hours,Compute Engine,Compute,Virtual Machines,SKU-161f822522a7bfba73514603,Compute,SPRICE-595a86198276ef2dbadddea2,"{""InstanceType"":""e2-standard-4"",""InstanceSeries"":""E2"",""CoreCount"":4,""MemorySize"":16,""OperatingSystem"":""Linux"",""x_Preemptible"":""false""}",//compute.googleapis.com/projects/examplecorp-prod-481627/instances/instance-33b9bca6,instance-33b9bca6,Compute Instance,us-central1,Iowa,us-central1-a,,,,,,,,,,"{""environment"":""staging"",""cost-center"":""cc-3110"",""owner"":""team-payments""}"
Google Cloud,Google,Google Cloud,INV-2026-05-A7B8C9,11C2D3-E4F506-A7B8C9,ExampleCorp Billing - Secondary,Billing Account,examplecorp-prod-481627,prod-platform,Project,2026-05-01T00:00:00Z,2026-06-01T00:00:00Z,2026-05-03T08:00:00Z,2026-05-03T09:00:00Z,Usage,,Cloud Run vCPU allocation,Usage-Based,34.68405473136,34.68405473136,38.5378385904,34.68405473136,0.0000240000,0.0000216000,Standard,1605743.2746,Core-Seconds,USD,0.0000216000,34.68405473136,0.0000240000,USD,1605743.2746,Core-Seconds,Cloud Run,Compute,Serverless Compute,SKU-fc6a19d63f2363e917267178,Compute,SPRICE-0d6d39e6df512f4876c539aa,"{""x_Generation"":""gen2""}",//run.googleapis.com/projects/examplecorp-prod-481627/services/svc-6b2d9719,svc-6b2d9719,Cloud Run Service,us-east1,South Carolina,,,,,,,,,,,"{""environment"":""dev"",""cost-center"":""cc-3110"",""owner"":""team-platform""}"
Google Cloud,Google,Google Cloud,INV-2026-05-A7B8C9,11C2D3-E4F506-A7B8C9,ExampleCorp Billing - Secondary,Billing Account,examplecorp-staging-552831,staging-platform,Project,2026-05-01T00:00:00Z,2026-06-01T00:00:00Z,2026-05-03T09:00:00Z,2026-05-03T10:00:00Z,Usage,,GKE node pool hours,Usage-Based,0.1206,0.1206,0.134,0.1206,0.1340000000,0.1206000000,Standard,1.0000,Hours,USD,0.1206000000,0.1206,0.1340000000,USD,1.0000,Hours,Google Kubernetes Engine,Compute,Containers,SKU-86068fdbce854432224e9db3,Compute,SPRICE-42acd32065a96a502913e8e4,"{""InstanceType"":""e2-standard-4"",""CoreCount"":4,""MemorySize"":16,""x_NodePool"":""default""}",//container.googleapis.com/projects/examplecorp-staging-552831/clusters/gke-677d8283,gke-677d8283,GKE Cluster,asia-southeast1,Singapore,,,,,,,,,,,"{""environment"":""staging"",""cost-center"":""cc-1042"",""owner"":""team-platform""}"
Google Cloud,Google,Google Cloud,INV-2026-05-A7B8C9,11C2D3-E4F506-A7B8C9,ExampleCorp Billing - Secondary,Billing Account,examplecorp-prod-481627,prod-platform,Project,2026-05-01T00:00:00Z,2026-06-01T00:00:00Z,2026-05-03T00:00:00Z,2026-05-04T00:00:00Z,Usage,,On-demand query analysis,Usage-Based,117.6283125,117.6283125,130.698125,117.6283125,6.2500000000,5.6250000000,Standard,20.9117,TiB,EUR,5.1750000000,108.2180475,5.7500000000,USD,20.9117,TiB,BigQuery,Databases,Data Warehouses,SKU-1607322bfb22b50842e3cc7b,Analysis,SPRICE-d026cb7e3551ebb70328b4b9,"{""x_Edition"":""OnDemand""}",//bigquery.googleapis.com/projects/examplecorp-prod-481627/datasets/ds_248aa5e6,ds_248aa5e6,BigQuery Dataset,asia-southeast1,Singapore,,,,,,,,,,,"{""environment"":""dev"",""cost-center"":""cc-3110"",""owner"":""team-payments""}"
Google Cloud,Google,Google Cloud,INV-2026-05-A7B8C9,11C2D3-E4F506-A7B8C9,ExampleCorp Billing - Secondary,Billing Account,examplecorp-data-739104,data-analytics,Project,2026-05-01T00:00:00Z,2026-06-01T00:00:00Z,2026-05-01T00:00:00Z,2026-06-01T00:00:00Z,Usage,,Standard storage,Usage-Based,20.1793464,20.1793464,22.421496,20.1793464,0.0200000000,0.0180000000,Standard,1121.0748,GB-Months,USD,0.0180000000,20.1793464,0.0200000000,USD,1121.0748,GB-Months,Cloud Storage,Storage,Object Storage,SKU-8b457763f3438a2efc35839d,Storage,SPRICE-e9607b4aba6714ae0874493f,"{""StorageClass"":""Standard""}",//storage.googleapis.com/projects/examplecorp-data-739104/buckets/bucket-3ceb6fcc,bucket-3ceb6fcc,Storage Bucket,us-east1,South Carolina,,,,,,,,,,,"{""environment"":""prod"",""cost-center"":""cc-3110"",""owner"":""team-data""}"
Google Cloud,Google,Google Cloud,INV-2026-05-A7B8C9,11C2D3-E4F506-A7B8C9,ExampleCorp Billing - Secondary,Billing Account,examplecorp-sandbox-160942,sandbox-dev,Project,2026-05-01T00:00:00Z,2026-06-01T00:00:00Z,2026-05-05T00:00:00Z,2026-05-06T00:00:00Z,Usage,,Monitoring data ingested,Usage-Based,63.90812736,63.90812736,71.0090304,63.90812736,0.2580000000,0.2322000000,Standard,275.2288,MiB,USD,0.2322000000,63.90812736,0.2580000000,USD,275.2288,MiB,Cloud Monitoring,Management and Governance,Observability,SKU-7ae4fc052f28901dffce70d1,Monitoring,SPRICE-57d21c7b60b5e5bed918393e,"{""x_DataType"":""Metrics""}",//monitoring.googleapis.com/projects/examplecorp-sandbox-160942/metricsScopes/mon-0e439c3a,mon-0e439c3a,Monitoring Workspace,us-east1,South Carolina,,,,,,,,,,,"{""environment"":""dev"",""cost-center"":""cc-3110"",""owner"":""team-payments""}"
Google Cloud,Google,Google Cloud,INV-2026-05-A7B8C9,11C2D3-E4F506-A7B8C9,ExampleCorp Billing - Secondary,Billing Account,examplecorp-prod-481627,prod-platform,Project,2026-05-01T00:00:00Z,2026-06-01T00:00:00Z,2026-05-01T00:00:00Z,2026-06-01T00:00:00Z,Tax,,Synthetic tax 10% on usage record 52: Cloud Storage,One-Time,9.98511102,9.98511102,11.0945678,9.98511102,,,,,,USD,,9.98511102,,USD,,,Cloud Storage,Storage,Object Storage,,,,,,,,,,,,,,,,,,,,"{""environment"":""dev"",""cost-center"":""cc-1042"",""owner"":""team-payments""}"
Google Cloud,Google,Google Cloud,INV-2026-05-F70819,01A2B3-C4D5E6-F70819,ExampleCorp Billing - Primary,Billing Account,examplecorp-sandbox-160942,sandbox-dev,Project,2026-05-01T00:00:00Z,2026-06-01T00:00:00Z,2026-05-03T14:00:00Z,2026-05-03T15:00:00Z,Usage,,GKE node pool hours,Usage-Based,0.1206,0.1206,0.134,0.1206,0.1340000000,0.1206000000,Standard,1.0000,Hours,USD,0.1206000000,0.1206,0.1340000000,USD,1.0000,Hours,Google Kubernetes Engine,Compute,Containers,SKU-95bb96cc0ee68cb652bab2e4,Compute,SPRICE-f0da7e1b00708ea0f5356a96,"{""InstanceType"":""e2-standard-4"",""CoreCount"":4,""MemorySize"":16,""x_NodePool"":""default""}",//container.googleapis.com/projects/examplecorp-sandbox-160942/clusters/gke-4f5057a0,gke-4f5057a0,GKE Cluster,europe-west1,Belgium,,,,,,,,,,,"{""environment"":""dev"",""cost-center"":""cc-1042"",""owner"":""team-payments""}"
Google Cloud,Google,Google Cloud,INV-2026-05-A7B8C9,11C2D3-E4F506-A7B8C9,ExampleCorp Billing - Secondary,Billing Account,examplecorp-prod-481627,prod-platform,Project,2026-05-01T00:00:00Z,2026-06-01T00:00:00Z,2026-05-03T15:00:00Z,2026-05-03T16:00:00Z,Usage,,Cloud Run vCPU allocation,Usage-Based,62.47553614416,62.47553614416,69.4172623824,62.47553614416,0.0000240000,0.0000216000,Standard,2892385.9326,Core-Seconds,USD,0.0000216000,62.47553614416,0.0000240000,USD,2892385.9326,Core-Seconds,Cloud Run,Compute,Serverless Compute,SKU-e75878aa18ba02097c5ad236,Compute,SPRICE-29d89dec6fcc3435a30f9762,"{""x_Generation"":""gen2""}",//run.googleapis.com/projects/examplecorp-prod-481627/services/svc-8499888b,svc-8499888b,Cloud Run Service,us-central1,Iowa,,,,,,,,,,,"{""environment"":""staging"",""cost-center"":""cc-2087"",""owner"":""team-platform""}"
Google Cloud,Google,Google Cloud,INV-2026-05-F70819,01A2B3-C4D5E6-F70819,ExampleCorp Billing - Primary,Billing Account,examplecorp-data-739104,data-analytics,Project,2026-05-01T00:00:00Z,2026-06-01T00:00:00Z,2026-05-03T16:00:00Z,2026-05-03T17:00:00Z,Usage,,Cloud SQL custom 4 vCPU,Usage-Based,0.18,0.18,0.2,0.18,0.2000000000,0.1800000000,Standard,1.0000,Hours,USD,0.1800000000,0.18,0.2000000000,USD,1.0000,Hours,Cloud SQL,Databases,Relational Databases,SKU-ba223805a916089dc772c95e,Database,SPRICE-715e0278131e4992ea970001,"{""InstanceType"":""db-custom-4-16384"",""CoreCount"":4,""MemorySize"":16,""x_Engine"":""PostgreSQL""}",//sqladmin.googleapis.com/projects/examplecorp-data-739104/instances/sql-7bf88d03,sql-7bf88d03,Cloud SQL Instance,us-east1,South Carolina,,,,,,,,,,,"{""environment"":""staging"",""cost-center"":""cc-3110"",""owner"":""team-data""}"
Google Cloud,Google,Google Cloud,INV-2026-05-A7B8C9,11C2D3-E4F506-A7B8C9,ExampleCorp Billing - Secondary,Billing Account,examplecorp-prod-481627,prod-platform,Project,2026-05-01T00:00:00Z,2026-06-01T00:00:00Z,2026-05-03T17:00:00Z,2026-05-03T18:00:00Z,Usage,,GKE node pool hours,Usage-Based,0.1206,0.1206,0.134,0.1206,0.1340000000,0.1206000000,Standard,1.0000,Hours,USD,0.1206000000,0.1206,0.1340000000,USD,1.0000,Hours,Google Kubernetes Engine,Compute,Containers,SKU-9f36ca4ad55c40314722c6e2,Compute,SPRICE-d0b5636dddc3dcd209075213,"{""InstanceType"":""e2-standard-4"",""CoreCount"":4,""MemorySize"":16,""x_NodePool"":""default""}",//container.googleapis.com/projects/examplecorp-prod-481627/clusters/gke-a0390ff2,gke-a0390ff2,GKE Cluster,us-central1,Iowa,,,,,,,,,,,"{""environment"":""staging"",""cost-center"":""cc-2087"",""owner"":""team-platform""}"
Google Cloud,Google,Google Cloud,INV-2026-05-A7B8C9,11C2D3-E4F506-A7B8C9,ExampleCorp Billing - Secondary,Billing Account,examplecorp-sandbox-160942,sandbox-dev,Project,2026-05-01T00:00:00Z,2026-06-01T00:00:00Z,2026-05-03T18:00:00Z,2026-05-03T19:00:00Z,Usage,,GKE node pool hours,Usage-Based,0.1206,0.1206,0.134,0.1206,0.1340000000,0.1206000000,Standard,1.0000,Hours,USD,0.1206000000,0.1206,0.1340000000,USD,1.0000,Hours,Google Kubernetes Engine,Compute,Containers,SKU-86068fdbce854432224e9db3,Compute,SPRICE-42acd32065a96a502913e8e4,"{""InstanceType"":""e2-standard-4"",""CoreCount"":4,""MemorySize"":16,""x_NodePool"":""default""}",//container.googleapis.com/projects/examplecorp-sandbox-160942/clusters/gke-dde14358,gke-dde14358,GKE Cluster,asia-southeast1,Singapore,,,,,,,,,,,"{""environment"":""staging"",""cost-center"":""cc-3110"",""owner"":""team-data""}"
Google Cloud,Google,Google Cloud,INV-2026-05-F70819,01A2B3-C4D5E6-F70819,ExampleCorp Billing - Primary,Billing Account,examplecorp-staging-552831,staging-platform,Project,2026-05-01T00:00:00Z,2026-06-01T00:00:00Z,2026-05-12T00:00:00Z,2026-05-13T00:00:00Z,Purchase,,Cloud Functions subscription fee,Recurring,504,504,504,504,504,504,Standard,1,Units,USD,504.0000000000,504,504.0000000000,USD,,,Cloud Functions,Compute,Serverless Compute,SKU-544762b0b3c9873ebe22ba33,Subscription,SPRICE-a5b8a7f1e81149a7cc53495d,"{""x_ChargeType"": ""SubscriptionFee""}",//cloudfunctions.googleapis.com/projects/examplecorp-staging-552831/functions/fn-fda2d096,fn-fda2d096,Cloud Function,us-east1,South Carolina,,,,,,,,,,,"{""environment"":""staging"",""cost-center"":""cc-2087"",""owner"":""team-platform""}"
Google Cloud,Google,Google Cloud,INV-2026-05-A7B8C9,11C2D3-E4F506-A7B8C9,ExampleCorp Billing - Secondary,Billing Account,examplecorp-data-739104,data-analytics,Project,2026-05-01T00:00:00Z,2026-06-01T00:00:00Z,2026-05-01T00:00:00Z,2026-06-01T00:00:00Z,Usage,,Standard storage,Usage-Based,85.6444896,85.6444896,95.160544,85.6444896,0.0200000000,0.0180000000,Standard,4758.0272,GB-Months,EUR,0.0165600000,78.792930432,0.0184000000,USD,4758.0272,GB-Months,Cloud Storage,Storage,Object Storage,SKU-560ffe175cb39f91c531454c,Storage,SPRICE-1009177a0db732ce65dea64f,"{""StorageClass"":""Standard""}",//storage.googleapis.com/projects/examplecorp-data-739104/buckets/bucket-7b745cb5,bucket-7b745cb5,Storage Bucket,us-central1,Iowa,,,,,,,,,,,"{""environment"":""staging"",""cost-center"":""cc-1042"",""owner"":""team-payments""}"
Google Cloud,Google,Google Cloud,INV-2026-05-F70819,01A2B3-C4D5E6-F70819,ExampleCorp Billing - Primary,Billing Account,examplecorp-sandbox-160942,sandbox-dev,Project,2026-05-01T00:00:00Z,2026-06-01T00:00:00Z,2026-05-03T21:00:00Z,2026-05-03T22:00:00Z,Usage,,Function execution duration,Usage-Based,4.3917355791,4.3917355791,4.879706199,4.3917355791,0.0000025000,0.0000022500,Standard,1951882.4796,GB-Seconds,USD,0.0000022500,4.3917355791,0.0000025000,USD,1951882.4796,GB-Seconds,Cloud Functions,Compute,Serverless Compute,SKU-eb71d7502d67eb15645ae724,Compute,SPRICE-29314eddd725ec87d1767584,"{""x_Runtime"":""python312"",""x_Generation"":""gen2""}",//cloudfunctions.googleapis.com/projects/examplecorp-sandbox-160942/functions/fn-382c259b,fn-382c259b,Cloud Function,asia-southeast1,Singapore,,,,,,,,,,,"{""environment"":""dev"",""cost-center"":""cc-1042"",""owner"":""team-platform""}"
Google Cloud,Google,Google Cloud,INV-2026-05-A7B8C9,11C2D3-E4F506-A7B8C9,ExampleCorp Billing - Secondary,Billing Account,examplecorp-prod-481627,prod-platform,Project,2026-05-01T00:00:00Z,2026-06-01T00:00:00Z,2026-05-03T22:00:00Z,2026-05-03T23:00:00Z,Purchase,,"Committed Use Discount commitment, amortised for the charge period",Recurring,0.089378,0,0.089378,0.089378,1,1,Standard,0.089378,USD,USD,1.0000000000,0,1.0000000000,USD,,,Compute Engine,Compute,Virtual Machines,SKU-620493e450f5d16611ad7d1b,Commitment,SPRICE-42daff5af9e71fd3cd19db37,"{""x_Plan"":""TWELVE_MONTH"",""x_Type"":""COMPUTE_OPTIMIZED""}",//compute.googleapis.com/projects/examplecorp-prod-481627/regions/us-central1/commitments/cud-2027c7e537,cud-35f2e9f26f,Committed Use Discount,us-central1,Iowa,,//compute.googleapis.com/projects/examplecorp-prod-481627/regions/us-central1/commitments/cud-2027c7e537,SpendBasedCUD-1yr,Spend,Committed Use Discount,,0.089378,USD,,,"{""environment"":""staging"",""cost-center"":""cc-1042"",""owner"":""team-payments""}"
Google Cloud,Google,Google Cloud,INV-2026-05-A7B8C9,11C2D3-E4F506-A7B8C9,ExampleCorp Billing - Secondary,Billing Account,examplecorp-prod-481627,prod-platform,Project,2026-05-01T00:00:00Z,2026-06-01T00:00:00Z,2026-05-03T22:00:00Z,2026-05-03T23:00:00Z,Usage,,Compute Engine committed usage,Usage-Based,0,0.089378,0.134,0.1206,0.1340000000,0.1206000000,Committed,1,Hours,USD,0.1206000000,0.089378,0.1340000000,USD,1,Hours,Compute Engine,Compute,Virtual Machines,SKU-161f822522a7bfba73514603,Compute,SPRICE-595a86198276ef2dbadddea2,"{""InstanceType"":""e2-standard-4"",""InstanceSeries"":""E2"",""CoreCount"":4,""MemorySize"":16,""OperatingSystem"":""Linux"",""x_Preemptible"":""false""}",//compute.googleapis.com/projects/examplecorp-prod-481627/instances/instance-00008ebbfe,instance-00008ebbfe,Compute Instance,us-central1,Iowa,us-central1-c,//compute.googleapis.com/projects/examplecorp-prod-481627/regions/us-central1/commitments/cud-2027c7e537,SpendBasedCUD-1yr,Spend,Committed Use Discount,Used,0.089378,USD,,,"{""environment"":""staging"",""cost-center"":""cc-2087"",""owner"":""team-platform""}"
Google Cloud,Google,Google Cloud,INV-2026-05-A7B8C9,11C2D3-E4F506-A7B8C9,ExampleCorp Billing - Secondary,Billing Account,examplecorp-prod-481627,prod-platform,Project,2026-05-01T00:00:00Z,2026-06-01T00:00:00Z,2026-05-03T23:00:00Z,2026-05-04T00:00:00Z,Purchase,,"Committed Use Discount commitment, amortised for the charge period",Recurring,0.089378,0,0.089378,0.089378,1,1,Standard,0.089378,USD,USD,1.0000000000,0,1.0000000000,USD,,,Compute Engine,Compute,Virtual Machines,SKU-620493e450f5d16611ad7d1b,Commitment,SPRICE-42daff5af9e71fd3cd19db37,"{""x_Plan"":""TWELVE_MONTH"",""x_Type"":""COMPUTE_OPTIMIZED""}",//compute.googleapis.com/projects/examplecorp-prod-481627/regions/us-central1/commitments/cud-2027c7e537,cud-35f2e9f26f,Committed Use Discount,us-central1,Iowa,,//compute.googleapis.com/projects/examplecorp-prod-481627/regions/us-central1/commitments/cud-2027c7e537,SpendBasedCUD-1yr,Spend,Committed Use Discount,,0.089378,USD,,,"{""environment"":""prod"",""cost-center"":""cc-2087"",""owner"":""team-payments""}"
Google Cloud,Google,Google Cloud,INV-2026-05-A7B8C9,11C2D3-E4F506-A7B8C9,ExampleCorp Billing - Secondary,Billing Account,examplecorp-prod-481627,prod-platform,Project,2026-05-01T00:00:00Z,2026-06-01T00:00:00Z,2026-05-03T23:00:00Z,2026-05-04T00:00:00Z,Usage,,Compute Engine committed usage,Usage-Based,0,0.089378,0.134,0.1206,0.1340000000,0.1206000000,Committed,1,Hours,USD,0.1206000000,0.089378,0.1340000000,USD,1,Hours,Compute Engine,Compute,Virtual Machines,SKU-161f822522a7bfba73514603,Compute,SPRICE-595a86198276ef2dbadddea2,"{""InstanceType"":""e2-standard-4"",""InstanceSeries"":""E2"",""CoreCount"":4,""MemorySize"":16,""OperatingSystem"":""Linux"",""x_Preemptible"":""false""}",//compute.googleapis.com/projects/examplecorp-prod-481627/instances/instance-00010dd02c,instance-00010dd02c,Compute Instance,us-central1,Iowa,us-central1-c,//compute.googleapis.com/projects/examplecorp-prod-481627/regions/us-central1/commitments/cud-2027c7e537,SpendBasedCUD-1yr,Spend,Committed Use Discount,Used,0.089378,USD,,,"{""environment"":""staging"",""cost-center"":""cc-3110"",""owner"":""team-payments""}"
Google Cloud,Google,Google Cloud,INV-2026-05-A7B8C9,11C2D3-E4F506-A7B8C9,ExampleCorp Billing - Secondary,Billing Account,examplecorp-prod-481627,prod-platform,Project,2026-05-01T00:00:00Z,2026-06-01T00:00:00Z,2026-05-04T00:00:00Z,2026-05-04T01:00:00Z,Purchase,,"Committed Use Discount commitment, amortised for the charge period",Recurring,0.089378,0,0.089378,0.089378,1,1,Standard,0.089378,USD,USD,1.0000000000,0,1.0000000000,USD,,,Compute Engine,Compute,Virtual Machines,SKU-620493e450f5d16611ad7d1b,Commitment,SPRICE-42daff5af9e71fd3cd19db37,"{""x_Plan"":""TWELVE_MONTH"",""x_Type"":""COMPUTE_OPTIMIZED""}",//compute.googleapis.com/projects/examplecorp-prod-481627/regions/us-central1/commitments/cud-2027c7e537,cud-35f2e9f26f,Committed Use Discount,us-central1,Iowa,,//compute.googleapis.com/projects/examplecorp-prod-481627/regions/us-central1/commitments/cud-2027c7e537,SpendBasedCUD-1yr,Spend,Committed Use Discount,,0.089378,USD,,,"{""environment"":""dev"",""cost-center"":""cc-1042"",""owner"":""team-payments""}"
Google Cloud,Google,Google Cloud,INV-2026-05-A7B8C9,11C2D3-E4F506-A7B8C9,ExampleCorp Billing - Secondary,Billing Account,examplecorp-prod-481627,prod-platform,Project,2026-05-01T00:00:00Z,2026-06-01T00:00:00Z,2026-05-04T00:00:00Z,2026-05-04T01:00:00Z,Usage,,Compute Engine committed usage,Usage-Based,0,0.089378,0.134,0.1206,0.1340000000,0.1206000000,Committed,1,Hours,USD,0.1206000000,0.089378,0.1340000000,USD,1,Hours,Compute Engine,Compute,Virtual Machines,SKU-161f822522a7bfba73514603,Compute,SPRICE-595a86198276ef2dbadddea2,"{""InstanceType"":""e2-standard-4"",""InstanceSeries"":""E2"",""CoreCount"":4,""MemorySize"":16,""OperatingSystem"":""Linux"",""x_Preemptible"":""false""}",//compute.googleapis.com/projects/examplecorp-prod-481627/instances/instance-0002389a19,instance-0002389a19,Compute Instance,us-central1,Iowa,us-central1-c,//compute.googleapis.com/projects/examplecorp-prod-481627/regions/us-central1/commitments/cud-2027c7e537,SpendBasedCUD-1yr,Spend,Committed Use Discount,Used,0.089378,USD,,,"{""environment"":""staging"",""cost-center"":""cc-2087"",""owner"":""team-data""}"
Google Cloud,Google,Google Cloud,INV-2026-05-A7B8C9,11C2D3-E4F506-A7B8C9,ExampleCorp Billing - Secondary,Billing Account,examplecorp-prod-481627,prod-platform,Project,2026-05-01T00:00:00Z,2026-06-01T00:00:00Z,2026-05-04T01:00:00Z,2026-05-04T02:00:00Z,Purchase,,"Committed Use Discount commitment, amortised for the charge period",Recurring,0.089378,0,0.089378,0.089378,1,1,Standard,0.089378,USD,USD,1.0000000000,0,1.0000000000,USD,,,Compute Engine,Compute,Virtual Machines,SKU-620493e450f5d16611ad7d1b,Commitment,SPRICE-42daff5af9e71fd3cd19db37,"{""x_Plan"":""TWELVE_MONTH"",""x_Type"":""COMPUTE_OPTIMIZED""}",//compute.googleapis.com/projects/examplecorp-prod-481627/regions/us-central1/commitments/cud-2027c7e537,cud-35f2e9f26f,Committed Use Discount,us-central1,Iowa,,//compute.googleapis.com/projects/examplecorp-prod-481627/regions/us-central1/commitments/cud-2027c7e537,SpendBasedCUD-1yr,Spend,Committed Use Discount,,0.089378,USD,,,"{""environment"":""dev"",""cost-center"":""cc-3110"",""owner"":""team-data""}"
Google Cloud,Google,Google Cloud,INV-2026-05-A7B8C9,11C2D3-E4F506-A7B8C9,ExampleCorp Billing - Secondary,Billing Account,examplecorp-prod-481627,prod-platform,Project,2026-05-01T00:00:00Z,2026-06-01T00:00:00Z,2026-05-04T01:00:00Z,2026-05-04T02:00:00Z,Usage,,Compute Engine committed usage,Usage-Based,0,0.089378,0.134,0.1206,0.1340000000,0.1206000000,Committed,1,Hours,USD,0.1206000000,0.089378,0.1340000000,USD,1,Hours,Compute Engine,Compute,Virtual Machines,SKU-161f822522a7bfba73514603,Compute,SPRICE-595a86198276ef2dbadddea2,"{""InstanceType"":""e2-standard-4"",""InstanceSeries"":""E2"",""CoreCount"":4,""MemorySize"":16,""OperatingSystem"":""Linux"",""x_Preemptible"":""false""}",//compute.googleapis.com/projects/examplecorp-prod-481627/instances/instance-0003498909,instance-0003498909,Compute Instance,us-central1,Iowa,us-central1-c,//compute.googleapis.com/projects/examplecorp-prod-481627/regions/us-central1/commitments/cud-2027c7e537,SpendBasedCUD-1yr,Spend,Committed Use Discount,Used,0.089378,USD,,,"{""environment"":""prod"",""cost-center"":""cc-1042"",""owner"":""team-data""}"
Google Cloud,Google,Google Cloud,INV-2026-05-A7B8C9,11C2D3-E4F506-A7B8C9,ExampleCorp Billing - Secondary,Billing Account,examplecorp-prod-481627,prod-platform,Project,2026-05-01T00:00:00Z,2026-06-01T00:00:00Z,2026-05-04T02:00:00Z,2026-05-04T03:00:00Z,Purchase,,"Committed Use Discount commitment, amortised for the charge period",Recurring,0.089378,0,0.089378,0.089378,1,1,Standard,0.089378,USD,USD,1.0000000000,0,1.0000000000,USD,,,Compute Engine,Compute,Virtual Machines,SKU-620493e450f5d16611ad7d1b,Commitment,SPRICE-42daff5af9e71fd3cd19db37,"{""x_Plan"":""TWELVE_MONTH"",""x_Type"":""COMPUTE_OPTIMIZED""}",//compute.googleapis.com/projects/examplecorp-prod-481627/regions/us-central1/commitments/cud-2027c7e537,cud-35f2e9f26f,Committed Use Discount,us-central1,Iowa,,//compute.googleapis.com/projects/examplecorp-prod-481627/regions/us-central1/commitments/cud-2027c7e537,SpendBasedCUD-1yr,Spend,Committed Use Discount,,0.089378,USD,,,"{""environment"":""prod"",""cost-center"":""cc-1042"",""owner"":""team-payments""}"
Google Cloud,Google,Google Cloud,INV-2026-05-A7B8C9,11C2D3-E4F506-A7B8C9,ExampleCorp Billing - Secondary,Billing Account,examplecorp-prod-481627,prod-platform,Project,2026-05-01T00:00:00Z,2026-06-01T00:00:00Z,2026-05-04T02:00:00Z,2026-05-04T03:00:00Z,Usage,,Compute Engine committed usage,Usage-Based,0,0.089378,0.134,0.1206,0.1340000000,0.1206000000,Committed,1,Hours,USD,0.1206000000,0.089378,0.1340000000,USD,1,Hours,Compute Engine,Compute,Virtual Machines,SKU-161f822522a7bfba73514603,Compute,SPRICE-595a86198276ef2dbadddea2,"{""InstanceType"":""e2-standard-4"",""InstanceSeries"":""E2"",""CoreCount"":4,""MemorySize"":16,""OperatingSystem"":""Linux"",""x_Preemptible"":""false""}",//compute.googleapis.com/projects/examplecorp-prod-481627/instances/instance-00042931f9,instance-00042931f9,Compute Instance,us-central1,Iowa,us-central1-c,//compute.googleapis.com/projects/examplecorp-prod-481627/regions/us-central1/commitments/cud-2027c7e537,SpendBasedCUD-1yr,Spend,Committed Use Discount,Used,0.089378,USD,,,"{""environment"":""dev"",""cost-center"":""cc-3110"",""owner"":""team-data""}"
Google Cloud,Google,Google Cloud,INV-2026-05-A7B8C9,11C2D3-E4F506-A7B8C9,ExampleCorp Billing - Secondary,Billing Account,examplecorp-prod-481627,prod-platform,Project,2026-05-01T00:00:00Z,2026-06-01T00:00:00Z,2026-05-04T03:00:00Z,2026-05-04T04:00:00Z,Purchase,,"Committed Use Discount commitment, amortised for the charge period",Recurring,0.089378,0,0.089378,0.089378,1,1,Standard,0.089378,USD,USD,1.0000000000,0,1.0000000000,USD,,,Compute Engine,Compute,Virtual Machines,SKU-620493e450f5d16611ad7d1b,Commitment,SPRICE-42daff5af9e71fd3cd19db37,"{""x_Plan"":""TWELVE_MONTH"",""x_Type"":""COMPUTE_OPTIMIZED""}",//compute.googleapis.com/projects/examplecorp-prod-481627/regions/us-central1/commitments/cud-2027c7e537,cud-35f2e9f26f,Committed Use Discount,us-central1,Iowa,,//compute.googleapis.com/projects/examplecorp-prod-481627/regions/us-central1/commitments/cud-2027c7e537,SpendBasedCUD-1yr,Spend,Committed Use Discount,,0.089378,USD,,,"{""environment"":""staging"",""cost-center"":""cc-3110"",""owner"":""team-payments""}"
Google Cloud,Google,Google Cloud,INV-2026-05-A7B8C9,11C2D3-E4F506-A7B8C9,ExampleCorp Billing - Secondary,Billing Account,examplecorp-prod-481627,prod-platform,Project,2026-05-01T00:00:00Z,2026-06-01T00:00:00Z,2026-05-04T03:00:00Z,2026-05-04T04:00:00Z,Usage,,Compute Engine committed usage,Usage-Based,0,0.089378,0.134,0.1206,0.1340000000,0.1206000000,Committed,1,Hours,USD,0.1206000000,0.089378,0.1340000000,USD,1,Hours,Compute Engine,Compute,Virtual Machines,SKU-161f822522a7bfba73514603,Compute,SPRICE-595a86198276ef2dbadddea2,"{""InstanceType"":""e2-standard-4"",""InstanceSeries"":""E2"",""CoreCount"":4,""MemorySize"":16,""OperatingSystem"":""Linux"",""x_Preemptible"":""false""}",//compute.googleapis.com/projects/examplecorp-prod-481627/instances/instance-00058775b1,instance-00058775b1,Compute Instance,us-central1,Iowa,us-central1-c,//compute.googleapis.com/projects/examplecorp-prod-481627/regions/us-central1/commitments/cud-2027c7e537,SpendBasedCUD-1yr,Spend,Committed Use Discount,Used,0.089378,USD,,,"{""environment"":""staging"",""cost-center"":""cc-2087"",""owner"":""team-payments""}"
Google Cloud,Google,Google Cloud,INV-2026-05-A7B8C9,11C2D3-E4F506-A7B8C9,ExampleCorp Billing - Secondary,Billing Account,examplecorp-prod-481627,prod-platform,Project,2026-05-01T00:00:00Z,2026-06-01T00:00:00Z,2026-05-04T04:00:00Z,2026-05-04T05:00:00Z,Purchase,,"Committed Use Discount commitment, amortised for the charge period",Recurring,0.089378,0,0.089378,0.089378,1,1,Standard,0.089378,USD,USD,1.0000000000,0,1.0000000000,USD,,,Compute Engine,Compute,Virtual Machines,SKU-620493e450f5d16611ad7d1b,Commitment,SPRICE-42daff5af9e71fd3cd19db37,"{""x_Plan"":""TWELVE_MONTH"",""x_Type"":""COMPUTE_OPTIMIZED""}",//compute.googleapis.com/projects/examplecorp-prod-481627/regions/us-central1/commitments/cud-2027c7e537,cud-35f2e9f26f,Committed Use Discount,us-central1,Iowa,,//compute.googleapis.com/projects/examplecorp-prod-481627/regions/us-central1/commitments/cud-2027c7e537,SpendBasedCUD-1yr,Spend,Committed Use Discount,,0.089378,USD,,,"{""environment"":""staging"",""cost-center"":""cc-1042"",""owner"":""team-payments""}"
Google Cloud,Google,Google Cloud,INV-2026-05-A7B8C9,11C2D3-E4F506-A7B8C9,ExampleCorp Billing - Secondary,Billing Account,examplecorp-prod-481627,prod-platform,Project,2026-05-01T00:00:00Z,2026-06-01T00:00:00Z,2026-05-04T04:00:00Z,2026-05-04T05:00:00Z,Usage,,Compute Engine committed usage,Usage-Based,0,0.089378,0.134,0.1206,0.1340000000,0.1206000000,Committed,1,Hours,USD,0.1206000000,0.089378,0.1340000000,USD,1,Hours,Compute Engine,Compute,Virtual Machines,SKU-161f822522a7bfba73514603,Compute,SPRICE-595a86198276ef2dbadddea2,"{""InstanceType"":""e2-standard-4"",""InstanceSeries"":""E2"",""CoreCount"":4,""MemorySize"":16,""OperatingSystem"":""Linux"",""x_Preemptible"":""false""}",//compute.googleapis.com/projects/examplecorp-prod-481627/instances/instance-0006d84714,instance-0006d84714,Compute Instance,us-central1,Iowa,us-central1-c,//compute.googleapis.com/projects/examplecorp-prod-481627/regions/us-central1/commitments/cud-2027c7e537,SpendBasedCUD-1yr,Spend,Committed Use Discount,Used,0.089378,USD,,,"{""environment"":""prod"",""cost-center"":""cc-2087"",""owner"":""team-data""}"
Google Cloud,Google,Google Cloud,INV-2026-05-A7B8C9,11C2D3-E4F506-A7B8C9,ExampleCorp Billing - Secondary,Billing Account,examplecorp-prod-481627,prod-platform,Project,2026-05-01T00:00:00Z,2026-06-01T00:00:00Z,2026-05-04T05:00:00Z,2026-05-04T06:00:00Z,Purchase,,"Committed Use Discount commitment, amortised for the charge period",Recurring,0.089378,0,0.089378,0.089378,1,1,Standard,0.089378,USD,USD,1.0000000000,0,1.0000000000,USD,,,Compute Engine,Compute,Virtual Machines,SKU-620493e450f5d16611ad7d1b,Commitment,SPRICE-42daff5af9e71fd3cd19db37,"{""x_Plan"":""TWELVE_MONTH"",""x_Type"":""COMPUTE_OPTIMIZED""}",//compute.googleapis.com/projects/examplecorp-prod-481627/regions/us-central1/commitments/cud-2027c7e537,cud-35f2e9f26f,Committed Use Discount,us-central1,Iowa,,//compute.googleapis.com/projects/examplecorp-prod-481627/regions/us-central1/commitments/cud-2027c7e537,SpendBasedCUD-1yr,Spend,Committed Use Discount,,0.089378,USD,,,"{""environment"":""staging"",""cost-center"":""cc-1042"",""owner"":""team-platform""}"
Google Cloud,Google,Google Cloud,INV-2026-05-A7B8C9,11C2D3-E4F506-A7B8C9,ExampleCorp Billing - Secondary,Billing Account,examplecorp-prod-481627,prod-platform,Project,2026-05-01T00:00:00Z,2026-06-01T00:00:00Z,2026-05-04T05:00:00Z,2026-05-04T06:00:00Z,Usage,,Committed Use Discount unused commitment,Usage-Based,0,0.089378,0.089378,0.089378,1,1,Committed,0.089378,USD,USD,1.0000000000,0.089378,1.0000000000,USD,,,Compute Engine,Compute,Virtual Machines,SKU-620493e450f5d16611ad7d1b,Commitment,SPRICE-42daff5af9e71fd3cd19db37,"{""x_Plan"":""TWELVE_MONTH"",""x_Type"":""COMPUTE_OPTIMIZED""}",//compute.googleapis.com/projects/examplecorp-prod-481627/regions/us-central1/commitments/cud-2027c7e537,cud-35f2e9f26f,Committed Use Discount,us-central1,Iowa,,//compute.googleapis.com/projects/examplecorp-prod-481627/regions/us-central1/commitments/cud-2027c7e537,SpendBasedCUD-1yr,Spend,Committed Use Discount,Unused,0.089378,USD,,,"{""environment"":""prod"",""cost-center"":""cc-1042"",""owner"":""team-data""}"
Google Cloud,Google,Google Cloud,INV-2026-05-A7B8C9,11C2D3-E4F506-A7B8C9,ExampleCorp Billing - Secondary,Billing Account,examplecorp-prod-481627,prod-platform,Project,2026-05-01T00:00:00Z,2026-06-01T00:00:00Z,2026-05-04T06:00:00Z,2026-05-04T07:00:00Z,Purchase,,"Committed Use Discount commitment, amortised for the charge period",Recurring,0.089378,0,0.089378,0.089378,1,1,Standard,0.089378,USD,USD,1.0000000000,0,1.0000000000,USD,,,Compute Engine,Compute,Virtual Machines,SKU-620493e450f5d16611ad7d1b,Commitment,SPRICE-42daff5af9e71fd3cd19db37,"{""x_Plan"":""TWELVE_MONTH"",""x_Type"":""COMPUTE_OPTIMIZED""}",//compute.googleapis.com/projects/examplecorp-prod-481627/regions/us-central1/commitments/cud-2027c7e537,cud-35f2e9f26f,Committed Use Discount,us-central1,Iowa,,//compute.googleapis.com/projects/examplecorp-prod-481627/regions/us-central1/commitments/cud-2027c7e537,SpendBasedCUD-1yr,Spend,Committed Use Discount,,0.089378,USD,,,"{""environment"":""staging"",""cost-center"":""cc-1042"",""owner"":""team-platform""}"
Google Cloud,Google,Google Cloud,INV-2026-05-A7B8C9,11C2D3-E4F506-A7B8C9,ExampleCorp Billing - Secondary,Billing Account,examplecorp-prod-481627,prod-platform,Project,2026-05-01T00:00:00Z,2026-06-01T00:00:00Z,2026-05-04T06:00:00Z,2026-05-04T07:00:00Z,Usage,,Committed Use Discount unused commitment,Usage-Based,0,0.089378,0.089378,0.089378,1,1,Committed,0.089378,USD,USD,1.0000000000,0.089378,1.0000000000,USD,,,Compute Engine,Compute,Virtual Machines,SKU-620493e450f5d16611ad7d1b,Commitment,SPRICE-42daff5af9e71fd3cd19db37,"{""x_Plan"":""TWELVE_MONTH"",""x_Type"":""COMPUTE_OPTIMIZED""}",//compute.googleapis.com/projects/examplecorp-prod-481627/regions/us-central1/commitments/cud-2027c7e537,cud-35f2e9f26f,Committed Use Discount,us-central1,Iowa,,//compute.googleapis.com/projects/examplecorp-prod-481627/regions/us-central1/commitments/cud-2027c7e537,SpendBasedCUD-1yr,Spend,Committed Use Discount,Unused,0.089378,USD,,,"{""environment"":""staging"",""cost-center"":""cc-1042"",""owner"":""team-data""}"
Google Cloud,Google,Google Cloud,INV-2026-05-A7B8C9,11C2D3-E4F506-A7B8C9,ExampleCorp Billing - Secondary,Billing Account,examplecorp-prod-481627,prod-platform,Project,2026-05-01T00:00:00Z,2026-06-01T00:00:00Z,2026-05-04T07:00:00Z,2026-05-04T08:00:00Z,Purchase,,"Committed Use Discount commitment, amortised for the charge period",Recurring,0.089378,0,0.089378,0.089378,1,1,Standard,0.089378,USD,USD,1.0000000000,0,1.0000000000,USD,,,Compute Engine,Compute,Virtual Machines,SKU-620493e450f5d16611ad7d1b,Commitment,SPRICE-42daff5af9e71fd3cd19db37,"{""x_Plan"":""TWELVE_MONTH"",""x_Type"":""COMPUTE_OPTIMIZED""}",//compute.googleapis.com/projects/examplecorp-prod-481627/regions/us-central1/commitments/cud-2027c7e537,cud-35f2e9f26f,Committed Use Discount,us-central1,Iowa,,//compute.googleapis.com/projects/examplecorp-prod-481627/regions/us-central1/commitments/cud-2027c7e537,SpendBasedCUD-1yr,Spend,Committed Use Discount,,0.089378,USD,,,"{""environment"":""prod"",""cost-center"":""cc-1042"",""owner"":""team-platform""}"
Google Cloud,Google,Google Cloud,INV-2026-05-A7B8C9,11C2D3-E4F506-A7B8C9,ExampleCorp Billing - Secondary,Billing Account,examplecorp-prod-481627,prod-platform,Project,2026-05-01T00:00:00Z,2026-06-01T00:00:00Z,2026-05-04T07:00:00Z,2026-05-04T08:00:00Z,Usage,,Committed Use Discount unused commitment,Usage-Based,0,0.089378,0.089378,0.089378,1,1,Committed,0.089378,USD,USD,1.0000000000,0.089378,1.0000000000,USD,,,Compute Engine,Compute,Virtual Machines,SKU-620493e450f5d16611ad7d1b,Commitment,SPRICE-42daff5af9e71fd3cd19db37,"{""x_Plan"":""TWELVE_MONTH"",""x_Type"":""COMPUTE_OPTIMIZED""}",//compute.googleapis.com/projects/examplecorp-prod-481627/regions/us-central1/commitments/cud-2027c7e537,cud-35f2e9f26f,Committed Use Discount,us-central1,Iowa,,//compute.googleapis.com/projects/examplecorp-prod-481627/regions/us-central1/commitments/cud-2027c7e537,SpendBasedCUD-1yr,Spend,Committed Use Discount,Unused,0.089378,USD,,,"{""environment"":""prod"",""cost-center"":""cc-2087"",""owner"":""team-payments""}"
Google Cloud,Google,Google Cloud,INV-2026-05-F70819,01A2B3-C4D5E6-F70819,ExampleCorp Billing - Primary,Billing Account,examplecorp-prod-481627,prod-platform,Project,2026-05-01T00:00:00Z,2026-06-01T00:00:00Z,2026-05-04T18:00:00Z,2026-05-04T19:00:00Z,Usage,,Function execution duration,Usage-Based,2.584000608525,2.584000608525,2.87111178725,2.584000608525,0.0000025000,0.0000022500,Standard,1148444.7149,GB-Seconds,USD,0.0000022500,2.584000608525,0.0000025000,USD,1148444.7149,GB-Seconds,Cloud Functions,Compute,Serverless Compute,SKU-aa8988f20b7d9893658f467f,Compute,SPRICE-55a0ffdcaab822a480aad660,"{""x_Runtime"":""python312"",""x_Generation"":""gen2""}",//cloudfunctions.googleapis.com/projects/examplecorp-prod-481627/functions/fn-76c450d3,fn-76c450d3,Cloud Function,europe-west1,Belgium,,,,,,,,,,,"{""environment"":""dev"",""cost-center"":""cc-1042"",""owner"":""team-platform""}"
Google Cloud,Google,Google Cloud,INV-2026-05-A7B8C9,11C2D3-E4F506-A7B8C9,ExampleCorp Billing - Secondary,Billing Account,examplecorp-prod-481627,prod-platform,Project,2026-05-01T00:00:00Z,2026-06-01T00:00:00Z,2026-05-04T19:00:00Z,2026-05-04T20:00:00Z,Purchase,,"Committed Use Discount commitment, amortised for the charge period",Recurring,0.089378,0,0.089378,0.089378,0.0893780000,0.0893780000,Standard,1,Hours,USD,0.0893780000,0,0.0893780000,USD,,,Compute Engine,Compute,Virtual Machines,SKU-613ce285f8bfe941af1c870a,Commitment,SPRICE-6e7aac724f1fc047f53d742a,"{""x_Plan"":""TWELVE_MONTH"",""x_Type"":""COMPUTE_OPTIMIZED""}",//compute.googleapis.com/projects/examplecorp-prod-481627/regions/us-east1/commitments/cud-64409ccda2,cud-f704dbbc94,Committed Use Discount,us-east1,South Carolina,,//compute.googleapis.com/projects/examplecorp-prod-481627/regions/us-east1/commitments/cud-64409ccda2,ResourceBasedCUD-1yr-Compute,Usage,Committed Use Discount,,1,Hours,,,"{""environment"":""prod"",""cost-center"":""cc-1042"",""owner"":""team-payments""}"
Google Cloud,Google,Google Cloud,INV-2026-05-A7B8C9,11C2D3-E4F506-A7B8C9,ExampleCorp Billing - Secondary,Billing Account,examplecorp-prod-481627,prod-platform,Project,2026-05-01T00:00:00Z,2026-06-01T00:00:00Z,2026-05-04T19:00:00Z,2026-05-04T20:00:00Z,Usage,,Compute Engine committed usage,Usage-Based,0,0.089378,0.134,0.1206,0.1340000000,0.1206000000,Committed,1,Hours,USD,0.1206000000,0.089378,0.1340000000,USD,1,Hours,Compute Engine,Compute,Virtual Machines,SKU-c7f294f3dc4904208c787632,Compute,SPRICE-c8c1784c237a87edf1c3647d,"{""InstanceType"":""e2-standard-4"",""InstanceSeries"":""E2"",""CoreCount"":4,""MemorySize"":16,""OperatingSystem"":""Linux"",""x_Preemptible"":""false""}",//compute.googleapis.com/projects/examplecorp-prod-481627/instances/instance-0000db89fa,instance-0000db89fa,Compute Instance,us-east1,South Carolina,us-east1-c,//compute.googleapis.com/projects/examplecorp-prod-481627/regions/us-east1/commitments/cud-64409ccda2,ResourceBasedCUD-1yr-Compute,Usage,Committed Use Discount,Used,1,Hours,,,"{""environment"":""dev"",""cost-center"":""cc-2087"",""owner"":""team-payments""}"
Google Cloud,Google,Google Cloud,INV-2026-05-A7B8C9,11C2D3-E4F506-A7B8C9,ExampleCorp Billing - Secondary,Billing Account,examplecorp-prod-481627,prod-platform,Project,2026-05-01T00:00:00Z,2026-06-01T00:00:00Z,2026-05-04T20:00:00Z,2026-05-04T21:00:00Z,Purchase,,"Committed Use Discount commitment, amortised for the charge period",Recurring,0.089378,0,0.089378,0.089378,0.0893780000,0.0893780000,Standard,1,Hours,USD,0.0893780000,0,0.0893780000,USD,,,Compute Engine,Compute,Virtual Machines,SKU-613ce285f8bfe941af1c870a,Commitment,SPRICE-6e7aac724f1fc047f53d742a,"{""x_Plan"":""TWELVE_MONTH"",""x_Type"":""COMPUTE_OPTIMIZED""}",//compute.googleapis.com/projects/examplecorp-prod-481627/regions/us-east1/commitments/cud-64409ccda2,cud-f704dbbc94,Committed Use Discount,us-east1,South Carolina,,//compute.googleapis.com/projects/examplecorp-prod-481627/regions/us-east1/commitments/cud-64409ccda2,ResourceBasedCUD-1yr-Compute,Usage,Committed Use Discount,,1,Hours,,,"{""environment"":""dev"",""cost-center"":""cc-3110"",""owner"":""team-data""}"
Google Cloud,Google,Google Cloud,INV-2026-05-A7B8C9,11C2D3-E4F506-A7B8C9,ExampleCorp Billing - Secondary,Billing Account,examplecorp-prod-481627,prod-platform,Project,2026-05-01T00:00:00Z,2026-06-01T00:00:00Z,2026-05-04T20:00:00Z,2026-05-04T21:00:00Z,Usage,,Compute Engine committed usage,Usage-Based,0,0.089378,0.134,0.1206,0.1340000000,0.1206000000,Committed,1,Hours,USD,0.1206000000,0.089378,0.1340000000,USD,1,Hours,Compute Engine,Compute,Virtual Machines,SKU-c7f294f3dc4904208c787632,Compute,SPRICE-c8c1784c237a87edf1c3647d,"{""InstanceType"":""e2-standard-4"",""InstanceSeries"":""E2"",""CoreCount"":4,""MemorySize"":16,""OperatingSystem"":""Linux"",""x_Preemptible"":""false""}",//compute.googleapis.com/projects/examplecorp-prod-481627/instances/instance-00019a68f5,instance-00019a68f5,Compute Instance,us-east1,South Carolina,us-east1-c,//compute.googleapis.com/projects/examplecorp-prod-481627/regions/us-east1/commitments/cud-64409ccda2,ResourceBasedCUD-1yr-Compute,Usage,Committed Use Discount,Used,1,Hours,,,"{""environment"":""dev"",""cost-center"":""cc-2087"",""owner"":""team-payments""}"
Google Cloud,Google,Google Cloud,INV-2026-05-A7B8C9,11C2D3-E4F506-A7B8C9,ExampleCorp Billing - Secondary,Billing Account,examplecorp-prod-481627,prod-platform,Project,2026-05-01T00:00:00Z,2026-06-01T00:00:00Z,2026-05-04T21:00:00Z,2026-05-04T22:00:00Z,Purchase,,"Committed Use Discount commitment, amortised for the charge period",Recurring,0.089378,0,0.089378,0.089378,0.0893780000,0.0893780000,Standard,1,Hours,USD,0.0893780000,0,0.0893780000,USD,,,Compute Engine,Compute,Virtual Machines,SKU-613ce285f8bfe941af1c870a,Commitment,SPRICE-6e7aac724f1fc047f53d742a,"{""x_Plan"":""TWELVE_MONTH"",""x_Type"":""COMPUTE_OPTIMIZED""}",//compute.googleapis.com/projects/examplecorp-prod-481627/regions/us-east1/commitments/cud-64409ccda2,cud-f704dbbc94,Committed Use Discount,us-east1,South Carolina,,//compute.googleapis.com/projects/examplecorp-prod-481627/regions/us-east1/commitments/cud-64409ccda2,ResourceBasedCUD-1yr-Compute,Usage,Committed Use Discount,,1,Hours,,,"{""environment"":""dev"",""cost-center"":""cc-2087"",""owner"":""team-data""}"
Google Cloud,Google,Google Cloud,INV-2026-05-A7B8C9,11C2D3-E4F506-A7B8C9,ExampleCorp Billing - Secondary,Billing Account,examplecorp-prod-481627,prod-platform,Project,2026-05-01T00:00:00Z,2026-06-01T00:00:00Z,2026-05-04T21:00:00Z,2026-05-04T22:00:00Z,Usage,,Compute Engine committed usage,Usage-Based,0,0.089378,0.134,0.1206,0.1340000000,0.1206000000,Committed,1,Hours,USD,0.1206000000,0.089378,0.1340000000,USD,1,Hours,Compute Engine,Compute,Virtual Machines,SKU-c7f294f3dc4904208c787632,Compute,SPRICE-c8c1784c237a87edf1c3647d,"{""InstanceType"":""e2-standard-4"",""InstanceSeries"":""E2"",""CoreCount"":4,""MemorySize"":16,""OperatingSystem"":""Linux"",""x_Preemptible"":""false""}",//compute.googleapis.com/projects/examplecorp-prod-481627/instances/instance-00024266a8,instance-00024266a8,Compute Instance,us-east1,South Carolina,us-east1-c,//compute.googleapis.com/projects/examplecorp-prod-481627/regions/us-east1/commitments/cud-64409ccda2,ResourceBasedCUD-1yr-Compute,Usage,Committed Use Discount,Used,1,Hours,,,"{""environment"":""prod"",""cost-center"":""cc-1042"",""owner"":""team-platform""}"
Google Cloud,Google,Google Cloud,INV-2026-05-A7B8C9,11C2D3-E4F506-A7B8C9,ExampleCorp Billing - Secondary,Billing Account,examplecorp-prod-481627,prod-platform,Project,2026-05-01T00:00:00Z,2026-06-01T00:00:00Z,2026-05-04T22:00:00Z,2026-05-04T23:00:00Z,Purchase,,"Committed Use Discount commitment, amortised for the charge period",Recurring,0.089378,0,0.089378,0.089378,0.0893780000,0.0893780000,Standard,1,Hours,USD,0.0893780000,0,0.0893780000,USD,,,Compute Engine,Compute,Virtual Machines,SKU-613ce285f8bfe941af1c870a,Commitment,SPRICE-6e7aac724f1fc047f53d742a,"{""x_Plan"":""TWELVE_MONTH"",""x_Type"":""COMPUTE_OPTIMIZED""}",//compute.googleapis.com/projects/examplecorp-prod-481627/regions/us-east1/commitments/cud-64409ccda2,cud-f704dbbc94,Committed Use Discount,us-east1,South Carolina,,//compute.googleapis.com/projects/examplecorp-prod-481627/regions/us-east1/commitments/cud-64409ccda2,ResourceBasedCUD-1yr-Compute,Usage,Committed Use Discount,,1,Hours,,,"{""environment"":""dev"",""cost-center"":""cc-3110"",""owner"":""team-payments""}"
Google Cloud,Google,Google Cloud,INV-2026-05-A7B8C9,11C2D3-E4F506-A7B8C9,ExampleCorp Billing - Secondary,Billing Account,examplecorp-prod-481627,prod-platform,Project,2026-05-01T00:00:00Z,2026-06-01T00:00:00Z,2026-05-04T22:00:00Z,2026-05-04T23:00:00Z,Usage,,Compute Engine committed usage,Usage-Based,0,0.089378,0.134,0.1206,0.1340000000,0.1206000000,Committed,1,Hours,USD,0.1206000000,0.089378,0.1340000000,USD,1,Hours,Compute Engine,Compute,Virtual Machines,SKU-c7f294f3dc4904208c787632,Compute,SPRICE-c8c1784c237a87edf1c3647d,"{""InstanceType"":""e2-standard-4"",""InstanceSeries"":""E2"",""CoreCount"":4,""MemorySize"":16,""OperatingSystem"":""Linux"",""x_Preemptible"":""false""}",//compute.googleapis.com/projects/examplecorp-prod-481627/instances/instance-0003e1a0b4,instance-0003e1a0b4,Compute Instance,us-east1,South Carolina,us-east1-c,//compute.googleapis.com/projects/examplecorp-prod-481627/regions/us-east1/commitments/cud-64409ccda2,ResourceBasedCUD-1yr-Compute,Usage,Committed Use Discount,Used,1,Hours,,,"{""environment"":""dev"",""cost-center"":""cc-2087"",""owner"":""team-platform""}"
Google Cloud,Google,Google Cloud,INV-2026-05-A7B8C9,11C2D3-E4F506-A7B8C9,ExampleCorp Billing - Secondary,Billing Account,examplecorp-prod-481627,prod-platform,Project,2026-05-01T00:00:00Z,2026-06-01T00:00:00Z,2026-05-04T23:00:00Z,2026-05-05T00:00:00Z,Purchase,,"Committed Use Discount commitment, amortised for the charge period",Recurring,0.089378,0,0.089378,0.089378,0.0893780000,0.0893780000,Standard,1,Hours,USD,0.0893780000,0,0.0893780000,USD,,,Compute Engine,Compute,Virtual Machines,SKU-613ce285f8bfe941af1c870a,Commitment,SPRICE-6e7aac724f1fc047f53d742a,"{""x_Plan"":""TWELVE_MONTH"",""x_Type"":""COMPUTE_OPTIMIZED""}",//compute.googleapis.com/projects/examplecorp-prod-481627/regions/us-east1/commitments/cud-64409ccda2,cud-f704dbbc94,Committed Use Discount,us-east1,South Carolina,,//compute.googleapis.com/projects/examplecorp-prod-481627/regions/us-east1/commitments/cud-64409ccda2,ResourceBasedCUD-1yr-Compute,Usage,Committed Use Discount,,1,Hours,,,"{""environment"":""prod"",""cost-center"":""cc-1042"",""owner"":""team-platform""}"
Google Cloud,Google,Google Cloud,INV-2026-05-A7B8C9,11C2D3-E4F506-A7B8C9,ExampleCorp Billing - Secondary,Billing Account,examplecorp-prod-481627,prod-platform,Project,2026-05-01T00:00:00Z,2026-06-01T00:00:00Z,2026-05-04T23:00:00Z,2026-05-05T00:00:00Z,Usage,,Compute Engine committed usage,Usage-Based,0,0.089378,0.134,0.1206,0.1340000000,0.1206000000,Committed,1,Hours,USD,0.1206000000,0.089378,0.1340000000,USD,1,Hours,Compute Engine,Compute,Virtual Machines,SKU-c7f294f3dc4904208c787632,Compute,SPRICE-c8c1784c237a87edf1c3647d,"{""InstanceType"":""e2-standard-4"",""InstanceSeries"":""E2"",""CoreCount"":4,""MemorySize"":16,""OperatingSystem"":""Linux"",""x_Preemptible"":""false""}",//compute.googleapis.com/projects/examplecorp-prod-481627/instances/instance-00046d98d8,instance-00046d98d8,Compute Instance,us-east1,South Carolina,us-east1-c,//compute.googleapis.com/projects/examplecorp-prod-481627/regions/us-east1/commitments/cud-64409ccda2,ResourceBasedCUD-1yr-Compute,Usage,Committed Use Discount,Used,1,Hours,,,"{""environment"":""dev"",""cost-center"":""cc-3110"",""owner"":""team-data""}"
Google Cloud,Google,Google Cloud,INV-2026-05-A7B8C9,11C2D3-E4F506-A7B8C9,ExampleCorp Billing - Secondary,Billing Account,examplecorp-prod-481627,prod-platform,Project,2026-05-01T00:00:00Z,2026-06-01T00:00:00Z,2026-05-05T00:00:00Z,2026-05-05T01:00:00Z,Purchase,,"Committed Use Discount commitment, amortised for the charge period",Recurring,0.089378,0,0.089378,0.089378,0.0893780000,0.0893780000,Standard,1,Hours,USD,0.0893780000,0,0.0893780000,USD,,,Compute Engine,Compute,Virtual Machines,SKU-613ce285f8bfe941af1c870a,Commitment,SPRICE-6e7aac724f1fc047f53d742a,"{""x_Plan"":""TWELVE_MONTH"",""x_Type"":""COMPUTE_OPTIMIZED""}",//compute.googleapis.com/projects/examplecorp-prod-481627/regions/us-east1/commitments/cud-64409ccda2,cud-f704dbbc94,Committed Use Discount,us-east1,South Carolina,,//compute.googleapis.com/projects/examplecorp-prod-481627/regions/us-east1/commitments/cud-64409ccda2,ResourceBasedCUD-1yr-Compute,Usage,Committed Use Discount,,1,Hours,,,"{""environment"":""dev"",""cost-center"":""cc-2087"",""owner"":""team-payments""}"
Google Cloud,Google,Google Cloud,INV-2026-05-A7B8C9,11C2D3-E4F506-A7B8C9,ExampleCorp Billing - Secondary,Billing Account,examplecorp-prod-481627,prod-platform,Project,2026-05-01T00:00:00Z,2026-06-01T00:00:00Z,2026-05-05T00:00:00Z,2026-05-05T01:00:00Z,Usage,,Compute Engine committed usage,Usage-Based,0,0.089378,0.134,0.1206,0.1340000000,0.1206000000,Committed,1,Hours,USD,0.1206000000,0.089378,0.1340000000,USD,1,Hours,Compute Engine,Compute,Virtual Machines,SKU-c7f294f3dc4904208c787632,Compute,SPRICE-c8c1784c237a87edf1c3647d,"{""InstanceType"":""e2-standard-4"",""InstanceSeries"":""E2"",""CoreCount"":4,""MemorySize"":16,""OperatingSystem"":""Linux"",""x_Preemptible"":""false""}",//compute.googleapis.com/projects/examplecorp-prod-481627/instances/instance-0005b53f2e,instance-0005b53f2e,Compute Instance,us-east1,South Carolina,us-east1-c,//compute.googleapis.com/projects/examplecorp-prod-481627/regions/us-east1/commitments/cud-64409ccda2,ResourceBasedCUD-1yr-Compute,Usage,Committed Use Discount,Used,1,Hours,,,"{""environment"":""prod"",""cost-center"":""cc-1042"",""owner"":""team-platform""}"
Google Cloud,Google,Google Cloud,INV-2026-05-A7B8C9,11C2D3-E4F506-A7B8C9,ExampleCorp Billing - Secondary,Billing Account,examplecorp-prod-481627,prod-platform,Project,2026-05-01T00:00:00Z,2026-06-01T00:00:00Z,2026-05-05T01:00:00Z,2026-05-05T02:00:00Z,Purchase,,"Committed Use Discount commitment, amortised for the charge period",Recurring,0.089378,0,0.089378,0.089378,0.0893780000,0.0893780000,Standard,1,Hours,USD,0.0893780000,0,0.0893780000,USD,,,Compute Engine,Compute,Virtual Machines,SKU-613ce285f8bfe941af1c870a,Commitment,SPRICE-6e7aac724f1fc047f53d742a,"{""x_Plan"":""TWELVE_MONTH"",""x_Type"":""COMPUTE_OPTIMIZED""}",//compute.googleapis.com/projects/examplecorp-prod-481627/regions/us-east1/commitments/cud-64409ccda2,cud-f704dbbc94,Committed Use Discount,us-east1,South Carolina,,//compute.googleapis.com/projects/examplecorp-prod-481627/regions/us-east1/commitments/cud-64409ccda2,ResourceBasedCUD-1yr-Compute,Usage,Committed Use Discount,,1,Hours,,,"{""environment"":""prod"",""cost-center"":""cc-3110"",""owner"":""team-platform""}"
Google Cloud,Google,Google Cloud,INV-2026-05-A7B8C9,11C2D3-E4F506-A7B8C9,ExampleCorp Billing - Secondary,Billing Account,examplecorp-prod-481627,prod-platform,Project,2026-05-01T00:00:00Z,2026-06-01T00:00:00Z,2026-05-05T01:00:00Z,2026-05-05T02:00:00Z,Usage,,Compute Engine committed usage,Usage-Based,0,0.089378,0.134,0.1206,0.1340000000,0.1206000000,Committed,1,Hours,USD,0.1206000000,0.089378,0.1340000000,USD,1,Hours,Compute Engine,Compute,Virtual Machines,SKU-c7f294f3dc4904208c787632,Compute,SPRICE-c8c1784c237a87edf1c3647d,"{""InstanceType"":""e2-standard-4"",""InstanceSeries"":""E2"",""CoreCount"":4,""MemorySize"":16,""OperatingSystem"":""Linux"",""x_Preemptible"":""false""}",//compute.googleapis.com/projects/examplecorp-prod-481627/instances/instance-0006377c4d,instance-0006377c4d,Compute Instance,us-east1,South Carolina,us-east1-c,//compute.googleapis.com/projects/examplecorp-prod-481627/regions/us-east1/commitments/cud-64409ccda2,ResourceBasedCUD-1yr-Compute,Usage,Committed Use Discount,Used,1,Hours,,,"{""environment"":""dev"",""cost-center"":""cc-1042"",""owner"":""team-data""}"
Google Cloud,Google,Google Cloud,INV-2026-05-A7B8C9,11C2D3-E4F506-A7B8C9,ExampleCorp Billing - Secondary,Billing Account,examplecorp-prod-481627,prod-platform,Project,2026-05-01T00:00:00Z,2026-06-01T00:00:00Z,2026-05-05T02:00:00Z,2026-05-05T03:00:00Z,Purchase,,"Committed Use Discount commitment, amortised for the charge period",Recurring,0.089378,0,0.089378,0.089378,0.0893780000,0.0893780000,Standard,1,Hours,USD,0.0893780000,0,0.0893780000,USD,,,Compute Engine,Compute,Virtual Machines,SKU-613ce285f8bfe941af1c870a,Commitment,SPRICE-6e7aac724f1fc047f53d742a,"{""x_Plan"":""TWELVE_MONTH"",""x_Type"":""COMPUTE_OPTIMIZED""}",//compute.googleapis.com/projects/examplecorp-prod-481627/regions/us-east1/commitments/cud-64409ccda2,cud-f704dbbc94,Committed Use Discount,us-east1,South Carolina,,//compute.googleapis.com/projects/examplecorp-prod-481627/regions/us-east1/commitments/cud-64409ccda2,ResourceBasedCUD-1yr-Compute,Usage,Committed Use Discount,,1,Hours,,,"{""environment"":""dev"",""cost-center"":""cc-3110"",""owner"":""team-platform""}"
Google Cloud,Google,Google Cloud,INV-2026-05-A7B8C9,11C2D3-E4F506-A7B8C9,ExampleCorp Billing - Secondary,Billing Account,examplecorp-prod-481627,prod-platform,Project,2026-05-01T00:00:00Z,2026-06-01T00:00:00Z,2026-05-05T02:00:00Z,2026-05-05T03:00:00Z,Usage,,Compute Engine committed usage,Usage-Based,0,0.089378,0.134,0.1206,0.1340000000,0.1206000000,Committed,1,Hours,USD,0.1206000000,0.089378,0.1340000000,USD,1,Hours,Compute Engine,Compute,Virtual Machines,SKU-c7f294f3dc4904208c787632,Compute,SPRICE-c8c1784c237a87edf1c3647d,"{""InstanceType"":""e2-standard-4"",""InstanceSeries"":""E2"",""CoreCount"":4,""MemorySize"":16,""OperatingSystem"":""Linux"",""x_Preemptible"":""false""}",//compute.googleapis.com/projects/examplecorp-prod-481627/instances/instance-0007470a5b,instance-0007470a5b,Compute Instance,us-east1,South Carolina,us-east1-c,//compute.googleapis.com/projects/examplecorp-prod-481627/regions/us-east1/commitments/cud-64409ccda2,ResourceBasedCUD-1yr-Compute,Usage,Committed Use Discount,Used,1,Hours,,,"{""environment"":""prod"",""cost-center"":""cc-3110"",""owner"":""team-payments""}"
Google Cloud,Google,Google Cloud,INV-2026-05-A7B8C9,11C2D3-E4F506-A7B8C9,ExampleCorp Billing - Secondary,Billing Account,examplecorp-prod-481627,prod-platform,Project,2026-05-01T00:00:00Z,2026-06-01T00:00:00Z,2026-05-05T03:00:00Z,2026-05-05T04:00:00Z,Purchase,,"Committed Use Discount commitment, amortised for the charge period",Recurring,0.089378,0,0.089378,0.089378,0.0893780000,0.0893780000,Standard,1,Hours,USD,0.0893780000,0,0.0893780000,USD,,,Compute Engine,Compute,Virtual Machines,SKU-613ce285f8bfe941af1c870a,Commitment,SPRICE-6e7aac724f1fc047f53d742a,"{""x_Plan"":""TWELVE_MONTH"",""x_Type"":""COMPUTE_OPTIMIZED""}",//compute.googleapis.com/projects/examplecorp-prod-481627/regions/us-east1/commitments/cud-64409ccda2,cud-f704dbbc94,Committed Use Discount,us-east1,South Carolina,,//compute.googleapis.com/projects/examplecorp-prod-481627/regions/us-east1/commitments/cud-64409ccda2,ResourceBasedCUD-1yr-Compute,Usage,Committed Use Discount,,1,Hours,,,"{""environment"":""dev"",""cost-center"":""cc-2087"",""owner"":""team-payments""}"
Google Cloud,Google,Google Cloud,INV-2026-05-A7B8C9,11C2D3-E4F506-A7B8C9,ExampleCorp Billing - Secondary,Billing Account,examplecorp-prod-481627,prod-platform,Project,2026-05-01T00:00:00Z,2026-06-01T00:00:00Z,2026-05-05T03:00:00Z,2026-05-05T04:00:00Z,Usage,,Committed Use Discount unused commitment,Usage-Based,0,0.089378,0.089378,0.089378,0.0893780000,0.0893780000,Committed,1,Hours,USD,0.0893780000,0.089378,0.0893780000,USD,,,Compute Engine,Compute,Virtual Machines,SKU-613ce285f8bfe941af1c870a,Commitment,SPRICE-6e7aac724f1fc047f53d742a,"{""x_Plan"":""TWELVE_MONTH"",""x_Type"":""COMPUTE_OPTIMIZED""}",//compute.googleapis.com/projects/examplecorp-prod-481627/regions/us-east1/commitments/cud-64409ccda2,cud-f704dbbc94,Committed Use Discount,us-east1,South Carolina,,//compute.googleapis.com/projects/examplecorp-prod-481627/regions/us-east1/commitments/cud-64409ccda2,ResourceBasedCUD-1yr-Compute,Usage,Committed Use Discount,Unused,1,Hours,,,"{""environment"":""staging"",""cost-center"":""cc-2087"",""owner"":""team-payments""}"
Google Cloud,Google,Google Cloud,INV-2026-05-A7B8C9,11C2D3-E4F506-A7B8C9,ExampleCorp Billing - Secondary,Billing Account,examplecorp-prod-481627,prod-platform,Project,2026-05-01T00:00:00Z,2026-06-01T00:00:00Z,2026-05-05T04:00:00Z,2026-05-05T05:00:00Z,Purchase,,"Committed Use Discount commitment, amortised for the charge period",Recurring,0.089378,0,0.089378,0.089378,0.0893780000,0.0893780000,Standard,1,Hours,USD,0.0893780000,0,0.0893780000,USD,,,Compute Engine,Compute,Virtual Machines,SKU-613ce285f8bfe941af1c870a,Commitment,SPRICE-6e7aac724f1fc047f53d742a,"{""x_Plan"":""TWELVE_MONTH"",""x_Type"":""COMPUTE_OPTIMIZED""}",//compute.googleapis.com/projects/examplecorp-prod-481627/regions/us-east1/commitments/cud-64409ccda2,cud-f704dbbc94,Committed Use Discount,us-east1,South Carolina,,//compute.googleapis.com/projects/examplecorp-prod-481627/regions/us-east1/commitments/cud-64409ccda2,ResourceBasedCUD-1yr-Compute,Usage,Committed Use Discount,,1,Hours,,,"{""environment"":""staging"",""cost-center"":""cc-1042"",""owner"":""team-payments""}"
Google Cloud,Google,Google Cloud,INV-2026-05-A7B8C9,11C2D3-E4F506-A7B8C9,ExampleCorp Billing - Secondary,Billing Account,examplecorp-prod-481627,prod-platform,Project,2026-05-01T00:00:00Z,2026-06-01T00:00:00Z,2026-05-05T04:00:00Z,2026-05-05T05:00:00Z,Usage,,Committed Use Discount unused commitment,Usage-Based,0,0.089378,0.089378,0.089378,0.0893780000,0.0893780000,Committed,1,Hours,USD,0.0893780000,0.089378,0.0893780000,USD,,,Compute Engine,Compute,Virtual Machines,SKU-613ce285f8bfe941af1c870a,Commitment,SPRICE-6e7aac724f1fc047f53d742a,"{""x_Plan"":""TWELVE_MONTH"",""x_Type"":""COMPUTE_OPTIMIZED""}",//compute.googleapis.com/projects/examplecorp-prod-481627/regions/us-east1/commitments/cud-64409ccda2,cud-f704dbbc94,Committed Use Discount,us-east1,South Carolina,,//compute.googleapis.com/projects/examplecorp-prod-481627/regions/us-east1/commitments/cud-64409ccda2,ResourceBasedCUD-1yr-Compute,Usage,Committed Use Discount,Unused,1,Hours,,,"{""environment"":""staging"",""cost-center"":""cc-3110"",""owner"":""team-data""}"
Google Cloud,Google,Google Cloud,INV-2026-05-A7B8C9,11C2D3-E4F506-A7B8C9,ExampleCorp Billing - Secondary,Billing Account,examplecorp-prod-481627,prod-platform,Project,2026-05-01T00:00:00Z,2026-06-01T00:00:00Z,2026-05-05T05:00:00Z,2026-05-05T06:00:00Z,Purchase,,"Committed Use Discount commitment, amortised for the charge period",Recurring,0.089378,0,0.089378,0.089378,0.0893780000,0.0893780000,Standard,1,Hours,USD,0.0893780000,0,0.0893780000,USD,,,Compute Engine,Compute,Virtual Machines,SKU-613ce285f8bfe941af1c870a,Commitment,SPRICE-6e7aac724f1fc047f53d742a,"{""x_Plan"":""TWELVE_MONTH"",""x_Type"":""COMPUTE_OPTIMIZED""}",//compute.googleapis.com/projects/examplecorp-prod-481627/regions/us-east1/commitments/cud-64409ccda2,cud-f704dbbc94,Committed Use Discount,us-east1,South Carolina,,//compute.googleapis.com/projects/examplecorp-prod-481627/regions/us-east1/commitments/cud-64409ccda2,ResourceBasedCUD-1yr-Compute,Usage,Committed Use Discount,,1,Hours,,,"{""environment"":""prod"",""cost-center"":""cc-1042"",""owner"":""team-payments""}"
Google Cloud,Google,Google Cloud,INV-2026-05-A7B8C9,11C2D3-E4F506-A7B8C9,ExampleCorp Billing - Secondary,Billing Account,examplecorp-prod-481627,prod-platform,Project,2026-05-01T00:00:00Z,2026-06-01T00:00:00Z,2026-05-05T05:00:00Z,2026-05-05T06:00:00Z,Usage,,Committed Use Discount unused commitment,Usage-Based,0,0.089378,0.089378,0.089378,0.0893780000,0.0893780000,Committed,1,Hours,USD,0.0893780000,0.089378,0.0893780000,USD,,,Compute Engine,Compute,Virtual Machines,SKU-613ce285f8bfe941af1c870a,Commitment,SPRICE-6e7aac724f1fc047f53d742a,"{""x_Plan"":""TWELVE_MONTH"",""x_Type"":""COMPUTE_OPTIMIZED""}",//compute.googleapis.com/projects/examplecorp-prod-481627/regions/us-east1/commitments/cud-64409ccda2,cud-f704dbbc94,Committed Use Discount,us-east1,South Carolina,,//compute.googleapis.com/projects/examplecorp-prod-481627/regions/us-east1/commitments/cud-64409ccda2,ResourceBasedCUD-1yr-Compute,Usage,Committed Use Discount,Unused,1,Hours,,,"{""environment"":""dev"",""cost-center"":""cc-1042"",""owner"":""team-data""}"
Google Cloud,Google,Google Cloud,INV-2026-05-A7B8C9,11C2D3-E4F506-A7B8C9,ExampleCorp Billing - Secondary,Billing Account,examplecorp-data-739104,data-analytics,Project,2026-05-01T00:00:00Z,2026-06-01T00:00:00Z,2026-05-01T00:00:00Z,2026-06-01T00:00:00Z,Tax,,Synthetic tax 10% on usage record 60: Cloud Storage,One-Time,2.01793464,2.01793464,2.2421496,2.01793464,,,,,,USD,,2.01793464,,USD,,,Cloud Storage,Storage,Object Storage,,,,,,,,,,,,,,,,,,,,"{""environment"":""prod"",""cost-center"":""cc-3110"",""owner"":""team-data""}"
Google Cloud,Google,Google Cloud,INV-2026-05-F70819,01A2B3-C4D5E6-F70819,ExampleCorp Billing - Primary,Billing Account,examplecorp-data-739104,data-analytics,Project,2026-05-01T00:00:00Z,2026-06-01T00:00:00Z,2026-05-03T00:00:00Z,2026-05-04T00:00:00Z,Usage,,On-demand query analysis,Usage-Based,136.4011875,136.4011875,151.556875,136.4011875,6.2500000000,5.6250000000,Standard,24.2491,TiB,USD,5.6250000000,136.4011875,6.2500000000,USD,24.2491,TiB,BigQuery,Databases,Data Warehouses,SKU-1607322bfb22b50842e3cc7b,Analysis,SPRICE-4b8dca1b547fed9a03f372f3,"{""x_Edition"":""OnDemand""}",//bigquery.googleapis.com/projects/examplecorp-data-739104/datasets/ds_fa5f0b4e,ds_fa5f0b4e,BigQuery Dataset,asia-southeast1,Singapore,,,,,,,,,,,"{""environment"":""dev"",""cost-center"":""cc-3110"",""owner"":""team-data""}"
Google Cloud,Google,Google Cloud,INV-2026-05-A7B8C9,11C2D3-E4F506-A7B8C9,ExampleCorp Billing - Secondary,Billing Account,examplecorp-data-739104,data-analytics,Project,2026-05-01T00:00:00Z,2026-06-01T00:00:00Z,2026-05-05T19:00:00Z,2026-05-05T20:00:00Z,Usage,,Cloud Run vCPU allocation,Usage-Based,107.64919780848,107.64919780848,119.6102197872,107.64919780848,0.0000240000,0.0000216000,Standard,4983759.1578,Core-Seconds,USD,0.0000216000,107.64919780848,0.0000240000,USD,4983759.1578,Core-Seconds,Cloud Run,Compute,Serverless Compute,SKU-fc6a19d63f2363e917267178,Compute,SPRICE-0d6d39e6df512f4876c539aa,"{""x_Generation"":""gen2""}",//run.googleapis.com/projects/examplecorp-data-739104/services/svc-32eb4cf3,svc-32eb4cf3,Cloud Run Service,us-east1,South Carolina,,,,,,,,,,,"{""environment"":""staging"",""cost-center"":""cc-1042"",""owner"":""team-data""}"
Google Cloud,Google,Google Cloud,INV-2026-05-A7B8C9,11C2D3-E4F506-A7B8C9,ExampleCorp Billing - Secondary,Billing Account,examplecorp-sandbox-160942,sandbox-dev,Project,2026-05-01T00:00:00Z,2026-06-01T00:00:00Z,2026-05-05T00:00:00Z,2026-05-06T00:00:00Z,Usage,,On-demand query analysis,Usage-Based,92.7208125,92.7208125,103.023125,92.7208125,6.2500000000,5.6250000000,Standard,16.4837,TiB,USD,5.6250000000,92.7208125,6.2500000000,USD,16.4837,TiB,BigQuery,Databases,Data Warehouses,SKU-4f1f5c17ab1a3bad4c4e9805,Analysis,SPRICE-a8b87f9859524b369e02283b,"{""x_Edition"":""OnDemand""}",//bigquery.googleapis.com/projects/examplecorp-sandbox-160942/datasets/ds_8dd8dcbe,ds_8dd8dcbe,BigQuery Dataset,us-central1,Iowa,,,,,,,,,,,"{""environment"":""staging"",""cost-center"":""cc-1042"",""owner"":""team-data""}"
Google Cloud,Google,Google Cloud,INV-2026-05-A7B8C9,11C2D3-E4F506-A7B8C9,ExampleCorp Billing - Secondary,Billing Account,examplecorp-staging-552831,staging-platform,Project,2026-05-01T00:00:00Z,2026-06-01T00:00:00Z,2026-05-07T00:00:00Z,2026-05-08T00:00:00Z,Tax,,Synthetic tax 10% on usage record 7: BigQuery,One-Time,8.9481375,8.9481375,9.942375,8.9481375,,,,,,USD,,8.9481375,,USD,,,BigQuery,Databases,Data Warehouses,,,,,,,,,,,,,,,,,,,,"{""environment"":""staging"",""cost-center"":""cc-1042"",""owner"":""team-payments""}"
Google Cloud,Google,Google Cloud,INV-2026-05-A7B8C9,11C2D3-E4F506-A7B8C9,ExampleCorp Billing - Secondary,Billing Account,examplecorp-staging-552831,staging-platform,Project,2026-05-01T00:00:00Z,2026-06-01T00:00:00Z,2026-05-03T09:00:00Z,2026-05-03T10:00:00Z,Tax,,Synthetic tax 10% on usage record 58: Google Kubernetes Engine,One-Time,0.01206,0.01206,0.0134,0.01206,,,,,,USD,,0.01206,,USD,,,Google Kubernetes Engine,Compute,Containers,,,,,,,,,,,,,,,,,,,,"{""environment"":""staging"",""cost-center"":""cc-1042"",""owner"":""team-platform""}"
Google Cloud,Google,Google Cloud,INV-2026-05-F70819,01A2B3-C4D5E6-F70819,ExampleCorp Billing - Primary,Billing Account,examplecorp-prod-481627,prod-platform,Project,2026-05-01T00:00:00Z,2026-06-01T00:00:00Z,2026-05-08T00:00:00Z,2026-05-09T00:00:00Z,Usage,,Monitoring data ingested,Usage-Based,55.46795922,55.46795922,61.6310658,55.46795922,0.2580000000,0.2322000000,Standard,238.8801,MiB,USD,0.2322000000,55.46795922,0.2580000000,USD,238.8801,MiB,Cloud Monitoring,Management and Governance,Observability,SKU-afe92dda1165fc43abddae34,Monitoring,SPRICE-6d15472be77f7b0846642d52,"{""x_DataType"":""Metrics""}",//monitoring.googleapis.com/projects/examplecorp-prod-481627/metricsScopes/mon-226fc125,mon-226fc125,Monitoring Workspace,europe-west1,Belgium,,,,,,,,,,,"{""environment"":""staging"",""cost-center"":""cc-2087"",""owner"":""team-data""}"
Google Cloud,Google,Google Cloud,INV-2026-05-A7B8C9,11C2D3-E4F506-A7B8C9,ExampleCorp Billing - Secondary,Billing Account,examplecorp-data-739104,data-analytics,Project,2026-05-01T00:00:00Z,2026-06-01T00:00:00Z,2026-05-06T00:00:00Z,2026-05-06T01:00:00Z,Usage,,Cloud SQL custom 4 vCPU,Usage-Based,0.18,0.18,0.2,0.18,0.2000000000,0.1800000000,Standard,1.0000,Hours,USD,0.1800000000,0.18,0.2000000000,USD,1.0000,Hours,Cloud SQL,Databases,Relational Databases,SKU-ba223805a916089dc772c95e,Database,SPRICE-715e0278131e4992ea970001,"{""InstanceType"":""db-custom-4-16384"",""CoreCount"":4,""MemorySize"":16,""x_Engine"":""PostgreSQL""}",//sqladmin.googleapis.com/projects/examplecorp-data-739104/instances/sql-af27f7a6,sql-af27f7a6,Cloud SQL Instance,us-east1,South Carolina,,,,,,,,,,,"{""environment"":""prod"",""cost-center"":""cc-3110"",""owner"":""team-data""}"
Google Cloud,Google,Google Cloud,INV-2026-05-A7B8C9,11C2D3-E4F506-A7B8C9,ExampleCorp Billing - Secondary,Billing Account,examplecorp-sandbox-160942,sandbox-dev,Project,2026-05-01T00:00:00Z,2026-06-01T00:00:00Z,2026-05-10T00:00:00Z,2026-05-11T00:00:00Z,Usage,,On-demand query analysis,Usage-Based,120.7119375,120.7119375,134.124375,120.7119375,6.2500000000,5.6250000000,Standard,21.4599,TiB,USD,5.6250000000,120.7119375,6.2500000000,USD,21.4599,TiB,BigQuery,Databases,Data Warehouses,SKU-ef2de98156d58b386f8bea8e,Analysis,SPRICE-257832ee3981a8cf8c2b0ca4,"{""x_Edition"":""OnDemand""}",//bigquery.googleapis.com/projects/examplecorp-sandbox-160942/datasets/ds_a97a75c6,ds_a97a75c6,BigQuery Dataset,us-east1,South Carolina,,,,,,,,,,,"{""environment"":""dev"",""cost-center"":""cc-1042"",""owner"":""team-payments""}"
Google Cloud,Google,Google Cloud,INV-2026-05-A7B8C9,11C2D3-E4F506-A7B8C9,ExampleCorp Billing - Secondary,Billing Account,examplecorp-staging-552831,staging-platform,Project,2026-05-01T00:00:00Z,2026-06-01T00:00:00Z,2026-05-11T00:00:00Z,2026-05-12T00:00:00Z,Usage,,On-demand query analysis,Usage-Based,55.020375,55.020375,61.13375,55.020375,6.2500000000,5.6250000000,Standard,9.7814,TiB,USD,5.6250000000,55.020375,6.2500000000,USD,9.7814,TiB,BigQuery,Databases,Data Warehouses,SKU-e14c81c3b9dbfe726f5234cc,Analysis,SPRICE-a31e8b202bbc80cffe86259c,"{""x_Edition"":""OnDemand""}",//bigquery.googleapis.com/projects/examplecorp-staging-552831/datasets/ds_bd068496,ds_bd068496,BigQuery Dataset,europe-west1,Belgium,,,,,,,,,,,"{""environment"":""prod"",""cost-center"":""cc-3110"",""owner"":""team-data""}"
Google Cloud,Google,Google Cloud,INV-2026-05-F70819,01A2B3-C4D5E6-F70819,ExampleCorp Billing - Primary,Billing Account,examplecorp-staging-552831,staging-platform,Project,2026-05-01T00:00:00Z,2026-06-01T00:00:00Z,2026-05-06T03:00:00Z,2026-05-06T04:00:00Z,Usage,,Cloud SQL custom 4 vCPU,Usage-Based,0.18,0.18,0.2,0.18,0.2000000000,0.1800000000,Standard,1.0000,Hours,USD,0.1800000000,0.18,0.2000000000,USD,1.0000,Hours,Cloud SQL,Databases,Relational Databases,SKU-0878e8a79fb464dcb2955125,Database,SPRICE-252613603489dea350c5ac8d,"{""InstanceType"":""db-custom-4-16384"",""CoreCount"":4,""MemorySize"":16,""x_Engine"":""PostgreSQL""}",//sqladmin.googleapis.com/projects/examplecorp-staging-552831/instances/sql-fe6ca87e,sql-fe6ca87e,Cloud SQL Instance,europe-west1,Belgium,,,,,,,,,,,"{""environment"":""prod"",""cost-center"":""cc-2087"",""owner"":""team-platform""}"
Google Cloud,Google,Google Cloud,INV-2026-05-F70819,01A2B3-C4D5E6-F70819,ExampleCorp Billing - Primary,Billing Account,examplecorp-data-739104,data-analytics,Project,2026-05-01T00:00:00Z,2026-06-01T00:00:00Z,2026-05-13T00:00:00Z,2026-05-14T00:00:00Z,Usage,,Monitoring data ingested,Usage-Based,48.14321022,48.14321022,53.4924558,48.14321022,0.2580000000,0.2322000000,Standard,207.3351,MiB,USD,0.2322000000,48.14321022,0.2580000000,USD,207.3351,MiB,Cloud Monitoring,Management and Governance,Observability,SKU-73cb6d01edef8d38d97bb589,Monitoring,SPRICE-d59530bdf3a44cc1ae1d78ff,"{""x_DataType"":""Metrics""}",//monitoring.googleapis.com/projects/examplecorp-data-739104/metricsScopes/mon-cb47876b,mon-cb47876b,Monitoring Workspace,asia-southeast1,Singapore,,,,,,,,,,,"{""environment"":""dev"",""cost-center"":""cc-1042"",""owner"":""team-platform""}"
Google Cloud,Google,Google Cloud,INV-2026-05-A7B8C9,11C2D3-E4F506-A7B8C9,ExampleCorp Billing - Secondary,Billing Account,examplecorp-staging-552831,staging-platform,Project,2026-05-01T00:00:00Z,2026-06-01T00:00:00Z,2026-05-14T00:00:00Z,2026-05-15T00:00:00Z,Usage,,On-demand query analysis,Usage-Based,221.1643125,221.1643125,245.738125,221.1643125,6.2500000000,5.6250000000,Standard,39.3181,TiB,USD,5.6250000000,221.1643125,6.2500000000,USD,39.3181,TiB,BigQuery,Databases,Data Warehouses,SKU-e14c81c3b9dbfe726f5234cc,Analysis,SPRICE-a31e8b202bbc80cffe86259c,"{""x_Edition"":""OnDemand""}",//bigquery.googleapis.com/projects/examplecorp-staging-552831/datasets/ds_b89a6693,ds_b89a6693,BigQuery Dataset,europe-west1,Belgium,,,,,,,,,,,"{""environment"":""prod"",""cost-center"":""cc-3110"",""owner"":""team-platform""}"
Google Cloud,Google,Google Cloud,INV-2026-05-F70819,01A2B3-C4D5E6-F70819,ExampleCorp Billing - Primary,Billing Account,examplecorp-prod-481627,prod-platform,Project,2026-05-01T00:00:00Z,2026-06-01T00:00:00Z,2026-05-06T06:00:00Z,2026-05-06T07:00:00Z,Usage,,e2-standard-4 running,Usage-Based,0.1206,0.1206,0.134,0.1206,0.1340000000,0.1206000000,Standard,1.0000,Hours,USD,0.1206000000,0.1206,0.1340000000,USD,1.0000,Hours,Compute Engine,Compute,Virtual Machines,SKU-1f3d031b6a456d700dc64bbb,Compute,SPRICE-d8c574633874898080639a0f,"{""InstanceType"":""e2-standard-4"",""InstanceSeries"":""E2"",""CoreCount"":4,""MemorySize"":16,""OperatingSystem"":""Linux"",""x_Preemptible"":""false""}",//compute.googleapis.com/projects/examplecorp-prod-481627/instances/instance-257e260f,instance-257e260f,Compute Instance,asia-southeast1,Singapore,asia-southeast1-a,,,,,,,,,,"{""environment"":""prod"",""cost-center"":""cc-3110"",""owner"":""team-platform""}"
Google Cloud,Google,Google Cloud,INV-2026-05-F70819,01A2B3-C4D5E6-F70819,ExampleCorp Billing - Primary,Billing Account,examplecorp-prod-481627,prod-platform,Project,2026-05-01T00:00:00Z,2026-06-01T00:00:00Z,2026-05-06T07:00:00Z,2026-05-06T08:00:00Z,Usage,,Function execution duration,Usage-Based,3.770698316175,3.770698316175,4.18966479575,3.770698316175,0.0000025000,0.0000022500,Standard,1675865.9183,GB-Seconds,USD,0.0000022500,3.770698316175,0.0000025000,USD,1675865.9183,GB-Seconds,Cloud Functions,Compute,Serverless Compute,SKU-aa8988f20b7d9893658f467f,Compute,SPRICE-55a0ffdcaab822a480aad660,"{""x_Runtime"":""python312"",""x_Generation"":""gen2""}",//cloudfunctions.googleapis.com/projects/examplecorp-prod-481627/functions/fn-00ce964a,fn-00ce964a,Cloud Function,europe-west1,Belgium,,,,,,,,,,,"{""environment"":""staging"",""cost-center"":""cc-1042"",""owner"":""team-platform""}"
Google Cloud,Google,Google Cloud,INV-2026-05-F70819,01A2B3-C4D5E6-F70819,ExampleCorp Billing - Primary,Billing Account,examplecorp-sandbox-160942,sandbox-dev,Project,2026-05-01T00:00:00Z,2026-06-01T00:00:00Z,2026-05-06T08:00:00Z,2026-05-06T09:00:00Z,Purchase,,"Committed Use Discount commitment, amortised for the charge period",Recurring,0.089378,0,0.089378,0.089378,0.0893780000,0.0893780000,Standard,1,Hours,USD,0.0893780000,0,0.0893780000,USD,,,Compute Engine,Compute,Virtual Machines,SKU-811d066322b79393ddc63c0b,Commitment,SPRICE-b84c9f0636fd6deb92d27af0,"{""x_Plan"":""TWELVE_MONTH"",""x_Type"":""COMPUTE_OPTIMIZED""}",//compute.googleapis.com/projects/examplecorp-sandbox-160942/regions/asia-southeast1/commitments/cud-a48fad7528,cud-dbfd97189b,Committed Use Discount,asia-southeast1,Singapore,,//compute.googleapis.com/projects/examplecorp-sandbox-160942/regions/asia-southeast1/commitments/cud-a48fad7528,ResourceBasedCUD-1yr-Compute,Usage,Committed Use Discount,,1,Hours,,,"{""environment"":""prod"",""cost-center"":""cc-2087"",""owner"":""team-data""}"
Google Cloud,Google,Google Cloud,INV-2026-05-F70819,01A2B3-C4D5E6-F70819,ExampleCorp Billing - Primary,Billing Account,examplecorp-sandbox-160942,sandbox-dev,Project,2026-05-01T00:00:00Z,2026-06-01T00:00:00Z,2026-05-06T08:00:00Z,2026-05-06T09:00:00Z,Usage,,Compute Engine committed usage,Usage-Based,0,0.089378,0.134,0.1206,0.1340000000,0.1206000000,Committed,1,Hours,USD,0.1206000000,0.089378,0.1340000000,USD,1,Hours,Compute Engine,Compute,Virtual Machines,SKU-1f3d031b6a456d700dc64bbb,Compute,SPRICE-d8c574633874898080639a0f,"{""InstanceType"":""e2-standard-4"",""InstanceSeries"":""E2"",""CoreCount"":4,""MemorySize"":16,""OperatingSystem"":""Linux"",""x_Preemptible"":""false""}",//compute.googleapis.com/projects/examplecorp-sandbox-160942/instances/instance-000053187b,instance-000053187b,Compute Instance,asia-southeast1,Singapore,asia-southeast1-a,//compute.googleapis.com/projects/examplecorp-sandbox-160942/regions/asia-southeast1/commitments/cud-a48fad7528,ResourceBasedCUD-1yr-Compute,Usage,Committed Use Discount,Used,1,Hours,,,"{""environment"":""staging"",""cost-center"":""cc-2087"",""owner"":""team-platform""}"
Google Cloud,Google,Google Cloud,INV-2026-05-F70819,01A2B3-C4D5E6-F70819,ExampleCorp Billing - Primary,Billing Account,examplecorp-sandbox-160942,sandbox-dev,Project,2026-05-01T00:00:00Z,2026-06-01T00:00:00Z,2026-05-06T09:00:00Z,2026-05-06T10:00:00Z,Purchase,,"Committed Use Discount commitment, amortised for the charge period",Recurring,0.089378,0,0.089378,0.089378,0.0893780000,0.0893780000,Standard,1,Hours,USD,0.0893780000,0,0.0893780000,USD,,,Compute Engine,Compute,Virtual Machines,SKU-811d066322b79393ddc63c0b,Commitment,SPRICE-b84c9f0636fd6deb92d27af0,"{""x_Plan"":""TWELVE_MONTH"",""x_Type"":""COMPUTE_OPTIMIZED""}",//compute.googleapis.com/projects/examplecorp-sandbox-160942/regions/asia-southeast1/commitments/cud-a48fad7528,cud-dbfd97189b,Committed Use Discount,asia-southeast1,Singapore,,//compute.googleapis.com/projects/examplecorp-sandbox-160942/regions/asia-southeast1/commitments/cud-a48fad7528,ResourceBasedCUD-1yr-Compute,Usage,Committed Use Discount,,1,Hours,,,"{""environment"":""staging"",""cost-center"":""cc-1042"",""owner"":""team-payments""}"
Google Cloud,Google,Google Cloud,INV-2026-05-F70819,01A2B3-C4D5E6-F70819,ExampleCorp Billing - Primary,Billing Account,examplecorp-sandbox-160942,sandbox-dev,Project,2026-05-01T00:00:00Z,2026-06-01T00:00:00Z,2026-05-06T09:00:00Z,2026-05-06T10:00:00Z,Usage,,Compute Engine committed usage,Usage-Based,0,0.089378,0.134,0.1206,0.1340000000,0.1206000000,Committed,1,Hours,USD,0.1206000000,0.089378,0.1340000000,USD,1,Hours,Compute Engine,Compute,Virtual Machines,SKU-1f3d031b6a456d700dc64bbb,Compute,SPRICE-d8c574633874898080639a0f,"{""InstanceType"":""e2-standard-4"",""InstanceSeries"":""E2"",""CoreCount"":4,""MemorySize"":16,""OperatingSystem"":""Linux"",""x_Preemptible"":""false""}",//compute.googleapis.com/projects/examplecorp-sandbox-160942/instances/instance-0001e29279,instance-0001e29279,Compute Instance,asia-southeast1,Singapore,asia-southeast1-a,//compute.googleapis.com/projects/examplecorp-sandbox-160942/regions/asia-southeast1/commitments/cud-a48fad7528,ResourceBasedCUD-1yr-Compute,Usage,Committed Use Discount,Used,1,Hours,,,"{""environment"":""staging"",""cost-center"":""cc-2087"",""owner"":""team-data""}"
Google Cloud,Google,Google Cloud,INV-2026-05-F70819,01A2B3-C4D5E6-F70819,ExampleCorp Billing - Primary,Billing Account,examplecorp-sandbox-160942,sandbox-dev,Project,2026-05-01T00:00:00Z,2026-06-01T00:00:00Z,2026-05-06T10:00:00Z,2026-05-06T11:00:00Z,Purchase,,"Committed Use Discount commitment, amortised for the charge period",Recurring,0.089378,0,0.089378,0.089378,0.0893780000,0.0893780000,Standard,1,Hours,USD,0.0893780000,0,0.0893780000,USD,,,Compute Engine,Compute,Virtual Machines,SKU-811d066322b79393ddc63c0b,Commitment,SPRICE-b84c9f0636fd6deb92d27af0,"{""x_Plan"":""TWELVE_MONTH"",""x_Type"":""COMPUTE_OPTIMIZED""}",//compute.googleapis.com/projects/examplecorp-sandbox-160942/regions/asia-southeast1/commitments/cud-a48fad7528,cud-dbfd97189b,Committed Use Discount,asia-southeast1,Singapore,,//compute.googleapis.com/projects/examplecorp-sandbox-160942/regions/asia-southeast1/commitments/cud-a48fad7528,ResourceBasedCUD-1yr-Compute,Usage,Committed Use Discount,,1,Hours,,,"{""environment"":""staging"",""cost-center"":""cc-2087"",""owner"":""team-payments""}"
Google Cloud,Google,Google Cloud,INV-2026-05-F70819,01A2B3-C4D5E6-F70819,ExampleCorp Billing - Primary,Billing Account,examplecorp-sandbox-160942,sandbox-dev,Project,2026-05-01T00:00:00Z,2026-06-01T00:00:00Z,2026-05-06T10:00:00Z,2026-05-06T11:00:00Z,Usage,,Compute Engine committed usage,Usage-Based,0,0.089378,0.134,0.1206,0.1340000000,0.1206000000,Committed,1,Hours,USD,0.1206000000,0.089378,0.1340000000,USD,1,Hours,Compute Engine,Compute,Virtual Machines,SKU-1f3d031b6a456d700dc64bbb,Compute,SPRICE-d8c574633874898080639a0f,"{""InstanceType"":""e2-standard-4"",""InstanceSeries"":""E2"",""CoreCount"":4,""MemorySize"":16,""OperatingSystem"":""Linux"",""x_Preemptible"":""false""}",//compute.googleapis.com/projects/examplecorp-sandbox-160942/instances/instance-00021f958c,instance-00021f958c,Compute Instance,asia-southeast1,Singapore,asia-southeast1-a,//compute.googleapis.com/projects/examplecorp-sandbox-160942/regions/asia-southeast1/commitments/cud-a48fad7528,ResourceBasedCUD-1yr-Compute,Usage,Committed Use Discount,Used,1,Hours,,,"{""environment"":""dev"",""cost-center"":""cc-3110"",""owner"":""team-platform""}"
Google Cloud,Google,Google Cloud,INV-2026-05-F70819,01A2B3-C4D5E6-F70819,ExampleCorp Billing - Primary,Billing Account,examplecorp-sandbox-160942,sandbox-dev,Project,2026-05-01T00:00:00Z,2026-06-01T00:00:00Z,2026-05-06T11:00:00Z,2026-05-06T12:00:00Z,Purchase,,"Committed Use Discount commitment, amortised for the charge period",Recurring,0.089378,0,0.089378,0.089378,0.0893780000,0.0893780000,Standard,1,Hours,USD,0.0893780000,0,0.0893780000,USD,,,Compute Engine,Compute,Virtual Machines,SKU-811d066322b79393ddc63c0b,Commitment,SPRICE-b84c9f0636fd6deb92d27af0,"{""x_Plan"":""TWELVE_MONTH"",""x_Type"":""COMPUTE_OPTIMIZED""}",//compute.googleapis.com/projects/examplecorp-sandbox-160942/regions/asia-southeast1/commitments/cud-a48fad7528,cud-dbfd97189b,Committed Use Discount,asia-southeast1,Singapore,,//compute.googleapis.com/projects/examplecorp-sandbox-160942/regions/asia-southeast1/commitments/cud-a48fad7528,ResourceBasedCUD-1yr-Compute,Usage,Committed Use Discount,,1,Hours,,,"{""environment"":""staging"",""cost-center"":""cc-2087"",""owner"":""team-data""}"
Google Cloud,Google,Google Cloud,INV-2026-05-F70819,01A2B3-C4D5E6-F70819,ExampleCorp Billing - Primary,Billing Account,examplecorp-sandbox-160942,sandbox-dev,Project,2026-05-01T00:00:00Z,2026-06-01T00:00:00Z,2026-05-06T11:00:00Z,2026-05-06T12:00:00Z,Usage,,Compute Engine committed usage,Usage-Based,0,0.089378,0.134,0.1206,0.1340000000,0.1206000000,Committed,1,Hours,USD,0.1206000000,0.089378,0.1340000000,USD,1,Hours,Compute Engine,Compute,Virtual Machines,SKU-1f3d031b6a456d700dc64bbb,Compute,SPRICE-d8c574633874898080639a0f,"{""InstanceType"":""e2-standard-4"",""InstanceSeries"":""E2"",""CoreCount"":4,""MemorySize"":16,""OperatingSystem"":""Linux"",""x_Preemptible"":""false""}",//compute.googleapis.com/projects/examplecorp-sandbox-160942/instances/instance-0003640c32,instance-0003640c32,Compute Instance,asia-southeast1,Singapore,asia-southeast1-a,//compute.googleapis.com/projects/examplecorp-sandbox-160942/regions/asia-southeast1/commitments/cud-a48fad7528,ResourceBasedCUD-1yr-Compute,Usage,Committed Use Discount,Used,1,Hours,,,"{""environment"":""staging"",""cost-center"":""cc-1042"",""owner"":""team-data""}"
Google Cloud,Google,Google Cloud,INV-2026-05-F70819,01A2B3-C4D5E6-F70819,ExampleCorp Billing - Primary,Billing Account,examplecorp-sandbox-160942,sandbox-dev,Project,2026-05-01T00:00:00Z,2026-06-01T00:00:00Z,2026-05-06T12:00:00Z,2026-05-06T13:00:00Z,Purchase,,"Committed Use Discount commitment, amortised for the charge period",Recurring,0.089378,0,0.089378,0.089378,0.0893780000,0.0893780000,Standard,1,Hours,USD,0.0893780000,0,0.0893780000,USD,,,Compute Engine,Compute,Virtual Machines,SKU-811d066322b79393ddc63c0b,Commitment,SPRICE-b84c9f0636fd6deb92d27af0,"{""x_Plan"":""TWELVE_MONTH"",""x_Type"":""COMPUTE_OPTIMIZED""}",//compute.googleapis.com/projects/examplecorp-sandbox-160942/regions/asia-southeast1/commitments/cud-a48fad7528,cud-dbfd97189b,Committed Use Discount,asia-southeast1,Singapore,,//compute.googleapis.com/projects/examplecorp-sandbox-160942/regions/asia-southeast1/commitments/cud-a48fad7528,ResourceBasedCUD-1yr-Compute,Usage,Committed Use Discount,,1,Hours,,,"{""environment"":""prod"",""cost-center"":""cc-2087"",""owner"":""team-data""}"
Google Cloud,Google,Google Cloud,INV-2026-05-F70819,01A2B3-C4D5E6-F70819,ExampleCorp Billing - Primary,Billing Account,examplecorp-sandbox-160942,sandbox-dev,Project,2026-05-01T00:00:00Z,2026-06-01T00:00:00Z,2026-05-06T12:00:00Z,2026-05-06T13:00:00Z,Usage,,Compute Engine committed usage,Usage-Based,0,0.089378,0.134,0.1206,0.1340000000,0.1206000000,Committed,1,Hours,USD,0.1206000000,0.089378,0.1340000000,USD,1,Hours,Compute Engine,Compute,Virtual Machines,SKU-1f3d031b6a456d700dc64bbb,Compute,SPRICE-d8c574633874898080639a0f,"{""InstanceType"":""e2-standard-4"",""InstanceSeries"":""E2"",""CoreCount"":4,""MemorySize"":16,""OperatingSystem"":""Linux"",""x_Preemptible"":""false""}",//compute.googleapis.com/projects/examplecorp-sandbox-160942/instances/instance-0004d05dd2,instance-0004d05dd2,Compute Instance,asia-southeast1,Singapore,asia-southeast1-a,//compute.googleapis.com/projects/examplecorp-sandbox-160942/regions/asia-southeast1/commitments/cud-a48fad7528,ResourceBasedCUD-1yr-Compute,Usage,Committed Use Discount,Used,1,Hours,,,"{""environment"":""prod"",""cost-center"":""cc-2087"",""owner"":""team-data""}"
Google Cloud,Google,Google Cloud,INV-2026-05-F70819,01A2B3-C4D5E6-F70819,ExampleCorp Billing - Primary,Billing Account,examplecorp-sandbox-160942,sandbox-dev,Project,2026-05-01T00:00:00Z,2026-06-01T00:00:00Z,2026-05-06T13:00:00Z,2026-05-06T14:00:00Z,Purchase,,"Committed Use Discount commitment, amortised for the charge period",Recurring,0.089378,0,0.089378,0.089378,0.0893780000,0.0893780000,Standard,1,Hours,USD,0.0893780000,0,0.0893780000,USD,,,Compute Engine,Compute,Virtual Machines,SKU-811d066322b79393ddc63c0b,Commitment,SPRICE-b84c9f0636fd6deb92d27af0,"{""x_Plan"":""TWELVE_MONTH"",""x_Type"":""COMPUTE_OPTIMIZED""}",//compute.googleapis.com/projects/examplecorp-sandbox-160942/regions/asia-southeast1/commitments/cud-a48fad7528,cud-dbfd97189b,Committed Use Discount,asia-southeast1,Singapore,,//compute.googleapis.com/projects/examplecorp-sandbox-160942/regions/asia-southeast1/commitments/cud-a48fad7528,ResourceBasedCUD-1yr-Compute,Usage,Committed Use Discount,,1,Hours,,,"{""environment"":""prod"",""cost-center"":""cc-1042"",""owner"":""team-platform""}"
Google Cloud,Google,Google Cloud,INV-2026-05-F70819,01A2B3-C4D5E6-F70819,ExampleCorp Billing - Primary,Billing Account,examplecorp-sandbox-160942,sandbox-dev,Project,2026-05-01T00:00:00Z,2026-06-01T00:00:00Z,2026-05-06T13:00:00Z,2026-05-06T14:00:00Z,Usage,,Committed Use Discount unused commitment,Usage-Based,0,0.089378,0.089378,0.089378,0.0893780000,0.0893780000,Committed,1,Hours,USD,0.0893780000,0.089378,0.0893780000,USD,,,Compute Engine,Compute,Virtual Machines,SKU-811d066322b79393ddc63c0b,Commitment,SPRICE-b84c9f0636fd6deb92d27af0,"{""x_Plan"":""TWELVE_MONTH"",""x_Type"":""COMPUTE_OPTIMIZED""}",//compute.googleapis.com/projects/examplecorp-sandbox-160942/regions/asia-southeast1/commitments/cud-a48fad7528,cud-dbfd97189b,Committed Use Discount,asia-southeast1,Singapore,,//compute.googleapis.com/projects/examplecorp-sandbox-160942/regions/asia-southeast1/commitments/cud-a48fad7528,ResourceBasedCUD-1yr-Compute,Usage,Committed Use Discount,Unused,1,Hours,,,"{""environment"":""prod"",""cost-center"":""cc-1042"",""owner"":""team-platform""}"
Google Cloud,Google,Google Cloud,INV-2026-05-F70819,01A2B3-C4D5E6-F70819,ExampleCorp Billing - Primary,Billing Account,examplecorp-staging-552831,staging-platform,Project,2026-05-01T00:00:00Z,2026-06-01T00:00:00Z,2026-05-01T00:00:00Z,2026-05-02T00:00:00Z,Purchase,,Compute Engine subscription fee,Recurring,434.45,434.45,434.45,434.45,434.45,434.45,Standard,1,Units,USD,434.4500000000,434.45,434.4500000000,USD,,,Compute Engine,Compute,Virtual Machines,SKU-a9883ff5fa6538163745f864,Subscription,SPRICE-c2c69752e04e8d009d75fb35,"{""x_ChargeType"": ""SubscriptionFee""}",//compute.googleapis.com/projects/examplecorp-staging-552831/instances/instance-17f1460b,instance-17f1460b,Compute Instance,europe-west1,Belgium,,,,,,,,,,,"{""environment"":""prod"",""cost-center"":""cc-3110"",""owner"":""team-data""}"
Google Cloud,Google,Google Cloud,INV-2026-05-F70819,01A2B3-C4D5E6-F70819,ExampleCorp Billing - Primary,Billing Account,examplecorp-sandbox-160942,sandbox-dev,Project,2026-05-01T00:00:00Z,2026-06-01T00:00:00Z,2026-05-03T14:00:00Z,2026-05-03T15:00:00Z,Tax,,Synthetic tax 10% on usage record 63: Google Kubernetes Engine,One-Time,0.01206,0.01206,0.0134,0.01206,,,,,,USD,,0.01206,,USD,,,Google Kubernetes Engine,Compute,Containers,,,,,,,,,,,,,,,,,,,,"{""environment"":""dev"",""cost-center"":""cc-1042"",""owner"":""team-payments""}"
Google Cloud,Google,Google Cloud,INV-2026-05-F70819,01A2B3-C4D5E6-F70819,ExampleCorp Billing - Primary,Billing Account,examplecorp-data-739104,data-analytics,Project,2026-05-01T00:00:00Z,2026-06-01T00:00:00Z,2026-05-06T22:00:00Z,2026-05-06T23:00:00Z,Usage,,e2-standard-4 running,Usage-Based,0.1206,0.1206,0.134,0.1206,0.1340000000,0.1206000000,Standard,1.0000,Hours,USD,0.1206000000,0.1206,0.1340000000,USD,1.0000,Hours,Compute Engine,Compute,Virtual Machines,SKU-c7f294f3dc4904208c787632,Compute,SPRICE-c8c1784c237a87edf1c3647d,"{""InstanceType"":""e2-standard-4"",""InstanceSeries"":""E2"",""CoreCount"":4,""MemorySize"":16,""OperatingSystem"":""Linux"",""x_Preemptible"":""false""}",//compute.googleapis.com/projects/examplecorp-data-739104/instances/instance-0a3c78b6,instance-0a3c78b6,Compute Instance,us-east1,South Carolina,us-east1-c,,,,,,,,,,"{""environment"":""prod"",""cost-center"":""cc-1042"",""owner"":""team-data""}"
Google Cloud,Google,Google Cloud,INV-2026-05-F70819,01A2B3-C4D5E6-F70819,ExampleCorp Billing - Primary,Billing Account,examplecorp-staging-552831,staging-platform,Project,2026-05-01T00:00:00Z,2026-06-01T00:00:00Z,2026-05-06T23:00:00Z,2026-05-07T00:00:00Z,Usage,,e2-standard-4 running,Usage-Based,0.1206,0.1206,0.134,0.1206,0.1340000000,0.1206000000,Standard,1.0000,Hours,USD,0.1206000000,0.1206,0.1340000000,USD,1.0000,Hours,Compute Engine,Compute,Virtual Machines,SKU-1badc439797b2cd5d91eaa22,Compute,SPRICE-0e8670e23a7f9352bf5b81bc,"{""InstanceType"":""e2-standard-4"",""InstanceSeries"":""E2"",""CoreCount"":4,""MemorySize"":16,""OperatingSystem"":""Linux"",""x_Preemptible"":""false""}",//compute.googleapis.com/projects/examplecorp-staging-552831/instances/instance-d2a8437e,instance-d2a8437e,Compute Instance,europe-west1,Belgium,europe-west1-c,,,,,,,,,,"{""environment"":""dev"",""cost-center"":""cc-3110"",""owner"":""team-platform""}"
Google Cloud,Google,Google Cloud,INV-2026-05-F70819,01A2B3-C4D5E6-F70819,ExampleCorp Billing - Primary,Billing Account,examplecorp-staging-552831,staging-platform,Project,2026-05-01T00:00:00Z,2026-06-01T00:00:00Z,2026-05-05T00:00:00Z,2026-05-06T00:00:00Z,Usage,,Monitoring data ingested,Usage-Based,31.12796574,31.12796574,34.5866286,31.12796574,0.2580000000,0.2322000000,Standard,134.0567,MiB,USD,0.2322000000,31.12796574,0.2580000000,USD,134.0567,MiB,Cloud Monitoring,Management and Governance,Observability,SKU-7ae4fc052f28901dffce70d1,Monitoring,SPRICE-57d21c7b60b5e5bed918393e,"{""x_DataType"":""Metrics""}",//monitoring.googleapis.com/projects/examplecorp-staging-552831/metricsScopes/mon-b663ac9b,mon-b663ac9b,Monitoring Workspace,us-east1,South Carolina,,,,,,,,,,,"{""environment"":""prod"",""cost-center"":""cc-2087"",""owner"":""team-payments""}"
Google Cloud,Google,Google Cloud,INV-2026-05-F70819,01A2B3-C4D5E6-F70819,ExampleCorp Billing - Primary,Billing Account,examplecorp-prod-481627,prod-platform,Project,2026-05-01T00:00:00Z,2026-06-01T00:00:00Z,2026-05-07T01:00:00Z,2026-05-07T02:00:00Z,Usage,,Function execution duration,Usage-Based,2.731407810525,2.731407810525,3.03489756725,2.731407810525,0.0000025000,0.0000022500,Standard,1213959.0269,GB-Seconds,USD,0.0000022500,2.731407810525,0.0000025000,USD,1213959.0269,GB-Seconds,Cloud Functions,Compute,Serverless Compute,SKU-695ae4ac3664791d99311a2f,Compute,SPRICE-1660dde73d1cd143caedc47c,"{""x_Runtime"":""python312"",""x_Generation"":""gen2""}",//cloudfunctions.googleapis.com/projects/examplecorp-prod-481627/functions/fn-da22046f,fn-da22046f,Cloud Function,us-central1,Iowa,,,,,,,,,,,"{""environment"":""dev"",""cost-center"":""cc-1042"",""owner"":""team-data""}"
Google Cloud,Google,Google Cloud,INV-2026-05-A7B8C9,11C2D3-E4F506-A7B8C9,ExampleCorp Billing - Secondary,Billing Account,examplecorp-staging-552831,staging-platform,Project,2026-05-01T00:00:00Z,2026-06-01T00:00:00Z,2026-05-07T02:00:00Z,2026-05-07T03:00:00Z,Usage,,Cloud SQL custom 4 vCPU,Usage-Based,0.18,0.18,0.2,0.18,0.2000000000,0.1800000000,Standard,1.0000,Hours,USD,0.1800000000,0.18,0.2000000000,USD,1.0000,Hours,Cloud SQL,Databases,Relational Databases,SKU-5a84ed2775b50d245d6fae1f,Database,SPRICE-df6d9a619dcef43326a41589,"{""InstanceType"":""db-custom-4-16384"",""CoreCount"":4,""MemorySize"":16,""x_Engine"":""PostgreSQL""}",//sqladmin.googleapis.com/projects/examplecorp-staging-552831/instances/sql-5aae99e3,sql-5aae99e3,Cloud SQL Instance,asia-southeast1,Singapore,,,,,,,,,,,"{""environment"":""prod"",""cost-center"":""cc-2087"",""owner"":""team-payments""}"
Google Cloud,Google,Google Cloud,INV-2026-05-F70819,01A2B3-C4D5E6-F70819,ExampleCorp Billing - Primary,Billing Account,examplecorp-sandbox-160942,sandbox-dev,Project,2026-05-01T00:00:00Z,2026-06-01T00:00:00Z,2026-05-07T03:00:00Z,2026-05-07T04:00:00Z,Purchase,,"Committed Use Discount commitment, amortised for the charge period",Recurring,0.089378,0,0.089378,0.089378,1,1,Standard,0.089378,USD,USD,1.0000000000,0,1.0000000000,USD,,,Compute Engine,Compute,Virtual Machines,SKU-620493e450f5d16611ad7d1b,Commitment,SPRICE-42daff5af9e71fd3cd19db37,"{""x_Plan"":""TWELVE_MONTH"",""x_Type"":""COMPUTE_OPTIMIZED""}",//compute.googleapis.com/projects/examplecorp-sandbox-160942/regions/us-central1/commitments/cud-f78f96936b,cud-963f70deeb,Committed Use Discount,us-central1,Iowa,,//compute.googleapis.com/projects/examplecorp-sandbox-160942/regions/us-central1/commitments/cud-f78f96936b,SpendBasedCUD-1yr,Spend,Committed Use Discount,,0.089378,USD,,,"{""environment"":""prod"",""cost-center"":""cc-3110"",""owner"":""team-data""}"
Google Cloud,Google,Google Cloud,INV-2026-05-F70819,01A2B3-C4D5E6-F70819,ExampleCorp Billing - Primary,Billing Account,examplecorp-sandbox-160942,sandbox-dev,Project,2026-05-01T00:00:00Z,2026-06-01T00:00:00Z,2026-05-07T03:00:00Z,2026-05-07T04:00:00Z,Usage,,Compute Engine committed usage,Usage-Based,0,0.089378,0.134,0.1206,0.1340000000,0.1206000000,Committed,1,Hours,USD,0.1206000000,0.089378,0.1340000000,USD,1,Hours,Compute Engine,Compute,Virtual Machines,SKU-161f822522a7bfba73514603,Compute,SPRICE-595a86198276ef2dbadddea2,"{""InstanceType"":""e2-standard-4"",""InstanceSeries"":""E2"",""CoreCount"":4,""MemorySize"":16,""OperatingSystem"":""Linux"",""x_Preemptible"":""false""}",//compute.googleapis.com/projects/examplecorp-sandbox-160942/instances/instance-0000f84c80,instance-0000f84c80,Compute Instance,us-central1,Iowa,us-central1-a,//compute.googleapis.com/projects/examplecorp-sandbox-160942/regions/us-central1/commitments/cud-f78f96936b,SpendBasedCUD-1yr,Spend,Committed Use Discount,Used,0.089378,USD,,,"{""environment"":""staging"",""cost-center"":""cc-1042"",""owner"":""team-payments""}"
Google Cloud,Google,Google Cloud,INV-2026-05-F70819,01A2B3-C4D5E6-F70819,ExampleCorp Billing - Primary,Billing Account,examplecorp-sandbox-160942,sandbox-dev,Project,2026-05-01T00:00:00Z,2026-06-01T00:00:00Z,2026-05-07T04:00:00Z,2026-05-07T05:00:00Z,Purchase,,"Committed Use Discount commitment, amortised for the charge period",Recurring,0.089378,0,0.089378,0.089378,1,1,Standard,0.089378,USD,USD,1.0000000000,0,1.0000000000,USD,,,Compute Engine,Compute,Virtual Machines,SKU-620493e450f5d16611ad7d1b,Commitment,SPRICE-42daff5af9e71fd3cd19db37,"{""x_Plan"":""TWELVE_MONTH"",""x_Type"":""COMPUTE_OPTIMIZED""}",//compute.googleapis.com/projects/examplecorp-sandbox-160942/regions/us-central1/commitments/cud-f78f96936b,cud-963f70deeb,Committed Use Discount,us-central1,Iowa,,//compute.googleapis.com/projects/examplecorp-sandbox-160942/regions/us-central1/commitments/cud-f78f96936b,SpendBasedCUD-1yr,Spend,Committed Use Discount,,0.089378,USD,,,"{""environment"":""staging"",""cost-center"":""cc-3110"",""owner"":""team-payments""}"
Google Cloud,Google,Google Cloud,INV-2026-05-F70819,01A2B3-C4D5E6-F70819,ExampleCorp Billing - Primary,Billing Account,examplecorp-sandbox-160942,sandbox-dev,Project,2026-05-01T00:00:00Z,2026-06-01T00:00:00Z,2026-05-07T04:00:00Z,2026-05-07T05:00:00Z,Usage,,Compute Engine committed usage,Usage-Based,0,0.089378,0.134,0.1206,0.1340000000,0.1206000000,Committed,1,Hours,USD,0.1206000000,0.089378,0.1340000000,USD,1,Hours,Compute Engine,Compute,Virtual Machines,SKU-161f822522a7bfba73514603,Compute,SPRICE-595a86198276ef2dbadddea2,"{""InstanceType"":""e2-standard-4"",""InstanceSeries"":""E2"",""CoreCount"":4,""MemorySize"":16,""OperatingSystem"":""Linux"",""x_Preemptible"":""false""}",//compute.googleapis.com/projects/examplecorp-sandbox-160942/instances/instance-0001e23f10,instance-0001e23f10,Compute Instance,us-central1,Iowa,us-central1-a,//compute.googleapis.com/projects/examplecorp-sandbox-160942/regions/us-central1/commitments/cud-f78f96936b,SpendBasedCUD-1yr,Spend,Committed Use Discount,Used,0.089378,USD,,,"{""environment"":""staging"",""cost-center"":""cc-2087"",""owner"":""team-payments""}"
Google Cloud,Google,Google Cloud,INV-2026-05-F70819,01A2B3-C4D5E6-F70819,ExampleCorp Billing - Primary,Billing Account,examplecorp-sandbox-160942,sandbox-dev,Project,2026-05-01T00:00:00Z,2026-06-01T00:00:00Z,2026-05-07T05:00:00Z,2026-05-07T06:00:00Z,Purchase,,"Committed Use Discount commitment, amortised for the charge period",Recurring,0.089378,0,0.089378,0.089378,1,1,Standard,0.089378,USD,USD,1.0000000000,0,1.0000000000,USD,,,Compute Engine,Compute,Virtual Machines,SKU-620493e450f5d16611ad7d1b,Commitment,SPRICE-42daff5af9e71fd3cd19db37,"{""x_Plan"":""TWELVE_MONTH"",""x_Type"":""COMPUTE_OPTIMIZED""}",//compute.googleapis.com/projects/examplecorp-sandbox-160942/regions/us-central1/commitments/cud-f78f96936b,cud-963f70deeb,Committed Use Discount,us-central1,Iowa,,//compute.googleapis.com/projects/examplecorp-sandbox-160942/regions/us-central1/commitments/cud-f78f96936b,SpendBasedCUD-1yr,Spend,Committed Use Discount,,0.089378,USD,,,"{""environment"":""dev"",""cost-center"":""cc-2087"",""owner"":""team-data""}"
Google Cloud,Google,Google Cloud,INV-2026-05-F70819,01A2B3-C4D5E6-F70819,ExampleCorp Billing - Primary,Billing Account,examplecorp-sandbox-160942,sandbox-dev,Project,2026-05-01T00:00:00Z,2026-06-01T00:00:00Z,2026-05-07T05:00:00Z,2026-05-07T06:00:00Z,Usage,,Compute Engine committed usage,Usage-Based,0,0.089378,0.134,0.1206,0.1340000000,0.1206000000,Committed,1,Hours,USD,0.1206000000,0.089378,0.1340000000,USD,1,Hours,Compute Engine,Compute,Virtual Machines,SKU-161f822522a7bfba73514603,Compute,SPRICE-595a86198276ef2dbadddea2,"{""InstanceType"":""e2-standard-4"",""InstanceSeries"":""E2"",""CoreCount"":4,""MemorySize"":16,""OperatingSystem"":""Linux"",""x_Preemptible"":""false""}",//compute.googleapis.com/projects/examplecorp-sandbox-160942/instances/instance-0002665230,instance-0002665230,Compute Instance,us-central1,Iowa,us-central1-a,//compute.googleapis.com/projects/examplecorp-sandbox-160942/regions/us-central1/commitments/cud-f78f96936b,SpendBasedCUD-1yr,Spend,Committed Use Discount,Used,0.089378,USD,,,"{""environment"":""prod"",""cost-center"":""cc-1042"",""owner"":""team-platform""}"
Google Cloud,Google,Google Cloud,INV-2026-05-F70819,01A2B3-C4D5E6-F70819,ExampleCorp Billing - Primary,Billing Account,examplecorp-sandbox-160942,sandbox-dev,Project,2026-05-01T00:00:00Z,2026-06-01T00:00:00Z,2026-05-07T06:00:00Z,2026-05-07T07:00:00Z,Purchase,,"Committed Use Discount commitment, amortised for the charge period",Recurring,0.089378,0,0.089378,0.089378,1,1,Standard,0.089378,USD,USD,1.0000000000,0,1.0000000000,USD,,,Compute Engine,Compute,Virtual Machines,SKU-620493e450f5d16611ad7d1b,Commitment,SPRICE-42daff5af9e71fd3cd19db37,"{""x_Plan"":""TWELVE_MONTH"",""x_Type"":""COMPUTE_OPTIMIZED""}",//compute.googleapis.com/projects/examplecorp-sandbox-160942/regions/us-central1/commitments/cud-f78f96936b,cud-963f70deeb,Committed Use Discount,us-central1,Iowa,,//compute.googleapis.com/projects/examplecorp-sandbox-160942/regions/us-central1/commitments/cud-f78f96936b,SpendBasedCUD-1yr,Spend,Committed Use Discount,,0.089378,USD,,,"{""environment"":""staging"",""cost-center"":""cc-2087"",""owner"":""team-platform""}"
Google Cloud,Google,Google Cloud,INV-2026-05-F70819,01A2B3-C4D5E6-F70819,ExampleCorp Billing - Primary,Billing Account,examplecorp-sandbox-160942,sandbox-dev,Project,2026-05-01T00:00:00Z,2026-06-01T00:00:00Z,2026-05-07T06:00:00Z,2026-05-07T07:00:00Z,Usage,,Compute Engine committed usage,Usage-Based,0,0.089378,0.134,0.1206,0.1340000000,0.1206000000,Committed,1,Hours,USD,0.1206000000,0.089378,0.1340000000,USD,1,Hours,Compute Engine,Compute,Virtual Machines,SKU-161f822522a7bfba73514603,Compute,SPRICE-595a86198276ef2dbadddea2,"{""InstanceType"":""e2-standard-4"",""InstanceSeries"":""E2"",""CoreCount"":4,""MemorySize"":16,""OperatingSystem"":""Linux"",""x_Preemptible"":""false""}",//compute.googleapis.com/projects/examplecorp-sandbox-160942/instances/instance-00036e66cc,instance-00036e66cc,Compute Instance,us-central1,Iowa,us-central1-a,//compute.googleapis.com/projects/examplecorp-sandbox-160942/regions/us-central1/commitments/cud-f78f96936b,SpendBasedCUD-1yr,Spend,Committed Use Discount,Used,0.089378,USD,,,"{""environment"":""staging"",""cost-center"":""cc-2087"",""owner"":""team-payments""}"
Google Cloud,Google,Google Cloud,INV-2026-05-F70819,01A2B3-C4D5E6-F70819,ExampleCorp Billing - Primary,Billing Account,examplecorp-sandbox-160942,sandbox-dev,Project,2026-05-01T00:00:00Z,2026-06-01T00:00:00Z,2026-05-07T07:00:00Z,2026-05-07T08:00:00Z,Purchase,,"Committed Use Discount commitment, amortised for the charge period",Recurring,0.089378,0,0.089378,0.089378,1,1,Standard,0.089378,USD,USD,1.0000000000,0,1.0000000000,USD,,,Compute Engine,Compute,Virtual Machines,SKU-620493e450f5d16611ad7d1b,Commitment,SPRICE-42daff5af9e71fd3cd19db37,"{""x_Plan"":""TWELVE_MONTH"",""x_Type"":""COMPUTE_OPTIMIZED""}",//compute.googleapis.com/projects/examplecorp-sandbox-160942/regions/us-central1/commitments/cud-f78f96936b,cud-963f70deeb,Committed Use Discount,us-central1,Iowa,,//compute.googleapis.com/projects/examplecorp-sandbox-160942/regions/us-central1/commitments/cud-f78f96936b,SpendBasedCUD-1yr,Spend,Committed Use Discount,,0.089378,USD,,,"{""environment"":""staging"",""cost-center"":""cc-3110"",""owner"":""team-payments""}"
Google Cloud,Google,Google Cloud,INV-2026-05-F70819,01A2B3-C4D5E6-F70819,ExampleCorp Billing - Primary,Billing Account,examplecorp-sandbox-160942,sandbox-dev,Project,2026-05-01T00:00:00Z,2026-06-01T00:00:00Z,2026-05-07T07:00:00Z,2026-05-07T08:00:00Z,Usage,,Compute Engine committed usage,Usage-Based,0,0.089378,0.134,0.1206,0.1340000000,0.1206000000,Committed,1,Hours,USD,0.1206000000,0.089378,0.1340000000,USD,1,Hours,Compute Engine,Compute,Virtual Machines,SKU-161f822522a7bfba73514603,Compute,SPRICE-595a86198276ef2dbadddea2,"{""InstanceType"":""e2-standard-4"",""InstanceSeries"":""E2"",""CoreCount"":4,""MemorySize"":16,""OperatingSystem"":""Linux"",""x_Preemptible"":""false""}",//compute.googleapis.com/projects/examplecorp-sandbox-160942/instances/instance-00041c3dd6,instance-00041c3dd6,Compute Instance,us-central1,Iowa,us-central1-a,//compute.googleapis.com/projects/examplecorp-sandbox-160942/regions/us-central1/commitments/cud-f78f96936b,SpendBasedCUD-1yr,Spend,Committed Use Discount,Used,0.089378,USD,,,"{""environment"":""dev"",""cost-center"":""cc-1042"",""owner"":""team-data""}"
Google Cloud,Google,Google Cloud,INV-2026-05-F70819,01A2B3-C4D5E6-F70819,ExampleCorp Billing - Primary,Billing Account,examplecorp-sandbox-160942,sandbox-dev,Project,2026-05-01T00:00:00Z,2026-06-01T00:00:00Z,2026-05-07T08:00:00Z,2026-05-07T09:00:00Z,Purchase,,"Committed Use Discount commitment, amortised for the charge period",Recurring,0.089378,0,0.089378,0.089378,1,1,Standard,0.089378,USD,USD,1.0000000000,0,1.0000000000,USD,,,Compute Engine,Compute,Virtual Machines,SKU-620493e450f5d16611ad7d1b,Commitment,SPRICE-42daff5af9e71fd3cd19db37,"{""x_Plan"":""TWELVE_MONTH"",""x_Type"":""COMPUTE_OPTIMIZED""}",//compute.googleapis.com/projects/examplecorp-sandbox-160942/regions/us-central1/commitments/cud-f78f96936b,cud-963f70deeb,Committed Use Discount,us-central1,Iowa,,//compute.googleapis.com/projects/examplecorp-sandbox-160942/regions/us-central1/commitments/cud-f78f96936b,SpendBasedCUD-1yr,Spend,Committed Use Discount,,0.089378,USD,,,"{""environment"":""dev"",""cost-center"":""cc-3110"",""owner"":""team-platform""}"
Google Cloud,Google,Google Cloud,INV-2026-05-F70819,01A2B3-C4D5E6-F70819,ExampleCorp Billing - Primary,Billing Account,examplecorp-sandbox-160942,sandbox-dev,Project,2026-05-01T00:00:00Z,2026-06-01T00:00:00Z,2026-05-07T08:00:00Z,2026-05-07T09:00:00Z,Usage,,Committed Use Discount unused commitment,Usage-Based,0,0.089378,0.089378,0.089378,1,1,Committed,0.089378,USD,USD,1.0000000000,0.089378,1.0000000000,USD,,,Compute Engine,Compute,Virtual Machines,SKU-620493e450f5d16611ad7d1b,Commitment,SPRICE-42daff5af9e71fd3cd19db37,"{""x_Plan"":""TWELVE_MONTH"",""x_Type"":""COMPUTE_OPTIMIZED""}",//compute.googleapis.com/projects/examplecorp-sandbox-160942/regions/us-central1/commitments/cud-f78f96936b,cud-963f70deeb,Committed Use Discount,us-central1,Iowa,,//compute.googleapis.com/projects/examplecorp-sandbox-160942/regions/us-central1/commitments/cud-f78f96936b,SpendBasedCUD-1yr,Spend,Committed Use Discount,Unused,0.089378,USD,,,"{""environment"":""prod"",""cost-center"":""cc-2087"",""owner"":""team-data""}"
Google Cloud,Google,Google Cloud,INV-2026-05-F70819,01A2B3-C4D5E6-F70819,ExampleCorp Billing - Primary,Billing Account,examplecorp-sandbox-160942,sandbox-dev,Project,2026-05-01T00:00:00Z,2026-06-01T00:00:00Z,2026-05-07T09:00:00Z,2026-05-07T10:00:00Z,Purchase,,"Committed Use Discount commitment, amortised for the charge period",Recurring,0.089378,0,0.089378,0.089378,1,1,Standard,0.089378,USD,USD,1.0000000000,0,1.0000000000,USD,,,Compute Engine,Compute,Virtual Machines,SKU-620493e450f5d16611ad7d1b,Commitment,SPRICE-42daff5af9e71fd3cd19db37,"{""x_Plan"":""TWELVE_MONTH"",""x_Type"":""COMPUTE_OPTIMIZED""}",//compute.googleapis.com/projects/examplecorp-sandbox-160942/regions/us-central1/commitments/cud-f78f96936b,cud-963f70deeb,Committed Use Discount,us-central1,Iowa,,//compute.googleapis.com/projects/examplecorp-sandbox-160942/regions/us-central1/commitments/cud-f78f96936b,SpendBasedCUD-1yr,Spend,Committed Use Discount,,0.089378,USD,,,"{""environment"":""prod"",""cost-center"":""cc-1042"",""owner"":""team-platform""}"
Google Cloud,Google,Google Cloud,INV-2026-05-F70819,01A2B3-C4D5E6-F70819,ExampleCorp Billing - Primary,Billing Account,examplecorp-sandbox-160942,sandbox-dev,Project,2026-05-01T00:00:00Z,2026-06-01T00:00:00Z,2026-05-07T09:00:00Z,2026-05-07T10:00:00Z,Usage,,Committed Use Discount unused commitment,Usage-Based,0,0.089378,0.089378,0.089378,1,1,Committed,0.089378,USD,USD,1.0000000000,0.089378,1.0000000000,USD,,,Compute Engine,Compute,Virtual Machines,SKU-620493e450f5d16611ad7d1b,Commitment,SPRICE-42daff5af9e71fd3cd19db37,"{""x_Plan"":""TWELVE_MONTH"",""x_Type"":""COMPUTE_OPTIMIZED""}",//compute.googleapis.com/projects/examplecorp-sandbox-160942/regions/us-central1/commitments/cud-f78f96936b,cud-963f70deeb,Committed Use Discount,us-central1,Iowa,,//compute.googleapis.com/projects/examplecorp-sandbox-160942/regions/us-central1/commitments/cud-f78f96936b,SpendBasedCUD-1yr,Spend,Committed Use Discount,Unused,0.089378,USD,,,"{""environment"":""dev"",""cost-center"":""cc-3110"",""owner"":""team-platform""}"
Google Cloud,Google,Google Cloud,INV-2026-05-F70819,01A2B3-C4D5E6-F70819,ExampleCorp Billing - Primary,Billing Account,examplecorp-sandbox-160942,sandbox-dev,Project,2026-05-01T00:00:00Z,2026-06-01T00:00:00Z,2026-05-07T17:00:00Z,2026-05-07T18:00:00Z,Usage,,GKE node pool hours,Usage-Based,0.1206,0.1206,0.134,0.1206,0.1340000000,0.1206000000,Standard,1.0000,Hours,USD,0.1206000000,0.1206,0.1340000000,USD,1.0000,Hours,Google Kubernetes Engine,Compute,Containers,SKU-9f36ca4ad55c40314722c6e2,Compute,SPRICE-d0b5636dddc3dcd209075213,"{""InstanceType"":""e2-standard-4"",""CoreCount"":4,""MemorySize"":16,""x_NodePool"":""default""}",//container.googleapis.com/projects/examplecorp-sandbox-160942/clusters/gke-b9abd990,gke-b9abd990,GKE Cluster,us-central1,Iowa,,,,,,,,,,,"{""environment"":""staging"",""cost-center"":""cc-1042"",""owner"":""team-payments""}"
Google Cloud,Google,Google Cloud,INV-2026-05-F70819,01A2B3-C4D5E6-F70819,ExampleCorp Billing - Primary,Billing Account,examplecorp-data-739104,data-analytics,Project,2026-05-01T00:00:00Z,2026-06-01T00:00:00Z,2026-05-07T18:00:00Z,2026-05-07T19:00:00Z,Usage,,e2-standard-4 running,Usage-Based,0.1206,0.1206,0.134,0.1206,0.1340000000,0.1206000000,Standard,1.0000,Hours,USD,0.1206000000,0.1206,0.1340000000,USD,1.0000,Hours,Compute Engine,Compute,Virtual Machines,SKU-1badc439797b2cd5d91eaa22,Compute,SPRICE-0e8670e23a7f9352bf5b81bc,"{""InstanceType"":""e2-standard-4"",""InstanceSeries"":""E2"",""CoreCount"":4,""MemorySize"":16,""OperatingSystem"":""Linux"",""x_Preemptible"":""false""}",//compute.googleapis.com/projects/examplecorp-data-739104/instances/instance-4de8ba3a,instance-4de8ba3a,Compute Instance,europe-west1,Belgium,europe-west1-c,,,,,,,,,,"{""environment"":""dev"",""cost-center"":""cc-3110"",""owner"":""team-platform""}"
Google Cloud,Google,Google Cloud,INV-2026-05-F70819,01A2B3-C4D5E6-F70819,ExampleCorp Billing - Primary,Billing Account,examplecorp-prod-481627,prod-platform,Project,2026-05-01T00:00:00Z,2026-06-01T00:00:00Z,2026-05-24T00:00:00Z,2026-05-25T00:00:00Z,Usage,,Monitoring data ingested,Usage-Based,20.88945504,20.88945504,23.2105056,20.88945504,0.2580000000,0.2322000000,Standard,89.9632,MiB,USD,0.2322000000,20.88945504,0.2580000000,USD,89.9632,MiB,Cloud Monitoring,Management and Governance,Observability,SKU-7ae4fc052f28901dffce70d1,Monitoring,SPRICE-57d21c7b60b5e5bed918393e,"{""x_DataType"":""Metrics""}",//monitoring.googleapis.com/projects/examplecorp-prod-481627/metricsScopes/mon-38304405,mon-38304405,Monitoring Workspace,us-east1,South Carolina,,,,,,,,,,,"{""environment"":""prod"",""cost-center"":""cc-1042"",""owner"":""team-data""}"
Google Cloud,Google,Google Cloud,INV-2026-05-F70819,01A2B3-C4D5E6-F70819,ExampleCorp Billing - Primary,Billing Account,examplecorp-staging-552831,staging-platform,Project,2026-05-01T00:00:00Z,2026-06-01T00:00:00Z,2026-05-25T00:00:00Z,2026-05-26T00:00:00Z,Usage,,On-demand query analysis,Usage-Based,44.27325,44.27325,49.1925,44.27325,6.2500000000,5.6250000000,Standard,7.8708,TiB,USD,5.6250000000,44.27325,6.2500000000,USD,7.8708,TiB,BigQuery,Databases,Data Warehouses,SKU-ef2de98156d58b386f8bea8e,Analysis,SPRICE-257832ee3981a8cf8c2b0ca4,"{""x_Edition"":""OnDemand""}",//bigquery.googleapis.com/projects/examplecorp-staging-552831/datasets/ds_ef070fba,ds_ef070fba,BigQuery Dataset,us-east1,South Carolina,,,,,,,,,,,"{""environment"":""staging"",""cost-center"":""cc-1042"",""owner"":""team-platform""}"
Google Cloud,Google,Google Cloud,INV-2026-05-A7B8C9,11C2D3-E4F506-A7B8C9,ExampleCorp Billing - Secondary,Billing Account,examplecorp-staging-552831,staging-platform,Project,2026-05-01T00:00:00Z,2026-06-01T00:00:00Z,2026-05-26T00:00:00Z,2026-05-27T00:00:00Z,Usage,,Monitoring data ingested,Usage-Based,66.12786648,66.12786648,73.4754072,66.12786648,0.2580000000,0.2322000000,Standard,284.7884,MiB,USD,0.2322000000,66.12786648,0.2580000000,USD,284.7884,MiB,Cloud Monitoring,Management and Governance,Observability,SKU-7ae4fc052f28901dffce70d1,Monitoring,SPRICE-57d21c7b60b5e5bed918393e,"{""x_DataType"":""Metrics""}",//monitoring.googleapis.com/projects/examplecorp-staging-552831/metricsScopes/mon-ae628758,mon-ae628758,Monitoring Workspace,us-east1,South Carolina,,,,,,,,,,,"{""environment"":""prod"",""cost-center"":""cc-3110"",""owner"":""team-payments""}"
Google Cloud,Google,Google Cloud,INV-2026-05-A7B8C9,11C2D3-E4F506-A7B8C9,ExampleCorp Billing - Secondary,Billing Account,examplecorp-data-739104,data-analytics,Project,2026-05-01T00:00:00Z,2026-06-01T00:00:00Z,2026-05-07T22:00:00Z,2026-05-07T23:00:00Z,Usage,,e2-standard-4 running,Usage-Based,0.1206,0.1206,0.134,0.1206,0.1340000000,0.1206000000,Standard,1.0000,Hours,USD,0.1206000000,0.1206,0.1340000000,USD,1.0000,Hours,Compute Engine,Compute,Virtual Machines,SKU-1badc439797b2cd5d91eaa22,Compute,SPRICE-0e8670e23a7f9352bf5b81bc,"{""InstanceType"":""e2-standard-4"",""InstanceSeries"":""E2"",""CoreCount"":4,""MemorySize"":16,""OperatingSystem"":""Linux"",""x_Preemptible"":""false""}",//compute.googleapis.com/projects/examplecorp-data-739104/instances/instance-9c164a89,instance-9c164a89,Compute Instance,europe-west1,Belgium,europe-west1-b,,,,,,,,,,"{""environment"":""staging"",""cost-center"":""cc-1042"",""owner"":""team-data""}"
Google Cloud,Google,Google Cloud,INV-2026-05-F70819,01A2B3-C4D5E6-F70819,ExampleCorp Billing - Primary,Billing Account,examplecorp-data-739104,data-analytics,Project,2026-05-01T00:00:00Z,2026-06-01T00:00:00Z,2026-05-07T23:00:00Z,2026-05-08T00:00:00Z,Usage,,Cloud SQL custom 4 vCPU,Usage-Based,0.18,0.18,0.2,0.18,0.2000000000,0.1800000000,Standard,1.0000,Hours,USD,0.1800000000,0.18,0.2000000000,USD,1.0000,Hours,Cloud SQL,Databases,Relational Databases,SKU-0878e8a79fb464dcb2955125,Database,SPRICE-252613603489dea350c5ac8d,"{""InstanceType"":""db-custom-4-16384"",""CoreCount"":4,""MemorySize"":16,""x_Engine"":""PostgreSQL""}",//sqladmin.googleapis.com/projects/examplecorp-data-739104/instances/sql-041ff7f2,sql-041ff7f2,Cloud SQL Instance,europe-west1,Belgium,,,,,,,,,,,"{""environment"":""dev"",""cost-center"":""cc-3110"",""owner"":""team-payments""}"
Google Cloud,Google,Google Cloud,INV-2026-05-A7B8C9,11C2D3-E4F506-A7B8C9,ExampleCorp Billing - Secondary,Billing Account,examplecorp-sandbox-160942,sandbox-dev,Project,2026-05-01T00:00:00Z,2026-06-01T00:00:00Z,2026-05-01T00:00:00Z,2026-05-02T00:00:00Z,Usage,,On-demand query analysis,Usage-Based,81.811125,81.811125,90.90125,81.811125,6.2500000000,5.6250000000,Standard,14.5442,TiB,USD,5.6250000000,81.811125,6.2500000000,USD,14.5442,TiB,BigQuery,Databases,Data Warehouses,SKU-1607322bfb22b50842e3cc7b,Analysis,SPRICE-4b8dca1b547fed9a03f372f3,"{""x_Edition"":""OnDemand""}",//bigquery.googleapis.com/projects/examplecorp-sandbox-160942/datasets/ds_b99d564f,ds_b99d564f,BigQuery Dataset,asia-southeast1,Singapore,,,,,,,,,,,"{""environment"":""dev"",""cost-center"":""cc-3110"",""owner"":""team-payments""}"
Google Cloud,Google,Google Cloud,INV-2026-05-A7B8C9,11C2D3-E4F506-A7B8C9,ExampleCorp Billing - Secondary,Billing Account,examplecorp-staging-552831,staging-platform,Project,2026-05-01T00:00:00Z,2026-06-01T00:00:00Z,2026-05-08T01:00:00Z,2026-05-08T02:00:00Z,Usage,,Cloud SQL custom 4 vCPU,Usage-Based,0.18,0.18,0.2,0.18,0.2000000000,0.1800000000,Standard,1.0000,Hours,USD,0.1800000000,0.18,0.2000000000,USD,1.0000,Hours,Cloud SQL,Databases,Relational Databases,SKU-0878e8a79fb464dcb2955125,Database,SPRICE-252613603489dea350c5ac8d,"{""InstanceType"":""db-custom-4-16384"",""CoreCount"":4,""MemorySize"":16,""x_Engine"":""PostgreSQL""}",//sqladmin.googleapis.com/projects/examplecorp-staging-552831/instances/sql-2e0fa521,sql-2e0fa521,Cloud SQL Instance,europe-west1,Belgium,,,,,,,,,,,"{""environment"":""dev"",""cost-center"":""cc-2087"",""owner"":""team-data""}"
Google Cloud,Google,Google Cloud,INV-2026-05-F70819,01A2B3-C4D5E6-F70819,ExampleCorp Billing - Primary,Billing Account,examplecorp-prod-481627,prod-platform,Project,2026-05-01T00:00:00Z,2026-06-01T00:00:00Z,2026-05-06T07:00:00Z,2026-05-06T08:00:00Z,Tax,,Synthetic tax 10% on usage record 128: Cloud Functions,One-Time,0.3770698316175,0.3770698316175,0.418966479575,0.3770698316175,,,,,,USD,,0.3770698316175,,USD,,,Cloud Functions,Compute,Serverless Compute,,,,,,,,,,,,,,,,,,,,"{""environment"":""staging"",""cost-center"":""cc-1042"",""owner"":""team-platform""}"
Google Cloud,Google,Google Cloud,INV-2026-05-F70819,01A2B3-C4D5E6-F70819,ExampleCorp Billing - Primary,Billing Account,examplecorp-prod-481627,prod-platform,Project,2026-05-01T00:00:00Z,2026-06-01T00:00:00Z,2026-05-04T00:00:00Z,2026-05-05T00:00:00Z,Usage,,On-demand query analysis,Usage-Based,134.59275,134.59275,149.5475,134.59275,6.2500000000,5.6250000000,Standard,23.9276,TiB,USD,5.6250000000,134.59275,6.2500000000,USD,23.9276,TiB,BigQuery,Databases,Data Warehouses,SKU-ef2de98156d58b386f8bea8e,Analysis,SPRICE-257832ee3981a8cf8c2b0ca4,"{""x_Edition"":""OnDemand""}",//bigquery.googleapis.com/projects/examplecorp-prod-481627/datasets/ds_53c2c318,ds_53c2c318,BigQuery Dataset,us-east1,South Carolina,,,,,,,,,,,"{""environment"":""staging"",""cost-center"":""cc-1042"",""owner"":""team-payments""}"
Google Cloud,Google,Google Cloud,INV-2026-05-F70819,01A2B3-C4D5E6-F70819,ExampleCorp Billing - Primary,Billing Account,examplecorp-prod-481627,prod-platform,Project,2026-05-01T00:00:00Z,2026-06-01T00:00:00Z,2026-05-08T00:00:00Z,2026-05-09T00:00:00Z,Tax,,Synthetic tax 10% on usage record 120: Cloud Monitoring,One-Time,5.546795922,5.546795922,6.16310658,5.546795922,,,,,,USD,,5.546795922,,USD,,,Cloud Monitoring,Management and Governance,Observability,,,,,,,,,,,,,,,,,,,,"{""environment"":""staging"",""cost-center"":""cc-2087"",""owner"":""team-data""}"
Google Cloud,Google,Google Cloud,INV-2026-05-A7B8C9,11C2D3-E4F506-A7B8C9,ExampleCorp Billing - Secondary,Billing Account,examplecorp-sandbox-160942,sandbox-dev,Project,2026-05-01T00:00:00Z,2026-06-01T00:00:00Z,2026-05-08T05:00:00Z,2026-05-08T06:00:00Z,Usage,,Function execution duration,Usage-Based,16.0289050779,16.0289050779,17.809894531,16.0289050779,0.0000025000,0.0000022500,Standard,7123957.8124,GB-Seconds,USD,0.0000022500,16.0289050779,0.0000025000,USD,7123957.8124,GB-Seconds,Cloud Functions,Compute,Serverless Compute,SKU-695ae4ac3664791d99311a2f,Compute,SPRICE-1660dde73d1cd143caedc47c,"{""x_Runtime"":""python312"",""x_Generation"":""gen2""}",//cloudfunctions.googleapis.com/projects/examplecorp-sandbox-160942/functions/fn-e35802bc,fn-e35802bc,Cloud Function,us-central1,Iowa,,,,,,,,,,,"{""environment"":""prod"",""cost-center"":""cc-1042"",""owner"":""team-data""}"
Google Cloud,Google,Google Cloud,INV-2026-05-F70819,01A2B3-C4D5E6-F70819,ExampleCorp Billing - Primary,Billing Account,examplecorp-staging-552831,staging-platform,Project,2026-05-01T00:00:00Z,2026-06-01T00:00:00Z,2026-05-08T06:00:00Z,2026-05-08T07:00:00Z,Usage,,Function execution duration,Usage-Based,1.7551229058,1.7551229058,1.950136562,1.7551229058,0.0000025000,0.0000022500,Standard,780054.6248,GB-Seconds,USD,0.0000022500,1.7551229058,0.0000025000,USD,780054.6248,GB-Seconds,Cloud Functions,Compute,Serverless Compute,SKU-eb71d7502d67eb15645ae724,Compute,SPRICE-29314eddd725ec87d1767584,"{""x_Runtime"":""python312"",""x_Generation"":""gen2""}",//cloudfunctions.googleapis.com/projects/examplecorp-staging-552831/functions/fn-364901ec,fn-364901ec,Cloud Function,asia-southeast1,Singapore,,,,,,,,,,,"{""environment"":""staging"",""cost-center"":""cc-2087"",""owner"":""team-platform""}"
Google Cloud,Google,Google Cloud,INV-2026-05-F70819,01A2B3-C4D5E6-F70819,ExampleCorp Billing - Primary,Billing Account,examplecorp-data-739104,data-analytics,Project,2026-05-01T00:00:00Z,2026-06-01T00:00:00Z,2026-05-08T07:00:00Z,2026-05-08T08:00:00Z,Usage,,Cloud SQL custom 4 vCPU,Usage-Based,0.18,0.18,0.2,0.18,0.2000000000,0.1800000000,Standard,1.0000,Hours,USD,0.1800000000,0.18,0.2000000000,USD,1.0000,Hours,Cloud SQL,Databases,Relational Databases,SKU-d90356e2a5d22b807727c289,Database,SPRICE-dedc6d4fdfe1a8a6142b961a,"{""InstanceType"":""db-custom-4-16384"",""CoreCount"":4,""MemorySize"":16,""x_Engine"":""PostgreSQL""}",//sqladmin.googleapis.com/projects/examplecorp-data-739104/instances/sql-95f77804,sql-95f77804,Cloud SQL Instance,us-central1,Iowa,,,,,,,,,,,"{""environment"":""dev"",""cost-center"":""cc-3110"",""owner"":""team-payments""}"
Google Cloud,Google,Google Cloud,INV-2026-05-A7B8C9,11C2D3-E4F506-A7B8C9,ExampleCorp Billing - Secondary,Billing Account,examplecorp-staging-552831,staging-platform,Project,2026-05-01T00:00:00Z,2026-06-01T00:00:00Z,2026-05-02T18:00:00Z,2026-05-02T19:00:00Z,Tax,,Synthetic tax 10% on usage record 43: Cloud SQL,One-Time,0.018,0.018,0.02,0.018,,,,,,USD,,0.018,,USD,,,Cloud SQL,Databases,Relational Databases,,,,,,,,,,,,,,,,,,,,"{""environment"":""dev"",""cost-center"":""cc-1042"",""owner"":""team-platform""}"
Google Cloud,Google,Google Cloud,INV-2026-05-A7B8C9,11C2D3-E4F506-A7B8C9,ExampleCorp Billing - Secondary,Billing Account,examplecorp-sandbox-160942,sandbox-dev,Project,2026-05-01T00:00:00Z,2026-06-01T00:00:00Z,2026-05-08T09:00:00Z,2026-05-08T10:00:00Z,Usage,,Function execution duration,Usage-Based,3.68489736495,3.68489736495,4.0943304055,3.68489736495,0.0000025000,0.0000022500,Standard,1637732.1622,GB-Seconds,USD,0.0000022500,3.68489736495,0.0000025000,USD,1637732.1622,GB-Seconds,Cloud Functions,Compute,Serverless Compute,SKU-8a24a01b926d78ddce5a4f53,Compute,SPRICE-7ca6b452df77a0dcdde4d036,"{""x_Runtime"":""python312"",""x_Generation"":""gen2""}",//cloudfunctions.googleapis.com/projects/examplecorp-sandbox-160942/functions/fn-84b9c42d,fn-84b9c42d,Cloud Function,us-east1,South Carolina,,,,,,,,,,,"{""environment"":""staging"",""cost-center"":""cc-1042"",""owner"":""team-payments""}"
Google Cloud,Google,Google Cloud,INV-2026-05-F70819,01A2B3-C4D5E6-F70819,ExampleCorp Billing - Primary,Billing Account,examplecorp-staging-552831,staging-platform,Project,2026-05-01T00:00:00Z,2026-06-01T00:00:00Z,2026-05-11T00:00:00Z,2026-05-12T00:00:00Z,Usage,,On-demand query analysis,Usage-Based,44.6259375,44.6259375,49.584375,44.6259375,6.2500000000,5.6250000000,Standard,7.9335,TiB,USD,5.6250000000,44.6259375,6.2500000000,USD,7.9335,TiB,BigQuery,Databases,Data Warehouses,SKU-1607322bfb22b50842e3cc7b,Analysis,SPRICE-4b8dca1b547fed9a03f372f3,"{""x_Edition"":""OnDemand""}",//bigquery.googleapis.com/projects/examplecorp-staging-552831/datasets/ds_2d138181,ds_2d138181,BigQuery Dataset,asia-southeast1,Singapore,,,,,,,,,,,"{""environment"":""staging"",""cost-center"":""cc-3110"",""owner"":""team-platform""}"
Google Cloud,Google,Google Cloud,INV-2026-05-A7B8C9,11C2D3-E4F506-A7B8C9,ExampleCorp Billing - Secondary,Billing Account,examplecorp-sandbox-160942,sandbox-dev,Project,2026-05-01T00:00:00Z,2026-06-01T00:00:00Z,2026-05-12T00:00:00Z,2026-05-13T00:00:00Z,Usage,,Monitoring data ingested,Usage-Based,54.89031528,54.89031528,60.9892392,54.89031528,0.2580000000,0.2322000000,Standard,236.3924,MiB,USD,0.2322000000,54.89031528,0.2580000000,USD,236.3924,MiB,Cloud Monitoring,Management and Governance,Observability,SKU-f2290c09e5e6212780d60874,Monitoring,SPRICE-d43771be279a84180443f7fd,"{""x_DataType"":""Metrics""}",//monitoring.googleapis.com/projects/examplecorp-sandbox-160942/metricsScopes/mon-02029fb6,mon-02029fb6,Monitoring Workspace,us-central1,Iowa,,,,,,,,,,,"{""environment"":""prod"",""cost-center"":""cc-3110"",""owner"":""team-data""}"
Google Cloud,Google,Google Cloud,INV-2026-05-F70819,01A2B3-C4D5E6-F70819,ExampleCorp Billing - Primary,Billing Account,examplecorp-sandbox-160942,sandbox-dev,Project,2026-05-01T00:00:00Z,2026-06-01T00:00:00Z,2026-05-08T12:00:00Z,2026-05-08T13:00:00Z,Usage,,GKE node pool hours,Usage-Based,0.1206,0.1206,0.134,0.1206,0.1340000000,0.1206000000,Standard,1.0000,Hours,USD,0.1206000000,0.1206,0.1340000000,USD,1.0000,Hours,Google Kubernetes Engine,Compute,Containers,SKU-9f36ca4ad55c40314722c6e2,Compute,SPRICE-d0b5636dddc3dcd209075213,"{""InstanceType"":""e2-standard-4"",""CoreCount"":4,""MemorySize"":16,""x_NodePool"":""default""}",//container.googleapis.com/projects/examplecorp-sandbox-160942/clusters/gke-dd381a1f,gke-dd381a1f,GKE Cluster,us-central1,Iowa,,,,,,,,,,,"{""environment"":""staging"",""cost-center"":""cc-1042"",""owner"":""team-data""}"
Google Cloud,Google,Google Cloud,INV-2026-05-A7B8C9,11C2D3-E4F506-A7B8C9,ExampleCorp Billing - Secondary,Billing Account,examplecorp-data-739104,data-analytics,Project,2026-05-01T00:00:00Z,2026-06-01T00:00:00Z,2026-05-01T00:00:00Z,2026-06-01T00:00:00Z,Usage,,Standard storage,Usage-Based,98.7426882,98.7426882,109.714098,98.7426882,0.0200000000,0.0180000000,Standard,5485.7049,GB-Months,USD,0.0180000000,98.7426882,0.0200000000,USD,5485.7049,GB-Months,Cloud Storage,Storage,Object Storage,SKU-8b457763f3438a2efc35839d,Storage,SPRICE-e9607b4aba6714ae0874493f,"{""StorageClass"":""Standard""}",//storage.googleapis.com/projects/examplecorp-data-739104/buckets/bucket-fcdc4154,bucket-fcdc4154,Storage Bucket,us-east1,South Carolina,,,,,,,,,,,"{""environment"":""prod"",""cost-center"":""cc-2087"",""owner"":""team-payments""}"
Google Cloud,Google,Google Cloud,INV-2026-05-F70819,01A2B3-C4D5E6-F70819,ExampleCorp Billing - Primary,Billing Account,examplecorp-data-739104,data-analytics,Project,2026-05-01T00:00:00Z,2026-06-01T00:00:00Z,2026-05-15T00:00:00Z,2026-05-16T00:00:00Z,Usage,,On-demand query analysis,Usage-Based,273.30975,273.30975,303.6775,273.30975,6.2500000000,5.6250000000,Standard,48.5884,TiB,USD,5.6250000000,273.30975,6.2500000000,USD,48.5884,TiB,BigQuery,Databases,Data Warehouses,SKU-1607322bfb22b50842e3cc7b,Analysis,SPRICE-4b8dca1b547fed9a03f372f3,"{""x_Edition"":""OnDemand""}",//bigquery.googleapis.com/projects/examplecorp-data-739104/datasets/ds_8c8eacd4,ds_8c8eacd4,BigQuery Dataset,asia-southeast1,Singapore,,,,,,,,,,,"{""environment"":""dev"",""cost-center"":""cc-1042"",""owner"":""team-data""}"
Google Cloud,Google,Google Cloud,INV-2026-05-F70819,01A2B3-C4D5E6-F70819,ExampleCorp Billing - Primary,Billing Account,examplecorp-staging-552831,staging-platform,Project,2026-05-01T00:00:00Z,2026-06-01T00:00:00Z,2026-05-01T00:00:00Z,2026-06-01T00:00:00Z,Usage,,Standard storage,Usage-Based,55.6675506,55.6675506,61.852834,55.6675506,0.0200000000,0.0180000000,Standard,3092.6417,GB-Months,USD,0.0180000000,55.6675506,0.0200000000,USD,3092.6417,GB-Months,Cloud Storage,Storage,Object Storage,SKU-8b457763f3438a2efc35839d,Storage,SPRICE-e9607b4aba6714ae0874493f,"{""StorageClass"":""Standard""}",//storage.googleapis.com/projects/examplecorp-staging-552831/buckets/bucket-2e386052,bucket-2e386052,Storage Bucket,us-east1,South Carolina,,,,,,,,,,,"{""environment"":""prod"",""cost-center"":""cc-1042"",""owner"":""team-platform""}"
Google Cloud,Google,Google Cloud,INV-2026-05-F70819,01A2B3-C4D5E6-F70819,ExampleCorp Billing - Primary,Billing Account,examplecorp-prod-481627,prod-platform,Project,2026-05-01T00:00:00Z,2026-06-01T00:00:00Z,2026-05-08T16:00:00Z,2026-05-08T17:00:00Z,Usage,,Cloud SQL custom 4 vCPU,Usage-Based,0.18,0.18,0.2,0.18,0.2000000000,0.1800000000,Standard,1.0000,Hours,USD,0.1800000000,0.18,0.2000000000,USD,1.0000,Hours,Cloud SQL,Databases,Relational Databases,SKU-0878e8a79fb464dcb2955125,Database,SPRICE-252613603489dea350c5ac8d,"{""InstanceType"":""db-custom-4-16384"",""CoreCount"":4,""MemorySize"":16,""x_Engine"":""PostgreSQL""}",//sqladmin.googleapis.com/projects/examplecorp-prod-481627/instances/sql-dd9e4a94,sql-dd9e4a94,Cloud SQL Instance,europe-west1,Belgium,,,,,,,,,,,"{""environment"":""prod"",""cost-center"":""cc-3110"",""owner"":""team-platform""}"
Google Cloud,Google,Google Cloud,INV-2026-05-F70819,01A2B3-C4D5E6-F70819,ExampleCorp Billing - Primary,Billing Account,examplecorp-staging-552831,staging-platform,Project,2026-05-01T00:00:00Z,2026-06-01T00:00:00Z,2026-05-01T00:00:00Z,2026-06-01T00:00:00Z,Usage,,Standard storage,Usage-Based,16.6734864,16.6734864,18.526096,16.6734864,0.0200000000,0.0180000000,Standard,926.3048,GB-Months,EUR,0.0165600000,15.339607488,0.0184000000,USD,926.3048,GB-Months,Cloud Storage,Storage,Object Storage,SKU-8b457763f3438a2efc35839d,Storage,SPRICE-a064b6f256ef5eabf1598635,"{""StorageClass"":""Standard""}",//storage.googleapis.com/projects/examplecorp-staging-552831/buckets/bucket-4292bd7b,bucket-4292bd7b,Storage Bucket,us-east1,South Carolina,,,,,,,,,,,"{""environment"":""prod"",""cost-center"":""cc-3110"",""owner"":""team-payments""}"
Google Cloud,Google,Google Cloud,INV-2026-05-A7B8C9,11C2D3-E4F506-A7B8C9,ExampleCorp Billing - Secondary,Billing Account,examplecorp-sandbox-160942,sandbox-dev,Project,2026-05-01T00:00:00Z,2026-06-01T00:00:00Z,2026-05-01T00:00:00Z,2026-06-01T00:00:00Z,Usage,,Standard storage,Usage-Based,100.5165324,100.5165324,111.685036,100.5165324,0.0200000000,0.0180000000,Standard,5584.2518,GB-Months,USD,0.0180000000,100.5165324,0.0200000000,USD,5584.2518,GB-Months,Cloud Storage,Storage,Object Storage,SKU-8b457763f3438a2efc35839d,Storage,SPRICE-e9607b4aba6714ae0874493f,"{""StorageClass"":""Standard""}",//storage.googleapis.com/projects/examplecorp-sandbox-160942/buckets/bucket-41eff2b0,bucket-41eff2b0,Storage Bucket,us-east1,South Carolina,,,,,,,,,,,"{""environment"":""dev"",""cost-center"":""cc-3110"",""owner"":""team-data""}"
Google Cloud,Google,Google Cloud,INV-2026-05-F70819,01A2B3-C4D5E6-F70819,ExampleCorp Billing - Primary,Billing Account,examplecorp-sandbox-160942,sandbox-dev,Project,2026-05-01T00:00:00Z,2026-06-01T00:00:00Z,2026-05-08T19:00:00Z,2026-05-08T20:00:00Z,Usage,,e2-standard-4 running,Usage-Based,0.1206,0.1206,0.134,0.1206,0.1340000000,0.1206000000,Standard,1.0000,Hours,USD,0.1206000000,0.1206,0.1340000000,USD,1.0000,Hours,Compute Engine,Compute,Virtual Machines,SKU-c7f294f3dc4904208c787632,Compute,SPRICE-c8c1784c237a87edf1c3647d,"{""InstanceType"":""e2-standard-4"",""InstanceSeries"":""E2"",""CoreCount"":4,""MemorySize"":16,""OperatingSystem"":""Linux"",""x_Preemptible"":""false""}",//compute.googleapis.com/projects/examplecorp-sandbox-160942/instances/instance-dc60aafe,instance-dc60aafe,Compute Instance,us-east1,South Carolina,us-east1-c,,,,,,,,,,"{""environment"":""prod"",""cost-center"":""cc-3110"",""owner"":""team-payments""}"
Google Cloud,Google,Google Cloud,INV-2026-05-A7B8C9,11C2D3-E4F506-A7B8C9,ExampleCorp Billing - Secondary,Billing Account,examplecorp-data-739104,data-analytics,Project,2026-05-01T00:00:00Z,2026-06-01T00:00:00Z,2026-05-08T20:00:00Z,2026-05-08T21:00:00Z,Purchase,,"Committed Use Discount commitment, amortised for the charge period",Recurring,0.089378,0,0.089378,0.089378,0.0893780000,0.0893780000,Standard,1,Hours,USD,0.0893780000,0,0.0893780000,USD,,,Compute Engine,Compute,Virtual Machines,SKU-811d066322b79393ddc63c0b,Commitment,SPRICE-b84c9f0636fd6deb92d27af0,"{""x_Plan"":""TWELVE_MONTH"",""x_Type"":""COMPUTE_OPTIMIZED""}",//compute.googleapis.com/projects/examplecorp-data-739104/regions/asia-southeast1/commitments/cud-7df2dc1011,cud-7604a5bcb5,Committed Use Discount,asia-southeast1,Singapore,,//compute.googleapis.com/projects/examplecorp-data-739104/regions/asia-southeast1/commitments/cud-7df2dc1011,ResourceBasedCUD-1yr-Compute,Usage,Committed Use Discount,,1,Hours,,,"{""environment"":""staging"",""cost-center"":""cc-3110"",""owner"":""team-platform""}"
Google Cloud,Google,Google Cloud,INV-2026-05-A7B8C9,11C2D3-E4F506-A7B8C9,ExampleCorp Billing - Secondary,Billing Account,examplecorp-data-739104,data-analytics,Project,2026-05-01T00:00:00Z,2026-06-01T00:00:00Z,2026-05-08T20:00:00Z,2026-05-08T21:00:00Z,Usage,,Compute Engine committed usage,Usage-Based,0,0.089378,0.134,0.1206,0.1340000000,0.1206000000,Committed,1,Hours,USD,0.1206000000,0.089378,0.1340000000,USD,1,Hours,Compute Engine,Compute,Virtual Machines,SKU-1f3d031b6a456d700dc64bbb,Compute,SPRICE-d8c574633874898080639a0f,"{""InstanceType"":""e2-standard-4"",""InstanceSeries"":""E2"",""CoreCount"":4,""MemorySize"":16,""OperatingSystem"":""Linux"",""x_Preemptible"":""false""}",//compute.googleapis.com/projects/examplecorp-data-739104/instances/instance-00000c3b73,instance-00000c3b73,Compute Instance,asia-southeast1,Singapore,asia-southeast1-b,//compute.googleapis.com/projects/examplecorp-data-739104/regions/asia-southeast1/commitments/cud-7df2dc1011,ResourceBasedCUD-1yr-Compute,Usage,Committed Use Discount,Used,1,Hours,,,"{""environment"":""prod"",""cost-center"":""cc-1042"",""owner"":""team-payments""}"
Google Cloud,Google,Google Cloud,INV-2026-05-A7B8C9,11C2D3-E4F506-A7B8C9,ExampleCorp Billing - Secondary,Billing Account,examplecorp-data-739104,data-analytics,Project,2026-05-01T00:00:00Z,2026-06-01T00:00:00Z,2026-05-08T21:00:00Z,2026-05-08T22:00:00Z,Purchase,,"Committed Use Discount commitment, amortised for the charge period",Recurring,0.089378,0,0.089378,0.089378,0.0893780000,0.0893780000,Standard,1,Hours,USD,0.0893780000,0,0.0893780000,USD,,,Compute Engine,Compute,Virtual Machines,SKU-811d066322b79393ddc63c0b,Commitment,SPRICE-b84c9f0636fd6deb92d27af0,"{""x_Plan"":""TWELVE_MONTH"",""x_Type"":""COMPUTE_OPTIMIZED""}",//compute.googleapis.com/projects/examplecorp-data-739104/regions/asia-southeast1/commitments/cud-7df2dc1011,cud-7604a5bcb5,Committed Use Discount,asia-southeast1,Singapore,,//compute.googleapis.com/projects/examplecorp-data-739104/regions/asia-southeast1/commitments/cud-7df2dc1011,ResourceBasedCUD-1yr-Compute,Usage,Committed Use Discount,,1,Hours,,,"{""environment"":""prod"",""cost-center"":""cc-3110"",""owner"":""team-platform""}"
Google Cloud,Google,Google Cloud,INV-2026-05-A7B8C9,11C2D3-E4F506-A7B8C9,ExampleCorp Billing - Secondary,Billing Account,examplecorp-data-739104,data-analytics,Project,2026-05-01T00:00:00Z,2026-06-01T00:00:00Z,2026-05-08T21:00:00Z,2026-05-08T22:00:00Z,Usage,,Compute Engine committed usage,Usage-Based,0,0.089378,0.134,0.1206,0.1340000000,0.1206000000,Committed,1,Hours,USD,0.1206000000,0.089378,0.1340000000,USD,1,Hours,Compute Engine,Compute,Virtual Machines,SKU-1f3d031b6a456d700dc64bbb,Compute,SPRICE-d8c574633874898080639a0f,"{""InstanceType"":""e2-standard-4"",""InstanceSeries"":""E2"",""CoreCount"":4,""MemorySize"":16,""OperatingSystem"":""Linux"",""x_Preemptible"":""false""}",//compute.googleapis.com/projects/examplecorp-data-739104/instances/instance-0001cd6f0b,instance-0001cd6f0b,Compute Instance,asia-southeast1,Singapore,asia-southeast1-b,//compute.googleapis.com/projects/examplecorp-data-739104/regions/asia-southeast1/commitments/cud-7df2dc1011,ResourceBasedCUD-1yr-Compute,Usage,Committed Use Discount,Used,1,Hours,,,"{""environment"":""staging"",""cost-center"":""cc-2087"",""owner"":""team-platform""}"
Google Cloud,Google,Google Cloud,INV-2026-05-A7B8C9,11C2D3-E4F506-A7B8C9,ExampleCorp Billing - Secondary,Billing Account,examplecorp-data-739104,data-analytics,Project,2026-05-01T00:00:00Z,2026-06-01T00:00:00Z,2026-05-08T22:00:00Z,2026-05-08T23:00:00Z,Purchase,,"Committed Use Discount commitment, amortised for the charge period",Recurring,0.089378,0,0.089378,0.089378,0.0893780000,0.0893780000,Standard,1,Hours,USD,0.0893780000,0,0.0893780000,USD,,,Compute Engine,Compute,Virtual Machines,SKU-811d066322b79393ddc63c0b,Commitment,SPRICE-b84c9f0636fd6deb92d27af0,"{""x_Plan"":""TWELVE_MONTH"",""x_Type"":""COMPUTE_OPTIMIZED""}",//compute.googleapis.com/projects/examplecorp-data-739104/regions/asia-southeast1/commitments/cud-7df2dc1011,cud-7604a5bcb5,Committed Use Discount,asia-southeast1,Singapore,,//compute.googleapis.com/projects/examplecorp-data-739104/regions/asia-southeast1/commitments/cud-7df2dc1011,ResourceBasedCUD-1yr-Compute,Usage,Committed Use Discount,,1,Hours,,,"{""environment"":""dev"",""cost-center"":""cc-1042"",""owner"":""team-data""}"
Google Cloud,Google,Google Cloud,INV-2026-05-A7B8C9,11C2D3-E4F506-A7B8C9,ExampleCorp Billing - Secondary,Billing Account,examplecorp-data-739104,data-analytics,Project,2026-05-01T00:00:00Z,2026-06-01T00:00:00Z,2026-05-08T22:00:00Z,2026-05-08T23:00:00Z,Usage,,Compute Engine committed usage,Usage-Based,0,0.089378,0.134,0.1206,0.1340000000,0.1206000000,Committed,1,Hours,USD,0.1206000000,0.089378,0.1340000000,USD,1,Hours,Compute Engine,Compute,Virtual Machines,SKU-1f3d031b6a456d700dc64bbb,Compute,SPRICE-d8c574633874898080639a0f,"{""InstanceType"":""e2-standard-4"",""InstanceSeries"":""E2"",""CoreCount"":4,""MemorySize"":16,""OperatingSystem"":""Linux"",""x_Preemptible"":""false""}",//compute.googleapis.com/projects/examplecorp-data-739104/instances/instance-0002b40622,instance-0002b40622,Compute Instance,asia-southeast1,Singapore,asia-southeast1-b,//compute.googleapis.com/projects/examplecorp-data-739104/regions/asia-southeast1/commitments/cud-7df2dc1011,ResourceBasedCUD-1yr-Compute,Usage,Committed Use Discount,Used,1,Hours,,,"{""environment"":""dev"",""cost-center"":""cc-2087"",""owner"":""team-platform""}"
Google Cloud,Google,Google Cloud,INV-2026-05-A7B8C9,11C2D3-E4F506-A7B8C9,ExampleCorp Billing - Secondary,Billing Account,examplecorp-data-739104,data-analytics,Project,2026-05-01T00:00:00Z,2026-06-01T00:00:00Z,2026-05-08T23:00:00Z,2026-05-09T00:00:00Z,Purchase,,"Committed Use Discount commitment, amortised for the charge period",Recurring,0.089378,0,0.089378,0.089378,0.0893780000,0.0893780000,Standard,1,Hours,USD,0.0893780000,0,0.0893780000,USD,,,Compute Engine,Compute,Virtual Machines,SKU-811d066322b79393ddc63c0b,Commitment,SPRICE-b84c9f0636fd6deb92d27af0,"{""x_Plan"":""TWELVE_MONTH"",""x_Type"":""COMPUTE_OPTIMIZED""}",//compute.googleapis.com/projects/examplecorp-data-739104/regions/asia-southeast1/commitments/cud-7df2dc1011,cud-7604a5bcb5,Committed Use Discount,asia-southeast1,Singapore,,//compute.googleapis.com/projects/examplecorp-data-739104/regions/asia-southeast1/commitments/cud-7df2dc1011,ResourceBasedCUD-1yr-Compute,Usage,Committed Use Discount,,1,Hours,,,"{""environment"":""dev"",""cost-center"":""cc-1042"",""owner"":""team-data""}"
Google Cloud,Google,Google Cloud,INV-2026-05-A7B8C9,11C2D3-E4F506-A7B8C9,ExampleCorp Billing - Secondary,Billing Account,examplecorp-data-739104,data-analytics,Project,2026-05-01T00:00:00Z,2026-06-01T00:00:00Z,2026-05-08T23:00:00Z,2026-05-09T00:00:00Z,Usage,,Compute Engine committed usage,Usage-Based,0,0.089378,0.134,0.1206,0.1340000000,0.1206000000,Committed,1,Hours,USD,0.1206000000,0.089378,0.1340000000,USD,1,Hours,Compute Engine,Compute,Virtual Machines,SKU-1f3d031b6a456d700dc64bbb,Compute,SPRICE-d8c574633874898080639a0f,"{""InstanceType"":""e2-standard-4"",""InstanceSeries"":""E2"",""CoreCount"":4,""MemorySize"":16,""OperatingSystem"":""Linux"",""x_Preemptible"":""false""}",//compute.googleapis.com/projects/examplecorp-data-739104/instances/instance-000300c0bf,instance-000300c0bf,Compute Instance,asia-southeast1,Singapore,asia-southeast1-b,//compute.googleapis.com/projects/examplecorp-data-739104/regions/asia-southeast1/commitments/cud-7df2dc1011,ResourceBasedCUD-1yr-Compute,Usage,Committed Use Discount,Used,1,Hours,,,"{""environment"":""staging"",""cost-center"":""cc-1042"",""owner"":""team-platform""}"
Google Cloud,Google,Google Cloud,INV-2026-05-A7B8C9,11C2D3-E4F506-A7B8C9,ExampleCorp Billing - Secondary,Billing Account,examplecorp-data-739104,data-analytics,Project,2026-05-01T00:00:00Z,2026-06-01T00:00:00Z,2026-05-09T00:00:00Z,2026-05-09T01:00:00Z,Purchase,,"Committed Use Discount commitment, amortised for the charge period",Recurring,0.089378,0,0.089378,0.089378,0.0893780000,0.0893780000,Standard,1,Hours,USD,0.0893780000,0,0.0893780000,USD,,,Compute Engine,Compute,Virtual Machines,SKU-811d066322b79393ddc63c0b,Commitment,SPRICE-b84c9f0636fd6deb92d27af0,"{""x_Plan"":""TWELVE_MONTH"",""x_Type"":""COMPUTE_OPTIMIZED""}",//compute.googleapis.com/projects/examplecorp-data-739104/regions/asia-southeast1/commitments/cud-7df2dc1011,cud-7604a5bcb5,Committed Use Discount,asia-southeast1,Singapore,,//compute.googleapis.com/projects/examplecorp-data-739104/regions/asia-southeast1/commitments/cud-7df2dc1011,ResourceBasedCUD-1yr-Compute,Usage,Committed Use Discount,,1,Hours,,,"{""environment"":""dev"",""cost-center"":""cc-3110"",""owner"":""team-payments""}"
Google Cloud,Google,Google Cloud,INV-2026-05-A7B8C9,11C2D3-E4F506-A7B8C9,ExampleCorp Billing - Secondary,Billing Account,examplecorp-data-739104,data-analytics,Project,2026-05-01T00:00:00Z,2026-06-01T00:00:00Z,2026-05-09T00:00:00Z,2026-05-09T01:00:00Z,Usage,,Compute Engine committed usage,Usage-Based,0,0.089378,0.134,0.1206,0.1340000000,0.1206000000,Committed,1,Hours,USD,0.1206000000,0.089378,0.1340000000,USD,1,Hours,Compute Engine,Compute,Virtual Machines,SKU-1f3d031b6a456d700dc64bbb,Compute,SPRICE-d8c574633874898080639a0f,"{""InstanceType"":""e2-standard-4"",""InstanceSeries"":""E2"",""CoreCount"":4,""MemorySize"":16,""OperatingSystem"":""Linux"",""x_Preemptible"":""false""}",//compute.googleapis.com/projects/examplecorp-data-739104/instances/instance-0004d7cf13,instance-0004d7cf13,Compute Instance,asia-southeast1,Singapore,asia-southeast1-b,//compute.googleapis.com/projects/examplecorp-data-739104/regions/asia-southeast1/commitments/cud-7df2dc1011,ResourceBasedCUD-1yr-Compute,Usage,Committed Use Discount,Used,1,Hours,,,"{""environment"":""dev"",""cost-center"":""cc-3110"",""owner"":""team-data""}"
Google Cloud,Google,Google Cloud,INV-2026-05-A7B8C9,11C2D3-E4F506-A7B8C9,ExampleCorp Billing - Secondary,Billing Account,examplecorp-data-739104,data-analytics,Project,2026-05-01T00:00:00Z,2026-06-01T00:00:00Z,2026-05-09T01:00:00Z,2026-05-09T02:00:00Z,Purchase,,"Committed Use Discount commitment, amortised for the charge period",Recurring,0.089378,0,0.089378,0.089378,0.0893780000,0.0893780000,Standard,1,Hours,USD,0.0893780000,0,0.0893780000,USD,,,Compute Engine,Compute,Virtual Machines,SKU-811d066322b79393ddc63c0b,Commitment,SPRICE-b84c9f0636fd6deb92d27af0,"{""x_Plan"":""TWELVE_MONTH"",""x_Type"":""COMPUTE_OPTIMIZED""}",//compute.googleapis.com/projects/examplecorp-data-739104/regions/asia-southeast1/commitments/cud-7df2dc1011,cud-7604a5bcb5,Committed Use Discount,asia-southeast1,Singapore,,//compute.googleapis.com/projects/examplecorp-data-739104/regions/asia-southeast1/commitments/cud-7df2dc1011,ResourceBasedCUD-1yr-Compute,Usage,Committed Use Discount,,1,Hours,,,"{""environment"":""staging"",""cost-center"":""cc-3110"",""owner"":""team-platform""}"
Google Cloud,Google,Google Cloud,INV-2026-05-A7B8C9,11C2D3-E4F506-A7B8C9,ExampleCorp Billing - Secondary,Billing Account,examplecorp-data-739104,data-analytics,Project,2026-05-01T00:00:00Z,2026-06-01T00:00:00Z,2026-05-09T01:00:00Z,2026-05-09T02:00:00Z,Usage,,Committed Use Discount unused commitment,Usage-Based,0,0.089378,0.089378,0.089378,0.0893780000,0.0893780000,Committed,1,Hours,USD,0.0893780000,0.089378,0.0893780000,USD,,,Compute Engine,Compute,Virtual Machines,SKU-811d066322b79393ddc63c0b,Commitment,SPRICE-b84c9f0636fd6deb92d27af0,"{""x_Plan"":""TWELVE_MONTH"",""x_Type"":""COMPUTE_OPTIMIZED""}",//compute.googleapis.com/projects/examplecorp-data-739104/regions/asia-southeast1/commitments/cud-7df2dc1011,cud-7604a5bcb5,Committed Use Discount,asia-southeast1,Singapore,,//compute.googleapis.com/projects/examplecorp-data-739104/regions/asia-southeast1/commitments/cud-7df2dc1011,ResourceBasedCUD-1yr-Compute,Usage,Committed Use Discount,Unused,1,Hours,,,"{""environment"":""staging"",""cost-center"":""cc-2087"",""owner"":""team-platform""}"
Google Cloud,Google,Google Cloud,INV-2026-05-A7B8C9,11C2D3-E4F506-A7B8C9,ExampleCorp Billing - Secondary,Billing Account,examplecorp-data-739104,data-analytics,Project,2026-05-01T00:00:00Z,2026-06-01T00:00:00Z,2026-05-09T02:00:00Z,2026-05-09T03:00:00Z,Purchase,,"Committed Use Discount commitment, amortised for the charge period",Recurring,0.089378,0,0.089378,0.089378,0.0893780000,0.0893780000,Standard,1,Hours,USD,0.0893780000,0,0.0893780000,USD,,,Compute Engine,Compute,Virtual Machines,SKU-811d066322b79393ddc63c0b,Commitment,SPRICE-b84c9f0636fd6deb92d27af0,"{""x_Plan"":""TWELVE_MONTH"",""x_Type"":""COMPUTE_OPTIMIZED""}",//compute.googleapis.com/projects/examplecorp-data-739104/regions/asia-southeast1/commitments/cud-7df2dc1011,cud-7604a5bcb5,Committed Use Discount,asia-southeast1,Singapore,,//compute.googleapis.com/projects/examplecorp-data-739104/regions/asia-southeast1/commitments/cud-7df2dc1011,ResourceBasedCUD-1yr-Compute,Usage,Committed Use Discount,,1,Hours,,,"{""environment"":""dev"",""cost-center"":""cc-3110"",""owner"":""team-payments""}"
Google Cloud,Google,Google Cloud,INV-2026-05-A7B8C9,11C2D3-E4F506-A7B8C9,ExampleCorp Billing - Secondary,Billing Account,examplecorp-data-739104,data-analytics,Project,2026-05-01T00:00:00Z,2026-06-01T00:00:00Z,2026-05-09T02:00:00Z,2026-05-09T03:00:00Z,Usage,,Committed Use Discount unused commitment,Usage-Based,0,0.089378,0.089378,0.089378,0.0893780000,0.0893780000,Committed,1,Hours,USD,0.0893780000,0.089378,0.0893780000,USD,,,Compute Engine,Compute,Virtual Machines,SKU-811d066322b79393ddc63c0b,Commitment,SPRICE-b84c9f0636fd6deb92d27af0,"{""x_Plan"":""TWELVE_MONTH"",""x_Type"":""COMPUTE_OPTIMIZED""}",//compute.googleapis.com/projects/examplecorp-data-739104/regions/asia-southeast1/commitments/cud-7df2dc1011,cud-7604a5bcb5,Committed Use Discount,asia-southeast1,Singapore,,//compute.googleapis.com/projects/examplecorp-data-739104/regions/asia-southeast1/commitments/cud-7df2dc1011,ResourceBasedCUD-1yr-Compute,Usage,Committed Use Discount,Unused,1,Hours,,,"{""environment"":""prod"",""cost-center"":""cc-2087"",""owner"":""team-payments""}"
Google Cloud,Google,Google Cloud,INV-2026-05-A7B8C9,11C2D3-E4F506-A7B8C9,ExampleCorp Billing - Secondary,Billing Account,examplecorp-data-739104,data-analytics,Project,2026-05-01T00:00:00Z,2026-06-01T00:00:00Z,2026-05-09T03:00:00Z,2026-05-09T04:00:00Z,Purchase,,"Committed Use Discount commitment, amortised for the charge period",Recurring,0.089378,0,0.089378,0.089378,0.0893780000,0.0893780000,Standard,1,Hours,USD,0.0893780000,0,0.0893780000,USD,,,Compute Engine,Compute,Virtual Machines,SKU-811d066322b79393ddc63c0b,Commitment,SPRICE-b84c9f0636fd6deb92d27af0,"{""x_Plan"":""TWELVE_MONTH"",""x_Type"":""COMPUTE_OPTIMIZED""}",//compute.googleapis.com/projects/examplecorp-data-739104/regions/asia-southeast1/commitments/cud-7df2dc1011,cud-7604a5bcb5,Committed Use Discount,asia-southeast1,Singapore,,//compute.googleapis.com/projects/examplecorp-data-739104/regions/asia-southeast1/commitments/cud-7df2dc1011,ResourceBasedCUD-1yr-Compute,Usage,Committed Use Discount,,1,Hours,,,"{""environment"":""prod"",""cost-center"":""cc-1042"",""owner"":""team-payments""}"
Google Cloud,Google,Google Cloud,INV-2026-05-A7B8C9,11C2D3-E4F506-A7B8C9,ExampleCorp Billing - Secondary,Billing Account,examplecorp-data-739104,data-analytics,Project,2026-05-01T00:00:00Z,2026-06-01T00:00:00Z,2026-05-09T03:00:00Z,2026-05-09T04:00:00Z,Usage,,Committed Use Discount unused commitment,Usage-Based,0,0.089378,0.089378,0.089378,0.0893780000,0.0893780000,Committed,1,Hours,USD,0.0893780000,0.089378,0.0893780000,USD,,,Compute Engine,Compute,Virtual Machines,SKU-811d066322b79393ddc63c0b,Commitment,SPRICE-b84c9f0636fd6deb92d27af0,"{""x_Plan"":""TWELVE_MONTH"",""x_Type"":""COMPUTE_OPTIMIZED""}",//compute.googleapis.com/projects/examplecorp-data-739104/regions/asia-southeast1/commitments/cud-7df2dc1011,cud-7604a5bcb5,Committed Use Discount,asia-southeast1,Singapore,,//compute.googleapis.com/projects/examplecorp-data-739104/regions/asia-southeast1/commitments/cud-7df2dc1011,ResourceBasedCUD-1yr-Compute,Usage,Committed Use Discount,Unused,1,Hours,,,"{""environment"":""prod"",""cost-center"":""cc-1042"",""owner"":""team-payments""}"
Google Cloud,Google,Google Cloud,INV-2026-05-F70819,01A2B3-C4D5E6-F70819,ExampleCorp Billing - Primary,Billing Account,examplecorp-staging-552831,staging-platform,Project,2026-05-01T00:00:00Z,2026-06-01T00:00:00Z,2026-05-09T12:00:00Z,2026-05-09T13:00:00Z,Purchase,,"Committed Use Discount commitment, amortised for the charge period",Recurring,0.089378,0,0.089378,0.089378,1,1,Standard,0.089378,USD,USD,1.0000000000,0,1.0000000000,USD,,,Compute Engine,Compute,Virtual Machines,SKU-95fba5b379a851528e8c2f30,Commitment,SPRICE-041d4c7be8a3cca935f01edf,"{""x_Plan"":""TWELVE_MONTH"",""x_Type"":""COMPUTE_OPTIMIZED""}",//compute.googleapis.com/projects/examplecorp-staging-552831/regions/us-east1/commitments/cud-2eacd66de9,cud-b5a629ba1a,Committed Use Discount,us-east1,South Carolina,,//compute.googleapis.com/projects/examplecorp-staging-552831/regions/us-east1/commitments/cud-2eacd66de9,SpendBasedCUD-1yr,Spend,Committed Use Discount,,0.089378,USD,,,"{""environment"":""staging"",""cost-center"":""cc-3110"",""owner"":""team-platform""}"
Google Cloud,Google,Google Cloud,INV-2026-05-F70819,01A2B3-C4D5E6-F70819,ExampleCorp Billing - Primary,Billing Account,examplecorp-staging-552831,staging-platform,Project,2026-05-01T00:00:00Z,2026-06-01T00:00:00Z,2026-05-09T12:00:00Z,2026-05-09T13:00:00Z,Usage,,Compute Engine committed usage,Usage-Based,0,0.089378,0.134,0.1206,0.1340000000,0.1206000000,Committed,1,Hours,USD,0.1206000000,0.089378,0.1340000000,USD,1,Hours,Compute Engine,Compute,Virtual Machines,SKU-c7f294f3dc4904208c787632,Compute,SPRICE-c8c1784c237a87edf1c3647d,"{""InstanceType"":""e2-standard-4"",""InstanceSeries"":""E2"",""CoreCount"":4,""MemorySize"":16,""OperatingSystem"":""Linux"",""x_Preemptible"":""false""}",//compute.googleapis.com/projects/examplecorp-staging-552831/instances/instance-0000265fb6,instance-0000265fb6,Compute Instance,us-east1,South Carolina,us-east1-b,//compute.googleapis.com/projects/examplecorp-staging-552831/regions/us-east1/commitments/cud-2eacd66de9,SpendBasedCUD-1yr,Spend,Committed Use Discount,Used,0.089378,USD,,,"{""environment"":""dev"",""cost-center"":""cc-2087"",""owner"":""team-payments""}"
Google Cloud,Google,Google Cloud,INV-2026-05-F70819,01A2B3-C4D5E6-F70819,ExampleCorp Billing - Primary,Billing Account,examplecorp-staging-552831,staging-platform,Project,2026-05-01T00:00:00Z,2026-06-01T00:00:00Z,2026-05-09T13:00:00Z,2026-05-09T14:00:00Z,Purchase,,"Committed Use Discount commitment, amortised for the charge period",Recurring,0.089378,0,0.089378,0.089378,1,1,Standard,0.089378,USD,USD,1.0000000000,0,1.0000000000,USD,,,Compute Engine,Compute,Virtual Machines,SKU-95fba5b379a851528e8c2f30,Commitment,SPRICE-041d4c7be8a3cca935f01edf,"{""x_Plan"":""TWELVE_MONTH"",""x_Type"":""COMPUTE_OPTIMIZED""}",//compute.googleapis.com/projects/examplecorp-staging-552831/regions/us-east1/commitments/cud-2eacd66de9,cud-b5a629ba1a,Committed Use Discount,us-east1,South Carolina,,//compute.googleapis.com/projects/examplecorp-staging-552831/regions/us-east1/commitments/cud-2eacd66de9,SpendBasedCUD-1yr,Spend,Committed Use Discount,,0.089378,USD,,,"{""environment"":""staging"",""cost-center"":""cc-2087"",""owner"":""team-payments""}"
Google Cloud,Google,Google Cloud,INV-2026-05-F70819,01A2B3-C4D5E6-F70819,ExampleCorp Billing - Primary,Billing Account,examplecorp-staging-552831,staging-platform,Project,2026-05-01T00:00:00Z,2026-06-01T00:00:00Z,2026-05-09T13:00:00Z,2026-05-09T14:00:00Z,Usage,,Compute Engine committed usage,Usage-Based,0,0.089378,0.134,0.1206,0.1340000000,0.1206000000,Committed,1,Hours,USD,0.1206000000,0.089378,0.1340000000,USD,1,Hours,Compute Engine,Compute,Virtual Machines,SKU-c7f294f3dc4904208c787632,Compute,SPRICE-c8c1784c237a87edf1c3647d,"{""InstanceType"":""e2-standard-4"",""InstanceSeries"":""E2"",""CoreCount"":4,""MemorySize"":16,""OperatingSystem"":""Linux"",""x_Preemptible"":""false""}",//compute.googleapis.com/projects/examplecorp-staging-552831/instances/instance-00010831fc,instance-00010831fc,Compute Instance,us-east1,South Carolina,us-east1-b,//compute.googleapis.com/projects/examplecorp-staging-552831/regions/us-east1/commitments/cud-2eacd66de9,SpendBasedCUD-1yr,Spend,Committed Use Discount,Used,0.089378,USD,,,"{""environment"":""prod"",""cost-center"":""cc-1042"",""owner"":""team-data""}"
Google Cloud,Google,Google Cloud,INV-2026-05-F70819,01A2B3-C4D5E6-F70819,ExampleCorp Billing - Primary,Billing Account,examplecorp-staging-552831,staging-platform,Project,2026-05-01T00:00:00Z,2026-06-01T00:00:00Z,2026-05-09T14:00:00Z,2026-05-09T15:00:00Z,Purchase,,"Committed Use Discount commitment, amortised for the charge period",Recurring,0.089378,0,0.089378,0.089378,1,1,Standard,0.089378,USD,USD,1.0000000000,0,1.0000000000,USD,,,Compute Engine,Compute,Virtual Machines,SKU-95fba5b379a851528e8c2f30,Commitment,SPRICE-041d4c7be8a3cca935f01edf,"{""x_Plan"":""TWELVE_MONTH"",""x_Type"":""COMPUTE_OPTIMIZED""}",//compute.googleapis.com/projects/examplecorp-staging-552831/regions/us-east1/commitments/cud-2eacd66de9,cud-b5a629ba1a,Committed Use Discount,us-east1,South Carolina,,//compute.googleapis.com/projects/examplecorp-staging-552831/regions/us-east1/commitments/cud-2eacd66de9,SpendBasedCUD-1yr,Spend,Committed Use Discount,,0.089378,USD,,,"{""environment"":""dev"",""cost-center"":""cc-3110"",""owner"":""team-data""}"
Google Cloud,Google,Google Cloud,INV-2026-05-F70819,01A2B3-C4D5E6-F70819,ExampleCorp Billing - Primary,Billing Account,examplecorp-staging-552831,staging-platform,Project,2026-05-01T00:00:00Z,2026-06-01T00:00:00Z,2026-05-09T14:00:00Z,2026-05-09T15:00:00Z,Usage,,Compute Engine committed usage,Usage-Based,0,0.089378,0.134,0.1206,0.1340000000,0.1206000000,Committed,1,Hours,USD,0.1206000000,0.089378,0.1340000000,USD,1,Hours,Compute Engine,Compute,Virtual Machines,SKU-c7f294f3dc4904208c787632,Compute,SPRICE-c8c1784c237a87edf1c3647d,"{""InstanceType"":""e2-standard-4"",""InstanceSeries"":""E2"",""CoreCount"":4,""MemorySize"":16,""OperatingSystem"":""Linux"",""x_Preemptible"":""false""}",//compute.googleapis.com/projects/examplecorp-staging-552831/instances/instance-000208cc4b,instance-000208cc4b,Compute Instance,us-east1,South Carolina,us-east1-b,//compute.googleapis.com/projects/examplecorp-staging-552831/regions/us-east1/commitments/cud-2eacd66de9,SpendBasedCUD-1yr,Spend,Committed Use Discount,Used,0.089378,USD,,,"{""environment"":""prod"",""cost-center"":""cc-2087"",""owner"":""team-payments""}"
Google Cloud,Google,Google Cloud,INV-2026-05-F70819,01A2B3-C4D5E6-F70819,ExampleCorp Billing - Primary,Billing Account,examplecorp-staging-552831,staging-platform,Project,2026-05-01T00:00:00Z,2026-06-01T00:00:00Z,2026-05-09T15:00:00Z,2026-05-09T16:00:00Z,Purchase,,"Committed Use Discount commitment, amortised for the charge period",Recurring,0.089378,0,0.089378,0.089378,1,1,Standard,0.089378,USD,USD,1.0000000000,0,1.0000000000,USD,,,Compute Engine,Compute,Virtual Machines,SKU-95fba5b379a851528e8c2f30,Commitment,SPRICE-041d4c7be8a3cca935f01edf,"{""x_Plan"":""TWELVE_MONTH"",""x_Type"":""COMPUTE_OPTIMIZED""}",//compute.googleapis.com/projects/examplecorp-staging-552831/regions/us-east1/commitments/cud-2eacd66de9,cud-b5a629ba1a,Committed Use Discount,us-east1,South Carolina,,//compute.googleapis.com/projects/examplecorp-staging-552831/regions/us-east1/commitments/cud-2eacd66de9,SpendBasedCUD-1yr,Spend,Committed Use Discount,,0.089378,USD,,,"{""environment"":""dev"",""cost-center"":""cc-1042"",""owner"":""team-data""}"
Google Cloud,Google,Google Cloud,INV-2026-05-F70819,01A2B3-C4D5E6-F70819,ExampleCorp Billing - Primary,Billing Account,examplecorp-staging-552831,staging-platform,Project,2026-05-01T00:00:00Z,2026-06-01T00:00:00Z,2026-05-09T15:00:00Z,2026-05-09T16:00:00Z,Usage,,Compute Engine committed usage,Usage-Based,0,0.089378,0.134,0.1206,0.1340000000,0.1206000000,Committed,1,Hours,USD,0.1206000000,0.089378,0.1340000000,USD,1,Hours,Compute Engine,Compute,Virtual Machines,SKU-c7f294f3dc4904208c787632,Compute,SPRICE-c8c1784c237a87edf1c3647d,"{""InstanceType"":""e2-standard-4"",""InstanceSeries"":""E2"",""CoreCount"":4,""MemorySize"":16,""OperatingSystem"":""Linux"",""x_Preemptible"":""false""}",//compute.googleapis.com/projects/examplecorp-staging-552831/instances/instance-00033ed189,instance-00033ed189,Compute Instance,us-east1,South Carolina,us-east1-b,//compute.googleapis.com/projects/examplecorp-staging-552831/regions/us-east1/commitments/cud-2eacd66de9,SpendBasedCUD-1yr,Spend,Committed Use Discount,Used,0.089378,USD,,,"{""environment"":""staging"",""cost-center"":""cc-2087"",""owner"":""team-data""}"
Google Cloud,Google,Google Cloud,INV-2026-05-F70819,01A2B3-C4D5E6-F70819,ExampleCorp Billing - Primary,Billing Account,examplecorp-staging-552831,staging-platform,Project,2026-05-01T00:00:00Z,2026-06-01T00:00:00Z,2026-05-09T16:00:00Z,2026-05-09T17:00:00Z,Purchase,,"Committed Use Discount commitment, amortised for the charge period",Recurring,0.089378,0,0.089378,0.089378,1,1,Standard,0.089378,USD,USD,1.0000000000,0,1.0000000000,USD,,,Compute Engine,Compute,Virtual Machines,SKU-95fba5b379a851528e8c2f30,Commitment,SPRICE-041d4c7be8a3cca935f01edf,"{""x_Plan"":""TWELVE_MONTH"",""x_Type"":""COMPUTE_OPTIMIZED""}",//compute.googleapis.com/projects/examplecorp-staging-552831/regions/us-east1/commitments/cud-2eacd66de9,cud-b5a629ba1a,Committed Use Discount,us-east1,South Carolina,,//compute.googleapis.com/projects/examplecorp-staging-552831/regions/us-east1/commitments/cud-2eacd66de9,SpendBasedCUD-1yr,Spend,Committed Use Discount,,0.089378,USD,,,"{""environment"":""staging"",""cost-center"":""cc-1042"",""owner"":""team-data""}"
Google Cloud,Google,Google Cloud,INV-2026-05-F70819,01A2B3-C4D5E6-F70819,ExampleCorp Billing - Primary,Billing Account,examplecorp-staging-552831,staging-platform,Project,2026-05-01T00:00:00Z,2026-06-01T00:00:00Z,2026-05-09T16:00:00Z,2026-05-09T17:00:00Z,Usage,,Compute Engine committed usage,Usage-Based,0,0.089378,0.134,0.1206,0.1340000000,0.1206000000,Committed,1,Hours,USD,0.1206000000,0.089378,0.1340000000,USD,1,Hours,Compute Engine,Compute,Virtual Machines,SKU-c7f294f3dc4904208c787632,Compute,SPRICE-c8c1784c237a87edf1c3647d,"{""InstanceType"":""e2-standard-4"",""InstanceSeries"":""E2"",""CoreCount"":4,""MemorySize"":16,""OperatingSystem"":""Linux"",""x_Preemptible"":""false""}",//compute.googleapis.com/projects/examplecorp-staging-552831/instances/instance-00040847c0,instance-00040847c0,Compute Instance,us-east1,South Carolina,us-east1-b,//compute.googleapis.com/projects/examplecorp-staging-552831/regions/us-east1/commitments/cud-2eacd66de9,SpendBasedCUD-1yr,Spend,Committed Use Discount,Used,0.089378,USD,,,"{""environment"":""dev"",""cost-center"":""cc-1042"",""owner"":""team-data""}"
Google Cloud,Google,Google Cloud,INV-2026-05-F70819,01A2B3-C4D5E6-F70819,ExampleCorp Billing - Primary,Billing Account,examplecorp-staging-552831,staging-platform,Project,2026-05-01T00:00:00Z,2026-06-01T00:00:00Z,2026-05-09T17:00:00Z,2026-05-09T18:00:00Z,Purchase,,"Committed Use Discount commitment, amortised for the charge period",Recurring,0.089378,0,0.089378,0.089378,1,1,Standard,0.089378,USD,USD,1.0000000000,0,1.0000000000,USD,,,Compute Engine,Compute,Virtual Machines,SKU-95fba5b379a851528e8c2f30,Commitment,SPRICE-041d4c7be8a3cca935f01edf,"{""x_Plan"":""TWELVE_MONTH"",""x_Type"":""COMPUTE_OPTIMIZED""}",//compute.googleapis.com/projects/examplecorp-staging-552831/regions/us-east1/commitments/cud-2eacd66de9,cud-b5a629ba1a,Committed Use Discount,us-east1,South Carolina,,//compute.googleapis.com/projects/examplecorp-staging-552831/regions/us-east1/commitments/cud-2eacd66de9,SpendBasedCUD-1yr,Spend,Committed Use Discount,,0.089378,USD,,,"{""environment"":""prod"",""cost-center"":""cc-1042"",""owner"":""team-payments""}"
Google Cloud,Google,Google Cloud,INV-2026-05-F70819,01A2B3-C4D5E6-F70819,ExampleCorp Billing - Primary,Billing Account,examplecorp-staging-552831,staging-platform,Project,2026-05-01T00:00:00Z,2026-06-01T00:00:00Z,2026-05-09T17:00:00Z,2026-05-09T18:00:00Z,Usage,,Compute Engine committed usage,Usage-Based,0,0.089378,0.134,0.1206,0.1340000000,0.1206000000,Committed,1,Hours,USD,0.1206000000,0.089378,0.1340000000,USD,1,Hours,Compute Engine,Compute,Virtual Machines,SKU-c7f294f3dc4904208c787632,Compute,SPRICE-c8c1784c237a87edf1c3647d,"{""InstanceType"":""e2-standard-4"",""InstanceSeries"":""E2"",""CoreCount"":4,""MemorySize"":16,""OperatingSystem"":""Linux"",""x_Preemptible"":""false""}",//compute.googleapis.com/projects/examplecorp-staging-552831/instances/instance-0005a2dd06,instance-0005a2dd06,Compute Instance,us-east1,South Carolina,us-east1-b,//compute.googleapis.com/projects/examplecorp-staging-552831/regions/us-east1/commitments/cud-2eacd66de9,SpendBasedCUD-1yr,Spend,Committed Use Discount,Used,0.089378,USD,,,"{""environment"":""staging"",""cost-center"":""cc-3110"",""owner"":""team-payments""}"
Google Cloud,Google,Google Cloud,INV-2026-05-F70819,01A2B3-C4D5E6-F70819,ExampleCorp Billing - Primary,Billing Account,examplecorp-staging-552831,staging-platform,Project,2026-05-01T00:00:00Z,2026-06-01T00:00:00Z,2026-05-09T18:00:00Z,2026-05-09T19:00:00Z,Purchase,,"Committed Use Discount commitment, amortised for the charge period",Recurring,0.089378,0,0.089378,0.089378,1,1,Standard,0.089378,USD,USD,1.0000000000,0,1.0000000000,USD,,,Compute Engine,Compute,Virtual Machines,SKU-95fba5b379a851528e8c2f30,Commitment,SPRICE-041d4c7be8a3cca935f01edf,"{""x_Plan"":""TWELVE_MONTH"",""x_Type"":""COMPUTE_OPTIMIZED""}",//compute.googleapis.com/projects/examplecorp-staging-552831/regions/us-east1/commitments/cud-2eacd66de9,cud-b5a629ba1a,Committed Use Discount,us-east1,South Carolina,,//compute.googleapis.com/projects/examplecorp-staging-552831/regions/us-east1/commitments/cud-2eacd66de9,SpendBasedCUD-1yr,Spend,Committed Use Discount,,0.089378,USD,,,"{""environment"":""prod"",""cost-center"":""cc-1042"",""owner"":""team-platform""}"
Google Cloud,Google,Google Cloud,INV-2026-05-F70819,01A2B3-C4D5E6-F70819,ExampleCorp Billing - Primary,Billing Account,examplecorp-staging-552831,staging-platform,Project,2026-05-01T00:00:00Z,2026-06-01T00:00:00Z,2026-05-09T18:00:00Z,2026-05-09T19:00:00Z,Usage,,Compute Engine committed usage,Usage-Based,0,0.089378,0.134,0.1206,0.1340000000,0.1206000000,Committed,1,Hours,USD,0.1206000000,0.089378,0.1340000000,USD,1,Hours,Compute Engine,Compute,Virtual Machines,SKU-c7f294f3dc4904208c787632,Compute,SPRICE-c8c1784c237a87edf1c3647d,"{""InstanceType"":""e2-standard-4"",""InstanceSeries"":""E2"",""CoreCount"":4,""MemorySize"":16,""OperatingSystem"":""Linux"",""x_Preemptible"":""false""}",//compute.googleapis.com/projects/examplecorp-staging-552831/instances/instance-00060b65fa,instance-00060b65fa,Compute Instance,us-east1,South Carolina,us-east1-b,//compute.googleapis.com/projects/examplecorp-staging-552831/regions/us-east1/commitments/cud-2eacd66de9,SpendBasedCUD-1yr,Spend,Committed Use Discount,Used,0.089378,USD,,,"{""environment"":""dev"",""cost-center"":""cc-2087"",""owner"":""team-data""}"
Google Cloud,Google,Google Cloud,INV-2026-05-F70819,01A2B3-C4D5E6-F70819,ExampleCorp Billing - Primary,Billing Account,examplecorp-staging-552831,staging-platform,Project,2026-05-01T00:00:00Z,2026-06-01T00:00:00Z,2026-05-09T19:00:00Z,2026-05-09T20:00:00Z,Purchase,,"Committed Use Discount commitment, amortised for the charge period",Recurring,0.089378,0,0.089378,0.089378,1,1,Standard,0.089378,USD,USD,1.0000000000,0,1.0000000000,USD,,,Compute Engine,Compute,Virtual Machines,SKU-95fba5b379a851528e8c2f30,Commitment,SPRICE-041d4c7be8a3cca935f01edf,"{""x_Plan"":""TWELVE_MONTH"",""x_Type"":""COMPUTE_OPTIMIZED""}",//compute.googleapis.com/projects/examplecorp-staging-552831/regions/us-east1/commitments/cud-2eacd66de9,cud-b5a629ba1a,Committed Use Discount,us-east1,South Carolina,,//compute.googleapis.com/projects/examplecorp-staging-552831/regions/us-east1/commitments/cud-2eacd66de9,SpendBasedCUD-1yr,Spend,Committed Use Discount,,0.089378,USD,,,"{""environment"":""dev"",""cost-center"":""cc-1042"",""owner"":""team-data""}"
Google Cloud,Google,Google Cloud,INV-2026-05-F70819,01A2B3-C4D5E6-F70819,ExampleCorp Billing - Primary,Billing Account,examplecorp-staging-552831,staging-platform,Project,2026-05-01T00:00:00Z,2026-06-01T00:00:00Z,2026-05-09T19:00:00Z,2026-05-09T20:00:00Z,Usage,,Compute Engine committed usage,Usage-Based,0,0.089378,0.134,0.1206,0.1340000000,0.1206000000,Committed,1,Hours,USD,0.1206000000,0.089378,0.1340000000,USD,1,Hours,Compute Engine,Compute,Virtual Machines,SKU-c7f294f3dc4904208c787632,Compute,SPRICE-c8c1784c237a87edf1c3647d,"{""InstanceType"":""e2-standard-4"",""InstanceSeries"":""E2"",""CoreCount"":4,""MemorySize"":16,""OperatingSystem"":""Linux"",""x_Preemptible"":""false""}",//compute.googleapis.com/projects/examplecorp-staging-552831/instances/instance-0007cf9772,instance-0007cf9772,Compute Instance,us-east1,South Carolina,us-east1-b,//compute.googleapis.com/projects/examplecorp-staging-552831/regions/us-east1/commitments/cud-2eacd66de9,SpendBasedCUD-1yr,Spend,Committed Use Discount,Used,0.089378,USD,,,"{""environment"":""dev"",""cost-center"":""cc-3110"",""owner"":""team-payments""}"
Google Cloud,Google,Google Cloud,INV-2026-05-F70819,01A2B3-C4D5E6-F70819,ExampleCorp Billing - Primary,Billing Account,examplecorp-staging-552831,staging-platform,Project,2026-05-01T00:00:00Z,2026-06-01T00:00:00Z,2026-05-09T20:00:00Z,2026-05-09T21:00:00Z,Purchase,,"Committed Use Discount commitment, amortised for the charge period",Recurring,0.089378,0,0.089378,0.089378,1,1,Standard,0.089378,USD,USD,1.0000000000,0,1.0000000000,USD,,,Compute Engine,Compute,Virtual Machines,SKU-95fba5b379a851528e8c2f30,Commitment,SPRICE-041d4c7be8a3cca935f01edf,"{""x_Plan"":""TWELVE_MONTH"",""x_Type"":""COMPUTE_OPTIMIZED""}",//compute.googleapis.com/projects/examplecorp-staging-552831/regions/us-east1/commitments/cud-2eacd66de9,cud-b5a629ba1a,Committed Use Discount,us-east1,South Carolina,,//compute.googleapis.com/projects/examplecorp-staging-552831/regions/us-east1/commitments/cud-2eacd66de9,SpendBasedCUD-1yr,Spend,Committed Use Discount,,0.089378,USD,,,"{""environment"":""dev"",""cost-center"":""cc-1042"",""owner"":""team-payments""}"
Google Cloud,Google,Google Cloud,INV-2026-05-F70819,01A2B3-C4D5E6-F70819,ExampleCorp Billing - Primary,Billing Account,examplecorp-staging-552831,staging-platform,Project,2026-05-01T00:00:00Z,2026-06-01T00:00:00Z,2026-05-09T20:00:00Z,2026-05-09T21:00:00Z,Usage,,Committed Use Discount unused commitment,Usage-Based,0,0.089378,0.089378,0.089378,1,1,Committed,0.089378,USD,USD,1.0000000000,0.089378,1.0000000000,USD,,,Compute Engine,Compute,Virtual Machines,SKU-95fba5b379a851528e8c2f30,Commitment,SPRICE-041d4c7be8a3cca935f01edf,"{""x_Plan"":""TWELVE_MONTH"",""x_Type"":""COMPUTE_OPTIMIZED""}",//compute.googleapis.com/projects/examplecorp-staging-552831/regions/us-east1/commitments/cud-2eacd66de9,cud-b5a629ba1a,Committed Use Discount,us-east1,South Carolina,,//compute.googleapis.com/projects/examplecorp-staging-552831/regions/us-east1/commitments/cud-2eacd66de9,SpendBasedCUD-1yr,Spend,Committed Use Discount,Unused,0.089378,USD,,,"{""environment"":""prod"",""cost-center"":""cc-3110"",""owner"":""team-data""}"
Google Cloud,Google,Google Cloud,INV-2026-05-F70819,01A2B3-C4D5E6-F70819,ExampleCorp Billing - Primary,Billing Account,examplecorp-data-739104,data-analytics,Project,2026-05-01T00:00:00Z,2026-06-01T00:00:00Z,2026-05-13T00:00:00Z,2026-05-14T00:00:00Z,Tax,,Synthetic tax 10% on usage record 125: Cloud Monitoring,One-Time,4.814321022,4.814321022,5.34924558,4.814321022,,,,,,USD,,4.814321022,,USD,,,Cloud Monitoring,Management and Governance,Observability,,,,,,,,,,,,,,,,,,,,"{""environment"":""dev"",""cost-center"":""cc-1042"",""owner"":""team-platform""}"
Google Cloud,Google,Google Cloud,INV-2026-05-A7B8C9,11C2D3-E4F506-A7B8C9,ExampleCorp Billing - Secondary,Billing Account,examplecorp-prod-481627,prod-platform,Project,2026-05-01T00:00:00Z,2026-06-01T00:00:00Z,2026-05-10T07:00:00Z,2026-05-10T08:00:00Z,Purchase,,"Committed Use Discount commitment, amortised for the charge period",Recurring,0.089378,0,0.089378,0.089378,1,1,Standard,0.089378,USD,USD,1.0000000000,0,1.0000000000,USD,,,Compute Engine,Compute,Virtual Machines,SKU-b8c4053a3c266b7fa67c14bc,Commitment,SPRICE-cb0a6d013ae89a2d2508c7c1,"{""x_Plan"":""TWELVE_MONTH"",""x_Type"":""COMPUTE_OPTIMIZED""}",//compute.googleapis.com/projects/examplecorp-prod-481627/regions/asia-southeast1/commitments/cud-91e1433eab,cud-86c09f2e42,Committed Use Discount,asia-southeast1,Singapore,,//compute.googleapis.com/projects/examplecorp-prod-481627/regions/asia-southeast1/commitments/cud-91e1433eab,SpendBasedCUD-1yr,Spend,Committed Use Discount,,0.089378,USD,,,"{""environment"":""dev"",""cost-center"":""cc-3110"",""owner"":""team-platform""}"
Google Cloud,Google,Google Cloud,INV-2026-05-A7B8C9,11C2D3-E4F506-A7B8C9,ExampleCorp Billing - Secondary,Billing Account,examplecorp-prod-481627,prod-platform,Project,2026-05-01T00:00:00Z,2026-06-01T00:00:00Z,2026-05-10T07:00:00Z,2026-05-10T08:00:00Z,Usage,,Compute Engine committed usage,Usage-Based,0,0.089378,0.134,0.1206,0.1340000000,0.1206000000,Committed,1,Hours,USD,0.1206000000,0.089378,0.1340000000,USD,1,Hours,Compute Engine,Compute,Virtual Machines,SKU-1f3d031b6a456d700dc64bbb,Compute,SPRICE-d8c574633874898080639a0f,"{""InstanceType"":""e2-standard-4"",""InstanceSeries"":""E2"",""CoreCount"":4,""MemorySize"":16,""OperatingSystem"":""Linux"",""x_Preemptible"":""false""}",//compute.googleapis.com/projects/examplecorp-prod-481627/instances/instance-0000e7c177,instance-0000e7c177,Compute Instance,asia-southeast1,Singapore,asia-southeast1-a,//compute.googleapis.com/projects/examplecorp-prod-481627/regions/asia-southeast1/commitments/cud-91e1433eab,SpendBasedCUD-1yr,Spend,Committed Use Discount,Used,0.089378,USD,,,"{""environment"":""dev"",""cost-center"":""cc-3110"",""owner"":""team-platform""}"
Google Cloud,Google,Google Cloud,INV-2026-05-A7B8C9,11C2D3-E4F506-A7B8C9,ExampleCorp Billing - Secondary,Billing Account,examplecorp-prod-481627,prod-platform,Project,2026-05-01T00:00:00Z,2026-06-01T00:00:00Z,2026-05-10T08:00:00Z,2026-05-10T09:00:00Z,Purchase,,"Committed Use Discount commitment, amortised for the charge period",Recurring,0.089378,0,0.089378,0.089378,1,1,Standard,0.089378,USD,USD,1.0000000000,0,1.0000000000,USD,,,Compute Engine,Compute,Virtual Machines,SKU-b8c4053a3c266b7fa67c14bc,Commitment,SPRICE-cb0a6d013ae89a2d2508c7c1,"{""x_Plan"":""TWELVE_MONTH"",""x_Type"":""COMPUTE_OPTIMIZED""}",//compute.googleapis.com/projects/examplecorp-prod-481627/regions/asia-southeast1/commitments/cud-91e1433eab,cud-86c09f2e42,Committed Use Discount,asia-southeast1,Singapore,,//compute.googleapis.com/projects/examplecorp-prod-481627/regions/asia-southeast1/commitments/cud-91e1433eab,SpendBasedCUD-1yr,Spend,Committed Use Discount,,0.089378,USD,,,"{""environment"":""dev"",""cost-center"":""cc-1042"",""owner"":""team-data""}"
Google Cloud,Google,Google Cloud,INV-2026-05-A7B8C9,11C2D3-E4F506-A7B8C9,ExampleCorp Billing - Secondary,Billing Account,examplecorp-prod-481627,prod-platform,Project,2026-05-01T00:00:00Z,2026-06-01T00:00:00Z,2026-05-10T08:00:00Z,2026-05-10T09:00:00Z,Usage,,Compute Engine committed usage,Usage-Based,0,0.089378,0.134,0.1206,0.1340000000,0.1206000000,Committed,1,Hours,USD,0.1206000000,0.089378,0.1340000000,USD,1,Hours,Compute Engine,Compute,Virtual Machines,SKU-1f3d031b6a456d700dc64bbb,Compute,SPRICE-d8c574633874898080639a0f,"{""InstanceType"":""e2-standard-4"",""InstanceSeries"":""E2"",""CoreCount"":4,""MemorySize"":16,""OperatingSystem"":""Linux"",""x_Preemptible"":""false""}",//compute.googleapis.com/projects/examplecorp-prod-481627/instances/instance-0001dd5d98,instance-0001dd5d98,Compute Instance,asia-southeast1,Singapore,asia-southeast1-a,//compute.googleapis.com/projects/examplecorp-prod-481627/regions/asia-southeast1/commitments/cud-91e1433eab,SpendBasedCUD-1yr,Spend,Committed Use Discount,Used,0.089378,USD,,,"{""environment"":""staging"",""cost-center"":""cc-1042"",""owner"":""team-platform""}"
Google Cloud,Google,Google Cloud,INV-2026-05-A7B8C9,11C2D3-E4F506-A7B8C9,ExampleCorp Billing - Secondary,Billing Account,examplecorp-prod-481627,prod-platform,Project,2026-05-01T00:00:00Z,2026-06-01T00:00:00Z,2026-05-10T09:00:00Z,2026-05-10T10:00:00Z,Purchase,,"Committed Use Discount commitment, amortised for the charge period",Recurring,0.089378,0,0.089378,0.089378,1,1,Standard,0.089378,USD,USD,1.0000000000,0,1.0000000000,USD,,,Compute Engine,Compute,Virtual Machines,SKU-b8c4053a3c266b7fa67c14bc,Commitment,SPRICE-cb0a6d013ae89a2d2508c7c1,"{""x_Plan"":""TWELVE_MONTH"",""x_Type"":""COMPUTE_OPTIMIZED""}",//compute.googleapis.com/projects/examplecorp-prod-481627/regions/asia-southeast1/commitments/cud-91e1433eab,cud-86c09f2e42,Committed Use Discount,asia-southeast1,Singapore,,//compute.googleapis.com/projects/examplecorp-prod-481627/regions/asia-southeast1/commitments/cud-91e1433eab,SpendBasedCUD-1yr,Spend,Committed Use Discount,,0.089378,USD,,,"{""environment"":""dev"",""cost-center"":""cc-1042"",""owner"":""team-data""}"
Google Cloud,Google,Google Cloud,INV-2026-05-A7B8C9,11C2D3-E4F506-A7B8C9,ExampleCorp Billing - Secondary,Billing Account,examplecorp-prod-481627,prod-platform,Project,2026-05-01T00:00:00Z,2026-06-01T00:00:00Z,2026-05-10T09:00:00Z,2026-05-10T10:00:00Z,Usage,,Compute Engine committed usage,Usage-Based,0,0.089378,0.134,0.1206,0.1340000000,0.1206000000,Committed,1,Hours,USD,0.1206000000,0.089378,0.1340000000,USD,1,Hours,Compute Engine,Compute,Virtual Machines,SKU-1f3d031b6a456d700dc64bbb,Compute,SPRICE-d8c574633874898080639a0f,"{""InstanceType"":""e2-standard-4"",""InstanceSeries"":""E2"",""CoreCount"":4,""MemorySize"":16,""OperatingSystem"":""Linux"",""x_Preemptible"":""false""}",//compute.googleapis.com/projects/examplecorp-prod-481627/instances/instance-0002f8788f,instance-0002f8788f,Compute Instance,asia-southeast1,Singapore,asia-southeast1-a,//compute.googleapis.com/projects/examplecorp-prod-481627/regions/asia-southeast1/commitments/cud-91e1433eab,SpendBasedCUD-1yr,Spend,Committed Use Discount,Used,0.089378,USD,,,"{""environment"":""dev"",""cost-center"":""cc-3110"",""owner"":""team-platform""}"
Google Cloud,Google,Google Cloud,INV-2026-05-A7B8C9,11C2D3-E4F506-A7B8C9,ExampleCorp Billing - Secondary,Billing Account,examplecorp-prod-481627,prod-platform,Project,2026-05-01T00:00:00Z,2026-06-01T00:00:00Z,2026-05-10T10:00:00Z,2026-05-10T11:00:00Z,Purchase,,"Committed Use Discount commitment, amortised for the charge period",Recurring,0.089378,0,0.089378,0.089378,1,1,Standard,0.089378,USD,USD,1.0000000000,0,1.0000000000,USD,,,Compute Engine,Compute,Virtual Machines,SKU-b8c4053a3c266b7fa67c14bc,Commitment,SPRICE-cb0a6d013ae89a2d2508c7c1,"{""x_Plan"":""TWELVE_MONTH"",""x_Type"":""COMPUTE_OPTIMIZED""}",//compute.googleapis.com/projects/examplecorp-prod-481627/regions/asia-southeast1/commitments/cud-91e1433eab,cud-86c09f2e42,Committed Use Discount,asia-southeast1,Singapore,,//compute.googleapis.com/projects/examplecorp-prod-481627/regions/asia-southeast1/commitments/cud-91e1433eab,SpendBasedCUD-1yr,Spend,Committed Use Discount,,0.089378,USD,,,"{""environment"":""staging"",""cost-center"":""cc-2087"",""owner"":""team-platform""}"
Google Cloud,Google,Google Cloud,INV-2026-05-A7B8C9,11C2D3-E4F506-A7B8C9,ExampleCorp Billing - Secondary,Billing Account,examplecorp-prod-481627,prod-platform,Project,2026-05-01T00:00:00Z,2026-06-01T00:00:00Z,2026-05-10T10:00:00Z,2026-05-10T11:00:00Z,Usage,,Compute Engine committed usage,Usage-Based,0,0.089378,0.134,0.1206,0.1340000000,0.1206000000,Committed,1,Hours,USD,0.1206000000,0.089378,0.1340000000,USD,1,Hours,Compute Engine,Compute,Virtual Machines,SKU-1f3d031b6a456d700dc64bbb,Compute,SPRICE-d8c574633874898080639a0f,"{""InstanceType"":""e2-standard-4"",""InstanceSeries"":""E2"",""CoreCount"":4,""MemorySize"":16,""OperatingSystem"":""Linux"",""x_Preemptible"":""false""}",//compute.googleapis.com/projects/examplecorp-prod-481627/instances/instance-0003c078d3,instance-0003c078d3,Compute Instance,asia-southeast1,Singapore,asia-southeast1-a,//compute.googleapis.com/projects/examplecorp-prod-481627/regions/asia-southeast1/commitments/cud-91e1433eab,SpendBasedCUD-1yr,Spend,Committed Use Discount,Used,0.089378,USD,,,"{""environment"":""prod"",""cost-center"":""cc-3110"",""owner"":""team-payments""}"
Google Cloud,Google,Google Cloud,INV-2026-05-A7B8C9,11C2D3-E4F506-A7B8C9,ExampleCorp Billing - Secondary,Billing Account,examplecorp-prod-481627,prod-platform,Project,2026-05-01T00:00:00Z,2026-06-01T00:00:00Z,2026-05-10T11:00:00Z,2026-05-10T12:00:00Z,Purchase,,"Committed Use Discount commitment, amortised for the charge period",Recurring,0.089378,0,0.089378,0.089378,1,1,Standard,0.089378,USD,USD,1.0000000000,0,1.0000000000,USD,,,Compute Engine,Compute,Virtual Machines,SKU-b8c4053a3c266b7fa67c14bc,Commitment,SPRICE-cb0a6d013ae89a2d2508c7c1,"{""x_Plan"":""TWELVE_MONTH"",""x_Type"":""COMPUTE_OPTIMIZED""}",//compute.googleapis.com/projects/examplecorp-prod-481627/regions/asia-southeast1/commitments/cud-91e1433eab,cud-86c09f2e42,Committed Use Discount,asia-southeast1,Singapore,,//compute.googleapis.com/projects/examplecorp-prod-481627/regions/asia-southeast1/commitments/cud-91e1433eab,SpendBasedCUD-1yr,Spend,Committed Use Discount,,0.089378,USD,,,"{""environment"":""staging"",""cost-center"":""cc-2087"",""owner"":""team-data""}"
Google Cloud,Google,Google Cloud,INV-2026-05-A7B8C9,11C2D3-E4F506-A7B8C9,ExampleCorp Billing - Secondary,Billing Account,examplecorp-prod-481627,prod-platform,Project,2026-05-01T00:00:00Z,2026-06-01T00:00:00Z,2026-05-10T11:00:00Z,2026-05-10T12:00:00Z,Usage,,Compute Engine committed usage,Usage-Based,0,0.089378,0.134,0.1206,0.1340000000,0.1206000000,Committed,1,Hours,USD,0.1206000000,0.089378,0.1340000000,USD,1,Hours,Compute Engine,Compute,Virtual Machines,SKU-1f3d031b6a456d700dc64bbb,Compute,SPRICE-d8c574633874898080639a0f,"{""InstanceType"":""e2-standard-4"",""InstanceSeries"":""E2"",""CoreCount"":4,""MemorySize"":16,""OperatingSystem"":""Linux"",""x_Preemptible"":""false""}",//compute.googleapis.com/projects/examplecorp-prod-481627/instances/instance-0004c05635,instance-0004c05635,Compute Instance,asia-southeast1,Singapore,asia-southeast1-a,//compute.googleapis.com/projects/examplecorp-prod-481627/regions/asia-southeast1/commitments/cud-91e1433eab,SpendBasedCUD-1yr,Spend,Committed Use Discount,Used,0.089378,USD,,,"{""environment"":""prod"",""cost-center"":""cc-2087"",""owner"":""team-data""}"
Google Cloud,Google,Google Cloud,INV-2026-05-A7B8C9,11C2D3-E4F506-A7B8C9,ExampleCorp Billing - Secondary,Billing Account,examplecorp-prod-481627,prod-platform,Project,2026-05-01T00:00:00Z,2026-06-01T00:00:00Z,2026-05-10T12:00:00Z,2026-05-10T13:00:00Z,Purchase,,"Committed Use Discount commitment, amortised for the charge period",Recurring,0.089378,0,0.089378,0.089378,1,1,Standard,0.089378,USD,USD,1.0000000000,0,1.0000000000,USD,,,Compute Engine,Compute,Virtual Machines,SKU-b8c4053a3c266b7fa67c14bc,Commitment,SPRICE-cb0a6d013ae89a2d2508c7c1,"{""x_Plan"":""TWELVE_MONTH"",""x_Type"":""COMPUTE_OPTIMIZED""}",//compute.googleapis.com/projects/examplecorp-prod-481627/regions/asia-southeast1/commitments/cud-91e1433eab,cud-86c09f2e42,Committed Use Discount,asia-southeast1,Singapore,,//compute.googleapis.com/projects/examplecorp-prod-481627/regions/asia-southeast1/commitments/cud-91e1433eab,SpendBasedCUD-1yr,Spend,Committed Use Discount,,0.089378,USD,,,"{""environment"":""staging"",""cost-center"":""cc-2087"",""owner"":""team-payments""}"
Google Cloud,Google,Google Cloud,INV-2026-05-A7B8C9,11C2D3-E4F506-A7B8C9,ExampleCorp Billing - Secondary,Billing Account,examplecorp-prod-481627,prod-platform,Project,2026-05-01T00:00:00Z,2026-06-01T00:00:00Z,2026-05-10T12:00:00Z,2026-05-10T13:00:00Z,Usage,,Compute Engine committed usage,Usage-Based,0,0.089378,0.134,0.1206,0.1340000000,0.1206000000,Committed,1,Hours,USD,0.1206000000,0.089378,0.1340000000,USD,1,Hours,Compute Engine,Compute,Virtual Machines,SKU-1f3d031b6a456d700dc64bbb,Compute,SPRICE-d8c574633874898080639a0f,"{""InstanceType"":""e2-standard-4"",""InstanceSeries"":""E2"",""CoreCount"":4,""MemorySize"":16,""OperatingSystem"":""Linux"",""x_Preemptible"":""false""}",//compute.googleapis.com/projects/examplecorp-prod-481627/instances/instance-00052ebccf,instance-00052ebccf,Compute Instance,asia-southeast1,Singapore,asia-southeast1-a,//compute.googleapis.com/projects/examplecorp-prod-481627/regions/asia-southeast1/commitments/cud-91e1433eab,SpendBasedCUD-1yr,Spend,Committed Use Discount,Used,0.089378,USD,,,"{""environment"":""staging"",""cost-center"":""cc-3110"",""owner"":""team-platform""}"
Google Cloud,Google,Google Cloud,INV-2026-05-A7B8C9,11C2D3-E4F506-A7B8C9,ExampleCorp Billing - Secondary,Billing Account,examplecorp-prod-481627,prod-platform,Project,2026-05-01T00:00:00Z,2026-06-01T00:00:00Z,2026-05-10T13:00:00Z,2026-05-10T14:00:00Z,Purchase,,"Committed Use Discount commitment, amortised for the charge period",Recurring,0.089378,0,0.089378,0.089378,1,1,Standard,0.089378,USD,USD,1.0000000000,0,1.0000000000,USD,,,Compute Engine,Compute,Virtual Machines,SKU-b8c4053a3c266b7fa67c14bc,Commitment,SPRICE-cb0a6d013ae89a2d2508c7c1,"{""x_Plan"":""TWELVE_MONTH"",""x_Type"":""COMPUTE_OPTIMIZED""}",//compute.googleapis.com/projects/examplecorp-prod-481627/regions/asia-southeast1/commitments/cud-91e1433eab,cud-86c09f2e42,Committed Use Discount,asia-southeast1,Singapore,,//compute.googleapis.com/projects/examplecorp-prod-481627/regions/asia-southeast1/commitments/cud-91e1433eab,SpendBasedCUD-1yr,Spend,Committed Use Discount,,0.089378,USD,,,"{""environment"":""staging"",""cost-center"":""cc-1042"",""owner"":""team-platform""}"
Google Cloud,Google,Google Cloud,INV-2026-05-A7B8C9,11C2D3-E4F506-A7B8C9,ExampleCorp Billing - Secondary,Billing Account,examplecorp-prod-481627,prod-platform,Project,2026-05-01T00:00:00Z,2026-06-01T00:00:00Z,2026-05-10T13:00:00Z,2026-05-10T14:00:00Z,Usage,,Committed Use Discount unused commitment,Usage-Based,0,0.089378,0.089378,0.089378,1,1,Committed,0.089378,USD,USD,1.0000000000,0.089378,1.0000000000,USD,,,Compute Engine,Compute,Virtual Machines,SKU-b8c4053a3c266b7fa67c14bc,Commitment,SPRICE-cb0a6d013ae89a2d2508c7c1,"{""x_Plan"":""TWELVE_MONTH"",""x_Type"":""COMPUTE_OPTIMIZED""}",//compute.googleapis.com/projects/examplecorp-prod-481627/regions/asia-southeast1/commitments/cud-91e1433eab,cud-86c09f2e42,Committed Use Discount,asia-southeast1,Singapore,,//compute.googleapis.com/projects/examplecorp-prod-481627/regions/asia-southeast1/commitments/cud-91e1433eab,SpendBasedCUD-1yr,Spend,Committed Use Discount,Unused,0.089378,USD,,,"{""environment"":""dev"",""cost-center"":""cc-2087"",""owner"":""team-data""}"
Google Cloud,Google,Google Cloud,INV-2026-05-F70819,01A2B3-C4D5E6-F70819,ExampleCorp Billing - Primary,Billing Account,examplecorp-data-739104,data-analytics,Project,2026-05-01T00:00:00Z,2026-06-01T00:00:00Z,2026-05-10T21:00:00Z,2026-05-10T22:00:00Z,Usage,,Cloud SQL custom 4 vCPU,Usage-Based,0.18,0.18,0.2,0.18,0.2000000000,0.1800000000,Standard,1.0000,Hours,USD,0.1800000000,0.18,0.2000000000,USD,1.0000,Hours,Cloud SQL,Databases,Relational Databases,SKU-0878e8a79fb464dcb2955125,Database,SPRICE-252613603489dea350c5ac8d,"{""InstanceType"":""db-custom-4-16384"",""CoreCount"":4,""MemorySize"":16,""x_Engine"":""PostgreSQL""}",//sqladmin.googleapis.com/projects/examplecorp-data-739104/instances/sql-6620993a,sql-6620993a,Cloud SQL Instance,europe-west1,Belgium,,,,,,,,,,,"{""environment"":""prod"",""cost-center"":""cc-3110"",""owner"":""team-payments""}"
Google Cloud,Google,Google Cloud,INV-2026-05-F70819,01A2B3-C4D5E6-F70819,ExampleCorp Billing - Primary,Billing Account,examplecorp-staging-552831,staging-platform,Project,2026-05-01T00:00:00Z,2026-06-01T00:00:00Z,2026-05-01T00:00:00Z,2026-06-01T00:00:00Z,Usage,,Standard storage,Usage-Based,57.5306784,57.5306784,63.922976,57.5306784,0.0200000000,0.0180000000,Standard,3196.1488,GB-Months,USD,0.0180000000,57.5306784,0.0200000000,USD,3196.1488,GB-Months,Cloud Storage,Storage,Object Storage,SKU-48e52b42c3a2a664e72c7c8d,Storage,SPRICE-acaf4d3f193ddc335413e7e0,"{""StorageClass"":""Standard""}",//storage.googleapis.com/projects/examplecorp-staging-552831/buckets/bucket-3572b5a0,bucket-3572b5a0,Storage Bucket,asia-southeast1,Singapore,,,,,,,,,,,"{""environment"":""dev"",""cost-center"":""cc-2087"",""owner"":""team-data""}"
Google Cloud,Google,Google Cloud,INV-2026-05-A7B8C9,11C2D3-E4F506-A7B8C9,ExampleCorp Billing - Secondary,Billing Account,examplecorp-sandbox-160942,sandbox-dev,Project,2026-05-01T00:00:00Z,2026-06-01T00:00:00Z,2026-05-01T00:00:00Z,2026-06-01T00:00:00Z,Usage,,Standard storage,Usage-Based,19.1427984,19.1427984,21.269776,19.1427984,0.0200000000,0.0180000000,Standard,1063.4888,GB-Months,USD,0.0180000000,19.1427984,0.0200000000,USD,1063.4888,GB-Months,Cloud Storage,Storage,Object Storage,SKU-8b457763f3438a2efc35839d,Storage,SPRICE-e9607b4aba6714ae0874493f,"{""StorageClass"":""Standard""}",//storage.googleapis.com/projects/examplecorp-sandbox-160942/buckets/bucket-1c58ac93,bucket-1c58ac93,Storage Bucket,us-east1,South Carolina,,,,,,,,,,,"{""environment"":""prod"",""cost-center"":""cc-2087"",""owner"":""team-data""}"
Google Cloud,Google,Google Cloud,INV-2026-05-F70819,01A2B3-C4D5E6-F70819,ExampleCorp Billing - Primary,Billing Account,examplecorp-prod-481627,prod-platform,Project,2026-05-01T00:00:00Z,2026-06-01T00:00:00Z,2026-05-11T00:00:00Z,2026-05-11T01:00:00Z,Usage,,Cloud SQL custom 4 vCPU,Usage-Based,0.18,0.18,0.2,0.18,0.2000000000,0.1800000000,Standard,1.0000,Hours,USD,0.1800000000,0.18,0.2000000000,USD,1.0000,Hours,Cloud SQL,Databases,Relational Databases,SKU-5a84ed2775b50d245d6fae1f,Database,SPRICE-df6d9a619dcef43326a41589,"{""InstanceType"":""db-custom-4-16384"",""CoreCount"":4,""MemorySize"":16,""x_Engine"":""PostgreSQL""}",//sqladmin.googleapis.com/projects/examplecorp-prod-481627/instances/sql-cca68e19,sql-cca68e19,Cloud SQL Instance,asia-southeast1,Singapore,,,,,,,,,,,"{""environment"":""prod"",""cost-center"":""cc-3110"",""owner"":""team-data""}"
Google Cloud,Google,Google Cloud,INV-2026-05-F70819,01A2B3-C4D5E6-F70819,ExampleCorp Billing - Primary,Billing Account,examplecorp-prod-481627,prod-platform,Project,2026-05-01T00:00:00Z,2026-06-01T00:00:00Z,2026-05-18T00:00:00Z,2026-05-19T00:00:00Z,Usage,,Monitoring data ingested,Usage-Based,65.7477783,65.7477783,73.053087,65.7477783,0.2580000000,0.2322000000,Standard,283.1515,MiB,USD,0.2322000000,65.7477783,0.2580000000,USD,283.1515,MiB,Cloud Monitoring,Management and Governance,Observability,SKU-afe92dda1165fc43abddae34,Monitoring,SPRICE-6d15472be77f7b0846642d52,"{""x_DataType"":""Metrics""}",//monitoring.googleapis.com/projects/examplecorp-prod-481627/metricsScopes/mon-f637f001,mon-f637f001,Monitoring Workspace,europe-west1,Belgium,,,,,,,,,,,"{""environment"":""prod"",""cost-center"":""cc-1042"",""owner"":""team-platform""}"
Google Cloud,Google,Google Cloud,INV-2026-05-F70819,01A2B3-C4D5E6-F70819,ExampleCorp Billing - Primary,Billing Account,examplecorp-data-739104,data-analytics,Project,2026-05-01T00:00:00Z,2026-06-01T00:00:00Z,2026-05-11T02:00:00Z,2026-05-11T03:00:00Z,Usage,,Cloud Run vCPU allocation,Usage-Based,57.46290053688,57.46290053688,63.8476672632,57.46290053688,0.0000240000,0.0000216000,Standard,2660319.4693,Core-Seconds,USD,0.0000216000,57.46290053688,0.0000240000,USD,2660319.4693,Core-Seconds,Cloud Run,Compute,Serverless Compute,SKU-fc6a19d63f2363e917267178,Compute,SPRICE-0d6d39e6df512f4876c539aa,"{""x_Generation"":""gen2""}",//run.googleapis.com/projects/examplecorp-data-739104/services/svc-00171597,svc-00171597,Cloud Run Service,us-east1,South Carolina,,,,,,,,,,,"{""environment"":""dev"",""cost-center"":""cc-2087"",""owner"":""team-platform""}"
Google Cloud,Google,Google Cloud,INV-2026-05-F70819,01A2B3-C4D5E6-F70819,ExampleCorp Billing - Primary,Billing Account,examplecorp-sandbox-160942,sandbox-dev,Project,2026-05-01T00:00:00Z,2026-06-01T00:00:00Z,2026-05-20T00:00:00Z,2026-05-21T00:00:00Z,Purchase,,Cloud Run subscription fee,Recurring,796.07,796.07,796.07,796.07,796.07,796.07,Standard,1,Units,USD,796.0700000000,796.07,796.0700000000,USD,,,Cloud Run,Compute,Serverless Compute,SKU-4c1c6d7af6d853bdc81ebc63,Subscription,SPRICE-aeed96cdd2e16db890f41a2f,"{""x_ChargeType"": ""SubscriptionFee""}",//run.googleapis.com/projects/examplecorp-sandbox-160942/services/svc-4dc71554,svc-4dc71554,Cloud Run Service,us-central1,Iowa,,,,,,,,,,,"{""environment"":""prod"",""cost-center"":""cc-3110"",""owner"":""team-data""}"
Google Cloud,Google,Google Cloud,INV-2026-05-A7B8C9,11C2D3-E4F506-A7B8C9,ExampleCorp Billing - Secondary,Billing Account,examplecorp-sandbox-160942,sandbox-dev,Project,2026-05-01T00:00:00Z,2026-06-01T00:00:00Z,2026-05-11T04:00:00Z,2026-05-11T05:00:00Z,Usage,,Cloud Run vCPU allocation,Usage-Based,3.06813650904,3.06813650904,3.4090405656,3.06813650904,0.0000240000,0.0000216000,Standard,142043.3569,Core-Seconds,USD,0.0000216000,3.06813650904,0.0000240000,USD,142043.3569,Core-Seconds,Cloud Run,Compute,Serverless Compute,SKU-e75878aa18ba02097c5ad236,Compute,SPRICE-29d89dec6fcc3435a30f9762,"{""x_Generation"":""gen2""}",//run.googleapis.com/projects/examplecorp-sandbox-160942/services/svc-091ec34c,svc-091ec34c,Cloud Run Service,us-central1,Iowa,,,,,,,,,,,"{""environment"":""staging"",""cost-center"":""cc-2087"",""owner"":""team-data""}"
Google Cloud,Google,Google Cloud,INV-2026-05-F70819,01A2B3-C4D5E6-F70819,ExampleCorp Billing - Primary,Billing Account,examplecorp-staging-552831,staging-platform,Project,2026-05-01T00:00:00Z,2026-06-01T00:00:00Z,2026-05-11T05:00:00Z,2026-05-11T06:00:00Z,Usage,,Cloud Run vCPU allocation,Usage-Based,51.48655179984,51.48655179984,57.2072797776,51.48655179984,0.0000240000,0.0000216000,Standard,2383636.6574,Core-Seconds,USD,0.0000216000,51.48655179984,0.0000240000,USD,2383636.6574,Core-Seconds,Cloud Run,Compute,Serverless Compute,SKU-fc6a19d63f2363e917267178,Compute,SPRICE-0d6d39e6df512f4876c539aa,"{""x_Generation"":""gen2""}",//run.googleapis.com/projects/examplecorp-staging-552831/services/svc-f0a8737d,svc-f0a8737d,Cloud Run Service,us-east1,South Carolina,,,,,,,,,,,"{""environment"":""prod"",""cost-center"":""cc-2087"",""owner"":""team-platform""}"
Google Cloud,Google,Google Cloud,INV-2026-05-A7B8C9,11C2D3-E4F506-A7B8C9,ExampleCorp Billing - Secondary,Billing Account,examplecorp-staging-552831,staging-platform,Project,2026-05-01T00:00:00Z,2026-06-01T00:00:00Z,2026-05-03T02:00:00Z,2026-05-03T03:00:00Z,Tax,,Synthetic tax 10% on usage record 51: Cloud Run,One-Time,2.158208681328,2.158208681328,2.39800964592,2.158208681328,,,,,,USD,,2.158208681328,,USD,,,Cloud Run,Compute,Serverless Compute,,,,,,,,,,,,,,,,,,,,"{""environment"":""prod"",""cost-center"":""cc-2087"",""owner"":""team-data""}"
Google Cloud,Google,Google Cloud,INV-2026-05-A7B8C9,11C2D3-E4F506-A7B8C9,ExampleCorp Billing - Secondary,Billing Account,examplecorp-prod-481627,prod-platform,Project,2026-05-01T00:00:00Z,2026-06-01T00:00:00Z,2026-05-24T00:00:00Z,2026-05-25T00:00:00Z,Usage,,Monitoring data ingested,Usage-Based,52.5985245,52.5985245,58.442805,52.5985245,0.2580000000,0.2322000000,Standard,226.5225,MiB,USD,0.2322000000,52.5985245,0.2580000000,USD,226.5225,MiB,Cloud Monitoring,Management and Governance,Observability,SKU-73cb6d01edef8d38d97bb589,Monitoring,SPRICE-d59530bdf3a44cc1ae1d78ff,"{""x_DataType"":""Metrics""}",//monitoring.googleapis.com/projects/examplecorp-prod-481627/metricsScopes/mon-55d61ca7,mon-55d61ca7,Monitoring Workspace,asia-southeast1,Singapore,,,,,,,,,,,"{""environment"":""staging"",""cost-center"":""cc-1042"",""owner"":""team-data""}"
Google Cloud,Google,Google Cloud,INV-2026-05-A7B8C9,11C2D3-E4F506-A7B8C9,ExampleCorp Billing - Secondary,Billing Account,examplecorp-prod-481627,prod-platform,Project,2026-05-01T00:00:00Z,2026-06-01T00:00:00Z,2026-05-11T08:00:00Z,2026-05-11T09:00:00Z,Usage,,Cloud Run vCPU allocation,Usage-Based,76.4366061672,76.4366061672,84.929562408,76.4366061672,0.0000240000,0.0000216000,Standard,3538731.7670,Core-Seconds,USD,0.0000216000,76.4366061672,0.0000240000,USD,3538731.7670,Core-Seconds,Cloud Run,Compute,Serverless Compute,SKU-fc6a19d63f2363e917267178,Compute,SPRICE-0d6d39e6df512f4876c539aa,"{""x_Generation"":""gen2""}",//run.googleapis.com/projects/examplecorp-prod-481627/services/svc-86dce142,svc-86dce142,Cloud Run Service,us-east1,South Carolina,,,,,,,,,,,"{""environment"":""prod"",""cost-center"":""cc-2087"",""owner"":""team-payments""}"
Google Cloud,Google,Google Cloud,INV-2026-05-A7B8C9,11C2D3-E4F506-A7B8C9,ExampleCorp Billing - Secondary,Billing Account,examplecorp-staging-552831,staging-platform,Project,2026-05-01T00:00:00Z,2026-06-01T00:00:00Z,2026-05-11T09:00:00Z,2026-05-11T10:00:00Z,Usage,,Cloud Run vCPU allocation,Usage-Based,91.64360228184,91.64360228184,101.8262247576,91.64360228184,0.0000240000,0.0000216000,Standard,4242759.3649,Core-Seconds,USD,0.0000216000,91.64360228184,0.0000240000,USD,4242759.3649,Core-Seconds,Cloud Run,Compute,Serverless Compute,SKU-fc6a19d63f2363e917267178,Compute,SPRICE-0d6d39e6df512f4876c539aa,"{""x_Generation"":""gen2""}",//run.googleapis.com/projects/examplecorp-staging-552831/services/svc-be186584,svc-be186584,Cloud Run Service,us-east1,South Carolina,,,,,,,,,,,"{""environment"":""prod"",""cost-center"":""cc-3110"",""owner"":""team-payments""}"
Google Cloud,Google,Google Cloud,INV-2026-05-A7B8C9,11C2D3-E4F506-A7B8C9,ExampleCorp Billing - Secondary,Billing Account,examplecorp-data-739104,data-analytics,Project,2026-05-01T00:00:00Z,2026-06-01T00:00:00Z,2026-05-11T10:00:00Z,2026-05-11T11:00:00Z,Usage,,Function execution duration,Usage-Based,9.41417413155,9.41417413155,10.4601934795,9.41417413155,0.0000025000,0.0000022500,Standard,4184077.3918,GB-Seconds,USD,0.0000022500,9.41417413155,0.0000025000,USD,4184077.3918,GB-Seconds,Cloud Functions,Compute,Serverless Compute,SKU-aa8988f20b7d9893658f467f,Compute,SPRICE-55a0ffdcaab822a480aad660,"{""x_Runtime"":""python312"",""x_Generation"":""gen2""}",//cloudfunctions.googleapis.com/projects/examplecorp-data-739104/functions/fn-6aac9a2e,fn-6aac9a2e,Cloud Function,europe-west1,Belgium,,,,,,,,,,,"{""environment"":""prod"",""cost-center"":""cc-1042"",""owner"":""team-platform""}"
Google Cloud,Google,Google Cloud,INV-2026-05-A7B8C9,11C2D3-E4F506-A7B8C9,ExampleCorp Billing - Secondary,Billing Account,examplecorp-sandbox-160942,sandbox-dev,Project,2026-05-01T00:00:00Z,2026-06-01T00:00:00Z,2026-05-28T00:00:00Z,2026-05-29T00:00:00Z,Usage,,Monitoring data ingested,Usage-Based,56.02073454,56.02073454,62.2452606,56.02073454,0.2580000000,0.2322000000,Standard,241.2607,MiB,USD,0.2322000000,56.02073454,0.2580000000,USD,241.2607,MiB,Cloud Monitoring,Management and Governance,Observability,SKU-73cb6d01edef8d38d97bb589,Monitoring,SPRICE-d59530bdf3a44cc1ae1d78ff,"{""x_DataType"":""Metrics""}",//monitoring.googleapis.com/projects/examplecorp-sandbox-160942/metricsScopes/mon-4d14126e,mon-4d14126e,Monitoring Workspace,asia-southeast1,Singapore,,,,,,,,,,,"{""environment"":""dev"",""cost-center"":""cc-1042"",""owner"":""team-data""}"
Google Cloud,Google,Google Cloud,INV-2026-05-A7B8C9,11C2D3-E4F506-A7B8C9,ExampleCorp Billing - Secondary,Billing Account,examplecorp-prod-481627,prod-platform,Project,2026-05-01T00:00:00Z,2026-06-01T00:00:00Z,2026-05-11T12:00:00Z,2026-05-11T13:00:00Z,Usage,,Cloud SQL custom 4 vCPU,Usage-Based,0.18,0.18,0.2,0.18,0.2000000000,0.1800000000,Standard,1.0000,Hours,USD,0.1800000000,0.18,0.2000000000,USD,1.0000,Hours,Cloud SQL,Databases,Relational Databases,SKU-0878e8a79fb464dcb2955125,Database,SPRICE-252613603489dea350c5ac8d,"{""InstanceType"":""db-custom-4-16384"",""CoreCount"":4,""MemorySize"":16,""x_Engine"":""PostgreSQL""}",//sqladmin.googleapis.com/projects/examplecorp-prod-481627/instances/sql-aea445f5,sql-aea445f5,Cloud SQL Instance,europe-west1,Belgium,,,,,,,,,,,"{""environment"":""dev"",""cost-center"":""cc-2087"",""owner"":""team-data""}"
Google Cloud,Google,Google Cloud,INV-2026-05-A7B8C9,11C2D3-E4F506-A7B8C9,ExampleCorp Billing - Secondary,Billing Account,examplecorp-data-739104,data-analytics,Project,2026-05-01T00:00:00Z,2026-06-01T00:00:00Z,2026-05-02T11:00:00Z,2026-05-02T12:00:00Z,Tax,,Synthetic tax 10% on usage record 36: Cloud SQL,One-Time,0.018,0.018,0.02,0.018,,,,,,USD,,0.018,,USD,,,Cloud SQL,Databases,Relational Databases,,,,,,,,,,,,,,,,,,,,"{""environment"":""staging"",""cost-center"":""cc-1042"",""owner"":""team-data""}"
Google Cloud,Google,Google Cloud,INV-2026-05-F70819,01A2B3-C4D5E6-F70819,ExampleCorp Billing - Primary,Billing Account,examplecorp-prod-481627,prod-platform,Project,2026-05-01T00:00:00Z,2026-06-01T00:00:00Z,2026-05-03T00:00:00Z,2026-05-04T00:00:00Z,Purchase,,Compute Engine subscription fee,Recurring,434.45,434.45,434.45,434.45,434.45,434.45,Standard,1,Units,USD,434.4500000000,434.45,434.4500000000,USD,,,Compute Engine,Compute,Virtual Machines,SKU-a9883ff5fa6538163745f864,Subscription,SPRICE-c2c69752e04e8d009d75fb35,"{""x_ChargeType"": ""SubscriptionFee""}",//compute.googleapis.com/projects/examplecorp-prod-481627/instances/instance-d52cbaf8,instance-d52cbaf8,Compute Instance,europe-west1,Belgium,,,,,,,,,,,"{""environment"":""staging"",""cost-center"":""cc-3110"",""owner"":""team-platform""}"
Google Cloud,Google,Google Cloud,INV-2026-05-F70819,01A2B3-C4D5E6-F70819,ExampleCorp Billing - Primary,Billing Account,examplecorp-sandbox-160942,sandbox-dev,Project,2026-05-01T00:00:00Z,2026-06-01T00:00:00Z,2026-05-11T15:00:00Z,2026-05-11T16:00:00Z,Usage,,e2-standard-4 running,Usage-Based,0.1206,0.1206,0.134,0.1206,0.1340000000,0.1206000000,Standard,1.0000,Hours,USD,0.1206000000,0.1206,0.1340000000,USD,1.0000,Hours,Compute Engine,Compute,Virtual Machines,SKU-c7f294f3dc4904208c787632,Compute,SPRICE-c8c1784c237a87edf1c3647d,"{""InstanceType"":""e2-standard-4"",""InstanceSeries"":""E2"",""CoreCount"":4,""MemorySize"":16,""OperatingSystem"":""Linux"",""x_Preemptible"":""false""}",//compute.googleapis.com/projects/examplecorp-sandbox-160942/instances/instance-9ba1068c,instance-9ba1068c,Compute Instance,us-east1,South Carolina,us-east1-c,,,,,,,,,,"{""environment"":""prod"",""cost-center"":""cc-3110"",""owner"":""team-data""}"
Google Cloud,Google,Google Cloud,INV-2026-05-A7B8C9,11C2D3-E4F506-A7B8C9,ExampleCorp Billing - Secondary,Billing Account,examplecorp-staging-552831,staging-platform,Project,2026-05-01T00:00:00Z,2026-06-01T00:00:00Z,2026-05-05T00:00:00Z,2026-05-06T00:00:00Z,Usage,,Monitoring data ingested,Usage-Based,46.67828364,46.67828364,51.8647596,46.67828364,0.2580000000,0.2322000000,Standard,201.0262,MiB,USD,0.2322000000,46.67828364,0.2580000000,USD,201.0262,MiB,Cloud Monitoring,Management and Governance,Observability,SKU-f2290c09e5e6212780d60874,Monitoring,SPRICE-d43771be279a84180443f7fd,"{""x_DataType"":""Metrics""}",//monitoring.googleapis.com/projects/examplecorp-staging-552831/metricsScopes/mon-e139a1ac,mon-e139a1ac,Monitoring Workspace,us-central1,Iowa,,,,,,,,,,,"{""environment"":""prod"",""cost-center"":""cc-2087"",""owner"":""team-platform""}"
Google Cloud,Google,Google Cloud,INV-2026-05-A7B8C9,11C2D3-E4F506-A7B8C9,ExampleCorp Billing - Secondary,Billing Account,examplecorp-data-739104,data-analytics,Project,2026-05-01T00:00:00Z,2026-06-01T00:00:00Z,2026-05-11T17:00:00Z,2026-05-11T18:00:00Z,Usage,,Function execution duration,Usage-Based,10.672168150575,10.672168150575,11.85796461175,10.672168150575,0.0000025000,0.0000022500,Standard,4743185.8447,GB-Seconds,USD,0.0000022500,10.672168150575,0.0000025000,USD,4743185.8447,GB-Seconds,Cloud Functions,Compute,Serverless Compute,SKU-eb71d7502d67eb15645ae724,Compute,SPRICE-29314eddd725ec87d1767584,"{""x_Runtime"":""python312"",""x_Generation"":""gen2""}",//cloudfunctions.googleapis.com/projects/examplecorp-data-739104/functions/fn-40dee0af,fn-40dee0af,Cloud Function,asia-southeast1,Singapore,,,,,,,,,,,"{""environment"":""prod"",""cost-center"":""cc-2087"",""owner"":""team-payments""}"
Google Cloud,Google,Google Cloud,INV-2026-05-F70819,01A2B3-C4D5E6-F70819,ExampleCorp Billing - Primary,Billing Account,examplecorp-data-739104,data-analytics,Project,2026-05-01T00:00:00Z,2026-06-01T00:00:00Z,2026-05-11T18:00:00Z,2026-05-11T19:00:00Z,Usage,,Cloud Run vCPU allocation,Usage-Based,51.18742162512,51.18742162512,56.8749129168,51.18742162512,0.0000240000,0.0000216000,Standard,2369788.0382,Core-Seconds,USD,0.0000216000,51.18742162512,0.0000240000,USD,2369788.0382,Core-Seconds,Cloud Run,Compute,Serverless Compute,SKU-0828b68f352ea8761f8e1993,Compute,SPRICE-939cc729025fe8682a0f43e3,"{""x_Generation"":""gen2""}",//run.googleapis.com/projects/examplecorp-data-739104/services/svc-d75a6ab9,svc-d75a6ab9,Cloud Run Service,europe-west1,Belgium,,,,,,,,,,,"{""environment"":""staging"",""cost-center"":""cc-1042"",""owner"":""team-data""}"
Google Cloud,Google,Google Cloud,INV-2026-05-F70819,01A2B3-C4D5E6-F70819,ExampleCorp Billing - Primary,Billing Account,examplecorp-data-739104,data-analytics,Project,2026-05-01T00:00:00Z,2026-06-01T00:00:00Z,2026-05-08T00:00:00Z,2026-05-09T00:00:00Z,Usage,,On-demand query analysis,Usage-Based,144.253125,144.253125,160.28125,144.253125,6.2500000000,5.6250000000,Standard,25.6450,TiB,EUR,5.1750000000,132.712875,5.7500000000,USD,25.6450,TiB,BigQuery,Databases,Data Warehouses,SKU-4f1f5c17ab1a3bad4c4e9805,Analysis,SPRICE-57264a2421fcc58fe8d66b74,"{""x_Edition"":""OnDemand""}",//bigquery.googleapis.com/projects/examplecorp-data-739104/datasets/ds_4f08ae00,ds_4f08ae00,BigQuery Dataset,us-central1,Iowa,,,,,,,,,,,"{""environment"":""dev"",""cost-center"":""cc-1042"",""owner"":""team-platform""}"
Google Cloud,Google,Google Cloud,INV-2026-05-F70819,01A2B3-C4D5E6-F70819,ExampleCorp Billing - Primary,Billing Account,examplecorp-data-739104,data-analytics,Project,2026-05-01T00:00:00Z,2026-06-01T00:00:00Z,2026-05-11T20:00:00Z,2026-05-11T21:00:00Z,Usage,,Function execution duration,Usage-Based,1.794906650025,1.794906650025,1.99434072225,1.794906650025,0.0000025000,0.0000022500,Standard,797736.2889,GB-Seconds,USD,0.0000022500,1.794906650025,0.0000025000,USD,797736.2889,GB-Seconds,Cloud Functions,Compute,Serverless Compute,SKU-695ae4ac3664791d99311a2f,Compute,SPRICE-1660dde73d1cd143caedc47c,"{""x_Runtime"":""python312"",""x_Generation"":""gen2""}",//cloudfunctions.googleapis.com/projects/examplecorp-data-739104/functions/fn-88e27db3,fn-88e27db3,Cloud Function,us-central1,Iowa,,,,,,,,,,,"{""environment"":""staging"",""cost-center"":""cc-1042"",""owner"":""team-payments""}"
Google Cloud,Google,Google Cloud,INV-2026-05-A7B8C9,11C2D3-E4F506-A7B8C9,ExampleCorp Billing - Secondary,Billing Account,examplecorp-prod-481627,prod-platform,Project,2026-05-01T00:00:00Z,2026-06-01T00:00:00Z,2026-05-10T00:00:00Z,2026-05-11T00:00:00Z,Usage,,On-demand query analysis,Usage-Based,238.111875,238.111875,264.56875,238.111875,6.2500000000,5.6250000000,Standard,42.3310,TiB,EUR,5.1750000000,219.062925,5.7500000000,USD,42.3310,TiB,BigQuery,Databases,Data Warehouses,SKU-e14c81c3b9dbfe726f5234cc,Analysis,SPRICE-0c06091d9c448255a307a45d,"{""x_Edition"":""OnDemand""}",//bigquery.googleapis.com/projects/examplecorp-prod-481627/datasets/ds_595173e2,ds_595173e2,BigQuery Dataset,europe-west1,Belgium,,,,,,,,,,,"{""environment"":""dev"",""cost-center"":""cc-1042"",""owner"":""team-payments""}"
Google Cloud,Google,Google Cloud,INV-2026-05-A7B8C9,11C2D3-E4F506-A7B8C9,ExampleCorp Billing - Secondary,Billing Account,examplecorp-prod-481627,prod-platform,Project,2026-05-01T00:00:00Z,2026-06-01T00:00:00Z,2026-05-11T22:00:00Z,2026-05-11T23:00:00Z,Purchase,,"Committed Use Discount commitment, amortised for the charge period",Recurring,0.089378,0,0.089378,0.089378,0.0893780000,0.0893780000,Standard,1,Hours,USD,0.0893780000,0,0.0893780000,USD,,,Compute Engine,Compute,Virtual Machines,SKU-613ce285f8bfe941af1c870a,Commitment,SPRICE-6e7aac724f1fc047f53d742a,"{""x_Plan"":""TWELVE_MONTH"",""x_Type"":""COMPUTE_OPTIMIZED""}",//compute.googleapis.com/projects/examplecorp-prod-481627/regions/us-east1/commitments/cud-e889fc0fcc,cud-3c26710aad,Committed Use Discount,us-east1,South Carolina,,//compute.googleapis.com/projects/examplecorp-prod-481627/regions/us-east1/commitments/cud-e889fc0fcc,ResourceBasedCUD-1yr-Compute,Usage,Committed Use Discount,,1,Hours,,,"{""environment"":""prod"",""cost-center"":""cc-3110"",""owner"":""team-payments""}"
Google Cloud,Google,Google Cloud,INV-2026-05-A7B8C9,11C2D3-E4F506-A7B8C9,ExampleCorp Billing - Secondary,Billing Account,examplecorp-prod-481627,prod-platform,Project,2026-05-01T00:00:00Z,2026-06-01T00:00:00Z,2026-05-11T22:00:00Z,2026-05-11T23:00:00Z,Usage,,Compute Engine committed usage,Usage-Based,0,0.089378,0.134,0.1206,0.1340000000,0.1206000000,Committed,1,Hours,USD,0.1206000000,0.089378,0.1340000000,USD,1,Hours,Compute Engine,Compute,Virtual Machines,SKU-c7f294f3dc4904208c787632,Compute,SPRICE-c8c1784c237a87edf1c3647d,"{""InstanceType"":""e2-standard-4"",""InstanceSeries"":""E2"",""CoreCount"":4,""MemorySize"":16,""OperatingSystem"":""Linux"",""x_Preemptible"":""false""}",//compute.googleapis.com/projects/examplecorp-prod-481627/instances/instance-0000c5349f,instance-0000c5349f,Compute Instance,us-east1,South Carolina,us-east1-b,//compute.googleapis.com/projects/examplecorp-prod-481627/regions/us-east1/commitments/cud-e889fc0fcc,ResourceBasedCUD-1yr-Compute,Usage,Committed Use Discount,Used,1,Hours,,,"{""environment"":""prod"",""cost-center"":""cc-1042"",""owner"":""team-data""}"
Google Cloud,Google,Google Cloud,INV-2026-05-A7B8C9,11C2D3-E4F506-A7B8C9,ExampleCorp Billing - Secondary,Billing Account,examplecorp-prod-481627,prod-platform,Project,2026-05-01T00:00:00Z,2026-06-01T00:00:00Z,2026-05-11T23:00:00Z,2026-05-12T00:00:00Z,Purchase,,"Committed Use Discount commitment, amortised for the charge period",Recurring,0.089378,0,0.089378,0.089378,0.0893780000,0.0893780000,Standard,1,Hours,USD,0.0893780000,0,0.0893780000,USD,,,Compute Engine,Compute,Virtual Machines,SKU-613ce285f8bfe941af1c870a,Commitment,SPRICE-6e7aac724f1fc047f53d742a,"{""x_Plan"":""TWELVE_MONTH"",""x_Type"":""COMPUTE_OPTIMIZED""}",//compute.googleapis.com/projects/examplecorp-prod-481627/regions/us-east1/commitments/cud-e889fc0fcc,cud-3c26710aad,Committed Use Discount,us-east1,South Carolina,,//compute.googleapis.com/projects/examplecorp-prod-481627/regions/us-east1/commitments/cud-e889fc0fcc,ResourceBasedCUD-1yr-Compute,Usage,Committed Use Discount,,1,Hours,,,"{""environment"":""dev"",""cost-center"":""cc-1042"",""owner"":""team-platform""}"
Google Cloud,Google,Google Cloud,INV-2026-05-A7B8C9,11C2D3-E4F506-A7B8C9,ExampleCorp Billing - Secondary,Billing Account,examplecorp-prod-481627,prod-platform,Project,2026-05-01T00:00:00Z,2026-06-01T00:00:00Z,2026-05-11T23:00:00Z,2026-05-12T00:00:00Z,Usage,,Compute Engine committed usage,Usage-Based,0,0.089378,0.134,0.1206,0.1340000000,0.1206000000,Committed,1,Hours,USD,0.1206000000,0.089378,0.1340000000,USD,1,Hours,Compute Engine,Compute,Virtual Machines,SKU-c7f294f3dc4904208c787632,Compute,SPRICE-c8c1784c237a87edf1c3647d,"{""InstanceType"":""e2-standard-4"",""InstanceSeries"":""E2"",""CoreCount"":4,""MemorySize"":16,""OperatingSystem"":""Linux"",""x_Preemptible"":""false""}",//compute.googleapis.com/projects/examplecorp-prod-481627/instances/instance-000125b755,instance-000125b755,Compute Instance,us-east1,South Carolina,us-east1-b,//compute.googleapis.com/projects/examplecorp-prod-481627/regions/us-east1/commitments/cud-e889fc0fcc,ResourceBasedCUD-1yr-Compute,Usage,Committed Use Discount,Used,1,Hours,,,"{""environment"":""staging"",""cost-center"":""cc-1042"",""owner"":""team-payments""}"
Google Cloud,Google,Google Cloud,INV-2026-05-A7B8C9,11C2D3-E4F506-A7B8C9,ExampleCorp Billing - Secondary,Billing Account,examplecorp-prod-481627,prod-platform,Project,2026-05-01T00:00:00Z,2026-06-01T00:00:00Z,2026-05-12T00:00:00Z,2026-05-12T01:00:00Z,Purchase,,"Committed Use Discount commitment, amortised for the charge period",Recurring,0.089378,0,0.089378,0.089378,0.0893780000,0.0893780000,Standard,1,Hours,USD,0.0893780000,0,0.0893780000,USD,,,Compute Engine,Compute,Virtual Machines,SKU-613ce285f8bfe941af1c870a,Commitment,SPRICE-6e7aac724f1fc047f53d742a,"{""x_Plan"":""TWELVE_MONTH"",""x_Type"":""COMPUTE_OPTIMIZED""}",//compute.googleapis.com/projects/examplecorp-prod-481627/regions/us-east1/commitments/cud-e889fc0fcc,cud-3c26710aad,Committed Use Discount,us-east1,South Carolina,,//compute.googleapis.com/projects/examplecorp-prod-481627/regions/us-east1/commitments/cud-e889fc0fcc,ResourceBasedCUD-1yr-Compute,Usage,Committed Use Discount,,1,Hours,,,"{""environment"":""dev"",""cost-center"":""cc-2087"",""owner"":""team-data""}"
Google Cloud,Google,Google Cloud,INV-2026-05-A7B8C9,11C2D3-E4F506-A7B8C9,ExampleCorp Billing - Secondary,Billing Account,examplecorp-prod-481627,prod-platform,Project,2026-05-01T00:00:00Z,2026-06-01T00:00:00Z,2026-05-12T00:00:00Z,2026-05-12T01:00:00Z,Usage,,Compute Engine committed usage,Usage-Based,0,0.089378,0.134,0.1206,0.1340000000,0.1206000000,Committed,1,Hours,USD,0.1206000000,0.089378,0.1340000000,USD,1,Hours,Compute Engine,Compute,Virtual Machines,SKU-c7f294f3dc4904208c787632,Compute,SPRICE-c8c1784c237a87edf1c3647d,"{""InstanceType"":""e2-standard-4"",""InstanceSeries"":""E2"",""CoreCount"":4,""MemorySize"":16,""OperatingSystem"":""Linux"",""x_Preemptible"":""false""}",//compute.googleapis.com/projects/examplecorp-prod-481627/instances/instance-0002d3e4b2,instance-0002d3e4b2,Compute Instance,us-east1,South Carolina,us-east1-b,//compute.googleapis.com/projects/examplecorp-prod-481627/regions/us-east1/commitments/cud-e889fc0fcc,ResourceBasedCUD-1yr-Compute,Usage,Committed Use Discount,Used,1,Hours,,,"{""environment"":""dev"",""cost-center"":""cc-2087"",""owner"":""team-platform""}"
Google Cloud,Google,Google Cloud,INV-2026-05-A7B8C9,11C2D3-E4F506-A7B8C9,ExampleCorp Billing - Secondary,Billing Account,examplecorp-prod-481627,prod-platform,Project,2026-05-01T00:00:00Z,2026-06-01T00:00:00Z,2026-05-12T01:00:00Z,2026-05-12T02:00:00Z,Purchase,,"Committed Use Discount commitment, amortised for the charge period",Recurring,0.089378,0,0.089378,0.089378,0.0893780000,0.0893780000,Standard,1,Hours,USD,0.0893780000,0,0.0893780000,USD,,,Compute Engine,Compute,Virtual Machines,SKU-613ce285f8bfe941af1c870a,Commitment,SPRICE-6e7aac724f1fc047f53d742a,"{""x_Plan"":""TWELVE_MONTH"",""x_Type"":""COMPUTE_OPTIMIZED""}",//compute.googleapis.com/projects/examplecorp-prod-481627/regions/us-east1/commitments/cud-e889fc0fcc,cud-3c26710aad,Committed Use Discount,us-east1,South Carolina,,//compute.googleapis.com/projects/examplecorp-prod-481627/regions/us-east1/commitments/cud-e889fc0fcc,ResourceBasedCUD-1yr-Compute,Usage,Committed Use Discount,,1,Hours,,,"{""environment"":""prod"",""cost-center"":""cc-1042"",""owner"":""team-data""}"
Google Cloud,Google,Google Cloud,INV-2026-05-A7B8C9,11C2D3-E4F506-A7B8C9,ExampleCorp Billing - Secondary,Billing Account,examplecorp-prod-481627,prod-platform,Project,2026-05-01T00:00:00Z,2026-06-01T00:00:00Z,2026-05-12T01:00:00Z,2026-05-12T02:00:00Z,Usage,,Compute Engine committed usage,Usage-Based,0,0.089378,0.134,0.1206,0.1340000000,0.1206000000,Committed,1,Hours,USD,0.1206000000,0.089378,0.1340000000,USD,1,Hours,Compute Engine,Compute,Virtual Machines,SKU-c7f294f3dc4904208c787632,Compute,SPRICE-c8c1784c237a87edf1c3647d,"{""InstanceType"":""e2-standard-4"",""InstanceSeries"":""E2"",""CoreCount"":4,""MemorySize"":16,""OperatingSystem"":""Linux"",""x_Preemptible"":""false""}",//compute.googleapis.com/projects/examplecorp-prod-481627/instances/instance-00034002a8,instance-00034002a8,Compute Instance,us-east1,South Carolina,us-east1-b,//compute.googleapis.com/projects/examplecorp-prod-481627/regions/us-east1/commitments/cud-e889fc0fcc,ResourceBasedCUD-1yr-Compute,Usage,Committed Use Discount,Used,1,Hours,,,"{""environment"":""prod"",""cost-center"":""cc-3110"",""owner"":""team-payments""}"
Google Cloud,Google,Google Cloud,INV-2026-05-A7B8C9,11C2D3-E4F506-A7B8C9,ExampleCorp Billing - Secondary,Billing Account,examplecorp-prod-481627,prod-platform,Project,2026-05-01T00:00:00Z,2026-06-01T00:00:00Z,2026-05-12T02:00:00Z,2026-05-12T03:00:00Z,Purchase,,"Committed Use Discount commitment, amortised for the charge period",Recurring,0.089378,0,0.089378,0.089378,0.0893780000,0.0893780000,Standard,1,Hours,USD,0.0893780000,0,0.0893780000,USD,,,Compute Engine,Compute,Virtual Machines,SKU-613ce285f8bfe941af1c870a,Commitment,SPRICE-6e7aac724f1fc047f53d742a,"{""x_Plan"":""TWELVE_MONTH"",""x_Type"":""COMPUTE_OPTIMIZED""}",//compute.googleapis.com/projects/examplecorp-prod-481627/regions/us-east1/commitments/cud-e889fc0fcc,cud-3c26710aad,Committed Use Discount,us-east1,South Carolina,,//compute.googleapis.com/projects/examplecorp-prod-481627/regions/us-east1/commitments/cud-e889fc0fcc,ResourceBasedCUD-1yr-Compute,Usage,Committed Use Discount,,1,Hours,,,"{""environment"":""dev"",""cost-center"":""cc-2087"",""owner"":""team-platform""}"
Google Cloud,Google,Google Cloud,INV-2026-05-A7B8C9,11C2D3-E4F506-A7B8C9,ExampleCorp Billing - Secondary,Billing Account,examplecorp-prod-481627,prod-platform,Project,2026-05-01T00:00:00Z,2026-06-01T00:00:00Z,2026-05-12T02:00:00Z,2026-05-12T03:00:00Z,Usage,,Compute Engine committed usage,Usage-Based,0,0.089378,0.134,0.1206,0.1340000000,0.1206000000,Committed,1,Hours,USD,0.1206000000,0.089378,0.1340000000,USD,1,Hours,Compute Engine,Compute,Virtual Machines,SKU-c7f294f3dc4904208c787632,Compute,SPRICE-c8c1784c237a87edf1c3647d,"{""InstanceType"":""e2-standard-4"",""InstanceSeries"":""E2"",""CoreCount"":4,""MemorySize"":16,""OperatingSystem"":""Linux"",""x_Preemptible"":""false""}",//compute.googleapis.com/projects/examplecorp-prod-481627/instances/instance-00049e71d9,instance-00049e71d9,Compute Instance,us-east1,South Carolina,us-east1-b,//compute.googleapis.com/projects/examplecorp-prod-481627/regions/us-east1/commitments/cud-e889fc0fcc,ResourceBasedCUD-1yr-Compute,Usage,Committed Use Discount,Used,1,Hours,,,"{""environment"":""staging"",""cost-center"":""cc-1042"",""owner"":""team-platform""}"
Google Cloud,Google,Google Cloud,INV-2026-05-A7B8C9,11C2D3-E4F506-A7B8C9,ExampleCorp Billing - Secondary,Billing Account,examplecorp-prod-481627,prod-platform,Project,2026-05-01T00:00:00Z,2026-06-01T00:00:00Z,2026-05-12T03:00:00Z,2026-05-12T04:00:00Z,Purchase,,"Committed Use Discount commitment, amortised for the charge period",Recurring,0.089378,0,0.089378,0.089378,0.0893780000,0.0893780000,Standard,1,Hours,USD,0.0893780000,0,0.0893780000,USD,,,Compute Engine,Compute,Virtual Machines,SKU-613ce285f8bfe941af1c870a,Commitment,SPRICE-6e7aac724f1fc047f53d742a,"{""x_Plan"":""TWELVE_MONTH"",""x_Type"":""COMPUTE_OPTIMIZED""}",//compute.googleapis.com/projects/examplecorp-prod-481627/regions/us-east1/commitments/cud-e889fc0fcc,cud-3c26710aad,Committed Use Discount,us-east1,South Carolina,,//compute.googleapis.com/projects/examplecorp-prod-481627/regions/us-east1/commitments/cud-e889fc0fcc,ResourceBasedCUD-1yr-Compute,Usage,Committed Use Discount,,1,Hours,,,"{""environment"":""dev"",""cost-center"":""cc-1042"",""owner"":""team-data""}"
Google Cloud,Google,Google Cloud,INV-2026-05-A7B8C9,11C2D3-E4F506-A7B8C9,ExampleCorp Billing - Secondary,Billing Account,examplecorp-prod-481627,prod-platform,Project,2026-05-01T00:00:00Z,2026-06-01T00:00:00Z,2026-05-12T03:00:00Z,2026-05-12T04:00:00Z,Usage,,Compute Engine committed usage,Usage-Based,0,0.089378,0.134,0.1206,0.1340000000,0.1206000000,Committed,1,Hours,USD,0.1206000000,0.089378,0.1340000000,USD,1,Hours,Compute Engine,Compute,Virtual Machines,SKU-c7f294f3dc4904208c787632,Compute,SPRICE-c8c1784c237a87edf1c3647d,"{""InstanceType"":""e2-standard-4"",""InstanceSeries"":""E2"",""CoreCount"":4,""MemorySize"":16,""OperatingSystem"":""Linux"",""x_Preemptible"":""false""}",//compute.googleapis.com/projects/examplecorp-prod-481627/instances/instance-000551f2ea,instance-000551f2ea,Compute Instance,us-east1,South Carolina,us-east1-b,//compute.googleapis.com/projects/examplecorp-prod-481627/regions/us-east1/commitments/cud-e889fc0fcc,ResourceBasedCUD-1yr-Compute,Usage,Committed Use Discount,Used,1,Hours,,,"{""environment"":""staging"",""cost-center"":""cc-1042"",""owner"":""team-data""}"
Google Cloud,Google,Google Cloud,INV-2026-05-A7B8C9,11C2D3-E4F506-A7B8C9,ExampleCorp Billing - Secondary,Billing Account,examplecorp-prod-481627,prod-platform,Project,2026-05-01T00:00:00Z,2026-06-01T00:00:00Z,2026-05-12T04:00:00Z,2026-05-12T05:00:00Z,Purchase,,"Committed Use Discount commitment, amortised for the charge period",Recurring,0.089378,0,0.089378,0.089378,0.0893780000,0.0893780000,Standard,1,Hours,USD,0.0893780000,0,0.0893780000,USD,,,Compute Engine,Compute,Virtual Machines,SKU-613ce285f8bfe941af1c870a,Commitment,SPRICE-6e7aac724f1fc047f53d742a,"{""x_Plan"":""TWELVE_MONTH"",""x_Type"":""COMPUTE_OPTIMIZED""}",//compute.googleapis.com/projects/examplecorp-prod-481627/regions/us-east1/commitments/cud-e889fc0fcc,cud-3c26710aad,Committed Use Discount,us-east1,South Carolina,,//compute.googleapis.com/projects/examplecorp-prod-481627/regions/us-east1/commitments/cud-e889fc0fcc,ResourceBasedCUD-1yr-Compute,Usage,Committed Use Discount,,1,Hours,,,"{""environment"":""staging"",""cost-center"":""cc-2087"",""owner"":""team-payments""}"
Google Cloud,Google,Google Cloud,INV-2026-05-A7B8C9,11C2D3-E4F506-A7B8C9,ExampleCorp Billing - Secondary,Billing Account,examplecorp-prod-481627,prod-platform,Project,2026-05-01T00:00:00Z,2026-06-01T00:00:00Z,2026-05-12T04:00:00Z,2026-05-12T05:00:00Z,Usage,,Committed Use Discount unused commitment,Usage-Based,0,0.089378,0.089378,0.089378,0.0893780000,0.0893780000,Committed,1,Hours,USD,0.0893780000,0.089378,0.0893780000,USD,,,Compute Engine,Compute,Virtual Machines,SKU-613ce285f8bfe941af1c870a,Commitment,SPRICE-6e7aac724f1fc047f53d742a,"{""x_Plan"":""TWELVE_MONTH"",""x_Type"":""COMPUTE_OPTIMIZED""}",//compute.googleapis.com/projects/examplecorp-prod-481627/regions/us-east1/commitments/cud-e889fc0fcc,cud-3c26710aad,Committed Use Discount,us-east1,South Carolina,,//compute.googleapis.com/projects/examplecorp-prod-481627/regions/us-east1/commitments/cud-e889fc0fcc,ResourceBasedCUD-1yr-Compute,Usage,Committed Use Discount,Unused,1,Hours,,,"{""environment"":""prod"",""cost-center"":""cc-2087"",""owner"":""team-data""}"
Google Cloud,Google,Google Cloud,INV-2026-05-A7B8C9,11C2D3-E4F506-A7B8C9,ExampleCorp Billing - Secondary,Billing Account,examplecorp-prod-481627,prod-platform,Project,2026-05-01T00:00:00Z,2026-06-01T00:00:00Z,2026-05-12T05:00:00Z,2026-05-12T06:00:00Z,Purchase,,"Committed Use Discount commitment, amortised for the charge period",Recurring,0.089378,0,0.089378,0.089378,0.0893780000,0.0893780000,Standard,1,Hours,USD,0.0893780000,0,0.0893780000,USD,,,Compute Engine,Compute,Virtual Machines,SKU-613ce285f8bfe941af1c870a,Commitment,SPRICE-6e7aac724f1fc047f53d742a,"{""x_Plan"":""TWELVE_MONTH"",""x_Type"":""COMPUTE_OPTIMIZED""}",//compute.googleapis.com/projects/examplecorp-prod-481627/regions/us-east1/commitments/cud-e889fc0fcc,cud-3c26710aad,Committed Use Discount,us-east1,South Carolina,,//compute.googleapis.com/projects/examplecorp-prod-481627/regions/us-east1/commitments/cud-e889fc0fcc,ResourceBasedCUD-1yr-Compute,Usage,Committed Use Discount,,1,Hours,,,"{""environment"":""dev"",""cost-center"":""cc-3110"",""owner"":""team-payments""}"
Google Cloud,Google,Google Cloud,INV-2026-05-A7B8C9,11C2D3-E4F506-A7B8C9,ExampleCorp Billing - Secondary,Billing Account,examplecorp-prod-481627,prod-platform,Project,2026-05-01T00:00:00Z,2026-06-01T00:00:00Z,2026-05-12T05:00:00Z,2026-05-12T06:00:00Z,Usage,,Committed Use Discount unused commitment,Usage-Based,0,0.089378,0.089378,0.089378,0.0893780000,0.0893780000,Committed,1,Hours,USD,0.0893780000,0.089378,0.0893780000,USD,,,Compute Engine,Compute,Virtual Machines,SKU-613ce285f8bfe941af1c870a,Commitment,SPRICE-6e7aac724f1fc047f53d742a,"{""x_Plan"":""TWELVE_MONTH"",""x_Type"":""COMPUTE_OPTIMIZED""}",//compute.googleapis.com/projects/examplecorp-prod-481627/regions/us-east1/commitments/cud-e889fc0fcc,cud-3c26710aad,Committed Use Discount,us-east1,South Carolina,,//compute.googleapis.com/projects/examplecorp-prod-481627/regions/us-east1/commitments/cud-e889fc0fcc,ResourceBasedCUD-1yr-Compute,Usage,Committed Use Discount,Unused,1,Hours,,,"{""environment"":""dev"",""cost-center"":""cc-2087"",""owner"":""team-platform""}"
Google Cloud,Google,Google Cloud,INV-2026-05-A7B8C9,11C2D3-E4F506-A7B8C9,ExampleCorp Billing - Secondary,Billing Account,examplecorp-staging-552831,staging-platform,Project,2026-05-01T00:00:00Z,2026-06-01T00:00:00Z,2026-05-27T00:00:00Z,2026-05-28T00:00:00Z,Purchase,,Compute Engine subscription fee,Recurring,434.45,434.45,434.45,434.45,434.45,434.45,Standard,1,Units,USD,434.4500000000,434.45,434.4500000000,USD,,,Compute Engine,Compute,Virtual Machines,SKU-a9883ff5fa6538163745f864,Subscription,SPRICE-c2c69752e04e8d009d75fb35,"{""x_ChargeType"": ""SubscriptionFee""}",//compute.googleapis.com/projects/examplecorp-staging-552831/instances/instance-5b824813,instance-5b824813,Compute Instance,europe-west1,Belgium,,,,,,,,,,,"{""environment"":""staging"",""cost-center"":""cc-3110"",""owner"":""team-platform""}"
Google Cloud,Google,Google Cloud,INV-2026-05-F70819,01A2B3-C4D5E6-F70819,ExampleCorp Billing - Primary,Billing Account,examplecorp-prod-481627,prod-platform,Project,2026-05-01T00:00:00Z,2026-06-01T00:00:00Z,2026-05-28T00:00:00Z,2026-05-29T00:00:00Z,Purchase,,BigQuery subscription fee,Recurring,144.29,144.29,144.29,144.29,144.29,144.29,Standard,1,Units,USD,144.2900000000,144.29,144.2900000000,USD,,,BigQuery,Databases,Data Warehouses,SKU-4aa511258207dbaf59ac56ca,Subscription,SPRICE-4af7ea22dbe00961d2ea1942,"{""x_ChargeType"": ""SubscriptionFee""}",//bigquery.googleapis.com/projects/examplecorp-prod-481627/datasets/ds_ac5c1e58,ds_ac5c1e58,BigQuery Dataset,asia-southeast1,Singapore,,,,,,,,,,,"{""environment"":""dev"",""cost-center"":""cc-2087"",""owner"":""team-platform""}"
Google Cloud,Google,Google Cloud,INV-2026-05-F70819,01A2B3-C4D5E6-F70819,ExampleCorp Billing - Primary,Billing Account,examplecorp-data-739104,data-analytics,Project,2026-05-01T00:00:00Z,2026-06-01T00:00:00Z,2026-05-01T00:00:00Z,2026-05-02T00:00:00Z,Usage,,Monitoring data ingested,Usage-Based,35.13966192,35.13966192,39.0440688,35.13966192,0.2580000000,0.2322000000,Standard,151.3336,MiB,USD,0.2322000000,35.13966192,0.2580000000,USD,151.3336,MiB,Cloud Monitoring,Management and Governance,Observability,SKU-7ae4fc052f28901dffce70d1,Monitoring,SPRICE-57d21c7b60b5e5bed918393e,"{""x_DataType"":""Metrics""}",//monitoring.googleapis.com/projects/examplecorp-data-739104/metricsScopes/mon-f13754ce,mon-f13754ce,Monitoring Workspace,us-east1,South Carolina,,,,,,,,,,,"{""environment"":""prod"",""cost-center"":""cc-1042"",""owner"":""team-data""}"
Google Cloud,Google,Google Cloud,INV-2026-05-A7B8C9,11C2D3-E4F506-A7B8C9,ExampleCorp Billing - Secondary,Billing Account,examplecorp-staging-552831,staging-platform,Project,2026-05-01T00:00:00Z,2026-06-01T00:00:00Z,2026-05-01T12:00:00Z,2026-05-01T13:00:00Z,Tax,,Synthetic tax 10% on usage record 13: Cloud Run,One-Time,2.638271077848,2.638271077848,2.93141230872,2.638271077848,,,,,,USD,,2.638271077848,,USD,,,Cloud Run,Compute,Serverless Compute,,,,,,,,,,,,,,,,,,,,"{""environment"":""dev"",""cost-center"":""cc-3110"",""owner"":""team-platform""}"
Google Cloud,Google,Google Cloud,INV-2026-05-A7B8C9,11C2D3-E4F506-A7B8C9,ExampleCorp Billing - Secondary,Billing Account,examplecorp-sandbox-160942,sandbox-dev,Project,2026-05-01T00:00:00Z,2026-06-01T00:00:00Z,2026-05-03T00:00:00Z,2026-05-04T00:00:00Z,Usage,,Monitoring data ingested,Usage-Based,57.62444706,57.62444706,64.0271634,57.62444706,0.2580000000,0.2322000000,Standard,248.1673,MiB,USD,0.2322000000,57.62444706,0.2580000000,USD,248.1673,MiB,Cloud Monitoring,Management and Governance,Observability,SKU-afe92dda1165fc43abddae34,Monitoring,SPRICE-6d15472be77f7b0846642d52,"{""x_DataType"":""Metrics""}",//monitoring.googleapis.com/projects/examplecorp-sandbox-160942/metricsScopes/mon-ec0d7d2a,mon-ec0d7d2a,Monitoring Workspace,europe-west1,Belgium,,,,,,,,,,,"{""environment"":""prod"",""cost-center"":""cc-3110"",""owner"":""team-payments""}"
Google Cloud,Google,Google Cloud,INV-2026-05-F70819,01A2B3-C4D5E6-F70819,ExampleCorp Billing - Primary,Billing Account,examplecorp-sandbox-160942,sandbox-dev,Project,2026-05-01T00:00:00Z,2026-06-01T00:00:00Z,2026-05-04T00:00:00Z,2026-05-05T00:00:00Z,Purchase,,Cloud SQL subscription fee,Recurring,348.33,348.33,348.33,348.33,348.33,348.33,Standard,1,Units,USD,348.3300000000,348.33,348.3300000000,USD,,,Cloud SQL,Databases,Relational Databases,SKU-b611b6dea2b37e0c9bdb901c,Subscription,SPRICE-5189e0be77b84ea181c597d5,"{""x_ChargeType"": ""SubscriptionFee""}",//sqladmin.googleapis.com/projects/examplecorp-sandbox-160942/instances/sql-9de7456c,sql-9de7456c,Cloud SQL Instance,us-central1,Iowa,,,,,,,,,,,"{""environment"":""staging"",""cost-center"":""cc-2087"",""owner"":""team-data""}"
Google Cloud,Google,Google Cloud,INV-2026-05-A7B8C9,11C2D3-E4F506-A7B8C9,ExampleCorp Billing - Secondary,Billing Account,examplecorp-staging-552831,staging-platform,Project,2026-05-01T00:00:00Z,2026-06-01T00:00:00Z,2026-05-12T20:00:00Z,2026-05-12T21:00:00Z,Usage,,Cloud Run vCPU allocation,Usage-Based,40.87395913032,40.87395913032,45.4155101448,40.87395913032,0.0000240000,0.0000216000,Standard,1892312.9227,Core-Seconds,USD,0.0000216000,40.87395913032,0.0000240000,USD,1892312.9227,Core-Seconds,Cloud Run,Compute,Serverless Compute,SKU-fc6a19d63f2363e917267178,Compute,SPRICE-0d6d39e6df512f4876c539aa,"{""x_Generation"":""gen2""}",//run.googleapis.com/projects/examplecorp-staging-552831/services/svc-bef58e91,svc-bef58e91,Cloud Run Service,us-east1,South Carolina,,,,,,,,,,,"{""environment"":""staging"",""cost-center"":""cc-2087"",""owner"":""team-data""}"
Google Cloud,Google,Google Cloud,INV-2026-05-A7B8C9,11C2D3-E4F506-A7B8C9,ExampleCorp Billing - Secondary,Billing Account,examplecorp-prod-481627,prod-platform,Project,2026-05-01T00:00:00Z,2026-06-01T00:00:00Z,2026-05-03T07:00:00Z,2026-05-03T08:00:00Z,Tax,,Synthetic tax 10% on usage record 56: Compute Engine,One-Time,0.01206,0.01206,0.0134,0.01206,,,,,,USD,,0.01206,,USD,,,Compute Engine,Compute,Virtual Machines,,,,,,,,,,,,,,,,,,,,"{""environment"":""staging"",""cost-center"":""cc-3110"",""owner"":""team-payments""}"
Google Cloud,Google,Google Cloud,INV-2026-05-A7B8C9,11C2D3-E4F506-A7B8C9,ExampleCorp Billing - Secondary,Billing Account,examplecorp-prod-481627,prod-platform,Project,2026-05-01T00:00:00Z,2026-06-01T00:00:00Z,2026-05-12T22:00:00Z,2026-05-12T23:00:00Z,Usage,,e2-standard-4 running,Usage-Based,0.1206,0.1206,0.134,0.1206,0.1340000000,0.1206000000,Standard,1.0000,Hours,USD,0.1206000000,0.1206,0.1340000000,USD,1.0000,Hours,Compute Engine,Compute,Virtual Machines,SKU-c7f294f3dc4904208c787632,Compute,SPRICE-c8c1784c237a87edf1c3647d,"{""InstanceType"":""e2-standard-4"",""InstanceSeries"":""E2"",""CoreCount"":4,""MemorySize"":16,""OperatingSystem"":""Linux"",""x_Preemptible"":""false""}",//compute.googleapis.com/projects/examplecorp-prod-481627/instances/instance-29baa451,instance-29baa451,Compute Instance,us-east1,South Carolina,us-east1-c,,,,,,,,,,"{""environment"":""prod"",""cost-center"":""cc-1042"",""owner"":""team-payments""}"
Google Cloud,Google,Google Cloud,INV-2026-05-F70819,01A2B3-C4D5E6-F70819,ExampleCorp Billing - Primary,Billing Account,examplecorp-staging-552831,staging-platform,Project,2026-05-01T00:00:00Z,2026-06-01T00:00:00Z,2026-05-01T00:00:00Z,2026-06-01T00:00:00Z,Tax,,Synthetic tax 10% on usage record 239: Cloud Storage,One-Time,5.75306784,5.75306784,6.3922976,5.75306784,,,,,,USD,,5.75306784,,USD,,,Cloud Storage,Storage,Object Storage,,,,,,,,,,,,,,,,,,,,"{""environment"":""dev"",""cost-center"":""cc-2087"",""owner"":""team-data""}"
Google Cloud,Google,Google Cloud,INV-2026-05-F70819,01A2B3-C4D5E6-F70819,ExampleCorp Billing - Primary,Billing Account,examplecorp-prod-481627,prod-platform,Project,2026-05-01T00:00:00Z,2026-06-01T00:00:00Z,2026-05-09T00:00:00Z,2026-05-10T00:00:00Z,Usage,,On-demand query analysis,Usage-Based,199.342125,199.342125,221.49125,199.342125,6.2500000000,5.6250000000,Standard,35.4386,TiB,USD,5.6250000000,199.342125,6.2500000000,USD,35.4386,TiB,BigQuery,Databases,Data Warehouses,SKU-ef2de98156d58b386f8bea8e,Analysis,SPRICE-257832ee3981a8cf8c2b0ca4,"{""x_Edition"":""OnDemand""}",//bigquery.googleapis.com/projects/examplecorp-prod-481627/datasets/ds_a637f6db,ds_a637f6db,BigQuery Dataset,us-east1,South Carolina,,,,,,,,,,,"{""environment"":""staging"",""cost-center"":""cc-2087"",""owner"":""team-payments""}"
Google Cloud,Google,Google Cloud,INV-2026-05-A7B8C9,11C2D3-E4F506-A7B8C9,ExampleCorp Billing - Secondary,Billing Account,examplecorp-staging-552831,staging-platform,Project,2026-05-01T00:00:00Z,2026-06-01T00:00:00Z,2026-05-13T01:00:00Z,2026-05-13T02:00:00Z,Usage,,Cloud Run vCPU allocation,Usage-Based,29.8083903768,29.8083903768,33.120433752,29.8083903768,0.0000240000,0.0000216000,Standard,1380018.0730,Core-Seconds,USD,0.0000216000,29.8083903768,0.0000240000,USD,1380018.0730,Core-Seconds,Cloud Run,Compute,Serverless Compute,SKU-e75878aa18ba02097c5ad236,Compute,SPRICE-29d89dec6fcc3435a30f9762,"{""x_Generation"":""gen2""}",//run.googleapis.com/projects/examplecorp-staging-552831/services/svc-85a6f144,svc-85a6f144,Cloud Run Service,us-central1,Iowa,,,,,,,,,,,"{""environment"":""prod"",""cost-center"":""cc-2087"",""owner"":""team-data""}"
Google Cloud,Google,Google Cloud,INV-2026-05-F70819,01A2B3-C4D5E6-F70819,ExampleCorp Billing - Primary,Billing Account,examplecorp-sandbox-160942,sandbox-dev,Project,2026-05-01T00:00:00Z,2026-06-01T00:00:00Z,2026-05-13T02:00:00Z,2026-05-13T03:00:00Z,Usage,,Cloud SQL custom 4 vCPU,Usage-Based,0.18,0.18,0.2,0.18,0.2000000000,0.1800000000,Standard,1.0000,Hours,USD,0.1800000000,0.18,0.2000000000,USD,1.0000,Hours,Cloud SQL,Databases,Relational Databases,SKU-d90356e2a5d22b807727c289,Database,SPRICE-dedc6d4fdfe1a8a6142b961a,"{""InstanceType"":""db-custom-4-16384"",""CoreCount"":4,""MemorySize"":16,""x_Engine"":""PostgreSQL""}",//sqladmin.googleapis.com/projects/examplecorp-sandbox-160942/instances/sql-4af9d32a,sql-4af9d32a,Cloud SQL Instance,us-central1,Iowa,,,,,,,,,,,"{""environment"":""staging"",""cost-center"":""cc-3110"",""owner"":""team-payments""}"
Google Cloud,Google,Google Cloud,INV-2026-05-F70819,01A2B3-C4D5E6-F70819,ExampleCorp Billing - Primary,Billing Account,examplecorp-staging-552831,staging-platform,Project,2026-05-01T00:00:00Z,2026-06-01T00:00:00Z,2026-05-01T00:00:00Z,2026-06-01T00:00:00Z,Usage,,Standard storage,Usage-Based,115.892199,115.892199,128.76911,115.892199,0.0200000000,0.0180000000,Standard,6438.4555,GB-Months,USD,0.0180000000,115.892199,0.0200000000,USD,6438.4555,GB-Months,Cloud Storage,Storage,Object Storage,SKU-d897913b7483a157db0c5b7e,Storage,SPRICE-c7019451d3d2cfe060e67bf2,"{""StorageClass"":""Standard""}",//storage.googleapis.com/projects/examplecorp-staging-552831/buckets/bucket-843cefda,bucket-843cefda,Storage Bucket,europe-west1,Belgium,,,,,,,,,,,"{""environment"":""prod"",""cost-center"":""cc-3110"",""owner"":""team-platform""}"
Google Cloud,Google,Google Cloud,INV-2026-05-A7B8C9,11C2D3-E4F506-A7B8C9,ExampleCorp Billing - Secondary,Billing Account,examplecorp-data-739104,data-analytics,Project,2026-05-01T00:00:00Z,2026-06-01T00:00:00Z,2026-05-13T00:00:00Z,2026-05-14T00:00:00Z,Usage,,On-demand query analysis,Usage-Based,112.131,112.131,124.59,112.131,6.2500000000,5.6250000000,Standard,19.9344,TiB,USD,5.6250000000,112.131,6.2500000000,USD,19.9344,TiB,BigQuery,Databases,Data Warehouses,SKU-ef2de98156d58b386f8bea8e,Analysis,SPRICE-257832ee3981a8cf8c2b0ca4,"{""x_Edition"":""OnDemand""}",//bigquery.googleapis.com/projects/examplecorp-data-739104/datasets/ds_c511e0a0,ds_c511e0a0,BigQuery Dataset,us-east1,South Carolina,,,,,,,,,,,"{""environment"":""staging"",""cost-center"":""cc-2087"",""owner"":""team-platform""}"
Google Cloud,Google,Google Cloud,INV-2026-05-F70819,01A2B3-C4D5E6-F70819,ExampleCorp Billing - Primary,Billing Account,examplecorp-staging-552831,staging-platform,Project,2026-05-01T00:00:00Z,2026-06-01T00:00:00Z,2026-05-14T00:00:00Z,2026-05-15T00:00:00Z,Usage,,On-demand query analysis,Usage-Based,113.2329375,113.2329375,125.814375,113.2329375,6.2500000000,5.6250000000,Standard,20.1303,TiB,USD,5.6250000000,113.2329375,6.2500000000,USD,20.1303,TiB,BigQuery,Databases,Data Warehouses,SKU-ef2de98156d58b386f8bea8e,Analysis,SPRICE-257832ee3981a8cf8c2b0ca4,"{""x_Edition"":""OnDemand""}",//bigquery.googleapis.com/projects/examplecorp-staging-552831/datasets/ds_ff00db50,ds_ff00db50,BigQuery Dataset,us-east1,South Carolina,,,,,,,,,,,"{""environment"":""dev"",""cost-center"":""cc-1042"",""owner"":""team-payments""}"
Google Cloud,Google,Google Cloud,INV-2026-05-A7B8C9,11C2D3-E4F506-A7B8C9,ExampleCorp Billing - Secondary,Billing Account,examplecorp-staging-552831,staging-platform,Project,2026-05-01T00:00:00Z,2026-06-01T00:00:00Z,2026-05-01T00:00:00Z,2026-06-01T00:00:00Z,Usage,,Standard storage,Usage-Based,47.3984352,47.3984352,52.664928,47.3984352,0.0200000000,0.0180000000,Standard,2633.2464,GB-Months,USD,0.0180000000,47.3984352,0.0200000000,USD,2633.2464,GB-Months,Cloud Storage,Storage,Object Storage,SKU-d897913b7483a157db0c5b7e,Storage,SPRICE-c7019451d3d2cfe060e67bf2,"{""StorageClass"":""Standard""}",//storage.googleapis.com/projects/examplecorp-staging-552831/buckets/bucket-a8359f87,bucket-a8359f87,Storage Bucket,europe-west1,Belgium,,,,,,,,,,,"{""environment"":""prod"",""cost-center"":""cc-2087"",""owner"":""team-data""}"
Google Cloud,Google,Google Cloud,INV-2026-05-F70819,01A2B3-C4D5E6-F70819,ExampleCorp Billing - Primary,Billing Account,examplecorp-sandbox-160942,sandbox-dev,Project,2026-05-01T00:00:00Z,2026-06-01T00:00:00Z,2026-05-13T07:00:00Z,2026-05-13T08:00:00Z,Usage,,Cloud Run vCPU allocation,Usage-Based,67.86055487016,67.86055487016,75.4006165224,67.86055487016,0.0000240000,0.0000216000,Standard,3141692.3551,Core-Seconds,USD,0.0000216000,67.86055487016,0.0000240000,USD,3141692.3551,Core-Seconds,Cloud Run,Compute,Serverless Compute,SKU-3b45c232fa69d636eca8dc39,Compute,SPRICE-9c404e5e6026ce0b2e5ce800,"{""x_Generation"":""gen2""}",//run.googleapis.com/projects/examplecorp-sandbox-160942/services/svc-7b38d2e2,svc-7b38d2e2,Cloud Run Service,asia-southeast1,Singapore,,,,,,,,,,,"{""environment"":""staging"",""cost-center"":""cc-1042"",""owner"":""team-data""}"
Google Cloud,Google,Google Cloud,INV-2026-05-F70819,01A2B3-C4D5E6-F70819,ExampleCorp Billing - Primary,Billing Account,examplecorp-sandbox-160942,sandbox-dev,Project,2026-05-01T00:00:00Z,2026-06-01T00:00:00Z,2026-05-13T08:00:00Z,2026-05-13T09:00:00Z,Usage,,GKE node pool hours,Usage-Based,0.1206,0.1206,0.134,0.1206,0.1340000000,0.1206000000,Standard,1.0000,Hours,USD,0.1206000000,0.1206,0.1340000000,USD,1.0000,Hours,Google Kubernetes Engine,Compute,Containers,SKU-744da1150ba9d05a7d420696,Compute,SPRICE-b339cc568228180dd7e687e6,"{""InstanceType"":""e2-standard-4"",""CoreCount"":4,""MemorySize"":16,""x_NodePool"":""default""}",//container.googleapis.com/projects/examplecorp-sandbox-160942/clusters/gke-4dbf4efb,gke-4dbf4efb,GKE Cluster,us-east1,South Carolina,,,,,,,,,,,"{""environment"":""dev"",""cost-center"":""cc-2087"",""owner"":""team-platform""}"
Google Cloud,Google,Google Cloud,INV-2026-05-F70819,01A2B3-C4D5E6-F70819,ExampleCorp Billing - Primary,Billing Account,examplecorp-data-739104,data-analytics,Project,2026-05-01T00:00:00Z,2026-06-01T00:00:00Z,2026-05-18T00:00:00Z,2026-05-19T00:00:00Z,Usage,,On-demand query analysis,Usage-Based,258.9789375,258.9789375,287.754375,258.9789375,6.2500000000,5.6250000000,Standard,46.0407,TiB,EUR,5.1750000000,238.2606225,5.7500000000,USD,46.0407,TiB,BigQuery,Databases,Data Warehouses,SKU-ef2de98156d58b386f8bea8e,Analysis,SPRICE-35af7048e6904e6d4661d3db,"{""x_Edition"":""OnDemand""}",//bigquery.googleapis.com/projects/examplecorp-data-739104/datasets/ds_7be0755f,ds_7be0755f,BigQuery Dataset,us-east1,South Carolina,,,,,,,,,,,"{""environment"":""dev"",""cost-center"":""cc-3110"",""owner"":""team-payments""}"
Google Cloud,Google,Google Cloud,INV-2026-05-F70819,01A2B3-C4D5E6-F70819,ExampleCorp Billing - Primary,Billing Account,examplecorp-prod-481627,prod-platform,Project,2026-05-01T00:00:00Z,2026-06-01T00:00:00Z,2026-05-13T10:00:00Z,2026-05-13T11:00:00Z,Usage,,Function execution duration,Usage-Based,7.956785139075,7.956785139075,8.84087237675,7.956785139075,0.0000025000,0.0000022500,Standard,3536348.9507,GB-Seconds,USD,0.0000022500,7.956785139075,0.0000025000,USD,3536348.9507,GB-Seconds,Cloud Functions,Compute,Serverless Compute,SKU-8a24a01b926d78ddce5a4f53,Compute,SPRICE-7ca6b452df77a0dcdde4d036,"{""x_Runtime"":""python312"",""x_Generation"":""gen2""}",//cloudfunctions.googleapis.com/projects/examplecorp-prod-481627/functions/fn-72100071,fn-72100071,Cloud Function,us-east1,South Carolina,,,,,,,,,,,"{""environment"":""prod"",""cost-center"":""cc-3110"",""owner"":""team-data""}"
Google Cloud,Google,Google Cloud,INV-2026-05-A7B8C9,11C2D3-E4F506-A7B8C9,ExampleCorp Billing - Secondary,Billing Account,examplecorp-prod-481627,prod-platform,Project,2026-05-01T00:00:00Z,2026-06-01T00:00:00Z,2026-05-13T11:00:00Z,2026-05-13T12:00:00Z,Usage,,Cloud SQL custom 4 vCPU,Usage-Based,0.18,0.18,0.2,0.18,0.2000000000,0.1800000000,Standard,1.0000,Hours,USD,0.1800000000,0.18,0.2000000000,USD,1.0000,Hours,Cloud SQL,Databases,Relational Databases,SKU-d90356e2a5d22b807727c289,Database,SPRICE-dedc6d4fdfe1a8a6142b961a,"{""InstanceType"":""db-custom-4-16384"",""CoreCount"":4,""MemorySize"":16,""x_Engine"":""PostgreSQL""}",//sqladmin.googleapis.com/projects/examplecorp-prod-481627/instances/sql-46a6bf21,sql-46a6bf21,Cloud SQL Instance,us-central1,Iowa,,,,,,,,,,,"{""environment"":""dev"",""cost-center"":""cc-1042"",""owner"":""team-platform""}"
Google Cloud,Google,Google Cloud,INV-2026-05-A7B8C9,11C2D3-E4F506-A7B8C9,ExampleCorp Billing - Secondary,Billing Account,examplecorp-staging-552831,staging-platform,Project,2026-05-01T00:00:00Z,2026-06-01T00:00:00Z,2026-05-21T00:00:00Z,2026-05-22T00:00:00Z,Purchase,,Cloud Functions subscription fee,Recurring,222.93,222.93,222.93,222.93,222.93,222.93,Standard,1,Units,USD,222.9300000000,222.93,222.9300000000,USD,,,Cloud Functions,Compute,Serverless Compute,SKU-1f3d545bbe89b071aadb87da,Subscription,SPRICE-8da912743cc626fc5239dec9,"{""x_ChargeType"": ""SubscriptionFee""}",//cloudfunctions.googleapis.com/projects/examplecorp-staging-552831/functions/fn-a6242367,fn-a6242367,Cloud Function,us-central1,Iowa,,,,,,,,,,,"{""environment"":""prod"",""cost-center"":""cc-2087"",""owner"":""team-platform""}"
Google Cloud,Google,Google Cloud,INV-2026-05-F70819,01A2B3-C4D5E6-F70819,ExampleCorp Billing - Primary,Billing Account,examplecorp-staging-552831,staging-platform,Project,2026-05-01T00:00:00Z,2026-06-01T00:00:00Z,2026-05-22T00:00:00Z,2026-05-23T00:00:00Z,Usage,,Monitoring data ingested,Usage-Based,29.85481314,29.85481314,33.1720146,29.85481314,0.2580000000,0.2322000000,Standard,128.5737,MiB,USD,0.2322000000,29.85481314,0.2580000000,USD,128.5737,MiB,Cloud Monitoring,Management and Governance,Observability,SKU-7ae4fc052f28901dffce70d1,Monitoring,SPRICE-57d21c7b60b5e5bed918393e,"{""x_DataType"":""Metrics""}",//monitoring.googleapis.com/projects/examplecorp-staging-552831/metricsScopes/mon-c75a3abc,mon-c75a3abc,Monitoring Workspace,us-east1,South Carolina,,,,,,,,,,,"{""environment"":""prod"",""cost-center"":""cc-3110"",""owner"":""team-platform""}"
Google Cloud,Google,Google Cloud,INV-2026-05-F70819,01A2B3-C4D5E6-F70819,ExampleCorp Billing - Primary,Billing Account,examplecorp-prod-481627,prod-platform,Project,2026-05-01T00:00:00Z,2026-06-01T00:00:00Z,2026-05-01T00:00:00Z,2026-06-01T00:00:00Z,Tax,,Synthetic tax 10% on usage record 15: Cloud Storage,One-Time,14.06189376,14.06189376,15.6243264,14.06189376,,,,,,USD,,14.06189376,,USD,,,Cloud Storage,Storage,Object Storage,,,,,,,,,,,,,,,,,,,,"{""environment"":""prod"",""cost-center"":""cc-3110"",""owner"":""team-payments""}"
Google Cloud,Google,Google Cloud,INV-2026-05-F70819,01A2B3-C4D5E6-F70819,ExampleCorp Billing - Primary,Billing Account,examplecorp-staging-552831,staging-platform,Project,2026-05-01T00:00:00Z,2026-06-01T00:00:00Z,2026-05-24T00:00:00Z,2026-05-25T00:00:00Z,Purchase,,Google Kubernetes Engine subscription fee,Recurring,413.24,413.24,413.24,413.24,413.24,413.24,Standard,1,Units,USD,413.2400000000,413.24,413.2400000000,USD,,,Google Kubernetes Engine,Compute,Containers,SKU-707b9eab7f55eb62e4cdda64,Subscription,SPRICE-da77de27bbea08ff0885cef1,"{""x_ChargeType"": ""SubscriptionFee""}",//container.googleapis.com/projects/examplecorp-staging-552831/clusters/gke-c6722208,gke-c6722208,GKE Cluster,asia-southeast1,Singapore,,,,,,,,,,,"{""environment"":""staging"",""cost-center"":""cc-3110"",""owner"":""team-data""}"
Google Cloud,Google,Google Cloud,INV-2026-05-F70819,01A2B3-C4D5E6-F70819,ExampleCorp Billing - Primary,Billing Account,examplecorp-sandbox-160942,sandbox-dev,Project,2026-05-01T00:00:00Z,2026-06-01T00:00:00Z,2026-05-13T16:00:00Z,2026-05-13T17:00:00Z,Usage,,Cloud SQL custom 4 vCPU,Usage-Based,0.18,0.18,0.2,0.18,0.2000000000,0.1800000000,Standard,1.0000,Hours,USD,0.1800000000,0.18,0.2000000000,USD,1.0000,Hours,Cloud SQL,Databases,Relational Databases,SKU-d90356e2a5d22b807727c289,Database,SPRICE-dedc6d4fdfe1a8a6142b961a,"{""InstanceType"":""db-custom-4-16384"",""CoreCount"":4,""MemorySize"":16,""x_Engine"":""PostgreSQL""}",//sqladmin.googleapis.com/projects/examplecorp-sandbox-160942/instances/sql-5213976b,sql-5213976b,Cloud SQL Instance,us-central1,Iowa,,,,,,,,,,,"{""environment"":""dev"",""cost-center"":""cc-2087"",""owner"":""team-payments""}"
Google Cloud,Google,Google Cloud,INV-2026-05-F70819,01A2B3-C4D5E6-F70819,ExampleCorp Billing - Primary,Billing Account,examplecorp-data-739104,data-analytics,Project,2026-05-01T00:00:00Z,2026-06-01T00:00:00Z,2026-05-26T00:00:00Z,2026-05-27T00:00:00Z,Usage,,On-demand query analysis,Usage-Based,278.8183125,278.8183125,309.798125,278.8183125,6.2500000000,5.6250000000,Standard,49.5677,TiB,USD,5.6250000000,278.8183125,6.2500000000,USD,49.5677,TiB,BigQuery,Databases,Data Warehouses,SKU-4f1f5c17ab1a3bad4c4e9805,Analysis,SPRICE-a8b87f9859524b369e02283b,"{""x_Edition"":""OnDemand""}",//bigquery.googleapis.com/projects/examplecorp-data-739104/datasets/ds_cba82ee7,ds_cba82ee7,BigQuery Dataset,us-central1,Iowa,,,,,,,,,,,"{""environment"":""prod"",""cost-center"":""cc-3110"",""owner"":""team-payments""}"
Google Cloud,Google,Google Cloud,INV-2026-05-A7B8C9,11C2D3-E4F506-A7B8C9,ExampleCorp Billing - Secondary,Billing Account,examplecorp-staging-552831,staging-platform,Project,2026-05-01T00:00:00Z,2026-06-01T00:00:00Z,2026-05-01T00:00:00Z,2026-06-01T00:00:00Z,Usage,,Standard storage,Usage-Based,135.7404408,135.7404408,150.822712,135.7404408,0.0200000000,0.0180000000,Standard,7541.1356,GB-Months,USD,0.0180000000,135.7404408,0.0200000000,USD,7541.1356,GB-Months,Cloud Storage,Storage,Object Storage,SKU-48e52b42c3a2a664e72c7c8d,Storage,SPRICE-acaf4d3f193ddc335413e7e0,"{""StorageClass"":""Standard""}",//storage.googleapis.com/projects/examplecorp-staging-552831/buckets/bucket-1e487282,bucket-1e487282,Storage Bucket,asia-southeast1,Singapore,,,,,,,,,,,"{""environment"":""staging"",""cost-center"":""cc-2087"",""owner"":""team-payments""}"
Google Cloud,Google,Google Cloud,INV-2026-05-F70819,01A2B3-C4D5E6-F70819,ExampleCorp Billing - Primary,Billing Account,examplecorp-sandbox-160942,sandbox-dev,Project,2026-05-01T00:00:00Z,2026-06-01T00:00:00Z,2026-05-01T00:00:00Z,2026-06-01T00:00:00Z,Usage,,Standard storage,Usage-Based,36.130338,36.130338,40.14482,36.130338,0.0200000000,0.0180000000,Standard,2007.2410,GB-Months,EUR,0.0165600000,33.23991096,0.0184000000,USD,2007.2410,GB-Months,Cloud Storage,Storage,Object Storage,SKU-d897913b7483a157db0c5b7e,Storage,SPRICE-8af574166ad33291b3f2a801,"{""StorageClass"":""Standard""}",//storage.googleapis.com/projects/examplecorp-sandbox-160942/buckets/bucket-e541751d,bucket-e541751d,Storage Bucket,europe-west1,Belgium,,,,,,,,,,,"{""environment"":""prod"",""cost-center"":""cc-3110"",""owner"":""team-payments""}"
Google Cloud,Google,Google Cloud,INV-2026-05-F70819,01A2B3-C4D5E6-F70819,ExampleCorp Billing - Primary,Billing Account,examplecorp-staging-552831,staging-platform,Project,2026-05-01T00:00:00Z,2026-06-01T00:00:00Z,2026-05-13T20:00:00Z,2026-05-13T21:00:00Z,Usage,,GKE node pool hours,Usage-Based,0.1206,0.1206,0.134,0.1206,0.1340000000,0.1206000000,Standard,1.0000,Hours,USD,0.1206000000,0.1206,0.1340000000,USD,1.0000,Hours,Google Kubernetes Engine,Compute,Containers,SKU-86068fdbce854432224e9db3,Compute,SPRICE-42acd32065a96a502913e8e4,"{""InstanceType"":""e2-standard-4"",""CoreCount"":4,""MemorySize"":16,""x_NodePool"":""default""}",//container.googleapis.com/projects/examplecorp-staging-552831/clusters/gke-fd736183,gke-fd736183,GKE Cluster,asia-southeast1,Singapore,,,,,,,,,,,"{""environment"":""prod"",""cost-center"":""cc-3110"",""owner"":""team-payments""}"
Google Cloud,Google,Google Cloud,INV-2026-05-F70819,01A2B3-C4D5E6-F70819,ExampleCorp Billing - Primary,Billing Account,examplecorp-staging-552831,staging-platform,Project,2026-05-01T00:00:00Z,2026-06-01T00:00:00Z,2026-05-14T00:00:00Z,2026-05-15T00:00:00Z,Tax,,Synthetic tax 10% on usage record 294: BigQuery,One-Time,11.32329375,11.32329375,12.5814375,11.32329375,,,,,,USD,,11.32329375,,USD,,,BigQuery,Databases,Data Warehouses,,,,,,,,,,,,,,,,,,,,"{""environment"":""dev"",""cost-center"":""cc-1042"",""owner"":""team-payments""}"
Google Cloud,Google,Google Cloud,INV-2026-05-F70819,01A2B3-C4D5E6-F70819,ExampleCorp Billing - Primary,Billing Account,examplecorp-data-739104,data-analytics,Project,2026-05-01T00:00:00Z,2026-06-01T00:00:00Z,2026-05-13T22:00:00Z,2026-05-13T23:00:00Z,Usage,,GKE node pool hours,Usage-Based,0.1206,0.1206,0.134,0.1206,0.1340000000,0.1206000000,Standard,1.0000,Hours,USD,0.1206000000,0.1206,0.1340000000,USD,1.0000,Hours,Google Kubernetes Engine,Compute,Containers,SKU-86068fdbce854432224e9db3,Compute,SPRICE-42acd32065a96a502913e8e4,"{""InstanceType"":""e2-standard-4"",""CoreCount"":4,""MemorySize"":16,""x_NodePool"":""default""}",//container.googleapis.com/projects/examplecorp-data-739104/clusters/gke-3721a59e,gke-3721a59e,GKE Cluster,asia-southeast1,Singapore,,,,,,,,,,,"{""environment"":""staging"",""cost-center"":""cc-1042"",""owner"":""team-data""}"
Google Cloud,Google,Google Cloud,INV-2026-05-A7B8C9,11C2D3-E4F506-A7B8C9,ExampleCorp Billing - Secondary,Billing Account,examplecorp-staging-552831,staging-platform,Project,2026-05-01T00:00:00Z,2026-06-01T00:00:00Z,2026-05-01T00:00:00Z,2026-06-01T00:00:00Z,Usage,,Standard storage,Usage-Based,6.7778514,6.7778514,7.530946,6.7778514,0.0200000000,0.0180000000,Standard,376.5473,GB-Months,USD,0.0180000000,6.7778514,0.0200000000,USD,376.5473,GB-Months,Cloud Storage,Storage,Object Storage,SKU-48e52b42c3a2a664e72c7c8d,Storage,SPRICE-acaf4d3f193ddc335413e7e0,"{""StorageClass"":""Standard""}",//storage.googleapis.com/projects/examplecorp-staging-552831/buckets/bucket-04c51aab,bucket-04c51aab,Storage Bucket,asia-southeast1,Singapore,,,,,,,,,,,"{""environment"":""staging"",""cost-center"":""cc-1042"",""owner"":""team-payments""}"
Google Cloud,Google,Google Cloud,INV-2026-05-A7B8C9,11C2D3-E4F506-A7B8C9,ExampleCorp Billing - Secondary,Billing Account,examplecorp-prod-481627,prod-platform,Project,2026-05-01T00:00:00Z,2026-06-01T00:00:00Z,2026-05-01T00:00:00Z,2026-06-01T00:00:00Z,Usage,,Standard storage,Usage-Based,40.362858,40.362858,44.84762,40.362858,0.0200000000,0.0180000000,Standard,2242.3810,GB-Months,USD,0.0180000000,40.362858,0.0200000000,USD,2242.3810,GB-Months,Cloud Storage,Storage,Object Storage,SKU-560ffe175cb39f91c531454c,Storage,SPRICE-3d050702dcbac978cb3acee9,"{""StorageClass"":""Standard""}",//storage.googleapis.com/projects/examplecorp-prod-481627/buckets/bucket-182ee5d0,bucket-182ee5d0,Storage Bucket,us-central1,Iowa,,,,,,,,,,,"{""environment"":""dev"",""cost-center"":""cc-2087"",""owner"":""team-data""}"
Google Cloud,Google,Google Cloud,INV-2026-05-F70819,01A2B3-C4D5E6-F70819,ExampleCorp Billing - Primary,Billing Account,examplecorp-sandbox-160942,sandbox-dev,Project,2026-05-01T00:00:00Z,2026-06-01T00:00:00Z,2026-05-01T00:00:00Z,2026-06-01T00:00:00Z,Usage,,Standard storage,Usage-Based,51.3809388,51.3809388,57.089932,51.3809388,0.0200000000,0.0180000000,Standard,2854.4966,GB-Months,USD,0.0180000000,51.3809388,0.0200000000,USD,2854.4966,GB-Months,Cloud Storage,Storage,Object Storage,SKU-48e52b42c3a2a664e72c7c8d,Storage,SPRICE-acaf4d3f193ddc335413e7e0,"{""StorageClass"":""Standard""}",//storage.googleapis.com/projects/examplecorp-sandbox-160942/buckets/bucket-8e0c7c00,bucket-8e0c7c00,Storage Bucket,asia-southeast1,Singapore,,,,,,,,,,,"{""environment"":""dev"",""cost-center"":""cc-1042"",""owner"":""team-platform""}"
Google Cloud,Google,Google Cloud,INV-2026-05-A7B8C9,11C2D3-E4F506-A7B8C9,ExampleCorp Billing - Secondary,Billing Account,examplecorp-sandbox-160942,sandbox-dev,Project,2026-05-01T00:00:00Z,2026-06-01T00:00:00Z,2026-05-07T00:00:00Z,2026-05-08T00:00:00Z,Purchase,,Compute Engine subscription fee,Recurring,773.55,773.55,773.55,773.55,773.55,773.55,Standard,1,Units,USD,773.5500000000,773.55,773.5500000000,USD,,,Compute Engine,Compute,Virtual Machines,SKU-dd27b0473c4b74f272c4078f,Subscription,SPRICE-0d4599b9f9ddf68fe43a1d13,"{""x_ChargeType"": ""SubscriptionFee""}",//compute.googleapis.com/projects/examplecorp-sandbox-160942/instances/instance-797f2755,instance-797f2755,Compute Instance,us-east1,South Carolina,,,,,,,,,,,"{""environment"":""staging"",""cost-center"":""cc-3110"",""owner"":""team-payments""}"
Google Cloud,Google,Google Cloud,INV-2026-05-A7B8C9,11C2D3-E4F506-A7B8C9,ExampleCorp Billing - Secondary,Billing Account,examplecorp-prod-481627,prod-platform,Project,2026-05-01T00:00:00Z,2026-06-01T00:00:00Z,2026-05-08T00:00:00Z,2026-05-09T00:00:00Z,Purchase,,Cloud SQL subscription fee,Recurring,49.3,49.3,49.3,49.3,49.3,49.3,Standard,1,Units,USD,49.3000000000,49.3,49.3000000000,USD,,,Cloud SQL,Databases,Relational Databases,SKU-6034bb0502ed188976c703ee,Subscription,SPRICE-a5e1509e96a8a24daae450d3,"{""x_ChargeType"": ""SubscriptionFee""}",//sqladmin.googleapis.com/projects/examplecorp-prod-481627/instances/sql-72f0bca2,sql-72f0bca2,Cloud SQL Instance,europe-west1,Belgium,,,,,,,,,,,"{""environment"":""prod"",""cost-center"":""cc-1042"",""owner"":""team-payments""}"
Google Cloud,Google,Google Cloud,INV-2026-05-A7B8C9,11C2D3-E4F506-A7B8C9,ExampleCorp Billing - Secondary,Billing Account,examplecorp-staging-552831,staging-platform,Project,2026-05-01T00:00:00Z,2026-06-01T00:00:00Z,2026-05-14T04:00:00Z,2026-05-14T05:00:00Z,Usage,,Cloud SQL custom 4 vCPU,Usage-Based,0.18,0.18,0.2,0.18,0.2000000000,0.1800000000,Standard,1.0000,Hours,USD,0.1800000000,0.18,0.2000000000,USD,1.0000,Hours,Cloud SQL,Databases,Relational Databases,SKU-d90356e2a5d22b807727c289,Database,SPRICE-dedc6d4fdfe1a8a6142b961a,"{""InstanceType"":""db-custom-4-16384"",""CoreCount"":4,""MemorySize"":16,""x_Engine"":""PostgreSQL""}",//sqladmin.googleapis.com/projects/examplecorp-staging-552831/instances/sql-ad75d895,sql-ad75d895,Cloud SQL Instance,us-central1,Iowa,,,,,,,,,,,"{""environment"":""dev"",""cost-center"":""cc-2087"",""owner"":""team-payments""}"
Google Cloud,Google,Google Cloud,INV-2026-05-A7B8C9,11C2D3-E4F506-A7B8C9,ExampleCorp Billing - Secondary,Billing Account,examplecorp-data-739104,data-analytics,Project,2026-05-01T00:00:00Z,2026-06-01T00:00:00Z,2026-05-14T05:00:00Z,2026-05-14T06:00:00Z,Usage,,Cloud Run vCPU allocation,Usage-Based,6.34589922312,6.34589922312,7.0509991368,6.34589922312,0.0000240000,0.0000216000,Standard,293791.6307,Core-Seconds,EUR,0.0000198720,5.8382272852704,0.0000220800,USD,293791.6307,Core-Seconds,Cloud Run,Compute,Serverless Compute,SKU-e75878aa18ba02097c5ad236,Compute,SPRICE-e2be25916080da9dcf5e0851,"{""x_Generation"":""gen2""}",//run.googleapis.com/projects/examplecorp-data-739104/services/svc-faa2b527,svc-faa2b527,Cloud Run Service,us-central1,Iowa,,,,,,,,,,,"{""environment"":""dev"",""cost-center"":""cc-2087"",""owner"":""team-payments""}"
Google Cloud,Google,Google Cloud,INV-2026-05-F70819,01A2B3-C4D5E6-F70819,ExampleCorp Billing - Primary,Billing Account,examplecorp-data-739104,data-analytics,Project,2026-05-01T00:00:00Z,2026-06-01T00:00:00Z,2026-05-11T00:00:00Z,2026-05-12T00:00:00Z,Usage,,On-demand query analysis,Usage-Based,44.1225,44.1225,49.025,44.1225,6.2500000000,5.6250000000,Standard,7.8440,TiB,USD,5.6250000000,44.1225,6.2500000000,USD,7.8440,TiB,BigQuery,Databases,Data Warehouses,SKU-e14c81c3b9dbfe726f5234cc,Analysis,SPRICE-a31e8b202bbc80cffe86259c,"{""x_Edition"":""OnDemand""}",//bigquery.googleapis.com/projects/examplecorp-data-739104/datasets/ds_d673043a,ds_d673043a,BigQuery Dataset,europe-west1,Belgium,,,,,,,,,,,"{""environment"":""staging"",""cost-center"":""cc-3110"",""owner"":""team-data""}"
Google Cloud,Google,Google Cloud,INV-2026-05-A7B8C9,11C2D3-E4F506-A7B8C9,ExampleCorp Billing - Secondary,Billing Account,examplecorp-sandbox-160942,sandbox-dev,Project,2026-05-01T00:00:00Z,2026-06-01T00:00:00Z,2026-05-12T00:00:00Z,2026-05-13T00:00:00Z,Usage,,On-demand query analysis,Usage-Based,221.1913125,221.1913125,245.768125,221.1913125,6.2500000000,5.6250000000,Standard,39.3229,TiB,USD,5.6250000000,221.1913125,6.2500000000,USD,39.3229,TiB,BigQuery,Databases,Data Warehouses,SKU-e14c81c3b9dbfe726f5234cc,Analysis,SPRICE-a31e8b202bbc80cffe86259c,"{""x_Edition"":""OnDemand""}",//bigquery.googleapis.com/projects/examplecorp-sandbox-160942/datasets/ds_6f5032fa,ds_6f5032fa,BigQuery Dataset,europe-west1,Belgium,,,,,,,,,,,"{""environment"":""prod"",""cost-center"":""cc-1042"",""owner"":""team-payments""}"
Google Cloud,Google,Google Cloud,INV-2026-05-A7B8C9,11C2D3-E4F506-A7B8C9,ExampleCorp Billing - Secondary,Billing Account,examplecorp-staging-552831,staging-platform,Project,2026-05-01T00:00:00Z,2026-06-01T00:00:00Z,2026-05-13T00:00:00Z,2026-05-14T00:00:00Z,Usage,,Monitoring data ingested,Usage-Based,44.31054024,44.31054024,49.2339336,44.31054024,0.2580000000,0.2322000000,Standard,190.8292,MiB,USD,0.2322000000,44.31054024,0.2580000000,USD,190.8292,MiB,Cloud Monitoring,Management and Governance,Observability,SKU-73cb6d01edef8d38d97bb589,Monitoring,SPRICE-d59530bdf3a44cc1ae1d78ff,"{""x_DataType"":""Metrics""}",//monitoring.googleapis.com/projects/examplecorp-staging-552831/metricsScopes/mon-9e86fe08,mon-9e86fe08,Monitoring Workspace,asia-southeast1,Singapore,,,,,,,,,,,"{""environment"":""dev"",""cost-center"":""cc-3110"",""owner"":""team-platform""}"
Google Cloud,Google,Google Cloud,INV-2026-05-F70819,01A2B3-C4D5E6-F70819,ExampleCorp Billing - Primary,Billing Account,examplecorp-data-739104,data-analytics,Project,2026-05-01T00:00:00Z,2026-06-01T00:00:00Z,2026-05-14T09:00:00Z,2026-05-14T10:00:00Z,Usage,,Function execution duration,Usage-Based,14.88694715685,14.88694715685,16.5410523965,14.88694715685,0.0000025000,0.0000022500,Standard,6616420.9586,GB-Seconds,USD,0.0000022500,14.88694715685,0.0000025000,USD,6616420.9586,GB-Seconds,Cloud Functions,Compute,Serverless Compute,SKU-8a24a01b926d78ddce5a4f53,Compute,SPRICE-7ca6b452df77a0dcdde4d036,"{""x_Runtime"":""python312"",""x_Generation"":""gen2""}",//cloudfunctions.googleapis.com/projects/examplecorp-data-739104/functions/fn-b4d94d64,fn-b4d94d64,Cloud Function,us-east1,South Carolina,,,,,,,,,,,"{""environment"":""dev"",""cost-center"":""cc-3110"",""owner"":""team-payments""}"
Google Cloud,Google,Google Cloud,INV-2026-05-F70819,01A2B3-C4D5E6-F70819,ExampleCorp Billing - Primary,Billing Account,examplecorp-prod-481627,prod-platform,Project,2026-05-01T00:00:00Z,2026-06-01T00:00:00Z,2026-05-15T00:00:00Z,2026-05-16T00:00:00Z,Usage,,On-demand query analysis,Usage-Based,0.1861875,0.1861875,0.206875,0.1861875,6.2500000000,5.6250000000,Standard,0.0331,TiB,USD,5.6250000000,0.1861875,6.2500000000,USD,0.0331,TiB,BigQuery,Databases,Data Warehouses,SKU-e14c81c3b9dbfe726f5234cc,Analysis,SPRICE-a31e8b202bbc80cffe86259c,"{""x_Edition"":""OnDemand""}",//bigquery.googleapis.com/projects/examplecorp-prod-481627/datasets/ds_b21cbef5,ds_b21cbef5,BigQuery Dataset,europe-west1,Belgium,,,,,,,,,,,"{""environment"":""dev"",""cost-center"":""cc-1042"",""owner"":""team-payments""}"
Google Cloud,Google,Google Cloud,INV-2026-05-F70819,01A2B3-C4D5E6-F70819,ExampleCorp Billing - Primary,Billing Account,examplecorp-prod-481627,prod-platform,Project,2026-05-01T00:00:00Z,2026-06-01T00:00:00Z,2026-05-14T11:00:00Z,2026-05-14T12:00:00Z,Usage,,e2-standard-4 running,Usage-Based,0.1206,0.1206,0.134,0.1206,0.1340000000,0.1206000000,Standard,1.0000,Hours,EUR,0.1109520000,0.110952,0.1232800000,USD,1.0000,Hours,Compute Engine,Compute,Virtual Machines,SKU-1badc439797b2cd5d91eaa22,Compute,SPRICE-b0cb72f9786f6d0aa8de1bc0,"{""InstanceType"":""e2-standard-4"",""InstanceSeries"":""E2"",""CoreCount"":4,""MemorySize"":16,""OperatingSystem"":""Linux"",""x_Preemptible"":""false""}",//compute.googleapis.com/projects/examplecorp-prod-481627/instances/instance-cde25709,instance-cde25709,Compute Instance,europe-west1,Belgium,europe-west1-c,,,,,,,,,,"{""environment"":""prod"",""cost-center"":""cc-2087"",""owner"":""team-payments""}"
Google Cloud,Google,Google Cloud,INV-2026-05-F70819,01A2B3-C4D5E6-F70819,ExampleCorp Billing - Primary,Billing Account,examplecorp-data-739104,data-analytics,Project,2026-05-01T00:00:00Z,2026-06-01T00:00:00Z,2026-05-14T12:00:00Z,2026-05-14T13:00:00Z,Usage,,e2-standard-4 running,Usage-Based,0.1206,0.1206,0.134,0.1206,0.1340000000,0.1206000000,Standard,1.0000,Hours,USD,0.1206000000,0.1206,0.1340000000,USD,1.0000,Hours,Compute Engine,Compute,Virtual Machines,SKU-c7f294f3dc4904208c787632,Compute,SPRICE-c8c1784c237a87edf1c3647d,"{""InstanceType"":""e2-standard-4"",""InstanceSeries"":""E2"",""CoreCount"":4,""MemorySize"":16,""OperatingSystem"":""Linux"",""x_Preemptible"":""false""}",//compute.googleapis.com/projects/examplecorp-data-739104/instances/instance-144197ce,instance-144197ce,Compute Instance,us-east1,South Carolina,us-east1-c,,,,,,,,,,"{""environment"":""prod"",""cost-center"":""cc-2087"",""owner"":""team-payments""}"
Google Cloud,Google,Google Cloud,INV-2026-05-A7B8C9,11C2D3-E4F506-A7B8C9,ExampleCorp Billing - Secondary,Billing Account,examplecorp-staging-552831,staging-platform,Project,2026-05-01T00:00:00Z,2026-06-01T00:00:00Z,2026-05-14T13:00:00Z,2026-05-14T14:00:00Z,Usage,,e2-standard-4 running,Usage-Based,0.1206,0.1206,0.134,0.1206,0.1340000000,0.1206000000,Standard,1.0000,Hours,USD,0.1206000000,0.1206,0.1340000000,USD,1.0000,Hours,Compute Engine,Compute,Virtual Machines,SKU-1f3d031b6a456d700dc64bbb,Compute,SPRICE-d8c574633874898080639a0f,"{""InstanceType"":""e2-standard-4"",""InstanceSeries"":""E2"",""CoreCount"":4,""MemorySize"":16,""OperatingSystem"":""Linux"",""x_Preemptible"":""false""}",//compute.googleapis.com/projects/examplecorp-staging-552831/instances/instance-ff1a8762,instance-ff1a8762,Compute Instance,asia-southeast1,Singapore,asia-southeast1-b,,,,,,,,,,"{""environment"":""staging"",""cost-center"":""cc-3110"",""owner"":""team-payments""}"
Google Cloud,Google,Google Cloud,INV-2026-05-F70819,01A2B3-C4D5E6-F70819,ExampleCorp Billing - Primary,Billing Account,examplecorp-data-739104,data-analytics,Project,2026-05-01T00:00:00Z,2026-06-01T00:00:00Z,2026-05-01T00:00:00Z,2026-06-01T00:00:00Z,Usage,,Standard storage,Usage-Based,140.2959906,140.2959906,155.884434,140.2959906,0.0200000000,0.0180000000,Standard,7794.2217,GB-Months,USD,0.0180000000,140.2959906,0.0200000000,USD,7794.2217,GB-Months,Cloud Storage,Storage,Object Storage,SKU-d897913b7483a157db0c5b7e,Storage,SPRICE-c7019451d3d2cfe060e67bf2,"{""StorageClass"":""Standard""}",//storage.googleapis.com/projects/examplecorp-data-739104/buckets/bucket-f8e91b01,bucket-f8e91b01,Storage Bucket,europe-west1,Belgium,,,,,,,,,,,"{""environment"":""staging"",""cost-center"":""cc-1042"",""owner"":""team-platform""}"
Google Cloud,Google,Google Cloud,INV-2026-05-F70819,01A2B3-C4D5E6-F70819,ExampleCorp Billing - Primary,Billing Account,examplecorp-prod-481627,prod-platform,Project,2026-05-01T00:00:00Z,2026-06-01T00:00:00Z,2026-05-20T00:00:00Z,2026-05-21T00:00:00Z,Purchase,,Google Kubernetes Engine subscription fee,Recurring,413.24,413.24,413.24,413.24,413.24,413.24,Standard,1,Units,USD,413.2400000000,413.24,413.2400000000,USD,,,Google Kubernetes Engine,Compute,Containers,SKU-707b9eab7f55eb62e4cdda64,Subscription,SPRICE-da77de27bbea08ff0885cef1,"{""x_ChargeType"": ""SubscriptionFee""}",//container.googleapis.com/projects/examplecorp-prod-481627/clusters/gke-169bedd6,gke-169bedd6,GKE Cluster,asia-southeast1,Singapore,,,,,,,,,,,"{""environment"":""dev"",""cost-center"":""cc-3110"",""owner"":""team-data""}"
Google Cloud,Google,Google Cloud,INV-2026-05-F70819,01A2B3-C4D5E6-F70819,ExampleCorp Billing - Primary,Billing Account,examplecorp-data-739104,data-analytics,Project,2026-05-01T00:00:00Z,2026-06-01T00:00:00Z,2026-05-14T16:00:00Z,2026-05-14T17:00:00Z,Usage,,Cloud SQL custom 4 vCPU,Usage-Based,0.18,0.18,0.2,0.18,0.2000000000,0.1800000000,Standard,1.0000,Hours,USD,0.1800000000,0.18,0.2000000000,USD,1.0000,Hours,Cloud SQL,Databases,Relational Databases,SKU-5a84ed2775b50d245d6fae1f,Database,SPRICE-df6d9a619dcef43326a41589,"{""InstanceType"":""db-custom-4-16384"",""CoreCount"":4,""MemorySize"":16,""x_Engine"":""PostgreSQL""}",//sqladmin.googleapis.com/projects/examplecorp-data-739104/instances/sql-dc18b8a9,sql-dc18b8a9,Cloud SQL Instance,asia-southeast1,Singapore,,,,,,,,,,,"{""environment"":""dev"",""cost-center"":""cc-3110"",""owner"":""team-payments""}"
Google Cloud,Google,Google Cloud,INV-2026-05-A7B8C9,11C2D3-E4F506-A7B8C9,ExampleCorp Billing - Secondary,Billing Account,examplecorp-staging-552831,staging-platform,Project,2026-05-01T00:00:00Z,2026-06-01T00:00:00Z,2026-05-22T00:00:00Z,2026-05-23T00:00:00Z,Purchase,,BigQuery subscription fee,Recurring,582.5,582.5,582.5,582.5,582.5,582.5,Standard,1,Units,USD,582.5000000000,582.5,582.5000000000,USD,,,BigQuery,Databases,Data Warehouses,SKU-05c5a061ec0a13b87528ac97,Subscription,SPRICE-2d847ab3d9e27b0e449f8bc5,"{""x_ChargeType"": ""SubscriptionFee""}",//bigquery.googleapis.com/projects/examplecorp-staging-552831/datasets/ds_8bc4a09d,ds_8bc4a09d,BigQuery Dataset,us-central1,Iowa,,,,,,,,,,,"{""environment"":""staging"",""cost-center"":""cc-2087"",""owner"":""team-data""}"
Google Cloud,Google,Google Cloud,INV-2026-05-A7B8C9,11C2D3-E4F506-A7B8C9,ExampleCorp Billing - Secondary,Billing Account,examplecorp-prod-481627,prod-platform,Project,2026-05-01T00:00:00Z,2026-06-01T00:00:00Z,2026-05-14T18:00:00Z,2026-05-14T19:00:00Z,Usage,,Cloud SQL custom 4 vCPU,Usage-Based,0.18,0.18,0.2,0.18,0.2000000000,0.1800000000,Standard,1.0000,Hours,USD,0.1800000000,0.18,0.2000000000,USD,1.0000,Hours,Cloud SQL,Databases,Relational Databases,SKU-d90356e2a5d22b807727c289,Database,SPRICE-dedc6d4fdfe1a8a6142b961a,"{""InstanceType"":""db-custom-4-16384"",""CoreCount"":4,""MemorySize"":16,""x_Engine"":""PostgreSQL""}",//sqladmin.googleapis.com/projects/examplecorp-prod-481627/instances/sql-c2943e46,sql-c2943e46,Cloud SQL Instance,us-central1,Iowa,,,,,,,,,,,"{""environment"":""dev"",""cost-center"":""cc-2087"",""owner"":""team-data""}"
Google Cloud,Google,Google Cloud,INV-2026-05-F70819,01A2B3-C4D5E6-F70819,ExampleCorp Billing - Primary,Billing Account,examplecorp-prod-481627,prod-platform,Project,2026-05-01T00:00:00Z,2026-06-01T00:00:00Z,2026-05-01T00:00:00Z,2026-06-01T00:00:00Z,Usage,,Standard storage,Usage-Based,142.9571178,142.9571178,158.841242,142.9571178,0.0200000000,0.0180000000,Standard,7942.0621,GB-Months,USD,0.0180000000,142.9571178,0.0200000000,USD,7942.0621,GB-Months,Cloud Storage,Storage,Object Storage,SKU-8b457763f3438a2efc35839d,Storage,SPRICE-e9607b4aba6714ae0874493f,"{""StorageClass"":""Standard""}",//storage.googleapis.com/projects/examplecorp-prod-481627/buckets/bucket-31c0c079,bucket-31c0c079,Storage Bucket,us-east1,South Carolina,,,,,,,,,,,"{""environment"":""dev"",""cost-center"":""cc-2087"",""owner"":""team-platform""}"
Google Cloud,Google,Google Cloud,INV-2026-05-F70819,01A2B3-C4D5E6-F70819,ExampleCorp Billing - Primary,Billing Account,examplecorp-data-739104,data-analytics,Project,2026-05-01T00:00:00Z,2026-06-01T00:00:00Z,2026-05-01T00:00:00Z,2026-06-01T00:00:00Z,Usage,,Standard storage,Usage-Based,14.8840002,14.8840002,16.537778,14.8840002,0.0200000000,0.0180000000,Standard,826.8889,GB-Months,USD,0.0180000000,14.8840002,0.0200000000,USD,826.8889,GB-Months,Cloud Storage,Storage,Object Storage,SKU-d897913b7483a157db0c5b7e,Storage,SPRICE-c7019451d3d2cfe060e67bf2,"{""StorageClass"":""Standard""}",//storage.googleapis.com/projects/examplecorp-data-739104/buckets/bucket-32b96b18,bucket-32b96b18,Storage Bucket,europe-west1,Belgium,,,,,,,,,,,"{""environment"":""prod"",""cost-center"":""cc-2087"",""owner"":""team-platform""}"
Google Cloud,Google,Google Cloud,INV-2026-05-F70819,01A2B3-C4D5E6-F70819,ExampleCorp Billing - Primary,Billing Account,examplecorp-prod-481627,prod-platform,Project,2026-05-01T00:00:00Z,2026-06-01T00:00:00Z,2026-05-18T00:00:00Z,2026-05-19T00:00:00Z,Tax,,Synthetic tax 10% on usage record 242: Cloud Monitoring,One-Time,6.57477783,6.57477783,7.3053087,6.57477783,,,,,,USD,,6.57477783,,USD,,,Cloud Monitoring,Management and Governance,Observability,,,,,,,,,,,,,,,,,,,,"{""environment"":""prod"",""cost-center"":""cc-1042"",""owner"":""team-platform""}"
Google Cloud,Google,Google Cloud,INV-2026-05-F70819,01A2B3-C4D5E6-F70819,ExampleCorp Billing - Primary,Billing Account,examplecorp-data-739104,data-analytics,Project,2026-05-01T00:00:00Z,2026-06-01T00:00:00Z,2026-05-27T00:00:00Z,2026-05-28T00:00:00Z,Usage,,Monitoring data ingested,Usage-Based,13.00201578,13.00201578,14.4466842,13.00201578,0.2580000000,0.2322000000,Standard,55.9949,MiB,USD,0.2322000000,13.00201578,0.2580000000,USD,55.9949,MiB,Cloud Monitoring,Management and Governance,Observability,SKU-73cb6d01edef8d38d97bb589,Monitoring,SPRICE-d59530bdf3a44cc1ae1d78ff,"{""x_DataType"":""Metrics""}",//monitoring.googleapis.com/projects/examplecorp-data-739104/metricsScopes/mon-e8a207ec,mon-e8a207ec,Monitoring Workspace,asia-southeast1,Singapore,,,,,,,,,,,"{""environment"":""prod"",""cost-center"":""cc-2087"",""owner"":""team-platform""}"
Google Cloud,Google,Google Cloud,INV-2026-05-A7B8C9,11C2D3-E4F506-A7B8C9,ExampleCorp Billing - Secondary,Billing Account,examplecorp-prod-481627,prod-platform,Project,2026-05-01T00:00:00Z,2026-06-01T00:00:00Z,2026-05-03T15:00:00Z,2026-05-03T16:00:00Z,Tax,,Synthetic tax 10% on usage record 64: Cloud Run,One-Time,6.247553614416,6.247553614416,6.94172623824,6.247553614416,,,,,,USD,,6.247553614416,,USD,,,Cloud Run,Compute,Serverless Compute,,,,,,,,,,,,,,,,,,,,"{""environment"":""staging"",""cost-center"":""cc-2087"",""owner"":""team-platform""}"
Google Cloud,Google,Google Cloud,INV-2026-05-F70819,01A2B3-C4D5E6-F70819,ExampleCorp Billing - Primary,Billing Account,examplecorp-data-739104,data-analytics,Project,2026-05-01T00:00:00Z,2026-06-01T00:00:00Z,2026-05-15T00:00:00Z,2026-05-15T01:00:00Z,Usage,,Function execution duration,Usage-Based,11.339910956475,11.339910956475,12.59990106275,11.339910956475,0.0000025000,0.0000022500,Standard,5039960.4251,GB-Seconds,USD,0.0000022500,11.339910956475,0.0000025000,USD,5039960.4251,GB-Seconds,Cloud Functions,Compute,Serverless Compute,SKU-eb71d7502d67eb15645ae724,Compute,SPRICE-29314eddd725ec87d1767584,"{""x_Runtime"":""python312"",""x_Generation"":""gen2""}",//cloudfunctions.googleapis.com/projects/examplecorp-data-739104/functions/fn-f7a850a9,fn-f7a850a9,Cloud Function,asia-southeast1,Singapore,,,,,,,,,,,"{""environment"":""dev"",""cost-center"":""cc-1042"",""owner"":""team-payments""}"
Google Cloud,Google,Google Cloud,INV-2026-05-F70819,01A2B3-C4D5E6-F70819,ExampleCorp Billing - Primary,Billing Account,examplecorp-data-739104,data-analytics,Project,2026-05-01T00:00:00Z,2026-06-01T00:00:00Z,2026-05-15T01:00:00Z,2026-05-15T02:00:00Z,Usage,,Function execution duration,Usage-Based,6.3244652148,6.3244652148,7.027183572,6.3244652148,0.0000025000,0.0000022500,Standard,2810873.4288,GB-Seconds,USD,0.0000022500,6.3244652148,0.0000025000,USD,2810873.4288,GB-Seconds,Cloud Functions,Compute,Serverless Compute,SKU-695ae4ac3664791d99311a2f,Compute,SPRICE-1660dde73d1cd143caedc47c,"{""x_Runtime"":""python312"",""x_Generation"":""gen2""}",//cloudfunctions.googleapis.com/projects/examplecorp-data-739104/functions/fn-5ec4c9a6,fn-5ec4c9a6,Cloud Function,us-central1,Iowa,,,,,,,,,,,"{""environment"":""staging"",""cost-center"":""cc-2087"",""owner"":""team-data""}"
Google Cloud,Google,Google Cloud,INV-2026-05-F70819,01A2B3-C4D5E6-F70819,ExampleCorp Billing - Primary,Billing Account,examplecorp-prod-481627,prod-platform,Project,2026-05-01T00:00:00Z,2026-06-01T00:00:00Z,2026-05-03T00:00:00Z,2026-05-04T00:00:00Z,Usage,,Monitoring data ingested,Usage-Based,37.4565303,37.4565303,41.618367,37.4565303,0.2580000000,0.2322000000,Standard,161.3115,MiB,USD,0.2322000000,37.4565303,0.2580000000,USD,161.3115,MiB,Cloud Monitoring,Management and Governance,Observability,SKU-73cb6d01edef8d38d97bb589,Monitoring,SPRICE-d59530bdf3a44cc1ae1d78ff,"{""x_DataType"":""Metrics""}",//monitoring.googleapis.com/projects/examplecorp-prod-481627/metricsScopes/mon-6c4d99c8,mon-6c4d99c8,Monitoring Workspace,asia-southeast1,Singapore,,,,,,,,,,,"{""environment"":""staging"",""cost-center"":""cc-2087"",""owner"":""team-platform""}"
Google Cloud,Google,Google Cloud,INV-2026-05-F70819,01A2B3-C4D5E6-F70819,ExampleCorp Billing - Primary,Billing Account,examplecorp-data-739104,data-analytics,Project,2026-05-01T00:00:00Z,2026-06-01T00:00:00Z,2026-05-15T03:00:00Z,2026-05-15T04:00:00Z,Usage,,e2-standard-4 running,Usage-Based,0.1206,0.1206,0.134,0.1206,0.1340000000,0.1206000000,Standard,1.0000,Hours,USD,0.1206000000,0.1206,0.1340000000,USD,1.0000,Hours,Compute Engine,Compute,Virtual Machines,SKU-1badc439797b2cd5d91eaa22,Compute,SPRICE-0e8670e23a7f9352bf5b81bc,"{""InstanceType"":""e2-standard-4"",""InstanceSeries"":""E2"",""CoreCount"":4,""MemorySize"":16,""OperatingSystem"":""Linux"",""x_Preemptible"":""false""}",//compute.googleapis.com/projects/examplecorp-data-739104/instances/instance-af349a35,instance-af349a35,Compute Instance,europe-west1,Belgium,europe-west1-c,,,,,,,,,,"{""environment"":""staging"",""cost-center"":""cc-3110"",""owner"":""team-platform""}"
Google Cloud,Google,Google Cloud,INV-2026-05-A7B8C9,11C2D3-E4F506-A7B8C9,ExampleCorp Billing - Secondary,Billing Account,examplecorp-sandbox-160942,sandbox-dev,Project,2026-05-01T00:00:00Z,2026-06-01T00:00:00Z,2026-05-15T04:00:00Z,2026-05-15T05:00:00Z,Usage,,Function execution duration,Usage-Based,10.96595746245,10.96595746245,12.1843971805,10.96595746245,0.0000025000,0.0000022500,Standard,4873758.8722,GB-Seconds,USD,0.0000022500,10.96595746245,0.0000025000,USD,4873758.8722,GB-Seconds,Cloud Functions,Compute,Serverless Compute,SKU-eb71d7502d67eb15645ae724,Compute,SPRICE-29314eddd725ec87d1767584,"{""x_Runtime"":""python312"",""x_Generation"":""gen2""}",//cloudfunctions.googleapis.com/projects/examplecorp-sandbox-160942/functions/fn-991bb120,fn-991bb120,Cloud Function,asia-southeast1,Singapore,,,,,,,,,,,"{""environment"":""dev"",""cost-center"":""cc-3110"",""owner"":""team-payments""}"
Google Cloud,Google,Google Cloud,INV-2026-05-A7B8C9,11C2D3-E4F506-A7B8C9,ExampleCorp Billing - Secondary,Billing Account,examplecorp-data-739104,data-analytics,Project,2026-05-01T00:00:00Z,2026-06-01T00:00:00Z,2026-05-15T05:00:00Z,2026-05-15T06:00:00Z,Usage,,GKE node pool hours,Usage-Based,0.1206,0.1206,0.134,0.1206,0.1340000000,0.1206000000,Standard,1.0000,Hours,USD,0.1206000000,0.1206,0.1340000000,USD,1.0000,Hours,Google Kubernetes Engine,Compute,Containers,SKU-744da1150ba9d05a7d420696,Compute,SPRICE-b339cc568228180dd7e687e6,"{""InstanceType"":""e2-standard-4"",""CoreCount"":4,""MemorySize"":16,""x_NodePool"":""default""}",//container.googleapis.com/projects/examplecorp-data-739104/clusters/gke-f10038dc,gke-f10038dc,GKE Cluster,us-east1,South Carolina,,,,,,,,,,,"{""environment"":""dev"",""cost-center"":""cc-3110"",""owner"":""team-payments""}"
Google Cloud,Google,Google Cloud,INV-2026-05-A7B8C9,11C2D3-E4F506-A7B8C9,ExampleCorp Billing - Secondary,Billing Account,examplecorp-data-739104,data-analytics,Project,2026-05-01T00:00:00Z,2026-06-01T00:00:00Z,2026-05-15T06:00:00Z,2026-05-15T07:00:00Z,Usage,,Cloud SQL custom 4 vCPU,Usage-Based,0.18,0.18,0.2,0.18,0.2000000000,0.1800000000,Standard,1.0000,Hours,USD,0.1800000000,0.18,0.2000000000,USD,1.0000,Hours,Cloud SQL,Databases,Relational Databases,SKU-0878e8a79fb464dcb2955125,Database,SPRICE-252613603489dea350c5ac8d,"{""InstanceType"":""db-custom-4-16384"",""CoreCount"":4,""MemorySize"":16,""x_Engine"":""PostgreSQL""}",//sqladmin.googleapis.com/projects/examplecorp-data-739104/instances/sql-d8d3d134,sql-d8d3d134,Cloud SQL Instance,europe-west1,Belgium,,,,,,,,,,,"{""environment"":""dev"",""cost-center"":""cc-1042"",""owner"":""team-platform""}"
Google Cloud,Google,Google Cloud,INV-2026-05-F70819,01A2B3-C4D5E6-F70819,ExampleCorp Billing - Primary,Billing Account,examplecorp-sandbox-160942,sandbox-dev,Project,2026-05-01T00:00:00Z,2026-06-01T00:00:00Z,2026-05-08T00:00:00Z,2026-05-09T00:00:00Z,Purchase,,Cloud Storage subscription fee,Recurring,335.87,335.87,335.87,335.87,335.87,335.87,Standard,1,Units,USD,335.8700000000,335.87,335.8700000000,USD,,,Cloud Storage,Storage,Object Storage,SKU-be58bc3916a59203e355f832,Subscription,SPRICE-070d41a91b4b9fbb98cbf617,"{""x_ChargeType"": ""SubscriptionFee""}",//storage.googleapis.com/projects/examplecorp-sandbox-160942/buckets/bucket-1504114c,bucket-1504114c,Storage Bucket,us-east1,South Carolina,,,,,,,,,,,"{""environment"":""prod"",""cost-center"":""cc-2087"",""owner"":""team-payments""}"
Google Cloud,Google,Google Cloud,INV-2026-05-F70819,01A2B3-C4D5E6-F70819,ExampleCorp Billing - Primary,Billing Account,examplecorp-data-739104,data-analytics,Project,2026-05-01T00:00:00Z,2026-06-01T00:00:00Z,2026-05-15T08:00:00Z,2026-05-15T09:00:00Z,Usage,,GKE node pool hours,Usage-Based,0.1206,0.1206,0.134,0.1206,0.1340000000,0.1206000000,Standard,1.0000,Hours,USD,0.1206000000,0.1206,0.1340000000,USD,1.0000,Hours,Google Kubernetes Engine,Compute,Containers,SKU-744da1150ba9d05a7d420696,Compute,SPRICE-b339cc568228180dd7e687e6,"{""InstanceType"":""e2-standard-4"",""CoreCount"":4,""MemorySize"":16,""x_NodePool"":""default""}",//container.googleapis.com/projects/examplecorp-data-739104/clusters/gke-d449ea34,gke-d449ea34,GKE Cluster,us-east1,South Carolina,,,,,,,,,,,"{""environment"":""prod"",""cost-center"":""cc-2087"",""owner"":""team-data""}"
Google Cloud,Google,Google Cloud,INV-2026-05-A7B8C9,11C2D3-E4F506-A7B8C9,ExampleCorp Billing - Secondary,Billing Account,examplecorp-prod-481627,prod-platform,Project,2026-05-01T00:00:00Z,2026-06-01T00:00:00Z,2026-05-10T00:00:00Z,2026-05-11T00:00:00Z,Usage,,Monitoring data ingested,Usage-Based,55.6119,55.6119,61.791,55.6119,0.2580000000,0.2322000000,Standard,239.5000,MiB,USD,0.2322000000,55.6119,0.2580000000,USD,239.5000,MiB,Cloud Monitoring,Management and Governance,Observability,SKU-7ae4fc052f28901dffce70d1,Monitoring,SPRICE-57d21c7b60b5e5bed918393e,"{""x_DataType"":""Metrics""}",//monitoring.googleapis.com/projects/examplecorp-prod-481627/metricsScopes/mon-4673b493,mon-4673b493,Monitoring Workspace,us-east1,South Carolina,,,,,,,,,,,"{""environment"":""prod"",""cost-center"":""cc-1042"",""owner"":""team-data""}"
Google Cloud,Google,Google Cloud,INV-2026-05-A7B8C9,11C2D3-E4F506-A7B8C9,ExampleCorp Billing - Secondary,Billing Account,examplecorp-sandbox-160942,sandbox-dev,Project,2026-05-01T00:00:00Z,2026-06-01T00:00:00Z,2026-05-15T10:00:00Z,2026-05-15T11:00:00Z,Usage,,Cloud Run vCPU allocation,Usage-Based,76.84051855104,76.84051855104,85.3783539456,76.84051855104,0.0000240000,0.0000216000,Standard,3557431.4144,Core-Seconds,USD,0.0000216000,76.84051855104,0.0000240000,USD,3557431.4144,Core-Seconds,Cloud Run,Compute,Serverless Compute,SKU-0828b68f352ea8761f8e1993,Compute,SPRICE-939cc729025fe8682a0f43e3,"{""x_Generation"":""gen2""}",//run.googleapis.com/projects/examplecorp-sandbox-160942/services/svc-91065b3b,svc-91065b3b,Cloud Run Service,europe-west1,Belgium,,,,,,,,,,,"{""environment"":""dev"",""cost-center"":""cc-3110"",""owner"":""team-data""}"
Google Cloud,Google,Google Cloud,INV-2026-05-A7B8C9,11C2D3-E4F506-A7B8C9,ExampleCorp Billing - Secondary,Billing Account,examplecorp-prod-481627,prod-platform,Project,2026-05-01T00:00:00Z,2026-06-01T00:00:00Z,2026-05-03T00:00:00Z,2026-05-04T00:00:00Z,Tax,,Synthetic tax 10% on usage record 59: BigQuery,One-Time,11.76283125,11.76283125,13.0698125,11.76283125,,,,,,EUR,,10.82180475,,USD,,,BigQuery,Databases,Data Warehouses,,,,,,,,,,,,,,,,,,,,"{""environment"":""dev"",""cost-center"":""cc-3110"",""owner"":""team-payments""}"
Google Cloud,Google,Google Cloud,INV-2026-05-A7B8C9,11C2D3-E4F506-A7B8C9,ExampleCorp Billing - Secondary,Billing Account,examplecorp-data-739104,data-analytics,Project,2026-05-01T00:00:00Z,2026-06-01T00:00:00Z,2026-05-01T00:00:00Z,2026-06-01T00:00:00Z,Usage,,Standard storage,Usage-Based,126.483426,126.483426,140.53714,126.483426,0.0200000000,0.0180000000,Standard,7026.8570,GB-Months,EUR,0.0165600000,116.36475192,0.0184000000,USD,7026.8570,GB-Months,Cloud Storage,Storage,Object Storage,SKU-d897913b7483a157db0c5b7e,Storage,SPRICE-8af574166ad33291b3f2a801,"{""StorageClass"":""Standard""}",//storage.googleapis.com/projects/examplecorp-data-739104/buckets/bucket-36e2de63,bucket-36e2de63,Storage Bucket,europe-west1,Belgium,,,,,,,,,,,"{""environment"":""staging"",""cost-center"":""cc-2087"",""owner"":""team-platform""}"
Google Cloud,Google,Google Cloud,INV-2026-05-A7B8C9,11C2D3-E4F506-A7B8C9,ExampleCorp Billing - Secondary,Billing Account,examplecorp-sandbox-160942,sandbox-dev,Project,2026-05-01T00:00:00Z,2026-06-01T00:00:00Z,2026-05-10T00:00:00Z,2026-05-11T00:00:00Z,Tax,,Synthetic tax 10% on usage record 10: BigQuery,One-Time,21.55370625,21.55370625,23.9485625,21.55370625,,,,,,EUR,,19.82940975,,USD,,,BigQuery,Databases,Data Warehouses,,,,,,,,,,,,,,,,,,,,"{""environment"":""staging"",""cost-center"":""cc-2087"",""owner"":""team-platform""}"
Google Cloud,Google,Google Cloud,INV-2026-05-F70819,01A2B3-C4D5E6-F70819,ExampleCorp Billing - Primary,Billing Account,examplecorp-sandbox-160942,sandbox-dev,Project,2026-05-01T00:00:00Z,2026-06-01T00:00:00Z,2026-05-15T14:00:00Z,2026-05-15T15:00:00Z,Usage,,Cloud Run vCPU allocation,Usage-Based,95.45754855024,95.45754855024,106.0639428336,95.45754855024,0.0000240000,0.0000216000,Standard,4419330.9514,Core-Seconds,USD,0.0000216000,95.45754855024,0.0000240000,USD,4419330.9514,Core-Seconds,Cloud Run,Compute,Serverless Compute,SKU-fc6a19d63f2363e917267178,Compute,SPRICE-0d6d39e6df512f4876c539aa,"{""x_Generation"":""gen2""}",//run.googleapis.com/projects/examplecorp-sandbox-160942/services/svc-ddc157ee,svc-ddc157ee,Cloud Run Service,us-east1,South Carolina,,,,,,,,,,,"{""environment"":""staging"",""cost-center"":""cc-1042"",""owner"":""team-payments""}"
Google Cloud,Google,Google Cloud,INV-2026-05-F70819,01A2B3-C4D5E6-F70819,ExampleCorp Billing - Primary,Billing Account,examplecorp-prod-481627,prod-platform,Project,2026-05-01T00:00:00Z,2026-06-01T00:00:00Z,2026-05-15T15:00:00Z,2026-05-15T16:00:00Z,Usage,,Function execution duration,Usage-Based,7.090178622975,7.090178622975,7.87797624775,7.090178622975,0.0000025000,0.0000022500,Standard,3151190.4991,GB-Seconds,EUR,0.0000020700,6.522964333137,0.0000023000,USD,3151190.4991,GB-Seconds,Cloud Functions,Compute,Serverless Compute,SKU-695ae4ac3664791d99311a2f,Compute,SPRICE-6a1274cf3c2ef70d4dd44ba0,"{""x_Runtime"":""python312"",""x_Generation"":""gen2""}",//cloudfunctions.googleapis.com/projects/examplecorp-prod-481627/functions/fn-ecf2cdf9,fn-ecf2cdf9,Cloud Function,us-central1,Iowa,,,,,,,,,,,"{""environment"":""staging"",""cost-center"":""cc-3110"",""owner"":""team-platform""}"
Google Cloud,Google,Google Cloud,INV-2026-05-A7B8C9,11C2D3-E4F506-A7B8C9,ExampleCorp Billing - Secondary,Billing Account,examplecorp-prod-481627,prod-platform,Project,2026-05-01T00:00:00Z,2026-06-01T00:00:00Z,2026-05-01T00:00:00Z,2026-06-01T00:00:00Z,Usage,,Standard storage,Usage-Based,99.461637,99.461637,110.51293,99.461637,0.0200000000,0.0180000000,Standard,5525.6465,GB-Months,USD,0.0180000000,99.461637,0.0200000000,USD,5525.6465,GB-Months,Cloud Storage,Storage,Object Storage,SKU-d897913b7483a157db0c5b7e,Storage,SPRICE-c7019451d3d2cfe060e67bf2,"{""StorageClass"":""Standard""}",//storage.googleapis.com/projects/examplecorp-prod-481627/buckets/bucket-fd971399,bucket-fd971399,Storage Bucket,europe-west1,Belgium,,,,,,,,,,,"{""environment"":""prod"",""cost-center"":""cc-2087"",""owner"":""team-payments""}"
Google Cloud,Google,Google Cloud,INV-2026-05-F70819,01A2B3-C4D5E6-F70819,ExampleCorp Billing - Primary,Billing Account,examplecorp-data-739104,data-analytics,Project,2026-05-01T00:00:00Z,2026-06-01T00:00:00Z,2026-05-15T17:00:00Z,2026-05-15T18:00:00Z,Usage,,GKE node pool hours,Usage-Based,0.1206,0.1206,0.134,0.1206,0.1340000000,0.1206000000,Standard,1.0000,Hours,USD,0.1206000000,0.1206,0.1340000000,USD,1.0000,Hours,Google Kubernetes Engine,Compute,Containers,SKU-744da1150ba9d05a7d420696,Compute,SPRICE-b339cc568228180dd7e687e6,"{""InstanceType"":""e2-standard-4"",""CoreCount"":4,""MemorySize"":16,""x_NodePool"":""default""}",//container.googleapis.com/projects/examplecorp-data-739104/clusters/gke-e5b3a9cc,gke-e5b3a9cc,GKE Cluster,us-east1,South Carolina,,,,,,,,,,,"{""environment"":""dev"",""cost-center"":""cc-1042"",""owner"":""team-data""}"
Google Cloud,Google,Google Cloud,INV-2026-05-F70819,01A2B3-C4D5E6-F70819,ExampleCorp Billing - Primary,Billing Account,examplecorp-data-739104,data-analytics,Project,2026-05-01T00:00:00Z,2026-06-01T00:00:00Z,2026-05-19T00:00:00Z,2026-05-20T00:00:00Z,Usage,,On-demand query analysis,Usage-Based,271.3005,271.3005,301.445,271.3005,6.2500000000,5.6250000000,Standard,48.2312,TiB,USD,5.6250000000,271.3005,6.2500000000,USD,48.2312,TiB,BigQuery,Databases,Data Warehouses,SKU-4f1f5c17ab1a3bad4c4e9805,Analysis,SPRICE-a8b87f9859524b369e02283b,"{""x_Edition"":""OnDemand""}",//bigquery.googleapis.com/projects/examplecorp-data-739104/datasets/ds_71d9dece,ds_71d9dece,BigQuery Dataset,us-central1,Iowa,,,,,,,,,,,"{""environment"":""staging"",""cost-center"":""cc-3110"",""owner"":""team-data""}"
Google Cloud,Google,Google Cloud,INV-2026-05-A7B8C9,11C2D3-E4F506-A7B8C9,ExampleCorp Billing - Secondary,Billing Account,examplecorp-data-739104,data-analytics,Project,2026-05-01T00:00:00Z,2026-06-01T00:00:00Z,2026-05-20T00:00:00Z,2026-05-21T00:00:00Z,Usage,,On-demand query analysis,Usage-Based,43.259625,43.259625,48.06625,43.259625,6.2500000000,5.6250000000,Standard,7.6906,TiB,USD,5.6250000000,43.259625,6.2500000000,USD,7.6906,TiB,BigQuery,Databases,Data Warehouses,SKU-4f1f5c17ab1a3bad4c4e9805,Analysis,SPRICE-a8b87f9859524b369e02283b,"{""x_Edition"":""OnDemand""}",//bigquery.googleapis.com/projects/examplecorp-data-739104/datasets/ds_b8690911,ds_b8690911,BigQuery Dataset,us-central1,Iowa,,,,,,,,,,,"{""environment"":""staging"",""cost-center"":""cc-1042"",""owner"":""team-platform""}"
Google Cloud,Google,Google Cloud,INV-2026-05-A7B8C9,11C2D3-E4F506-A7B8C9,ExampleCorp Billing - Secondary,Billing Account,examplecorp-prod-481627,prod-platform,Project,2026-05-01T00:00:00Z,2026-06-01T00:00:00Z,2026-05-15T20:00:00Z,2026-05-15T21:00:00Z,Usage,,Cloud SQL custom 4 vCPU,Usage-Based,0.18,0.18,0.2,0.18,0.2000000000,0.1800000000,Standard,1.0000,Hours,USD,0.1800000000,0.18,0.2000000000,USD,1.0000,Hours,Cloud SQL,Databases,Relational Databases,SKU-d90356e2a5d22b807727c289,Database,SPRICE-dedc6d4fdfe1a8a6142b961a,"{""InstanceType"":""db-custom-4-16384"",""CoreCount"":4,""MemorySize"":16,""x_Engine"":""PostgreSQL""}",//sqladmin.googleapis.com/projects/examplecorp-prod-481627/instances/sql-de234e4b,sql-de234e4b,Cloud SQL Instance,us-central1,Iowa,,,,,,,,,,,"{""environment"":""staging"",""cost-center"":""cc-1042"",""owner"":""team-platform""}"
Google Cloud,Google,Google Cloud,INV-2026-05-A7B8C9,11C2D3-E4F506-A7B8C9,ExampleCorp Billing - Secondary,Billing Account,examplecorp-staging-552831,staging-platform,Project,2026-05-01T00:00:00Z,2026-06-01T00:00:00Z,2026-05-15T21:00:00Z,2026-05-15T22:00:00Z,Usage,,e2-standard-4 running,Usage-Based,0.1206,0.1206,0.134,0.1206,0.1340000000,0.1206000000,Standard,1.0000,Hours,USD,0.1206000000,0.1206,0.1340000000,USD,1.0000,Hours,Compute Engine,Compute,Virtual Machines,SKU-1f3d031b6a456d700dc64bbb,Compute,SPRICE-d8c574633874898080639a0f,"{""InstanceType"":""e2-standard-4"",""InstanceSeries"":""E2"",""CoreCount"":4,""MemorySize"":16,""OperatingSystem"":""Linux"",""x_Preemptible"":""false""}",//compute.googleapis.com/projects/examplecorp-staging-552831/instances/instance-0b8ed29e,instance-0b8ed29e,Compute Instance,asia-southeast1,Singapore,asia-southeast1-b,,,,,,,,,,"{""environment"":""dev"",""cost-center"":""cc-3110"",""owner"":""team-platform""}"
Google Cloud,Google,Google Cloud,INV-2026-05-F70819,01A2B3-C4D5E6-F70819,ExampleCorp Billing - Primary,Billing Account,examplecorp-data-739104,data-analytics,Project,2026-05-01T00:00:00Z,2026-06-01T00:00:00Z,2026-05-01T00:00:00Z,2026-06-01T00:00:00Z,Usage,,Standard storage,Usage-Based,81.2785284,81.2785284,90.309476,81.2785284,0.0200000000,0.0180000000,Standard,4515.4738,GB-Months,USD,0.0180000000,81.2785284,0.0200000000,USD,4515.4738,GB-Months,Cloud Storage,Storage,Object Storage,SKU-d897913b7483a157db0c5b7e,Storage,SPRICE-c7019451d3d2cfe060e67bf2,"{""StorageClass"":""Standard""}",//storage.googleapis.com/projects/examplecorp-data-739104/buckets/bucket-03d9d3e1,bucket-03d9d3e1,Storage Bucket,europe-west1,Belgium,,,,,,,,,,,"{""environment"":""staging"",""cost-center"":""cc-2087"",""owner"":""team-platform""}"
Google Cloud,Google,Google Cloud,INV-2026-05-A7B8C9,11C2D3-E4F506-A7B8C9,ExampleCorp Billing - Secondary,Billing Account,examplecorp-sandbox-160942,sandbox-dev,Project,2026-05-01T00:00:00Z,2026-06-01T00:00:00Z,2026-05-08T09:00:00Z,2026-05-08T10:00:00Z,Tax,,Synthetic tax 10% on usage record 178: Cloud Functions,One-Time,0.368489736495,0.368489736495,0.40943304055,0.368489736495,,,,,,USD,,0.368489736495,,USD,,,Cloud Functions,Compute,Serverless Compute,,,,,,,,,,,,,,,,,,,,"{""environment"":""staging"",""cost-center"":""cc-1042"",""owner"":""team-payments""}"
Google Cloud,Google,Google Cloud,INV-2026-05-A7B8C9,11C2D3-E4F506-A7B8C9,ExampleCorp Billing - Secondary,Billing Account,examplecorp-sandbox-160942,sandbox-dev,Project,2026-05-01T00:00:00Z,2026-06-01T00:00:00Z,2026-05-01T00:00:00Z,2026-06-01T00:00:00Z,Tax,,Synthetic tax 10% on usage record 187: Cloud Storage,One-Time,10.05165324,10.05165324,11.1685036,10.05165324,,,,,,USD,,10.05165324,,USD,,,Cloud Storage,Storage,Object Storage,,,,,,,,,,,,,,,,,,,,"{""environment"":""dev"",""cost-center"":""cc-3110"",""owner"":""team-data""}"
Google Cloud,Google,Google Cloud,INV-2026-05-F70819,01A2B3-C4D5E6-F70819,ExampleCorp Billing - Primary,Billing Account,examplecorp-staging-552831,staging-platform,Project,2026-05-01T00:00:00Z,2026-06-01T00:00:00Z,2026-05-26T00:00:00Z,2026-05-27T00:00:00Z,Usage,,Monitoring data ingested,Usage-Based,45.3747825,45.3747825,50.416425,45.3747825,0.2580000000,0.2322000000,Standard,195.4125,MiB,USD,0.2322000000,45.3747825,0.2580000000,USD,195.4125,MiB,Cloud Monitoring,Management and Governance,Observability,SKU-7ae4fc052f28901dffce70d1,Monitoring,SPRICE-57d21c7b60b5e5bed918393e,"{""x_DataType"":""Metrics""}",//monitoring.googleapis.com/projects/examplecorp-staging-552831/metricsScopes/mon-00257b45,mon-00257b45,Monitoring Workspace,us-east1,South Carolina,,,,,,,,,,,"{""environment"":""prod"",""cost-center"":""cc-1042"",""owner"":""team-platform""}"
Google Cloud,Google,Google Cloud,INV-2026-05-A7B8C9,11C2D3-E4F506-A7B8C9,ExampleCorp Billing - Secondary,Billing Account,examplecorp-prod-481627,prod-platform,Project,2026-05-01T00:00:00Z,2026-06-01T00:00:00Z,2026-05-27T00:00:00Z,2026-05-28T00:00:00Z,Usage,,Monitoring data ingested,Usage-Based,43.48620702,43.48620702,48.3180078,43.48620702,0.2580000000,0.2322000000,Standard,187.2791,MiB,USD,0.2322000000,43.48620702,0.2580000000,USD,187.2791,MiB,Cloud Monitoring,Management and Governance,Observability,SKU-f2290c09e5e6212780d60874,Monitoring,SPRICE-d43771be279a84180443f7fd,"{""x_DataType"":""Metrics""}",//monitoring.googleapis.com/projects/examplecorp-prod-481627/metricsScopes/mon-05c4e0ab,mon-05c4e0ab,Monitoring Workspace,us-central1,Iowa,,,,,,,,,,,"{""environment"":""staging"",""cost-center"":""cc-1042"",""owner"":""team-data""}"
Google Cloud,Google,Google Cloud,INV-2026-05-A7B8C9,11C2D3-E4F506-A7B8C9,ExampleCorp Billing - Secondary,Billing Account,examplecorp-data-739104,data-analytics,Project,2026-05-01T00:00:00Z,2026-06-01T00:00:00Z,2026-05-28T00:00:00Z,2026-05-29T00:00:00Z,Purchase,,Cloud SQL subscription fee,Recurring,128.27,128.27,128.27,128.27,128.27,128.27,Standard,1,Units,USD,128.2700000000,128.27,128.2700000000,USD,,,Cloud SQL,Databases,Relational Databases,SKU-36d0c9ca715b5f8815046661,Subscription,SPRICE-d9847cff3121a3ba28b6dd21,"{""x_ChargeType"": ""SubscriptionFee""}",//sqladmin.googleapis.com/projects/examplecorp-data-739104/instances/sql-ab276c99,sql-ab276c99,Cloud SQL Instance,asia-southeast1,Singapore,,,,,,,,,,,"{""environment"":""staging"",""cost-center"":""cc-2087"",""owner"":""team-platform""}"
Google Cloud,Google,Google Cloud,INV-2026-05-A7B8C9,11C2D3-E4F506-A7B8C9,ExampleCorp Billing - Secondary,Billing Account,examplecorp-sandbox-160942,sandbox-dev,Project,2026-05-01T00:00:00Z,2026-06-01T00:00:00Z,2026-05-16T04:00:00Z,2026-05-16T05:00:00Z,Usage,,GKE node pool hours,Usage-Based,0.1206,0.1206,0.134,0.1206,0.1340000000,0.1206000000,Standard,1.0000,Hours,USD,0.1206000000,0.1206,0.1340000000,USD,1.0000,Hours,Google Kubernetes Engine,Compute,Containers,SKU-744da1150ba9d05a7d420696,Compute,SPRICE-b339cc568228180dd7e687e6,"{""InstanceType"":""e2-standard-4"",""CoreCount"":4,""MemorySize"":16,""x_NodePool"":""default""}",//container.googleapis.com/projects/examplecorp-sandbox-160942/clusters/gke-eb326b52,gke-eb326b52,GKE Cluster,us-east1,South Carolina,,,,,,,,,,,"{""environment"":""prod"",""cost-center"":""cc-1042"",""owner"":""team-data""}"
Google Cloud,Google,Google Cloud,INV-2026-05-A7B8C9,11C2D3-E4F506-A7B8C9,ExampleCorp Billing - Secondary,Billing Account,examplecorp-staging-552831,staging-platform,Project,2026-05-01T00:00:00Z,2026-06-01T00:00:00Z,2026-05-01T00:00:00Z,2026-06-01T00:00:00Z,Usage,,Standard storage,Usage-Based,101.2870944,101.2870944,112.541216,101.2870944,0.0200000000,0.0180000000,Standard,5627.0608,GB-Months,USD,0.0180000000,101.2870944,0.0200000000,USD,5627.0608,GB-Months,Cloud Storage,Storage,Object Storage,SKU-48e52b42c3a2a664e72c7c8d,Storage,SPRICE-acaf4d3f193ddc335413e7e0,"{""StorageClass"":""Standard""}",//storage.googleapis.com/projects/examplecorp-staging-552831/buckets/bucket-e42b28d1,bucket-e42b28d1,Storage Bucket,asia-southeast1,Singapore,,,,,,,,,,,"{""environment"":""staging"",""cost-center"":""cc-2087"",""owner"":""team-platform""}"
Google Cloud,Google,Google Cloud,INV-2026-05-A7B8C9,11C2D3-E4F506-A7B8C9,ExampleCorp Billing - Secondary,Billing Account,examplecorp-staging-552831,staging-platform,Project,2026-05-01T00:00:00Z,2026-06-01T00:00:00Z,2026-05-16T06:00:00Z,2026-05-16T07:00:00Z,Purchase,,"Committed Use Discount commitment, amortised for the charge period",Recurring,0.089378,0,0.089378,0.089378,1,1,Standard,0.089378,USD,USD,1.0000000000,0,1.0000000000,USD,,,Compute Engine,Compute,Virtual Machines,SKU-880461744ae7dc6f28c610ff,Commitment,SPRICE-cd10293702748318dd6c7dfd,"{""x_Plan"":""TWELVE_MONTH"",""x_Type"":""COMPUTE_OPTIMIZED""}",//compute.googleapis.com/projects/examplecorp-staging-552831/regions/europe-west1/commitments/cud-65a01ccb76,cud-b74fbb98b4,Committed Use Discount,europe-west1,Belgium,,//compute.googleapis.com/projects/examplecorp-staging-552831/regions/europe-west1/commitments/cud-65a01ccb76,SpendBasedCUD-1yr,Spend,Committed Use Discount,,0.089378,USD,,,"{""environment"":""prod"",""cost-center"":""cc-3110"",""owner"":""team-data""}"
Google Cloud,Google,Google Cloud,INV-2026-05-A7B8C9,11C2D3-E4F506-A7B8C9,ExampleCorp Billing - Secondary,Billing Account,examplecorp-staging-552831,staging-platform,Project,2026-05-01T00:00:00Z,2026-06-01T00:00:00Z,2026-05-16T06:00:00Z,2026-05-16T07:00:00Z,Usage,,Compute Engine committed usage,Usage-Based,0,0.089378,0.134,0.1206,0.1340000000,0.1206000000,Committed,1,Hours,USD,0.1206000000,0.089378,0.1340000000,USD,1,Hours,Compute Engine,Compute,Virtual Machines,SKU-1badc439797b2cd5d91eaa22,Compute,SPRICE-0e8670e23a7f9352bf5b81bc,"{""InstanceType"":""e2-standard-4"",""InstanceSeries"":""E2"",""CoreCount"":4,""MemorySize"":16,""OperatingSystem"":""Linux"",""x_Preemptible"":""false""}",//compute.googleapis.com/projects/examplecorp-staging-552831/instances/instance-0000e83350,instance-0000e83350,Compute Instance,europe-west1,Belgium,europe-west1-c,//compute.googleapis.com/projects/examplecorp-staging-552831/regions/europe-west1/commitments/cud-65a01ccb76,SpendBasedCUD-1yr,Spend,Committed Use Discount,Used,0.089378,USD,,,"{""environment"":""prod"",""cost-center"":""cc-2087"",""owner"":""team-data""}"
Google Cloud,Google,Google Cloud,INV-2026-05-A7B8C9,11C2D3-E4F506-A7B8C9,ExampleCorp Billing - Secondary,Billing Account,examplecorp-staging-552831,staging-platform,Project,2026-05-01T00:00:00Z,2026-06-01T00:00:00Z,2026-05-16T07:00:00Z,2026-05-16T08:00:00Z,Purchase,,"Committed Use Discount commitment, amortised for the charge period",Recurring,0.089378,0,0.089378,0.089378,1,1,Standard,0.089378,USD,USD,1.0000000000,0,1.0000000000,USD,,,Compute Engine,Compute,Virtual Machines,SKU-880461744ae7dc6f28c610ff,Commitment,SPRICE-cd10293702748318dd6c7dfd,"{""x_Plan"":""TWELVE_MONTH"",""x_Type"":""COMPUTE_OPTIMIZED""}",//compute.googleapis.com/projects/examplecorp-staging-552831/regions/europe-west1/commitments/cud-65a01ccb76,cud-b74fbb98b4,Committed Use Discount,europe-west1,Belgium,,//compute.googleapis.com/projects/examplecorp-staging-552831/regions/europe-west1/commitments/cud-65a01ccb76,SpendBasedCUD-1yr,Spend,Committed Use Discount,,0.089378,USD,,,"{""environment"":""dev"",""cost-center"":""cc-2087"",""owner"":""team-payments""}"
Google Cloud,Google,Google Cloud,INV-2026-05-A7B8C9,11C2D3-E4F506-A7B8C9,ExampleCorp Billing - Secondary,Billing Account,examplecorp-staging-552831,staging-platform,Project,2026-05-01T00:00:00Z,2026-06-01T00:00:00Z,2026-05-16T07:00:00Z,2026-05-16T08:00:00Z,Usage,,Compute Engine committed usage,Usage-Based,0,0.089378,0.134,0.1206,0.1340000000,0.1206000000,Committed,1,Hours,USD,0.1206000000,0.089378,0.1340000000,USD,1,Hours,Compute Engine,Compute,Virtual Machines,SKU-1badc439797b2cd5d91eaa22,Compute,SPRICE-0e8670e23a7f9352bf5b81bc,"{""InstanceType"":""e2-standard-4"",""InstanceSeries"":""E2"",""CoreCount"":4,""MemorySize"":16,""OperatingSystem"":""Linux"",""x_Preemptible"":""false""}",//compute.googleapis.com/projects/examplecorp-staging-552831/instances/instance-000154c9ec,instance-000154c9ec,Compute Instance,europe-west1,Belgium,europe-west1-c,//compute.googleapis.com/projects/examplecorp-staging-552831/regions/europe-west1/commitments/cud-65a01ccb76,SpendBasedCUD-1yr,Spend,Committed Use Discount,Used,0.089378,USD,,,"{""environment"":""dev"",""cost-center"":""cc-1042"",""owner"":""team-data""}"
Google Cloud,Google,Google Cloud,INV-2026-05-A7B8C9,11C2D3-E4F506-A7B8C9,ExampleCorp Billing - Secondary,Billing Account,examplecorp-staging-552831,staging-platform,Project,2026-05-01T00:00:00Z,2026-06-01T00:00:00Z,2026-05-16T08:00:00Z,2026-05-16T09:00:00Z,Purchase,,"Committed Use Discount commitment, amortised for the charge period",Recurring,0.089378,0,0.089378,0.089378,1,1,Standard,0.089378,USD,USD,1.0000000000,0,1.0000000000,USD,,,Compute Engine,Compute,Virtual Machines,SKU-880461744ae7dc6f28c610ff,Commitment,SPRICE-cd10293702748318dd6c7dfd,"{""x_Plan"":""TWELVE_MONTH"",""x_Type"":""COMPUTE_OPTIMIZED""}",//compute.googleapis.com/projects/examplecorp-staging-552831/regions/europe-west1/commitments/cud-65a01ccb76,cud-b74fbb98b4,Committed Use Discount,europe-west1,Belgium,,//compute.googleapis.com/projects/examplecorp-staging-552831/regions/europe-west1/commitments/cud-65a01ccb76,SpendBasedCUD-1yr,Spend,Committed Use Discount,,0.089378,USD,,,"{""environment"":""dev"",""cost-center"":""cc-3110"",""owner"":""team-payments""}"
Google Cloud,Google,Google Cloud,INV-2026-05-A7B8C9,11C2D3-E4F506-A7B8C9,ExampleCorp Billing - Secondary,Billing Account,examplecorp-staging-552831,staging-platform,Project,2026-05-01T00:00:00Z,2026-06-01T00:00:00Z,2026-05-16T08:00:00Z,2026-05-16T09:00:00Z,Usage,,Compute Engine committed usage,Usage-Based,0,0.089378,0.134,0.1206,0.1340000000,0.1206000000,Committed,1,Hours,USD,0.1206000000,0.089378,0.1340000000,USD,1,Hours,Compute Engine,Compute,Virtual Machines,SKU-1badc439797b2cd5d91eaa22,Compute,SPRICE-0e8670e23a7f9352bf5b81bc,"{""InstanceType"":""e2-standard-4"",""InstanceSeries"":""E2"",""CoreCount"":4,""MemorySize"":16,""OperatingSystem"":""Linux"",""x_Preemptible"":""false""}",//compute.googleapis.com/projects/examplecorp-staging-552831/instances/instance-000278aef9,instance-000278aef9,Compute Instance,europe-west1,Belgium,europe-west1-c,//compute.googleapis.com/projects/examplecorp-staging-552831/regions/europe-west1/commitments/cud-65a01ccb76,SpendBasedCUD-1yr,Spend,Committed Use Discount,Used,0.089378,USD,,,"{""environment"":""staging"",""cost-center"":""cc-1042"",""owner"":""team-data""}"
Google Cloud,Google,Google Cloud,INV-2026-05-A7B8C9,11C2D3-E4F506-A7B8C9,ExampleCorp Billing - Secondary,Billing Account,examplecorp-staging-552831,staging-platform,Project,2026-05-01T00:00:00Z,2026-06-01T00:00:00Z,2026-05-16T09:00:00Z,2026-05-16T10:00:00Z,Purchase,,"Committed Use Discount commitment, amortised for the charge period",Recurring,0.089378,0,0.089378,0.089378,1,1,Standard,0.089378,USD,USD,1.0000000000,0,1.0000000000,USD,,,Compute Engine,Compute,Virtual Machines,SKU-880461744ae7dc6f28c610ff,Commitment,SPRICE-cd10293702748318dd6c7dfd,"{""x_Plan"":""TWELVE_MONTH"",""x_Type"":""COMPUTE_OPTIMIZED""}",//compute.googleapis.com/projects/examplecorp-staging-552831/regions/europe-west1/commitments/cud-65a01ccb76,cud-b74fbb98b4,Committed Use Discount,europe-west1,Belgium,,//compute.googleapis.com/projects/examplecorp-staging-552831/regions/europe-west1/commitments/cud-65a01ccb76,SpendBasedCUD-1yr,Spend,Committed Use Discount,,0.089378,USD,,,"{""environment"":""prod"",""cost-center"":""cc-3110"",""owner"":""team-platform""}"
Google Cloud,Google,Google Cloud,INV-2026-05-A7B8C9,11C2D3-E4F506-A7B8C9,ExampleCorp Billing - Secondary,Billing Account,examplecorp-staging-552831,staging-platform,Project,2026-05-01T00:00:00Z,2026-06-01T00:00:00Z,2026-05-16T09:00:00Z,2026-05-16T10:00:00Z,Usage,,Compute Engine committed usage,Usage-Based,0,0.089378,0.134,0.1206,0.1340000000,0.1206000000,Committed,1,Hours,USD,0.1206000000,0.089378,0.1340000000,USD,1,Hours,Compute Engine,Compute,Virtual Machines,SKU-1badc439797b2cd5d91eaa22,Compute,SPRICE-0e8670e23a7f9352bf5b81bc,"{""InstanceType"":""e2-standard-4"",""InstanceSeries"":""E2"",""CoreCount"":4,""MemorySize"":16,""OperatingSystem"":""Linux"",""x_Preemptible"":""false""}",//compute.googleapis.com/projects/examplecorp-staging-552831/instances/instance-000306d402,instance-000306d402,Compute Instance,europe-west1,Belgium,europe-west1-c,//compute.googleapis.com/projects/examplecorp-staging-552831/regions/europe-west1/commitments/cud-65a01ccb76,SpendBasedCUD-1yr,Spend,Committed Use Discount,Used,0.089378,USD,,,"{""environment"":""prod"",""cost-center"":""cc-2087"",""owner"":""team-payments""}"
Google Cloud,Google,Google Cloud,INV-2026-05-A7B8C9,11C2D3-E4F506-A7B8C9,ExampleCorp Billing - Secondary,Billing Account,examplecorp-staging-552831,staging-platform,Project,2026-05-01T00:00:00Z,2026-06-01T00:00:00Z,2026-05-16T10:00:00Z,2026-05-16T11:00:00Z,Purchase,,"Committed Use Discount commitment, amortised for the charge period",Recurring,0.089378,0,0.089378,0.089378,1,1,Standard,0.089378,USD,USD,1.0000000000,0,1.0000000000,USD,,,Compute Engine,Compute,Virtual Machines,SKU-880461744ae7dc6f28c610ff,Commitment,SPRICE-cd10293702748318dd6c7dfd,"{""x_Plan"":""TWELVE_MONTH"",""x_Type"":""COMPUTE_OPTIMIZED""}",//compute.googleapis.com/projects/examplecorp-staging-552831/regions/europe-west1/commitments/cud-65a01ccb76,cud-b74fbb98b4,Committed Use Discount,europe-west1,Belgium,,//compute.googleapis.com/projects/examplecorp-staging-552831/regions/europe-west1/commitments/cud-65a01ccb76,SpendBasedCUD-1yr,Spend,Committed Use Discount,,0.089378,USD,,,"{""environment"":""staging"",""cost-center"":""cc-2087"",""owner"":""team-payments""}"
Google Cloud,Google,Google Cloud,INV-2026-05-A7B8C9,11C2D3-E4F506-A7B8C9,ExampleCorp Billing - Secondary,Billing Account,examplecorp-staging-552831,staging-platform,Project,2026-05-01T00:00:00Z,2026-06-01T00:00:00Z,2026-05-16T10:00:00Z,2026-05-16T11:00:00Z,Usage,,Compute Engine committed usage,Usage-Based,0,0.089378,0.134,0.1206,0.1340000000,0.1206000000,Committed,1,Hours,USD,0.1206000000,0.089378,0.1340000000,USD,1,Hours,Compute Engine,Compute,Virtual Machines,SKU-1badc439797b2cd5d91eaa22,Compute,SPRICE-0e8670e23a7f9352bf5b81bc,"{""InstanceType"":""e2-standard-4"",""InstanceSeries"":""E2"",""CoreCount"":4,""MemorySize"":16,""OperatingSystem"":""Linux"",""x_Preemptible"":""false""}",//compute.googleapis.com/projects/examplecorp-staging-552831/instances/instance-00044f765c,instance-00044f765c,Compute Instance,europe-west1,Belgium,europe-west1-c,//compute.googleapis.com/projects/examplecorp-staging-552831/regions/europe-west1/commitments/cud-65a01ccb76,SpendBasedCUD-1yr,Spend,Committed Use Discount,Used,0.089378,USD,,,"{""environment"":""prod"",""cost-center"":""cc-2087"",""owner"":""team-data""}"
Google Cloud,Google,Google Cloud,INV-2026-05-A7B8C9,11C2D3-E4F506-A7B8C9,ExampleCorp Billing - Secondary,Billing Account,examplecorp-staging-552831,staging-platform,Project,2026-05-01T00:00:00Z,2026-06-01T00:00:00Z,2026-05-16T11:00:00Z,2026-05-16T12:00:00Z,Purchase,,"Committed Use Discount commitment, amortised for the charge period",Recurring,0.089378,0,0.089378,0.089378,1,1,Standard,0.089378,USD,USD,1.0000000000,0,1.0000000000,USD,,,Compute Engine,Compute,Virtual Machines,SKU-880461744ae7dc6f28c610ff,Commitment,SPRICE-cd10293702748318dd6c7dfd,"{""x_Plan"":""TWELVE_MONTH"",""x_Type"":""COMPUTE_OPTIMIZED""}",//compute.googleapis.com/projects/examplecorp-staging-552831/regions/europe-west1/commitments/cud-65a01ccb76,cud-b74fbb98b4,Committed Use Discount,europe-west1,Belgium,,//compute.googleapis.com/projects/examplecorp-staging-552831/regions/europe-west1/commitments/cud-65a01ccb76,SpendBasedCUD-1yr,Spend,Committed Use Discount,,0.089378,USD,,,"{""environment"":""staging"",""cost-center"":""cc-1042"",""owner"":""team-payments""}"
Google Cloud,Google,Google Cloud,INV-2026-05-A7B8C9,11C2D3-E4F506-A7B8C9,ExampleCorp Billing - Secondary,Billing Account,examplecorp-staging-552831,staging-platform,Project,2026-05-01T00:00:00Z,2026-06-01T00:00:00Z,2026-05-16T11:00:00Z,2026-05-16T12:00:00Z,Usage,,Compute Engine committed usage,Usage-Based,0,0.089378,0.134,0.1206,0.1340000000,0.1206000000,Committed,1,Hours,USD,0.1206000000,0.089378,0.1340000000,USD,1,Hours,Compute Engine,Compute,Virtual Machines,SKU-1badc439797b2cd5d91eaa22,Compute,SPRICE-0e8670e23a7f9352bf5b81bc,"{""InstanceType"":""e2-standard-4"",""InstanceSeries"":""E2"",""CoreCount"":4,""MemorySize"":16,""OperatingSystem"":""Linux"",""x_Preemptible"":""false""}",//compute.googleapis.com/projects/examplecorp-staging-552831/instances/instance-000538ed1d,instance-000538ed1d,Compute Instance,europe-west1,Belgium,europe-west1-c,//compute.googleapis.com/projects/examplecorp-staging-552831/regions/europe-west1/commitments/cud-65a01ccb76,SpendBasedCUD-1yr,Spend,Committed Use Discount,Used,0.089378,USD,,,"{""environment"":""dev"",""cost-center"":""cc-1042"",""owner"":""team-payments""}"
Google Cloud,Google,Google Cloud,INV-2026-05-A7B8C9,11C2D3-E4F506-A7B8C9,ExampleCorp Billing - Secondary,Billing Account,examplecorp-staging-552831,staging-platform,Project,2026-05-01T00:00:00Z,2026-06-01T00:00:00Z,2026-05-16T12:00:00Z,2026-05-16T13:00:00Z,Purchase,,"Committed Use Discount commitment, amortised for the charge period",Recurring,0.089378,0,0.089378,0.089378,1,1,Standard,0.089378,USD,USD,1.0000000000,0,1.0000000000,USD,,,Compute Engine,Compute,Virtual Machines,SKU-880461744ae7dc6f28c610ff,Commitment,SPRICE-cd10293702748318dd6c7dfd,"{""x_Plan"":""TWELVE_MONTH"",""x_Type"":""COMPUTE_OPTIMIZED""}",//compute.googleapis.com/projects/examplecorp-staging-552831/regions/europe-west1/commitments/cud-65a01ccb76,cud-b74fbb98b4,Committed Use Discount,europe-west1,Belgium,,//compute.googleapis.com/projects/examplecorp-staging-552831/regions/europe-west1/commitments/cud-65a01ccb76,SpendBasedCUD-1yr,Spend,Committed Use Discount,,0.089378,USD,,,"{""environment"":""dev"",""cost-center"":""cc-2087"",""owner"":""team-payments""}"
Google Cloud,Google,Google Cloud,INV-2026-05-A7B8C9,11C2D3-E4F506-A7B8C9,ExampleCorp Billing - Secondary,Billing Account,examplecorp-staging-552831,staging-platform,Project,2026-05-01T00:00:00Z,2026-06-01T00:00:00Z,2026-05-16T12:00:00Z,2026-05-16T13:00:00Z,Usage,,Compute Engine committed usage,Usage-Based,0,0.089378,0.134,0.1206,0.1340000000,0.1206000000,Committed,1,Hours,USD,0.1206000000,0.089378,0.1340000000,USD,1,Hours,Compute Engine,Compute,Virtual Machines,SKU-1badc439797b2cd5d91eaa22,Compute,SPRICE-0e8670e23a7f9352bf5b81bc,"{""InstanceType"":""e2-standard-4"",""InstanceSeries"":""E2"",""CoreCount"":4,""MemorySize"":16,""OperatingSystem"":""Linux"",""x_Preemptible"":""false""}",//compute.googleapis.com/projects/examplecorp-staging-552831/instances/instance-0006e4e876,instance-0006e4e876,Compute Instance,europe-west1,Belgium,europe-west1-c,//compute.googleapis.com/projects/examplecorp-staging-552831/regions/europe-west1/commitments/cud-65a01ccb76,SpendBasedCUD-1yr,Spend,Committed Use Discount,Used,0.089378,USD,,,"{""environment"":""staging"",""cost-center"":""cc-3110"",""owner"":""team-platform""}"
Google Cloud,Google,Google Cloud,INV-2026-05-A7B8C9,11C2D3-E4F506-A7B8C9,ExampleCorp Billing - Secondary,Billing Account,examplecorp-staging-552831,staging-platform,Project,2026-05-01T00:00:00Z,2026-06-01T00:00:00Z,2026-05-16T13:00:00Z,2026-05-16T14:00:00Z,Purchase,,"Committed Use Discount commitment, amortised for the charge period",Recurring,0.089378,0,0.089378,0.089378,1,1,Standard,0.089378,USD,USD,1.0000000000,0,1.0000000000,USD,,,Compute Engine,Compute,Virtual Machines,SKU-880461744ae7dc6f28c610ff,Commitment,SPRICE-cd10293702748318dd6c7dfd,"{""x_Plan"":""TWELVE_MONTH"",""x_Type"":""COMPUTE_OPTIMIZED""}",//compute.googleapis.com/projects/examplecorp-staging-552831/regions/europe-west1/commitments/cud-65a01ccb76,cud-b74fbb98b4,Committed Use Discount,europe-west1,Belgium,,//compute.googleapis.com/projects/examplecorp-staging-552831/regions/europe-west1/commitments/cud-65a01ccb76,SpendBasedCUD-1yr,Spend,Committed Use Discount,,0.089378,USD,,,"{""environment"":""prod"",""cost-center"":""cc-2087"",""owner"":""team-data""}"
Google Cloud,Google,Google Cloud,INV-2026-05-A7B8C9,11C2D3-E4F506-A7B8C9,ExampleCorp Billing - Secondary,Billing Account,examplecorp-staging-552831,staging-platform,Project,2026-05-01T00:00:00Z,2026-06-01T00:00:00Z,2026-05-16T13:00:00Z,2026-05-16T14:00:00Z,Usage,,Committed Use Discount unused commitment,Usage-Based,0,0.089378,0.089378,0.089378,1,1,Committed,0.089378,USD,USD,1.0000000000,0.089378,1.0000000000,USD,,,Compute Engine,Compute,Virtual Machines,SKU-880461744ae7dc6f28c610ff,Commitment,SPRICE-cd10293702748318dd6c7dfd,"{""x_Plan"":""TWELVE_MONTH"",""x_Type"":""COMPUTE_OPTIMIZED""}",//compute.googleapis.com/projects/examplecorp-staging-552831/regions/europe-west1/commitments/cud-65a01ccb76,cud-b74fbb98b4,Committed Use Discount,europe-west1,Belgium,,//compute.googleapis.com/projects/examplecorp-staging-552831/regions/europe-west1/commitments/cud-65a01ccb76,SpendBasedCUD-1yr,Spend,Committed Use Discount,Unused,0.089378,USD,,,"{""environment"":""prod"",""cost-center"":""cc-3110"",""owner"":""team-payments""}"
Google Cloud,Google,Google Cloud,INV-2026-05-A7B8C9,11C2D3-E4F506-A7B8C9,ExampleCorp Billing - Secondary,Billing Account,examplecorp-staging-552831,staging-platform,Project,2026-05-01T00:00:00Z,2026-06-01T00:00:00Z,2026-05-16T14:00:00Z,2026-05-16T15:00:00Z,Purchase,,"Committed Use Discount commitment, amortised for the charge period",Recurring,0.089378,0,0.089378,0.089378,1,1,Standard,0.089378,USD,USD,1.0000000000,0,1.0000000000,USD,,,Compute Engine,Compute,Virtual Machines,SKU-880461744ae7dc6f28c610ff,Commitment,SPRICE-cd10293702748318dd6c7dfd,"{""x_Plan"":""TWELVE_MONTH"",""x_Type"":""COMPUTE_OPTIMIZED""}",//compute.googleapis.com/projects/examplecorp-staging-552831/regions/europe-west1/commitments/cud-65a01ccb76,cud-b74fbb98b4,Committed Use Discount,europe-west1,Belgium,,//compute.googleapis.com/projects/examplecorp-staging-552831/regions/europe-west1/commitments/cud-65a01ccb76,SpendBasedCUD-1yr,Spend,Committed Use Discount,,0.089378,USD,,,"{""environment"":""staging"",""cost-center"":""cc-2087"",""owner"":""team-data""}"
Google Cloud,Google,Google Cloud,INV-2026-05-A7B8C9,11C2D3-E4F506-A7B8C9,ExampleCorp Billing - Secondary,Billing Account,examplecorp-staging-552831,staging-platform,Project,2026-05-01T00:00:00Z,2026-06-01T00:00:00Z,2026-05-16T14:00:00Z,2026-05-16T15:00:00Z,Usage,,Committed Use Discount unused commitment,Usage-Based,0,0.089378,0.089378,0.089378,1,1,Committed,0.089378,USD,USD,1.0000000000,0.089378,1.0000000000,USD,,,Compute Engine,Compute,Virtual Machines,SKU-880461744ae7dc6f28c610ff,Commitment,SPRICE-cd10293702748318dd6c7dfd,"{""x_Plan"":""TWELVE_MONTH"",""x_Type"":""COMPUTE_OPTIMIZED""}",//compute.googleapis.com/projects/examplecorp-staging-552831/regions/europe-west1/commitments/cud-65a01ccb76,cud-b74fbb98b4,Committed Use Discount,europe-west1,Belgium,,//compute.googleapis.com/projects/examplecorp-staging-552831/regions/europe-west1/commitments/cud-65a01ccb76,SpendBasedCUD-1yr,Spend,Committed Use Discount,Unused,0.089378,USD,,,"{""environment"":""prod"",""cost-center"":""cc-2087"",""owner"":""team-data""}"
Google Cloud,Google,Google Cloud,INV-2026-05-F70819,01A2B3-C4D5E6-F70819,ExampleCorp Billing - Primary,Billing Account,examplecorp-sandbox-160942,sandbox-dev,Project,2026-05-01T00:00:00Z,2026-06-01T00:00:00Z,2026-05-21T00:00:00Z,2026-05-22T00:00:00Z,Purchase,,Cloud SQL subscription fee,Recurring,348.33,348.33,348.33,348.33,348.33,348.33,Standard,1,Units,USD,348.3300000000,348.33,348.3300000000,USD,,,Cloud SQL,Databases,Relational Databases,SKU-b611b6dea2b37e0c9bdb901c,Subscription,SPRICE-5189e0be77b84ea181c597d5,"{""x_ChargeType"": ""SubscriptionFee""}",//sqladmin.googleapis.com/projects/examplecorp-sandbox-160942/instances/sql-fa6bae68,sql-fa6bae68,Cloud SQL Instance,us-central1,Iowa,,,,,,,,,,,"{""environment"":""prod"",""cost-center"":""cc-1042"",""owner"":""team-data""}"
Google Cloud,Google,Google Cloud,INV-2026-05-F70819,01A2B3-C4D5E6-F70819,ExampleCorp Billing - Primary,Billing Account,examplecorp-prod-481627,prod-platform,Project,2026-05-01T00:00:00Z,2026-06-01T00:00:00Z,2026-05-17T01:00:00Z,2026-05-17T02:00:00Z,Usage,,Cloud Run vCPU allocation,Usage-Based,79.34292081144,79.34292081144,88.1588009016,79.34292081144,0.0000240000,0.0000216000,Standard,3673283.3709,Core-Seconds,USD,0.0000216000,79.34292081144,0.0000240000,USD,3673283.3709,Core-Seconds,Cloud Run,Compute,Serverless Compute,SKU-e75878aa18ba02097c5ad236,Compute,SPRICE-29d89dec6fcc3435a30f9762,"{""x_Generation"":""gen2""}",//run.googleapis.com/projects/examplecorp-prod-481627/services/svc-0beff672,svc-0beff672,Cloud Run Service,us-central1,Iowa,,,,,,,,,,,"{""environment"":""dev"",""cost-center"":""cc-3110"",""owner"":""team-data""}"
Google Cloud,Google,Google Cloud,INV-2026-05-F70819,01A2B3-C4D5E6-F70819,ExampleCorp Billing - Primary,Billing Account,examplecorp-sandbox-160942,sandbox-dev,Project,2026-05-01T00:00:00Z,2026-06-01T00:00:00Z,2026-05-17T02:00:00Z,2026-05-17T03:00:00Z,Usage,,Function execution duration,Usage-Based,13.58019001125,13.58019001125,15.0891000125,13.58019001125,0.0000025000,0.0000022500,Standard,6035640.0050,GB-Seconds,USD,0.0000022500,13.58019001125,0.0000025000,USD,6035640.0050,GB-Seconds,Cloud Functions,Compute,Serverless Compute,SKU-eb71d7502d67eb15645ae724,Compute,SPRICE-29314eddd725ec87d1767584,"{""x_Runtime"":""python312"",""x_Generation"":""gen2""}",//cloudfunctions.googleapis.com/projects/examplecorp-sandbox-160942/functions/fn-be824e5e,fn-be824e5e,Cloud Function,asia-southeast1,Singapore,,,,,,,,,,,"{""environment"":""prod"",""cost-center"":""cc-3110"",""owner"":""team-payments""}"
Google Cloud,Google,Google Cloud,INV-2026-05-A7B8C9,11C2D3-E4F506-A7B8C9,ExampleCorp Billing - Secondary,Billing Account,examplecorp-prod-481627,prod-platform,Project,2026-05-01T00:00:00Z,2026-06-01T00:00:00Z,2026-05-17T03:00:00Z,2026-05-17T04:00:00Z,Usage,,Function execution duration,Usage-Based,5.889794553675,5.889794553675,6.54421617075,5.889794553675,0.0000025000,0.0000022500,Standard,2617686.4683,GB-Seconds,USD,0.0000022500,5.889794553675,0.0000025000,USD,2617686.4683,GB-Seconds,Cloud Functions,Compute,Serverless Compute,SKU-695ae4ac3664791d99311a2f,Compute,SPRICE-1660dde73d1cd143caedc47c,"{""x_Runtime"":""python312"",""x_Generation"":""gen2""}",//cloudfunctions.googleapis.com/projects/examplecorp-prod-481627/functions/fn-c043b554,fn-c043b554,Cloud Function,us-central1,Iowa,,,,,,,,,,,"{""environment"":""prod"",""cost-center"":""cc-2087"",""owner"":""team-platform""}"
Google Cloud,Google,Google Cloud,INV-2026-05-F70819,01A2B3-C4D5E6-F70819,ExampleCorp Billing - Primary,Billing Account,examplecorp-sandbox-160942,sandbox-dev,Project,2026-05-01T00:00:00Z,2026-06-01T00:00:00Z,2026-05-01T00:00:00Z,2026-06-01T00:00:00Z,Usage,,Standard storage,Usage-Based,75.7339938,75.7339938,84.148882,75.7339938,0.0200000000,0.0180000000,Standard,4207.4441,GB-Months,EUR,0.0165600000,69.675274296,0.0184000000,USD,4207.4441,GB-Months,Cloud Storage,Storage,Object Storage,SKU-48e52b42c3a2a664e72c7c8d,Storage,SPRICE-99bfa8769e15eca9d0e9fe91,"{""StorageClass"":""Standard""}",//storage.googleapis.com/projects/examplecorp-sandbox-160942/buckets/bucket-282406d0,bucket-282406d0,Storage Bucket,asia-southeast1,Singapore,,,,,,,,,,,"{""environment"":""staging"",""cost-center"":""cc-1042"",""owner"":""team-payments""}"
Google Cloud,Google,Google Cloud,INV-2026-05-A7B8C9,11C2D3-E4F506-A7B8C9,ExampleCorp Billing - Secondary,Billing Account,examplecorp-data-739104,data-analytics,Project,2026-05-01T00:00:00Z,2026-06-01T00:00:00Z,2026-05-26T00:00:00Z,2026-05-27T00:00:00Z,Usage,,Monitoring data ingested,Usage-Based,27.26905716,27.26905716,30.2989524,27.26905716,0.2580000000,0.2322000000,Standard,117.4378,MiB,USD,0.2322000000,27.26905716,0.2580000000,USD,117.4378,MiB,Cloud Monitoring,Management and Governance,Observability,SKU-73cb6d01edef8d38d97bb589,Monitoring,SPRICE-d59530bdf3a44cc1ae1d78ff,"{""x_DataType"":""Metrics""}",//monitoring.googleapis.com/projects/examplecorp-data-739104/metricsScopes/mon-ad4a03fa,mon-ad4a03fa,Monitoring Workspace,asia-southeast1,Singapore,,,,,,,,,,,"{""environment"":""dev"",""cost-center"":""cc-1042"",""owner"":""team-platform""}"
Google Cloud,Google,Google Cloud,INV-2026-05-A7B8C9,11C2D3-E4F506-A7B8C9,ExampleCorp Billing - Secondary,Billing Account,examplecorp-data-739104,data-analytics,Project,2026-05-01T00:00:00Z,2026-06-01T00:00:00Z,2026-05-27T00:00:00Z,2026-05-28T00:00:00Z,Usage,,On-demand query analysis,Usage-Based,51.330375,51.330375,57.03375,51.330375,6.2500000000,5.6250000000,Standard,9.1254,TiB,USD,5.6250000000,51.330375,6.2500000000,USD,9.1254,TiB,BigQuery,Databases,Data Warehouses,SKU-e14c81c3b9dbfe726f5234cc,Analysis,SPRICE-a31e8b202bbc80cffe86259c,"{""x_Edition"":""OnDemand""}",//bigquery.googleapis.com/projects/examplecorp-data-739104/datasets/ds_c7413733,ds_c7413733,BigQuery Dataset,europe-west1,Belgium,,,,,,,,,,,"{""environment"":""staging"",""cost-center"":""cc-2087"",""owner"":""team-platform""}"
Google Cloud,Google,Google Cloud,INV-2026-05-A7B8C9,11C2D3-E4F506-A7B8C9,ExampleCorp Billing - Secondary,Billing Account,examplecorp-prod-481627,prod-platform,Project,2026-05-01T00:00:00Z,2026-06-01T00:00:00Z,2026-05-17T07:00:00Z,2026-05-17T08:00:00Z,Usage,,Cloud SQL custom 4 vCPU,Usage-Based,0.18,0.18,0.2,0.18,0.2000000000,0.1800000000,Standard,1.0000,Hours,USD,0.1800000000,0.18,0.2000000000,USD,1.0000,Hours,Cloud SQL,Databases,Relational Databases,SKU-5a84ed2775b50d245d6fae1f,Database,SPRICE-df6d9a619dcef43326a41589,"{""InstanceType"":""db-custom-4-16384"",""CoreCount"":4,""MemorySize"":16,""x_Engine"":""PostgreSQL""}",//sqladmin.googleapis.com/projects/examplecorp-prod-481627/instances/sql-99d5fbcb,sql-99d5fbcb,Cloud SQL Instance,asia-southeast1,Singapore,,,,,,,,,,,"{""environment"":""prod"",""cost-center"":""cc-1042"",""owner"":""team-data""}"
Google Cloud,Google,Google Cloud,INV-2026-05-F70819,01A2B3-C4D5E6-F70819,ExampleCorp Billing - Primary,Billing Account,examplecorp-sandbox-160942,sandbox-dev,Project,2026-05-01T00:00:00Z,2026-06-01T00:00:00Z,2026-05-17T08:00:00Z,2026-05-17T09:00:00Z,Usage,,Cloud Run vCPU allocation,Usage-Based,78.0058807056,78.0058807056,86.673200784,78.0058807056,0.0000240000,0.0000216000,Standard,3611383.3660,Core-Seconds,USD,0.0000216000,78.0058807056,0.0000240000,USD,3611383.3660,Core-Seconds,Cloud Run,Compute,Serverless Compute,SKU-0828b68f352ea8761f8e1993,Compute,SPRICE-939cc729025fe8682a0f43e3,"{""x_Generation"":""gen2""}",//run.googleapis.com/projects/examplecorp-sandbox-160942/services/svc-8f52721c,svc-8f52721c,Cloud Run Service,europe-west1,Belgium,,,,,,,,,,,"{""environment"":""prod"",""cost-center"":""cc-1042"",""owner"":""team-data""}"
Google Cloud,Google,Google Cloud,INV-2026-05-F70819,01A2B3-C4D5E6-F70819,ExampleCorp Billing - Primary,Billing Account,examplecorp-staging-552831,staging-platform,Project,2026-05-01T00:00:00Z,2026-06-01T00:00:00Z,2026-05-02T00:00:00Z,2026-05-03T00:00:00Z,Purchase,,Compute Engine subscription fee,Recurring,320.22,320.22,320.22,320.22,320.22,320.22,Standard,1,Units,USD,320.2200000000,320.22,320.2200000000,USD,,,Compute Engine,Compute,Virtual Machines,SKU-37074e9e16d59ce38777830e,Subscription,SPRICE-183b05403c40df8d6a3080d7,"{""x_ChargeType"": ""SubscriptionFee""}",//compute.googleapis.com/projects/examplecorp-staging-552831/instances/instance-4613dea6,instance-4613dea6,Compute Instance,us-central1,Iowa,,,,,,,,,,,"{""environment"":""staging"",""cost-center"":""cc-3110"",""owner"":""team-platform""}"
Google Cloud,Google,Google Cloud,INV-2026-05-F70819,01A2B3-C4D5E6-F70819,ExampleCorp Billing - Primary,Billing Account,examplecorp-data-739104,data-analytics,Project,2026-05-01T00:00:00Z,2026-06-01T00:00:00Z,2026-05-15T17:00:00Z,2026-05-15T18:00:00Z,Tax,,Synthetic tax 10% on usage record 354: Google Kubernetes Engine,One-Time,0.01206,0.01206,0.0134,0.01206,,,,,,USD,,0.01206,,USD,,,Google Kubernetes Engine,Compute,Containers,,,,,,,,,,,,,,,,,,,,"{""environment"":""dev"",""cost-center"":""cc-1042"",""owner"":""team-data""}"
Google Cloud,Google,Google Cloud,INV-2026-05-A7B8C9,11C2D3-E4F506-A7B8C9,ExampleCorp Billing - Secondary,Billing Account,examplecorp-prod-481627,prod-platform,Project,2026-05-01T00:00:00Z,2026-06-01T00:00:00Z,2026-05-17T11:00:00Z,2026-05-17T12:00:00Z,Usage,,Cloud Run vCPU allocation,Usage-Based,65.6778027348,65.6778027348,72.975336372,65.6778027348,0.0000240000,0.0000216000,Standard,3040639.0155,Core-Seconds,USD,0.0000216000,65.6778027348,0.0000240000,USD,3040639.0155,Core-Seconds,Cloud Run,Compute,Serverless Compute,SKU-e75878aa18ba02097c5ad236,Compute,SPRICE-29d89dec6fcc3435a30f9762,"{""x_Generation"":""gen2""}",//run.googleapis.com/projects/examplecorp-prod-481627/services/svc-56eda588,svc-56eda588,Cloud Run Service,us-central1,Iowa,,,,,,,,,,,"{""environment"":""dev"",""cost-center"":""cc-3110"",""owner"":""team-payments""}"
Google Cloud,Google,Google Cloud,INV-2026-05-F70819,01A2B3-C4D5E6-F70819,ExampleCorp Billing - Primary,Billing Account,examplecorp-sandbox-160942,sandbox-dev,Project,2026-05-01T00:00:00Z,2026-06-01T00:00:00Z,2026-05-17T12:00:00Z,2026-05-17T13:00:00Z,Usage,,Function execution duration,Usage-Based,4.26253364955,4.26253364955,4.7361484995,4.26253364955,0.0000025000,0.0000022500,Standard,1894459.3998,GB-Seconds,USD,0.0000022500,4.26253364955,0.0000025000,USD,1894459.3998,GB-Seconds,Cloud Functions,Compute,Serverless Compute,SKU-eb71d7502d67eb15645ae724,Compute,SPRICE-29314eddd725ec87d1767584,"{""x_Runtime"":""python312"",""x_Generation"":""gen2""}",//cloudfunctions.googleapis.com/projects/examplecorp-sandbox-160942/functions/fn-74ad1ce2,fn-74ad1ce2,Cloud Function,asia-southeast1,Singapore,,,,,,,,,,,"{""environment"":""staging"",""cost-center"":""cc-2087"",""owner"":""team-platform""}"
Google Cloud,Google,Google Cloud,INV-2026-05-F70819,01A2B3-C4D5E6-F70819,ExampleCorp Billing - Primary,Billing Account,examplecorp-sandbox-160942,sandbox-dev,Project,2026-05-01T00:00:00Z,2026-06-01T00:00:00Z,2026-05-17T13:00:00Z,2026-05-17T14:00:00Z,Usage,,Cloud SQL custom 4 vCPU,Usage-Based,0.18,0.18,0.2,0.18,0.2000000000,0.1800000000,Standard,1.0000,Hours,USD,0.1800000000,0.18,0.2000000000,USD,1.0000,Hours,Cloud SQL,Databases,Relational Databases,SKU-d90356e2a5d22b807727c289,Database,SPRICE-dedc6d4fdfe1a8a6142b961a,"{""InstanceType"":""db-custom-4-16384"",""CoreCount"":4,""MemorySize"":16,""x_Engine"":""PostgreSQL""}",//sqladmin.googleapis.com/projects/examplecorp-sandbox-160942/instances/sql-a81d7b1d,sql-a81d7b1d,Cloud SQL Instance,us-central1,Iowa,,,,,,,,,,,"{""environment"":""staging"",""cost-center"":""cc-3110"",""owner"":""team-payments""}"
Google Cloud,Google,Google Cloud,INV-2026-05-A7B8C9,11C2D3-E4F506-A7B8C9,ExampleCorp Billing - Secondary,Billing Account,examplecorp-staging-552831,staging-platform,Project,2026-05-01T00:00:00Z,2026-06-01T00:00:00Z,2026-05-17T14:00:00Z,2026-05-17T15:00:00Z,Usage,,Function execution duration,Usage-Based,13.2038596881,13.2038596881,14.670955209,13.2038596881,0.0000025000,0.0000022500,Standard,5868382.0836,GB-Seconds,USD,0.0000022500,13.2038596881,0.0000025000,USD,5868382.0836,GB-Seconds,Cloud Functions,Compute,Serverless Compute,SKU-eb71d7502d67eb15645ae724,Compute,SPRICE-29314eddd725ec87d1767584,"{""x_Runtime"":""python312"",""x_Generation"":""gen2""}",//cloudfunctions.googleapis.com/projects/examplecorp-staging-552831/functions/fn-aa63be57,fn-aa63be57,Cloud Function,asia-southeast1,Singapore,,,,,,,,,,,"{""environment"":""prod"",""cost-center"":""cc-3110"",""owner"":""team-payments""}"
Google Cloud,Google,Google Cloud,INV-2026-05-A7B8C9,11C2D3-E4F506-A7B8C9,ExampleCorp Billing - Secondary,Billing Account,examplecorp-staging-552831,staging-platform,Project,2026-05-01T00:00:00Z,2026-06-01T00:00:00Z,2026-05-17T15:00:00Z,2026-05-17T16:00:00Z,Usage,,Cloud SQL custom 4 vCPU,Usage-Based,0.18,0.18,0.2,0.18,0.2000000000,0.1800000000,Standard,1.0000,Hours,USD,0.1800000000,0.18,0.2000000000,USD,1.0000,Hours,Cloud SQL,Databases,Relational Databases,SKU-d90356e2a5d22b807727c289,Database,SPRICE-dedc6d4fdfe1a8a6142b961a,"{""InstanceType"":""db-custom-4-16384"",""CoreCount"":4,""MemorySize"":16,""x_Engine"":""PostgreSQL""}",//sqladmin.googleapis.com/projects/examplecorp-staging-552831/instances/sql-7e7646b9,sql-7e7646b9,Cloud SQL Instance,us-central1,Iowa,,,,,,,,,,,"{""environment"":""prod"",""cost-center"":""cc-3110"",""owner"":""team-data""}"
Google Cloud,Google,Google Cloud,INV-2026-05-A7B8C9,11C2D3-E4F506-A7B8C9,ExampleCorp Billing - Secondary,Billing Account,examplecorp-prod-481627,prod-platform,Project,2026-05-01T00:00:00Z,2026-06-01T00:00:00Z,2026-05-01T00:00:00Z,2026-06-01T00:00:00Z,Usage,,Standard storage,Usage-Based,123.1621614,123.1621614,136.846846,123.1621614,0.0200000000,0.0180000000,Standard,6842.3423,GB-Months,USD,0.0180000000,123.1621614,0.0200000000,USD,6842.3423,GB-Months,Cloud Storage,Storage,Object Storage,SKU-560ffe175cb39f91c531454c,Storage,SPRICE-3d050702dcbac978cb3acee9,"{""StorageClass"":""Standard""}",//storage.googleapis.com/projects/examplecorp-prod-481627/buckets/bucket-975361b6,bucket-975361b6,Storage Bucket,us-central1,Iowa,,,,,,,,,,,"{""environment"":""staging"",""cost-center"":""cc-2087"",""owner"":""team-payments""}"
Google Cloud,Google,Google Cloud,INV-2026-05-F70819,01A2B3-C4D5E6-F70819,ExampleCorp Billing - Primary,Billing Account,examplecorp-staging-552831,staging-platform,Project,2026-05-01T00:00:00Z,2026-06-01T00:00:00Z,2026-05-10T00:00:00Z,2026-05-11T00:00:00Z,Usage,,On-demand query analysis,Usage-Based,188.1331875,188.1331875,209.036875,188.1331875,6.2500000000,5.6250000000,Standard,33.4459,TiB,USD,5.6250000000,188.1331875,6.2500000000,USD,33.4459,TiB,BigQuery,Databases,Data Warehouses,SKU-e14c81c3b9dbfe726f5234cc,Analysis,SPRICE-a31e8b202bbc80cffe86259c,"{""x_Edition"":""OnDemand""}",//bigquery.googleapis.com/projects/examplecorp-staging-552831/datasets/ds_7e0bacb3,ds_7e0bacb3,BigQuery Dataset,europe-west1,Belgium,,,,,,,,,,,"{""environment"":""dev"",""cost-center"":""cc-2087"",""owner"":""team-payments""}"
Google Cloud,Google,Google Cloud,INV-2026-05-A7B8C9,11C2D3-E4F506-A7B8C9,ExampleCorp Billing - Secondary,Billing Account,examplecorp-prod-481627,prod-platform,Project,2026-05-01T00:00:00Z,2026-06-01T00:00:00Z,2026-05-17T18:00:00Z,2026-05-17T19:00:00Z,Usage,,Cloud Run vCPU allocation,Usage-Based,103.11830097696,103.11830097696,114.5758899744,103.11830097696,0.0000240000,0.0000216000,Standard,4773995.4156,Core-Seconds,USD,0.0000216000,103.11830097696,0.0000240000,USD,4773995.4156,Core-Seconds,Cloud Run,Compute,Serverless Compute,SKU-0828b68f352ea8761f8e1993,Compute,SPRICE-939cc729025fe8682a0f43e3,"{""x_Generation"":""gen2""}",//run.googleapis.com/projects/examplecorp-prod-481627/services/svc-afc895f7,svc-afc895f7,Cloud Run Service,europe-west1,Belgium,,,,,,,,,,,"{""environment"":""prod"",""cost-center"":""cc-1042"",""owner"":""team-platform""}"
Google Cloud,Google,Google Cloud,INV-2026-05-A7B8C9,11C2D3-E4F506-A7B8C9,ExampleCorp Billing - Secondary,Billing Account,examplecorp-sandbox-160942,sandbox-dev,Project,2026-05-01T00:00:00Z,2026-06-01T00:00:00Z,2026-05-01T00:00:00Z,2026-06-01T00:00:00Z,Usage,,Standard storage,Usage-Based,35.125641,35.125641,39.02849,35.125641,0.0200000000,0.0180000000,Standard,1951.4245,GB-Months,USD,0.0180000000,35.125641,0.0200000000,USD,1951.4245,GB-Months,Cloud Storage,Storage,Object Storage,SKU-d897913b7483a157db0c5b7e,Storage,SPRICE-c7019451d3d2cfe060e67bf2,"{""StorageClass"":""Standard""}",//storage.googleapis.com/projects/examplecorp-sandbox-160942/buckets/bucket-12fbc83a,bucket-12fbc83a,Storage Bucket,europe-west1,Belgium,,,,,,,,,,,"{""environment"":""staging"",""cost-center"":""cc-3110"",""owner"":""team-platform""}"
Google Cloud,Google,Google Cloud,INV-2026-05-A7B8C9,11C2D3-E4F506-A7B8C9,ExampleCorp Billing - Secondary,Billing Account,examplecorp-prod-481627,prod-platform,Project,2026-05-01T00:00:00Z,2026-06-01T00:00:00Z,2026-05-13T00:00:00Z,2026-05-14T00:00:00Z,Usage,,Monitoring data ingested,Usage-Based,38.24710164,38.24710164,42.4967796,38.24710164,0.2580000000,0.2322000000,Standard,164.7162,MiB,EUR,0.2136240000,35.1873335088,0.2373600000,USD,164.7162,MiB,Cloud Monitoring,Management and Governance,Observability,SKU-afe92dda1165fc43abddae34,Monitoring,SPRICE-3da34cd6eb0b189073b0bc31,"{""x_DataType"":""Metrics""}",//monitoring.googleapis.com/projects/examplecorp-prod-481627/metricsScopes/mon-1b768c45,mon-1b768c45,Monitoring Workspace,europe-west1,Belgium,,,,,,,,,,,"{""environment"":""dev"",""cost-center"":""cc-1042"",""owner"":""team-platform""}"
Google Cloud,Google,Google Cloud,INV-2026-05-A7B8C9,11C2D3-E4F506-A7B8C9,ExampleCorp Billing - Secondary,Billing Account,examplecorp-prod-481627,prod-platform,Project,2026-05-01T00:00:00Z,2026-06-01T00:00:00Z,2026-05-14T00:00:00Z,2026-05-15T00:00:00Z,Purchase,,Google Kubernetes Engine subscription fee,Recurring,413.24,413.24,413.24,413.24,413.24,413.24,Standard,1,Units,USD,413.2400000000,413.24,413.2400000000,USD,,,Google Kubernetes Engine,Compute,Containers,SKU-707b9eab7f55eb62e4cdda64,Subscription,SPRICE-da77de27bbea08ff0885cef1,"{""x_ChargeType"": ""SubscriptionFee""}",//container.googleapis.com/projects/examplecorp-prod-481627/clusters/gke-64374fbf,gke-64374fbf,GKE Cluster,asia-southeast1,Singapore,,,,,,,,,,,"{""environment"":""prod"",""cost-center"":""cc-3110"",""owner"":""team-platform""}"
Google Cloud,Google,Google Cloud,INV-2026-05-F70819,01A2B3-C4D5E6-F70819,ExampleCorp Billing - Primary,Billing Account,examplecorp-data-739104,data-analytics,Project,2026-05-01T00:00:00Z,2026-06-01T00:00:00Z,2026-05-15T00:00:00Z,2026-05-16T00:00:00Z,Purchase,,Cloud SQL subscription fee,Recurring,49.3,49.3,49.3,49.3,49.3,49.3,Standard,1,Units,USD,49.3000000000,49.3,49.3000000000,USD,,,Cloud SQL,Databases,Relational Databases,SKU-6034bb0502ed188976c703ee,Subscription,SPRICE-a5e1509e96a8a24daae450d3,"{""x_ChargeType"": ""SubscriptionFee""}",//sqladmin.googleapis.com/projects/examplecorp-data-739104/instances/sql-23f04821,sql-23f04821,Cloud SQL Instance,europe-west1,Belgium,,,,,,,,,,,"{""environment"":""staging"",""cost-center"":""cc-3110"",""owner"":""team-payments""}"
Google Cloud,Google,Google Cloud,INV-2026-05-A7B8C9,11C2D3-E4F506-A7B8C9,ExampleCorp Billing - Secondary,Billing Account,examplecorp-data-739104,data-analytics,Project,2026-05-01T00:00:00Z,2026-06-01T00:00:00Z,2026-05-17T23:00:00Z,2026-05-18T00:00:00Z,Usage,,e2-standard-4 running,Usage-Based,0.1206,0.1206,0.134,0.1206,0.1340000000,0.1206000000,Standard,1.0000,Hours,USD,0.1206000000,0.1206,0.1340000000,USD,1.0000,Hours,Compute Engine,Compute,Virtual Machines,SKU-c7f294f3dc4904208c787632,Compute,SPRICE-c8c1784c237a87edf1c3647d,"{""InstanceType"":""e2-standard-4"",""InstanceSeries"":""E2"",""CoreCount"":4,""MemorySize"":16,""OperatingSystem"":""Linux"",""x_Preemptible"":""false""}",//compute.googleapis.com/projects/examplecorp-data-739104/instances/instance-c574cdb7,instance-c574cdb7,Compute Instance,us-east1,South Carolina,us-east1-c,,,,,,,,,,"{""environment"":""prod"",""cost-center"":""cc-1042"",""owner"":""team-platform""}"
Google Cloud,Google,Google Cloud,INV-2026-05-A7B8C9,11C2D3-E4F506-A7B8C9,ExampleCorp Billing - Secondary,Billing Account,examplecorp-staging-552831,staging-platform,Project,2026-05-01T00:00:00Z,2026-06-01T00:00:00Z,2026-05-18T00:00:00Z,2026-05-18T01:00:00Z,Usage,,Function execution duration,Usage-Based,1.591293676275,1.591293676275,1.76810408475,1.591293676275,0.0000025000,0.0000022500,Standard,707241.6339,GB-Seconds,USD,0.0000022500,1.591293676275,0.0000025000,USD,707241.6339,GB-Seconds,Cloud Functions,Compute,Serverless Compute,SKU-8a24a01b926d78ddce5a4f53,Compute,SPRICE-7ca6b452df77a0dcdde4d036,"{""x_Runtime"":""python312"",""x_Generation"":""gen2""}",//cloudfunctions.googleapis.com/projects/examplecorp-staging-552831/functions/fn-80d8ce76,fn-80d8ce76,Cloud Function,us-east1,South Carolina,,,,,,,,,,,"{""environment"":""staging"",""cost-center"":""cc-3110"",""owner"":""team-payments""}"
Google Cloud,Google,Google Cloud,INV-2026-05-A7B8C9,11C2D3-E4F506-A7B8C9,ExampleCorp Billing - Secondary,Billing Account,examplecorp-sandbox-160942,sandbox-dev,Project,2026-05-01T00:00:00Z,2026-06-01T00:00:00Z,2026-05-18T01:00:00Z,2026-05-18T02:00:00Z,Usage,,Function execution duration,Usage-Based,0.65663548605,0.65663548605,0.7295949845,0.65663548605,0.0000025000,0.0000022500,Standard,291837.9938,GB-Seconds,USD,0.0000022500,0.65663548605,0.0000025000,USD,291837.9938,GB-Seconds,Cloud Functions,Compute,Serverless Compute,SKU-eb71d7502d67eb15645ae724,Compute,SPRICE-29314eddd725ec87d1767584,"{""x_Runtime"":""python312"",""x_Generation"":""gen2""}",//cloudfunctions.googleapis.com/projects/examplecorp-sandbox-160942/functions/fn-09817d2a,fn-09817d2a,Cloud Function,asia-southeast1,Singapore,,,,,,,,,,,"{""environment"":""staging"",""cost-center"":""cc-1042"",""owner"":""team-platform""}"
Google Cloud,Google,Google Cloud,INV-2026-05-A7B8C9,11C2D3-E4F506-A7B8C9,ExampleCorp Billing - Secondary,Billing Account,examplecorp-sandbox-160942,sandbox-dev,Project,2026-05-01T00:00:00Z,2026-06-01T00:00:00Z,2026-05-19T00:00:00Z,2026-05-20T00:00:00Z,Purchase,,Google Kubernetes Engine subscription fee,Recurring,719.4,719.4,719.4,719.4,719.4,719.4,Standard,1,Units,USD,719.4000000000,719.4,719.4000000000,USD,,,Google Kubernetes Engine,Compute,Containers,SKU-10842874c540031a24e20f1a,Subscription,SPRICE-9753c27063452d0243893a58,"{""x_ChargeType"": ""SubscriptionFee""}",//container.googleapis.com/projects/examplecorp-sandbox-160942/clusters/gke-341d17fe,gke-341d17fe,GKE Cluster,us-central1,Iowa,,,,,,,,,,,"{""environment"":""staging"",""cost-center"":""cc-2087"",""owner"":""team-payments""}"
Google Cloud,Google,Google Cloud,INV-2026-05-A7B8C9,11C2D3-E4F506-A7B8C9,ExampleCorp Billing - Secondary,Billing Account,examplecorp-data-739104,data-analytics,Project,2026-05-01T00:00:00Z,2026-06-01T00:00:00Z,2026-05-20T00:00:00Z,2026-05-21T00:00:00Z,Usage,,On-demand query analysis,Usage-Based,81.73125,81.73125,90.8125,81.73125,6.2500000000,5.6250000000,Standard,14.5300,TiB,USD,5.6250000000,81.73125,6.2500000000,USD,14.5300,TiB,BigQuery,Databases,Data Warehouses,SKU-1607322bfb22b50842e3cc7b,Analysis,SPRICE-4b8dca1b547fed9a03f372f3,"{""x_Edition"":""OnDemand""}",//bigquery.googleapis.com/projects/examplecorp-data-739104/datasets/ds_4089acb9,ds_4089acb9,BigQuery Dataset,asia-southeast1,Singapore,,,,,,,,,,,"{""environment"":""dev"",""cost-center"":""cc-1042"",""owner"":""team-data""}"
Google Cloud,Google,Google Cloud,INV-2026-05-A7B8C9,11C2D3-E4F506-A7B8C9,ExampleCorp Billing - Secondary,Billing Account,examplecorp-sandbox-160942,sandbox-dev,Project,2026-05-01T00:00:00Z,2026-06-01T00:00:00Z,2026-05-21T00:00:00Z,2026-05-22T00:00:00Z,Usage,,On-demand query analysis,Usage-Based,70.62075,70.62075,78.4675,70.62075,6.2500000000,5.6250000000,Standard,12.5548,TiB,USD,5.6250000000,70.62075,6.2500000000,USD,12.5548,TiB,BigQuery,Databases,Data Warehouses,SKU-1607322bfb22b50842e3cc7b,Analysis,SPRICE-4b8dca1b547fed9a03f372f3,"{""x_Edition"":""OnDemand""}",//bigquery.googleapis.com/projects/examplecorp-sandbox-160942/datasets/ds_cac3468a,ds_cac3468a,BigQuery Dataset,asia-southeast1,Singapore,,,,,,,,,,,"{""environment"":""dev"",""cost-center"":""cc-3110"",""owner"":""team-data""}"
Google Cloud,Google,Google Cloud,INV-2026-05-F70819,01A2B3-C4D5E6-F70819,ExampleCorp Billing - Primary,Billing Account,examplecorp-prod-481627,prod-platform,Project,2026-05-01T00:00:00Z,2026-06-01T00:00:00Z,2026-05-01T00:00:00Z,2026-06-01T00:00:00Z,Usage,,Standard storage,Usage-Based,11.0359494,11.0359494,12.262166,11.0359494,0.0200000000,0.0180000000,Standard,613.1083,GB-Months,USD,0.0180000000,11.0359494,0.0200000000,USD,613.1083,GB-Months,Cloud Storage,Storage,Object Storage,SKU-d897913b7483a157db0c5b7e,Storage,SPRICE-c7019451d3d2cfe060e67bf2,"{""StorageClass"":""Standard""}",//storage.googleapis.com/projects/examplecorp-prod-481627/buckets/bucket-7f038271,bucket-7f038271,Storage Bucket,europe-west1,Belgium,,,,,,,,,,,"{""environment"":""staging"",""cost-center"":""cc-2087"",""owner"":""team-platform""}"
Google Cloud,Google,Google Cloud,INV-2026-05-F70819,01A2B3-C4D5E6-F70819,ExampleCorp Billing - Primary,Billing Account,examplecorp-sandbox-160942,sandbox-dev,Project,2026-05-01T00:00:00Z,2026-06-01T00:00:00Z,2026-05-23T00:00:00Z,2026-05-24T00:00:00Z,Purchase,,Cloud Functions subscription fee,Recurring,504,504,504,504,504,504,Standard,1,Units,USD,504.0000000000,504,504.0000000000,USD,,,Cloud Functions,Compute,Serverless Compute,SKU-544762b0b3c9873ebe22ba33,Subscription,SPRICE-a5b8a7f1e81149a7cc53495d,"{""x_ChargeType"": ""SubscriptionFee""}",//cloudfunctions.googleapis.com/projects/examplecorp-sandbox-160942/functions/fn-39f489ef,fn-39f489ef,Cloud Function,us-east1,South Carolina,,,,,,,,,,,"{""environment"":""dev"",""cost-center"":""cc-1042"",""owner"":""team-platform""}"
Google Cloud,Google,Google Cloud,INV-2026-05-A7B8C9,11C2D3-E4F506-A7B8C9,ExampleCorp Billing - Secondary,Billing Account,examplecorp-data-739104,data-analytics,Project,2026-05-01T00:00:00Z,2026-06-01T00:00:00Z,2026-05-20T00:00:00Z,2026-05-21T00:00:00Z,Tax,,Synthetic tax 10% on usage record 356: BigQuery,One-Time,4.3259625,4.3259625,4.806625,4.3259625,,,,,,USD,,4.3259625,,USD,,,BigQuery,Databases,Data Warehouses,,,,,,,,,,,,,,,,,,,,"{""environment"":""staging"",""cost-center"":""cc-1042"",""owner"":""team-platform""}"
Google Cloud,Google,Google Cloud,INV-2026-05-A7B8C9,11C2D3-E4F506-A7B8C9,ExampleCorp Billing - Secondary,Billing Account,examplecorp-prod-481627,prod-platform,Project,2026-05-01T00:00:00Z,2026-06-01T00:00:00Z,2026-05-01T04:00:00Z,2026-05-01T05:00:00Z,Tax,,Synthetic tax 10% on usage record 5: Compute Engine,One-Time,0.01206,0.01206,0.0134,0.01206,,,,,,USD,,0.01206,,USD,,,Compute Engine,Compute,Virtual Machines,,,,,,,,,,,,,,,,,,,,"{""environment"":""staging"",""cost-center"":""cc-3110"",""owner"":""team-data""}"
Google Cloud,Google,Google Cloud,INV-2026-05-A7B8C9,11C2D3-E4F506-A7B8C9,ExampleCorp Billing - Secondary,Billing Account,examplecorp-sandbox-160942,sandbox-dev,Project,2026-05-01T00:00:00Z,2026-06-01T00:00:00Z,2026-05-18T09:00:00Z,2026-05-18T10:00:00Z,Usage,,Cloud SQL custom 4 vCPU,Usage-Based,0.18,0.18,0.2,0.18,0.2000000000,0.1800000000,Standard,1.0000,Hours,USD,0.1800000000,0.18,0.2000000000,USD,1.0000,Hours,Cloud SQL,Databases,Relational Databases,SKU-ba223805a916089dc772c95e,Database,SPRICE-715e0278131e4992ea970001,"{""InstanceType"":""db-custom-4-16384"",""CoreCount"":4,""MemorySize"":16,""x_Engine"":""PostgreSQL""}",//sqladmin.googleapis.com/projects/examplecorp-sandbox-160942/instances/sql-6fae9b3b,sql-6fae9b3b,Cloud SQL Instance,us-east1,South Carolina,,,,,,,,,,,"{""environment"":""staging"",""cost-center"":""cc-1042"",""owner"":""team-payments""}"
Google Cloud,Google,Google Cloud,INV-2026-05-F70819,01A2B3-C4D5E6-F70819,ExampleCorp Billing - Primary,Billing Account,examplecorp-prod-481627,prod-platform,Project,2026-05-01T00:00:00Z,2026-06-01T00:00:00Z,2026-05-18T10:00:00Z,2026-05-18T11:00:00Z,Usage,,e2-standard-4 running,Usage-Based,0.1206,0.1206,0.134,0.1206,0.1340000000,0.1206000000,Standard,1.0000,Hours,USD,0.1206000000,0.1206,0.1340000000,USD,1.0000,Hours,Compute Engine,Compute,Virtual Machines,SKU-1badc439797b2cd5d91eaa22,Compute,SPRICE-0e8670e23a7f9352bf5b81bc,"{""InstanceType"":""e2-standard-4"",""InstanceSeries"":""E2"",""CoreCount"":4,""MemorySize"":16,""OperatingSystem"":""Linux"",""x_Preemptible"":""false""}",//compute.googleapis.com/projects/examplecorp-prod-481627/instances/instance-c7c5132a,instance-c7c5132a,Compute Instance,europe-west1,Belgium,europe-west1-c,,,,,,,,,,"{""environment"":""prod"",""cost-center"":""cc-1042"",""owner"":""team-platform""}"
Google Cloud,Google,Google Cloud,INV-2026-05-F70819,01A2B3-C4D5E6-F70819,ExampleCorp Billing - Primary,Billing Account,examplecorp-prod-481627,prod-platform,Project,2026-05-01T00:00:00Z,2026-06-01T00:00:00Z,2026-05-28T00:00:00Z,2026-05-29T00:00:00Z,Usage,,Monitoring data ingested,Usage-Based,3.90330522,3.90330522,4.3370058,3.90330522,0.2580000000,0.2322000000,Standard,16.8101,MiB,USD,0.2322000000,3.90330522,0.2580000000,USD,16.8101,MiB,Cloud Monitoring,Management and Governance,Observability,SKU-afe92dda1165fc43abddae34,Monitoring,SPRICE-6d15472be77f7b0846642d52,"{""x_DataType"":""Metrics""}",//monitoring.googleapis.com/projects/examplecorp-prod-481627/metricsScopes/mon-f89bd173,mon-f89bd173,Monitoring Workspace,europe-west1,Belgium,,,,,,,,,,,"{""environment"":""dev"",""cost-center"":""cc-1042"",""owner"":""team-data""}"
Google Cloud,Google,Google Cloud,INV-2026-05-F70819,01A2B3-C4D5E6-F70819,ExampleCorp Billing - Primary,Billing Account,examplecorp-sandbox-160942,sandbox-dev,Project,2026-05-01T00:00:00Z,2026-06-01T00:00:00Z,2026-05-01T00:00:00Z,2026-06-01T00:00:00Z,Usage,,Standard storage,Usage-Based,52.4494296,52.4494296,58.277144,52.4494296,0.0200000000,0.0180000000,Standard,2913.8572,GB-Months,EUR,0.0165600000,48.253475232,0.0184000000,USD,2913.8572,GB-Months,Cloud Storage,Storage,Object Storage,SKU-48e52b42c3a2a664e72c7c8d,Storage,SPRICE-99bfa8769e15eca9d0e9fe91,"{""StorageClass"":""Standard""}",//storage.googleapis.com/projects/examplecorp-sandbox-160942/buckets/bucket-97c21572,bucket-97c21572,Storage Bucket,asia-southeast1,Singapore,,,,,,,,,,,"{""environment"":""prod"",""cost-center"":""cc-3110"",""owner"":""team-payments""}"
Google Cloud,Google,Google Cloud,INV-2026-05-A7B8C9,11C2D3-E4F506-A7B8C9,ExampleCorp Billing - Secondary,Billing Account,examplecorp-data-739104,data-analytics,Project,2026-05-01T00:00:00Z,2026-06-01T00:00:00Z,2026-05-18T13:00:00Z,2026-05-18T14:00:00Z,Usage,,Cloud Run vCPU allocation,Usage-Based,81.84315558744,81.84315558744,90.9368395416,81.84315558744,0.0000240000,0.0000216000,Standard,3789034.9809,Core-Seconds,USD,0.0000216000,81.84315558744,0.0000240000,USD,3789034.9809,Core-Seconds,Cloud Run,Compute,Serverless Compute,SKU-3b45c232fa69d636eca8dc39,Compute,SPRICE-9c404e5e6026ce0b2e5ce800,"{""x_Generation"":""gen2""}",//run.googleapis.com/projects/examplecorp-data-739104/services/svc-6df04ab3,svc-6df04ab3,Cloud Run Service,asia-southeast1,Singapore,,,,,,,,,,,"{""environment"":""prod"",""cost-center"":""cc-1042"",""owner"":""team-platform""}"
Google Cloud,Google,Google Cloud,INV-2026-05-A7B8C9,11C2D3-E4F506-A7B8C9,ExampleCorp Billing - Secondary,Billing Account,examplecorp-staging-552831,staging-platform,Project,2026-05-01T00:00:00Z,2026-06-01T00:00:00Z,2026-05-18T14:00:00Z,2026-05-18T15:00:00Z,Usage,,Function execution duration,Usage-Based,15.24554405595,15.24554405595,16.9394933955,15.24554405595,0.0000025000,0.0000022500,Standard,6775797.3582,GB-Seconds,USD,0.0000022500,15.24554405595,0.0000025000,USD,6775797.3582,GB-Seconds,Cloud Functions,Compute,Serverless Compute,SKU-695ae4ac3664791d99311a2f,Compute,SPRICE-1660dde73d1cd143caedc47c,"{""x_Runtime"":""python312"",""x_Generation"":""gen2""}",//cloudfunctions.googleapis.com/projects/examplecorp-staging-552831/functions/fn-f3c48ce2,fn-f3c48ce2,Cloud Function,us-central1,Iowa,,,,,,,,,,,"{""environment"":""prod"",""cost-center"":""cc-1042"",""owner"":""team-payments""}"
Google Cloud,Google,Google Cloud,INV-2026-05-F70819,01A2B3-C4D5E6-F70819,ExampleCorp Billing - Primary,Billing Account,examplecorp-sandbox-160942,sandbox-dev,Project,2026-05-01T00:00:00Z,2026-06-01T00:00:00Z,2026-05-18T15:00:00Z,2026-05-18T16:00:00Z,Usage,,Cloud Run vCPU allocation,Usage-Based,57.87513588024,57.87513588024,64.3057065336,57.87513588024,0.0000240000,0.0000216000,Standard,2679404.4389,Core-Seconds,USD,0.0000216000,57.87513588024,0.0000240000,USD,2679404.4389,Core-Seconds,Cloud Run,Compute,Serverless Compute,SKU-0828b68f352ea8761f8e1993,Compute,SPRICE-939cc729025fe8682a0f43e3,"{""x_Generation"":""gen2""}",//run.googleapis.com/projects/examplecorp-sandbox-160942/services/svc-1eb558bc,svc-1eb558bc,Cloud Run Service,europe-west1,Belgium,,,,,,,,,,,"{""environment"":""dev"",""cost-center"":""cc-1042"",""owner"":""team-platform""}"
Google Cloud,Google,Google Cloud,INV-2026-05-F70819,01A2B3-C4D5E6-F70819,ExampleCorp Billing - Primary,Billing Account,examplecorp-prod-481627,prod-platform,Project,2026-05-01T00:00:00Z,2026-06-01T00:00:00Z,2026-05-18T16:00:00Z,2026-05-18T17:00:00Z,Usage,,e2-standard-4 running,Usage-Based,0.1206,0.1206,0.134,0.1206,0.1340000000,0.1206000000,Standard,1.0000,Hours,USD,0.1206000000,0.1206,0.1340000000,USD,1.0000,Hours,Compute Engine,Compute,Virtual Machines,SKU-161f822522a7bfba73514603,Compute,SPRICE-595a86198276ef2dbadddea2,"{""InstanceType"":""e2-standard-4"",""InstanceSeries"":""E2"",""CoreCount"":4,""MemorySize"":16,""OperatingSystem"":""Linux"",""x_Preemptible"":""false""}",//compute.googleapis.com/projects/examplecorp-prod-481627/instances/instance-c2e65e06,instance-c2e65e06,Compute Instance,us-central1,Iowa,us-central1-c,,,,,,,,,,"{""environment"":""staging"",""cost-center"":""cc-3110"",""owner"":""team-payments""}"
Google Cloud,Google,Google Cloud,INV-2026-05-F70819,01A2B3-C4D5E6-F70819,ExampleCorp Billing - Primary,Billing Account,examplecorp-sandbox-160942,sandbox-dev,Project,2026-05-01T00:00:00Z,2026-06-01T00:00:00Z,2026-05-18T17:00:00Z,2026-05-18T18:00:00Z,Purchase,,"Committed Use Discount commitment, amortised for the charge period",Recurring,0.089378,0,0.089378,0.089378,1,1,Standard,0.089378,USD,USD,1.0000000000,0,1.0000000000,USD,,,Compute Engine,Compute,Virtual Machines,SKU-95fba5b379a851528e8c2f30,Commitment,SPRICE-041d4c7be8a3cca935f01edf,"{""x_Plan"":""TWELVE_MONTH"",""x_Type"":""COMPUTE_OPTIMIZED""}",//compute.googleapis.com/projects/examplecorp-sandbox-160942/regions/us-east1/commitments/cud-7c5bf8bd9f,cud-983952a77a,Committed Use Discount,us-east1,South Carolina,,//compute.googleapis.com/projects/examplecorp-sandbox-160942/regions/us-east1/commitments/cud-7c5bf8bd9f,SpendBasedCUD-1yr,Spend,Committed Use Discount,,0.089378,USD,,,"{""environment"":""dev"",""cost-center"":""cc-1042"",""owner"":""team-platform""}"
Google Cloud,Google,Google Cloud,INV-2026-05-F70819,01A2B3-C4D5E6-F70819,ExampleCorp Billing - Primary,Billing Account,examplecorp-sandbox-160942,sandbox-dev,Project,2026-05-01T00:00:00Z,2026-06-01T00:00:00Z,2026-05-18T17:00:00Z,2026-05-18T18:00:00Z,Usage,,Compute Engine committed usage,Usage-Based,0,0.089378,0.134,0.1206,0.1340000000,0.1206000000,Committed,1,Hours,USD,0.1206000000,0.089378,0.1340000000,USD,1,Hours,Compute Engine,Compute,Virtual Machines,SKU-c7f294f3dc4904208c787632,Compute,SPRICE-c8c1784c237a87edf1c3647d,"{""InstanceType"":""e2-standard-4"",""InstanceSeries"":""E2"",""CoreCount"":4,""MemorySize"":16,""OperatingSystem"":""Linux"",""x_Preemptible"":""false""}",//compute.googleapis.com/projects/examplecorp-sandbox-160942/instances/instance-000070b61e,instance-000070b61e,Compute Instance,us-east1,South Carolina,us-east1-c,//compute.googleapis.com/projects/examplecorp-sandbox-160942/regions/us-east1/commitments/cud-7c5bf8bd9f,SpendBasedCUD-1yr,Spend,Committed Use Discount,Used,0.089378,USD,,,"{""environment"":""staging"",""cost-center"":""cc-2087"",""owner"":""team-platform""}"
Google Cloud,Google,Google Cloud,INV-2026-05-F70819,01A2B3-C4D5E6-F70819,ExampleCorp Billing - Primary,Billing Account,examplecorp-sandbox-160942,sandbox-dev,Project,2026-05-01T00:00:00Z,2026-06-01T00:00:00Z,2026-05-18T18:00:00Z,2026-05-18T19:00:00Z,Purchase,,"Committed Use Discount commitment, amortised for the charge period",Recurring,0.089378,0,0.089378,0.089378,1,1,Standard,0.089378,USD,USD,1.0000000000,0,1.0000000000,USD,,,Compute Engine,Compute,Virtual Machines,SKU-95fba5b379a851528e8c2f30,Commitment,SPRICE-041d4c7be8a3cca935f01edf,"{""x_Plan"":""TWELVE_MONTH"",""x_Type"":""COMPUTE_OPTIMIZED""}",//compute.googleapis.com/projects/examplecorp-sandbox-160942/regions/us-east1/commitments/cud-7c5bf8bd9f,cud-983952a77a,Committed Use Discount,us-east1,South Carolina,,//compute.googleapis.com/projects/examplecorp-sandbox-160942/regions/us-east1/commitments/cud-7c5bf8bd9f,SpendBasedCUD-1yr,Spend,Committed Use Discount,,0.089378,USD,,,"{""environment"":""prod"",""cost-center"":""cc-1042"",""owner"":""team-platform""}"
Google Cloud,Google,Google Cloud,INV-2026-05-F70819,01A2B3-C4D5E6-F70819,ExampleCorp Billing - Primary,Billing Account,examplecorp-sandbox-160942,sandbox-dev,Project,2026-05-01T00:00:00Z,2026-06-01T00:00:00Z,2026-05-18T18:00:00Z,2026-05-18T19:00:00Z,Usage,,Compute Engine committed usage,Usage-Based,0,0.089378,0.134,0.1206,0.1340000000,0.1206000000,Committed,1,Hours,USD,0.1206000000,0.089378,0.1340000000,USD,1,Hours,Compute Engine,Compute,Virtual Machines,SKU-c7f294f3dc4904208c787632,Compute,SPRICE-c8c1784c237a87edf1c3647d,"{""InstanceType"":""e2-standard-4"",""InstanceSeries"":""E2"",""CoreCount"":4,""MemorySize"":16,""OperatingSystem"":""Linux"",""x_Preemptible"":""false""}",//compute.googleapis.com/projects/examplecorp-sandbox-160942/instances/instance-0001f25561,instance-0001f25561,Compute Instance,us-east1,South Carolina,us-east1-c,//compute.googleapis.com/projects/examplecorp-sandbox-160942/regions/us-east1/commitments/cud-7c5bf8bd9f,SpendBasedCUD-1yr,Spend,Committed Use Discount,Used,0.089378,USD,,,"{""environment"":""staging"",""cost-center"":""cc-1042"",""owner"":""team-platform""}"
Google Cloud,Google,Google Cloud,INV-2026-05-F70819,01A2B3-C4D5E6-F70819,ExampleCorp Billing - Primary,Billing Account,examplecorp-sandbox-160942,sandbox-dev,Project,2026-05-01T00:00:00Z,2026-06-01T00:00:00Z,2026-05-18T19:00:00Z,2026-05-18T20:00:00Z,Purchase,,"Committed Use Discount commitment, amortised for the charge period",Recurring,0.089378,0,0.089378,0.089378,1,1,Standard,0.089378,USD,USD,1.0000000000,0,1.0000000000,USD,,,Compute Engine,Compute,Virtual Machines,SKU-95fba5b379a851528e8c2f30,Commitment,SPRICE-041d4c7be8a3cca935f01edf,"{""x_Plan"":""TWELVE_MONTH"",""x_Type"":""COMPUTE_OPTIMIZED""}",//compute.googleapis.com/projects/examplecorp-sandbox-160942/regions/us-east1/commitments/cud-7c5bf8bd9f,cud-983952a77a,Committed Use Discount,us-east1,South Carolina,,//compute.googleapis.com/projects/examplecorp-sandbox-160942/regions/us-east1/commitments/cud-7c5bf8bd9f,SpendBasedCUD-1yr,Spend,Committed Use Discount,,0.089378,USD,,,"{""environment"":""dev"",""cost-center"":""cc-3110"",""owner"":""team-data""}"
Google Cloud,Google,Google Cloud,INV-2026-05-F70819,01A2B3-C4D5E6-F70819,ExampleCorp Billing - Primary,Billing Account,examplecorp-sandbox-160942,sandbox-dev,Project,2026-05-01T00:00:00Z,2026-06-01T00:00:00Z,2026-05-18T19:00:00Z,2026-05-18T20:00:00Z,Usage,,Compute Engine committed usage,Usage-Based,0,0.089378,0.134,0.1206,0.1340000000,0.1206000000,Committed,1,Hours,USD,0.1206000000,0.089378,0.1340000000,USD,1,Hours,Compute Engine,Compute,Virtual Machines,SKU-c7f294f3dc4904208c787632,Compute,SPRICE-c8c1784c237a87edf1c3647d,"{""InstanceType"":""e2-standard-4"",""InstanceSeries"":""E2"",""CoreCount"":4,""MemorySize"":16,""OperatingSystem"":""Linux"",""x_Preemptible"":""false""}",//compute.googleapis.com/projects/examplecorp-sandbox-160942/instances/instance-0002b21a2c,instance-0002b21a2c,Compute Instance,us-east1,South Carolina,us-east1-c,//compute.googleapis.com/projects/examplecorp-sandbox-160942/regions/us-east1/commitments/cud-7c5bf8bd9f,SpendBasedCUD-1yr,Spend,Committed Use Discount,Used,0.089378,USD,,,"{""environment"":""staging"",""cost-center"":""cc-3110"",""owner"":""team-payments""}"
Google Cloud,Google,Google Cloud,INV-2026-05-F70819,01A2B3-C4D5E6-F70819,ExampleCorp Billing - Primary,Billing Account,examplecorp-sandbox-160942,sandbox-dev,Project,2026-05-01T00:00:00Z,2026-06-01T00:00:00Z,2026-05-18T20:00:00Z,2026-05-18T21:00:00Z,Purchase,,"Committed Use Discount commitment, amortised for the charge period",Recurring,0.089378,0,0.089378,0.089378,1,1,Standard,0.089378,USD,USD,1.0000000000,0,1.0000000000,USD,,,Compute Engine,Compute,Virtual Machines,SKU-95fba5b379a851528e8c2f30,Commitment,SPRICE-041d4c7be8a3cca935f01edf,"{""x_Plan"":""TWELVE_MONTH"",""x_Type"":""COMPUTE_OPTIMIZED""}",//compute.googleapis.com/projects/examplecorp-sandbox-160942/regions/us-east1/commitments/cud-7c5bf8bd9f,cud-983952a77a,Committed Use Discount,us-east1,South Carolina,,//compute.googleapis.com/projects/examplecorp-sandbox-160942/regions/us-east1/commitments/cud-7c5bf8bd9f,SpendBasedCUD-1yr,Spend,Committed Use Discount,,0.089378,USD,,,"{""environment"":""staging"",""cost-center"":""cc-2087"",""owner"":""team-payments""}"
Google Cloud,Google,Google Cloud,INV-2026-05-F70819,01A2B3-C4D5E6-F70819,ExampleCorp Billing - Primary,Billing Account,examplecorp-sandbox-160942,sandbox-dev,Project,2026-05-01T00:00:00Z,2026-06-01T00:00:00Z,2026-05-18T20:00:00Z,2026-05-18T21:00:00Z,Usage,,Compute Engine committed usage,Usage-Based,0,0.089378,0.134,0.1206,0.1340000000,0.1206000000,Committed,1,Hours,USD,0.1206000000,0.089378,0.1340000000,USD,1,Hours,Compute Engine,Compute,Virtual Machines,SKU-c7f294f3dc4904208c787632,Compute,SPRICE-c8c1784c237a87edf1c3647d,"{""InstanceType"":""e2-standard-4"",""InstanceSeries"":""E2"",""CoreCount"":4,""MemorySize"":16,""OperatingSystem"":""Linux"",""x_Preemptible"":""false""}",//compute.googleapis.com/projects/examplecorp-sandbox-160942/instances/instance-0003639e4a,instance-0003639e4a,Compute Instance,us-east1,South Carolina,us-east1-c,//compute.googleapis.com/projects/examplecorp-sandbox-160942/regions/us-east1/commitments/cud-7c5bf8bd9f,SpendBasedCUD-1yr,Spend,Committed Use Discount,Used,0.089378,USD,,,"{""environment"":""staging"",""cost-center"":""cc-3110"",""owner"":""team-payments""}"
Google Cloud,Google,Google Cloud,INV-2026-05-F70819,01A2B3-C4D5E6-F70819,ExampleCorp Billing - Primary,Billing Account,examplecorp-sandbox-160942,sandbox-dev,Project,2026-05-01T00:00:00Z,2026-06-01T00:00:00Z,2026-05-18T21:00:00Z,2026-05-18T22:00:00Z,Purchase,,"Committed Use Discount commitment, amortised for the charge period",Recurring,0.089378,0,0.089378,0.089378,1,1,Standard,0.089378,USD,USD,1.0000000000,0,1.0000000000,USD,,,Compute Engine,Compute,Virtual Machines,SKU-95fba5b379a851528e8c2f30,Commitment,SPRICE-041d4c7be8a3cca935f01edf,"{""x_Plan"":""TWELVE_MONTH"",""x_Type"":""COMPUTE_OPTIMIZED""}",//compute.googleapis.com/projects/examplecorp-sandbox-160942/regions/us-east1/commitments/cud-7c5bf8bd9f,cud-983952a77a,Committed Use Discount,us-east1,South Carolina,,//compute.googleapis.com/projects/examplecorp-sandbox-160942/regions/us-east1/commitments/cud-7c5bf8bd9f,SpendBasedCUD-1yr,Spend,Committed Use Discount,,0.089378,USD,,,"{""environment"":""staging"",""cost-center"":""cc-3110"",""owner"":""team-payments""}"
Google Cloud,Google,Google Cloud,INV-2026-05-F70819,01A2B3-C4D5E6-F70819,ExampleCorp Billing - Primary,Billing Account,examplecorp-sandbox-160942,sandbox-dev,Project,2026-05-01T00:00:00Z,2026-06-01T00:00:00Z,2026-05-18T21:00:00Z,2026-05-18T22:00:00Z,Usage,,Compute Engine committed usage,Usage-Based,0,0.089378,0.134,0.1206,0.1340000000,0.1206000000,Committed,1,Hours,USD,0.1206000000,0.089378,0.1340000000,USD,1,Hours,Compute Engine,Compute,Virtual Machines,SKU-c7f294f3dc4904208c787632,Compute,SPRICE-c8c1784c237a87edf1c3647d,"{""InstanceType"":""e2-standard-4"",""InstanceSeries"":""E2"",""CoreCount"":4,""MemorySize"":16,""OperatingSystem"":""Linux"",""x_Preemptible"":""false""}",//compute.googleapis.com/projects/examplecorp-sandbox-160942/instances/instance-0004e1f6ea,instance-0004e1f6ea,Compute Instance,us-east1,South Carolina,us-east1-c,//compute.googleapis.com/projects/examplecorp-sandbox-160942/regions/us-east1/commitments/cud-7c5bf8bd9f,SpendBasedCUD-1yr,Spend,Committed Use Discount,Used,0.089378,USD,,,"{""environment"":""staging"",""cost-center"":""cc-2087"",""owner"":""team-platform""}"
Google Cloud,Google,Google Cloud,INV-2026-05-F70819,01A2B3-C4D5E6-F70819,ExampleCorp Billing - Primary,Billing Account,examplecorp-sandbox-160942,sandbox-dev,Project,2026-05-01T00:00:00Z,2026-06-01T00:00:00Z,2026-05-18T22:00:00Z,2026-05-18T23:00:00Z,Purchase,,"Committed Use Discount commitment, amortised for the charge period",Recurring,0.089378,0,0.089378,0.089378,1,1,Standard,0.089378,USD,USD,1.0000000000,0,1.0000000000,USD,,,Compute Engine,Compute,Virtual Machines,SKU-95fba5b379a851528e8c2f30,Commitment,SPRICE-041d4c7be8a3cca935f01edf,"{""x_Plan"":""TWELVE_MONTH"",""x_Type"":""COMPUTE_OPTIMIZED""}",//compute.googleapis.com/projects/examplecorp-sandbox-160942/regions/us-east1/commitments/cud-7c5bf8bd9f,cud-983952a77a,Committed Use Discount,us-east1,South Carolina,,//compute.googleapis.com/projects/examplecorp-sandbox-160942/regions/us-east1/commitments/cud-7c5bf8bd9f,SpendBasedCUD-1yr,Spend,Committed Use Discount,,0.089378,USD,,,"{""environment"":""prod"",""cost-center"":""cc-2087"",""owner"":""team-platform""}"
Google Cloud,Google,Google Cloud,INV-2026-05-F70819,01A2B3-C4D5E6-F70819,ExampleCorp Billing - Primary,Billing Account,examplecorp-sandbox-160942,sandbox-dev,Project,2026-05-01T00:00:00Z,2026-06-01T00:00:00Z,2026-05-18T22:00:00Z,2026-05-18T23:00:00Z,Usage,,Compute Engine committed usage,Usage-Based,0,0.089378,0.134,0.1206,0.1340000000,0.1206000000,Committed,1,Hours,USD,0.1206000000,0.089378,0.1340000000,USD,1,Hours,Compute Engine,Compute,Virtual Machines,SKU-c7f294f3dc4904208c787632,Compute,SPRICE-c8c1784c237a87edf1c3647d,"{""InstanceType"":""e2-standard-4"",""InstanceSeries"":""E2"",""CoreCount"":4,""MemorySize"":16,""OperatingSystem"":""Linux"",""x_Preemptible"":""false""}",//compute.googleapis.com/projects/examplecorp-sandbox-160942/instances/instance-00056c51e5,instance-00056c51e5,Compute Instance,us-east1,South Carolina,us-east1-c,//compute.googleapis.com/projects/examplecorp-sandbox-160942/regions/us-east1/commitments/cud-7c5bf8bd9f,SpendBasedCUD-1yr,Spend,Committed Use Discount,Used,0.089378,USD,,,"{""environment"":""staging"",""cost-center"":""cc-3110"",""owner"":""team-payments""}"
Google Cloud,Google,Google Cloud,INV-2026-05-F70819,01A2B3-C4D5E6-F70819,ExampleCorp Billing - Primary,Billing Account,examplecorp-sandbox-160942,sandbox-dev,Project,2026-05-01T00:00:00Z,2026-06-01T00:00:00Z,2026-05-18T23:00:00Z,2026-05-19T00:00:00Z,Purchase,,"Committed Use Discount commitment, amortised for the charge period",Recurring,0.089378,0,0.089378,0.089378,1,1,Standard,0.089378,USD,USD,1.0000000000,0,1.0000000000,USD,,,Compute Engine,Compute,Virtual Machines,SKU-95fba5b379a851528e8c2f30,Commitment,SPRICE-041d4c7be8a3cca935f01edf,"{""x_Plan"":""TWELVE_MONTH"",""x_Type"":""COMPUTE_OPTIMIZED""}",//compute.googleapis.com/projects/examplecorp-sandbox-160942/regions/us-east1/commitments/cud-7c5bf8bd9f,cud-983952a77a,Committed Use Discount,us-east1,South Carolina,,//compute.googleapis.com/projects/examplecorp-sandbox-160942/regions/us-east1/commitments/cud-7c5bf8bd9f,SpendBasedCUD-1yr,Spend,Committed Use Discount,,0.089378,USD,,,"{""environment"":""dev"",""cost-center"":""cc-2087"",""owner"":""team-platform""}"
Google Cloud,Google,Google Cloud,INV-2026-05-F70819,01A2B3-C4D5E6-F70819,ExampleCorp Billing - Primary,Billing Account,examplecorp-sandbox-160942,sandbox-dev,Project,2026-05-01T00:00:00Z,2026-06-01T00:00:00Z,2026-05-18T23:00:00Z,2026-05-19T00:00:00Z,Usage,,Compute Engine committed usage,Usage-Based,0,0.089378,0.134,0.1206,0.1340000000,0.1206000000,Committed,1,Hours,USD,0.1206000000,0.089378,0.1340000000,USD,1,Hours,Compute Engine,Compute,Virtual Machines,SKU-c7f294f3dc4904208c787632,Compute,SPRICE-c8c1784c237a87edf1c3647d,"{""InstanceType"":""e2-standard-4"",""InstanceSeries"":""E2"",""CoreCount"":4,""MemorySize"":16,""OperatingSystem"":""Linux"",""x_Preemptible"":""false""}",//compute.googleapis.com/projects/examplecorp-sandbox-160942/instances/instance-0006ec1a72,instance-0006ec1a72,Compute Instance,us-east1,South Carolina,us-east1-c,//compute.googleapis.com/projects/examplecorp-sandbox-160942/regions/us-east1/commitments/cud-7c5bf8bd9f,SpendBasedCUD-1yr,Spend,Committed Use Discount,Used,0.089378,USD,,,"{""environment"":""prod"",""cost-center"":""cc-2087"",""owner"":""team-platform""}"
Google Cloud,Google,Google Cloud,INV-2026-05-F70819,01A2B3-C4D5E6-F70819,ExampleCorp Billing - Primary,Billing Account,examplecorp-sandbox-160942,sandbox-dev,Project,2026-05-01T00:00:00Z,2026-06-01T00:00:00Z,2026-05-19T00:00:00Z,2026-05-19T01:00:00Z,Purchase,,"Committed Use Discount commitment, amortised for the charge period",Recurring,0.089378,0,0.089378,0.089378,1,1,Standard,0.089378,USD,USD,1.0000000000,0,1.0000000000,USD,,,Compute Engine,Compute,Virtual Machines,SKU-95fba5b379a851528e8c2f30,Commitment,SPRICE-041d4c7be8a3cca935f01edf,"{""x_Plan"":""TWELVE_MONTH"",""x_Type"":""COMPUTE_OPTIMIZED""}",//compute.googleapis.com/projects/examplecorp-sandbox-160942/regions/us-east1/commitments/cud-7c5bf8bd9f,cud-983952a77a,Committed Use Discount,us-east1,South Carolina,,//compute.googleapis.com/projects/examplecorp-sandbox-160942/regions/us-east1/commitments/cud-7c5bf8bd9f,SpendBasedCUD-1yr,Spend,Committed Use Discount,,0.089378,USD,,,"{""environment"":""prod"",""cost-center"":""cc-3110"",""owner"":""team-data""}"
Google Cloud,Google,Google Cloud,INV-2026-05-F70819,01A2B3-C4D5E6-F70819,ExampleCorp Billing - Primary,Billing Account,examplecorp-sandbox-160942,sandbox-dev,Project,2026-05-01T00:00:00Z,2026-06-01T00:00:00Z,2026-05-19T00:00:00Z,2026-05-19T01:00:00Z,Usage,,Compute Engine committed usage,Usage-Based,0,0.089378,0.134,0.1206,0.1340000000,0.1206000000,Committed,1,Hours,USD,0.1206000000,0.089378,0.1340000000,USD,1,Hours,Compute Engine,Compute,Virtual Machines,SKU-c7f294f3dc4904208c787632,Compute,SPRICE-c8c1784c237a87edf1c3647d,"{""InstanceType"":""e2-standard-4"",""InstanceSeries"":""E2"",""CoreCount"":4,""MemorySize"":16,""OperatingSystem"":""Linux"",""x_Preemptible"":""false""}",//compute.googleapis.com/projects/examplecorp-sandbox-160942/instances/instance-0007794c6c,instance-0007794c6c,Compute Instance,us-east1,South Carolina,us-east1-c,//compute.googleapis.com/projects/examplecorp-sandbox-160942/regions/us-east1/commitments/cud-7c5bf8bd9f,SpendBasedCUD-1yr,Spend,Committed Use Discount,Used,0.089378,USD,,,"{""environment"":""dev"",""cost-center"":""cc-1042"",""owner"":""team-data""}"
Google Cloud,Google,Google Cloud,INV-2026-05-F70819,01A2B3-C4D5E6-F70819,ExampleCorp Billing - Primary,Billing Account,examplecorp-sandbox-160942,sandbox-dev,Project,2026-05-01T00:00:00Z,2026-06-01T00:00:00Z,2026-05-19T01:00:00Z,2026-05-19T02:00:00Z,Purchase,,"Committed Use Discount commitment, amortised for the charge period",Recurring,0.089378,0,0.089378,0.089378,1,1,Standard,0.089378,USD,USD,1.0000000000,0,1.0000000000,USD,,,Compute Engine,Compute,Virtual Machines,SKU-95fba5b379a851528e8c2f30,Commitment,SPRICE-041d4c7be8a3cca935f01edf,"{""x_Plan"":""TWELVE_MONTH"",""x_Type"":""COMPUTE_OPTIMIZED""}",//compute.googleapis.com/projects/examplecorp-sandbox-160942/regions/us-east1/commitments/cud-7c5bf8bd9f,cud-983952a77a,Committed Use Discount,us-east1,South Carolina,,//compute.googleapis.com/projects/examplecorp-sandbox-160942/regions/us-east1/commitments/cud-7c5bf8bd9f,SpendBasedCUD-1yr,Spend,Committed Use Discount,,0.089378,USD,,,"{""environment"":""prod"",""cost-center"":""cc-1042"",""owner"":""team-payments""}"
Google Cloud,Google,Google Cloud,INV-2026-05-F70819,01A2B3-C4D5E6-F70819,ExampleCorp Billing - Primary,Billing Account,examplecorp-sandbox-160942,sandbox-dev,Project,2026-05-01T00:00:00Z,2026-06-01T00:00:00Z,2026-05-19T01:00:00Z,2026-05-19T02:00:00Z,Usage,,Committed Use Discount unused commitment,Usage-Based,0,0.089378,0.089378,0.089378,1,1,Committed,0.089378,USD,USD,1.0000000000,0.089378,1.0000000000,USD,,,Compute Engine,Compute,Virtual Machines,SKU-95fba5b379a851528e8c2f30,Commitment,SPRICE-041d4c7be8a3cca935f01edf,"{""x_Plan"":""TWELVE_MONTH"",""x_Type"":""COMPUTE_OPTIMIZED""}",//compute.googleapis.com/projects/examplecorp-sandbox-160942/regions/us-east1/commitments/cud-7c5bf8bd9f,cud-983952a77a,Committed Use Discount,us-east1,South Carolina,,//compute.googleapis.com/projects/examplecorp-sandbox-160942/regions/us-east1/commitments/cud-7c5bf8bd9f,SpendBasedCUD-1yr,Spend,Committed Use Discount,Unused,0.089378,USD,,,"{""environment"":""staging"",""cost-center"":""cc-2087"",""owner"":""team-platform""}"
Google Cloud,Google,Google Cloud,INV-2026-05-F70819,01A2B3-C4D5E6-F70819,ExampleCorp Billing - Primary,Billing Account,examplecorp-sandbox-160942,sandbox-dev,Project,2026-05-01T00:00:00Z,2026-06-01T00:00:00Z,2026-05-19T11:00:00Z,2026-05-19T12:00:00Z,Usage,,Function execution duration,Usage-Based,6.03181891755,6.03181891755,6.7020210195,6.03181891755,0.0000025000,0.0000022500,Standard,2680808.4078,GB-Seconds,USD,0.0000022500,6.03181891755,0.0000025000,USD,2680808.4078,GB-Seconds,Cloud Functions,Compute,Serverless Compute,SKU-695ae4ac3664791d99311a2f,Compute,SPRICE-1660dde73d1cd143caedc47c,"{""x_Runtime"":""python312"",""x_Generation"":""gen2""}",//cloudfunctions.googleapis.com/projects/examplecorp-sandbox-160942/functions/fn-ef029940,fn-ef029940,Cloud Function,us-central1,Iowa,,,,,,,,,,,"{""environment"":""staging"",""cost-center"":""cc-2087"",""owner"":""team-payments""}"
Google Cloud,Google,Google Cloud,INV-2026-05-F70819,01A2B3-C4D5E6-F70819,ExampleCorp Billing - Primary,Billing Account,examplecorp-prod-481627,prod-platform,Project,2026-05-01T00:00:00Z,2026-06-01T00:00:00Z,2026-05-19T12:00:00Z,2026-05-19T13:00:00Z,Usage,,Cloud Run vCPU allocation,Usage-Based,65.26391011632,65.26391011632,72.5154556848,65.26391011632,0.0000240000,0.0000216000,Standard,3021477.3202,Core-Seconds,USD,0.0000216000,65.26391011632,0.0000240000,USD,3021477.3202,Core-Seconds,Cloud Run,Compute,Serverless Compute,SKU-3b45c232fa69d636eca8dc39,Compute,SPRICE-9c404e5e6026ce0b2e5ce800,"{""x_Generation"":""gen2""}",//run.googleapis.com/projects/examplecorp-prod-481627/services/svc-f3f40325,svc-f3f40325,Cloud Run Service,asia-southeast1,Singapore,,,,,,,,,,,"{""environment"":""dev"",""cost-center"":""cc-1042"",""owner"":""team-data""}"
Google Cloud,Google,Google Cloud,INV-2026-05-A7B8C9,11C2D3-E4F506-A7B8C9,ExampleCorp Billing - Secondary,Billing Account,examplecorp-sandbox-160942,sandbox-dev,Project,2026-05-01T00:00:00Z,2026-06-01T00:00:00Z,2026-05-21T00:00:00Z,2026-05-22T00:00:00Z,Tax,,Synthetic tax 10% on usage record 413: BigQuery,One-Time,7.062075,7.062075,7.84675,7.062075,,,,,,USD,,7.062075,,USD,,,BigQuery,Databases,Data Warehouses,,,,,,,,,,,,,,,,,,,,"{""environment"":""dev"",""cost-center"":""cc-3110"",""owner"":""team-data""}"
Google Cloud,Google,Google Cloud,INV-2026-05-F70819,01A2B3-C4D5E6-F70819,ExampleCorp Billing - Primary,Billing Account,examplecorp-sandbox-160942,sandbox-dev,Project,2026-05-01T00:00:00Z,2026-06-01T00:00:00Z,2026-05-01T00:00:00Z,2026-06-01T00:00:00Z,Tax,,Synthetic tax 10% on usage record 314: Cloud Storage,One-Time,5.13809388,5.13809388,5.7089932,5.13809388,,,,,,USD,,5.13809388,,USD,,,Cloud Storage,Storage,Object Storage,,,,,,,,,,,,,,,,,,,,"{""environment"":""dev"",""cost-center"":""cc-1042"",""owner"":""team-platform""}"
Google Cloud,Google,Google Cloud,INV-2026-05-A7B8C9,11C2D3-E4F506-A7B8C9,ExampleCorp Billing - Secondary,Billing Account,examplecorp-staging-552831,staging-platform,Project,2026-05-01T00:00:00Z,2026-06-01T00:00:00Z,2026-05-01T00:00:00Z,2026-06-01T00:00:00Z,Usage,,Standard storage,Usage-Based,61.0841988,61.0841988,67.871332,61.0841988,0.0200000000,0.0180000000,Standard,3393.5666,GB-Months,USD,0.0180000000,61.0841988,0.0200000000,USD,3393.5666,GB-Months,Cloud Storage,Storage,Object Storage,SKU-d897913b7483a157db0c5b7e,Storage,SPRICE-c7019451d3d2cfe060e67bf2,"{""StorageClass"":""Standard""}",//storage.googleapis.com/projects/examplecorp-staging-552831/buckets/bucket-3d94fbd6,bucket-3d94fbd6,Storage Bucket,europe-west1,Belgium,,,,,,,,,,,"{""environment"":""staging"",""cost-center"":""cc-1042"",""owner"":""team-platform""}"
Google Cloud,Google,Google Cloud,INV-2026-05-F70819,01A2B3-C4D5E6-F70819,ExampleCorp Billing - Primary,Billing Account,examplecorp-staging-552831,staging-platform,Project,2026-05-01T00:00:00Z,2026-06-01T00:00:00Z,2026-05-19T16:00:00Z,2026-05-19T17:00:00Z,Usage,,Cloud SQL custom 4 vCPU,Usage-Based,0.18,0.18,0.2,0.18,0.2000000000,0.1800000000,Standard,1.0000,Hours,USD,0.1800000000,0.18,0.2000000000,USD,1.0000,Hours,Cloud SQL,Databases,Relational Databases,SKU-ba223805a916089dc772c95e,Database,SPRICE-715e0278131e4992ea970001,"{""InstanceType"":""db-custom-4-16384"",""CoreCount"":4,""MemorySize"":16,""x_Engine"":""PostgreSQL""}",//sqladmin.googleapis.com/projects/examplecorp-staging-552831/instances/sql-0aa50ff8,sql-0aa50ff8,Cloud SQL Instance,us-east1,South Carolina,,,,,,,,,,,"{""environment"":""dev"",""cost-center"":""cc-3110"",""owner"":""team-platform""}"
Google Cloud,Google,Google Cloud,INV-2026-05-A7B8C9,11C2D3-E4F506-A7B8C9,ExampleCorp Billing - Secondary,Billing Account,examplecorp-staging-552831,staging-platform,Project,2026-05-01T00:00:00Z,2026-06-01T00:00:00Z,2026-05-02T00:00:00Z,2026-05-03T00:00:00Z,Usage,,Monitoring data ingested,Usage-Based,4.63503708,4.63503708,5.1500412,4.63503708,0.2580000000,0.2322000000,Standard,19.9614,MiB,USD,0.2322000000,4.63503708,0.2580000000,USD,19.9614,MiB,Cloud Monitoring,Management and Governance,Observability,SKU-f2290c09e5e6212780d60874,Monitoring,SPRICE-d43771be279a84180443f7fd,"{""x_DataType"":""Metrics""}",//monitoring.googleapis.com/projects/examplecorp-staging-552831/metricsScopes/mon-cc868f4e,mon-cc868f4e,Monitoring Workspace,us-central1,Iowa,,,,,,,,,,,"{""environment"":""dev"",""cost-center"":""cc-1042"",""owner"":""team-platform""}"
Google Cloud,Google,Google Cloud,INV-2026-05-F70819,01A2B3-C4D5E6-F70819,ExampleCorp Billing - Primary,Billing Account,examplecorp-sandbox-160942,sandbox-dev,Project,2026-05-01T00:00:00Z,2026-06-01T00:00:00Z,2026-05-03T00:00:00Z,2026-05-04T00:00:00Z,Purchase,,BigQuery subscription fee,Recurring,368.41,368.41,368.41,368.41,368.41,368.41,Standard,1,Units,USD,368.4100000000,368.41,368.4100000000,USD,,,BigQuery,Databases,Data Warehouses,SKU-760a082c7b07a1547aa5b6b3,Subscription,SPRICE-49b2ac19a431b084e21a6672,"{""x_ChargeType"": ""SubscriptionFee""}",//bigquery.googleapis.com/projects/examplecorp-sandbox-160942/datasets/ds_19086ace,ds_19086ace,BigQuery Dataset,us-east1,South Carolina,,,,,,,,,,,"{""environment"":""dev"",""cost-center"":""cc-2087"",""owner"":""team-platform""}"
Google Cloud,Google,Google Cloud,INV-2026-05-F70819,01A2B3-C4D5E6-F70819,ExampleCorp Billing - Primary,Billing Account,examplecorp-data-739104,data-analytics,Project,2026-05-01T00:00:00Z,2026-06-01T00:00:00Z,2026-05-04T00:00:00Z,2026-05-05T00:00:00Z,Usage,,On-demand query analysis,Usage-Based,150.6819375,150.6819375,167.424375,150.6819375,6.2500000000,5.6250000000,Standard,26.7879,TiB,USD,5.6250000000,150.6819375,6.2500000000,USD,26.7879,TiB,BigQuery,Databases,Data Warehouses,SKU-ef2de98156d58b386f8bea8e,Analysis,SPRICE-257832ee3981a8cf8c2b0ca4,"{""x_Edition"":""OnDemand""}",//bigquery.googleapis.com/projects/examplecorp-data-739104/datasets/ds_56277982,ds_56277982,BigQuery Dataset,us-east1,South Carolina,,,,,,,,,,,"{""environment"":""staging"",""cost-center"":""cc-3110"",""owner"":""team-payments""}"
Google Cloud,Google,Google Cloud,INV-2026-05-F70819,01A2B3-C4D5E6-F70819,ExampleCorp Billing - Primary,Billing Account,examplecorp-staging-552831,staging-platform,Project,2026-05-01T00:00:00Z,2026-06-01T00:00:00Z,2026-05-05T00:00:00Z,2026-05-06T00:00:00Z,Usage,,Monitoring data ingested,Usage-Based,49.61944494,49.61944494,55.1327166,49.61944494,0.2580000000,0.2322000000,Standard,213.6927,MiB,EUR,0.2136240000,45.6498893448,0.2373600000,USD,213.6927,MiB,Cloud Monitoring,Management and Governance,Observability,SKU-afe92dda1165fc43abddae34,Monitoring,SPRICE-3da34cd6eb0b189073b0bc31,"{""x_DataType"":""Metrics""}",//monitoring.googleapis.com/projects/examplecorp-staging-552831/metricsScopes/mon-ed53485f,mon-ed53485f,Monitoring Workspace,europe-west1,Belgium,,,,,,,,,,,"{""environment"":""prod"",""cost-center"":""cc-2087"",""owner"":""team-platform""}"
Google Cloud,Google,Google Cloud,INV-2026-05-A7B8C9,11C2D3-E4F506-A7B8C9,ExampleCorp Billing - Secondary,Billing Account,examplecorp-data-739104,data-analytics,Project,2026-05-01T00:00:00Z,2026-06-01T00:00:00Z,2026-05-06T00:00:00Z,2026-05-07T00:00:00Z,Purchase,,Compute Engine subscription fee,Recurring,434.45,434.45,434.45,434.45,434.45,434.45,Standard,1,Units,USD,434.4500000000,434.45,434.4500000000,USD,,,Compute Engine,Compute,Virtual Machines,SKU-a9883ff5fa6538163745f864,Subscription,SPRICE-c2c69752e04e8d009d75fb35,"{""x_ChargeType"": ""SubscriptionFee""}",//compute.googleapis.com/projects/examplecorp-data-739104/instances/instance-7837bfb0,instance-7837bfb0,Compute Instance,europe-west1,Belgium,,,,,,,,,,,"{""environment"":""dev"",""cost-center"":""cc-1042"",""owner"":""team-payments""}"
Google Cloud,Google,Google Cloud,INV-2026-05-F70819,01A2B3-C4D5E6-F70819,ExampleCorp Billing - Primary,Billing Account,examplecorp-prod-481627,prod-platform,Project,2026-05-01T00:00:00Z,2026-06-01T00:00:00Z,2026-05-19T12:00:00Z,2026-05-19T13:00:00Z,Tax,,Synthetic tax 10% on usage record 445: Cloud Run,One-Time,6.526391011632,6.526391011632,7.25154556848,6.526391011632,,,,,,USD,,6.526391011632,,USD,,,Cloud Run,Compute,Serverless Compute,,,,,,,,,,,,,,,,,,,,"{""environment"":""dev"",""cost-center"":""cc-1042"",""owner"":""team-data""}"
Google Cloud,Google,Google Cloud,INV-2026-05-F70819,01A2B3-C4D5E6-F70819,ExampleCorp Billing - Primary,Billing Account,examplecorp-staging-552831,staging-platform,Project,2026-05-01T00:00:00Z,2026-06-01T00:00:00Z,2026-05-19T23:00:00Z,2026-05-20T00:00:00Z,Usage,,Function execution duration,Usage-Based,11.261722353075,11.261722353075,12.51302483675,11.261722353075,0.0000025000,0.0000022500,Standard,5005209.9347,GB-Seconds,USD,0.0000022500,11.261722353075,0.0000025000,USD,5005209.9347,GB-Seconds,Cloud Functions,Compute,Serverless Compute,SKU-eb71d7502d67eb15645ae724,Compute,SPRICE-29314eddd725ec87d1767584,"{""x_Runtime"":""python312"",""x_Generation"":""gen2""}",//cloudfunctions.googleapis.com/projects/examplecorp-staging-552831/functions/fn-253e790a,fn-253e790a,Cloud Function,asia-southeast1,Singapore,,,,,,,,,,,"{""environment"":""staging"",""cost-center"":""cc-3110"",""owner"":""team-platform""}"
Google Cloud,Google,Google Cloud,INV-2026-05-F70819,01A2B3-C4D5E6-F70819,ExampleCorp Billing - Primary,Billing Account,examplecorp-staging-552831,staging-platform,Project,2026-05-01T00:00:00Z,2026-06-01T00:00:00Z,2026-05-20T00:00:00Z,2026-05-20T01:00:00Z,Usage,,Cloud Run vCPU allocation,Usage-Based,46.41222185568,46.41222185568,51.5691353952,46.41222185568,0.0000240000,0.0000216000,Standard,2148713.9748,Core-Seconds,USD,0.0000216000,46.41222185568,0.0000240000,USD,2148713.9748,Core-Seconds,Cloud Run,Compute,Serverless Compute,SKU-3b45c232fa69d636eca8dc39,Compute,SPRICE-9c404e5e6026ce0b2e5ce800,"{""x_Generation"":""gen2""}",//run.googleapis.com/projects/examplecorp-staging-552831/services/svc-523500fd,svc-523500fd,Cloud Run Service,asia-southeast1,Singapore,,,,,,,,,,,"{""environment"":""staging"",""cost-center"":""cc-1042"",""owner"":""team-data""}"
Google Cloud,Google,Google Cloud,INV-2026-05-A7B8C9,11C2D3-E4F506-A7B8C9,ExampleCorp Billing - Secondary,Billing Account,examplecorp-prod-481627,prod-platform,Project,2026-05-01T00:00:00Z,2026-06-01T00:00:00Z,2026-05-24T00:00:00Z,2026-05-25T00:00:00Z,Tax,,Synthetic tax 10% on usage record 248: Cloud Monitoring,One-Time,5.25985245,5.25985245,5.8442805,5.25985245,,,,,,USD,,5.25985245,,USD,,,Cloud Monitoring,Management and Governance,Observability,,,,,,,,,,,,,,,,,,,,"{""environment"":""staging"",""cost-center"":""cc-1042"",""owner"":""team-data""}"
Google Cloud,Google,Google Cloud,INV-2026-05-A7B8C9,11C2D3-E4F506-A7B8C9,ExampleCorp Billing - Secondary,Billing Account,examplecorp-sandbox-160942,sandbox-dev,Project,2026-05-01T00:00:00Z,2026-06-01T00:00:00Z,2026-05-01T00:00:00Z,2026-05-02T00:00:00Z,Tax,,Synthetic tax 10% on usage record 169: BigQuery,One-Time,8.1811125,8.1811125,9.090125,8.1811125,,,,,,USD,,8.1811125,,USD,,,BigQuery,Databases,Data Warehouses,,,,,,,,,,,,,,,,,,,,"{""environment"":""dev"",""cost-center"":""cc-3110"",""owner"":""team-payments""}"
Google Cloud,Google,Google Cloud,INV-2026-05-A7B8C9,11C2D3-E4F506-A7B8C9,ExampleCorp Billing - Secondary,Billing Account,examplecorp-staging-552831,staging-platform,Project,2026-05-01T00:00:00Z,2026-06-01T00:00:00Z,2026-05-12T00:00:00Z,2026-05-13T00:00:00Z,Usage,,On-demand query analysis,Usage-Based,71.6445,71.6445,79.605,71.6445,6.2500000000,5.6250000000,Standard,12.7368,TiB,EUR,5.1750000000,65.91294,5.7500000000,USD,12.7368,TiB,BigQuery,Databases,Data Warehouses,SKU-ef2de98156d58b386f8bea8e,Analysis,SPRICE-35af7048e6904e6d4661d3db,"{""x_Edition"":""OnDemand""}",//bigquery.googleapis.com/projects/examplecorp-staging-552831/datasets/ds_6f485b7e,ds_6f485b7e,BigQuery Dataset,us-east1,South Carolina,,,,,,,,,,,"{""environment"":""dev"",""cost-center"":""cc-2087"",""owner"":""team-payments""}"
Google Cloud,Google,Google Cloud,INV-2026-05-A7B8C9,11C2D3-E4F506-A7B8C9,ExampleCorp Billing - Secondary,Billing Account,examplecorp-data-739104,data-analytics,Project,2026-05-01T00:00:00Z,2026-06-01T00:00:00Z,2026-05-20T04:00:00Z,2026-05-20T05:00:00Z,Usage,,GKE node pool hours,Usage-Based,0.1206,0.1206,0.134,0.1206,0.1340000000,0.1206000000,Standard,1.0000,Hours,EUR,0.1109520000,0.110952,0.1232800000,USD,1.0000,Hours,Google Kubernetes Engine,Compute,Containers,SKU-9f36ca4ad55c40314722c6e2,Compute,SPRICE-7c594de5d5c3b63bc35cd28a,"{""InstanceType"":""e2-standard-4"",""CoreCount"":4,""MemorySize"":16,""x_NodePool"":""default""}",//container.googleapis.com/projects/examplecorp-data-739104/clusters/gke-e5e034e0,gke-e5e034e0,GKE Cluster,us-central1,Iowa,,,,,,,,,,,"{""environment"":""prod"",""cost-center"":""cc-1042"",""owner"":""team-payments""}"
Google Cloud,Google,Google Cloud,INV-2026-05-F70819,01A2B3-C4D5E6-F70819,ExampleCorp Billing - Primary,Billing Account,examplecorp-sandbox-160942,sandbox-dev,Project,2026-05-01T00:00:00Z,2026-06-01T00:00:00Z,2026-05-20T05:00:00Z,2026-05-20T06:00:00Z,Usage,,GKE node pool hours,Usage-Based,0.1206,0.1206,0.134,0.1206,0.1340000000,0.1206000000,Standard,1.0000,Hours,USD,0.1206000000,0.1206,0.1340000000,USD,1.0000,Hours,Google Kubernetes Engine,Compute,Containers,SKU-9f36ca4ad55c40314722c6e2,Compute,SPRICE-d0b5636dddc3dcd209075213,"{""InstanceType"":""e2-standard-4"",""CoreCount"":4,""MemorySize"":16,""x_NodePool"":""default""}",//container.googleapis.com/projects/examplecorp-sandbox-160942/clusters/gke-6ebda77b,gke-6ebda77b,GKE Cluster,us-central1,Iowa,,,,,,,,,,,"{""environment"":""dev"",""cost-center"":""cc-1042"",""owner"":""team-platform""}"
Google Cloud,Google,Google Cloud,INV-2026-05-F70819,01A2B3-C4D5E6-F70819,ExampleCorp Billing - Primary,Billing Account,examplecorp-data-739104,data-analytics,Project,2026-05-01T00:00:00Z,2026-06-01T00:00:00Z,2026-05-01T00:00:00Z,2026-06-01T00:00:00Z,Tax,,Synthetic tax 10% on usage record 333: Cloud Storage,One-Time,1.48840002,1.48840002,1.6537778,1.48840002,,,,,,USD,,1.48840002,,USD,,,Cloud Storage,Storage,Object Storage,,,,,,,,,,,,,,,,,,,,"{""environment"":""prod"",""cost-center"":""cc-2087"",""owner"":""team-platform""}"
Google Cloud,Google,Google Cloud,INV-2026-05-A7B8C9,11C2D3-E4F506-A7B8C9,ExampleCorp Billing - Secondary,Billing Account,examplecorp-staging-552831,staging-platform,Project,2026-05-01T00:00:00Z,2026-06-01T00:00:00Z,2026-05-20T07:00:00Z,2026-05-20T08:00:00Z,Usage,,GKE node pool hours,Usage-Based,0.1206,0.1206,0.134,0.1206,0.1340000000,0.1206000000,Standard,1.0000,Hours,USD,0.1206000000,0.1206,0.1340000000,USD,1.0000,Hours,Google Kubernetes Engine,Compute,Containers,SKU-95bb96cc0ee68cb652bab2e4,Compute,SPRICE-f0da7e1b00708ea0f5356a96,"{""InstanceType"":""e2-standard-4"",""CoreCount"":4,""MemorySize"":16,""x_NodePool"":""default""}",//container.googleapis.com/projects/examplecorp-staging-552831/clusters/gke-bc6a080b,gke-bc6a080b,GKE Cluster,europe-west1,Belgium,,,,,,,,,,,"{""environment"":""prod"",""cost-center"":""cc-1042"",""owner"":""team-platform""}"
Google Cloud,Google,Google Cloud,INV-2026-05-F70819,01A2B3-C4D5E6-F70819,ExampleCorp Billing - Primary,Billing Account,examplecorp-data-739104,data-analytics,Project,2026-05-01T00:00:00Z,2026-06-01T00:00:00Z,2026-05-17T00:00:00Z,2026-05-18T00:00:00Z,Purchase,,Google Kubernetes Engine subscription fee,Recurring,53.64,53.64,53.64,53.64,53.64,53.64,Standard,1,Units,USD,53.6400000000,53.64,53.6400000000,USD,,,Google Kubernetes Engine,Compute,Containers,SKU-574e851fe71c63af2bbe1815,Subscription,SPRICE-c97a2d296bc8f36155918fe2,"{""x_ChargeType"": ""SubscriptionFee""}",//container.googleapis.com/projects/examplecorp-data-739104/clusters/gke-20827034,gke-20827034,GKE Cluster,europe-west1,Belgium,,,,,,,,,,,"{""environment"":""dev"",""cost-center"":""cc-1042"",""owner"":""team-data""}"
Google Cloud,Google,Google Cloud,INV-2026-05-F70819,01A2B3-C4D5E6-F70819,ExampleCorp Billing - Primary,Billing Account,examplecorp-staging-552831,staging-platform,Project,2026-05-01T00:00:00Z,2026-06-01T00:00:00Z,2026-05-20T09:00:00Z,2026-05-20T10:00:00Z,Usage,,Cloud SQL custom 4 vCPU,Usage-Based,0.18,0.18,0.2,0.18,0.2000000000,0.1800000000,Standard,1.0000,Hours,USD,0.1800000000,0.18,0.2000000000,USD,1.0000,Hours,Cloud SQL,Databases,Relational Databases,SKU-ba223805a916089dc772c95e,Database,SPRICE-715e0278131e4992ea970001,"{""InstanceType"":""db-custom-4-16384"",""CoreCount"":4,""MemorySize"":16,""x_Engine"":""PostgreSQL""}",//sqladmin.googleapis.com/projects/examplecorp-staging-552831/instances/sql-81ef1e61,sql-81ef1e61,Cloud SQL Instance,us-east1,South Carolina,,,,,,,,,,,"{""environment"":""staging"",""cost-center"":""cc-2087"",""owner"":""team-platform""}"
Google Cloud,Google,Google Cloud,INV-2026-05-F70819,01A2B3-C4D5E6-F70819,ExampleCorp Billing - Primary,Billing Account,examplecorp-data-739104,data-analytics,Project,2026-05-01T00:00:00Z,2026-06-01T00:00:00Z,2026-05-20T10:00:00Z,2026-05-20T11:00:00Z,Usage,,GKE node pool hours,Usage-Based,0.1206,0.1206,0.134,0.1206,0.1340000000,0.1206000000,Standard,1.0000,Hours,USD,0.1206000000,0.1206,0.1340000000,USD,1.0000,Hours,Google Kubernetes Engine,Compute,Containers,SKU-95bb96cc0ee68cb652bab2e4,Compute,SPRICE-f0da7e1b00708ea0f5356a96,"{""InstanceType"":""e2-standard-4"",""CoreCount"":4,""MemorySize"":16,""x_NodePool"":""default""}",//container.googleapis.com/projects/examplecorp-data-739104/clusters/gke-f306f541,gke-f306f541,GKE Cluster,europe-west1,Belgium,,,,,,,,,,,"{""environment"":""staging"",""cost-center"":""cc-1042"",""owner"":""team-payments""}"
Google Cloud,Google,Google Cloud,INV-2026-05-A7B8C9,11C2D3-E4F506-A7B8C9,ExampleCorp Billing - Secondary,Billing Account,examplecorp-staging-552831,staging-platform,Project,2026-05-01T00:00:00Z,2026-06-01T00:00:00Z,2026-05-20T11:00:00Z,2026-05-20T12:00:00Z,Usage,,Cloud SQL custom 4 vCPU,Usage-Based,0.18,0.18,0.2,0.18,0.2000000000,0.1800000000,Standard,1.0000,Hours,EUR,0.1656000000,0.1656,0.1840000000,USD,1.0000,Hours,Cloud SQL,Databases,Relational Databases,SKU-0878e8a79fb464dcb2955125,Database,SPRICE-32e232c691667f84c91cfd5d,"{""InstanceType"":""db-custom-4-16384"",""CoreCount"":4,""MemorySize"":16,""x_Engine"":""PostgreSQL""}",//sqladmin.googleapis.com/projects/examplecorp-staging-552831/instances/sql-e38e5c8a,sql-e38e5c8a,Cloud SQL Instance,europe-west1,Belgium,,,,,,,,,,,"{""environment"":""dev"",""cost-center"":""cc-1042"",""owner"":""team-data""}"
Google Cloud,Google,Google Cloud,INV-2026-05-A7B8C9,11C2D3-E4F506-A7B8C9,ExampleCorp Billing - Secondary,Billing Account,examplecorp-prod-481627,prod-platform,Project,2026-05-01T00:00:00Z,2026-06-01T00:00:00Z,2026-05-27T00:00:00Z,2026-05-28T00:00:00Z,Tax,,Synthetic tax 10% on usage record 363: Cloud Monitoring,One-Time,4.348620702,4.348620702,4.83180078,4.348620702,,,,,,USD,,4.348620702,,USD,,,Cloud Monitoring,Management and Governance,Observability,,,,,,,,,,,,,,,,,,,,"{""environment"":""staging"",""cost-center"":""cc-1042"",""owner"":""team-data""}"
Google Cloud,Google,Google Cloud,INV-2026-05-A7B8C9,11C2D3-E4F506-A7B8C9,ExampleCorp Billing - Secondary,Billing Account,examplecorp-prod-481627,prod-platform,Project,2026-05-01T00:00:00Z,2026-06-01T00:00:00Z,2026-05-20T13:00:00Z,2026-05-20T14:00:00Z,Usage,,Function execution duration,Usage-Based,16.696967291325,16.696967291325,18.55218587925,16.696967291325,0.0000025000,0.0000022500,Standard,7420874.3517,GB-Seconds,USD,0.0000022500,16.696967291325,0.0000025000,USD,7420874.3517,GB-Seconds,Cloud Functions,Compute,Serverless Compute,SKU-695ae4ac3664791d99311a2f,Compute,SPRICE-1660dde73d1cd143caedc47c,"{""x_Runtime"":""python312"",""x_Generation"":""gen2""}",//cloudfunctions.googleapis.com/projects/examplecorp-prod-481627/functions/fn-9b511b05,fn-9b511b05,Cloud Function,us-central1,Iowa,,,,,,,,,,,"{""environment"":""staging"",""cost-center"":""cc-2087"",""owner"":""team-payments""}"
Google Cloud,Google,Google Cloud,INV-2026-05-F70819,01A2B3-C4D5E6-F70819,ExampleCorp Billing - Primary,Billing Account,examplecorp-prod-481627,prod-platform,Project,2026-05-01T00:00:00Z,2026-06-01T00:00:00Z,2026-05-23T00:00:00Z,2026-05-24T00:00:00Z,Usage,,On-demand query analysis,Usage-Based,44.7204375,44.7204375,49.689375,44.7204375,6.2500000000,5.6250000000,Standard,7.9503,TiB,USD,5.6250000000,44.7204375,6.2500000000,USD,7.9503,TiB,BigQuery,Databases,Data Warehouses,SKU-1607322bfb22b50842e3cc7b,Analysis,SPRICE-4b8dca1b547fed9a03f372f3,"{""x_Edition"":""OnDemand""}",//bigquery.googleapis.com/projects/examplecorp-prod-481627/datasets/ds_c3b04774,ds_c3b04774,BigQuery Dataset,asia-southeast1,Singapore,,,,,,,,,,,"{""environment"":""staging"",""cost-center"":""cc-3110"",""owner"":""team-data""}"
Google Cloud,Google,Google Cloud,INV-2026-05-A7B8C9,11C2D3-E4F506-A7B8C9,ExampleCorp Billing - Secondary,Billing Account,examplecorp-data-739104,data-analytics,Project,2026-05-01T00:00:00Z,2026-06-01T00:00:00Z,2026-05-20T15:00:00Z,2026-05-20T16:00:00Z,Usage,,Function execution duration,Usage-Based,9.536375558025,9.536375558025,10.59597284225,9.536375558025,0.0000025000,0.0000022500,Standard,4238389.1369,GB-Seconds,EUR,0.0000020700,8.773465513383,0.0000023000,USD,4238389.1369,GB-Seconds,Cloud Functions,Compute,Serverless Compute,SKU-695ae4ac3664791d99311a2f,Compute,SPRICE-6a1274cf3c2ef70d4dd44ba0,"{""x_Runtime"":""python312"",""x_Generation"":""gen2""}",//cloudfunctions.googleapis.com/projects/examplecorp-data-739104/functions/fn-bb891cb1,fn-bb891cb1,Cloud Function,us-central1,Iowa,,,,,,,,,,,"{""environment"":""prod"",""cost-center"":""cc-1042"",""owner"":""team-platform""}"
Google Cloud,Google,Google Cloud,INV-2026-05-F70819,01A2B3-C4D5E6-F70819,ExampleCorp Billing - Primary,Billing Account,examplecorp-staging-552831,staging-platform,Project,2026-05-01T00:00:00Z,2026-06-01T00:00:00Z,2026-05-25T00:00:00Z,2026-05-26T00:00:00Z,Purchase,,Cloud Functions subscription fee,Recurring,662.29,662.29,662.29,662.29,662.29,662.29,Standard,1,Units,USD,662.2900000000,662.29,662.2900000000,USD,,,Cloud Functions,Compute,Serverless Compute,SKU-85cacc907452edc75004cf26,Subscription,SPRICE-43241618c34c810f5d37680e,"{""x_ChargeType"": ""SubscriptionFee""}",//cloudfunctions.googleapis.com/projects/examplecorp-staging-552831/functions/fn-07efa17b,fn-07efa17b,Cloud Function,europe-west1,Belgium,,,,,,,,,,,"{""environment"":""prod"",""cost-center"":""cc-3110"",""owner"":""team-payments""}"
Google Cloud,Google,Google Cloud,INV-2026-05-A7B8C9,11C2D3-E4F506-A7B8C9,ExampleCorp Billing - Secondary,Billing Account,examplecorp-staging-552831,staging-platform,Project,2026-05-01T00:00:00Z,2026-06-01T00:00:00Z,2026-05-20T17:00:00Z,2026-05-20T18:00:00Z,Usage,,Cloud SQL custom 4 vCPU,Usage-Based,0.18,0.18,0.2,0.18,0.2000000000,0.1800000000,Standard,1.0000,Hours,USD,0.1800000000,0.18,0.2000000000,USD,1.0000,Hours,Cloud SQL,Databases,Relational Databases,SKU-d90356e2a5d22b807727c289,Database,SPRICE-dedc6d4fdfe1a8a6142b961a,"{""InstanceType"":""db-custom-4-16384"",""CoreCount"":4,""MemorySize"":16,""x_Engine"":""PostgreSQL""}",//sqladmin.googleapis.com/projects/examplecorp-staging-552831/instances/sql-42a409a7,sql-42a409a7,Cloud SQL Instance,us-central1,Iowa,,,,,,,,,,,"{""environment"":""staging"",""cost-center"":""cc-3110"",""owner"":""team-payments""}"
Google Cloud,Google,Google Cloud,INV-2026-05-F70819,01A2B3-C4D5E6-F70819,ExampleCorp Billing - Primary,Billing Account,examplecorp-prod-481627,prod-platform,Project,2026-05-01T00:00:00Z,2026-06-01T00:00:00Z,2026-05-20T18:00:00Z,2026-05-20T19:00:00Z,Usage,,Cloud Run vCPU allocation,Usage-Based,79.32994696152,79.32994696152,88.1443855128,79.32994696152,0.0000240000,0.0000216000,Standard,3672682.7297,Core-Seconds,USD,0.0000216000,79.32994696152,0.0000240000,USD,3672682.7297,Core-Seconds,Cloud Run,Compute,Serverless Compute,SKU-3b45c232fa69d636eca8dc39,Compute,SPRICE-9c404e5e6026ce0b2e5ce800,"{""x_Generation"":""gen2""}",//run.googleapis.com/projects/examplecorp-prod-481627/services/svc-25cddecc,svc-25cddecc,Cloud Run Service,asia-southeast1,Singapore,,,,,,,,,,,"{""environment"":""staging"",""cost-center"":""cc-3110"",""owner"":""team-payments""}"
Google Cloud,Google,Google Cloud,INV-2026-05-F70819,01A2B3-C4D5E6-F70819,ExampleCorp Billing - Primary,Billing Account,examplecorp-staging-552831,staging-platform,Project,2026-05-01T00:00:00Z,2026-06-01T00:00:00Z,2026-05-20T19:00:00Z,2026-05-20T20:00:00Z,Usage,,Cloud Run vCPU allocation,Usage-Based,15.62192063856,15.62192063856,17.3576895984,15.62192063856,0.0000240000,0.0000216000,Standard,723237.0666,Core-Seconds,USD,0.0000216000,15.62192063856,0.0000240000,USD,723237.0666,Core-Seconds,Cloud Run,Compute,Serverless Compute,SKU-e75878aa18ba02097c5ad236,Compute,SPRICE-29d89dec6fcc3435a30f9762,"{""x_Generation"":""gen2""}",//run.googleapis.com/projects/examplecorp-staging-552831/services/svc-82d6c246,svc-82d6c246,Cloud Run Service,us-central1,Iowa,,,,,,,,,,,"{""environment"":""prod"",""cost-center"":""cc-3110"",""owner"":""team-data""}"
Google Cloud,Google,Google Cloud,INV-2026-05-F70819,01A2B3-C4D5E6-F70819,ExampleCorp Billing - Primary,Billing Account,examplecorp-staging-552831,staging-platform,Project,2026-05-01T00:00:00Z,2026-06-01T00:00:00Z,2026-05-20T20:00:00Z,2026-05-20T21:00:00Z,Usage,,e2-standard-4 running,Usage-Based,0.1206,0.1206,0.134,0.1206,0.1340000000,0.1206000000,Standard,1.0000,Hours,USD,0.1206000000,0.1206,0.1340000000,USD,1.0000,Hours,Compute Engine,Compute,Virtual Machines,SKU-c7f294f3dc4904208c787632,Compute,SPRICE-c8c1784c237a87edf1c3647d,"{""InstanceType"":""e2-standard-4"",""InstanceSeries"":""E2"",""CoreCount"":4,""MemorySize"":16,""OperatingSystem"":""Linux"",""x_Preemptible"":""false""}",//compute.googleapis.com/projects/examplecorp-staging-552831/instances/instance-6e15edd4,instance-6e15edd4,Compute Instance,us-east1,South Carolina,us-east1-c,,,,,,,,,,"{""environment"":""dev"",""cost-center"":""cc-1042"",""owner"":""team-payments""}"
Google Cloud,Google,Google Cloud,INV-2026-05-F70819,01A2B3-C4D5E6-F70819,ExampleCorp Billing - Primary,Billing Account,examplecorp-data-739104,data-analytics,Project,2026-05-01T00:00:00Z,2026-06-01T00:00:00Z,2026-05-20T21:00:00Z,2026-05-20T22:00:00Z,Usage,,Function execution duration,Usage-Based,11.565301590225,11.565301590225,12.85033510025,11.565301590225,0.0000025000,0.0000022500,Standard,5140134.0401,GB-Seconds,USD,0.0000022500,11.565301590225,0.0000025000,USD,5140134.0401,GB-Seconds,Cloud Functions,Compute,Serverless Compute,SKU-695ae4ac3664791d99311a2f,Compute,SPRICE-1660dde73d1cd143caedc47c,"{""x_Runtime"":""python312"",""x_Generation"":""gen2""}",//cloudfunctions.googleapis.com/projects/examplecorp-data-739104/functions/fn-b22ba91d,fn-b22ba91d,Cloud Function,us-central1,Iowa,,,,,,,,,,,"{""environment"":""dev"",""cost-center"":""cc-1042"",""owner"":""team-platform""}"
Google Cloud,Google,Google Cloud,INV-2026-05-A7B8C9,11C2D3-E4F506-A7B8C9,ExampleCorp Billing - Secondary,Billing Account,examplecorp-prod-481627,prod-platform,Project,2026-05-01T00:00:00Z,2026-06-01T00:00:00Z,2026-05-03T00:00:00Z,2026-05-04T00:00:00Z,Purchase,,Cloud Monitoring subscription fee,Recurring,339.71,339.71,339.71,339.71,339.71,339.71,Standard,1,Units,USD,339.7100000000,339.71,339.7100000000,USD,,,Cloud Monitoring,Management and Governance,Observability,SKU-2202f5696da25e464f07d651,Subscription,SPRICE-11b44bd812a83257c6dfaec5,"{""x_ChargeType"": ""SubscriptionFee""}",//monitoring.googleapis.com/projects/examplecorp-prod-481627/metricsScopes/mon-e5e074ba,mon-e5e074ba,Monitoring Workspace,europe-west1,Belgium,,,,,,,,,,,"{""environment"":""staging"",""cost-center"":""cc-2087"",""owner"":""team-payments""}"
Google Cloud,Google,Google Cloud,INV-2026-05-F70819,01A2B3-C4D5E6-F70819,ExampleCorp Billing - Primary,Billing Account,examplecorp-data-739104,data-analytics,Project,2026-05-01T00:00:00Z,2026-06-01T00:00:00Z,2026-05-01T00:00:00Z,2026-06-01T00:00:00Z,Usage,,Standard storage,Usage-Based,111.9336282,111.9336282,124.370698,111.9336282,0.0200000000,0.0180000000,Standard,6218.5349,GB-Months,EUR,0.0165600000,102.978937944,0.0184000000,USD,6218.5349,GB-Months,Cloud Storage,Storage,Object Storage,SKU-8b457763f3438a2efc35839d,Storage,SPRICE-a064b6f256ef5eabf1598635,"{""StorageClass"":""Standard""}",//storage.googleapis.com/projects/examplecorp-data-739104/buckets/bucket-c5b70edb,bucket-c5b70edb,Storage Bucket,us-east1,South Carolina,,,,,,,,,,,"{""environment"":""dev"",""cost-center"":""cc-1042"",""owner"":""team-data""}"
Google Cloud,Google,Google Cloud,INV-2026-05-A7B8C9,11C2D3-E4F506-A7B8C9,ExampleCorp Billing - Secondary,Billing Account,examplecorp-staging-552831,staging-platform,Project,2026-05-01T00:00:00Z,2026-06-01T00:00:00Z,2026-05-18T14:00:00Z,2026-05-18T15:00:00Z,Tax,,Synthetic tax 10% on usage record 423: Cloud Functions,One-Time,1.524554405595,1.524554405595,1.69394933955,1.524554405595,,,,,,USD,,1.524554405595,,USD,,,Cloud Functions,Compute,Serverless Compute,,,,,,,,,,,,,,,,,,,,"{""environment"":""prod"",""cost-center"":""cc-1042"",""owner"":""team-payments""}"
Google Cloud,Google,Google Cloud,INV-2026-05-A7B8C9,11C2D3-E4F506-A7B8C9,ExampleCorp Billing - Secondary,Billing Account,examplecorp-prod-481627,prod-platform,Project,2026-05-01T00:00:00Z,2026-06-01T00:00:00Z,2026-05-17T03:00:00Z,2026-05-17T04:00:00Z,Tax,,Synthetic tax 10% on usage record 388: Cloud Functions,One-Time,0.5889794553675,0.5889794553675,0.654421617075,0.5889794553675,,,,,,USD,,0.5889794553675,,USD,,,Cloud Functions,Compute,Serverless Compute,,,,,,,,,,,,,,,,,,,,"{""environment"":""prod"",""cost-center"":""cc-2087"",""owner"":""team-platform""}"
Google Cloud,Google,Google Cloud,INV-2026-05-F70819,01A2B3-C4D5E6-F70819,ExampleCorp Billing - Primary,Billing Account,examplecorp-prod-481627,prod-platform,Project,2026-05-01T00:00:00Z,2026-06-01T00:00:00Z,2026-05-21T02:00:00Z,2026-05-21T03:00:00Z,Usage,,GKE node pool hours,Usage-Based,0.1206,0.1206,0.134,0.1206,0.1340000000,0.1206000000,Standard,1.0000,Hours,USD,0.1206000000,0.1206,0.1340000000,USD,1.0000,Hours,Google Kubernetes Engine,Compute,Containers,SKU-86068fdbce854432224e9db3,Compute,SPRICE-42acd32065a96a502913e8e4,"{""InstanceType"":""e2-standard-4"",""CoreCount"":4,""MemorySize"":16,""x_NodePool"":""default""}",//container.googleapis.com/projects/examplecorp-prod-481627/clusters/gke-df740e07,gke-df740e07,GKE Cluster,asia-southeast1,Singapore,,,,,,,,,,,"{""environment"":""prod"",""cost-center"":""cc-1042"",""owner"":""team-data""}"
Google Cloud,Google,Google Cloud,INV-2026-05-A7B8C9,11C2D3-E4F506-A7B8C9,ExampleCorp Billing - Secondary,Billing Account,examplecorp-sandbox-160942,sandbox-dev,Project,2026-05-01T00:00:00Z,2026-06-01T00:00:00Z,2026-05-08T00:00:00Z,2026-05-09T00:00:00Z,Usage,,Monitoring data ingested,Usage-Based,62.32621842,62.32621842,69.2513538,62.32621842,0.2580000000,0.2322000000,Standard,268.4161,MiB,EUR,0.2136240000,57.3401209464,0.2373600000,USD,268.4161,MiB,Cloud Monitoring,Management and Governance,Observability,SKU-7ae4fc052f28901dffce70d1,Monitoring,SPRICE-fc62652ea072d0cd7a990dda,"{""x_DataType"":""Metrics""}",//monitoring.googleapis.com/projects/examplecorp-sandbox-160942/metricsScopes/mon-4044e32a,mon-4044e32a,Monitoring Workspace,us-east1,South Carolina,,,,,,,,,,,"{""environment"":""prod"",""cost-center"":""cc-1042"",""owner"":""team-payments""}"
Google Cloud,Google,Google Cloud,INV-2026-05-A7B8C9,11C2D3-E4F506-A7B8C9,ExampleCorp Billing - Secondary,Billing Account,examplecorp-prod-481627,prod-platform,Project,2026-05-01T00:00:00Z,2026-06-01T00:00:00Z,2026-05-01T00:00:00Z,2026-06-01T00:00:00Z,Usage,,Standard storage,Usage-Based,47.6442666,47.6442666,52.938074,47.6442666,0.0200000000,0.0180000000,Standard,2646.9037,GB-Months,USD,0.0180000000,47.6442666,0.0200000000,USD,2646.9037,GB-Months,Cloud Storage,Storage,Object Storage,SKU-8b457763f3438a2efc35839d,Storage,SPRICE-e9607b4aba6714ae0874493f,"{""StorageClass"":""Standard""}",//storage.googleapis.com/projects/examplecorp-prod-481627/buckets/bucket-6f95d9f2,bucket-6f95d9f2,Storage Bucket,us-east1,South Carolina,,,,,,,,,,,"{""environment"":""dev"",""cost-center"":""cc-1042"",""owner"":""team-payments""}"
Google Cloud,Google,Google Cloud,INV-2026-05-F70819,01A2B3-C4D5E6-F70819,ExampleCorp Billing - Primary,Billing Account,examplecorp-prod-481627,prod-platform,Project,2026-05-01T00:00:00Z,2026-06-01T00:00:00Z,2026-05-21T05:00:00Z,2026-05-21T06:00:00Z,Usage,,e2-standard-4 running,Usage-Based,0.1206,0.1206,0.134,0.1206,0.1340000000,0.1206000000,Standard,1.0000,Hours,USD,0.1206000000,0.1206,0.1340000000,USD,1.0000,Hours,Compute Engine,Compute,Virtual Machines,SKU-1f3d031b6a456d700dc64bbb,Compute,SPRICE-d8c574633874898080639a0f,"{""InstanceType"":""e2-standard-4"",""InstanceSeries"":""E2"",""CoreCount"":4,""MemorySize"":16,""OperatingSystem"":""Linux"",""x_Preemptible"":""false""}",//compute.googleapis.com/projects/examplecorp-prod-481627/instances/instance-3ac18685,instance-3ac18685,Compute Instance,asia-southeast1,Singapore,asia-southeast1-b,,,,,,,,,,"{""environment"":""staging"",""cost-center"":""cc-3110"",""owner"":""team-data""}"
Google Cloud,Google,Google Cloud,INV-2026-05-F70819,01A2B3-C4D5E6-F70819,ExampleCorp Billing - Primary,Billing Account,examplecorp-prod-481627,prod-platform,Project,2026-05-01T00:00:00Z,2026-06-01T00:00:00Z,2026-05-21T06:00:00Z,2026-05-21T07:00:00Z,Usage,,e2-standard-4 running,Usage-Based,0.1206,0.1206,0.134,0.1206,0.1340000000,0.1206000000,Standard,1.0000,Hours,USD,0.1206000000,0.1206,0.1340000000,USD,1.0000,Hours,Compute Engine,Compute,Virtual Machines,SKU-1f3d031b6a456d700dc64bbb,Compute,SPRICE-d8c574633874898080639a0f,"{""InstanceType"":""e2-standard-4"",""InstanceSeries"":""E2"",""CoreCount"":4,""MemorySize"":16,""OperatingSystem"":""Linux"",""x_Preemptible"":""false""}",//compute.googleapis.com/projects/examplecorp-prod-481627/instances/instance-7600edf6,instance-7600edf6,Compute Instance,asia-southeast1,Singapore,asia-southeast1-a,,,,,,,,,,"{""environment"":""prod"",""cost-center"":""cc-3110"",""owner"":""team-payments""}"
Google Cloud,Google,Google Cloud,INV-2026-05-A7B8C9,11C2D3-E4F506-A7B8C9,ExampleCorp Billing - Secondary,Billing Account,examplecorp-staging-552831,staging-platform,Project,2026-05-01T00:00:00Z,2026-06-01T00:00:00Z,2026-05-21T07:00:00Z,2026-05-21T08:00:00Z,Usage,,e2-standard-4 running,Usage-Based,0.1206,0.1206,0.134,0.1206,0.1340000000,0.1206000000,Standard,1.0000,Hours,USD,0.1206000000,0.1206,0.1340000000,USD,1.0000,Hours,Compute Engine,Compute,Virtual Machines,SKU-c7f294f3dc4904208c787632,Compute,SPRICE-c8c1784c237a87edf1c3647d,"{""InstanceType"":""e2-standard-4"",""InstanceSeries"":""E2"",""CoreCount"":4,""MemorySize"":16,""OperatingSystem"":""Linux"",""x_Preemptible"":""false""}",//compute.googleapis.com/projects/examplecorp-staging-552831/instances/instance-80e0a4da,instance-80e0a4da,Compute Instance,us-east1,South Carolina,us-east1-c,,,,,,,,,,"{""environment"":""staging"",""cost-center"":""cc-3110"",""owner"":""team-platform""}"
Google Cloud,Google,Google Cloud,INV-2026-05-F70819,01A2B3-C4D5E6-F70819,ExampleCorp Billing - Primary,Billing Account,examplecorp-data-739104,data-analytics,Project,2026-05-01T00:00:00Z,2026-06-01T00:00:00Z,2026-05-13T00:00:00Z,2026-05-14T00:00:00Z,Usage,,On-demand query analysis,Usage-Based,138.4785,138.4785,153.865,138.4785,6.2500000000,5.6250000000,Standard,24.6184,TiB,USD,5.6250000000,138.4785,6.2500000000,USD,24.6184,TiB,BigQuery,Databases,Data Warehouses,SKU-4f1f5c17ab1a3bad4c4e9805,Analysis,SPRICE-a8b87f9859524b369e02283b,"{""x_Edition"":""OnDemand""}",//bigquery.googleapis.com/projects/examplecorp-data-739104/datasets/ds_4cfec91f,ds_4cfec91f,BigQuery Dataset,us-central1,Iowa,,,,,,,,,,,"{""environment"":""staging"",""cost-center"":""cc-2087"",""owner"":""team-data""}"
Google Cloud,Google,Google Cloud,INV-2026-05-F70819,01A2B3-C4D5E6-F70819,ExampleCorp Billing - Primary,Billing Account,examplecorp-staging-552831,staging-platform,Project,2026-05-01T00:00:00Z,2026-06-01T00:00:00Z,2026-05-21T09:00:00Z,2026-05-21T10:00:00Z,Usage,,e2-standard-4 running,Usage-Based,0.1206,0.1206,0.134,0.1206,0.1340000000,0.1206000000,Standard,1.0000,Hours,USD,0.1206000000,0.1206,0.1340000000,USD,1.0000,Hours,Compute Engine,Compute,Virtual Machines,SKU-1badc439797b2cd5d91eaa22,Compute,SPRICE-0e8670e23a7f9352bf5b81bc,"{""InstanceType"":""e2-standard-4"",""InstanceSeries"":""E2"",""CoreCount"":4,""MemorySize"":16,""OperatingSystem"":""Linux"",""x_Preemptible"":""false""}",//compute.googleapis.com/projects/examplecorp-staging-552831/instances/instance-50fed949,instance-50fed949,Compute Instance,europe-west1,Belgium,europe-west1-b,,,,,,,,,,"{""environment"":""staging"",""cost-center"":""cc-2087"",""owner"":""team-payments""}"
Google Cloud,Google,Google Cloud,INV-2026-05-A7B8C9,11C2D3-E4F506-A7B8C9,ExampleCorp Billing - Secondary,Billing Account,examplecorp-staging-552831,staging-platform,Project,2026-05-01T00:00:00Z,2026-06-01T00:00:00Z,2026-05-21T10:00:00Z,2026-05-21T11:00:00Z,Usage,,Cloud Run vCPU allocation,Usage-Based,94.1941044396,94.1941044396,104.660116044,94.1941044396,0.0000240000,0.0000216000,Standard,4360838.1685,Core-Seconds,USD,0.0000216000,94.1941044396,0.0000240000,USD,4360838.1685,Core-Seconds,Cloud Run,Compute,Serverless Compute,SKU-fc6a19d63f2363e917267178,Compute,SPRICE-0d6d39e6df512f4876c539aa,"{""x_Generation"":""gen2""}",//run.googleapis.com/projects/examplecorp-staging-552831/services/svc-5e1402d3,svc-5e1402d3,Cloud Run Service,us-east1,South Carolina,,,,,,,,,,,"{""environment"":""prod"",""cost-center"":""cc-3110"",""owner"":""team-platform""}"
Google Cloud,Google,Google Cloud,INV-2026-05-F70819,01A2B3-C4D5E6-F70819,ExampleCorp Billing - Primary,Billing Account,examplecorp-data-739104,data-analytics,Project,2026-05-01T00:00:00Z,2026-06-01T00:00:00Z,2026-05-21T11:00:00Z,2026-05-21T12:00:00Z,Usage,,GKE node pool hours,Usage-Based,0.1206,0.1206,0.134,0.1206,0.1340000000,0.1206000000,Standard,1.0000,Hours,USD,0.1206000000,0.1206,0.1340000000,USD,1.0000,Hours,Google Kubernetes Engine,Compute,Containers,SKU-744da1150ba9d05a7d420696,Compute,SPRICE-b339cc568228180dd7e687e6,"{""InstanceType"":""e2-standard-4"",""CoreCount"":4,""MemorySize"":16,""x_NodePool"":""default""}",//container.googleapis.com/projects/examplecorp-data-739104/clusters/gke-9c6118cc,gke-9c6118cc,GKE Cluster,us-east1,South Carolina,,,,,,,,,,,"{""environment"":""prod"",""cost-center"":""cc-1042"",""owner"":""team-payments""}"
Google Cloud,Google,Google Cloud,INV-2026-05-A7B8C9,11C2D3-E4F506-A7B8C9,ExampleCorp Billing - Secondary,Billing Account,examplecorp-data-739104,data-analytics,Project,2026-05-01T00:00:00Z,2026-06-01T00:00:00Z,2026-05-01T00:00:00Z,2026-06-01T00:00:00Z,Usage,,Standard storage,Usage-Based,123.2505756,123.2505756,136.945084,123.2505756,0.0200000000,0.0180000000,Standard,6847.2542,GB-Months,USD,0.0180000000,123.2505756,0.0200000000,USD,6847.2542,GB-Months,Cloud Storage,Storage,Object Storage,SKU-48e52b42c3a2a664e72c7c8d,Storage,SPRICE-acaf4d3f193ddc335413e7e0,"{""StorageClass"":""Standard""}",//storage.googleapis.com/projects/examplecorp-data-739104/buckets/bucket-71ea77ef,bucket-71ea77ef,Storage Bucket,asia-southeast1,Singapore,,,,,,,,,,,"{""environment"":""prod"",""cost-center"":""cc-2087"",""owner"":""team-data""}"
Google Cloud,Google,Google Cloud,INV-2026-05-F70819,01A2B3-C4D5E6-F70819,ExampleCorp Billing - Primary,Billing Account,examplecorp-sandbox-160942,sandbox-dev,Project,2026-05-01T00:00:00Z,2026-06-01T00:00:00Z,2026-05-21T13:00:00Z,2026-05-21T14:00:00Z,Usage,,Cloud SQL custom 4 vCPU,Usage-Based,0.18,0.18,0.2,0.18,0.2000000000,0.1800000000,Standard,1.0000,Hours,USD,0.1800000000,0.18,0.2000000000,USD,1.0000,Hours,Cloud SQL,Databases,Relational Databases,SKU-ba223805a916089dc772c95e,Database,SPRICE-715e0278131e4992ea970001,"{""InstanceType"":""db-custom-4-16384"",""CoreCount"":4,""MemorySize"":16,""x_Engine"":""PostgreSQL""}",//sqladmin.googleapis.com/projects/examplecorp-sandbox-160942/instances/sql-dd5c9f09,sql-dd5c9f09,Cloud SQL Instance,us-east1,South Carolina,,,,,,,,,,,"{""environment"":""staging"",""cost-center"":""cc-1042"",""owner"":""team-data""}"
Google Cloud,Google,Google Cloud,INV-2026-05-A7B8C9,11C2D3-E4F506-A7B8C9,ExampleCorp Billing - Secondary,Billing Account,examplecorp-staging-552831,staging-platform,Project,2026-05-01T00:00:00Z,2026-06-01T00:00:00Z,2026-05-21T14:00:00Z,2026-05-21T15:00:00Z,Usage,,Cloud Run vCPU allocation,Usage-Based,18.44107220448,18.44107220448,20.4900802272,18.44107220448,0.0000240000,0.0000216000,Standard,853753.3428,Core-Seconds,USD,0.0000216000,18.44107220448,0.0000240000,USD,853753.3428,Core-Seconds,Cloud Run,Compute,Serverless Compute,SKU-e75878aa18ba02097c5ad236,Compute,SPRICE-29d89dec6fcc3435a30f9762,"{""x_Generation"":""gen2""}",//run.googleapis.com/projects/examplecorp-staging-552831/services/svc-2370becf,svc-2370becf,Cloud Run Service,us-central1,Iowa,,,,,,,,,,,"{""environment"":""dev"",""cost-center"":""cc-3110"",""owner"":""team-platform""}"
Google Cloud,Google,Google Cloud,INV-2026-05-F70819,01A2B3-C4D5E6-F70819,ExampleCorp Billing - Primary,Billing Account,examplecorp-prod-481627,prod-platform,Project,2026-05-01T00:00:00Z,2026-06-01T00:00:00Z,2026-05-21T15:00:00Z,2026-05-21T16:00:00Z,Usage,,Cloud Run vCPU allocation,Usage-Based,22.6778731236,22.6778731236,25.197636804,22.6778731236,0.0000240000,0.0000216000,Standard,1049901.5335,Core-Seconds,USD,0.0000216000,22.6778731236,0.0000240000,USD,1049901.5335,Core-Seconds,Cloud Run,Compute,Serverless Compute,SKU-fc6a19d63f2363e917267178,Compute,SPRICE-0d6d39e6df512f4876c539aa,"{""x_Generation"":""gen2""}",//run.googleapis.com/projects/examplecorp-prod-481627/services/svc-81388ce2,svc-81388ce2,Cloud Run Service,us-east1,South Carolina,,,,,,,,,,,"{""environment"":""dev"",""cost-center"":""cc-2087"",""owner"":""team-data""}"
Google Cloud,Google,Google Cloud,INV-2026-05-F70819,01A2B3-C4D5E6-F70819,ExampleCorp Billing - Primary,Billing Account,examplecorp-data-739104,data-analytics,Project,2026-05-01T00:00:00Z,2026-06-01T00:00:00Z,2026-05-21T11:00:00Z,2026-05-21T12:00:00Z,Tax,,Synthetic tax 10% on usage record 492: Google Kubernetes Engine,One-Time,0.01206,0.01206,0.0134,0.01206,,,,,,USD,,0.01206,,USD,,,Google Kubernetes Engine,Compute,Containers,,,,,,,,,,,,,,,,,,,,"{""environment"":""prod"",""cost-center"":""cc-1042"",""owner"":""team-payments""}"
Google Cloud,Google,Google Cloud,INV-2026-05-F70819,01A2B3-C4D5E6-F70819,ExampleCorp Billing - Primary,Billing Account,examplecorp-sandbox-160942,sandbox-dev,Project,2026-05-01T00:00:00Z,2026-06-01T00:00:00Z,2026-05-01T00:00:00Z,2026-06-01T00:00:00Z,Usage,,Standard storage,Usage-Based,3.8947698,3.8947698,4.327522,3.8947698,0.0200000000,0.0180000000,Standard,216.3761,GB-Months,EUR,0.0165600000,3.583188216,0.0184000000,USD,216.3761,GB-Months,Cloud Storage,Storage,Object Storage,SKU-48e52b42c3a2a664e72c7c8d,Storage,SPRICE-99bfa8769e15eca9d0e9fe91,"{""StorageClass"":""Standard""}",//storage.googleapis.com/projects/examplecorp-sandbox-160942/buckets/bucket-14b10fea,bucket-14b10fea,Storage Bucket,asia-southeast1,Singapore,,,,,,,,,,,"{""environment"":""prod"",""cost-center"":""cc-3110"",""owner"":""team-payments""}"
Google Cloud,Google,Google Cloud,INV-2026-05-A7B8C9,11C2D3-E4F506-A7B8C9,ExampleCorp Billing - Secondary,Billing Account,examplecorp-staging-552831,staging-platform,Project,2026-05-01T00:00:00Z,2026-06-01T00:00:00Z,2026-05-21T18:00:00Z,2026-05-21T19:00:00Z,Usage,,Cloud SQL custom 4 vCPU,Usage-Based,0.18,0.18,0.2,0.18,0.2000000000,0.1800000000,Standard,1.0000,Hours,USD,0.1800000000,0.18,0.2000000000,USD,1.0000,Hours,Cloud SQL,Databases,Relational Databases,SKU-5a84ed2775b50d245d6fae1f,Database,SPRICE-df6d9a619dcef43326a41589,"{""InstanceType"":""db-custom-4-16384"",""CoreCount"":4,""MemorySize"":16,""x_Engine"":""PostgreSQL""}",//sqladmin.googleapis.com/projects/examplecorp-staging-552831/instances/sql-4b0950f7,sql-4b0950f7,Cloud SQL Instance,asia-southeast1,Singapore,,,,,,,,,,,"{""environment"":""dev"",""cost-center"":""cc-1042"",""owner"":""team-platform""}"
Google Cloud,Google,Google Cloud,INV-2026-05-F70819,01A2B3-C4D5E6-F70819,ExampleCorp Billing - Primary,Billing Account,examplecorp-data-739104,data-analytics,Project,2026-05-01T00:00:00Z,2026-06-01T00:00:00Z,2026-05-21T19:00:00Z,2026-05-21T20:00:00Z,Usage,,GKE node pool hours,Usage-Based,0.1206,0.1206,0.134,0.1206,0.1340000000,0.1206000000,Standard,1.0000,Hours,USD,0.1206000000,0.1206,0.1340000000,USD,1.0000,Hours,Google Kubernetes Engine,Compute,Containers,SKU-9f36ca4ad55c40314722c6e2,Compute,SPRICE-d0b5636dddc3dcd209075213,"{""InstanceType"":""e2-standard-4"",""CoreCount"":4,""MemorySize"":16,""x_NodePool"":""default""}",//container.googleapis.com/projects/examplecorp-data-739104/clusters/gke-05cd4b03,gke-05cd4b03,GKE Cluster,us-central1,Iowa,,,,,,,,,,,"{""environment"":""staging"",""cost-center"":""cc-1042"",""owner"":""team-payments""}"
Google Cloud,Google,Google Cloud,INV-2026-05-A7B8C9,11C2D3-E4F506-A7B8C9,ExampleCorp Billing - Secondary,Billing Account,examplecorp-staging-552831,staging-platform,Project,2026-05-01T00:00:00Z,2026-06-01T00:00:00Z,2026-05-25T00:00:00Z,2026-05-26T00:00:00Z,Usage,,On-demand query analysis,Usage-Based,253.5148125,253.5148125,281.683125,253.5148125,6.2500000000,5.6250000000,Standard,45.0693,TiB,USD,5.6250000000,253.5148125,6.2500000000,USD,45.0693,TiB,BigQuery,Databases,Data Warehouses,SKU-4f1f5c17ab1a3bad4c4e9805,Analysis,SPRICE-a8b87f9859524b369e02283b,"{""x_Edition"":""OnDemand""}",//bigquery.googleapis.com/projects/examplecorp-staging-552831/datasets/ds_45131397,ds_45131397,BigQuery Dataset,us-central1,Iowa,,,,,,,,,,,"{""environment"":""prod"",""cost-center"":""cc-3110"",""owner"":""team-data""}"
Google Cloud,Google,Google Cloud,INV-2026-05-A7B8C9,11C2D3-E4F506-A7B8C9,ExampleCorp Billing - Secondary,Billing Account,examplecorp-staging-552831,staging-platform,Project,2026-05-01T00:00:00Z,2026-06-01T00:00:00Z,2026-05-01T00:00:00Z,2026-06-01T00:00:00Z,Usage,,Standard storage,Usage-Based,79.0105968,79.0105968,87.789552,79.0105968,0.0200000000,0.0180000000,Standard,4389.4776,GB-Months,USD,0.0180000000,79.0105968,0.0200000000,USD,4389.4776,GB-Months,Cloud Storage,Storage,Object Storage,SKU-8b457763f3438a2efc35839d,Storage,SPRICE-e9607b4aba6714ae0874493f,"{""StorageClass"":""Standard""}",//storage.googleapis.com/projects/examplecorp-staging-552831/buckets/bucket-d2392612,bucket-d2392612,Storage Bucket,us-east1,South Carolina,,,,,,,,,,,"{""environment"":""staging"",""cost-center"":""cc-1042"",""owner"":""team-data""}"
Google Cloud,Google,Google Cloud,INV-2026-05-F70819,01A2B3-C4D5E6-F70819,ExampleCorp Billing - Primary,Billing Account,examplecorp-staging-552831,staging-platform,Project,2026-05-01T00:00:00Z,2026-06-01T00:00:00Z,2026-05-01T00:00:00Z,2026-06-01T00:00:00Z,Usage,,Standard storage,Usage-Based,117.4493826,117.4493826,130.499314,117.4493826,0.0200000000,0.0180000000,Standard,6524.9657,GB-Months,USD,0.0180000000,117.4493826,0.0200000000,USD,6524.9657,GB-Months,Cloud Storage,Storage,Object Storage,SKU-560ffe175cb39f91c531454c,Storage,SPRICE-3d050702dcbac978cb3acee9,"{""StorageClass"":""Standard""}",//storage.googleapis.com/projects/examplecorp-staging-552831/buckets/bucket-35ae00c9,bucket-35ae00c9,Storage Bucket,us-central1,Iowa,,,,,,,,,,,"{""environment"":""dev"",""cost-center"":""cc-3110"",""owner"":""team-platform""}"
Google Cloud,Google,Google Cloud,INV-2026-05-A7B8C9,11C2D3-E4F506-A7B8C9,ExampleCorp Billing - Secondary,Billing Account,examplecorp-prod-481627,prod-platform,Project,2026-05-01T00:00:00Z,2026-06-01T00:00:00Z,2026-05-21T23:00:00Z,2026-05-22T00:00:00Z,Usage,,GKE node pool hours,Usage-Based,0.1206,0.1206,0.134,0.1206,0.1340000000,0.1206000000,Standard,1.0000,Hours,USD,0.1206000000,0.1206,0.1340000000,USD,1.0000,Hours,Google Kubernetes Engine,Compute,Containers,SKU-744da1150ba9d05a7d420696,Compute,SPRICE-b339cc568228180dd7e687e6,"{""InstanceType"":""e2-standard-4"",""CoreCount"":4,""MemorySize"":16,""x_NodePool"":""default""}",//container.googleapis.com/projects/examplecorp-prod-481627/clusters/gke-5852a7b7,gke-5852a7b7,GKE Cluster,us-east1,South Carolina,,,,,,,,,,,"{""environment"":""staging"",""cost-center"":""cc-3110"",""owner"":""team-payments""}"
Google Cloud,Google,Google Cloud,INV-2026-05-F70819,01A2B3-C4D5E6-F70819,ExampleCorp Billing - Primary,Billing Account,examplecorp-data-739104,data-analytics,Project,2026-05-01T00:00:00Z,2026-06-01T00:00:00Z,2026-05-03T01:00:00Z,2026-05-03T02:00:00Z,Tax,,Synthetic tax 10% on usage record 50: Cloud Functions,One-Time,1.033041285315,1.033041285315,1.14782365035,1.033041285315,,,,,,USD,,1.033041285315,,USD,,,Cloud Functions,Compute,Serverless Compute,,,,,,,,,,,,,,,,,,,,"{""environment"":""staging"",""cost-center"":""cc-1042"",""owner"":""team-platform""}"
Google Cloud,Google,Google Cloud,INV-2026-05-F70819,01A2B3-C4D5E6-F70819,ExampleCorp Billing - Primary,Billing Account,examplecorp-data-739104,data-analytics,Project,2026-05-01T00:00:00Z,2026-06-01T00:00:00Z,2026-05-01T00:00:00Z,2026-06-01T00:00:00Z,Usage,,Standard storage,Usage-Based,22.6553796,22.6553796,25.172644,22.6553796,0.0200000000,0.0180000000,Standard,1258.6322,GB-Months,USD,0.0180000000,22.6553796,0.0200000000,USD,1258.6322,GB-Months,Cloud Storage,Storage,Object Storage,SKU-48e52b42c3a2a664e72c7c8d,Storage,SPRICE-acaf4d3f193ddc335413e7e0,"{""StorageClass"":""Standard""}",//storage.googleapis.com/projects/examplecorp-data-739104/buckets/bucket-ffc7c214,bucket-ffc7c214,Storage Bucket,asia-southeast1,Singapore,,,,,,,,,,,"{""environment"":""staging"",""cost-center"":""cc-2087"",""owner"":""team-payments""}"
Google Cloud,Google,Google Cloud,INV-2026-05-A7B8C9,11C2D3-E4F506-A7B8C9,ExampleCorp Billing - Secondary,Billing Account,examplecorp-sandbox-160942,sandbox-dev,Project,2026-05-01T00:00:00Z,2026-06-01T00:00:00Z,2026-05-22T02:00:00Z,2026-05-22T03:00:00Z,Usage,,Function execution duration,Usage-Based,7.6387953474,7.6387953474,8.487550386,7.6387953474,0.0000025000,0.0000022500,Standard,3395020.1544,GB-Seconds,EUR,0.0000020700,7.027691719608,0.0000023000,USD,3395020.1544,GB-Seconds,Cloud Functions,Compute,Serverless Compute,SKU-aa8988f20b7d9893658f467f,Compute,SPRICE-1068f9cf53d6979bd0aff4df,"{""x_Runtime"":""python312"",""x_Generation"":""gen2""}",//cloudfunctions.googleapis.com/projects/examplecorp-sandbox-160942/functions/fn-8a3d648d,fn-8a3d648d,Cloud Function,europe-west1,Belgium,,,,,,,,,,,"{""environment"":""dev"",""cost-center"":""cc-2087"",""owner"":""team-platform""}"
Google Cloud,Google,Google Cloud,INV-2026-05-A7B8C9,11C2D3-E4F506-A7B8C9,ExampleCorp Billing - Secondary,Billing Account,examplecorp-staging-552831,staging-platform,Project,2026-05-01T00:00:00Z,2026-06-01T00:00:00Z,2026-05-22T03:00:00Z,2026-05-22T04:00:00Z,Usage,,Cloud Run vCPU allocation,Usage-Based,95.6502681696,95.6502681696,106.278075744,95.6502681696,0.0000240000,0.0000216000,Standard,4428253.1560,Core-Seconds,USD,0.0000216000,95.6502681696,0.0000240000,USD,4428253.1560,Core-Seconds,Cloud Run,Compute,Serverless Compute,SKU-fc6a19d63f2363e917267178,Compute,SPRICE-0d6d39e6df512f4876c539aa,"{""x_Generation"":""gen2""}",//run.googleapis.com/projects/examplecorp-staging-552831/services/svc-42702105,svc-42702105,Cloud Run Service,us-east1,South Carolina,,,,,,,,,,,"{""environment"":""dev"",""cost-center"":""cc-1042"",""owner"":""team-data""}"
Google Cloud,Google,Google Cloud,INV-2026-05-A7B8C9,11C2D3-E4F506-A7B8C9,ExampleCorp Billing - Secondary,Billing Account,examplecorp-sandbox-160942,sandbox-dev,Project,2026-05-01T00:00:00Z,2026-06-01T00:00:00Z,2026-05-22T04:00:00Z,2026-05-22T05:00:00Z,Usage,,GKE node pool hours,Usage-Based,0.1206,0.1206,0.134,0.1206,0.1340000000,0.1206000000,Standard,1.0000,Hours,USD,0.1206000000,0.1206,0.1340000000,USD,1.0000,Hours,Google Kubernetes Engine,Compute,Containers,SKU-9f36ca4ad55c40314722c6e2,Compute,SPRICE-d0b5636dddc3dcd209075213,"{""InstanceType"":""e2-standard-4"",""CoreCount"":4,""MemorySize"":16,""x_NodePool"":""default""}",//container.googleapis.com/projects/examplecorp-sandbox-160942/clusters/gke-37e437f9,gke-37e437f9,GKE Cluster,us-central1,Iowa,,,,,,,,,,,"{""environment"":""dev"",""cost-center"":""cc-3110"",""owner"":""team-data""}"
Google Cloud,Google,Google Cloud,INV-2026-05-A7B8C9,11C2D3-E4F506-A7B8C9,ExampleCorp Billing - Secondary,Billing Account,examplecorp-data-739104,data-analytics,Project,2026-05-01T00:00:00Z,2026-06-01T00:00:00Z,2026-05-27T00:00:00Z,2026-05-28T00:00:00Z,Tax,,Synthetic tax 10% on usage record 391: BigQuery,One-Time,5.1330375,5.1330375,5.703375,5.1330375,,,,,,USD,,5.1330375,,USD,,,BigQuery,Databases,Data Warehouses,,,,,,,,,,,,,,,,,,,,"{""environment"":""staging"",""cost-center"":""cc-2087"",""owner"":""team-platform""}"
Google Cloud,Google,Google Cloud,INV-2026-05-A7B8C9,11C2D3-E4F506-A7B8C9,ExampleCorp Billing - Secondary,Billing Account,examplecorp-sandbox-160942,sandbox-dev,Project,2026-05-01T00:00:00Z,2026-06-01T00:00:00Z,2026-05-22T06:00:00Z,2026-05-22T07:00:00Z,Usage,,Cloud SQL custom 4 vCPU,Usage-Based,0.18,0.18,0.2,0.18,0.2000000000,0.1800000000,Standard,1.0000,Hours,USD,0.1800000000,0.18,0.2000000000,USD,1.0000,Hours,Cloud SQL,Databases,Relational Databases,SKU-0878e8a79fb464dcb2955125,Database,SPRICE-252613603489dea350c5ac8d,"{""InstanceType"":""db-custom-4-16384"",""CoreCount"":4,""MemorySize"":16,""x_Engine"":""PostgreSQL""}",//sqladmin.googleapis.com/projects/examplecorp-sandbox-160942/instances/sql-e02ea9fa,sql-e02ea9fa,Cloud SQL Instance,europe-west1,Belgium,,,,,,,,,,,"{""environment"":""dev"",""cost-center"":""cc-3110"",""owner"":""team-platform""}"
Google Cloud,Google,Google Cloud,INV-2026-05-A7B8C9,11C2D3-E4F506-A7B8C9,ExampleCorp Billing - Secondary,Billing Account,examplecorp-sandbox-160942,sandbox-dev,Project,2026-05-01T00:00:00Z,2026-06-01T00:00:00Z,2026-05-08T00:00:00Z,2026-05-09T00:00:00Z,Usage,,Monitoring data ingested,Usage-Based,40.86146466,40.86146466,45.4016274,40.86146466,0.2580000000,0.2322000000,Standard,175.9753,MiB,USD,0.2322000000,40.86146466,0.2580000000,USD,175.9753,MiB,Cloud Monitoring,Management and Governance,Observability,SKU-73cb6d01edef8d38d97bb589,Monitoring,SPRICE-d59530bdf3a44cc1ae1d78ff,"{""x_DataType"":""Metrics""}",//monitoring.googleapis.com/projects/examplecorp-sandbox-160942/metricsScopes/mon-2add7bad,mon-2add7bad,Monitoring Workspace,asia-southeast1,Singapore,,,,,,,,,,,"{""environment"":""prod"",""cost-center"":""cc-2087"",""owner"":""team-data""}"
Google Cloud,Google,Google Cloud,INV-2026-05-F70819,01A2B3-C4D5E6-F70819,ExampleCorp Billing - Primary,Billing Account,examplecorp-sandbox-160942,sandbox-dev,Project,2026-05-01T00:00:00Z,2026-06-01T00:00:00Z,2026-05-22T08:00:00Z,2026-05-22T09:00:00Z,Usage,,Cloud SQL custom 4 vCPU,Usage-Based,0.18,0.18,0.2,0.18,0.2000000000,0.1800000000,Standard,1.0000,Hours,USD,0.1800000000,0.18,0.2000000000,USD,1.0000,Hours,Cloud SQL,Databases,Relational Databases,SKU-5a84ed2775b50d245d6fae1f,Database,SPRICE-df6d9a619dcef43326a41589,"{""InstanceType"":""db-custom-4-16384"",""CoreCount"":4,""MemorySize"":16,""x_Engine"":""PostgreSQL""}",//sqladmin.googleapis.com/projects/examplecorp-sandbox-160942/instances/sql-a56c484d,sql-a56c484d,Cloud SQL Instance,asia-southeast1,Singapore,,,,,,,,,,,"{""environment"":""staging"",""cost-center"":""cc-2087"",""owner"":""team-payments""}"
Google Cloud,Google,Google Cloud,INV-2026-05-A7B8C9,11C2D3-E4F506-A7B8C9,ExampleCorp Billing - Secondary,Billing Account,examplecorp-prod-481627,prod-platform,Project,2026-05-01T00:00:00Z,2026-06-01T00:00:00Z,2026-05-17T18:00:00Z,2026-05-17T19:00:00Z,Tax,,Synthetic tax 10% on usage record 403: Cloud Run,One-Time,10.311830097696,10.311830097696,11.45758899744,10.311830097696,,,,,,USD,,10.311830097696,,USD,,,Cloud Run,Compute,Serverless Compute,,,,,,,,,,,,,,,,,,,,"{""environment"":""prod"",""cost-center"":""cc-1042"",""owner"":""team-platform""}"
Google Cloud,Google,Google Cloud,INV-2026-05-F70819,01A2B3-C4D5E6-F70819,ExampleCorp Billing - Primary,Billing Account,examplecorp-data-739104,data-analytics,Project,2026-05-01T00:00:00Z,2026-06-01T00:00:00Z,2026-05-11T00:00:00Z,2026-05-12T00:00:00Z,Usage,,Monitoring data ingested,Usage-Based,1.48150566,1.48150566,1.6461174,1.48150566,0.2580000000,0.2322000000,Standard,6.3803,MiB,USD,0.2322000000,1.48150566,0.2580000000,USD,6.3803,MiB,Cloud Monitoring,Management and Governance,Observability,SKU-afe92dda1165fc43abddae34,Monitoring,SPRICE-6d15472be77f7b0846642d52,"{""x_DataType"":""Metrics""}",//monitoring.googleapis.com/projects/examplecorp-data-739104/metricsScopes/mon-40f3738f,mon-40f3738f,Monitoring Workspace,europe-west1,Belgium,,,,,,,,,,,"{""environment"":""staging"",""cost-center"":""cc-2087"",""owner"":""team-data""}"
Google Cloud,Google,Google Cloud,INV-2026-05-A7B8C9,11C2D3-E4F506-A7B8C9,ExampleCorp Billing - Secondary,Billing Account,examplecorp-data-739104,data-analytics,Project,2026-05-01T00:00:00Z,2026-06-01T00:00:00Z,2026-05-12T00:00:00Z,2026-05-13T00:00:00Z,Usage,,Monitoring data ingested,Usage-Based,15.40909386,15.40909386,17.1212154,15.40909386,0.2580000000,0.2322000000,Standard,66.3613,MiB,USD,0.2322000000,15.40909386,0.2580000000,USD,66.3613,MiB,Cloud Monitoring,Management and Governance,Observability,SKU-f2290c09e5e6212780d60874,Monitoring,SPRICE-d43771be279a84180443f7fd,"{""x_DataType"":""Metrics""}",//monitoring.googleapis.com/projects/examplecorp-data-739104/metricsScopes/mon-30a7ec05,mon-30a7ec05,Monitoring Workspace,us-central1,Iowa,,,,,,,,,,,"{""environment"":""dev"",""cost-center"":""cc-2087"",""owner"":""team-payments""}"
Google Cloud,Google,Google Cloud,INV-2026-05-F70819,01A2B3-C4D5E6-F70819,ExampleCorp Billing - Primary,Billing Account,examplecorp-prod-481627,prod-platform,Project,2026-05-01T00:00:00Z,2026-06-01T00:00:00Z,2026-05-22T12:00:00Z,2026-05-22T13:00:00Z,Usage,,e2-standard-4 running,Usage-Based,0.1206,0.1206,0.134,0.1206,0.1340000000,0.1206000000,Standard,1.0000,Hours,USD,0.1206000000,0.1206,0.1340000000,USD,1.0000,Hours,Compute Engine,Compute,Virtual Machines,SKU-161f822522a7bfba73514603,Compute,SPRICE-595a86198276ef2dbadddea2,"{""InstanceType"":""e2-standard-4"",""InstanceSeries"":""E2"",""CoreCount"":4,""MemorySize"":16,""OperatingSystem"":""Linux"",""x_Preemptible"":""false""}",//compute.googleapis.com/projects/examplecorp-prod-481627/instances/instance-ceb65c98,instance-ceb65c98,Compute Instance,us-central1,Iowa,us-central1-c,,,,,,,,,,"{""environment"":""dev"",""cost-center"":""cc-1042"",""owner"":""team-platform""}"
Google Cloud,Google,Google Cloud,INV-2026-05-F70819,01A2B3-C4D5E6-F70819,ExampleCorp Billing - Primary,Billing Account,examplecorp-data-739104,data-analytics,Project,2026-05-01T00:00:00Z,2026-06-01T00:00:00Z,2026-05-22T13:00:00Z,2026-05-22T14:00:00Z,Usage,,Cloud Run vCPU allocation,Usage-Based,26.735908518,26.735908518,29.70656502,26.735908518,0.0000240000,0.0000216000,Standard,1237773.5425,Core-Seconds,USD,0.0000216000,26.735908518,0.0000240000,USD,1237773.5425,Core-Seconds,Cloud Run,Compute,Serverless Compute,SKU-0828b68f352ea8761f8e1993,Compute,SPRICE-939cc729025fe8682a0f43e3,"{""x_Generation"":""gen2""}",//run.googleapis.com/projects/examplecorp-data-739104/services/svc-4b526540,svc-4b526540,Cloud Run Service,europe-west1,Belgium,,,,,,,,,,,"{""environment"":""staging"",""cost-center"":""cc-1042"",""owner"":""team-platform""}"
Google Cloud,Google,Google Cloud,INV-2026-05-F70819,01A2B3-C4D5E6-F70819,ExampleCorp Billing - Primary,Billing Account,examplecorp-staging-552831,staging-platform,Project,2026-05-01T00:00:00Z,2026-06-01T00:00:00Z,2026-05-01T00:00:00Z,2026-06-01T00:00:00Z,Usage,,Standard storage,Usage-Based,131.587893,131.587893,146.20877,131.587893,0.0200000000,0.0180000000,Standard,7310.4385,GB-Months,USD,0.0180000000,131.587893,0.0200000000,USD,7310.4385,GB-Months,Cloud Storage,Storage,Object Storage,SKU-d897913b7483a157db0c5b7e,Storage,SPRICE-c7019451d3d2cfe060e67bf2,"{""StorageClass"":""Standard""}",//storage.googleapis.com/projects/examplecorp-staging-552831/buckets/bucket-78aff3b5,bucket-78aff3b5,Storage Bucket,europe-west1,Belgium,,,,,,,,,,,"{""environment"":""prod"",""cost-center"":""cc-1042"",""owner"":""team-data""}"
Google Cloud,Google,Google Cloud,INV-2026-05-F70819,01A2B3-C4D5E6-F70819,ExampleCorp Billing - Primary,Billing Account,examplecorp-sandbox-160942,sandbox-dev,Project,2026-05-01T00:00:00Z,2026-06-01T00:00:00Z,2026-05-16T00:00:00Z,2026-05-17T00:00:00Z,Usage,,Monitoring data ingested,Usage-Based,39.70819692,39.70819692,44.1202188,39.70819692,0.2580000000,0.2322000000,Standard,171.0086,MiB,USD,0.2322000000,39.70819692,0.2580000000,USD,171.0086,MiB,Cloud Monitoring,Management and Governance,Observability,SKU-7ae4fc052f28901dffce70d1,Monitoring,SPRICE-57d21c7b60b5e5bed918393e,"{""x_DataType"":""Metrics""}",//monitoring.googleapis.com/projects/examplecorp-sandbox-160942/metricsScopes/mon-e44c4b0c,mon-e44c4b0c,Monitoring Workspace,us-east1,South Carolina,,,,,,,,,,,"{""environment"":""staging"",""cost-center"":""cc-2087"",""owner"":""team-platform""}"
Google Cloud,Google,Google Cloud,INV-2026-05-A7B8C9,11C2D3-E4F506-A7B8C9,ExampleCorp Billing - Secondary,Billing Account,examplecorp-staging-552831,staging-platform,Project,2026-05-01T00:00:00Z,2026-06-01T00:00:00Z,2026-05-22T16:00:00Z,2026-05-22T17:00:00Z,Usage,,Cloud SQL custom 4 vCPU,Usage-Based,0.18,0.18,0.2,0.18,0.2000000000,0.1800000000,Standard,1.0000,Hours,USD,0.1800000000,0.18,0.2000000000,USD,1.0000,Hours,Cloud SQL,Databases,Relational Databases,SKU-ba223805a916089dc772c95e,Database,SPRICE-715e0278131e4992ea970001,"{""InstanceType"":""db-custom-4-16384"",""CoreCount"":4,""MemorySize"":16,""x_Engine"":""PostgreSQL""}",//sqladmin.googleapis.com/projects/examplecorp-staging-552831/instances/sql-e02dfe9e,sql-e02dfe9e,Cloud SQL Instance,us-east1,South Carolina,,,,,,,,,,,"{""environment"":""dev"",""cost-center"":""cc-1042"",""owner"":""team-platform""}"
Google Cloud,Google,Google Cloud,INV-2026-05-A7B8C9,11C2D3-E4F506-A7B8C9,ExampleCorp Billing - Secondary,Billing Account,examplecorp-data-739104,data-analytics,Project,2026-05-01T00:00:00Z,2026-06-01T00:00:00Z,2026-05-22T17:00:00Z,2026-05-22T18:00:00Z,Purchase,,"Committed Use Discount commitment, amortised for the charge period",Recurring,0.089378,0,0.089378,0.089378,0.0893780000,0.0893780000,Standard,1,Hours,USD,0.0893780000,0,0.0893780000,USD,,,Compute Engine,Compute,Virtual Machines,SKU-613ce285f8bfe941af1c870a,Commitment,SPRICE-6e7aac724f1fc047f53d742a,"{""x_Plan"":""TWELVE_MONTH"",""x_Type"":""COMPUTE_OPTIMIZED""}",//compute.googleapis.com/projects/examplecorp-data-739104/regions/us-east1/commitments/cud-5e763489f4,cud-a429261096,Committed Use Discount,us-east1,South Carolina,,//compute.googleapis.com/projects/examplecorp-data-739104/regions/us-east1/commitments/cud-5e763489f4,ResourceBasedCUD-1yr-Compute,Usage,Committed Use Discount,,1,Hours,,,"{""environment"":""staging"",""cost-center"":""cc-3110"",""owner"":""team-data""}"
Google Cloud,Google,Google Cloud,INV-2026-05-A7B8C9,11C2D3-E4F506-A7B8C9,ExampleCorp Billing - Secondary,Billing Account,examplecorp-data-739104,data-analytics,Project,2026-05-01T00:00:00Z,2026-06-01T00:00:00Z,2026-05-22T17:00:00Z,2026-05-22T18:00:00Z,Usage,,Compute Engine committed usage,Usage-Based,0,0.089378,0.134,0.1206,0.1340000000,0.1206000000,Committed,1,Hours,USD,0.1206000000,0.089378,0.1340000000,USD,1,Hours,Compute Engine,Compute,Virtual Machines,SKU-c7f294f3dc4904208c787632,Compute,SPRICE-c8c1784c237a87edf1c3647d,"{""InstanceType"":""e2-standard-4"",""InstanceSeries"":""E2"",""CoreCount"":4,""MemorySize"":16,""OperatingSystem"":""Linux"",""x_Preemptible"":""false""}",//compute.googleapis.com/projects/examplecorp-data-739104/instances/instance-000059eed9,instance-000059eed9,Compute Instance,us-east1,South Carolina,us-east1-c,//compute.googleapis.com/projects/examplecorp-data-739104/regions/us-east1/commitments/cud-5e763489f4,ResourceBasedCUD-1yr-Compute,Usage,Committed Use Discount,Used,1,Hours,,,"{""environment"":""prod"",""cost-center"":""cc-2087"",""owner"":""team-payments""}"
Google Cloud,Google,Google Cloud,INV-2026-05-A7B8C9,11C2D3-E4F506-A7B8C9,ExampleCorp Billing - Secondary,Billing Account,examplecorp-data-739104,data-analytics,Project,2026-05-01T00:00:00Z,2026-06-01T00:00:00Z,2026-05-22T18:00:00Z,2026-05-22T19:00:00Z,Purchase,,"Committed Use Discount commitment, amortised for the charge period",Recurring,0.089378,0,0.089378,0.089378,0.0893780000,0.0893780000,Standard,1,Hours,USD,0.0893780000,0,0.0893780000,USD,,,Compute Engine,Compute,Virtual Machines,SKU-613ce285f8bfe941af1c870a,Commitment,SPRICE-6e7aac724f1fc047f53d742a,"{""x_Plan"":""TWELVE_MONTH"",""x_Type"":""COMPUTE_OPTIMIZED""}",//compute.googleapis.com/projects/examplecorp-data-739104/regions/us-east1/commitments/cud-5e763489f4,cud-a429261096,Committed Use Discount,us-east1,South Carolina,,//compute.googleapis.com/projects/examplecorp-data-739104/regions/us-east1/commitments/cud-5e763489f4,ResourceBasedCUD-1yr-Compute,Usage,Committed Use Discount,,1,Hours,,,"{""environment"":""prod"",""cost-center"":""cc-2087"",""owner"":""team-data""}"
Google Cloud,Google,Google Cloud,INV-2026-05-A7B8C9,11C2D3-E4F506-A7B8C9,ExampleCorp Billing - Secondary,Billing Account,examplecorp-data-739104,data-analytics,Project,2026-05-01T00:00:00Z,2026-06-01T00:00:00Z,2026-05-22T18:00:00Z,2026-05-22T19:00:00Z,Usage,,Compute Engine committed usage,Usage-Based,0,0.089378,0.134,0.1206,0.1340000000,0.1206000000,Committed,1,Hours,USD,0.1206000000,0.089378,0.1340000000,USD,1,Hours,Compute Engine,Compute,Virtual Machines,SKU-c7f294f3dc4904208c787632,Compute,SPRICE-c8c1784c237a87edf1c3647d,"{""InstanceType"":""e2-standard-4"",""InstanceSeries"":""E2"",""CoreCount"":4,""MemorySize"":16,""OperatingSystem"":""Linux"",""x_Preemptible"":""false""}",//compute.googleapis.com/projects/examplecorp-data-739104/instances/instance-000108541c,instance-000108541c,Compute Instance,us-east1,South Carolina,us-east1-c,//compute.googleapis.com/projects/examplecorp-data-739104/regions/us-east1/commitments/cud-5e763489f4,ResourceBasedCUD-1yr-Compute,Usage,Committed Use Discount,Used,1,Hours,,,"{""environment"":""prod"",""cost-center"":""cc-1042"",""owner"":""team-data""}"
Google Cloud,Google,Google Cloud,INV-2026-05-A7B8C9,11C2D3-E4F506-A7B8C9,ExampleCorp Billing - Secondary,Billing Account,examplecorp-data-739104,data-analytics,Project,2026-05-01T00:00:00Z,2026-06-01T00:00:00Z,2026-05-22T19:00:00Z,2026-05-22T20:00:00Z,Purchase,,"Committed Use Discount commitment, amortised for the charge period",Recurring,0.089378,0,0.089378,0.089378,0.0893780000,0.0893780000,Standard,1,Hours,USD,0.0893780000,0,0.0893780000,USD,,,Compute Engine,Compute,Virtual Machines,SKU-613ce285f8bfe941af1c870a,Commitment,SPRICE-6e7aac724f1fc047f53d742a,"{""x_Plan"":""TWELVE_MONTH"",""x_Type"":""COMPUTE_OPTIMIZED""}",//compute.googleapis.com/projects/examplecorp-data-739104/regions/us-east1/commitments/cud-5e763489f4,cud-a429261096,Committed Use Discount,us-east1,South Carolina,,//compute.googleapis.com/projects/examplecorp-data-739104/regions/us-east1/commitments/cud-5e763489f4,ResourceBasedCUD-1yr-Compute,Usage,Committed Use Discount,,1,Hours,,,"{""environment"":""dev"",""cost-center"":""cc-2087"",""owner"":""team-data""}"
Google Cloud,Google,Google Cloud,INV-2026-05-A7B8C9,11C2D3-E4F506-A7B8C9,ExampleCorp Billing - Secondary,Billing Account,examplecorp-data-739104,data-analytics,Project,2026-05-01T00:00:00Z,2026-06-01T00:00:00Z,2026-05-22T19:00:00Z,2026-05-22T20:00:00Z,Usage,,Compute Engine committed usage,Usage-Based,0,0.089378,0.134,0.1206,0.1340000000,0.1206000000,Committed,1,Hours,USD,0.1206000000,0.089378,0.1340000000,USD,1,Hours,Compute Engine,Compute,Virtual Machines,SKU-c7f294f3dc4904208c787632,Compute,SPRICE-c8c1784c237a87edf1c3647d,"{""InstanceType"":""e2-standard-4"",""InstanceSeries"":""E2"",""CoreCount"":4,""MemorySize"":16,""OperatingSystem"":""Linux"",""x_Preemptible"":""false""}",//compute.googleapis.com/projects/examplecorp-data-739104/instances/instance-0002b9b058,instance-0002b9b058,Compute Instance,us-east1,South Carolina,us-east1-c,//compute.googleapis.com/projects/examplecorp-data-739104/regions/us-east1/commitments/cud-5e763489f4,ResourceBasedCUD-1yr-Compute,Usage,Committed Use Discount,Used,1,Hours,,,"{""environment"":""prod"",""cost-center"":""cc-3110"",""owner"":""team-platform""}"
Google Cloud,Google,Google Cloud,INV-2026-05-A7B8C9,11C2D3-E4F506-A7B8C9,ExampleCorp Billing - Secondary,Billing Account,examplecorp-data-739104,data-analytics,Project,2026-05-01T00:00:00Z,2026-06-01T00:00:00Z,2026-05-22T20:00:00Z,2026-05-22T21:00:00Z,Purchase,,"Committed Use Discount commitment, amortised for the charge period",Recurring,0.089378,0,0.089378,0.089378,0.0893780000,0.0893780000,Standard,1,Hours,USD,0.0893780000,0,0.0893780000,USD,,,Compute Engine,Compute,Virtual Machines,SKU-613ce285f8bfe941af1c870a,Commitment,SPRICE-6e7aac724f1fc047f53d742a,"{""x_Plan"":""TWELVE_MONTH"",""x_Type"":""COMPUTE_OPTIMIZED""}",//compute.googleapis.com/projects/examplecorp-data-739104/regions/us-east1/commitments/cud-5e763489f4,cud-a429261096,Committed Use Discount,us-east1,South Carolina,,//compute.googleapis.com/projects/examplecorp-data-739104/regions/us-east1/commitments/cud-5e763489f4,ResourceBasedCUD-1yr-Compute,Usage,Committed Use Discount,,1,Hours,,,"{""environment"":""dev"",""cost-center"":""cc-1042"",""owner"":""team-data""}"
Google Cloud,Google,Google Cloud,INV-2026-05-A7B8C9,11C2D3-E4F506-A7B8C9,ExampleCorp Billing - Secondary,Billing Account,examplecorp-data-739104,data-analytics,Project,2026-05-01T00:00:00Z,2026-06-01T00:00:00Z,2026-05-22T20:00:00Z,2026-05-22T21:00:00Z,Usage,,Compute Engine committed usage,Usage-Based,0,0.089378,0.134,0.1206,0.1340000000,0.1206000000,Committed,1,Hours,USD,0.1206000000,0.089378,0.1340000000,USD,1,Hours,Compute Engine,Compute,Virtual Machines,SKU-c7f294f3dc4904208c787632,Compute,SPRICE-c8c1784c237a87edf1c3647d,"{""InstanceType"":""e2-standard-4"",""InstanceSeries"":""E2"",""CoreCount"":4,""MemorySize"":16,""OperatingSystem"":""Linux"",""x_Preemptible"":""false""}",//compute.googleapis.com/projects/examplecorp-data-739104/instances/instance-0003c98a16,instance-0003c98a16,Compute Instance,us-east1,South Carolina,us-east1-c,//compute.googleapis.com/projects/examplecorp-data-739104/regions/us-east1/commitments/cud-5e763489f4,ResourceBasedCUD-1yr-Compute,Usage,Committed Use Discount,Used,1,Hours,,,"{""environment"":""prod"",""cost-center"":""cc-1042"",""owner"":""team-data""}"
Google Cloud,Google,Google Cloud,INV-2026-05-A7B8C9,11C2D3-E4F506-A7B8C9,ExampleCorp Billing - Secondary,Billing Account,examplecorp-data-739104,data-analytics,Project,2026-05-01T00:00:00Z,2026-06-01T00:00:00Z,2026-05-22T21:00:00Z,2026-05-22T22:00:00Z,Purchase,,"Committed Use Discount commitment, amortised for the charge period",Recurring,0.089378,0,0.089378,0.089378,0.0893780000,0.0893780000,Standard,1,Hours,USD,0.0893780000,0,0.0893780000,USD,,,Compute Engine,Compute,Virtual Machines,SKU-613ce285f8bfe941af1c870a,Commitment,SPRICE-6e7aac724f1fc047f53d742a,"{""x_Plan"":""TWELVE_MONTH"",""x_Type"":""COMPUTE_OPTIMIZED""}",//compute.googleapis.com/projects/examplecorp-data-739104/regions/us-east1/commitments/cud-5e763489f4,cud-a429261096,Committed Use Discount,us-east1,South Carolina,,//compute.googleapis.com/projects/examplecorp-data-739104/regions/us-east1/commitments/cud-5e763489f4,ResourceBasedCUD-1yr-Compute,Usage,Committed Use Discount,,1,Hours,,,"{""environment"":""prod"",""cost-center"":""cc-3110"",""owner"":""team-platform""}"
Google Cloud,Google,Google Cloud,INV-2026-05-A7B8C9,11C2D3-E4F506-A7B8C9,ExampleCorp Billing - Secondary,Billing Account,examplecorp-data-739104,data-analytics,Project,2026-05-01T00:00:00Z,2026-06-01T00:00:00Z,2026-05-22T21:00:00Z,2026-05-22T22:00:00Z,Usage,,Compute Engine committed usage,Usage-Based,0,0.089378,0.134,0.1206,0.1340000000,0.1206000000,Committed,1,Hours,USD,0.1206000000,0.089378,0.1340000000,USD,1,Hours,Compute Engine,Compute,Virtual Machines,SKU-c7f294f3dc4904208c787632,Compute,SPRICE-c8c1784c237a87edf1c3647d,"{""InstanceType"":""e2-standard-4"",""InstanceSeries"":""E2"",""CoreCount"":4,""MemorySize"":16,""OperatingSystem"":""Linux"",""x_Preemptible"":""false""}",//compute.googleapis.com/projects/examplecorp-data-739104/instances/instance-0004e54deb,instance-0004e54deb,Compute Instance,us-east1,South Carolina,us-east1-c,//compute.googleapis.com/projects/examplecorp-data-739104/regions/us-east1/commitments/cud-5e763489f4,ResourceBasedCUD-1yr-Compute,Usage,Committed Use Discount,Used,1,Hours,,,"{""environment"":""staging"",""cost-center"":""cc-2087"",""owner"":""team-data""}"
Google Cloud,Google,Google Cloud,INV-2026-05-A7B8C9,11C2D3-E4F506-A7B8C9,ExampleCorp Billing - Secondary,Billing Account,examplecorp-data-739104,data-analytics,Project,2026-05-01T00:00:00Z,2026-06-01T00:00:00Z,2026-05-22T22:00:00Z,2026-05-22T23:00:00Z,Purchase,,"Committed Use Discount commitment, amortised for the charge period",Recurring,0.089378,0,0.089378,0.089378,0.0893780000,0.0893780000,Standard,1,Hours,USD,0.0893780000,0,0.0893780000,USD,,,Compute Engine,Compute,Virtual Machines,SKU-613ce285f8bfe941af1c870a,Commitment,SPRICE-6e7aac724f1fc047f53d742a,"{""x_Plan"":""TWELVE_MONTH"",""x_Type"":""COMPUTE_OPTIMIZED""}",//compute.googleapis.com/projects/examplecorp-data-739104/regions/us-east1/commitments/cud-5e763489f4,cud-a429261096,Committed Use Discount,us-east1,South Carolina,,//compute.googleapis.com/projects/examplecorp-data-739104/regions/us-east1/commitments/cud-5e763489f4,ResourceBasedCUD-1yr-Compute,Usage,Committed Use Discount,,1,Hours,,,"{""environment"":""prod"",""cost-center"":""cc-1042"",""owner"":""team-platform""}"
Google Cloud,Google,Google Cloud,INV-2026-05-A7B8C9,11C2D3-E4F506-A7B8C9,ExampleCorp Billing - Secondary,Billing Account,examplecorp-data-739104,data-analytics,Project,2026-05-01T00:00:00Z,2026-06-01T00:00:00Z,2026-05-22T22:00:00Z,2026-05-22T23:00:00Z,Usage,,Committed Use Discount unused commitment,Usage-Based,0,0.089378,0.089378,0.089378,0.0893780000,0.0893780000,Committed,1,Hours,USD,0.0893780000,0.089378,0.0893780000,USD,,,Compute Engine,Compute,Virtual Machines,SKU-613ce285f8bfe941af1c870a,Commitment,SPRICE-6e7aac724f1fc047f53d742a,"{""x_Plan"":""TWELVE_MONTH"",""x_Type"":""COMPUTE_OPTIMIZED""}",//compute.googleapis.com/projects/examplecorp-data-739104/regions/us-east1/commitments/cud-5e763489f4,cud-a429261096,Committed Use Discount,us-east1,South Carolina,,//compute.googleapis.com/projects/examplecorp-data-739104/regions/us-east1/commitments/cud-5e763489f4,ResourceBasedCUD-1yr-Compute,Usage,Committed Use Discount,Unused,1,Hours,,,"{""environment"":""staging"",""cost-center"":""cc-1042"",""owner"":""team-platform""}"
Google Cloud,Google,Google Cloud,INV-2026-05-A7B8C9,11C2D3-E4F506-A7B8C9,ExampleCorp Billing - Secondary,Billing Account,examplecorp-data-739104,data-analytics,Project,2026-05-01T00:00:00Z,2026-06-01T00:00:00Z,2026-05-22T23:00:00Z,2026-05-23T00:00:00Z,Purchase,,"Committed Use Discount commitment, amortised for the charge period",Recurring,0.089378,0,0.089378,0.089378,0.0893780000,0.0893780000,Standard,1,Hours,USD,0.0893780000,0,0.0893780000,USD,,,Compute Engine,Compute,Virtual Machines,SKU-613ce285f8bfe941af1c870a,Commitment,SPRICE-6e7aac724f1fc047f53d742a,"{""x_Plan"":""TWELVE_MONTH"",""x_Type"":""COMPUTE_OPTIMIZED""}",//compute.googleapis.com/projects/examplecorp-data-739104/regions/us-east1/commitments/cud-5e763489f4,cud-a429261096,Committed Use Discount,us-east1,South Carolina,,//compute.googleapis.com/projects/examplecorp-data-739104/regions/us-east1/commitments/cud-5e763489f4,ResourceBasedCUD-1yr-Compute,Usage,Committed Use Discount,,1,Hours,,,"{""environment"":""prod"",""cost-center"":""cc-2087"",""owner"":""team-data""}"
Google Cloud,Google,Google Cloud,INV-2026-05-A7B8C9,11C2D3-E4F506-A7B8C9,ExampleCorp Billing - Secondary,Billing Account,examplecorp-data-739104,data-analytics,Project,2026-05-01T00:00:00Z,2026-06-01T00:00:00Z,2026-05-22T23:00:00Z,2026-05-23T00:00:00Z,Usage,,Committed Use Discount unused commitment,Usage-Based,0,0.089378,0.089378,0.089378,0.0893780000,0.0893780000,Committed,1,Hours,USD,0.0893780000,0.089378,0.0893780000,USD,,,Compute Engine,Compute,Virtual Machines,SKU-613ce285f8bfe941af1c870a,Commitment,SPRICE-6e7aac724f1fc047f53d742a,"{""x_Plan"":""TWELVE_MONTH"",""x_Type"":""COMPUTE_OPTIMIZED""}",//compute.googleapis.com/projects/examplecorp-data-739104/regions/us-east1/commitments/cud-5e763489f4,cud-a429261096,Committed Use Discount,us-east1,South Carolina,,//compute.googleapis.com/projects/examplecorp-data-739104/regions/us-east1/commitments/cud-5e763489f4,ResourceBasedCUD-1yr-Compute,Usage,Committed Use Discount,Unused,1,Hours,,,"{""environment"":""staging"",""cost-center"":""cc-2087"",""owner"":""team-data""}"
Google Cloud,Google,Google Cloud,INV-2026-05-A7B8C9,11C2D3-E4F506-A7B8C9,ExampleCorp Billing - Secondary,Billing Account,examplecorp-data-739104,data-analytics,Project,2026-05-01T00:00:00Z,2026-06-01T00:00:00Z,2026-05-23T00:00:00Z,2026-05-23T01:00:00Z,Purchase,,"Committed Use Discount commitment, amortised for the charge period",Recurring,0.089378,0,0.089378,0.089378,0.0893780000,0.0893780000,Standard,1,Hours,USD,0.0893780000,0,0.0893780000,USD,,,Compute Engine,Compute,Virtual Machines,SKU-613ce285f8bfe941af1c870a,Commitment,SPRICE-6e7aac724f1fc047f53d742a,"{""x_Plan"":""TWELVE_MONTH"",""x_Type"":""COMPUTE_OPTIMIZED""}",//compute.googleapis.com/projects/examplecorp-data-739104/regions/us-east1/commitments/cud-5e763489f4,cud-a429261096,Committed Use Discount,us-east1,South Carolina,,//compute.googleapis.com/projects/examplecorp-data-739104/regions/us-east1/commitments/cud-5e763489f4,ResourceBasedCUD-1yr-Compute,Usage,Committed Use Discount,,1,Hours,,,"{""environment"":""staging"",""cost-center"":""cc-2087"",""owner"":""team-data""}"
Google Cloud,Google,Google Cloud,INV-2026-05-A7B8C9,11C2D3-E4F506-A7B8C9,ExampleCorp Billing - Secondary,Billing Account,examplecorp-data-739104,data-analytics,Project,2026-05-01T00:00:00Z,2026-06-01T00:00:00Z,2026-05-23T00:00:00Z,2026-05-23T01:00:00Z,Usage,,Committed Use Discount unused commitment,Usage-Based,0,0.089378,0.089378,0.089378,0.0893780000,0.0893780000,Committed,1,Hours,USD,0.0893780000,0.089378,0.0893780000,USD,,,Compute Engine,Compute,Virtual Machines,SKU-613ce285f8bfe941af1c870a,Commitment,SPRICE-6e7aac724f1fc047f53d742a,"{""x_Plan"":""TWELVE_MONTH"",""x_Type"":""COMPUTE_OPTIMIZED""}",//compute.googleapis.com/projects/examplecorp-data-739104/regions/us-east1/commitments/cud-5e763489f4,cud-a429261096,Committed Use Discount,us-east1,South Carolina,,//compute.googleapis.com/projects/examplecorp-data-739104/regions/us-east1/commitments/cud-5e763489f4,ResourceBasedCUD-1yr-Compute,Usage,Committed Use Discount,Unused,1,Hours,,,"{""environment"":""prod"",""cost-center"":""cc-2087"",""owner"":""team-data""}"
Google Cloud,Google,Google Cloud,INV-2026-05-F70819,01A2B3-C4D5E6-F70819,ExampleCorp Billing - Primary,Billing Account,examplecorp-data-739104,data-analytics,Project,2026-05-01T00:00:00Z,2026-06-01T00:00:00Z,2026-05-06T00:00:00Z,2026-05-07T00:00:00Z,Usage,,Monitoring data ingested,Usage-Based,7.65328878,7.65328878,8.5036542,7.65328878,0.2580000000,0.2322000000,Standard,32.9599,MiB,USD,0.2322000000,7.65328878,0.2580000000,USD,32.9599,MiB,Cloud Monitoring,Management and Governance,Observability,SKU-f2290c09e5e6212780d60874,Monitoring,SPRICE-d43771be279a84180443f7fd,"{""x_DataType"":""Metrics""}",//monitoring.googleapis.com/projects/examplecorp-data-739104/metricsScopes/mon-6294c803,mon-6294c803,Monitoring Workspace,us-central1,Iowa,,,,,,,,,,,"{""environment"":""prod"",""cost-center"":""cc-3110"",""owner"":""team-platform""}"
Google Cloud,Google,Google Cloud,INV-2026-05-A7B8C9,11C2D3-E4F506-A7B8C9,ExampleCorp Billing - Secondary,Billing Account,examplecorp-staging-552831,staging-platform,Project,2026-05-01T00:00:00Z,2026-06-01T00:00:00Z,2026-05-23T10:00:00Z,2026-05-23T11:00:00Z,Usage,,Function execution duration,Usage-Based,1.3716256347,1.3716256347,1.524028483,1.3716256347,0.0000025000,0.0000022500,Standard,609611.3932,GB-Seconds,USD,0.0000022500,1.3716256347,0.0000025000,USD,609611.3932,GB-Seconds,Cloud Functions,Compute,Serverless Compute,SKU-eb71d7502d67eb15645ae724,Compute,SPRICE-29314eddd725ec87d1767584,"{""x_Runtime"":""python312"",""x_Generation"":""gen2""}",//cloudfunctions.googleapis.com/projects/examplecorp-staging-552831/functions/fn-a5cf7a1c,fn-a5cf7a1c,Cloud Function,asia-southeast1,Singapore,,,,,,,,,,,"{""environment"":""staging"",""cost-center"":""cc-3110"",""owner"":""team-platform""}"
Google Cloud,Google,Google Cloud,INV-2026-05-F70819,01A2B3-C4D5E6-F70819,ExampleCorp Billing - Primary,Billing Account,examplecorp-staging-552831,staging-platform,Project,2026-05-01T00:00:00Z,2026-06-01T00:00:00Z,2026-05-23T11:00:00Z,2026-05-23T12:00:00Z,Usage,,Cloud SQL custom 4 vCPU,Usage-Based,0.18,0.18,0.2,0.18,0.2000000000,0.1800000000,Standard,1.0000,Hours,USD,0.1800000000,0.18,0.2000000000,USD,1.0000,Hours,Cloud SQL,Databases,Relational Databases,SKU-d90356e2a5d22b807727c289,Database,SPRICE-dedc6d4fdfe1a8a6142b961a,"{""InstanceType"":""db-custom-4-16384"",""CoreCount"":4,""MemorySize"":16,""x_Engine"":""PostgreSQL""}",//sqladmin.googleapis.com/projects/examplecorp-staging-552831/instances/sql-d8611e10,sql-d8611e10,Cloud SQL Instance,us-central1,Iowa,,,,,,,,,,,"{""environment"":""prod"",""cost-center"":""cc-1042"",""owner"":""team-payments""}"
Google Cloud,Google,Google Cloud,INV-2026-05-A7B8C9,11C2D3-E4F506-A7B8C9,ExampleCorp Billing - Secondary,Billing Account,examplecorp-sandbox-160942,sandbox-dev,Project,2026-05-01T00:00:00Z,2026-06-01T00:00:00Z,2026-05-22T04:00:00Z,2026-05-22T05:00:00Z,Tax,,Synthetic tax 10% on usage record 509: Google Kubernetes Engine,One-Time,0.01206,0.01206,0.0134,0.01206,,,,,,USD,,0.01206,,USD,,,Google Kubernetes Engine,Compute,Containers,,,,,,,,,,,,,,,,,,,,"{""environment"":""dev"",""cost-center"":""cc-3110"",""owner"":""team-data""}"
Google Cloud,Google,Google Cloud,INV-2026-05-A7B8C9,11C2D3-E4F506-A7B8C9,ExampleCorp Billing - Secondary,Billing Account,examplecorp-staging-552831,staging-platform,Project,2026-05-01T00:00:00Z,2026-06-01T00:00:00Z,2026-05-21T18:00:00Z,2026-05-21T19:00:00Z,Tax,,Synthetic tax 10% on usage record 499: Cloud SQL,One-Time,0.018,0.018,0.02,0.018,,,,,,USD,,0.018,,USD,,,Cloud SQL,Databases,Relational Databases,,,,,,,,,,,,,,,,,,,,"{""environment"":""dev"",""cost-center"":""cc-1042"",""owner"":""team-platform""}"
Google Cloud,Google,Google Cloud,INV-2026-05-A7B8C9,11C2D3-E4F506-A7B8C9,ExampleCorp Billing - Secondary,Billing Account,examplecorp-sandbox-160942,sandbox-dev,Project,2026-05-01T00:00:00Z,2026-06-01T00:00:00Z,2026-05-08T00:00:00Z,2026-05-09T00:00:00Z,Tax,,Synthetic tax 10% on usage record 484: Cloud Monitoring,One-Time,6.232621842,6.232621842,6.92513538,6.232621842,,,,,,EUR,,5.73401209464,,USD,,,Cloud Monitoring,Management and Governance,Observability,,,,,,,,,,,,,,,,,,,,"{""environment"":""prod"",""cost-center"":""cc-1042"",""owner"":""team-payments""}"
Google Cloud,Google,Google Cloud,INV-2026-05-F70819,01A2B3-C4D5E6-F70819,ExampleCorp Billing - Primary,Billing Account,examplecorp-data-739104,data-analytics,Project,2026-05-01T00:00:00Z,2026-06-01T00:00:00Z,2026-05-23T15:00:00Z,2026-05-23T16:00:00Z,Usage,,GKE node pool hours,Usage-Based,0.1206,0.1206,0.134,0.1206,0.1340000000,0.1206000000,Standard,1.0000,Hours,USD,0.1206000000,0.1206,0.1340000000,USD,1.0000,Hours,Google Kubernetes Engine,Compute,Containers,SKU-95bb96cc0ee68cb652bab2e4,Compute,SPRICE-f0da7e1b00708ea0f5356a96,"{""InstanceType"":""e2-standard-4"",""CoreCount"":4,""MemorySize"":16,""x_NodePool"":""default""}",//container.googleapis.com/projects/examplecorp-data-739104/clusters/gke-0b066a43,gke-0b066a43,GKE Cluster,europe-west1,Belgium,,,,,,,,,,,"{""environment"":""prod"",""cost-center"":""cc-3110"",""owner"":""team-data""}"
Google Cloud,Google,Google Cloud,INV-2026-05-A7B8C9,11C2D3-E4F506-A7B8C9,ExampleCorp Billing - Secondary,Billing Account,examplecorp-sandbox-160942,sandbox-dev,Project,2026-05-01T00:00:00Z,2026-06-01T00:00:00Z,2026-05-13T00:00:00Z,2026-05-14T00:00:00Z,Purchase,,Cloud SQL subscription fee,Recurring,570.11,570.11,570.11,570.11,570.11,570.11,Standard,1,Units,USD,570.1100000000,570.11,570.1100000000,USD,,,Cloud SQL,Databases,Relational Databases,SKU-fc2d70b841f887ea29e741c0,Subscription,SPRICE-260058ecd3197436ad950efc,"{""x_ChargeType"": ""SubscriptionFee""}",//sqladmin.googleapis.com/projects/examplecorp-sandbox-160942/instances/sql-0d267648,sql-0d267648,Cloud SQL Instance,us-east1,South Carolina,,,,,,,,,,,"{""environment"":""staging"",""cost-center"":""cc-2087"",""owner"":""team-data""}"
Google Cloud,Google,Google Cloud,INV-2026-05-F70819,01A2B3-C4D5E6-F70819,ExampleCorp Billing - Primary,Billing Account,examplecorp-sandbox-160942,sandbox-dev,Project,2026-05-01T00:00:00Z,2026-06-01T00:00:00Z,2026-05-23T17:00:00Z,2026-05-23T18:00:00Z,Usage,,Cloud Run vCPU allocation,Usage-Based,19.95402858336,19.95402858336,22.1711428704,19.95402858336,0.0000240000,0.0000216000,Standard,923797.6196,Core-Seconds,USD,0.0000216000,19.95402858336,0.0000240000,USD,923797.6196,Core-Seconds,Cloud Run,Compute,Serverless Compute,SKU-e75878aa18ba02097c5ad236,Compute,SPRICE-29d89dec6fcc3435a30f9762,"{""x_Generation"":""gen2""}",//run.googleapis.com/projects/examplecorp-sandbox-160942/services/svc-822e4986,svc-822e4986,Cloud Run Service,us-central1,Iowa,,,,,,,,,,,"{""environment"":""staging"",""cost-center"":""cc-1042"",""owner"":""team-platform""}"
Google Cloud,Google,Google Cloud,INV-2026-05-F70819,01A2B3-C4D5E6-F70819,ExampleCorp Billing - Primary,Billing Account,examplecorp-data-739104,data-analytics,Project,2026-05-01T00:00:00Z,2026-06-01T00:00:00Z,2026-05-15T00:00:00Z,2026-05-16T00:00:00Z,Usage,,Monitoring data ingested,Usage-Based,30.01565808,30.01565808,33.3507312,30.01565808,0.2580000000,0.2322000000,Standard,129.2664,MiB,USD,0.2322000000,30.01565808,0.2580000000,USD,129.2664,MiB,Cloud Monitoring,Management and Governance,Observability,SKU-afe92dda1165fc43abddae34,Monitoring,SPRICE-6d15472be77f7b0846642d52,"{""x_DataType"":""Metrics""}",//monitoring.googleapis.com/projects/examplecorp-data-739104/metricsScopes/mon-824985b9,mon-824985b9,Monitoring Workspace,europe-west1,Belgium,,,,,,,,,,,"{""environment"":""dev"",""cost-center"":""cc-1042"",""owner"":""team-data""}"
Google Cloud,Google,Google Cloud,INV-2026-05-F70819,01A2B3-C4D5E6-F70819,ExampleCorp Billing - Primary,Billing Account,examplecorp-staging-552831,staging-platform,Project,2026-05-01T00:00:00Z,2026-06-01T00:00:00Z,2026-05-23T19:00:00Z,2026-05-23T20:00:00Z,Usage,,e2-standard-4 running,Usage-Based,0.1206,0.1206,0.134,0.1206,0.1340000000,0.1206000000,Standard,1.0000,Hours,USD,0.1206000000,0.1206,0.1340000000,USD,1.0000,Hours,Compute Engine,Compute,Virtual Machines,SKU-161f822522a7bfba73514603,Compute,SPRICE-595a86198276ef2dbadddea2,"{""InstanceType"":""e2-standard-4"",""InstanceSeries"":""E2"",""CoreCount"":4,""MemorySize"":16,""OperatingSystem"":""Linux"",""x_Preemptible"":""false""}",//compute.googleapis.com/projects/examplecorp-staging-552831/instances/instance-1bab660e,instance-1bab660e,Compute Instance,us-central1,Iowa,us-central1-b,,,,,,,,,,"{""environment"":""prod"",""cost-center"":""cc-3110"",""owner"":""team-platform""}"
Google Cloud,Google,Google Cloud,INV-2026-05-F70819,01A2B3-C4D5E6-F70819,ExampleCorp Billing - Primary,Billing Account,examplecorp-sandbox-160942,sandbox-dev,Project,2026-05-01T00:00:00Z,2026-06-01T00:00:00Z,2026-05-23T20:00:00Z,2026-05-23T21:00:00Z,Usage,,GKE node pool hours,Usage-Based,0.1206,0.1206,0.134,0.1206,0.1340000000,0.1206000000,Standard,1.0000,Hours,EUR,0.1109520000,0.110952,0.1232800000,USD,1.0000,Hours,Google Kubernetes Engine,Compute,Containers,SKU-9f36ca4ad55c40314722c6e2,Compute,SPRICE-7c594de5d5c3b63bc35cd28a,"{""InstanceType"":""e2-standard-4"",""CoreCount"":4,""MemorySize"":16,""x_NodePool"":""default""}",//container.googleapis.com/projects/examplecorp-sandbox-160942/clusters/gke-ab9f8d5e,gke-ab9f8d5e,GKE Cluster,us-central1,Iowa,,,,,,,,,,,"{""environment"":""prod"",""cost-center"":""cc-1042"",""owner"":""team-payments""}"
Google Cloud,Google,Google Cloud,INV-2026-05-A7B8C9,11C2D3-E4F506-A7B8C9,ExampleCorp Billing - Secondary,Billing Account,examplecorp-staging-552831,staging-platform,Project,2026-05-01T00:00:00Z,2026-06-01T00:00:00Z,2026-05-18T00:00:00Z,2026-05-19T00:00:00Z,Usage,,On-demand query analysis,Usage-Based,271.4259375,271.4259375,301.584375,271.4259375,6.2500000000,5.6250000000,Standard,48.2535,TiB,USD,5.6250000000,271.4259375,6.2500000000,USD,48.2535,TiB,BigQuery,Databases,Data Warehouses,SKU-4f1f5c17ab1a3bad4c4e9805,Analysis,SPRICE-a8b87f9859524b369e02283b,"{""x_Edition"":""OnDemand""}",//bigquery.googleapis.com/projects/examplecorp-staging-552831/datasets/ds_4a6e2499,ds_4a6e2499,BigQuery Dataset,us-central1,Iowa,,,,,,,,,,,"{""environment"":""staging"",""cost-center"":""cc-1042"",""owner"":""team-platform""}"
Google Cloud,Google,Google Cloud,INV-2026-05-A7B8C9,11C2D3-E4F506-A7B8C9,ExampleCorp Billing - Secondary,Billing Account,examplecorp-prod-481627,prod-platform,Project,2026-05-01T00:00:00Z,2026-06-01T00:00:00Z,2026-05-19T00:00:00Z,2026-05-20T00:00:00Z,Usage,,Monitoring data ingested,Usage-Based,33.4167147,33.4167147,37.129683,33.4167147,0.2580000000,0.2322000000,Standard,143.9135,MiB,USD,0.2322000000,33.4167147,0.2580000000,USD,143.9135,MiB,Cloud Monitoring,Management and Governance,Observability,SKU-73cb6d01edef8d38d97bb589,Monitoring,SPRICE-d59530bdf3a44cc1ae1d78ff,"{""x_DataType"":""Metrics""}",//monitoring.googleapis.com/projects/examplecorp-prod-481627/metricsScopes/mon-8ac09ad6,mon-8ac09ad6,Monitoring Workspace,asia-southeast1,Singapore,,,,,,,,,,,"{""environment"":""dev"",""cost-center"":""cc-1042"",""owner"":""team-data""}"
Google Cloud,Google,Google Cloud,INV-2026-05-A7B8C9,11C2D3-E4F506-A7B8C9,ExampleCorp Billing - Secondary,Billing Account,examplecorp-prod-481627,prod-platform,Project,2026-05-01T00:00:00Z,2026-06-01T00:00:00Z,2026-05-11T08:00:00Z,2026-05-11T09:00:00Z,Tax,,Synthetic tax 10% on usage record 249: Cloud Run,One-Time,7.64366061672,7.64366061672,8.4929562408,7.64366061672,,,,,,USD,,7.64366061672,,USD,,,Cloud Run,Compute,Serverless Compute,,,,,,,,,,,,,,,,,,,,"{""environment"":""prod"",""cost-center"":""cc-2087"",""owner"":""team-payments""}"
Google Cloud,Google,Google Cloud,INV-2026-05-A7B8C9,11C2D3-E4F506-A7B8C9,ExampleCorp Billing - Secondary,Billing Account,examplecorp-sandbox-160942,sandbox-dev,Project,2026-05-01T00:00:00Z,2026-06-01T00:00:00Z,2026-05-21T00:00:00Z,2026-05-22T00:00:00Z,Usage,,Monitoring data ingested,Usage-Based,41.93190666,41.93190666,46.5910074,41.93190666,0.2580000000,0.2322000000,Standard,180.5853,MiB,USD,0.2322000000,41.93190666,0.2580000000,USD,180.5853,MiB,Cloud Monitoring,Management and Governance,Observability,SKU-f2290c09e5e6212780d60874,Monitoring,SPRICE-d43771be279a84180443f7fd,"{""x_DataType"":""Metrics""}",//monitoring.googleapis.com/projects/examplecorp-sandbox-160942/metricsScopes/mon-f1b38fba,mon-f1b38fba,Monitoring Workspace,us-central1,Iowa,,,,,,,,,,,"{""environment"":""staging"",""cost-center"":""cc-2087"",""owner"":""team-platform""}"
Google Cloud,Google,Google Cloud,INV-2026-05-F70819,01A2B3-C4D5E6-F70819,ExampleCorp Billing - Primary,Billing Account,examplecorp-data-739104,data-analytics,Project,2026-05-01T00:00:00Z,2026-06-01T00:00:00Z,2026-05-19T00:00:00Z,2026-05-20T00:00:00Z,Tax,,Synthetic tax 10% on usage record 355: BigQuery,One-Time,27.13005,27.13005,30.1445,27.13005,,,,,,USD,,27.13005,,USD,,,BigQuery,Databases,Data Warehouses,,,,,,,,,,,,,,,,,,,,"{""environment"":""staging"",""cost-center"":""cc-3110"",""owner"":""team-data""}"
Google Cloud,Google,Google Cloud,INV-2026-05-F70819,01A2B3-C4D5E6-F70819,ExampleCorp Billing - Primary,Billing Account,examplecorp-prod-481627,prod-platform,Project,2026-05-01T00:00:00Z,2026-06-01T00:00:00Z,2026-05-24T02:00:00Z,2026-05-24T03:00:00Z,Usage,,GKE node pool hours,Usage-Based,0.1206,0.1206,0.134,0.1206,0.1340000000,0.1206000000,Standard,1.0000,Hours,USD,0.1206000000,0.1206,0.1340000000,USD,1.0000,Hours,Google Kubernetes Engine,Compute,Containers,SKU-9f36ca4ad55c40314722c6e2,Compute,SPRICE-d0b5636dddc3dcd209075213,"{""InstanceType"":""e2-standard-4"",""CoreCount"":4,""MemorySize"":16,""x_NodePool"":""default""}",//container.googleapis.com/projects/examplecorp-prod-481627/clusters/gke-8043ff75,gke-8043ff75,GKE Cluster,us-central1,Iowa,,,,,,,,,,,"{""environment"":""staging"",""cost-center"":""cc-2087"",""owner"":""team-data""}"
Google Cloud,Google,Google Cloud,INV-2026-05-A7B8C9,11C2D3-E4F506-A7B8C9,ExampleCorp Billing - Secondary,Billing Account,examplecorp-data-739104,data-analytics,Project,2026-05-01T00:00:00Z,2026-06-01T00:00:00Z,2026-05-24T03:00:00Z,2026-05-24T04:00:00Z,Usage,,Cloud SQL custom 4 vCPU,Usage-Based,0.18,0.18,0.2,0.18,0.2000000000,0.1800000000,Standard,1.0000,Hours,EUR,0.1656000000,0.1656,0.1840000000,USD,1.0000,Hours,Cloud SQL,Databases,Relational Databases,SKU-d90356e2a5d22b807727c289,Database,SPRICE-df9e0c17b6f9c0da15b0a4cc,"{""InstanceType"":""db-custom-4-16384"",""CoreCount"":4,""MemorySize"":16,""x_Engine"":""PostgreSQL""}",//sqladmin.googleapis.com/projects/examplecorp-data-739104/instances/sql-464b1e0b,sql-464b1e0b,Cloud SQL Instance,us-central1,Iowa,,,,,,,,,,,"{""environment"":""prod"",""cost-center"":""cc-3110"",""owner"":""team-data""}"
Google Cloud,Google,Google Cloud,INV-2026-05-F70819,01A2B3-C4D5E6-F70819,ExampleCorp Billing - Primary,Billing Account,examplecorp-sandbox-160942,sandbox-dev,Project,2026-05-01T00:00:00Z,2026-06-01T00:00:00Z,2026-05-07T17:00:00Z,2026-05-07T18:00:00Z,Tax,,Synthetic tax 10% on usage record 162: Google Kubernetes Engine,One-Time,0.01206,0.01206,0.0134,0.01206,,,,,,USD,,0.01206,,USD,,,Google Kubernetes Engine,Compute,Containers,,,,,,,,,,,,,,,,,,,,"{""environment"":""staging"",""cost-center"":""cc-1042"",""owner"":""team-payments""}"
Google Cloud,Google,Google Cloud,INV-2026-05-A7B8C9,11C2D3-E4F506-A7B8C9,ExampleCorp Billing - Secondary,Billing Account,examplecorp-sandbox-160942,sandbox-dev,Project,2026-05-01T00:00:00Z,2026-06-01T00:00:00Z,2026-05-26T00:00:00Z,2026-05-27T00:00:00Z,Purchase,,Cloud Functions subscription fee,Recurring,462.02,462.02,462.02,462.02,462.02,462.02,Standard,1,Units,USD,462.0200000000,462.02,462.0200000000,USD,,,Cloud Functions,Compute,Serverless Compute,SKU-8a7d2666a56be38ee1564a28,Subscription,SPRICE-43d9d0a52889804391e7dfda,"{""x_ChargeType"": ""SubscriptionFee""}",//cloudfunctions.googleapis.com/projects/examplecorp-sandbox-160942/functions/fn-13b45d5b,fn-13b45d5b,Cloud Function,asia-southeast1,Singapore,,,,,,,,,,,"{""environment"":""dev"",""cost-center"":""cc-2087"",""owner"":""team-platform""}"
Google Cloud,Google,Google Cloud,INV-2026-05-A7B8C9,11C2D3-E4F506-A7B8C9,ExampleCorp Billing - Secondary,Billing Account,examplecorp-sandbox-160942,sandbox-dev,Project,2026-05-01T00:00:00Z,2026-06-01T00:00:00Z,2026-05-27T00:00:00Z,2026-05-28T00:00:00Z,Usage,,Monitoring data ingested,Usage-Based,8.50105098,8.50105098,9.4456122,8.50105098,0.2580000000,0.2322000000,Standard,36.6109,MiB,USD,0.2322000000,8.50105098,0.2580000000,USD,36.6109,MiB,Cloud Monitoring,Management and Governance,Observability,SKU-f2290c09e5e6212780d60874,Monitoring,SPRICE-d43771be279a84180443f7fd,"{""x_DataType"":""Metrics""}",//monitoring.googleapis.com/projects/examplecorp-sandbox-160942/metricsScopes/mon-f7c611f7,mon-f7c611f7,Monitoring Workspace,us-central1,Iowa,,,,,,,,,,,"{""environment"":""dev"",""cost-center"":""cc-2087"",""owner"":""team-data""}"
Google Cloud,Google,Google Cloud,INV-2026-05-A7B8C9,11C2D3-E4F506-A7B8C9,ExampleCorp Billing - Secondary,Billing Account,examplecorp-data-739104,data-analytics,Project,2026-05-01T00:00:00Z,2026-06-01T00:00:00Z,2026-05-01T00:00:00Z,2026-06-01T00:00:00Z,Tax,,Synthetic tax 10% on usage record 69: Cloud Storage,One-Time,8.56444896,8.56444896,9.5160544,8.56444896,,,,,,EUR,,7.8792930432,,USD,,,Cloud Storage,Storage,Object Storage,,,,,,,,,,,,,,,,,,,,"{""environment"":""staging"",""cost-center"":""cc-1042"",""owner"":""team-payments""}"
Google Cloud,Google,Google Cloud,INV-2026-05-F70819,01A2B3-C4D5E6-F70819,ExampleCorp Billing - Primary,Billing Account,examplecorp-sandbox-160942,sandbox-dev,Project,2026-05-01T00:00:00Z,2026-06-01T00:00:00Z,2026-05-22T08:00:00Z,2026-05-22T09:00:00Z,Tax,,Synthetic tax 10% on usage record 513: Cloud SQL,One-Time,0.018,0.018,0.02,0.018,,,,,,USD,,0.018,,USD,,,Cloud SQL,Databases,Relational Databases,,,,,,,,,,,,,,,,,,,,"{""environment"":""staging"",""cost-center"":""cc-2087"",""owner"":""team-payments""}"
Google Cloud,Google,Google Cloud,INV-2026-05-F70819,01A2B3-C4D5E6-F70819,ExampleCorp Billing - Primary,Billing Account,examplecorp-staging-552831,staging-platform,Project,2026-05-01T00:00:00Z,2026-06-01T00:00:00Z,2026-05-24T09:00:00Z,2026-05-24T10:00:00Z,Usage,,Function execution duration,Usage-Based,1.217520002925,1.217520002925,1.35280000325,1.217520002925,0.0000025000,0.0000022500,Standard,541120.0013,GB-Seconds,USD,0.0000022500,1.217520002925,0.0000025000,USD,541120.0013,GB-Seconds,Cloud Functions,Compute,Serverless Compute,SKU-eb71d7502d67eb15645ae724,Compute,SPRICE-29314eddd725ec87d1767584,"{""x_Runtime"":""python312"",""x_Generation"":""gen2""}",//cloudfunctions.googleapis.com/projects/examplecorp-staging-552831/functions/fn-39c3a766,fn-39c3a766,Cloud Function,asia-southeast1,Singapore,,,,,,,,,,,"{""environment"":""dev"",""cost-center"":""cc-2087"",""owner"":""team-data""}"
Google Cloud,Google,Google Cloud,INV-2026-05-A7B8C9,11C2D3-E4F506-A7B8C9,ExampleCorp Billing - Secondary,Billing Account,examplecorp-sandbox-160942,sandbox-dev,Project,2026-05-01T00:00:00Z,2026-06-01T00:00:00Z,2026-05-24T10:00:00Z,2026-05-24T11:00:00Z,Usage,,Cloud SQL custom 4 vCPU,Usage-Based,0.18,0.18,0.2,0.18,0.2000000000,0.1800000000,Standard,1.0000,Hours,USD,0.1800000000,0.18,0.2000000000,USD,1.0000,Hours,Cloud SQL,Databases,Relational Databases,SKU-d90356e2a5d22b807727c289,Database,SPRICE-dedc6d4fdfe1a8a6142b961a,"{""InstanceType"":""db-custom-4-16384"",""CoreCount"":4,""MemorySize"":16,""x_Engine"":""PostgreSQL""}",//sqladmin.googleapis.com/projects/examplecorp-sandbox-160942/instances/sql-3ef8a2ca,sql-3ef8a2ca,Cloud SQL Instance,us-central1,Iowa,,,,,,,,,,,"{""environment"":""staging"",""cost-center"":""cc-3110"",""owner"":""team-payments""}"
Google Cloud,Google,Google Cloud,INV-2026-05-A7B8C9,11C2D3-E4F506-A7B8C9,ExampleCorp Billing - Secondary,Billing Account,examplecorp-staging-552831,staging-platform,Project,2026-05-01T00:00:00Z,2026-06-01T00:00:00Z,2026-05-17T14:00:00Z,2026-05-17T15:00:00Z,Tax,,Synthetic tax 10% on usage record 399: Cloud Functions,One-Time,1.32038596881,1.32038596881,1.4670955209,1.32038596881,,,,,,USD,,1.32038596881,,USD,,,Cloud Functions,Compute,Serverless Compute,,,,,,,,,,,,,,,,,,,,"{""environment"":""prod"",""cost-center"":""cc-3110"",""owner"":""team-payments""}"
Google Cloud,Google,Google Cloud,INV-2026-05-F70819,01A2B3-C4D5E6-F70819,ExampleCorp Billing - Primary,Billing Account,examplecorp-data-739104,data-analytics,Project,2026-05-01T00:00:00Z,2026-06-01T00:00:00Z,2026-05-24T12:00:00Z,2026-05-24T13:00:00Z,Usage,,Cloud SQL custom 4 vCPU,Usage-Based,0.18,0.18,0.2,0.18,0.2000000000,0.1800000000,Standard,1.0000,Hours,USD,0.1800000000,0.18,0.2000000000,USD,1.0000,Hours,Cloud SQL,Databases,Relational Databases,SKU-d90356e2a5d22b807727c289,Database,SPRICE-dedc6d4fdfe1a8a6142b961a,"{""InstanceType"":""db-custom-4-16384"",""CoreCount"":4,""MemorySize"":16,""x_Engine"":""PostgreSQL""}",//sqladmin.googleapis.com/projects/examplecorp-data-739104/instances/sql-7a1188d6,sql-7a1188d6,Cloud SQL Instance,us-central1,Iowa,,,,,,,,,,,"{""environment"":""prod"",""cost-center"":""cc-1042"",""owner"":""team-platform""}"
Google Cloud,Google,Google Cloud,INV-2026-05-A7B8C9,11C2D3-E4F506-A7B8C9,ExampleCorp Billing - Secondary,Billing Account,examplecorp-data-739104,data-analytics,Project,2026-05-01T00:00:00Z,2026-06-01T00:00:00Z,2026-05-24T13:00:00Z,2026-05-24T14:00:00Z,Usage,,Function execution duration,Usage-Based,3.08350853415,3.08350853415,3.4261205935,3.08350853415,0.0000025000,0.0000022500,Standard,1370448.2374,GB-Seconds,USD,0.0000022500,3.08350853415,0.0000025000,USD,1370448.2374,GB-Seconds,Cloud Functions,Compute,Serverless Compute,SKU-695ae4ac3664791d99311a2f,Compute,SPRICE-1660dde73d1cd143caedc47c,"{""x_Runtime"":""python312"",""x_Generation"":""gen2""}",//cloudfunctions.googleapis.com/projects/examplecorp-data-739104/functions/fn-4640f235,fn-4640f235,Cloud Function,us-central1,Iowa,,,,,,,,,,,"{""environment"":""prod"",""cost-center"":""cc-2087"",""owner"":""team-payments""}"
Google Cloud,Google,Google Cloud,INV-2026-05-F70819,01A2B3-C4D5E6-F70819,ExampleCorp Billing - Primary,Billing Account,examplecorp-sandbox-160942,sandbox-dev,Project,2026-05-01T00:00:00Z,2026-06-01T00:00:00Z,2026-05-01T00:00:00Z,2026-06-01T00:00:00Z,Tax,,Synthetic tax 10% on usage record 498: Cloud Storage,One-Time,0.38947698,0.38947698,0.4327522,0.38947698,,,,,,EUR,,0.3583188216,,USD,,,Cloud Storage,Storage,Object Storage,,,,,,,,,,,,,,,,,,,,"{""environment"":""prod"",""cost-center"":""cc-3110"",""owner"":""team-payments""}"
Google Cloud,Google,Google Cloud,INV-2026-05-A7B8C9,11C2D3-E4F506-A7B8C9,ExampleCorp Billing - Secondary,Billing Account,examplecorp-prod-481627,prod-platform,Project,2026-05-01T00:00:00Z,2026-06-01T00:00:00Z,2026-05-24T15:00:00Z,2026-05-24T16:00:00Z,Usage,,Cloud Run vCPU allocation,Usage-Based,59.738186556,59.738186556,66.37576284,59.738186556,0.0000240000,0.0000216000,Standard,2765656.7850,Core-Seconds,USD,0.0000216000,59.738186556,0.0000240000,USD,2765656.7850,Core-Seconds,Cloud Run,Compute,Serverless Compute,SKU-fc6a19d63f2363e917267178,Compute,SPRICE-0d6d39e6df512f4876c539aa,"{""x_Generation"":""gen2""}",//run.googleapis.com/projects/examplecorp-prod-481627/services/svc-8ce6a877,svc-8ce6a877,Cloud Run Service,us-east1,South Carolina,,,,,,,,,,,"{""environment"":""prod"",""cost-center"":""cc-3110"",""owner"":""team-platform""}"
Google Cloud,Google,Google Cloud,INV-2026-05-F70819,01A2B3-C4D5E6-F70819,ExampleCorp Billing - Primary,Billing Account,examplecorp-prod-481627,prod-platform,Project,2026-05-01T00:00:00Z,2026-06-01T00:00:00Z,2026-05-21T02:00:00Z,2026-05-21T03:00:00Z,Tax,,Synthetic tax 10% on usage record 483: Google Kubernetes Engine,One-Time,0.01206,0.01206,0.0134,0.01206,,,,,,USD,,0.01206,,USD,,,Google Kubernetes Engine,Compute,Containers,,,,,,,,,,,,,,,,,,,,"{""environment"":""prod"",""cost-center"":""cc-1042"",""owner"":""team-data""}"
Google Cloud,Google,Google Cloud,INV-2026-05-F70819,01A2B3-C4D5E6-F70819,ExampleCorp Billing - Primary,Billing Account,examplecorp-sandbox-160942,sandbox-dev,Project,2026-05-01T00:00:00Z,2026-06-01T00:00:00Z,2026-05-24T17:00:00Z,2026-05-24T18:00:00Z,Usage,,Cloud SQL custom 4 vCPU,Usage-Based,0.18,0.18,0.2,0.18,0.2000000000,0.1800000000,Standard,1.0000,Hours,USD,0.1800000000,0.18,0.2000000000,USD,1.0000,Hours,Cloud SQL,Databases,Relational Databases,SKU-d90356e2a5d22b807727c289,Database,SPRICE-dedc6d4fdfe1a8a6142b961a,"{""InstanceType"":""db-custom-4-16384"",""CoreCount"":4,""MemorySize"":16,""x_Engine"":""PostgreSQL""}",//sqladmin.googleapis.com/projects/examplecorp-sandbox-160942/instances/sql-009a3e5a,sql-009a3e5a,Cloud SQL Instance,us-central1,Iowa,,,,,,,,,,,"{""environment"":""prod"",""cost-center"":""cc-3110"",""owner"":""team-platform""}"
Google Cloud,Google,Google Cloud,INV-2026-05-A7B8C9,11C2D3-E4F506-A7B8C9,ExampleCorp Billing - Secondary,Billing Account,examplecorp-prod-481627,prod-platform,Project,2026-05-01T00:00:00Z,2026-06-01T00:00:00Z,2026-05-01T00:00:00Z,2026-06-01T00:00:00Z,Tax,,Synthetic tax 10% on usage record 401: Cloud Storage,One-Time,12.31621614,12.31621614,13.6846846,12.31621614,,,,,,USD,,12.31621614,,USD,,,Cloud Storage,Storage,Object Storage,,,,,,,,,,,,,,,,,,,,"{""environment"":""staging"",""cost-center"":""cc-2087"",""owner"":""team-payments""}"
Google Cloud,Google,Google Cloud,INV-2026-05-F70819,01A2B3-C4D5E6-F70819,ExampleCorp Billing - Primary,Billing Account,examplecorp-staging-552831,staging-platform,Project,2026-05-01T00:00:00Z,2026-06-01T00:00:00Z,2026-05-06T23:00:00Z,2026-05-07T00:00:00Z,Tax,,Synthetic tax 10% on usage record 144: Compute Engine,One-Time,0.01206,0.01206,0.0134,0.01206,,,,,,USD,,0.01206,,USD,,,Compute Engine,Compute,Virtual Machines,,,,,,,,,,,,,,,,,,,,"{""environment"":""dev"",""cost-center"":""cc-3110"",""owner"":""team-platform""}"
Google Cloud,Google,Google Cloud,INV-2026-05-F70819,01A2B3-C4D5E6-F70819,ExampleCorp Billing - Primary,Billing Account,examplecorp-data-739104,data-analytics,Project,2026-05-01T00:00:00Z,2026-06-01T00:00:00Z,2026-05-01T00:00:00Z,2026-06-01T00:00:00Z,Usage,,Standard storage,Usage-Based,143.4626298,143.4626298,159.402922,143.4626298,0.0200000000,0.0180000000,Standard,7970.1461,GB-Months,EUR,0.0165600000,131.985619416,0.0184000000,USD,7970.1461,GB-Months,Cloud Storage,Storage,Object Storage,SKU-560ffe175cb39f91c531454c,Storage,SPRICE-1009177a0db732ce65dea64f,"{""StorageClass"":""Standard""}",//storage.googleapis.com/projects/examplecorp-data-739104/buckets/bucket-da8ddcef,bucket-da8ddcef,Storage Bucket,us-central1,Iowa,,,,,,,,,,,"{""environment"":""staging"",""cost-center"":""cc-2087"",""owner"":""team-platform""}"
Google Cloud,Google,Google Cloud,INV-2026-05-F70819,01A2B3-C4D5E6-F70819,ExampleCorp Billing - Primary,Billing Account,examplecorp-data-739104,data-analytics,Project,2026-05-01T00:00:00Z,2026-06-01T00:00:00Z,2026-05-01T00:00:00Z,2026-06-01T00:00:00Z,Usage,,Standard storage,Usage-Based,88.1264736,88.1264736,97.918304,88.1264736,0.0200000000,0.0180000000,Standard,4895.9152,GB-Months,USD,0.0180000000,88.1264736,0.0200000000,USD,4895.9152,GB-Months,Cloud Storage,Storage,Object Storage,SKU-8b457763f3438a2efc35839d,Storage,SPRICE-e9607b4aba6714ae0874493f,"{""StorageClass"":""Standard""}",//storage.googleapis.com/projects/examplecorp-data-739104/buckets/bucket-3a8dd387,bucket-3a8dd387,Storage Bucket,us-east1,South Carolina,,,,,,,,,,,"{""environment"":""staging"",""cost-center"":""cc-1042"",""owner"":""team-payments""}"
Google Cloud,Google,Google Cloud,INV-2026-05-A7B8C9,11C2D3-E4F506-A7B8C9,ExampleCorp Billing - Secondary,Billing Account,examplecorp-prod-481627,prod-platform,Project,2026-05-01T00:00:00Z,2026-06-01T00:00:00Z,2026-05-15T00:00:00Z,2026-05-16T00:00:00Z,Usage,,Monitoring data ingested,Usage-Based,17.91304578,17.91304578,19.9033842,17.91304578,0.2580000000,0.2322000000,Standard,77.1449,MiB,USD,0.2322000000,17.91304578,0.2580000000,USD,77.1449,MiB,Cloud Monitoring,Management and Governance,Observability,SKU-73cb6d01edef8d38d97bb589,Monitoring,SPRICE-d59530bdf3a44cc1ae1d78ff,"{""x_DataType"":""Metrics""}",//monitoring.googleapis.com/projects/examplecorp-prod-481627/metricsScopes/mon-0bf28010,mon-0bf28010,Monitoring Workspace,asia-southeast1,Singapore,,,,,,,,,,,"{""environment"":""prod"",""cost-center"":""cc-2087"",""owner"":""team-data""}"
Google Cloud,Google,Google Cloud,INV-2026-05-F70819,01A2B3-C4D5E6-F70819,ExampleCorp Billing - Primary,Billing Account,examplecorp-data-739104,data-analytics,Project,2026-05-01T00:00:00Z,2026-06-01T00:00:00Z,2026-05-16T00:00:00Z,2026-05-17T00:00:00Z,Purchase,,Cloud Storage subscription fee,Recurring,130.51,130.51,130.51,130.51,130.51,130.51,Standard,1,Units,USD,130.5100000000,130.51,130.5100000000,USD,,,Cloud Storage,Storage,Object Storage,SKU-6d1706defe6513ae969c74c0,Subscription,SPRICE-5bd16afa6e890faa59523fa0,"{""x_ChargeType"": ""SubscriptionFee""}",//storage.googleapis.com/projects/examplecorp-data-739104/buckets/bucket-67f8f17b,bucket-67f8f17b,Storage Bucket,asia-southeast1,Singapore,,,,,,,,,,,"{""environment"":""prod"",""cost-center"":""cc-1042"",""owner"":""team-payments""}"
Google Cloud,Google,Google Cloud,INV-2026-05-A7B8C9,11C2D3-E4F506-A7B8C9,ExampleCorp Billing - Secondary,Billing Account,examplecorp-sandbox-160942,sandbox-dev,Project,2026-05-01T00:00:00Z,2026-06-01T00:00:00Z,2026-05-17T00:00:00Z,2026-05-18T00:00:00Z,Purchase,,Google Kubernetes Engine subscription fee,Recurring,53.64,53.64,53.64,53.64,53.64,53.64,Standard,1,Units,USD,53.6400000000,53.64,53.6400000000,USD,,,Google Kubernetes Engine,Compute,Containers,SKU-574e851fe71c63af2bbe1815,Subscription,SPRICE-c97a2d296bc8f36155918fe2,"{""x_ChargeType"": ""SubscriptionFee""}",//container.googleapis.com/projects/examplecorp-sandbox-160942/clusters/gke-1c3b7209,gke-1c3b7209,GKE Cluster,europe-west1,Belgium,,,,,,,,,,,"{""environment"":""staging"",""cost-center"":""cc-3110"",""owner"":""team-data""}"
Google Cloud,Google,Google Cloud,INV-2026-05-A7B8C9,11C2D3-E4F506-A7B8C9,ExampleCorp Billing - Secondary,Billing Account,examplecorp-staging-552831,staging-platform,Project,2026-05-01T00:00:00Z,2026-06-01T00:00:00Z,2026-05-25T01:00:00Z,2026-05-25T02:00:00Z,Usage,,e2-standard-4 running,Usage-Based,0.1206,0.1206,0.134,0.1206,0.1340000000,0.1206000000,Standard,1.0000,Hours,USD,0.1206000000,0.1206,0.1340000000,USD,1.0000,Hours,Compute Engine,Compute,Virtual Machines,SKU-1badc439797b2cd5d91eaa22,Compute,SPRICE-0e8670e23a7f9352bf5b81bc,"{""InstanceType"":""e2-standard-4"",""InstanceSeries"":""E2"",""CoreCount"":4,""MemorySize"":16,""OperatingSystem"":""Linux"",""x_Preemptible"":""false""}",//compute.googleapis.com/projects/examplecorp-staging-552831/instances/instance-05e26eb4,instance-05e26eb4,Compute Instance,europe-west1,Belgium,europe-west1-c,,,,,,,,,,"{""environment"":""staging"",""cost-center"":""cc-3110"",""owner"":""team-platform""}"
Google Cloud,Google,Google Cloud,INV-2026-05-A7B8C9,11C2D3-E4F506-A7B8C9,ExampleCorp Billing - Secondary,Billing Account,examplecorp-staging-552831,staging-platform,Project,2026-05-01T00:00:00Z,2026-06-01T00:00:00Z,2026-05-25T02:00:00Z,2026-05-25T03:00:00Z,Usage,,GKE node pool hours,Usage-Based,0.1206,0.1206,0.134,0.1206,0.1340000000,0.1206000000,Standard,1.0000,Hours,USD,0.1206000000,0.1206,0.1340000000,USD,1.0000,Hours,Google Kubernetes Engine,Compute,Containers,SKU-86068fdbce854432224e9db3,Compute,SPRICE-42acd32065a96a502913e8e4,"{""InstanceType"":""e2-standard-4"",""CoreCount"":4,""MemorySize"":16,""x_NodePool"":""default""}",//container.googleapis.com/projects/examplecorp-staging-552831/clusters/gke-b4e25c9b,gke-b4e25c9b,GKE Cluster,asia-southeast1,Singapore,,,,,,,,,,,"{""environment"":""prod"",""cost-center"":""cc-3110"",""owner"":""team-payments""}"
Google Cloud,Google,Google Cloud,INV-2026-05-A7B8C9,11C2D3-E4F506-A7B8C9,ExampleCorp Billing - Secondary,Billing Account,examplecorp-staging-552831,staging-platform,Project,2026-05-01T00:00:00Z,2026-06-01T00:00:00Z,2026-05-20T11:00:00Z,2026-05-20T12:00:00Z,Tax,,Synthetic tax 10% on usage record 468: Cloud SQL,One-Time,0.018,0.018,0.02,0.018,,,,,,EUR,,0.01656,,USD,,,Cloud SQL,Databases,Relational Databases,,,,,,,,,,,,,,,,,,,,"{""environment"":""dev"",""cost-center"":""cc-1042"",""owner"":""team-data""}"
Google Cloud,Google,Google Cloud,INV-2026-05-F70819,01A2B3-C4D5E6-F70819,ExampleCorp Billing - Primary,Billing Account,examplecorp-prod-481627,prod-platform,Project,2026-05-01T00:00:00Z,2026-06-01T00:00:00Z,2026-05-06T06:00:00Z,2026-05-06T07:00:00Z,Tax,,Synthetic tax 10% on usage record 127: Compute Engine,One-Time,0.01206,0.01206,0.0134,0.01206,,,,,,USD,,0.01206,,USD,,,Compute Engine,Compute,Virtual Machines,,,,,,,,,,,,,,,,,,,,"{""environment"":""prod"",""cost-center"":""cc-3110"",""owner"":""team-platform""}"
Google Cloud,Google,Google Cloud,INV-2026-05-F70819,01A2B3-C4D5E6-F70819,ExampleCorp Billing - Primary,Billing Account,examplecorp-data-739104,data-analytics,Project,2026-05-01T00:00:00Z,2026-06-01T00:00:00Z,2026-05-01T00:00:00Z,2026-06-01T00:00:00Z,Usage,,Standard storage,Usage-Based,43.6138596,43.6138596,48.459844,43.6138596,0.0200000000,0.0180000000,Standard,2422.9922,GB-Months,USD,0.0180000000,43.6138596,0.0200000000,USD,2422.9922,GB-Months,Cloud Storage,Storage,Object Storage,SKU-560ffe175cb39f91c531454c,Storage,SPRICE-3d050702dcbac978cb3acee9,"{""StorageClass"":""Standard""}",//storage.googleapis.com/projects/examplecorp-data-739104/buckets/bucket-d5bf299d,bucket-d5bf299d,Storage Bucket,us-central1,Iowa,,,,,,,,,,,"{""environment"":""staging"",""cost-center"":""cc-1042"",""owner"":""team-data""}"
Google Cloud,Google,Google Cloud,INV-2026-05-F70819,01A2B3-C4D5E6-F70819,ExampleCorp Billing - Primary,Billing Account,examplecorp-data-739104,data-analytics,Project,2026-05-01T00:00:00Z,2026-06-01T00:00:00Z,2026-05-23T00:00:00Z,2026-05-24T00:00:00Z,Usage,,On-demand query analysis,Usage-Based,73.3055625,73.3055625,81.450625,73.3055625,6.2500000000,5.6250000000,Standard,13.0321,TiB,USD,5.6250000000,73.3055625,6.2500000000,USD,13.0321,TiB,BigQuery,Databases,Data Warehouses,SKU-ef2de98156d58b386f8bea8e,Analysis,SPRICE-257832ee3981a8cf8c2b0ca4,"{""x_Edition"":""OnDemand""}",//bigquery.googleapis.com/projects/examplecorp-data-739104/datasets/ds_0e672c16,ds_0e672c16,BigQuery Dataset,us-east1,South Carolina,,,,,,,,,,,"{""environment"":""staging"",""cost-center"":""cc-2087"",""owner"":""team-data""}"
Google Cloud,Google,Google Cloud,INV-2026-05-F70819,01A2B3-C4D5E6-F70819,ExampleCorp Billing - Primary,Billing Account,examplecorp-data-739104,data-analytics,Project,2026-05-01T00:00:00Z,2026-06-01T00:00:00Z,2026-05-25T07:00:00Z,2026-05-25T08:00:00Z,Usage,,e2-standard-4 running,Usage-Based,0.1206,0.1206,0.134,0.1206,0.1340000000,0.1206000000,Standard,1.0000,Hours,USD,0.1206000000,0.1206,0.1340000000,USD,1.0000,Hours,Compute Engine,Compute,Virtual Machines,SKU-161f822522a7bfba73514603,Compute,SPRICE-595a86198276ef2dbadddea2,"{""InstanceType"":""e2-standard-4"",""InstanceSeries"":""E2"",""CoreCount"":4,""MemorySize"":16,""OperatingSystem"":""Linux"",""x_Preemptible"":""false""}",//compute.googleapis.com/projects/examplecorp-data-739104/instances/instance-9cc0e3c1,instance-9cc0e3c1,Compute Instance,us-central1,Iowa,us-central1-a,,,,,,,,,,"{""environment"":""prod"",""cost-center"":""cc-1042"",""owner"":""team-data""}"
Google Cloud,Google,Google Cloud,INV-2026-05-A7B8C9,11C2D3-E4F506-A7B8C9,ExampleCorp Billing - Secondary,Billing Account,examplecorp-data-739104,data-analytics,Project,2026-05-01T00:00:00Z,2026-06-01T00:00:00Z,2026-05-25T08:00:00Z,2026-05-25T09:00:00Z,Usage,,GKE node pool hours,Usage-Based,0.1206,0.1206,0.134,0.1206,0.1340000000,0.1206000000,Standard,1.0000,Hours,USD,0.1206000000,0.1206,0.1340000000,USD,1.0000,Hours,Google Kubernetes Engine,Compute,Containers,SKU-9f36ca4ad55c40314722c6e2,Compute,SPRICE-d0b5636dddc3dcd209075213,"{""InstanceType"":""e2-standard-4"",""CoreCount"":4,""MemorySize"":16,""x_NodePool"":""default""}",//container.googleapis.com/projects/examplecorp-data-739104/clusters/gke-4f07ede7,gke-4f07ede7,GKE Cluster,us-central1,Iowa,,,,,,,,,,,"{""environment"":""staging"",""cost-center"":""cc-1042"",""owner"":""team-payments""}"
Google Cloud,Google,Google Cloud,INV-2026-05-F70819,01A2B3-C4D5E6-F70819,ExampleCorp Billing - Primary,Billing Account,examplecorp-data-739104,data-analytics,Project,2026-05-01T00:00:00Z,2026-06-01T00:00:00Z,2026-05-26T00:00:00Z,2026-05-27T00:00:00Z,Usage,,Monitoring data ingested,Usage-Based,27.5457699,27.5457699,30.606411,27.5457699,0.2580000000,0.2322000000,Standard,118.6295,MiB,USD,0.2322000000,27.5457699,0.2580000000,USD,118.6295,MiB,Cloud Monitoring,Management and Governance,Observability,SKU-73cb6d01edef8d38d97bb589,Monitoring,SPRICE-d59530bdf3a44cc1ae1d78ff,"{""x_DataType"":""Metrics""}",//monitoring.googleapis.com/projects/examplecorp-data-739104/metricsScopes/mon-8c54486b,mon-8c54486b,Monitoring Workspace,asia-southeast1,Singapore,,,,,,,,,,,"{""environment"":""prod"",""cost-center"":""cc-2087"",""owner"":""team-data""}"
Google Cloud,Google,Google Cloud,INV-2026-05-A7B8C9,11C2D3-E4F506-A7B8C9,ExampleCorp Billing - Secondary,Billing Account,examplecorp-data-739104,data-analytics,Project,2026-05-01T00:00:00Z,2026-06-01T00:00:00Z,2026-05-27T00:00:00Z,2026-05-28T00:00:00Z,Usage,,Monitoring data ingested,Usage-Based,18.85526694,18.85526694,20.9502966,18.85526694,0.2580000000,0.2322000000,Standard,81.2027,MiB,USD,0.2322000000,18.85526694,0.2580000000,USD,81.2027,MiB,Cloud Monitoring,Management and Governance,Observability,SKU-afe92dda1165fc43abddae34,Monitoring,SPRICE-6d15472be77f7b0846642d52,"{""x_DataType"":""Metrics""}",//monitoring.googleapis.com/projects/examplecorp-data-739104/metricsScopes/mon-b0d4dedb,mon-b0d4dedb,Monitoring Workspace,europe-west1,Belgium,,,,,,,,,,,"{""environment"":""prod"",""cost-center"":""cc-3110"",""owner"":""team-data""}"
Google Cloud,Google,Google Cloud,INV-2026-05-A7B8C9,11C2D3-E4F506-A7B8C9,ExampleCorp Billing - Secondary,Billing Account,examplecorp-staging-552831,staging-platform,Project,2026-05-01T00:00:00Z,2026-06-01T00:00:00Z,2026-05-25T11:00:00Z,2026-05-25T12:00:00Z,Usage,,e2-standard-4 running,Usage-Based,0.1206,0.1206,0.134,0.1206,0.1340000000,0.1206000000,Standard,1.0000,Hours,USD,0.1206000000,0.1206,0.1340000000,USD,1.0000,Hours,Compute Engine,Compute,Virtual Machines,SKU-c7f294f3dc4904208c787632,Compute,SPRICE-c8c1784c237a87edf1c3647d,"{""InstanceType"":""e2-standard-4"",""InstanceSeries"":""E2"",""CoreCount"":4,""MemorySize"":16,""OperatingSystem"":""Linux"",""x_Preemptible"":""false""}",//compute.googleapis.com/projects/examplecorp-staging-552831/instances/instance-23025278,instance-23025278,Compute Instance,us-east1,South Carolina,us-east1-b,,,,,,,,,,"{""environment"":""dev"",""cost-center"":""cc-3110"",""owner"":""team-platform""}"
Google Cloud,Google,Google Cloud,INV-2026-05-F70819,01A2B3-C4D5E6-F70819,ExampleCorp Billing - Primary,Billing Account,examplecorp-sandbox-160942,sandbox-dev,Project,2026-05-01T00:00:00Z,2026-06-01T00:00:00Z,2026-05-01T00:00:00Z,2026-05-02T00:00:00Z,Usage,,Monitoring data ingested,Usage-Based,36.80553438,36.80553438,40.8950382,36.80553438,0.2580000000,0.2322000000,Standard,158.5079,MiB,USD,0.2322000000,36.80553438,0.2580000000,USD,158.5079,MiB,Cloud Monitoring,Management and Governance,Observability,SKU-7ae4fc052f28901dffce70d1,Monitoring,SPRICE-57d21c7b60b5e5bed918393e,"{""x_DataType"":""Metrics""}",//monitoring.googleapis.com/projects/examplecorp-sandbox-160942/metricsScopes/mon-1482d97a,mon-1482d97a,Monitoring Workspace,us-east1,South Carolina,,,,,,,,,,,"{""environment"":""prod"",""cost-center"":""cc-3110"",""owner"":""team-payments""}"
Google Cloud,Google,Google Cloud,INV-2026-05-A7B8C9,11C2D3-E4F506-A7B8C9,ExampleCorp Billing - Secondary,Billing Account,examplecorp-data-739104,data-analytics,Project,2026-05-01T00:00:00Z,2026-06-01T00:00:00Z,2026-05-25T13:00:00Z,2026-05-25T14:00:00Z,Usage,,e2-standard-4 running,Usage-Based,0.1206,0.1206,0.134,0.1206,0.1340000000,0.1206000000,Standard,1.0000,Hours,USD,0.1206000000,0.1206,0.1340000000,USD,1.0000,Hours,Compute Engine,Compute,Virtual Machines,SKU-1f3d031b6a456d700dc64bbb,Compute,SPRICE-d8c574633874898080639a0f,"{""InstanceType"":""e2-standard-4"",""InstanceSeries"":""E2"",""CoreCount"":4,""MemorySize"":16,""OperatingSystem"":""Linux"",""x_Preemptible"":""false""}",//compute.googleapis.com/projects/examplecorp-data-739104/instances/instance-01f00fad,instance-01f00fad,Compute Instance,asia-southeast1,Singapore,asia-southeast1-b,,,,,,,,,,"{""environment"":""staging"",""cost-center"":""cc-2087"",""owner"":""team-payments""}"
Google Cloud,Google,Google Cloud,INV-2026-05-F70819,01A2B3-C4D5E6-F70819,ExampleCorp Billing - Primary,Billing Account,examplecorp-staging-552831,staging-platform,Project,2026-05-01T00:00:00Z,2026-06-01T00:00:00Z,2026-05-25T14:00:00Z,2026-05-25T15:00:00Z,Usage,,GKE node pool hours,Usage-Based,0.1206,0.1206,0.134,0.1206,0.1340000000,0.1206000000,Standard,1.0000,Hours,USD,0.1206000000,0.1206,0.1340000000,USD,1.0000,Hours,Google Kubernetes Engine,Compute,Containers,SKU-9f36ca4ad55c40314722c6e2,Compute,SPRICE-d0b5636dddc3dcd209075213,"{""InstanceType"":""e2-standard-4"",""CoreCount"":4,""MemorySize"":16,""x_NodePool"":""default""}",//container.googleapis.com/projects/examplecorp-staging-552831/clusters/gke-0d6e270d,gke-0d6e270d,GKE Cluster,us-central1,Iowa,,,,,,,,,,,"{""environment"":""dev"",""cost-center"":""cc-3110"",""owner"":""team-platform""}"
Google Cloud,Google,Google Cloud,INV-2026-05-F70819,01A2B3-C4D5E6-F70819,ExampleCorp Billing - Primary,Billing Account,examplecorp-data-739104,data-analytics,Project,2026-05-01T00:00:00Z,2026-06-01T00:00:00Z,2026-05-04T00:00:00Z,2026-05-05T00:00:00Z,Usage,,Monitoring data ingested,Usage-Based,4.91024052,4.91024052,5.4558228,4.91024052,0.2580000000,0.2322000000,Standard,21.1466,MiB,EUR,0.2136240000,4.5174212784,0.2373600000,USD,21.1466,MiB,Cloud Monitoring,Management and Governance,Observability,SKU-afe92dda1165fc43abddae34,Monitoring,SPRICE-3da34cd6eb0b189073b0bc31,"{""x_DataType"":""Metrics""}",//monitoring.googleapis.com/projects/examplecorp-data-739104/metricsScopes/mon-36f5182f,mon-36f5182f,Monitoring Workspace,europe-west1,Belgium,,,,,,,,,,,"{""environment"":""dev"",""cost-center"":""cc-2087"",""owner"":""team-data""}"
Google Cloud,Google,Google Cloud,INV-2026-05-F70819,01A2B3-C4D5E6-F70819,ExampleCorp Billing - Primary,Billing Account,examplecorp-data-739104,data-analytics,Project,2026-05-01T00:00:00Z,2026-06-01T00:00:00Z,2026-05-25T16:00:00Z,2026-05-25T17:00:00Z,Usage,,Function execution duration,Usage-Based,4.122397827225,4.122397827225,4.58044203025,4.122397827225,0.0000025000,0.0000022500,Standard,1832176.8121,GB-Seconds,USD,0.0000022500,4.122397827225,0.0000025000,USD,1832176.8121,GB-Seconds,Cloud Functions,Compute,Serverless Compute,SKU-695ae4ac3664791d99311a2f,Compute,SPRICE-1660dde73d1cd143caedc47c,"{""x_Runtime"":""python312"",""x_Generation"":""gen2""}",//cloudfunctions.googleapis.com/projects/examplecorp-data-739104/functions/fn-780facd6,fn-780facd6,Cloud Function,us-central1,Iowa,,,,,,,,,,,"{""environment"":""dev"",""cost-center"":""cc-1042"",""owner"":""team-platform""}"
Google Cloud,Google,Google Cloud,INV-2026-05-A7B8C9,11C2D3-E4F506-A7B8C9,ExampleCorp Billing - Secondary,Billing Account,examplecorp-data-739104,data-analytics,Project,2026-05-01T00:00:00Z,2026-06-01T00:00:00Z,2026-05-25T17:00:00Z,2026-05-25T18:00:00Z,Usage,,Cloud SQL custom 4 vCPU,Usage-Based,0.18,0.18,0.2,0.18,0.2000000000,0.1800000000,Standard,1.0000,Hours,USD,0.1800000000,0.18,0.2000000000,USD,1.0000,Hours,Cloud SQL,Databases,Relational Databases,SKU-5a84ed2775b50d245d6fae1f,Database,SPRICE-df6d9a619dcef43326a41589,"{""InstanceType"":""db-custom-4-16384"",""CoreCount"":4,""MemorySize"":16,""x_Engine"":""PostgreSQL""}",//sqladmin.googleapis.com/projects/examplecorp-data-739104/instances/sql-23ba3e27,sql-23ba3e27,Cloud SQL Instance,asia-southeast1,Singapore,,,,,,,,,,,"{""environment"":""prod"",""cost-center"":""cc-1042"",""owner"":""team-payments""}"
Google Cloud,Google,Google Cloud,INV-2026-05-F70819,01A2B3-C4D5E6-F70819,ExampleCorp Billing - Primary,Billing Account,examplecorp-sandbox-160942,sandbox-dev,Project,2026-05-01T00:00:00Z,2026-06-01T00:00:00Z,2026-05-01T00:00:00Z,2026-06-01T00:00:00Z,Usage,,Standard storage,Usage-Based,108.3220542,108.3220542,120.357838,108.3220542,0.0200000000,0.0180000000,Standard,6017.8919,GB-Months,USD,0.0180000000,108.3220542,0.0200000000,USD,6017.8919,GB-Months,Cloud Storage,Storage,Object Storage,SKU-48e52b42c3a2a664e72c7c8d,Storage,SPRICE-acaf4d3f193ddc335413e7e0,"{""StorageClass"":""Standard""}",//storage.googleapis.com/projects/examplecorp-sandbox-160942/buckets/bucket-5be3cf24,bucket-5be3cf24,Storage Bucket,asia-southeast1,Singapore,,,,,,,,,,,"{""environment"":""prod"",""cost-center"":""cc-2087"",""owner"":""team-platform""}"
Google Cloud,Google,Google Cloud,INV-2026-05-F70819,01A2B3-C4D5E6-F70819,ExampleCorp Billing - Primary,Billing Account,examplecorp-prod-481627,prod-platform,Project,2026-05-01T00:00:00Z,2026-06-01T00:00:00Z,2026-05-25T19:00:00Z,2026-05-25T20:00:00Z,Usage,,e2-standard-4 running,Usage-Based,0.1206,0.1206,0.134,0.1206,0.1340000000,0.1206000000,Standard,1.0000,Hours,USD,0.1206000000,0.1206,0.1340000000,USD,1.0000,Hours,Compute Engine,Compute,Virtual Machines,SKU-1f3d031b6a456d700dc64bbb,Compute,SPRICE-d8c574633874898080639a0f,"{""InstanceType"":""e2-standard-4"",""InstanceSeries"":""E2"",""CoreCount"":4,""MemorySize"":16,""OperatingSystem"":""Linux"",""x_Preemptible"":""false""}",//compute.googleapis.com/projects/examplecorp-prod-481627/instances/instance-fe6f20ac,instance-fe6f20ac,Compute Instance,asia-southeast1,Singapore,asia-southeast1-b,,,,,,,,,,"{""environment"":""dev"",""cost-center"":""cc-1042"",""owner"":""team-platform""}"
Google Cloud,Google,Google Cloud,INV-2026-05-A7B8C9,11C2D3-E4F506-A7B8C9,ExampleCorp Billing - Secondary,Billing Account,examplecorp-prod-481627,prod-platform,Project,2026-05-01T00:00:00Z,2026-06-01T00:00:00Z,2026-05-25T20:00:00Z,2026-05-25T21:00:00Z,Usage,,Function execution duration,Usage-Based,4.064878444725,4.064878444725,4.51653160525,4.064878444725,0.0000025000,0.0000022500,Standard,1806612.6421,GB-Seconds,USD,0.0000022500,4.064878444725,0.0000025000,USD,1806612.6421,GB-Seconds,Cloud Functions,Compute,Serverless Compute,SKU-eb71d7502d67eb15645ae724,Compute,SPRICE-29314eddd725ec87d1767584,"{""x_Runtime"":""python312"",""x_Generation"":""gen2""}",//cloudfunctions.googleapis.com/projects/examplecorp-prod-481627/functions/fn-4d543811,fn-4d543811,Cloud Function,asia-southeast1,Singapore,,,,,,,,,,,"{""environment"":""prod"",""cost-center"":""cc-2087"",""owner"":""team-data""}"
Google Cloud,Google,Google Cloud,INV-2026-05-F70819,01A2B3-C4D5E6-F70819,ExampleCorp Billing - Primary,Billing Account,examplecorp-sandbox-160942,sandbox-dev,Project,2026-05-01T00:00:00Z,2026-06-01T00:00:00Z,2026-05-01T00:00:00Z,2026-06-01T00:00:00Z,Usage,,Standard storage,Usage-Based,143.1087984,143.1087984,159.009776,143.1087984,0.0200000000,0.0180000000,Standard,7950.4888,GB-Months,USD,0.0180000000,143.1087984,0.0200000000,USD,7950.4888,GB-Months,Cloud Storage,Storage,Object Storage,SKU-560ffe175cb39f91c531454c,Storage,SPRICE-3d050702dcbac978cb3acee9,"{""StorageClass"":""Standard""}",//storage.googleapis.com/projects/examplecorp-sandbox-160942/buckets/bucket-d776f206,bucket-d776f206,Storage Bucket,us-central1,Iowa,,,,,,,,,,,"{""environment"":""prod"",""cost-center"":""cc-1042"",""owner"":""team-payments""}"
Google Cloud,Google,Google Cloud,INV-2026-05-F70819,01A2B3-C4D5E6-F70819,ExampleCorp Billing - Primary,Billing Account,examplecorp-data-739104,data-analytics,Project,2026-05-01T00:00:00Z,2026-06-01T00:00:00Z,2026-05-25T22:00:00Z,2026-05-25T23:00:00Z,Usage,,Cloud SQL custom 4 vCPU,Usage-Based,0.18,0.18,0.2,0.18,0.2000000000,0.1800000000,Standard,1.0000,Hours,USD,0.1800000000,0.18,0.2000000000,USD,1.0000,Hours,Cloud SQL,Databases,Relational Databases,SKU-5a84ed2775b50d245d6fae1f,Database,SPRICE-df6d9a619dcef43326a41589,"{""InstanceType"":""db-custom-4-16384"",""CoreCount"":4,""MemorySize"":16,""x_Engine"":""PostgreSQL""}",//sqladmin.googleapis.com/projects/examplecorp-data-739104/instances/sql-f61127ae,sql-f61127ae,Cloud SQL Instance,asia-southeast1,Singapore,,,,,,,,,,,"{""environment"":""staging"",""cost-center"":""cc-2087"",""owner"":""team-platform""}"
Google Cloud,Google,Google Cloud,INV-2026-05-A7B8C9,11C2D3-E4F506-A7B8C9,ExampleCorp Billing - Secondary,Billing Account,examplecorp-data-739104,data-analytics,Project,2026-05-01T00:00:00Z,2026-06-01T00:00:00Z,2026-05-25T23:00:00Z,2026-05-26T00:00:00Z,Usage,,Cloud SQL custom 4 vCPU,Usage-Based,0.18,0.18,0.2,0.18,0.2000000000,0.1800000000,Standard,1.0000,Hours,USD,0.1800000000,0.18,0.2000000000,USD,1.0000,Hours,Cloud SQL,Databases,Relational Databases,SKU-ba223805a916089dc772c95e,Database,SPRICE-715e0278131e4992ea970001,"{""InstanceType"":""db-custom-4-16384"",""CoreCount"":4,""MemorySize"":16,""x_Engine"":""PostgreSQL""}",//sqladmin.googleapis.com/projects/examplecorp-data-739104/instances/sql-3adf790d,sql-3adf790d,Cloud SQL Instance,us-east1,South Carolina,,,,,,,,,,,"{""environment"":""staging"",""cost-center"":""cc-1042"",""owner"":""team-data""}"
Google Cloud,Google,Google Cloud,INV-2026-05-F70819,01A2B3-C4D5E6-F70819,ExampleCorp Billing - Primary,Billing Account,examplecorp-data-739104,data-analytics,Project,2026-05-01T00:00:00Z,2026-06-01T00:00:00Z,2026-05-26T00:00:00Z,2026-05-26T01:00:00Z,Usage,,e2-standard-4 running,Usage-Based,0.1206,0.1206,0.134,0.1206,0.1340000000,0.1206000000,Standard,1.0000,Hours,USD,0.1206000000,0.1206,0.1340000000,USD,1.0000,Hours,Compute Engine,Compute,Virtual Machines,SKU-1f3d031b6a456d700dc64bbb,Compute,SPRICE-d8c574633874898080639a0f,"{""InstanceType"":""e2-standard-4"",""InstanceSeries"":""E2"",""CoreCount"":4,""MemorySize"":16,""OperatingSystem"":""Linux"",""x_Preemptible"":""false""}",//compute.googleapis.com/projects/examplecorp-data-739104/instances/instance-5af3f762,instance-5af3f762,Compute Instance,asia-southeast1,Singapore,asia-southeast1-a,,,,,,,,,,"{""environment"":""staging"",""cost-center"":""cc-2087"",""owner"":""team-payments""}"
Google Cloud,Google,Google Cloud,INV-2026-05-A7B8C9,11C2D3-E4F506-A7B8C9,ExampleCorp Billing - Secondary,Billing Account,examplecorp-sandbox-160942,sandbox-dev,Project,2026-05-01T00:00:00Z,2026-06-01T00:00:00Z,2026-05-26T01:00:00Z,2026-05-26T02:00:00Z,Usage,,Cloud Run vCPU allocation,Usage-Based,94.69745524872,94.69745524872,105.2193947208,94.69745524872,0.0000240000,0.0000216000,Standard,4384141.4467,Core-Seconds,USD,0.0000216000,94.69745524872,0.0000240000,USD,4384141.4467,Core-Seconds,Cloud Run,Compute,Serverless Compute,SKU-0828b68f352ea8761f8e1993,Compute,SPRICE-939cc729025fe8682a0f43e3,"{""x_Generation"":""gen2""}",//run.googleapis.com/projects/examplecorp-sandbox-160942/services/svc-ea6c8d53,svc-ea6c8d53,Cloud Run Service,europe-west1,Belgium,,,,,,,,,,,"{""environment"":""dev"",""cost-center"":""cc-3110"",""owner"":""team-platform""}"
Google Cloud,Google,Google Cloud,INV-2026-05-F70819,01A2B3-C4D5E6-F70819,ExampleCorp Billing - Primary,Billing Account,examplecorp-staging-552831,staging-platform,Project,2026-05-01T00:00:00Z,2026-06-01T00:00:00Z,2026-05-26T02:00:00Z,2026-05-26T03:00:00Z,Usage,,Cloud SQL custom 4 vCPU,Usage-Based,0.18,0.18,0.2,0.18,0.2000000000,0.1800000000,Standard,1.0000,Hours,USD,0.1800000000,0.18,0.2000000000,USD,1.0000,Hours,Cloud SQL,Databases,Relational Databases,SKU-5a84ed2775b50d245d6fae1f,Database,SPRICE-df6d9a619dcef43326a41589,"{""InstanceType"":""db-custom-4-16384"",""CoreCount"":4,""MemorySize"":16,""x_Engine"":""PostgreSQL""}",//sqladmin.googleapis.com/projects/examplecorp-staging-552831/instances/sql-7901d0c0,sql-7901d0c0,Cloud SQL Instance,asia-southeast1,Singapore,,,,,,,,,,,"{""environment"":""staging"",""cost-center"":""cc-2087"",""owner"":""team-data""}"
Google Cloud,Google,Google Cloud,INV-2026-05-F70819,01A2B3-C4D5E6-F70819,ExampleCorp Billing - Primary,Billing Account,examplecorp-data-739104,data-analytics,Project,2026-05-01T00:00:00Z,2026-06-01T00:00:00Z,2026-05-11T00:00:00Z,2026-05-12T00:00:00Z,Tax,,Synthetic tax 10% on usage record 515: Cloud Monitoring,One-Time,0.148150566,0.148150566,0.16461174,0.148150566,,,,,,USD,,0.148150566,,USD,,,Cloud Monitoring,Management and Governance,Observability,,,,,,,,,,,,,,,,,,,,"{""environment"":""staging"",""cost-center"":""cc-2087"",""owner"":""team-data""}"
Google Cloud,Google,Google Cloud,INV-2026-05-A7B8C9,11C2D3-E4F506-A7B8C9,ExampleCorp Billing - Secondary,Billing Account,examplecorp-staging-552831,staging-platform,Project,2026-05-01T00:00:00Z,2026-06-01T00:00:00Z,2026-05-17T00:00:00Z,2026-05-18T00:00:00Z,Usage,,Monitoring data ingested,Usage-Based,11.1817071,11.1817071,12.424119,11.1817071,0.2580000000,0.2322000000,Standard,48.1555,MiB,USD,0.2322000000,11.1817071,0.2580000000,USD,48.1555,MiB,Cloud Monitoring,Management and Governance,Observability,SKU-73cb6d01edef8d38d97bb589,Monitoring,SPRICE-d59530bdf3a44cc1ae1d78ff,"{""x_DataType"":""Metrics""}",//monitoring.googleapis.com/projects/examplecorp-staging-552831/metricsScopes/mon-e7ec11df,mon-e7ec11df,Monitoring Workspace,asia-southeast1,Singapore,,,,,,,,,,,"{""environment"":""staging"",""cost-center"":""cc-3110"",""owner"":""team-data""}"
Google Cloud,Google,Google Cloud,INV-2026-05-F70819,01A2B3-C4D5E6-F70819,ExampleCorp Billing - Primary,Billing Account,examplecorp-data-739104,data-analytics,Project,2026-05-01T00:00:00Z,2026-06-01T00:00:00Z,2026-05-26T05:00:00Z,2026-05-26T06:00:00Z,Usage,,e2-standard-4 running,Usage-Based,0.1206,0.1206,0.134,0.1206,0.1340000000,0.1206000000,Standard,1.0000,Hours,EUR,0.1109520000,0.110952,0.1232800000,USD,1.0000,Hours,Compute Engine,Compute,Virtual Machines,SKU-1badc439797b2cd5d91eaa22,Compute,SPRICE-b0cb72f9786f6d0aa8de1bc0,"{""InstanceType"":""e2-standard-4"",""InstanceSeries"":""E2"",""CoreCount"":4,""MemorySize"":16,""OperatingSystem"":""Linux"",""x_Preemptible"":""false""}",//compute.googleapis.com/projects/examplecorp-data-739104/instances/instance-58f4490e,instance-58f4490e,Compute Instance,europe-west1,Belgium,europe-west1-b,,,,,,,,,,"{""environment"":""prod"",""cost-center"":""cc-2087"",""owner"":""team-payments""}"
Google Cloud,Google,Google Cloud,INV-2026-05-A7B8C9,11C2D3-E4F506-A7B8C9,ExampleCorp Billing - Secondary,Billing Account,examplecorp-sandbox-160942,sandbox-dev,Project,2026-05-01T00:00:00Z,2026-06-01T00:00:00Z,2026-05-26T06:00:00Z,2026-05-26T07:00:00Z,Usage,,GKE node pool hours,Usage-Based,0.1206,0.1206,0.134,0.1206,0.1340000000,0.1206000000,Standard,1.0000,Hours,USD,0.1206000000,0.1206,0.1340000000,USD,1.0000,Hours,Google Kubernetes Engine,Compute,Containers,SKU-95bb96cc0ee68cb652bab2e4,Compute,SPRICE-f0da7e1b00708ea0f5356a96,"{""InstanceType"":""e2-standard-4"",""CoreCount"":4,""MemorySize"":16,""x_NodePool"":""default""}",//container.googleapis.com/projects/examplecorp-sandbox-160942/clusters/gke-017accf7,gke-017accf7,GKE Cluster,europe-west1,Belgium,,,,,,,,,,,"{""environment"":""staging"",""cost-center"":""cc-2087"",""owner"":""team-payments""}"
Google Cloud,Google,Google Cloud,INV-2026-05-A7B8C9,11C2D3-E4F506-A7B8C9,ExampleCorp Billing - Secondary,Billing Account,examplecorp-staging-552831,staging-platform,Project,2026-05-01T00:00:00Z,2026-06-01T00:00:00Z,2026-05-26T07:00:00Z,2026-05-26T08:00:00Z,Usage,,GKE node pool hours,Usage-Based,0.1206,0.1206,0.134,0.1206,0.1340000000,0.1206000000,Standard,1.0000,Hours,USD,0.1206000000,0.1206,0.1340000000,USD,1.0000,Hours,Google Kubernetes Engine,Compute,Containers,SKU-86068fdbce854432224e9db3,Compute,SPRICE-42acd32065a96a502913e8e4,"{""InstanceType"":""e2-standard-4"",""CoreCount"":4,""MemorySize"":16,""x_NodePool"":""default""}",//container.googleapis.com/projects/examplecorp-staging-552831/clusters/gke-1e986902,gke-1e986902,GKE Cluster,asia-southeast1,Singapore,,,,,,,,,,,"{""environment"":""staging"",""cost-center"":""cc-2087"",""owner"":""team-platform""}"
Google Cloud,Google,Google Cloud,INV-2026-05-A7B8C9,11C2D3-E4F506-A7B8C9,ExampleCorp Billing - Secondary,Billing Account,examplecorp-data-739104,data-analytics,Project,2026-05-01T00:00:00Z,2026-06-01T00:00:00Z,2026-05-26T08:00:00Z,2026-05-26T09:00:00Z,Usage,,Cloud Run vCPU allocation,Usage-Based,17.70917048856,17.70917048856,19.6768560984,17.70917048856,0.0000240000,0.0000216000,Standard,819869.0041,Core-Seconds,USD,0.0000216000,17.70917048856,0.0000240000,USD,819869.0041,Core-Seconds,Cloud Run,Compute,Serverless Compute,SKU-e75878aa18ba02097c5ad236,Compute,SPRICE-29d89dec6fcc3435a30f9762,"{""x_Generation"":""gen2""}",//run.googleapis.com/projects/examplecorp-data-739104/services/svc-04cfd7d0,svc-04cfd7d0,Cloud Run Service,us-central1,Iowa,,,,,,,,,,,"{""environment"":""dev"",""cost-center"":""cc-3110"",""owner"":""team-data""}"
Google Cloud,Google,Google Cloud,INV-2026-05-A7B8C9,11C2D3-E4F506-A7B8C9,ExampleCorp Billing - Secondary,Billing Account,examplecorp-data-739104,data-analytics,Project,2026-05-01T00:00:00Z,2026-06-01T00:00:00Z,2026-05-26T09:00:00Z,2026-05-26T10:00:00Z,Usage,,e2-standard-4 running,Usage-Based,0.1206,0.1206,0.134,0.1206,0.1340000000,0.1206000000,Standard,1.0000,Hours,USD,0.1206000000,0.1206,0.1340000000,USD,1.0000,Hours,Compute Engine,Compute,Virtual Machines,SKU-1badc439797b2cd5d91eaa22,Compute,SPRICE-0e8670e23a7f9352bf5b81bc,"{""InstanceType"":""e2-standard-4"",""InstanceSeries"":""E2"",""CoreCount"":4,""MemorySize"":16,""OperatingSystem"":""Linux"",""x_Preemptible"":""false""}",//compute.googleapis.com/projects/examplecorp-data-739104/instances/instance-c5a6cbe4,instance-c5a6cbe4,Compute Instance,europe-west1,Belgium,europe-west1-b,,,,,,,,,,"{""environment"":""staging"",""cost-center"":""cc-2087"",""owner"":""team-data""}"
Google Cloud,Google,Google Cloud,INV-2026-05-F70819,01A2B3-C4D5E6-F70819,ExampleCorp Billing - Primary,Billing Account,examplecorp-staging-552831,staging-platform,Project,2026-05-01T00:00:00Z,2026-06-01T00:00:00Z,2026-05-23T00:00:00Z,2026-05-24T00:00:00Z,Purchase,,Cloud Functions subscription fee,Recurring,462.02,462.02,462.02,462.02,462.02,462.02,Standard,1,Units,USD,462.0200000000,462.02,462.0200000000,USD,,,Cloud Functions,Compute,Serverless Compute,SKU-8a7d2666a56be38ee1564a28,Subscription,SPRICE-43d9d0a52889804391e7dfda,"{""x_ChargeType"": ""SubscriptionFee""}",//cloudfunctions.googleapis.com/projects/examplecorp-staging-552831/functions/fn-a9c4c2e3,fn-a9c4c2e3,Cloud Function,asia-southeast1,Singapore,,,,,,,,,,,"{""environment"":""dev"",""cost-center"":""cc-2087"",""owner"":""team-data""}"
Google Cloud,Google,Google Cloud,INV-2026-05-F70819,01A2B3-C4D5E6-F70819,ExampleCorp Billing - Primary,Billing Account,examplecorp-sandbox-160942,sandbox-dev,Project,2026-05-01T00:00:00Z,2026-06-01T00:00:00Z,2026-05-26T11:00:00Z,2026-05-26T12:00:00Z,Usage,,Cloud Run vCPU allocation,Usage-Based,49.31649918144,49.31649918144,54.7961102016,49.31649918144,0.0000240000,0.0000216000,Standard,2283171.2584,Core-Seconds,USD,0.0000216000,49.31649918144,0.0000240000,USD,2283171.2584,Core-Seconds,Cloud Run,Compute,Serverless Compute,SKU-e75878aa18ba02097c5ad236,Compute,SPRICE-29d89dec6fcc3435a30f9762,"{""x_Generation"":""gen2""}",//run.googleapis.com/projects/examplecorp-sandbox-160942/services/svc-d7f538d8,svc-d7f538d8,Cloud Run Service,us-central1,Iowa,,,,,,,,,,,"{""environment"":""staging"",""cost-center"":""cc-1042"",""owner"":""team-payments""}"
Google Cloud,Google,Google Cloud,INV-2026-05-A7B8C9,11C2D3-E4F506-A7B8C9,ExampleCorp Billing - Secondary,Billing Account,examplecorp-data-739104,data-analytics,Project,2026-05-01T00:00:00Z,2026-06-01T00:00:00Z,2026-05-26T12:00:00Z,2026-05-26T13:00:00Z,Usage,,e2-standard-4 running,Usage-Based,0.1206,0.1206,0.134,0.1206,0.1340000000,0.1206000000,Standard,1.0000,Hours,USD,0.1206000000,0.1206,0.1340000000,USD,1.0000,Hours,Compute Engine,Compute,Virtual Machines,SKU-c7f294f3dc4904208c787632,Compute,SPRICE-c8c1784c237a87edf1c3647d,"{""InstanceType"":""e2-standard-4"",""InstanceSeries"":""E2"",""CoreCount"":4,""MemorySize"":16,""OperatingSystem"":""Linux"",""x_Preemptible"":""false""}",//compute.googleapis.com/projects/examplecorp-data-739104/instances/instance-efdfe3d6,instance-efdfe3d6,Compute Instance,us-east1,South Carolina,us-east1-b,,,,,,,,,,"{""environment"":""prod"",""cost-center"":""cc-3110"",""owner"":""team-platform""}"
Google Cloud,Google,Google Cloud,INV-2026-05-A7B8C9,11C2D3-E4F506-A7B8C9,ExampleCorp Billing - Secondary,Billing Account,examplecorp-sandbox-160942,sandbox-dev,Project,2026-05-01T00:00:00Z,2026-06-01T00:00:00Z,2026-05-26T00:00:00Z,2026-05-27T00:00:00Z,Usage,,Monitoring data ingested,Usage-Based,17.85706236,17.85706236,19.8411804,17.85706236,0.2580000000,0.2322000000,Standard,76.9038,MiB,USD,0.2322000000,17.85706236,0.2580000000,USD,76.9038,MiB,Cloud Monitoring,Management and Governance,Observability,SKU-73cb6d01edef8d38d97bb589,Monitoring,SPRICE-d59530bdf3a44cc1ae1d78ff,"{""x_DataType"":""Metrics""}",//monitoring.googleapis.com/projects/examplecorp-sandbox-160942/metricsScopes/mon-7d02bc13,mon-7d02bc13,Monitoring Workspace,asia-southeast1,Singapore,,,,,,,,,,,"{""environment"":""prod"",""cost-center"":""cc-2087"",""owner"":""team-platform""}"
Google Cloud,Google,Google Cloud,INV-2026-05-A7B8C9,11C2D3-E4F506-A7B8C9,ExampleCorp Billing - Secondary,Billing Account,examplecorp-staging-552831,staging-platform,Project,2026-05-01T00:00:00Z,2026-06-01T00:00:00Z,2026-05-27T00:00:00Z,2026-05-28T00:00:00Z,Purchase,,Cloud Monitoring subscription fee,Recurring,339.71,339.71,339.71,339.71,339.71,339.71,Standard,1,Units,USD,339.7100000000,339.71,339.7100000000,USD,,,Cloud Monitoring,Management and Governance,Observability,SKU-2202f5696da25e464f07d651,Subscription,SPRICE-11b44bd812a83257c6dfaec5,"{""x_ChargeType"": ""SubscriptionFee""}",//monitoring.googleapis.com/projects/examplecorp-staging-552831/metricsScopes/mon-e20a00bf,mon-e20a00bf,Monitoring Workspace,europe-west1,Belgium,,,,,,,,,,,"{""environment"":""staging"",""cost-center"":""cc-2087"",""owner"":""team-payments""}"
Google Cloud,Google,Google Cloud,INV-2026-05-F70819,01A2B3-C4D5E6-F70819,ExampleCorp Billing - Primary,Billing Account,examplecorp-prod-481627,prod-platform,Project,2026-05-01T00:00:00Z,2026-06-01T00:00:00Z,2026-05-28T00:00:00Z,2026-05-29T00:00:00Z,Usage,,On-demand query analysis,Usage-Based,235.3325625,235.3325625,261.480625,235.3325625,6.2500000000,5.6250000000,Standard,41.8369,TiB,EUR,5.1750000000,216.5059575,5.7500000000,USD,41.8369,TiB,BigQuery,Databases,Data Warehouses,SKU-e14c81c3b9dbfe726f5234cc,Analysis,SPRICE-0c06091d9c448255a307a45d,"{""x_Edition"":""OnDemand""}",//bigquery.googleapis.com/projects/examplecorp-prod-481627/datasets/ds_65595f3d,ds_65595f3d,BigQuery Dataset,europe-west1,Belgium,,,,,,,,,,,"{""environment"":""staging"",""cost-center"":""cc-3110"",""owner"":""team-data""}"
Google Cloud,Google,Google Cloud,INV-2026-05-F70819,01A2B3-C4D5E6-F70819,ExampleCorp Billing - Primary,Billing Account,examplecorp-sandbox-160942,sandbox-dev,Project,2026-05-01T00:00:00Z,2026-06-01T00:00:00Z,2026-05-13T07:00:00Z,2026-05-13T08:00:00Z,Tax,,Synthetic tax 10% on usage record 296: Cloud Run,One-Time,6.786055487016,6.786055487016,7.54006165224,6.786055487016,,,,,,USD,,6.786055487016,,USD,,,Cloud Run,Compute,Serverless Compute,,,,,,,,,,,,,,,,,,,,"{""environment"":""staging"",""cost-center"":""cc-1042"",""owner"":""team-data""}"
Google Cloud,Google,Google Cloud,INV-2026-05-A7B8C9,11C2D3-E4F506-A7B8C9,ExampleCorp Billing - Secondary,Billing Account,examplecorp-staging-552831,staging-platform,Project,2026-05-01T00:00:00Z,2026-06-01T00:00:00Z,2026-05-01T00:00:00Z,2026-06-01T00:00:00Z,Usage,,Standard storage,Usage-Based,61.429284,61.429284,68.25476,61.429284,0.0200000000,0.0180000000,Standard,3412.7380,GB-Months,USD,0.0180000000,61.429284,0.0200000000,USD,3412.7380,GB-Months,Cloud Storage,Storage,Object Storage,SKU-560ffe175cb39f91c531454c,Storage,SPRICE-3d050702dcbac978cb3acee9,"{""StorageClass"":""Standard""}",//storage.googleapis.com/projects/examplecorp-staging-552831/buckets/bucket-14c841ac,bucket-14c841ac,Storage Bucket,us-central1,Iowa,,,,,,,,,,,"{""environment"":""prod"",""cost-center"":""cc-1042"",""owner"":""team-payments""}"
Google Cloud,Google,Google Cloud,INV-2026-05-A7B8C9,11C2D3-E4F506-A7B8C9,ExampleCorp Billing - Secondary,Billing Account,examplecorp-staging-552831,staging-platform,Project,2026-05-01T00:00:00Z,2026-06-01T00:00:00Z,2026-05-26T18:00:00Z,2026-05-26T19:00:00Z,Usage,,GKE node pool hours,Usage-Based,0.1206,0.1206,0.134,0.1206,0.1340000000,0.1206000000,Standard,1.0000,Hours,USD,0.1206000000,0.1206,0.1340000000,USD,1.0000,Hours,Google Kubernetes Engine,Compute,Containers,SKU-9f36ca4ad55c40314722c6e2,Compute,SPRICE-d0b5636dddc3dcd209075213,"{""InstanceType"":""e2-standard-4"",""CoreCount"":4,""MemorySize"":16,""x_NodePool"":""default""}",//container.googleapis.com/projects/examplecorp-staging-552831/clusters/gke-ad5a0906,gke-ad5a0906,GKE Cluster,us-central1,Iowa,,,,,,,,,,,"{""environment"":""prod"",""cost-center"":""cc-1042"",""owner"":""team-data""}"
Google Cloud,Google,Google Cloud,INV-2026-05-A7B8C9,11C2D3-E4F506-A7B8C9,ExampleCorp Billing - Secondary,Billing Account,examplecorp-data-739104,data-analytics,Project,2026-05-01T00:00:00Z,2026-06-01T00:00:00Z,2026-05-26T19:00:00Z,2026-05-26T20:00:00Z,Usage,,Function execution duration,Usage-Based,0.3988328463,0.3988328463,0.443147607,0.3988328463,0.0000025000,0.0000022500,Standard,177259.0428,GB-Seconds,USD,0.0000022500,0.3988328463,0.0000025000,USD,177259.0428,GB-Seconds,Cloud Functions,Compute,Serverless Compute,SKU-695ae4ac3664791d99311a2f,Compute,SPRICE-1660dde73d1cd143caedc47c,"{""x_Runtime"":""python312"",""x_Generation"":""gen2""}",//cloudfunctions.googleapis.com/projects/examplecorp-data-739104/functions/fn-77104570,fn-77104570,Cloud Function,us-central1,Iowa,,,,,,,,,,,"{""environment"":""dev"",""cost-center"":""cc-1042"",""owner"":""team-platform""}"
Google Cloud,Google,Google Cloud,INV-2026-05-F70819,01A2B3-C4D5E6-F70819,ExampleCorp Billing - Primary,Billing Account,examplecorp-staging-552831,staging-platform,Project,2026-05-01T00:00:00Z,2026-06-01T00:00:00Z,2026-05-26T20:00:00Z,2026-05-26T21:00:00Z,Usage,,Cloud Run vCPU allocation,Usage-Based,19.52243474544,19.52243474544,21.6915941616,19.52243474544,0.0000240000,0.0000216000,Standard,903816.4234,Core-Seconds,USD,0.0000216000,19.52243474544,0.0000240000,USD,903816.4234,Core-Seconds,Cloud Run,Compute,Serverless Compute,SKU-e75878aa18ba02097c5ad236,Compute,SPRICE-29d89dec6fcc3435a30f9762,"{""x_Generation"":""gen2""}",//run.googleapis.com/projects/examplecorp-staging-552831/services/svc-9179a452,svc-9179a452,Cloud Run Service,us-central1,Iowa,,,,,,,,,,,"{""environment"":""dev"",""cost-center"":""cc-1042"",""owner"":""team-data""}"
Google Cloud,Google,Google Cloud,INV-2026-05-A7B8C9,11C2D3-E4F506-A7B8C9,ExampleCorp Billing - Secondary,Billing Account,examplecorp-data-739104,data-analytics,Project,2026-05-01T00:00:00Z,2026-06-01T00:00:00Z,2026-05-26T00:00:00Z,2026-05-27T00:00:00Z,Tax,,Synthetic tax 10% on usage record 390: Cloud Monitoring,One-Time,2.726905716,2.726905716,3.02989524,2.726905716,,,,,,USD,,2.726905716,,USD,,,Cloud Monitoring,Management and Governance,Observability,,,,,,,,,,,,,,,,,,,,"{""environment"":""dev"",""cost-center"":""cc-1042"",""owner"":""team-platform""}"
Google Cloud,Google,Google Cloud,INV-2026-05-A7B8C9,11C2D3-E4F506-A7B8C9,ExampleCorp Billing - Secondary,Billing Account,examplecorp-staging-552831,staging-platform,Project,2026-05-01T00:00:00Z,2026-06-01T00:00:00Z,2026-05-26T22:00:00Z,2026-05-26T23:00:00Z,Purchase,,"Committed Use Discount commitment, amortised for the charge period",Recurring,0.089378,0,0.089378,0.089378,1,1,Standard,0.089378,USD,USD,1.0000000000,0,1.0000000000,USD,,,Compute Engine,Compute,Virtual Machines,SKU-620493e450f5d16611ad7d1b,Commitment,SPRICE-42daff5af9e71fd3cd19db37,"{""x_Plan"":""TWELVE_MONTH"",""x_Type"":""COMPUTE_OPTIMIZED""}",//compute.googleapis.com/projects/examplecorp-staging-552831/regions/us-central1/commitments/cud-08dc511beb,cud-9d6143a0d6,Committed Use Discount,us-central1,Iowa,,//compute.googleapis.com/projects/examplecorp-staging-552831/regions/us-central1/commitments/cud-08dc511beb,SpendBasedCUD-1yr,Spend,Committed Use Discount,,0.089378,USD,,,"{""environment"":""staging"",""cost-center"":""cc-1042"",""owner"":""team-platform""}"
Google Cloud,Google,Google Cloud,INV-2026-05-A7B8C9,11C2D3-E4F506-A7B8C9,ExampleCorp Billing - Secondary,Billing Account,examplecorp-staging-552831,staging-platform,Project,2026-05-01T00:00:00Z,2026-06-01T00:00:00Z,2026-05-26T22:00:00Z,2026-05-26T23:00:00Z,Usage,,Compute Engine committed usage,Usage-Based,0,0.089378,0.134,0.1206,0.1340000000,0.1206000000,Committed,1,Hours,USD,0.1206000000,0.089378,0.1340000000,USD,1,Hours,Compute Engine,Compute,Virtual Machines,SKU-161f822522a7bfba73514603,Compute,SPRICE-595a86198276ef2dbadddea2,"{""InstanceType"":""e2-standard-4"",""InstanceSeries"":""E2"",""CoreCount"":4,""MemorySize"":16,""OperatingSystem"":""Linux"",""x_Preemptible"":""false""}",//compute.googleapis.com/projects/examplecorp-staging-552831/instances/instance-000090c357,instance-000090c357,Compute Instance,us-central1,Iowa,us-central1-c,//compute.googleapis.com/projects/examplecorp-staging-552831/regions/us-central1/commitments/cud-08dc511beb,SpendBasedCUD-1yr,Spend,Committed Use Discount,Used,0.089378,USD,,,"{""environment"":""dev"",""cost-center"":""cc-3110"",""owner"":""team-platform""}"
Google Cloud,Google,Google Cloud,INV-2026-05-A7B8C9,11C2D3-E4F506-A7B8C9,ExampleCorp Billing - Secondary,Billing Account,examplecorp-staging-552831,staging-platform,Project,2026-05-01T00:00:00Z,2026-06-01T00:00:00Z,2026-05-26T23:00:00Z,2026-05-27T00:00:00Z,Purchase,,"Committed Use Discount commitment, amortised for the charge period",Recurring,0.089378,0,0.089378,0.089378,1,1,Standard,0.089378,USD,USD,1.0000000000,0,1.0000000000,USD,,,Compute Engine,Compute,Virtual Machines,SKU-620493e450f5d16611ad7d1b,Commitment,SPRICE-42daff5af9e71fd3cd19db37,"{""x_Plan"":""TWELVE_MONTH"",""x_Type"":""COMPUTE_OPTIMIZED""}",//compute.googleapis.com/projects/examplecorp-staging-552831/regions/us-central1/commitments/cud-08dc511beb,cud-9d6143a0d6,Committed Use Discount,us-central1,Iowa,,//compute.googleapis.com/projects/examplecorp-staging-552831/regions/us-central1/commitments/cud-08dc511beb,SpendBasedCUD-1yr,Spend,Committed Use Discount,,0.089378,USD,,,"{""environment"":""dev"",""cost-center"":""cc-1042"",""owner"":""team-platform""}"
Google Cloud,Google,Google Cloud,INV-2026-05-A7B8C9,11C2D3-E4F506-A7B8C9,ExampleCorp Billing - Secondary,Billing Account,examplecorp-staging-552831,staging-platform,Project,2026-05-01T00:00:00Z,2026-06-01T00:00:00Z,2026-05-26T23:00:00Z,2026-05-27T00:00:00Z,Usage,,Compute Engine committed usage,Usage-Based,0,0.089378,0.134,0.1206,0.1340000000,0.1206000000,Committed,1,Hours,USD,0.1206000000,0.089378,0.1340000000,USD,1,Hours,Compute Engine,Compute,Virtual Machines,SKU-161f822522a7bfba73514603,Compute,SPRICE-595a86198276ef2dbadddea2,"{""InstanceType"":""e2-standard-4"",""InstanceSeries"":""E2"",""CoreCount"":4,""MemorySize"":16,""OperatingSystem"":""Linux"",""x_Preemptible"":""false""}",//compute.googleapis.com/projects/examplecorp-staging-552831/instances/instance-0001cbc070,instance-0001cbc070,Compute Instance,us-central1,Iowa,us-central1-c,//compute.googleapis.com/projects/examplecorp-staging-552831/regions/us-central1/commitments/cud-08dc511beb,SpendBasedCUD-1yr,Spend,Committed Use Discount,Used,0.089378,USD,,,"{""environment"":""dev"",""cost-center"":""cc-3110"",""owner"":""team-platform""}"
Google Cloud,Google,Google Cloud,INV-2026-05-A7B8C9,11C2D3-E4F506-A7B8C9,ExampleCorp Billing - Secondary,Billing Account,examplecorp-staging-552831,staging-platform,Project,2026-05-01T00:00:00Z,2026-06-01T00:00:00Z,2026-05-27T00:00:00Z,2026-05-27T01:00:00Z,Purchase,,"Committed Use Discount commitment, amortised for the charge period",Recurring,0.089378,0,0.089378,0.089378,1,1,Standard,0.089378,USD,USD,1.0000000000,0,1.0000000000,USD,,,Compute Engine,Compute,Virtual Machines,SKU-620493e450f5d16611ad7d1b,Commitment,SPRICE-42daff5af9e71fd3cd19db37,"{""x_Plan"":""TWELVE_MONTH"",""x_Type"":""COMPUTE_OPTIMIZED""}",//compute.googleapis.com/projects/examplecorp-staging-552831/regions/us-central1/commitments/cud-08dc511beb,cud-9d6143a0d6,Committed Use Discount,us-central1,Iowa,,//compute.googleapis.com/projects/examplecorp-staging-552831/regions/us-central1/commitments/cud-08dc511beb,SpendBasedCUD-1yr,Spend,Committed Use Discount,,0.089378,USD,,,"{""environment"":""staging"",""cost-center"":""cc-1042"",""owner"":""team-payments""}"
Google Cloud,Google,Google Cloud,INV-2026-05-A7B8C9,11C2D3-E4F506-A7B8C9,ExampleCorp Billing - Secondary,Billing Account,examplecorp-staging-552831,staging-platform,Project,2026-05-01T00:00:00Z,2026-06-01T00:00:00Z,2026-05-27T00:00:00Z,2026-05-27T01:00:00Z,Usage,,Compute Engine committed usage,Usage-Based,0,0.089378,0.134,0.1206,0.1340000000,0.1206000000,Committed,1,Hours,USD,0.1206000000,0.089378,0.1340000000,USD,1,Hours,Compute Engine,Compute,Virtual Machines,SKU-161f822522a7bfba73514603,Compute,SPRICE-595a86198276ef2dbadddea2,"{""InstanceType"":""e2-standard-4"",""InstanceSeries"":""E2"",""CoreCount"":4,""MemorySize"":16,""OperatingSystem"":""Linux"",""x_Preemptible"":""false""}",//compute.googleapis.com/projects/examplecorp-staging-552831/instances/instance-0002550acf,instance-0002550acf,Compute Instance,us-central1,Iowa,us-central1-c,//compute.googleapis.com/projects/examplecorp-staging-552831/regions/us-central1/commitments/cud-08dc511beb,SpendBasedCUD-1yr,Spend,Committed Use Discount,Used,0.089378,USD,,,"{""environment"":""staging"",""cost-center"":""cc-1042"",""owner"":""team-platform""}"
Google Cloud,Google,Google Cloud,INV-2026-05-A7B8C9,11C2D3-E4F506-A7B8C9,ExampleCorp Billing - Secondary,Billing Account,examplecorp-staging-552831,staging-platform,Project,2026-05-01T00:00:00Z,2026-06-01T00:00:00Z,2026-05-27T01:00:00Z,2026-05-27T02:00:00Z,Purchase,,"Committed Use Discount commitment, amortised for the charge period",Recurring,0.089378,0,0.089378,0.089378,1,1,Standard,0.089378,USD,USD,1.0000000000,0,1.0000000000,USD,,,Compute Engine,Compute,Virtual Machines,SKU-620493e450f5d16611ad7d1b,Commitment,SPRICE-42daff5af9e71fd3cd19db37,"{""x_Plan"":""TWELVE_MONTH"",""x_Type"":""COMPUTE_OPTIMIZED""}",//compute.googleapis.com/projects/examplecorp-staging-552831/regions/us-central1/commitments/cud-08dc511beb,cud-9d6143a0d6,Committed Use Discount,us-central1,Iowa,,//compute.googleapis.com/projects/examplecorp-staging-552831/regions/us-central1/commitments/cud-08dc511beb,SpendBasedCUD-1yr,Spend,Committed Use Discount,,0.089378,USD,,,"{""environment"":""staging"",""cost-center"":""cc-2087"",""owner"":""team-payments""}"
Google Cloud,Google,Google Cloud,INV-2026-05-A7B8C9,11C2D3-E4F506-A7B8C9,ExampleCorp Billing - Secondary,Billing Account,examplecorp-staging-552831,staging-platform,Project,2026-05-01T00:00:00Z,2026-06-01T00:00:00Z,2026-05-27T01:00:00Z,2026-05-27T02:00:00Z,Usage,,Compute Engine committed usage,Usage-Based,0,0.089378,0.134,0.1206,0.1340000000,0.1206000000,Committed,1,Hours,USD,0.1206000000,0.089378,0.1340000000,USD,1,Hours,Compute Engine,Compute,Virtual Machines,SKU-161f822522a7bfba73514603,Compute,SPRICE-595a86198276ef2dbadddea2,"{""InstanceType"":""e2-standard-4"",""InstanceSeries"":""E2"",""CoreCount"":4,""MemorySize"":16,""OperatingSystem"":""Linux"",""x_Preemptible"":""false""}",//compute.googleapis.com/projects/examplecorp-staging-552831/instances/instance-0003c390cb,instance-0003c390cb,Compute Instance,us-central1,Iowa,us-central1-c,//compute.googleapis.com/projects/examplecorp-staging-552831/regions/us-central1/commitments/cud-08dc511beb,SpendBasedCUD-1yr,Spend,Committed Use Discount,Used,0.089378,USD,,,"{""environment"":""prod"",""cost-center"":""cc-3110"",""owner"":""team-platform""}"
Google Cloud,Google,Google Cloud,INV-2026-05-A7B8C9,11C2D3-E4F506-A7B8C9,ExampleCorp Billing - Secondary,Billing Account,examplecorp-staging-552831,staging-platform,Project,2026-05-01T00:00:00Z,2026-06-01T00:00:00Z,2026-05-27T02:00:00Z,2026-05-27T03:00:00Z,Purchase,,"Committed Use Discount commitment, amortised for the charge period",Recurring,0.089378,0,0.089378,0.089378,1,1,Standard,0.089378,USD,USD,1.0000000000,0,1.0000000000,USD,,,Compute Engine,Compute,Virtual Machines,SKU-620493e450f5d16611ad7d1b,Commitment,SPRICE-42daff5af9e71fd3cd19db37,"{""x_Plan"":""TWELVE_MONTH"",""x_Type"":""COMPUTE_OPTIMIZED""}",//compute.googleapis.com/projects/examplecorp-staging-552831/regions/us-central1/commitments/cud-08dc511beb,cud-9d6143a0d6,Committed Use Discount,us-central1,Iowa,,//compute.googleapis.com/projects/examplecorp-staging-552831/regions/us-central1/commitments/cud-08dc511beb,SpendBasedCUD-1yr,Spend,Committed Use Discount,,0.089378,USD,,,"{""environment"":""staging"",""cost-center"":""cc-3110"",""owner"":""team-platform""}"
Google Cloud,Google,Google Cloud,INV-2026-05-A7B8C9,11C2D3-E4F506-A7B8C9,ExampleCorp Billing - Secondary,Billing Account,examplecorp-staging-552831,staging-platform,Project,2026-05-01T00:00:00Z,2026-06-01T00:00:00Z,2026-05-27T02:00:00Z,2026-05-27T03:00:00Z,Usage,,Compute Engine committed usage,Usage-Based,0,0.089378,0.134,0.1206,0.1340000000,0.1206000000,Committed,1,Hours,USD,0.1206000000,0.089378,0.1340000000,USD,1,Hours,Compute Engine,Compute,Virtual Machines,SKU-161f822522a7bfba73514603,Compute,SPRICE-595a86198276ef2dbadddea2,"{""InstanceType"":""e2-standard-4"",""InstanceSeries"":""E2"",""CoreCount"":4,""MemorySize"":16,""OperatingSystem"":""Linux"",""x_Preemptible"":""false""}",//compute.googleapis.com/projects/examplecorp-staging-552831/instances/instance-0004f103e0,instance-0004f103e0,Compute Instance,us-central1,Iowa,us-central1-c,//compute.googleapis.com/projects/examplecorp-staging-552831/regions/us-central1/commitments/cud-08dc511beb,SpendBasedCUD-1yr,Spend,Committed Use Discount,Used,0.089378,USD,,,"{""environment"":""staging"",""cost-center"":""cc-2087"",""owner"":""team-data""}"
Google Cloud,Google,Google Cloud,INV-2026-05-A7B8C9,11C2D3-E4F506-A7B8C9,ExampleCorp Billing - Secondary,Billing Account,examplecorp-staging-552831,staging-platform,Project,2026-05-01T00:00:00Z,2026-06-01T00:00:00Z,2026-05-27T03:00:00Z,2026-05-27T04:00:00Z,Purchase,,"Committed Use Discount commitment, amortised for the charge period",Recurring,0.089378,0,0.089378,0.089378,1,1,Standard,0.089378,USD,USD,1.0000000000,0,1.0000000000,USD,,,Compute Engine,Compute,Virtual Machines,SKU-620493e450f5d16611ad7d1b,Commitment,SPRICE-42daff5af9e71fd3cd19db37,"{""x_Plan"":""TWELVE_MONTH"",""x_Type"":""COMPUTE_OPTIMIZED""}",//compute.googleapis.com/projects/examplecorp-staging-552831/regions/us-central1/commitments/cud-08dc511beb,cud-9d6143a0d6,Committed Use Discount,us-central1,Iowa,,//compute.googleapis.com/projects/examplecorp-staging-552831/regions/us-central1/commitments/cud-08dc511beb,SpendBasedCUD-1yr,Spend,Committed Use Discount,,0.089378,USD,,,"{""environment"":""prod"",""cost-center"":""cc-2087"",""owner"":""team-data""}"
Google Cloud,Google,Google Cloud,INV-2026-05-A7B8C9,11C2D3-E4F506-A7B8C9,ExampleCorp Billing - Secondary,Billing Account,examplecorp-staging-552831,staging-platform,Project,2026-05-01T00:00:00Z,2026-06-01T00:00:00Z,2026-05-27T03:00:00Z,2026-05-27T04:00:00Z,Usage,,Compute Engine committed usage,Usage-Based,0,0.089378,0.134,0.1206,0.1340000000,0.1206000000,Committed,1,Hours,USD,0.1206000000,0.089378,0.1340000000,USD,1,Hours,Compute Engine,Compute,Virtual Machines,SKU-161f822522a7bfba73514603,Compute,SPRICE-595a86198276ef2dbadddea2,"{""InstanceType"":""e2-standard-4"",""InstanceSeries"":""E2"",""CoreCount"":4,""MemorySize"":16,""OperatingSystem"":""Linux"",""x_Preemptible"":""false""}",//compute.googleapis.com/projects/examplecorp-staging-552831/instances/instance-00058c56b2,instance-00058c56b2,Compute Instance,us-central1,Iowa,us-central1-c,//compute.googleapis.com/projects/examplecorp-staging-552831/regions/us-central1/commitments/cud-08dc511beb,SpendBasedCUD-1yr,Spend,Committed Use Discount,Used,0.089378,USD,,,"{""environment"":""staging"",""cost-center"":""cc-3110"",""owner"":""team-payments""}"
Google Cloud,Google,Google Cloud,INV-2026-05-A7B8C9,11C2D3-E4F506-A7B8C9,ExampleCorp Billing - Secondary,Billing Account,examplecorp-staging-552831,staging-platform,Project,2026-05-01T00:00:00Z,2026-06-01T00:00:00Z,2026-05-27T04:00:00Z,2026-05-27T05:00:00Z,Purchase,,"Committed Use Discount commitment, amortised for the charge period",Recurring,0.089378,0,0.089378,0.089378,1,1,Standard,0.089378,USD,USD,1.0000000000,0,1.0000000000,USD,,,Compute Engine,Compute,Virtual Machines,SKU-620493e450f5d16611ad7d1b,Commitment,SPRICE-42daff5af9e71fd3cd19db37,"{""x_Plan"":""TWELVE_MONTH"",""x_Type"":""COMPUTE_OPTIMIZED""}",//compute.googleapis.com/projects/examplecorp-staging-552831/regions/us-central1/commitments/cud-08dc511beb,cud-9d6143a0d6,Committed Use Discount,us-central1,Iowa,,//compute.googleapis.com/projects/examplecorp-staging-552831/regions/us-central1/commitments/cud-08dc511beb,SpendBasedCUD-1yr,Spend,Committed Use Discount,,0.089378,USD,,,"{""environment"":""staging"",""cost-center"":""cc-1042"",""owner"":""team-data""}"
Google Cloud,Google,Google Cloud,INV-2026-05-A7B8C9,11C2D3-E4F506-A7B8C9,ExampleCorp Billing - Secondary,Billing Account,examplecorp-staging-552831,staging-platform,Project,2026-05-01T00:00:00Z,2026-06-01T00:00:00Z,2026-05-27T04:00:00Z,2026-05-27T05:00:00Z,Usage,,Compute Engine committed usage,Usage-Based,0,0.089378,0.134,0.1206,0.1340000000,0.1206000000,Committed,1,Hours,USD,0.1206000000,0.089378,0.1340000000,USD,1,Hours,Compute Engine,Compute,Virtual Machines,SKU-161f822522a7bfba73514603,Compute,SPRICE-595a86198276ef2dbadddea2,"{""InstanceType"":""e2-standard-4"",""InstanceSeries"":""E2"",""CoreCount"":4,""MemorySize"":16,""OperatingSystem"":""Linux"",""x_Preemptible"":""false""}",//compute.googleapis.com/projects/examplecorp-staging-552831/instances/instance-00069ca8f8,instance-00069ca8f8,Compute Instance,us-central1,Iowa,us-central1-c,//compute.googleapis.com/projects/examplecorp-staging-552831/regions/us-central1/commitments/cud-08dc511beb,SpendBasedCUD-1yr,Spend,Committed Use Discount,Used,0.089378,USD,,,"{""environment"":""staging"",""cost-center"":""cc-2087"",""owner"":""team-platform""}"
Google Cloud,Google,Google Cloud,INV-2026-05-A7B8C9,11C2D3-E4F506-A7B8C9,ExampleCorp Billing - Secondary,Billing Account,examplecorp-staging-552831,staging-platform,Project,2026-05-01T00:00:00Z,2026-06-01T00:00:00Z,2026-05-27T05:00:00Z,2026-05-27T06:00:00Z,Purchase,,"Committed Use Discount commitment, amortised for the charge period",Recurring,0.089378,0,0.089378,0.089378,1,1,Standard,0.089378,USD,USD,1.0000000000,0,1.0000000000,USD,,,Compute Engine,Compute,Virtual Machines,SKU-620493e450f5d16611ad7d1b,Commitment,SPRICE-42daff5af9e71fd3cd19db37,"{""x_Plan"":""TWELVE_MONTH"",""x_Type"":""COMPUTE_OPTIMIZED""}",//compute.googleapis.com/projects/examplecorp-staging-552831/regions/us-central1/commitments/cud-08dc511beb,cud-9d6143a0d6,Committed Use Discount,us-central1,Iowa,,//compute.googleapis.com/projects/examplecorp-staging-552831/regions/us-central1/commitments/cud-08dc511beb,SpendBasedCUD-1yr,Spend,Committed Use Discount,,0.089378,USD,,,"{""environment"":""staging"",""cost-center"":""cc-1042"",""owner"":""team-payments""}"
Google Cloud,Google,Google Cloud,INV-2026-05-A7B8C9,11C2D3-E4F506-A7B8C9,ExampleCorp Billing - Secondary,Billing Account,examplecorp-staging-552831,staging-platform,Project,2026-05-01T00:00:00Z,2026-06-01T00:00:00Z,2026-05-27T05:00:00Z,2026-05-27T06:00:00Z,Usage,,Compute Engine committed usage,Usage-Based,0,0.089378,0.134,0.1206,0.1340000000,0.1206000000,Committed,1,Hours,USD,0.1206000000,0.089378,0.1340000000,USD,1,Hours,Compute Engine,Compute,Virtual Machines,SKU-161f822522a7bfba73514603,Compute,SPRICE-595a86198276ef2dbadddea2,"{""InstanceType"":""e2-standard-4"",""InstanceSeries"":""E2"",""CoreCount"":4,""MemorySize"":16,""OperatingSystem"":""Linux"",""x_Preemptible"":""false""}",//compute.googleapis.com/projects/examplecorp-staging-552831/instances/instance-0007626870,instance-0007626870,Compute Instance,us-central1,Iowa,us-central1-c,//compute.googleapis.com/projects/examplecorp-staging-552831/regions/us-central1/commitments/cud-08dc511beb,SpendBasedCUD-1yr,Spend,Committed Use Discount,Used,0.089378,USD,,,"{""environment"":""dev"",""cost-center"":""cc-2087"",""owner"":""team-data""}"
Google Cloud,Google,Google Cloud,INV-2026-05-A7B8C9,11C2D3-E4F506-A7B8C9,ExampleCorp Billing - Secondary,Billing Account,examplecorp-staging-552831,staging-platform,Project,2026-05-01T00:00:00Z,2026-06-01T00:00:00Z,2026-05-27T06:00:00Z,2026-05-27T07:00:00Z,Purchase,,"Committed Use Discount commitment, amortised for the charge period",Recurring,0.089378,0,0.089378,0.089378,1,1,Standard,0.089378,USD,USD,1.0000000000,0,1.0000000000,USD,,,Compute Engine,Compute,Virtual Machines,SKU-620493e450f5d16611ad7d1b,Commitment,SPRICE-42daff5af9e71fd3cd19db37,"{""x_Plan"":""TWELVE_MONTH"",""x_Type"":""COMPUTE_OPTIMIZED""}",//compute.googleapis.com/projects/examplecorp-staging-552831/regions/us-central1/commitments/cud-08dc511beb,cud-9d6143a0d6,Committed Use Discount,us-central1,Iowa,,//compute.googleapis.com/projects/examplecorp-staging-552831/regions/us-central1/commitments/cud-08dc511beb,SpendBasedCUD-1yr,Spend,Committed Use Discount,,0.089378,USD,,,"{""environment"":""prod"",""cost-center"":""cc-1042"",""owner"":""team-data""}"
Google Cloud,Google,Google Cloud,INV-2026-05-A7B8C9,11C2D3-E4F506-A7B8C9,ExampleCorp Billing - Secondary,Billing Account,examplecorp-staging-552831,staging-platform,Project,2026-05-01T00:00:00Z,2026-06-01T00:00:00Z,2026-05-27T06:00:00Z,2026-05-27T07:00:00Z,Usage,,Committed Use Discount unused commitment,Usage-Based,0,0.089378,0.089378,0.089378,1,1,Committed,0.089378,USD,USD,1.0000000000,0.089378,1.0000000000,USD,,,Compute Engine,Compute,Virtual Machines,SKU-620493e450f5d16611ad7d1b,Commitment,SPRICE-42daff5af9e71fd3cd19db37,"{""x_Plan"":""TWELVE_MONTH"",""x_Type"":""COMPUTE_OPTIMIZED""}",//compute.googleapis.com/projects/examplecorp-staging-552831/regions/us-central1/commitments/cud-08dc511beb,cud-9d6143a0d6,Committed Use Discount,us-central1,Iowa,,//compute.googleapis.com/projects/examplecorp-staging-552831/regions/us-central1/commitments/cud-08dc511beb,SpendBasedCUD-1yr,Spend,Committed Use Discount,Unused,0.089378,USD,,,"{""environment"":""prod"",""cost-center"":""cc-1042"",""owner"":""team-data""}"
Google Cloud,Google,Google Cloud,INV-2026-05-A7B8C9,11C2D3-E4F506-A7B8C9,ExampleCorp Billing - Secondary,Billing Account,examplecorp-sandbox-160942,sandbox-dev,Project,2026-05-01T00:00:00Z,2026-06-01T00:00:00Z,2026-05-27T16:00:00Z,2026-05-27T17:00:00Z,Usage,,Cloud Run vCPU allocation,Usage-Based,2.89786748472,2.89786748472,3.2198527608,2.89786748472,0.0000240000,0.0000216000,Standard,134160.5317,Core-Seconds,USD,0.0000216000,2.89786748472,0.0000240000,USD,134160.5317,Core-Seconds,Cloud Run,Compute,Serverless Compute,SKU-fc6a19d63f2363e917267178,Compute,SPRICE-0d6d39e6df512f4876c539aa,"{""x_Generation"":""gen2""}",//run.googleapis.com/projects/examplecorp-sandbox-160942/services/svc-90e926df,svc-90e926df,Cloud Run Service,us-east1,South Carolina,,,,,,,,,,,"{""environment"":""dev"",""cost-center"":""cc-3110"",""owner"":""team-data""}"
Google Cloud,Google,Google Cloud,INV-2026-05-F70819,01A2B3-C4D5E6-F70819,ExampleCorp Billing - Primary,Billing Account,examplecorp-prod-481627,prod-platform,Project,2026-05-01T00:00:00Z,2026-06-01T00:00:00Z,2026-05-27T17:00:00Z,2026-05-27T18:00:00Z,Usage,,Function execution duration,Usage-Based,6.3122176134,6.3122176134,7.013575126,6.3122176134,0.0000025000,0.0000022500,Standard,2805430.0504,GB-Seconds,USD,0.0000022500,6.3122176134,0.0000025000,USD,2805430.0504,GB-Seconds,Cloud Functions,Compute,Serverless Compute,SKU-8a24a01b926d78ddce5a4f53,Compute,SPRICE-7ca6b452df77a0dcdde4d036,"{""x_Runtime"":""python312"",""x_Generation"":""gen2""}",//cloudfunctions.googleapis.com/projects/examplecorp-prod-481627/functions/fn-dddaf24a,fn-dddaf24a,Cloud Function,us-east1,South Carolina,,,,,,,,,,,"{""environment"":""staging"",""cost-center"":""cc-1042"",""owner"":""team-platform""}"
Google Cloud,Google,Google Cloud,INV-2026-05-F70819,01A2B3-C4D5E6-F70819,ExampleCorp Billing - Primary,Billing Account,examplecorp-data-739104,data-analytics,Project,2026-05-01T00:00:00Z,2026-06-01T00:00:00Z,2026-05-01T00:00:00Z,2026-06-01T00:00:00Z,Usage,,Standard storage,Usage-Based,15.844905,15.844905,17.60545,15.844905,0.0200000000,0.0180000000,Standard,880.2725,GB-Months,USD,0.0180000000,15.844905,0.0200000000,USD,880.2725,GB-Months,Cloud Storage,Storage,Object Storage,SKU-d897913b7483a157db0c5b7e,Storage,SPRICE-c7019451d3d2cfe060e67bf2,"{""StorageClass"":""Standard""}",//storage.googleapis.com/projects/examplecorp-data-739104/buckets/bucket-f49ac460,bucket-f49ac460,Storage Bucket,europe-west1,Belgium,,,,,,,,,,,"{""environment"":""prod"",""cost-center"":""cc-3110"",""owner"":""team-data""}"
Google Cloud,Google,Google Cloud,INV-2026-05-F70819,01A2B3-C4D5E6-F70819,ExampleCorp Billing - Primary,Billing Account,examplecorp-data-739104,data-analytics,Project,2026-05-01T00:00:00Z,2026-06-01T00:00:00Z,2026-05-28T00:00:00Z,2026-05-29T00:00:00Z,Purchase,,Google Kubernetes Engine subscription fee,Recurring,122.8,122.8,122.8,122.8,122.8,122.8,Standard,1,Units,USD,122.8000000000,122.8,122.8000000000,USD,,,Google Kubernetes Engine,Compute,Containers,SKU-dabd12767bb247f1733e4bbf,Subscription,SPRICE-56930e5ae17824181b8d3f45,"{""x_ChargeType"": ""SubscriptionFee""}",//container.googleapis.com/projects/examplecorp-data-739104/clusters/gke-e95b4003,gke-e95b4003,GKE Cluster,us-east1,South Carolina,,,,,,,,,,,"{""environment"":""dev"",""cost-center"":""cc-2087"",""owner"":""team-data""}"
Google Cloud,Google,Google Cloud,INV-2026-05-A7B8C9,11C2D3-E4F506-A7B8C9,ExampleCorp Billing - Secondary,Billing Account,examplecorp-sandbox-160942,sandbox-dev,Project,2026-05-01T00:00:00Z,2026-06-01T00:00:00Z,2026-05-27T20:00:00Z,2026-05-27T21:00:00Z,Usage,,Cloud Run vCPU allocation,Usage-Based,13.05507199176,13.05507199176,14.5056355464,13.05507199176,0.0000240000,0.0000216000,Standard,604401.4811,Core-Seconds,USD,0.0000216000,13.05507199176,0.0000240000,USD,604401.4811,Core-Seconds,Cloud Run,Compute,Serverless Compute,SKU-3b45c232fa69d636eca8dc39,Compute,SPRICE-9c404e5e6026ce0b2e5ce800,"{""x_Generation"":""gen2""}",//run.googleapis.com/projects/examplecorp-sandbox-160942/services/svc-d991e2c1,svc-d991e2c1,Cloud Run Service,asia-southeast1,Singapore,,,,,,,,,,,"{""environment"":""dev"",""cost-center"":""cc-3110"",""owner"":""team-payments""}"
Google Cloud,Google,Google Cloud,INV-2026-05-F70819,01A2B3-C4D5E6-F70819,ExampleCorp Billing - Primary,Billing Account,examplecorp-sandbox-160942,sandbox-dev,Project,2026-05-01T00:00:00Z,2026-06-01T00:00:00Z,2026-05-02T00:00:00Z,2026-05-03T00:00:00Z,Usage,,On-demand query analysis,Usage-Based,77.7931875,77.7931875,86.436875,77.7931875,6.2500000000,5.6250000000,Standard,13.8299,TiB,USD,5.6250000000,77.7931875,6.2500000000,USD,13.8299,TiB,BigQuery,Databases,Data Warehouses,SKU-4f1f5c17ab1a3bad4c4e9805,Analysis,SPRICE-a8b87f9859524b369e02283b,"{""x_Edition"":""OnDemand""}",//bigquery.googleapis.com/projects/examplecorp-sandbox-160942/datasets/ds_ddbef4ce,ds_ddbef4ce,BigQuery Dataset,us-central1,Iowa,,,,,,,,,,,"{""environment"":""staging"",""cost-center"":""cc-3110"",""owner"":""team-platform""}"
Google Cloud,Google,Google Cloud,INV-2026-05-F70819,01A2B3-C4D5E6-F70819,ExampleCorp Billing - Primary,Billing Account,examplecorp-sandbox-160942,sandbox-dev,Project,2026-05-01T00:00:00Z,2026-06-01T00:00:00Z,2026-05-27T22:00:00Z,2026-05-27T23:00:00Z,Usage,,Cloud Run vCPU allocation,Usage-Based,77.94565385976,77.94565385976,86.6062820664,77.94565385976,0.0000240000,0.0000216000,Standard,3608595.0861,Core-Seconds,USD,0.0000216000,77.94565385976,0.0000240000,USD,3608595.0861,Core-Seconds,Cloud Run,Compute,Serverless Compute,SKU-3b45c232fa69d636eca8dc39,Compute,SPRICE-9c404e5e6026ce0b2e5ce800,"{""x_Generation"":""gen2""}",//run.googleapis.com/projects/examplecorp-sandbox-160942/services/svc-1bd0330c,svc-1bd0330c,Cloud Run Service,asia-southeast1,Singapore,,,,,,,,,,,"{""environment"":""staging"",""cost-center"":""cc-3110"",""owner"":""team-platform""}"
Google Cloud,Google,Google Cloud,INV-2026-05-F70819,01A2B3-C4D5E6-F70819,ExampleCorp Billing - Primary,Billing Account,examplecorp-prod-481627,prod-platform,Project,2026-05-01T00:00:00Z,2026-06-01T00:00:00Z,2026-05-04T00:00:00Z,2026-05-05T00:00:00Z,Usage,,Monitoring data ingested,Usage-Based,61.89068088,61.89068088,68.7674232,61.89068088,0.2580000000,0.2322000000,Standard,266.5404,MiB,USD,0.2322000000,61.89068088,0.2580000000,USD,266.5404,MiB,Cloud Monitoring,Management and Governance,Observability,SKU-afe92dda1165fc43abddae34,Monitoring,SPRICE-6d15472be77f7b0846642d52,"{""x_DataType"":""Metrics""}",//monitoring.googleapis.com/projects/examplecorp-prod-481627/metricsScopes/mon-4b5a8e78,mon-4b5a8e78,Monitoring Workspace,europe-west1,Belgium,,,,,,,,,,,"{""environment"":""dev"",""cost-center"":""cc-3110"",""owner"":""team-payments""}"
Google Cloud,Google,Google Cloud,INV-2026-05-F70819,01A2B3-C4D5E6-F70819,ExampleCorp Billing - Primary,Billing Account,examplecorp-sandbox-160942,sandbox-dev,Project,2026-05-01T00:00:00Z,2026-06-01T00:00:00Z,2026-05-16T00:00:00Z,2026-05-17T00:00:00Z,Tax,,Synthetic tax 10% on usage record 520: Cloud Monitoring,One-Time,3.970819692,3.970819692,4.41202188,3.970819692,,,,,,USD,,3.970819692,,USD,,,Cloud Monitoring,Management and Governance,Observability,,,,,,,,,,,,,,,,,,,,"{""environment"":""staging"",""cost-center"":""cc-2087"",""owner"":""team-platform""}"
Google Cloud,Google,Google Cloud,INV-2026-05-A7B8C9,11C2D3-E4F506-A7B8C9,ExampleCorp Billing - Secondary,Billing Account,examplecorp-prod-481627,prod-platform,Project,2026-05-01T00:00:00Z,2026-06-01T00:00:00Z,2026-05-28T01:00:00Z,2026-05-28T02:00:00Z,Usage,,Cloud Run vCPU allocation,Usage-Based,62.401250286,62.401250286,69.33472254,62.401250286,0.0000240000,0.0000216000,Standard,2888946.7725,Core-Seconds,USD,0.0000216000,62.401250286,0.0000240000,USD,2888946.7725,Core-Seconds,Cloud Run,Compute,Serverless Compute,SKU-3b45c232fa69d636eca8dc39,Compute,SPRICE-9c404e5e6026ce0b2e5ce800,"{""x_Generation"":""gen2""}",//run.googleapis.com/projects/examplecorp-prod-481627/services/svc-65bd7dda,svc-65bd7dda,Cloud Run Service,asia-southeast1,Singapore,,,,,,,,,,,"{""environment"":""staging"",""cost-center"":""cc-3110"",""owner"":""team-platform""}"
Google Cloud,Google,Google Cloud,INV-2026-05-F70819,01A2B3-C4D5E6-F70819,ExampleCorp Billing - Primary,Billing Account,examplecorp-sandbox-160942,sandbox-dev,Project,2026-05-01T00:00:00Z,2026-06-01T00:00:00Z,2026-05-28T02:00:00Z,2026-05-28T03:00:00Z,Usage,,e2-standard-4 running,Usage-Based,0.1206,0.1206,0.134,0.1206,0.1340000000,0.1206000000,Standard,1.0000,Hours,USD,0.1206000000,0.1206,0.1340000000,USD,1.0000,Hours,Compute Engine,Compute,Virtual Machines,SKU-c7f294f3dc4904208c787632,Compute,SPRICE-c8c1784c237a87edf1c3647d,"{""InstanceType"":""e2-standard-4"",""InstanceSeries"":""E2"",""CoreCount"":4,""MemorySize"":16,""OperatingSystem"":""Linux"",""x_Preemptible"":""false""}",//compute.googleapis.com/projects/examplecorp-sandbox-160942/instances/instance-dcbb68d0,instance-dcbb68d0,Compute Instance,us-east1,South Carolina,us-east1-b,,,,,,,,,,"{""environment"":""dev"",""cost-center"":""cc-3110"",""owner"":""team-platform""}"
Google Cloud,Google,Google Cloud,INV-2026-05-A7B8C9,11C2D3-E4F506-A7B8C9,ExampleCorp Billing - Secondary,Billing Account,examplecorp-sandbox-160942,sandbox-dev,Project,2026-05-01T00:00:00Z,2026-06-01T00:00:00Z,2026-05-28T03:00:00Z,2026-05-28T04:00:00Z,Usage,,Cloud Run vCPU allocation,Usage-Based,2.16827760384,2.16827760384,2.4091973376,2.16827760384,0.0000240000,0.0000216000,Standard,100383.2224,Core-Seconds,USD,0.0000216000,2.16827760384,0.0000240000,USD,100383.2224,Core-Seconds,Cloud Run,Compute,Serverless Compute,SKU-e75878aa18ba02097c5ad236,Compute,SPRICE-29d89dec6fcc3435a30f9762,"{""x_Generation"":""gen2""}",//run.googleapis.com/projects/examplecorp-sandbox-160942/services/svc-f79d1873,svc-f79d1873,Cloud Run Service,us-central1,Iowa,,,,,,,,,,,"{""environment"":""prod"",""cost-center"":""cc-1042"",""owner"":""team-payments""}"
Google Cloud,Google,Google Cloud,INV-2026-05-F70819,01A2B3-C4D5E6-F70819,ExampleCorp Billing - Primary,Billing Account,examplecorp-sandbox-160942,sandbox-dev,Project,2026-05-01T00:00:00Z,2026-06-01T00:00:00Z,2026-05-09T00:00:00Z,2026-05-10T00:00:00Z,Usage,,On-demand query analysis,Usage-Based,228.5746875,228.5746875,253.971875,228.5746875,6.2500000000,5.6250000000,Standard,40.6355,TiB,USD,5.6250000000,228.5746875,6.2500000000,USD,40.6355,TiB,BigQuery,Databases,Data Warehouses,SKU-e14c81c3b9dbfe726f5234cc,Analysis,SPRICE-a31e8b202bbc80cffe86259c,"{""x_Edition"":""OnDemand""}",//bigquery.googleapis.com/projects/examplecorp-sandbox-160942/datasets/ds_e29b4abf,ds_e29b4abf,BigQuery Dataset,europe-west1,Belgium,,,,,,,,,,,"{""environment"":""dev"",""cost-center"":""cc-1042"",""owner"":""team-payments""}"
Google Cloud,Google,Google Cloud,INV-2026-05-A7B8C9,11C2D3-E4F506-A7B8C9,ExampleCorp Billing - Secondary,Billing Account,examplecorp-staging-552831,staging-platform,Project,2026-05-01T00:00:00Z,2026-06-01T00:00:00Z,2026-05-11T09:00:00Z,2026-05-11T10:00:00Z,Tax,,Synthetic tax 10% on usage record 250: Cloud Run,One-Time,9.164360228184,9.164360228184,10.18262247576,9.164360228184,,,,,,USD,,9.164360228184,,USD,,,Cloud Run,Compute,Serverless Compute,,,,,,,,,,,,,,,,,,,,"{""environment"":""prod"",""cost-center"":""cc-3110"",""owner"":""team-payments""}"
Google Cloud,Google,Google Cloud,INV-2026-05-F70819,01A2B3-C4D5E6-F70819,ExampleCorp Billing - Primary,Billing Account,examplecorp-prod-481627,prod-platform,Project,2026-05-01T00:00:00Z,2026-06-01T00:00:00Z,2026-05-11T00:00:00Z,2026-05-12T00:00:00Z,Usage,,Monitoring data ingested,Usage-Based,31.28948406,31.28948406,34.7660934,31.28948406,0.2580000000,0.2322000000,Standard,134.7523,MiB,USD,0.2322000000,31.28948406,0.2580000000,USD,134.7523,MiB,Cloud Monitoring,Management and Governance,Observability,SKU-7ae4fc052f28901dffce70d1,Monitoring,SPRICE-57d21c7b60b5e5bed918393e,"{""x_DataType"":""Metrics""}",//monitoring.googleapis.com/projects/examplecorp-prod-481627/metricsScopes/mon-2141f7e6,mon-2141f7e6,Monitoring Workspace,us-east1,South Carolina,,,,,,,,,,,"{""environment"":""staging"",""cost-center"":""cc-2087"",""owner"":""team-payments""}"
Google Cloud,Google,Google Cloud,INV-2026-05-A7B8C9,11C2D3-E4F506-A7B8C9,ExampleCorp Billing - Secondary,Billing Account,examplecorp-sandbox-160942,sandbox-dev,Project,2026-05-01T00:00:00Z,2026-06-01T00:00:00Z,2026-05-28T07:00:00Z,2026-05-28T08:00:00Z,Usage,,Function execution duration,Usage-Based,2.206854263925,2.206854263925,2.45206029325,2.206854263925,0.0000025000,0.0000022500,Standard,980824.1173,GB-Seconds,USD,0.0000022500,2.206854263925,0.0000025000,USD,980824.1173,GB-Seconds,Cloud Functions,Compute,Serverless Compute,SKU-695ae4ac3664791d99311a2f,Compute,SPRICE-1660dde73d1cd143caedc47c,"{""x_Runtime"":""python312"",""x_Generation"":""gen2""}",//cloudfunctions.googleapis.com/projects/examplecorp-sandbox-160942/functions/fn-75979516,fn-75979516,Cloud Function,us-central1,Iowa,,,,,,,,,,,"{""environment"":""prod"",""cost-center"":""cc-1042"",""owner"":""team-payments""}"
Google Cloud,Google,Google Cloud,INV-2026-05-F70819,01A2B3-C4D5E6-F70819,ExampleCorp Billing - Primary,Billing Account,examplecorp-sandbox-160942,sandbox-dev,Project,2026-05-01T00:00:00Z,2026-06-01T00:00:00Z,2026-05-03T21:00:00Z,2026-05-03T22:00:00Z,Tax,,Synthetic tax 10% on usage record 70: Cloud Functions,One-Time,0.43917355791,0.43917355791,0.4879706199,0.43917355791,,,,,,USD,,0.43917355791,,USD,,,Cloud Functions,Compute,Serverless Compute,,,,,,,,,,,,,,,,,,,,"{""environment"":""dev"",""cost-center"":""cc-1042"",""owner"":""team-platform""}"
Google Cloud,Google,Google Cloud,INV-2026-05-F70819,01A2B3-C4D5E6-F70819,ExampleCorp Billing - Primary,Billing Account,examplecorp-data-739104,data-analytics,Project,2026-05-01T00:00:00Z,2026-06-01T00:00:00Z,2026-05-01T00:00:00Z,2026-06-01T00:00:00Z,Usage,,Standard storage,Usage-Based,67.254471,67.254471,74.72719,67.254471,0.0200000000,0.0180000000,Standard,3736.3595,GB-Months,EUR,0.0165600000,61.87411332,0.0184000000,USD,3736.3595,GB-Months,Cloud Storage,Storage,Object Storage,SKU-d897913b7483a157db0c5b7e,Storage,SPRICE-8af574166ad33291b3f2a801,"{""StorageClass"":""Standard""}",//storage.googleapis.com/projects/examplecorp-data-739104/buckets/bucket-07d58569,bucket-07d58569,Storage Bucket,europe-west1,Belgium,,,,,,,,,,,"{""environment"":""dev"",""cost-center"":""cc-1042"",""owner"":""team-data""}"
Google Cloud,Google,Google Cloud,INV-2026-05-A7B8C9,11C2D3-E4F506-A7B8C9,ExampleCorp Billing - Secondary,Billing Account,examplecorp-data-739104,data-analytics,Project,2026-05-01T00:00:00Z,2026-06-01T00:00:00Z,2026-05-15T00:00:00Z,2026-05-16T00:00:00Z,Purchase,,Cloud Functions subscription fee,Recurring,662.29,662.29,662.29,662.29,662.29,662.29,Standard,1,Units,USD,662.2900000000,662.29,662.2900000000,USD,,,Cloud Functions,Compute,Serverless Compute,SKU-85cacc907452edc75004cf26,Subscription,SPRICE-43241618c34c810f5d37680e,"{""x_ChargeType"": ""SubscriptionFee""}",//cloudfunctions.googleapis.com/projects/examplecorp-data-739104/functions/fn-6d494159,fn-6d494159,Cloud Function,europe-west1,Belgium,,,,,,,,,,,"{""environment"":""dev"",""cost-center"":""cc-2087"",""owner"":""team-payments""}"
Google Cloud,Google,Google Cloud,INV-2026-05-F70819,01A2B3-C4D5E6-F70819,ExampleCorp Billing - Primary,Billing Account,examplecorp-staging-552831,staging-platform,Project,2026-05-01T00:00:00Z,2026-06-01T00:00:00Z,2026-05-28T11:00:00Z,2026-05-28T12:00:00Z,Usage,,Function execution duration,Usage-Based,4.43577938805,4.43577938805,4.9286437645,4.43577938805,0.0000025000,0.0000022500,Standard,1971457.5058,GB-Seconds,USD,0.0000022500,4.43577938805,0.0000025000,USD,1971457.5058,GB-Seconds,Cloud Functions,Compute,Serverless Compute,SKU-aa8988f20b7d9893658f467f,Compute,SPRICE-55a0ffdcaab822a480aad660,"{""x_Runtime"":""python312"",""x_Generation"":""gen2""}",//cloudfunctions.googleapis.com/projects/examplecorp-staging-552831/functions/fn-faa37536,fn-faa37536,Cloud Function,europe-west1,Belgium,,,,,,,,,,,"{""environment"":""dev"",""cost-center"":""cc-1042"",""owner"":""team-platform""}"
Google Cloud,Google,Google Cloud,INV-2026-05-F70819,01A2B3-C4D5E6-F70819,ExampleCorp Billing - Primary,Billing Account,examplecorp-staging-552831,staging-platform,Project,2026-05-01T00:00:00Z,2026-06-01T00:00:00Z,2026-05-28T12:00:00Z,2026-05-28T13:00:00Z,Usage,,GKE node pool hours,Usage-Based,0.1206,0.1206,0.134,0.1206,0.1340000000,0.1206000000,Standard,1.0000,Hours,USD,0.1206000000,0.1206,0.1340000000,USD,1.0000,Hours,Google Kubernetes Engine,Compute,Containers,SKU-95bb96cc0ee68cb652bab2e4,Compute,SPRICE-f0da7e1b00708ea0f5356a96,"{""InstanceType"":""e2-standard-4"",""CoreCount"":4,""MemorySize"":16,""x_NodePool"":""default""}",//container.googleapis.com/projects/examplecorp-staging-552831/clusters/gke-08742436,gke-08742436,GKE Cluster,europe-west1,Belgium,,,,,,,,,,,"{""environment"":""prod"",""cost-center"":""cc-2087"",""owner"":""team-data""}"
Google Cloud,Google,Google Cloud,INV-2026-05-F70819,01A2B3-C4D5E6-F70819,ExampleCorp Billing - Primary,Billing Account,examplecorp-data-739104,data-analytics,Project,2026-05-01T00:00:00Z,2026-06-01T00:00:00Z,2026-05-11T02:00:00Z,2026-05-11T03:00:00Z,Tax,,Synthetic tax 10% on usage record 243: Cloud Run,One-Time,5.746290053688,5.746290053688,6.38476672632,5.746290053688,,,,,,USD,,5.746290053688,,USD,,,Cloud Run,Compute,Serverless Compute,,,,,,,,,,,,,,,,,,,,"{""environment"":""dev"",""cost-center"":""cc-2087"",""owner"":""team-platform""}"
Google Cloud,Google,Google Cloud,INV-2026-05-A7B8C9,11C2D3-E4F506-A7B8C9,ExampleCorp Billing - Secondary,Billing Account,examplecorp-data-739104,data-analytics,Project,2026-05-01T00:00:00Z,2026-06-01T00:00:00Z,2026-05-19T00:00:00Z,2026-05-20T00:00:00Z,Usage,,Monitoring data ingested,Usage-Based,40.31442468,40.31442468,44.7938052,40.31442468,0.2580000000,0.2322000000,Standard,173.6194,MiB,USD,0.2322000000,40.31442468,0.2580000000,USD,173.6194,MiB,Cloud Monitoring,Management and Governance,Observability,SKU-73cb6d01edef8d38d97bb589,Monitoring,SPRICE-d59530bdf3a44cc1ae1d78ff,"{""x_DataType"":""Metrics""}",//monitoring.googleapis.com/projects/examplecorp-data-739104/metricsScopes/mon-fa070c90,mon-fa070c90,Monitoring Workspace,asia-southeast1,Singapore,,,,,,,,,,,"{""environment"":""staging"",""cost-center"":""cc-3110"",""owner"":""team-platform""}"
Google Cloud,Google,Google Cloud,INV-2026-05-A7B8C9,11C2D3-E4F506-A7B8C9,ExampleCorp Billing - Secondary,Billing Account,examplecorp-prod-481627,prod-platform,Project,2026-05-01T00:00:00Z,2026-06-01T00:00:00Z,2026-05-20T00:00:00Z,2026-05-21T00:00:00Z,Usage,,On-demand query analysis,Usage-Based,141.5503125,141.5503125,157.278125,141.5503125,6.2500000000,5.6250000000,Standard,25.1645,TiB,USD,5.6250000000,141.5503125,6.2500000000,USD,25.1645,TiB,BigQuery,Databases,Data Warehouses,SKU-4f1f5c17ab1a3bad4c4e9805,Analysis,SPRICE-a8b87f9859524b369e02283b,"{""x_Edition"":""OnDemand""}",//bigquery.googleapis.com/projects/examplecorp-prod-481627/datasets/ds_303c97b7,ds_303c97b7,BigQuery Dataset,us-central1,Iowa,,,,,,,,,,,"{""environment"":""dev"",""cost-center"":""cc-1042"",""owner"":""team-payments""}"
Google Cloud,Google,Google Cloud,INV-2026-05-A7B8C9,11C2D3-E4F506-A7B8C9,ExampleCorp Billing - Secondary,Billing Account,examplecorp-prod-481627,prod-platform,Project,2026-05-01T00:00:00Z,2026-06-01T00:00:00Z,2026-05-28T16:00:00Z,2026-05-28T17:00:00Z,Usage,,Cloud Run vCPU allocation,Usage-Based,63.48414558456,63.48414558456,70.5379395384,63.48414558456,0.0000240000,0.0000216000,Standard,2939080.8141,Core-Seconds,USD,0.0000216000,63.48414558456,0.0000240000,USD,2939080.8141,Core-Seconds,Cloud Run,Compute,Serverless Compute,SKU-e75878aa18ba02097c5ad236,Compute,SPRICE-29d89dec6fcc3435a30f9762,"{""x_Generation"":""gen2""}",//run.googleapis.com/projects/examplecorp-prod-481627/services/svc-8875fd8f,svc-8875fd8f,Cloud Run Service,us-central1,Iowa,,,,,,,,,,,"{""environment"":""prod"",""cost-center"":""cc-1042"",""owner"":""team-data""}"
Google Cloud,Google,Google Cloud,INV-2026-05-F70819,01A2B3-C4D5E6-F70819,ExampleCorp Billing - Primary,Billing Account,examplecorp-staging-552831,staging-platform,Project,2026-05-01T00:00:00Z,2026-06-01T00:00:00Z,2026-05-28T17:00:00Z,2026-05-28T18:00:00Z,Usage,,Function execution duration,Usage-Based,11.208963194325,11.208963194325,12.45440354925,11.208963194325,0.0000025000,0.0000022500,Standard,4981761.4197,GB-Seconds,USD,0.0000022500,11.208963194325,0.0000025000,USD,4981761.4197,GB-Seconds,Cloud Functions,Compute,Serverless Compute,SKU-aa8988f20b7d9893658f467f,Compute,SPRICE-55a0ffdcaab822a480aad660,"{""x_Runtime"":""python312"",""x_Generation"":""gen2""}",//cloudfunctions.googleapis.com/projects/examplecorp-staging-552831/functions/fn-134c9759,fn-134c9759,Cloud Function,europe-west1,Belgium,,,,,,,,,,,"{""environment"":""staging"",""cost-center"":""cc-1042"",""owner"":""team-platform""}"
Google Cloud,Google,Google Cloud,INV-2026-05-F70819,01A2B3-C4D5E6-F70819,ExampleCorp Billing - Primary,Billing Account,examplecorp-prod-481627,prod-platform,Project,2026-05-01T00:00:00Z,2026-06-01T00:00:00Z,2026-05-01T00:00:00Z,2026-06-01T00:00:00Z,Usage,,Standard storage,Usage-Based,19.6830576,19.6830576,21.870064,19.6830576,0.0200000000,0.0180000000,Standard,1093.5032,GB-Months,USD,0.0180000000,19.6830576,0.0200000000,USD,1093.5032,GB-Months,Cloud Storage,Storage,Object Storage,SKU-560ffe175cb39f91c531454c,Storage,SPRICE-3d050702dcbac978cb3acee9,"{""StorageClass"":""Standard""}",//storage.googleapis.com/projects/examplecorp-prod-481627/buckets/bucket-ea4d8ef6,bucket-ea4d8ef6,Storage Bucket,us-central1,Iowa,,,,,,,,,,,"{""environment"":""prod"",""cost-center"":""cc-2087"",""owner"":""team-platform""}"
Google Cloud,Google,Google Cloud,INV-2026-05-F70819,01A2B3-C4D5E6-F70819,ExampleCorp Billing - Primary,Billing Account,examplecorp-staging-552831,staging-platform,Project,2026-05-01T00:00:00Z,2026-06-01T00:00:00Z,2026-05-24T00:00:00Z,2026-05-25T00:00:00Z,Purchase,,Cloud Run subscription fee,Recurring,796.07,796.07,796.07,796.07,796.07,796.07,Standard,1,Units,USD,796.0700000000,796.07,796.0700000000,USD,,,Cloud Run,Compute,Serverless Compute,SKU-4c1c6d7af6d853bdc81ebc63,Subscription,SPRICE-aeed96cdd2e16db890f41a2f,"{""x_ChargeType"": ""SubscriptionFee""}",//run.googleapis.com/projects/examplecorp-staging-552831/services/svc-71473b2a,svc-71473b2a,Cloud Run Service,us-central1,Iowa,,,,,,,,,,,"{""environment"":""staging"",""cost-center"":""cc-1042"",""owner"":""team-platform""}"
Google Cloud,Google,Google Cloud,INV-2026-05-F70819,01A2B3-C4D5E6-F70819,ExampleCorp Billing - Primary,Billing Account,examplecorp-data-739104,data-analytics,Project,2026-05-01T00:00:00Z,2026-06-01T00:00:00Z,2026-05-28T20:00:00Z,2026-05-28T21:00:00Z,Usage,,Cloud Run vCPU allocation,Usage-Based,46.5626865636,46.5626865636,51.736318404,46.5626865636,0.0000240000,0.0000216000,Standard,2155679.9335,Core-Seconds,USD,0.0000216000,46.5626865636,0.0000240000,USD,2155679.9335,Core-Seconds,Cloud Run,Compute,Serverless Compute,SKU-0828b68f352ea8761f8e1993,Compute,SPRICE-939cc729025fe8682a0f43e3,"{""x_Generation"":""gen2""}",//run.googleapis.com/projects/examplecorp-data-739104/services/svc-e373d9dc,svc-e373d9dc,Cloud Run Service,europe-west1,Belgium,,,,,,,,,,,"{""environment"":""dev"",""cost-center"":""cc-2087"",""owner"":""team-payments""}"
Google Cloud,Google,Google Cloud,INV-2026-05-A7B8C9,11C2D3-E4F506-A7B8C9,ExampleCorp Billing - Secondary,Billing Account,examplecorp-staging-552831,staging-platform,Project,2026-05-01T00:00:00Z,2026-06-01T00:00:00Z,2026-05-01T00:00:00Z,2026-06-01T00:00:00Z,Usage,,Standard storage,Usage-Based,89.863893,89.863893,99.84877,89.863893,0.0200000000,0.0180000000,Standard,4992.4385,GB-Months,EUR,0.0165600000,82.67478156,0.0184000000,USD,4992.4385,GB-Months,Cloud Storage,Storage,Object Storage,SKU-48e52b42c3a2a664e72c7c8d,Storage,SPRICE-99bfa8769e15eca9d0e9fe91,"{""StorageClass"":""Standard""}",//storage.googleapis.com/projects/examplecorp-staging-552831/buckets/bucket-0dc575bf,bucket-0dc575bf,Storage Bucket,asia-southeast1,Singapore,,,,,,,,,,,"{""environment"":""prod"",""cost-center"":""cc-3110"",""owner"":""team-payments""}"
Google Cloud,Google,Google Cloud,INV-2026-05-F70819,01A2B3-C4D5E6-F70819,ExampleCorp Billing - Primary,Billing Account,examplecorp-data-739104,data-analytics,Project,2026-05-01T00:00:00Z,2026-06-01T00:00:00Z,2026-05-27T00:00:00Z,2026-05-28T00:00:00Z,Purchase,,Cloud Run subscription fee,Recurring,654.04,654.04,654.04,654.04,654.04,654.04,Standard,1,Units,USD,654.0400000000,654.04,654.0400000000,USD,,,Cloud Run,Compute,Serverless Compute,SKU-dbf23316913a6b956c1c45bb,Subscription,SPRICE-464c68d53668e30795446711,"{""x_ChargeType"": ""SubscriptionFee""}",//run.googleapis.com/projects/examplecorp-data-739104/services/svc-54dd6b53,svc-54dd6b53,Cloud Run Service,us-east1,South Carolina,,,,,,,,,,,"{""environment"":""dev"",""cost-center"":""cc-2087"",""owner"":""team-payments""}"
Google Cloud,Google,Google Cloud,INV-2026-05-F70819,01A2B3-C4D5E6-F70819,ExampleCorp Billing - Primary,Billing Account,examplecorp-staging-552831,staging-platform,Project,2026-05-01T00:00:00Z,2026-06-01T00:00:00Z,2026-05-28T23:00:00Z,2026-05-29T00:00:00Z,Usage,,Function execution duration,Usage-Based,13.52063066445,13.52063066445,15.0229229605,13.52063066445,0.0000025000,0.0000022500,Standard,6009169.1842,GB-Seconds,USD,0.0000022500,13.52063066445,0.0000025000,USD,6009169.1842,GB-Seconds,Cloud Functions,Compute,Serverless Compute,SKU-695ae4ac3664791d99311a2f,Compute,SPRICE-1660dde73d1cd143caedc47c,"{""x_Runtime"":""python312"",""x_Generation"":""gen2""}",//cloudfunctions.googleapis.com/projects/examplecorp-staging-552831/functions/fn-a5b8638c,fn-a5b8638c,Cloud Function,us-central1,Iowa,,,,,,,,,,,"{""environment"":""prod"",""cost-center"":""cc-3110"",""owner"":""team-platform""}"
Google Cloud,Google,Google Cloud,INV-2026-05-A7B8C9,11C2D3-E4F506-A7B8C9,ExampleCorp Billing - Secondary,Billing Account,examplecorp-prod-481627,prod-platform,Project,2026-05-01T00:00:00Z,2026-06-01T00:00:00Z,2026-05-01T00:00:00Z,2026-05-01T01:00:00Z,Usage,,e2-standard-4 running,Usage-Based,0.1206,0.1206,0.134,0.1206,0.1340000000,0.1206000000,Standard,1.0000,Hours,USD,0.1206000000,0.1206,0.1340000000,USD,1.0000,Hours,Compute Engine,Compute,Virtual Machines,SKU-1f3d031b6a456d700dc64bbb,Compute,SPRICE-d8c574633874898080639a0f,"{""InstanceType"":""e2-standard-4"",""InstanceSeries"":""E2"",""CoreCount"":4,""MemorySize"":16,""OperatingSystem"":""Linux"",""x_Preemptible"":""false""}",//compute.googleapis.com/projects/examplecorp-prod-481627/instances/instance-27a18315,instance-27a18315,Compute Instance,asia-southeast1,Singapore,asia-southeast1-a,,,,,,,,,,"{""environment"":""dev"",""cost-center"":""cc-1042"",""owner"":""team-data""}"
Google Cloud,Google,Google Cloud,INV-2026-05-A7B8C9,11C2D3-E4F506-A7B8C9,ExampleCorp Billing - Secondary,Billing Account,examplecorp-data-739104,data-analytics,Project,2026-05-01T00:00:00Z,2026-06-01T00:00:00Z,2026-05-01T01:00:00Z,2026-05-01T02:00:00Z,Usage,,Cloud SQL custom 4 vCPU,Usage-Based,0.18,0.18,0.2,0.18,0.2000000000,0.1800000000,Standard,1.0000,Hours,USD,0.1800000000,0.18,0.2000000000,USD,1.0000,Hours,Cloud SQL,Databases,Relational Databases,SKU-0878e8a79fb464dcb2955125,Database,SPRICE-252613603489dea350c5ac8d,"{""InstanceType"":""db-custom-4-16384"",""CoreCount"":4,""MemorySize"":16,""x_Engine"":""PostgreSQL""}",//sqladmin.googleapis.com/projects/examplecorp-data-739104/instances/sql-f4077c33,sql-f4077c33,Cloud SQL Instance,europe-west1,Belgium,,,,,,,,,,,"{""environment"":""staging"",""cost-center"":""cc-3110"",""owner"":""team-platform""}"
Google Cloud,Google,Google Cloud,INV-2026-05-A7B8C9,11C2D3-E4F506-A7B8C9,ExampleCorp Billing - Secondary,Billing Account,examplecorp-staging-552831,staging-platform,Project,2026-05-01T00:00:00Z,2026-06-01T00:00:00Z,2026-05-01T00:00:00Z,2026-06-01T00:00:00Z,Usage,,Standard storage,Usage-Based,131.9145714,131.9145714,146.571746,131.9145714,0.0200000000,0.0180000000,Standard,7328.5873,GB-Months,USD,0.0180000000,131.9145714,0.0200000000,USD,7328.5873,GB-Months,Cloud Storage,Storage,Object Storage,SKU-d897913b7483a157db0c5b7e,Storage,SPRICE-c7019451d3d2cfe060e67bf2,"{""StorageClass"":""Standard""}",//storage.googleapis.com/projects/examplecorp-staging-552831/buckets/bucket-b2a36500,bucket-b2a36500,Storage Bucket,europe-west1,Belgium,,,,,,,,,,,"{""environment"":""staging"",""cost-center"":""cc-3110"",""owner"":""team-data""}"
Google Cloud,Google,Google Cloud,INV-2026-05-A7B8C9,11C2D3-E4F506-A7B8C9,ExampleCorp Billing - Secondary,Billing Account,examplecorp-prod-481627,prod-platform,Project,2026-05-01T00:00:00Z,2026-06-01T00:00:00Z,2026-05-01T03:00:00Z,2026-05-01T04:00:00Z,Usage,,Cloud Run vCPU allocation,Usage-Based,38.49969089952,38.49969089952,42.7774343328,38.49969089952,0.0000240000,0.0000216000,Standard,1782393.0972,Core-Seconds,USD,0.0000216000,38.49969089952,0.0000240000,USD,1782393.0972,Core-Seconds,Cloud Run,Compute,Serverless Compute,SKU-e75878aa18ba02097c5ad236,Compute,SPRICE-29d89dec6fcc3435a30f9762,"{""x_Generation"":""gen2""}",//run.googleapis.com/projects/examplecorp-prod-481627/services/svc-252e6550,svc-252e6550,Cloud Run Service,us-central1,Iowa,,,,,,,,,,,"{""environment"":""dev"",""cost-center"":""cc-1042"",""owner"":""team-payments""}"
Google Cloud,Google,Google Cloud,INV-2026-05-A7B8C9,11C2D3-E4F506-A7B8C9,ExampleCorp Billing - Secondary,Billing Account,examplecorp-data-739104,data-analytics,Project,2026-05-01T00:00:00Z,2026-06-01T00:00:00Z,2026-05-01T04:00:00Z,2026-05-01T05:00:00Z,Usage,,Function execution duration,Usage-Based,4.8818586618,4.8818586618,5.424287402,4.8818586618,0.0000025000,0.0000022500,Standard,2169714.9608,GB-Seconds,USD,0.0000022500,4.8818586618,0.0000025000,USD,2169714.9608,GB-Seconds,Cloud Functions,Compute,Serverless Compute,SKU-695ae4ac3664791d99311a2f,Compute,SPRICE-1660dde73d1cd143caedc47c,"{""x_Runtime"":""python312"",""x_Generation"":""gen2""}",//cloudfunctions.googleapis.com/projects/examplecorp-data-739104/functions/fn-6a4aab8b,fn-6a4aab8b,Cloud Function,us-central1,Iowa,,,,,,,,,,,"{""environment"":""dev"",""cost-center"":""cc-2087"",""owner"":""team-payments""}"
Google Cloud,Google,Google Cloud,INV-2026-05-A7B8C9,11C2D3-E4F506-A7B8C9,ExampleCorp Billing - Secondary,Billing Account,examplecorp-staging-552831,staging-platform,Project,2026-05-01T00:00:00Z,2026-06-01T00:00:00Z,2026-05-01T05:00:00Z,2026-05-01T06:00:00Z,Usage,,Cloud SQL custom 4 vCPU,Usage-Based,0.18,0.18,0.2,0.18,0.2000000000,0.1800000000,Standard,1.0000,Hours,USD,0.1800000000,0.18,0.2000000000,USD,1.0000,Hours,Cloud SQL,Databases,Relational Databases,SKU-5a84ed2775b50d245d6fae1f,Database,SPRICE-df6d9a619dcef43326a41589,"{""InstanceType"":""db-custom-4-16384"",""CoreCount"":4,""MemorySize"":16,""x_Engine"":""PostgreSQL""}",//sqladmin.googleapis.com/projects/examplecorp-staging-552831/instances/sql-2dca3dca,sql-2dca3dca,Cloud SQL Instance,asia-southeast1,Singapore,,,,,,,,,,,"{""environment"":""dev"",""cost-center"":""cc-3110"",""owner"":""team-payments""}"
Google Cloud,Google,Google Cloud,INV-2026-05-F70819,01A2B3-C4D5E6-F70819,ExampleCorp Billing - Primary,Billing Account,examplecorp-data-739104,data-analytics,Project,2026-05-01T00:00:00Z,2026-06-01T00:00:00Z,2026-05-01T00:00:00Z,2026-06-01T00:00:00Z,Usage,,Standard storage,Usage-Based,115.406415,115.406415,128.22935,115.406415,0.0200000000,0.0180000000,Standard,6411.4675,GB-Months,USD,0.0180000000,115.406415,0.0200000000,USD,6411.4675,GB-Months,Cloud Storage,Storage,Object Storage,SKU-48e52b42c3a2a664e72c7c8d,Storage,SPRICE-acaf4d3f193ddc335413e7e0,"{""StorageClass"":""Standard""}",//storage.googleapis.com/projects/examplecorp-data-739104/buckets/bucket-276f85b8,bucket-276f85b8,Storage Bucket,asia-southeast1,Singapore,,,,,,,,,,,"{""environment"":""staging"",""cost-center"":""cc-1042"",""owner"":""team-payments""}"
Google Cloud,Google,Google Cloud,INV-2026-05-A7B8C9,11C2D3-E4F506-A7B8C9,ExampleCorp Billing - Secondary,Billing Account,examplecorp-sandbox-160942,sandbox-dev,Project,2026-05-01T00:00:00Z,2026-06-01T00:00:00Z,2026-05-01T00:00:00Z,2026-06-01T00:00:00Z,Usage,,Standard storage,Usage-Based,11.141604,11.141604,12.37956,11.141604,0.0200000000,0.0180000000,Standard,618.9780,GB-Months,USD,0.0180000000,11.141604,0.0200000000,USD,618.9780,GB-Months,Cloud Storage,Storage,Object Storage,SKU-d897913b7483a157db0c5b7e,Storage,SPRICE-c7019451d3d2cfe060e67bf2,"{""StorageClass"":""Standard""}",//storage.googleapis.com/projects/examplecorp-sandbox-160942/buckets/bucket-2018cba6,bucket-2018cba6,Storage Bucket,europe-west1,Belgium,,,,,,,,,,,"{""environment"":""prod"",""cost-center"":""cc-2087"",""owner"":""team-platform""}"
Google Cloud,Google,Google Cloud,INV-2026-05-F70819,01A2B3-C4D5E6-F70819,ExampleCorp Billing - Primary,Billing Account,examplecorp-staging-552831,staging-platform,Project,2026-05-01T00:00:00Z,2026-06-01T00:00:00Z,2026-05-01T08:00:00Z,2026-05-01T09:00:00Z,Usage,,e2-standard-4 running,Usage-Based,0.1206,0.1206,0.134,0.1206,0.1340000000,0.1206000000,Standard,1.0000,Hours,USD,0.1206000000,0.1206,0.1340000000,USD,1.0000,Hours,Compute Engine,Compute,Virtual Machines,SKU-c7f294f3dc4904208c787632,Compute,SPRICE-c8c1784c237a87edf1c3647d,"{""InstanceType"":""e2-standard-4"",""InstanceSeries"":""E2"",""CoreCount"":4,""MemorySize"":16,""OperatingSystem"":""Linux"",""x_Preemptible"":""false""}",//compute.googleapis.com/projects/examplecorp-staging-552831/instances/instance-5a58438a,instance-5a58438a,Compute Instance,us-east1,South Carolina,us-east1-c,,,,,,,,,,"{""environment"":""prod"",""cost-center"":""cc-2087"",""owner"":""team-payments""}"
Google Cloud,Google,Google Cloud,INV-2026-05-F70819,01A2B3-C4D5E6-F70819,ExampleCorp Billing - Primary,Billing Account,examplecorp-staging-552831,staging-platform,Project,2026-05-01T00:00:00Z,2026-06-01T00:00:00Z,2026-05-01T09:00:00Z,2026-05-01T10:00:00Z,Usage,,Cloud Run vCPU allocation,Usage-Based,2.58419876472,2.58419876472,2.8713319608,2.58419876472,0.0000240000,0.0000216000,Standard,119638.8317,Core-Seconds,USD,0.0000216000,2.58419876472,0.0000240000,USD,119638.8317,Core-Seconds,Cloud Run,Compute,Serverless Compute,SKU-0828b68f352ea8761f8e1993,Compute,SPRICE-939cc729025fe8682a0f43e3,"{""x_Generation"":""gen2""}",//run.googleapis.com/projects/examplecorp-staging-552831/services/svc-3fb26213,svc-3fb26213,Cloud Run Service,europe-west1,Belgium,,,,,,,,,,,"{""environment"":""prod"",""cost-center"":""cc-2087"",""owner"":""team-data""}"
Google Cloud,Google,Google Cloud,INV-2026-05-F70819,01A2B3-C4D5E6-F70819,ExampleCorp Billing - Primary,Billing Account,examplecorp-sandbox-160942,sandbox-dev,Project,2026-05-01T00:00:00Z,2026-06-01T00:00:00Z,2026-05-01T10:00:00Z,2026-05-01T11:00:00Z,Usage,,GKE node pool hours,Usage-Based,0.1206,0.1206,0.134,0.1206,0.1340000000,0.1206000000,Standard,1.0000,Hours,USD,0.1206000000,0.1206,0.1340000000,USD,1.0000,Hours,Google Kubernetes Engine,Compute,Containers,SKU-9f36ca4ad55c40314722c6e2,Compute,SPRICE-d0b5636dddc3dcd209075213,"{""InstanceType"":""e2-standard-4"",""CoreCount"":4,""MemorySize"":16,""x_NodePool"":""default""}",//container.googleapis.com/projects/examplecorp-sandbox-160942/clusters/gke-0b9ee3d1,gke-0b9ee3d1,GKE Cluster,us-central1,Iowa,,,,,,,,,,,"{""environment"":""staging"",""cost-center"":""cc-1042"",""owner"":""team-data""}"
Google Cloud,Google,Google Cloud,INV-2026-05-A7B8C9,11C2D3-E4F506-A7B8C9,ExampleCorp Billing - Secondary,Billing Account,examplecorp-prod-481627,prod-platform,Project,2026-05-01T00:00:00Z,2026-06-01T00:00:00Z,2026-05-01T00:00:00Z,2026-06-01T00:00:00Z,Usage,,Standard storage,Usage-Based,82.306071,82.306071,91.45119,82.306071,0.0200000000,0.0180000000,Standard,4572.5595,GB-Months,USD,0.0180000000,82.306071,0.0200000000,USD,4572.5595,GB-Months,Cloud Storage,Storage,Object Storage,SKU-48e52b42c3a2a664e72c7c8d,Storage,SPRICE-acaf4d3f193ddc335413e7e0,"{""StorageClass"":""Standard""}",//storage.googleapis.com/projects/examplecorp-prod-481627/buckets/bucket-ce1ad4ea,bucket-ce1ad4ea,Storage Bucket,asia-southeast1,Singapore,,,,,,,,,,,"{""environment"":""staging"",""cost-center"":""cc-1042"",""owner"":""team-payments""}"
Google Cloud,Google,Google Cloud,INV-2026-05-A7B8C9,11C2D3-E4F506-A7B8C9,ExampleCorp Billing - Secondary,Billing Account,examplecorp-sandbox-160942,sandbox-dev,Project,2026-05-01T00:00:00Z,2026-06-01T00:00:00Z,2026-05-13T00:00:00Z,2026-05-14T00:00:00Z,Usage,,On-demand query analysis,Usage-Based,219.5971875,219.5971875,243.996875,219.5971875,6.2500000000,5.6250000000,Standard,39.0395,TiB,USD,5.6250000000,219.5971875,6.2500000000,USD,39.0395,TiB,BigQuery,Databases,Data Warehouses,SKU-e14c81c3b9dbfe726f5234cc,Analysis,SPRICE-a31e8b202bbc80cffe86259c,"{""x_Edition"":""OnDemand""}",//bigquery.googleapis.com/projects/examplecorp-sandbox-160942/datasets/ds_acf0a02a,ds_acf0a02a,BigQuery Dataset,europe-west1,Belgium,,,,,,,,,,,"{""environment"":""prod"",""cost-center"":""cc-3110"",""owner"":""team-payments""}"
Google Cloud,Google,Google Cloud,INV-2026-05-F70819,01A2B3-C4D5E6-F70819,ExampleCorp Billing - Primary,Billing Account,examplecorp-sandbox-160942,sandbox-dev,Project,2026-05-01T00:00:00Z,2026-06-01T00:00:00Z,2026-05-23T20:00:00Z,2026-05-23T21:00:00Z,Tax,,Synthetic tax 10% on usage record 549: Google Kubernetes Engine,One-Time,0.01206,0.01206,0.0134,0.01206,,,,,,EUR,,0.0110952,,USD,,,Google Kubernetes Engine,Compute,Containers,,,,,,,,,,,,,,,,,,,,"{""environment"":""prod"",""cost-center"":""cc-1042"",""owner"":""team-payments""}"
Google Cloud,Google,Google Cloud,INV-2026-05-F70819,01A2B3-C4D5E6-F70819,ExampleCorp Billing - Primary,Billing Account,examplecorp-prod-481627,prod-platform,Project,2026-05-01T00:00:00Z,2026-06-01T00:00:00Z,2026-05-01T00:00:00Z,2026-06-01T00:00:00Z,Usage,,Standard storage,Usage-Based,97.1010936,97.1010936,107.890104,97.1010936,0.0200000000,0.0180000000,Standard,5394.5052,GB-Months,USD,0.0180000000,97.1010936,0.0200000000,USD,5394.5052,GB-Months,Cloud Storage,Storage,Object Storage,SKU-48e52b42c3a2a664e72c7c8d,Storage,SPRICE-acaf4d3f193ddc335413e7e0,"{""StorageClass"":""Standard""}",//storage.googleapis.com/projects/examplecorp-prod-481627/buckets/bucket-236b4be1,bucket-236b4be1,Storage Bucket,asia-southeast1,Singapore,,,,,,,,,,,"{""environment"":""staging"",""cost-center"":""cc-1042"",""owner"":""team-platform""}"
Google Cloud,Google,Google Cloud,INV-2026-05-A7B8C9,11C2D3-E4F506-A7B8C9,ExampleCorp Billing - Secondary,Billing Account,examplecorp-data-739104,data-analytics,Project,2026-05-01T00:00:00Z,2026-06-01T00:00:00Z,2026-05-01T15:00:00Z,2026-05-01T16:00:00Z,Usage,,Cloud Run vCPU allocation,Usage-Based,30.78930859992,30.78930859992,34.2103428888,30.78930859992,0.0000240000,0.0000216000,Standard,1425430.9537,Core-Seconds,USD,0.0000216000,30.78930859992,0.0000240000,USD,1425430.9537,Core-Seconds,Cloud Run,Compute,Serverless Compute,SKU-0828b68f352ea8761f8e1993,Compute,SPRICE-939cc729025fe8682a0f43e3,"{""x_Generation"":""gen2""}",//run.googleapis.com/projects/examplecorp-data-739104/services/svc-9626fc63,svc-9626fc63,Cloud Run Service,europe-west1,Belgium,,,,,,,,,,,"{""environment"":""staging"",""cost-center"":""cc-1042"",""owner"":""team-platform""}"
Google Cloud,Google,Google Cloud,INV-2026-05-A7B8C9,11C2D3-E4F506-A7B8C9,ExampleCorp Billing - Secondary,Billing Account,examplecorp-prod-481627,prod-platform,Project,2026-05-01T00:00:00Z,2026-06-01T00:00:00Z,2026-05-17T00:00:00Z,2026-05-18T00:00:00Z,Usage,,Monitoring data ingested,Usage-Based,22.8270015,22.8270015,25.363335,22.8270015,0.2580000000,0.2322000000,Standard,98.3075,MiB,USD,0.2322000000,22.8270015,0.2580000000,USD,98.3075,MiB,Cloud Monitoring,Management and Governance,Observability,SKU-afe92dda1165fc43abddae34,Monitoring,SPRICE-6d15472be77f7b0846642d52,"{""x_DataType"":""Metrics""}",//monitoring.googleapis.com/projects/examplecorp-prod-481627/metricsScopes/mon-b35a090b,mon-b35a090b,Monitoring Workspace,europe-west1,Belgium,,,,,,,,,,,"{""environment"":""staging"",""cost-center"":""cc-2087"",""owner"":""team-payments""}"
Google Cloud,Google,Google Cloud,INV-2026-05-A7B8C9,11C2D3-E4F506-A7B8C9,ExampleCorp Billing - Secondary,Billing Account,examplecorp-prod-481627,prod-platform,Project,2026-05-01T00:00:00Z,2026-06-01T00:00:00Z,2026-05-01T17:00:00Z,2026-05-01T18:00:00Z,Usage,,GKE node pool hours,Usage-Based,0.1206,0.1206,0.134,0.1206,0.1340000000,0.1206000000,Standard,1.0000,Hours,EUR,0.1109520000,0.110952,0.1232800000,USD,1.0000,Hours,Google Kubernetes Engine,Compute,Containers,SKU-744da1150ba9d05a7d420696,Compute,SPRICE-6e959b564bf9f4c484a7634f,"{""InstanceType"":""e2-standard-4"",""CoreCount"":4,""MemorySize"":16,""x_NodePool"":""default""}",//container.googleapis.com/projects/examplecorp-prod-481627/clusters/gke-22987561,gke-22987561,GKE Cluster,us-east1,South Carolina,,,,,,,,,,,"{""environment"":""dev"",""cost-center"":""cc-2087"",""owner"":""team-platform""}"
Google Cloud,Google,Google Cloud,INV-2026-05-F70819,01A2B3-C4D5E6-F70819,ExampleCorp Billing - Primary,Billing Account,examplecorp-prod-481627,prod-platform,Project,2026-05-01T00:00:00Z,2026-06-01T00:00:00Z,2026-05-01T18:00:00Z,2026-05-01T19:00:00Z,Usage,,GKE node pool hours,Usage-Based,0.1206,0.1206,0.134,0.1206,0.1340000000,0.1206000000,Standard,1.0000,Hours,EUR,0.1109520000,0.110952,0.1232800000,USD,1.0000,Hours,Google Kubernetes Engine,Compute,Containers,SKU-744da1150ba9d05a7d420696,Compute,SPRICE-6e959b564bf9f4c484a7634f,"{""InstanceType"":""e2-standard-4"",""CoreCount"":4,""MemorySize"":16,""x_NodePool"":""default""}",//container.googleapis.com/projects/examplecorp-prod-481627/clusters/gke-c6c44f26,gke-c6c44f26,GKE Cluster,us-east1,South Carolina,,,,,,,,,,,"{""environment"":""staging"",""cost-center"":""cc-2087"",""owner"":""team-payments""}"
Google Cloud,Google,Google Cloud,INV-2026-05-A7B8C9,11C2D3-E4F506-A7B8C9,ExampleCorp Billing - Secondary,Billing Account,examplecorp-data-739104,data-analytics,Project,2026-05-01T00:00:00Z,2026-06-01T00:00:00Z,2026-05-01T19:00:00Z,2026-05-01T20:00:00Z,Usage,,Cloud SQL custom 4 vCPU,Usage-Based,0.18,0.18,0.2,0.18,0.2000000000,0.1800000000,Standard,1.0000,Hours,USD,0.1800000000,0.18,0.2000000000,USD,1.0000,Hours,Cloud SQL,Databases,Relational Databases,SKU-0878e8a79fb464dcb2955125,Database,SPRICE-252613603489dea350c5ac8d,"{""InstanceType"":""db-custom-4-16384"",""CoreCount"":4,""MemorySize"":16,""x_Engine"":""PostgreSQL""}",//sqladmin.googleapis.com/projects/examplecorp-data-739104/instances/sql-a6674215,sql-a6674215,Cloud SQL Instance,europe-west1,Belgium,,,,,,,,,,,"{""environment"":""prod"",""cost-center"":""cc-3110"",""owner"":""team-data""}"
Google Cloud,Google,Google Cloud,INV-2026-05-F70819,01A2B3-C4D5E6-F70819,ExampleCorp Billing - Primary,Billing Account,examplecorp-staging-552831,staging-platform,Project,2026-05-01T00:00:00Z,2026-06-01T00:00:00Z,2026-05-21T00:00:00Z,2026-05-22T00:00:00Z,Purchase,,Compute Engine subscription fee,Recurring,773.55,773.55,773.55,773.55,773.55,773.55,Standard,1,Units,USD,773.5500000000,773.55,773.5500000000,USD,,,Compute Engine,Compute,Virtual Machines,SKU-dd27b0473c4b74f272c4078f,Subscription,SPRICE-0d4599b9f9ddf68fe43a1d13,"{""x_ChargeType"": ""SubscriptionFee""}",//compute.googleapis.com/projects/examplecorp-staging-552831/instances/instance-216b0f9c,instance-216b0f9c,Compute Instance,us-east1,South Carolina,,,,,,,,,,,"{""environment"":""prod"",""cost-center"":""cc-3110"",""owner"":""team-payments""}"
Google Cloud,Google,Google Cloud,INV-2026-05-F70819,01A2B3-C4D5E6-F70819,ExampleCorp Billing - Primary,Billing Account,examplecorp-staging-552831,staging-platform,Project,2026-05-01T00:00:00Z,2026-06-01T00:00:00Z,2026-05-01T21:00:00Z,2026-05-01T22:00:00Z,Usage,,Cloud SQL custom 4 vCPU,Usage-Based,0.18,0.18,0.2,0.18,0.2000000000,0.1800000000,Standard,1.0000,Hours,USD,0.1800000000,0.18,0.2000000000,USD,1.0000,Hours,Cloud SQL,Databases,Relational Databases,SKU-0878e8a79fb464dcb2955125,Database,SPRICE-252613603489dea350c5ac8d,"{""InstanceType"":""db-custom-4-16384"",""CoreCount"":4,""MemorySize"":16,""x_Engine"":""PostgreSQL""}",//sqladmin.googleapis.com/projects/examplecorp-staging-552831/instances/sql-b390442c,sql-b390442c,Cloud SQL Instance,europe-west1,Belgium,,,,,,,,,,,"{""environment"":""dev"",""cost-center"":""cc-1042"",""owner"":""team-data""}"
Google Cloud,Google,Google Cloud,INV-2026-05-A7B8C9,11C2D3-E4F506-A7B8C9,ExampleCorp Billing - Secondary,Billing Account,examplecorp-staging-552831,staging-platform,Project,2026-05-01T00:00:00Z,2026-06-01T00:00:00Z,2026-05-23T00:00:00Z,2026-05-24T00:00:00Z,Usage,,Monitoring data ingested,Usage-Based,53.41612392,53.41612392,59.3512488,53.41612392,0.2580000000,0.2322000000,Standard,230.0436,MiB,USD,0.2322000000,53.41612392,0.2580000000,USD,230.0436,MiB,Cloud Monitoring,Management and Governance,Observability,SKU-73cb6d01edef8d38d97bb589,Monitoring,SPRICE-d59530bdf3a44cc1ae1d78ff,"{""x_DataType"":""Metrics""}",//monitoring.googleapis.com/projects/examplecorp-staging-552831/metricsScopes/mon-b87e4499,mon-b87e4499,Monitoring Workspace,asia-southeast1,Singapore,,,,,,,,,,,"{""environment"":""dev"",""cost-center"":""cc-2087"",""owner"":""team-platform""}"
Google Cloud,Google,Google Cloud,INV-2026-05-F70819,01A2B3-C4D5E6-F70819,ExampleCorp Billing - Primary,Billing Account,examplecorp-data-739104,data-analytics,Project,2026-05-01T00:00:00Z,2026-06-01T00:00:00Z,2026-05-01T23:00:00Z,2026-05-02T00:00:00Z,Usage,,e2-standard-4 running,Usage-Based,0.1206,0.1206,0.134,0.1206,0.1340000000,0.1206000000,Standard,1.0000,Hours,USD,0.1206000000,0.1206,0.1340000000,USD,1.0000,Hours,Compute Engine,Compute,Virtual Machines,SKU-1f3d031b6a456d700dc64bbb,Compute,SPRICE-d8c574633874898080639a0f,"{""InstanceType"":""e2-standard-4"",""InstanceSeries"":""E2"",""CoreCount"":4,""MemorySize"":16,""OperatingSystem"":""Linux"",""x_Preemptible"":""false""}",//compute.googleapis.com/projects/examplecorp-data-739104/instances/instance-15689079,instance-15689079,Compute Instance,asia-southeast1,Singapore,asia-southeast1-a,,,,,,,,,,"{""environment"":""prod"",""cost-center"":""cc-2087"",""owner"":""team-data""}"
Google Cloud,Google,Google Cloud,INV-2026-05-A7B8C9,11C2D3-E4F506-A7B8C9,ExampleCorp Billing - Secondary,Billing Account,examplecorp-staging-552831,staging-platform,Project,2026-05-01T00:00:00Z,2026-06-01T00:00:00Z,2026-05-02T00:00:00Z,2026-05-02T01:00:00Z,Usage,,Cloud SQL custom 4 vCPU,Usage-Based,0.18,0.18,0.2,0.18,0.2000000000,0.1800000000,Standard,1.0000,Hours,USD,0.1800000000,0.18,0.2000000000,USD,1.0000,Hours,Cloud SQL,Databases,Relational Databases,SKU-ba223805a916089dc772c95e,Database,SPRICE-715e0278131e4992ea970001,"{""InstanceType"":""db-custom-4-16384"",""CoreCount"":4,""MemorySize"":16,""x_Engine"":""PostgreSQL""}",//sqladmin.googleapis.com/projects/examplecorp-staging-552831/instances/sql-c52572c9,sql-c52572c9,Cloud SQL Instance,us-east1,South Carolina,,,,,,,,,,,"{""environment"":""staging"",""cost-center"":""cc-3110"",""owner"":""team-platform""}"
Google Cloud,Google,Google Cloud,INV-2026-05-A7B8C9,11C2D3-E4F506-A7B8C9,ExampleCorp Billing - Secondary,Billing Account,examplecorp-prod-481627,prod-platform,Project,2026-05-01T00:00:00Z,2026-06-01T00:00:00Z,2026-05-02T01:00:00Z,2026-05-02T02:00:00Z,Usage,,Cloud Run vCPU allocation,Usage-Based,98.4927001464,98.4927001464,109.436333496,98.4927001464,0.0000240000,0.0000216000,Standard,4559847.2290,Core-Seconds,USD,0.0000216000,98.4927001464,0.0000240000,USD,4559847.2290,Core-Seconds,Cloud Run,Compute,Serverless Compute,SKU-fc6a19d63f2363e917267178,Compute,SPRICE-0d6d39e6df512f4876c539aa,"{""x_Generation"":""gen2""}",//run.googleapis.com/projects/examplecorp-prod-481627/services/svc-d600f80b,svc-d600f80b,Cloud Run Service,us-east1,South Carolina,,,,,,,,,,,"{""environment"":""prod"",""cost-center"":""cc-2087"",""owner"":""team-payments""}"
Google Cloud,Google,Google Cloud,INV-2026-05-A7B8C9,11C2D3-E4F506-A7B8C9,ExampleCorp Billing - Secondary,Billing Account,examplecorp-prod-481627,prod-platform,Project,2026-05-01T00:00:00Z,2026-06-01T00:00:00Z,2026-05-27T00:00:00Z,2026-05-28T00:00:00Z,Usage,,Monitoring data ingested,Usage-Based,6.94967634,6.94967634,7.7218626,6.94967634,0.2580000000,0.2322000000,Standard,29.9297,MiB,USD,0.2322000000,6.94967634,0.2580000000,USD,29.9297,MiB,Cloud Monitoring,Management and Governance,Observability,SKU-afe92dda1165fc43abddae34,Monitoring,SPRICE-6d15472be77f7b0846642d52,"{""x_DataType"":""Metrics""}",//monitoring.googleapis.com/projects/examplecorp-prod-481627/metricsScopes/mon-369044a4,mon-369044a4,Monitoring Workspace,europe-west1,Belgium,,,,,,,,,,,"{""environment"":""dev"",""cost-center"":""cc-1042"",""owner"":""team-payments""}"
Google Cloud,Google,Google Cloud,INV-2026-05-A7B8C9,11C2D3-E4F506-A7B8C9,ExampleCorp Billing - Secondary,Billing Account,examplecorp-prod-481627,prod-platform,Project,2026-05-01T00:00:00Z,2026-06-01T00:00:00Z,2026-05-01T00:00:00Z,2026-06-01T00:00:00Z,Usage,,Standard storage,Usage-Based,107.6805,107.6805,119.645,107.6805,0.0200000000,0.0180000000,Standard,5982.2500,GB-Months,USD,0.0180000000,107.6805,0.0200000000,USD,5982.2500,GB-Months,Cloud Storage,Storage,Object Storage,SKU-560ffe175cb39f91c531454c,Storage,SPRICE-3d050702dcbac978cb3acee9,"{""StorageClass"":""Standard""}",//storage.googleapis.com/projects/examplecorp-prod-481627/buckets/bucket-8b550069,bucket-8b550069,Storage Bucket,us-central1,Iowa,,,,,,,,,,,"{""environment"":""dev"",""cost-center"":""cc-2087"",""owner"":""team-platform""}"
Google Cloud,Google,Google Cloud,INV-2026-05-F70819,01A2B3-C4D5E6-F70819,ExampleCorp Billing - Primary,Billing Account,examplecorp-data-739104,data-analytics,Project,2026-05-01T00:00:00Z,2026-06-01T00:00:00Z,2026-05-01T00:00:00Z,2026-05-02T00:00:00Z,Usage,,On-demand query analysis,Usage-Based,256.8436875,256.8436875,285.381875,256.8436875,6.2500000000,5.6250000000,Standard,45.6611,TiB,USD,5.6250000000,256.8436875,6.2500000000,USD,45.6611,TiB,BigQuery,Databases,Data Warehouses,SKU-e14c81c3b9dbfe726f5234cc,Analysis,SPRICE-a31e8b202bbc80cffe86259c,"{""x_Edition"":""OnDemand""}",//bigquery.googleapis.com/projects/examplecorp-data-739104/datasets/ds_957fd45e,ds_957fd45e,BigQuery Dataset,europe-west1,Belgium,,,,,,,,,,,"{""environment"":""staging"",""cost-center"":""cc-2087"",""owner"":""team-platform""}"
Google Cloud,Google,Google Cloud,INV-2026-05-F70819,01A2B3-C4D5E6-F70819,ExampleCorp Billing - Primary,Billing Account,examplecorp-prod-481627,prod-platform,Project,2026-05-01T00:00:00Z,2026-06-01T00:00:00Z,2026-05-02T05:00:00Z,2026-05-02T06:00:00Z,Usage,,Function execution duration,Usage-Based,0.55135399815,0.55135399815,0.6126155535,0.55135399815,0.0000025000,0.0000022500,Standard,245046.2214,GB-Seconds,USD,0.0000022500,0.55135399815,0.0000025000,USD,245046.2214,GB-Seconds,Cloud Functions,Compute,Serverless Compute,SKU-695ae4ac3664791d99311a2f,Compute,SPRICE-1660dde73d1cd143caedc47c,"{""x_Runtime"":""python312"",""x_Generation"":""gen2""}",//cloudfunctions.googleapis.com/projects/examplecorp-prod-481627/functions/fn-0ead75a5,fn-0ead75a5,Cloud Function,us-central1,Iowa,,,,,,,,,,,"{""environment"":""staging"",""cost-center"":""cc-1042"",""owner"":""team-payments""}"
Google Cloud,Google,Google Cloud,INV-2026-05-F70819,01A2B3-C4D5E6-F70819,ExampleCorp Billing - Primary,Billing Account,examplecorp-data-739104,data-analytics,Project,2026-05-01T00:00:00Z,2026-06-01T00:00:00Z,2026-05-03T00:00:00Z,2026-05-04T00:00:00Z,Usage,,On-demand query analysis,Usage-Based,74.9986875,74.9986875,83.331875,74.9986875,6.2500000000,5.6250000000,Standard,13.3331,TiB,USD,5.6250000000,74.9986875,6.2500000000,USD,13.3331,TiB,BigQuery,Databases,Data Warehouses,SKU-1607322bfb22b50842e3cc7b,Analysis,SPRICE-4b8dca1b547fed9a03f372f3,"{""x_Edition"":""OnDemand""}",//bigquery.googleapis.com/projects/examplecorp-data-739104/datasets/ds_ee247e5c,ds_ee247e5c,BigQuery Dataset,asia-southeast1,Singapore,,,,,,,,,,,"{""environment"":""staging"",""cost-center"":""cc-1042"",""owner"":""team-payments""}"
Google Cloud,Google,Google Cloud,INV-2026-05-A7B8C9,11C2D3-E4F506-A7B8C9,ExampleCorp Billing - Secondary,Billing Account,examplecorp-sandbox-160942,sandbox-dev,Project,2026-05-01T00:00:00Z,2026-06-01T00:00:00Z,2026-05-04T00:00:00Z,2026-05-05T00:00:00Z,Purchase,,BigQuery subscription fee,Recurring,144.29,144.29,144.29,144.29,144.29,144.29,Standard,1,Units,USD,144.2900000000,144.29,144.2900000000,USD,,,BigQuery,Databases,Data Warehouses,SKU-4aa511258207dbaf59ac56ca,Subscription,SPRICE-4af7ea22dbe00961d2ea1942,"{""x_ChargeType"": ""SubscriptionFee""}",//bigquery.googleapis.com/projects/examplecorp-sandbox-160942/datasets/ds_6495845d,ds_6495845d,BigQuery Dataset,asia-southeast1,Singapore,,,,,,,,,,,"{""environment"":""prod"",""cost-center"":""cc-1042"",""owner"":""team-platform""}"
Google Cloud,Google,Google Cloud,INV-2026-05-F70819,01A2B3-C4D5E6-F70819,ExampleCorp Billing - Primary,Billing Account,examplecorp-data-739104,data-analytics,Project,2026-05-01T00:00:00Z,2026-06-01T00:00:00Z,2026-05-01T00:00:00Z,2026-06-01T00:00:00Z,Usage,,Standard storage,Usage-Based,58.976775,58.976775,65.52975,58.976775,0.0200000000,0.0180000000,Standard,3276.4875,GB-Months,USD,0.0180000000,58.976775,0.0200000000,USD,3276.4875,GB-Months,Cloud Storage,Storage,Object Storage,SKU-d897913b7483a157db0c5b7e,Storage,SPRICE-c7019451d3d2cfe060e67bf2,"{""StorageClass"":""Standard""}",//storage.googleapis.com/projects/examplecorp-data-739104/buckets/bucket-4fd7f864,bucket-4fd7f864,Storage Bucket,europe-west1,Belgium,,,,,,,,,,,"{""environment"":""prod"",""cost-center"":""cc-1042"",""owner"":""team-payments""}"
Google Cloud,Google,Google Cloud,INV-2026-05-F70819,01A2B3-C4D5E6-F70819,ExampleCorp Billing - Primary,Billing Account,examplecorp-staging-552831,staging-platform,Project,2026-05-01T00:00:00Z,2026-06-01T00:00:00Z,2026-05-01T00:00:00Z,2026-06-01T00:00:00Z,Tax,,Synthetic tax 10% on usage record 186: Cloud Storage,One-Time,1.66734864,1.66734864,1.8526096,1.66734864,,,,,,EUR,,1.5339607488,,USD,,,Cloud Storage,Storage,Object Storage,,,,,,,,,,,,,,,,,,,,"{""environment"":""prod"",""cost-center"":""cc-3110"",""owner"":""team-payments""}"
Google Cloud,Google,Google Cloud,INV-2026-05-F70819,01A2B3-C4D5E6-F70819,ExampleCorp Billing - Primary,Billing Account,examplecorp-sandbox-160942,sandbox-dev,Project,2026-05-01T00:00:00Z,2026-06-01T00:00:00Z,2026-05-02T10:00:00Z,2026-05-02T11:00:00Z,Usage,,Function execution duration,Usage-Based,7.35597375615,7.35597375615,8.1733041735,7.35597375615,0.0000025000,0.0000022500,Standard,3269321.6694,GB-Seconds,USD,0.0000022500,7.35597375615,0.0000025000,USD,3269321.6694,GB-Seconds,Cloud Functions,Compute,Serverless Compute,SKU-aa8988f20b7d9893658f467f,Compute,SPRICE-55a0ffdcaab822a480aad660,"{""x_Runtime"":""python312"",""x_Generation"":""gen2""}",//cloudfunctions.googleapis.com/projects/examplecorp-sandbox-160942/functions/fn-9a3867bf,fn-9a3867bf,Cloud Function,europe-west1,Belgium,,,,,,,,,,,"{""environment"":""dev"",""cost-center"":""cc-1042"",""owner"":""team-payments""}"
Google Cloud,Google,Google Cloud,INV-2026-05-F70819,01A2B3-C4D5E6-F70819,ExampleCorp Billing - Primary,Billing Account,examplecorp-staging-552831,staging-platform,Project,2026-05-01T00:00:00Z,2026-06-01T00:00:00Z,2026-05-08T00:00:00Z,2026-05-09T00:00:00Z,Usage,,Monitoring data ingested,Usage-Based,41.26939362,41.26939362,45.8548818,41.26939362,0.2580000000,0.2322000000,Standard,177.7321,MiB,USD,0.2322000000,41.26939362,0.2580000000,USD,177.7321,MiB,Cloud Monitoring,Management and Governance,Observability,SKU-73cb6d01edef8d38d97bb589,Monitoring,SPRICE-d59530bdf3a44cc1ae1d78ff,"{""x_DataType"":""Metrics""}",//monitoring.googleapis.com/projects/examplecorp-staging-552831/metricsScopes/mon-6888e4b2,mon-6888e4b2,Monitoring Workspace,asia-southeast1,Singapore,,,,,,,,,,,"{""environment"":""prod"",""cost-center"":""cc-2087"",""owner"":""team-data""}"
Google Cloud,Google,Google Cloud,INV-2026-05-A7B8C9,11C2D3-E4F506-A7B8C9,ExampleCorp Billing - Secondary,Billing Account,examplecorp-prod-481627,prod-platform,Project,2026-05-01T00:00:00Z,2026-06-01T00:00:00Z,2026-05-09T00:00:00Z,2026-05-10T00:00:00Z,Usage,,Monitoring data ingested,Usage-Based,38.25371934,38.25371934,42.5041326,38.25371934,0.2580000000,0.2322000000,Standard,164.7447,MiB,USD,0.2322000000,38.25371934,0.2580000000,USD,164.7447,MiB,Cloud Monitoring,Management and Governance,Observability,SKU-f2290c09e5e6212780d60874,Monitoring,SPRICE-d43771be279a84180443f7fd,"{""x_DataType"":""Metrics""}",//monitoring.googleapis.com/projects/examplecorp-prod-481627/metricsScopes/mon-8867a770,mon-8867a770,Monitoring Workspace,us-central1,Iowa,,,,,,,,,,,"{""environment"":""staging"",""cost-center"":""cc-2087"",""owner"":""team-payments""}"
Google Cloud,Google,Google Cloud,INV-2026-05-F70819,01A2B3-C4D5E6-F70819,ExampleCorp Billing - Primary,Billing Account,examplecorp-data-739104,data-analytics,Project,2026-05-01T00:00:00Z,2026-06-01T00:00:00Z,2026-05-10T00:00:00Z,2026-05-11T00:00:00Z,Purchase,,BigQuery subscription fee,Recurring,792.86,792.86,792.86,792.86,792.86,792.86,Standard,1,Units,USD,792.8600000000,792.86,792.8600000000,USD,,,BigQuery,Databases,Data Warehouses,SKU-3a46a8b0d28123f6dcfa2c1c,Subscription,SPRICE-b0bd43738a53bb68703cecf5,"{""x_ChargeType"": ""SubscriptionFee""}",//bigquery.googleapis.com/projects/examplecorp-data-739104/datasets/ds_84e4bb9f,ds_84e4bb9f,BigQuery Dataset,europe-west1,Belgium,,,,,,,,,,,"{""environment"":""dev"",""cost-center"":""cc-3110"",""owner"":""team-platform""}"
Google Cloud,Google,Google Cloud,INV-2026-05-A7B8C9,11C2D3-E4F506-A7B8C9,ExampleCorp Billing - Secondary,Billing Account,examplecorp-prod-481627,prod-platform,Project,2026-05-01T00:00:00Z,2026-06-01T00:00:00Z,2026-05-11T00:00:00Z,2026-05-12T00:00:00Z,Purchase,,Compute Engine subscription fee,Recurring,463.57,463.57,463.57,463.57,463.57,463.57,Standard,1,Units,USD,463.5700000000,463.57,463.5700000000,USD,,,Compute Engine,Compute,Virtual Machines,SKU-6fcbf8b1c159c0b497cfc92a,Subscription,SPRICE-3ca636f06d3f1115d188bf61,"{""x_ChargeType"": ""SubscriptionFee""}",//compute.googleapis.com/projects/examplecorp-prod-481627/instances/instance-18fd5e7c,instance-18fd5e7c,Compute Instance,asia-southeast1,Singapore,,,,,,,,,,,"{""environment"":""prod"",""cost-center"":""cc-3110"",""owner"":""team-platform""}"
Google Cloud,Google,Google Cloud,INV-2026-05-A7B8C9,11C2D3-E4F506-A7B8C9,ExampleCorp Billing - Secondary,Billing Account,examplecorp-data-739104,data-analytics,Project,2026-05-01T00:00:00Z,2026-06-01T00:00:00Z,2026-05-01T00:00:00Z,2026-06-01T00:00:00Z,Usage,,Standard storage,Usage-Based,50.0530896,50.0530896,55.614544,50.0530896,0.0200000000,0.0180000000,Standard,2780.7272,GB-Months,USD,0.0180000000,50.0530896,0.0200000000,USD,2780.7272,GB-Months,Cloud Storage,Storage,Object Storage,SKU-48e52b42c3a2a664e72c7c8d,Storage,SPRICE-acaf4d3f193ddc335413e7e0,"{""StorageClass"":""Standard""}",//storage.googleapis.com/projects/examplecorp-data-739104/buckets/bucket-50ec9054,bucket-50ec9054,Storage Bucket,asia-southeast1,Singapore,,,,,,,,,,,"{""environment"":""staging"",""cost-center"":""cc-3110"",""owner"":""team-platform""}"
Google Cloud,Google,Google Cloud,INV-2026-05-F70819,01A2B3-C4D5E6-F70819,ExampleCorp Billing - Primary,Billing Account,examplecorp-data-739104,data-analytics,Project,2026-05-01T00:00:00Z,2026-06-01T00:00:00Z,2026-05-02T16:00:00Z,2026-05-02T17:00:00Z,Usage,,Cloud SQL custom 4 vCPU,Usage-Based,0.18,0.18,0.2,0.18,0.2000000000,0.1800000000,Standard,1.0000,Hours,USD,0.1800000000,0.18,0.2000000000,USD,1.0000,Hours,Cloud SQL,Databases,Relational Databases,SKU-d90356e2a5d22b807727c289,Database,SPRICE-dedc6d4fdfe1a8a6142b961a,"{""InstanceType"":""db-custom-4-16384"",""CoreCount"":4,""MemorySize"":16,""x_Engine"":""PostgreSQL""}",//sqladmin.googleapis.com/projects/examplecorp-data-739104/instances/sql-a292d8a2,sql-a292d8a2,Cloud SQL Instance,us-central1,Iowa,,,,,,,,,,,"{""environment"":""staging"",""cost-center"":""cc-1042"",""owner"":""team-data""}"
Google Cloud,Google,Google Cloud,INV-2026-05-F70819,01A2B3-C4D5E6-F70819,ExampleCorp Billing - Primary,Billing Account,examplecorp-prod-481627,prod-platform,Project,2026-05-01T00:00:00Z,2026-06-01T00:00:00Z,2026-05-14T00:00:00Z,2026-05-15T00:00:00Z,Purchase,,Cloud Monitoring subscription fee,Recurring,262.09,262.09,262.09,262.09,262.09,262.09,Standard,1,Units,USD,262.0900000000,262.09,262.0900000000,USD,,,Cloud Monitoring,Management and Governance,Observability,SKU-056f0f5e7025cdb66303a220,Subscription,SPRICE-d511d195dd2c3949a324f61c,"{""x_ChargeType"": ""SubscriptionFee""}",//monitoring.googleapis.com/projects/examplecorp-prod-481627/metricsScopes/mon-d3c0c6bb,mon-d3c0c6bb,Monitoring Workspace,us-central1,Iowa,,,,,,,,,,,"{""environment"":""dev"",""cost-center"":""cc-1042"",""owner"":""team-payments""}"
Google Cloud,Google,Google Cloud,INV-2026-05-A7B8C9,11C2D3-E4F506-A7B8C9,ExampleCorp Billing - Secondary,Billing Account,examplecorp-staging-552831,staging-platform,Project,2026-05-01T00:00:00Z,2026-06-01T00:00:00Z,2026-05-02T18:00:00Z,2026-05-02T19:00:00Z,Usage,,Function execution duration,Usage-Based,8.647128014625,8.647128014625,9.60792001625,8.647128014625,0.0000025000,0.0000022500,Standard,3843168.0065,GB-Seconds,USD,0.0000022500,8.647128014625,0.0000025000,USD,3843168.0065,GB-Seconds,Cloud Functions,Compute,Serverless Compute,SKU-aa8988f20b7d9893658f467f,Compute,SPRICE-55a0ffdcaab822a480aad660,"{""x_Runtime"":""python312"",""x_Generation"":""gen2""}",//cloudfunctions.googleapis.com/projects/examplecorp-staging-552831/functions/fn-4d27f16f,fn-4d27f16f,Cloud Function,europe-west1,Belgium,,,,,,,,,,,"{""environment"":""prod"",""cost-center"":""cc-1042"",""owner"":""team-platform""}"
Google Cloud,Google,Google Cloud,INV-2026-05-A7B8C9,11C2D3-E4F506-A7B8C9,ExampleCorp Billing - Secondary,Billing Account,examplecorp-data-739104,data-analytics,Project,2026-05-01T00:00:00Z,2026-06-01T00:00:00Z,2026-05-01T00:00:00Z,2026-06-01T00:00:00Z,Usage,,Standard storage,Usage-Based,4.3421184,4.3421184,4.824576,4.3421184,0.0200000000,0.0180000000,Standard,241.2288,GB-Months,USD,0.0180000000,4.3421184,0.0200000000,USD,241.2288,GB-Months,Cloud Storage,Storage,Object Storage,SKU-d897913b7483a157db0c5b7e,Storage,SPRICE-c7019451d3d2cfe060e67bf2,"{""StorageClass"":""Standard""}",//storage.googleapis.com/projects/examplecorp-data-739104/buckets/bucket-246838ee,bucket-246838ee,Storage Bucket,europe-west1,Belgium,,,,,,,,,,,"{""environment"":""staging"",""cost-center"":""cc-3110"",""owner"":""team-payments""}"
Google Cloud,Google,Google Cloud,INV-2026-05-A7B8C9,11C2D3-E4F506-A7B8C9,ExampleCorp Billing - Secondary,Billing Account,examplecorp-data-739104,data-analytics,Project,2026-05-01T00:00:00Z,2026-06-01T00:00:00Z,2026-05-02T20:00:00Z,2026-05-02T21:00:00Z,Usage,,Cloud SQL custom 4 vCPU,Usage-Based,0.18,0.18,0.2,0.18,0.2000000000,0.1800000000,Standard,1.0000,Hours,USD,0.1800000000,0.18,0.2000000000,USD,1.0000,Hours,Cloud SQL,Databases,Relational Databases,SKU-d90356e2a5d22b807727c289,Database,SPRICE-dedc6d4fdfe1a8a6142b961a,"{""InstanceType"":""db-custom-4-16384"",""CoreCount"":4,""MemorySize"":16,""x_Engine"":""PostgreSQL""}",//sqladmin.googleapis.com/projects/examplecorp-data-739104/instances/sql-b7794936,sql-b7794936,Cloud SQL Instance,us-central1,Iowa,,,,,,,,,,,"{""environment"":""dev"",""cost-center"":""cc-1042"",""owner"":""team-data""}"
Google Cloud,Google,Google Cloud,INV-2026-05-F70819,01A2B3-C4D5E6-F70819,ExampleCorp Billing - Primary,Billing Account,examplecorp-data-739104,data-analytics,Project,2026-05-01T00:00:00Z,2026-06-01T00:00:00Z,2026-05-18T00:00:00Z,2026-05-19T00:00:00Z,Usage,,On-demand query analysis,Usage-Based,3.75975,3.75975,4.1775,3.75975,6.2500000000,5.6250000000,Standard,0.6684,TiB,USD,5.6250000000,3.75975,6.2500000000,USD,0.6684,TiB,BigQuery,Databases,Data Warehouses,SKU-4f1f5c17ab1a3bad4c4e9805,Analysis,SPRICE-a8b87f9859524b369e02283b,"{""x_Edition"":""OnDemand""}",//bigquery.googleapis.com/projects/examplecorp-data-739104/datasets/ds_81848670,ds_81848670,BigQuery Dataset,us-central1,Iowa,,,,,,,,,,,"{""environment"":""prod"",""cost-center"":""cc-2087"",""owner"":""team-data""}"
Google Cloud,Google,Google Cloud,INV-2026-05-F70819,01A2B3-C4D5E6-F70819,ExampleCorp Billing - Primary,Billing Account,examplecorp-sandbox-160942,sandbox-dev,Project,2026-05-01T00:00:00Z,2026-06-01T00:00:00Z,2026-05-02T22:00:00Z,2026-05-02T23:00:00Z,Usage,,GKE node pool hours,Usage-Based,0.1206,0.1206,0.134,0.1206,0.1340000000,0.1206000000,Standard,1.0000,Hours,USD,0.1206000000,0.1206,0.1340000000,USD,1.0000,Hours,Google Kubernetes Engine,Compute,Containers,SKU-9f36ca4ad55c40314722c6e2,Compute,SPRICE-d0b5636dddc3dcd209075213,"{""InstanceType"":""e2-standard-4"",""CoreCount"":4,""MemorySize"":16,""x_NodePool"":""default""}",//container.googleapis.com/projects/examplecorp-sandbox-160942/clusters/gke-84baed9b,gke-84baed9b,GKE Cluster,us-central1,Iowa,,,,,,,,,,,"{""environment"":""prod"",""cost-center"":""cc-3110"",""owner"":""team-data""}"
Google Cloud,Google,Google Cloud,INV-2026-05-A7B8C9,11C2D3-E4F506-A7B8C9,ExampleCorp Billing - Secondary,Billing Account,examplecorp-data-739104,data-analytics,Project,2026-05-01T00:00:00Z,2026-06-01T00:00:00Z,2026-05-02T23:00:00Z,2026-05-03T00:00:00Z,Usage,,Cloud Run vCPU allocation,Usage-Based,35.43396718824,35.43396718824,39.3710746536,35.43396718824,0.0000240000,0.0000216000,Standard,1640461.4439,Core-Seconds,USD,0.0000216000,35.43396718824,0.0000240000,USD,1640461.4439,Core-Seconds,Cloud Run,Compute,Serverless Compute,SKU-0828b68f352ea8761f8e1993,Compute,SPRICE-939cc729025fe8682a0f43e3,"{""x_Generation"":""gen2""}",//run.googleapis.com/projects/examplecorp-data-739104/services/svc-9e42607e,svc-9e42607e,Cloud Run Service,europe-west1,Belgium,,,,,,,,,,,"{""environment"":""staging"",""cost-center"":""cc-2087"",""owner"":""team-payments""}"
Google Cloud,Google,Google Cloud,INV-2026-05-A7B8C9,11C2D3-E4F506-A7B8C9,ExampleCorp Billing - Secondary,Billing Account,examplecorp-prod-481627,prod-platform,Project,2026-05-01T00:00:00Z,2026-06-01T00:00:00Z,2026-05-15T20:00:00Z,2026-05-15T21:00:00Z,Tax,,Synthetic tax 10% on usage record 357: Cloud SQL,One-Time,0.018,0.018,0.02,0.018,,,,,,USD,,0.018,,USD,,,Cloud SQL,Databases,Relational Databases,,,,,,,,,,,,,,,,,,,,"{""environment"":""staging"",""cost-center"":""cc-1042"",""owner"":""team-platform""}"
Google Cloud,Google,Google Cloud,INV-2026-05-F70819,01A2B3-C4D5E6-F70819,ExampleCorp Billing - Primary,Billing Account,examplecorp-sandbox-160942,sandbox-dev,Project,2026-05-01T00:00:00Z,2026-06-01T00:00:00Z,2026-05-22T00:00:00Z,2026-05-23T00:00:00Z,Usage,,On-demand query analysis,Usage-Based,155.264625,155.264625,172.51625,155.264625,6.2500000000,5.6250000000,Standard,27.6026,TiB,USD,5.6250000000,155.264625,6.2500000000,USD,27.6026,TiB,BigQuery,Databases,Data Warehouses,SKU-ef2de98156d58b386f8bea8e,Analysis,SPRICE-257832ee3981a8cf8c2b0ca4,"{""x_Edition"":""OnDemand""}",//bigquery.googleapis.com/projects/examplecorp-sandbox-160942/datasets/ds_8ff6ea19,ds_8ff6ea19,BigQuery Dataset,us-east1,South Carolina,,,,,,,,,,,"{""environment"":""dev"",""cost-center"":""cc-2087"",""owner"":""team-platform""}"
Google Cloud,Google,Google Cloud,INV-2026-05-A7B8C9,11C2D3-E4F506-A7B8C9,ExampleCorp Billing - Secondary,Billing Account,examplecorp-staging-552831,staging-platform,Project,2026-05-01T00:00:00Z,2026-06-01T00:00:00Z,2026-05-03T02:00:00Z,2026-05-03T03:00:00Z,Usage,,Cloud Run vCPU allocation,Usage-Based,107.86917267504,107.86917267504,119.8546363056,107.86917267504,0.0000240000,0.0000216000,Standard,4993943.1794,Core-Seconds,USD,0.0000216000,107.86917267504,0.0000240000,USD,4993943.1794,Core-Seconds,Cloud Run,Compute,Serverless Compute,SKU-fc6a19d63f2363e917267178,Compute,SPRICE-0d6d39e6df512f4876c539aa,"{""x_Generation"":""gen2""}",//run.googleapis.com/projects/examplecorp-staging-552831/services/svc-67040983,svc-67040983,Cloud Run Service,us-east1,South Carolina,,,,,,,,,,,"{""environment"":""dev"",""cost-center"":""cc-1042"",""owner"":""team-data""}"
Google Cloud,Google,Google Cloud,INV-2026-05-F70819,01A2B3-C4D5E6-F70819,ExampleCorp Billing - Primary,Billing Account,examplecorp-prod-481627,prod-platform,Project,2026-05-01T00:00:00Z,2026-06-01T00:00:00Z,2026-05-03T03:00:00Z,2026-05-03T04:00:00Z,Usage,,Cloud SQL custom 4 vCPU,Usage-Based,0.18,0.18,0.2,0.18,0.2000000000,0.1800000000,Standard,1.0000,Hours,USD,0.1800000000,0.18,0.2000000000,USD,1.0000,Hours,Cloud SQL,Databases,Relational Databases,SKU-0878e8a79fb464dcb2955125,Database,SPRICE-252613603489dea350c5ac8d,"{""InstanceType"":""db-custom-4-16384"",""CoreCount"":4,""MemorySize"":16,""x_Engine"":""PostgreSQL""}",//sqladmin.googleapis.com/projects/examplecorp-prod-481627/instances/sql-6c6b9c03,sql-6c6b9c03,Cloud SQL Instance,europe-west1,Belgium,,,,,,,,,,,"{""environment"":""dev"",""cost-center"":""cc-2087"",""owner"":""team-payments""}"
Google Cloud,Google,Google Cloud,INV-2026-05-A7B8C9,11C2D3-E4F506-A7B8C9,ExampleCorp Billing - Secondary,Billing Account,examplecorp-data-739104,data-analytics,Project,2026-05-01T00:00:00Z,2026-06-01T00:00:00Z,2026-05-25T00:00:00Z,2026-05-26T00:00:00Z,Usage,,On-demand query analysis,Usage-Based,166.7885625,166.7885625,185.320625,166.7885625,6.2500000000,5.6250000000,Standard,29.6513,TiB,USD,5.6250000000,166.7885625,6.2500000000,USD,29.6513,TiB,BigQuery,Databases,Data Warehouses,SKU-ef2de98156d58b386f8bea8e,Analysis,SPRICE-257832ee3981a8cf8c2b0ca4,"{""x_Edition"":""OnDemand""}",//bigquery.googleapis.com/projects/examplecorp-data-739104/datasets/ds_1b3627f2,ds_1b3627f2,BigQuery Dataset,us-east1,South Carolina,,,,,,,,,,,"{""environment"":""prod"",""cost-center"":""cc-3110"",""owner"":""team-platform""}"
Google Cloud,Google,Google Cloud,INV-2026-05-A7B8C9,11C2D3-E4F506-A7B8C9,ExampleCorp Billing - Secondary,Billing Account,examplecorp-data-739104,data-analytics,Project,2026-05-01T00:00:00Z,2026-06-01T00:00:00Z,2026-05-03T05:00:00Z,2026-05-03T06:00:00Z,Usage,,e2-standard-4 running,Usage-Based,0.1206,0.1206,0.134,0.1206,0.1340000000,0.1206000000,Standard,1.0000,Hours,EUR,0.1109520000,0.110952,0.1232800000,USD,1.0000,Hours,Compute Engine,Compute,Virtual Machines,SKU-1badc439797b2cd5d91eaa22,Compute,SPRICE-b0cb72f9786f6d0aa8de1bc0,"{""InstanceType"":""e2-standard-4"",""InstanceSeries"":""E2"",""CoreCount"":4,""MemorySize"":16,""OperatingSystem"":""Linux"",""x_Preemptible"":""false""}",//compute.googleapis.com/projects/examplecorp-data-739104/instances/instance-6c1120ee,instance-6c1120ee,Compute Instance,europe-west1,Belgium,europe-west1-c,,,,,,,,,,"{""environment"":""staging"",""cost-center"":""cc-1042"",""owner"":""team-data""}"
Google Cloud,Google,Google Cloud,INV-2026-05-F70819,01A2B3-C4D5E6-F70819,ExampleCorp Billing - Primary,Billing Account,examplecorp-staging-552831,staging-platform,Project,2026-05-01T00:00:00Z,2026-06-01T00:00:00Z,2026-05-27T00:00:00Z,2026-05-28T00:00:00Z,Usage,,On-demand query analysis,Usage-Based,275.810625,275.810625,306.45625,275.810625,6.2500000000,5.6250000000,Standard,49.0330,TiB,USD,5.6250000000,275.810625,6.2500000000,USD,49.0330,TiB,BigQuery,Databases,Data Warehouses,SKU-ef2de98156d58b386f8bea8e,Analysis,SPRICE-257832ee3981a8cf8c2b0ca4,"{""x_Edition"":""OnDemand""}",//bigquery.googleapis.com/projects/examplecorp-staging-552831/datasets/ds_b6721837,ds_b6721837,BigQuery Dataset,us-east1,South Carolina,,,,,,,,,,,"{""environment"":""staging"",""cost-center"":""cc-2087"",""owner"":""team-payments""}"
Google Cloud,Google,Google Cloud,INV-2026-05-A7B8C9,11C2D3-E4F506-A7B8C9,ExampleCorp Billing - Secondary,Billing Account,examplecorp-prod-481627,prod-platform,Project,2026-05-01T00:00:00Z,2026-06-01T00:00:00Z,2026-05-12T00:00:00Z,2026-05-13T00:00:00Z,Tax,,Synthetic tax 10% on usage record 12: BigQuery,One-Time,13.2156,13.2156,14.684,13.2156,,,,,,USD,,13.2156,,USD,,,BigQuery,Databases,Data Warehouses,,,,,,,,,,,,,,,,,,,,"{""environment"":""prod"",""cost-center"":""cc-2087"",""owner"":""team-data""}"
Google Cloud,Google,Google Cloud,INV-2026-05-F70819,01A2B3-C4D5E6-F70819,ExampleCorp Billing - Primary,Billing Account,examplecorp-sandbox-160942,sandbox-dev,Project,2026-05-01T00:00:00Z,2026-06-01T00:00:00Z,2026-05-11T15:00:00Z,2026-05-11T16:00:00Z,Tax,,Synthetic tax 10% on usage record 256: Compute Engine,One-Time,0.01206,0.01206,0.0134,0.01206,,,,,,USD,,0.01206,,USD,,,Compute Engine,Compute,Virtual Machines,,,,,,,,,,,,,,,,,,,,"{""environment"":""prod"",""cost-center"":""cc-3110"",""owner"":""team-data""}"
Google Cloud,Google,Google Cloud,INV-2026-05-A7B8C9,11C2D3-E4F506-A7B8C9,ExampleCorp Billing - Secondary,Billing Account,examplecorp-staging-552831,staging-platform,Project,2026-05-01T00:00:00Z,2026-06-01T00:00:00Z,2026-05-03T09:00:00Z,2026-05-03T10:00:00Z,Usage,,e2-standard-4 running,Usage-Based,0.1206,0.1206,0.134,0.1206,0.1340000000,0.1206000000,Standard,1.0000,Hours,USD,0.1206000000,0.1206,0.1340000000,USD,1.0000,Hours,Compute Engine,Compute,Virtual Machines,SKU-c7f294f3dc4904208c787632,Compute,SPRICE-c8c1784c237a87edf1c3647d,"{""InstanceType"":""e2-standard-4"",""InstanceSeries"":""E2"",""CoreCount"":4,""MemorySize"":16,""OperatingSystem"":""Linux"",""x_Preemptible"":""false""}",//compute.googleapis.com/projects/examplecorp-staging-552831/instances/instance-e2152954,instance-e2152954,Compute Instance,us-east1,South Carolina,us-east1-b,,,,,,,,,,"{""environment"":""dev"",""cost-center"":""cc-3110"",""owner"":""team-platform""}"
Google Cloud,Google,Google Cloud,INV-2026-05-F70819,01A2B3-C4D5E6-F70819,ExampleCorp Billing - Primary,Billing Account,examplecorp-sandbox-160942,sandbox-dev,Project,2026-05-01T00:00:00Z,2026-06-01T00:00:00Z,2026-05-17T12:00:00Z,2026-05-17T13:00:00Z,Tax,,Synthetic tax 10% on usage record 397: Cloud Functions,One-Time,0.426253364955,0.426253364955,0.47361484995,0.426253364955,,,,,,USD,,0.426253364955,,USD,,,Cloud Functions,Compute,Serverless Compute,,,,,,,,,,,,,,,,,,,,"{""environment"":""staging"",""cost-center"":""cc-2087"",""owner"":""team-platform""}"
Google Cloud,Google,Google Cloud,INV-2026-05-A7B8C9,11C2D3-E4F506-A7B8C9,ExampleCorp Billing - Secondary,Billing Account,examplecorp-sandbox-160942,sandbox-dev,Project,2026-05-01T00:00:00Z,2026-06-01T00:00:00Z,2026-05-03T11:00:00Z,2026-05-03T12:00:00Z,Usage,,GKE node pool hours,Usage-Based,0.1206,0.1206,0.134,0.1206,0.1340000000,0.1206000000,Standard,1.0000,Hours,USD,0.1206000000,0.1206,0.1340000000,USD,1.0000,Hours,Google Kubernetes Engine,Compute,Containers,SKU-86068fdbce854432224e9db3,Compute,SPRICE-42acd32065a96a502913e8e4,"{""InstanceType"":""e2-standard-4"",""CoreCount"":4,""MemorySize"":16,""x_NodePool"":""default""}",//container.googleapis.com/projects/examplecorp-sandbox-160942/clusters/gke-a870a6ae,gke-a870a6ae,GKE Cluster,asia-southeast1,Singapore,,,,,,,,,,,"{""environment"":""dev"",""cost-center"":""cc-2087"",""owner"":""team-platform""}"
Google Cloud,Google,Google Cloud,INV-2026-05-F70819,01A2B3-C4D5E6-F70819,ExampleCorp Billing - Primary,Billing Account,examplecorp-staging-552831,staging-platform,Project,2026-05-01T00:00:00Z,2026-06-01T00:00:00Z,2026-05-05T00:00:00Z,2026-05-06T00:00:00Z,Purchase,,Compute Engine subscription fee,Recurring,463.57,463.57,463.57,463.57,463.57,463.57,Standard,1,Units,USD,463.5700000000,463.57,463.5700000000,USD,,,Compute Engine,Compute,Virtual Machines,SKU-6fcbf8b1c159c0b497cfc92a,Subscription,SPRICE-3ca636f06d3f1115d188bf61,"{""x_ChargeType"": ""SubscriptionFee""}",//compute.googleapis.com/projects/examplecorp-staging-552831/instances/instance-fc80ee09,instance-fc80ee09,Compute Instance,asia-southeast1,Singapore,,,,,,,,,,,"{""environment"":""prod"",""cost-center"":""cc-1042"",""owner"":""team-platform""}"
Google Cloud,Google,Google Cloud,INV-2026-05-F70819,01A2B3-C4D5E6-F70819,ExampleCorp Billing - Primary,Billing Account,examplecorp-sandbox-160942,sandbox-dev,Project,2026-05-01T00:00:00Z,2026-06-01T00:00:00Z,2026-05-03T13:00:00Z,2026-05-03T14:00:00Z,Usage,,Function execution duration,Usage-Based,15.6477575862,15.6477575862,17.386397318,15.6477575862,0.0000025000,0.0000022500,Standard,6954558.9272,GB-Seconds,EUR,0.0000020700,14.395936979304,0.0000023000,USD,6954558.9272,GB-Seconds,Cloud Functions,Compute,Serverless Compute,SKU-695ae4ac3664791d99311a2f,Compute,SPRICE-6a1274cf3c2ef70d4dd44ba0,"{""x_Runtime"":""python312"",""x_Generation"":""gen2""}",//cloudfunctions.googleapis.com/projects/examplecorp-sandbox-160942/functions/fn-473acf14,fn-473acf14,Cloud Function,us-central1,Iowa,,,,,,,,,,,"{""environment"":""prod"",""cost-center"":""cc-1042"",""owner"":""team-payments""}"
Google Cloud,Google,Google Cloud,INV-2026-05-A7B8C9,11C2D3-E4F506-A7B8C9,ExampleCorp Billing - Secondary,Billing Account,examplecorp-prod-481627,prod-platform,Project,2026-05-01T00:00:00Z,2026-06-01T00:00:00Z,2026-05-03T14:00:00Z,2026-05-03T15:00:00Z,Usage,,Function execution duration,Usage-Based,7.764430755375,7.764430755375,8.62714528375,7.764430755375,0.0000025000,0.0000022500,Standard,3450858.1135,GB-Seconds,USD,0.0000022500,7.764430755375,0.0000025000,USD,3450858.1135,GB-Seconds,Cloud Functions,Compute,Serverless Compute,SKU-8a24a01b926d78ddce5a4f53,Compute,SPRICE-7ca6b452df77a0dcdde4d036,"{""x_Runtime"":""python312"",""x_Generation"":""gen2""}",//cloudfunctions.googleapis.com/projects/examplecorp-prod-481627/functions/fn-4cea91c3,fn-4cea91c3,Cloud Function,us-east1,South Carolina,,,,,,,,,,,"{""environment"":""prod"",""cost-center"":""cc-2087"",""owner"":""team-data""}"
Google Cloud,Google,Google Cloud,INV-2026-05-A7B8C9,11C2D3-E4F506-A7B8C9,ExampleCorp Billing - Secondary,Billing Account,examplecorp-prod-481627,prod-platform,Project,2026-05-01T00:00:00Z,2026-06-01T00:00:00Z,2026-05-01T00:00:00Z,2026-06-01T00:00:00Z,Usage,,Standard storage,Usage-Based,119.9949696,119.9949696,133.327744,119.9949696,0.0200000000,0.0180000000,Standard,6666.3872,GB-Months,USD,0.0180000000,119.9949696,0.0200000000,USD,6666.3872,GB-Months,Cloud Storage,Storage,Object Storage,SKU-48e52b42c3a2a664e72c7c8d,Storage,SPRICE-acaf4d3f193ddc335413e7e0,"{""StorageClass"":""Standard""}",//storage.googleapis.com/projects/examplecorp-prod-481627/buckets/bucket-39805672,bucket-39805672,Storage Bucket,asia-southeast1,Singapore,,,,,,,,,,,"{""environment"":""staging"",""cost-center"":""cc-3110"",""owner"":""team-data""}"
Google Cloud,Google,Google Cloud,INV-2026-05-A7B8C9,11C2D3-E4F506-A7B8C9,ExampleCorp Billing - Secondary,Billing Account,examplecorp-sandbox-160942,sandbox-dev,Project,2026-05-01T00:00:00Z,2026-06-01T00:00:00Z,2026-05-09T00:00:00Z,2026-05-10T00:00:00Z,Purchase,,Cloud Storage subscription fee,Recurring,335.87,335.87,335.87,335.87,335.87,335.87,Standard,1,Units,USD,335.8700000000,335.87,335.8700000000,USD,,,Cloud Storage,Storage,Object Storage,SKU-be58bc3916a59203e355f832,Subscription,SPRICE-070d41a91b4b9fbb98cbf617,"{""x_ChargeType"": ""SubscriptionFee""}",//storage.googleapis.com/projects/examplecorp-sandbox-160942/buckets/bucket-d4e51878,bucket-d4e51878,Storage Bucket,us-east1,South Carolina,,,,,,,,,,,"{""environment"":""dev"",""cost-center"":""cc-2087"",""owner"":""team-platform""}"
Google Cloud,Google,Google Cloud,INV-2026-05-A7B8C9,11C2D3-E4F506-A7B8C9,ExampleCorp Billing - Secondary,Billing Account,examplecorp-data-739104,data-analytics,Project,2026-05-01T00:00:00Z,2026-06-01T00:00:00Z,2026-05-02T23:00:00Z,2026-05-03T00:00:00Z,Tax,,Synthetic tax 10% on usage record 720: Cloud Run,One-Time,3.543396718824,3.543396718824,3.93710746536,3.543396718824,,,,,,USD,,3.543396718824,,USD,,,Cloud Run,Compute,Serverless Compute,,,,,,,,,,,,,,,,,,,,"{""environment"":""staging"",""cost-center"":""cc-2087"",""owner"":""team-payments""}"
Google Cloud,Google,Google Cloud,INV-2026-05-A7B8C9,11C2D3-E4F506-A7B8C9,ExampleCorp Billing - Secondary,Billing Account,examplecorp-data-739104,data-analytics,Project,2026-05-01T00:00:00Z,2026-06-01T00:00:00Z,2026-05-01T00:00:00Z,2026-06-01T00:00:00Z,Usage,,Standard storage,Usage-Based,17.975817,17.975817,19.97313,17.975817,0.0200000000,0.0180000000,Standard,998.6565,GB-Months,USD,0.0180000000,17.975817,0.0200000000,USD,998.6565,GB-Months,Cloud Storage,Storage,Object Storage,SKU-d897913b7483a157db0c5b7e,Storage,SPRICE-c7019451d3d2cfe060e67bf2,"{""StorageClass"":""Standard""}",//storage.googleapis.com/projects/examplecorp-data-739104/buckets/bucket-3f2f060a,bucket-3f2f060a,Storage Bucket,europe-west1,Belgium,,,,,,,,,,,"{""environment"":""dev"",""cost-center"":""cc-3110"",""owner"":""team-platform""}"
Google Cloud,Google,Google Cloud,INV-2026-05-F70819,01A2B3-C4D5E6-F70819,ExampleCorp Billing - Primary,Billing Account,examplecorp-data-739104,data-analytics,Project,2026-05-01T00:00:00Z,2026-06-01T00:00:00Z,2026-05-03T19:00:00Z,2026-05-03T20:00:00Z,Usage,,GKE node pool hours,Usage-Based,0.1206,0.1206,0.134,0.1206,0.1340000000,0.1206000000,Standard,1.0000,Hours,USD,0.1206000000,0.1206,0.1340000000,USD,1.0000,Hours,Google Kubernetes Engine,Compute,Containers,SKU-744da1150ba9d05a7d420696,Compute,SPRICE-b339cc568228180dd7e687e6,"{""InstanceType"":""e2-standard-4"",""CoreCount"":4,""MemorySize"":16,""x_NodePool"":""default""}",//container.googleapis.com/projects/examplecorp-data-739104/clusters/gke-16a885ee,gke-16a885ee,GKE Cluster,us-east1,South Carolina,,,,,,,,,,,"{""environment"":""dev"",""cost-center"":""cc-1042"",""owner"":""team-data""}"
Google Cloud,Google,Google Cloud,INV-2026-05-A7B8C9,11C2D3-E4F506-A7B8C9,ExampleCorp Billing - Secondary,Billing Account,examplecorp-prod-481627,prod-platform,Project,2026-05-01T00:00:00Z,2026-06-01T00:00:00Z,2026-05-03T20:00:00Z,2026-05-03T21:00:00Z,Usage,,Function execution duration,Usage-Based,3.48967817775,3.48967817775,3.8774201975,3.48967817775,0.0000025000,0.0000022500,Standard,1550968.0790,GB-Seconds,USD,0.0000022500,3.48967817775,0.0000025000,USD,1550968.0790,GB-Seconds,Cloud Functions,Compute,Serverless Compute,SKU-8a24a01b926d78ddce5a4f53,Compute,SPRICE-7ca6b452df77a0dcdde4d036,"{""x_Runtime"":""python312"",""x_Generation"":""gen2""}",//cloudfunctions.googleapis.com/projects/examplecorp-prod-481627/functions/fn-779b9c84,fn-779b9c84,Cloud Function,us-east1,South Carolina,,,,,,,,,,,"{""environment"":""prod"",""cost-center"":""cc-2087"",""owner"":""team-payments""}"
Google Cloud,Google,Google Cloud,INV-2026-05-A7B8C9,11C2D3-E4F506-A7B8C9,ExampleCorp Billing - Secondary,Billing Account,examplecorp-sandbox-160942,sandbox-dev,Project,2026-05-01T00:00:00Z,2026-06-01T00:00:00Z,2026-05-03T21:00:00Z,2026-05-03T22:00:00Z,Usage,,e2-standard-4 running,Usage-Based,0.1206,0.1206,0.134,0.1206,0.1340000000,0.1206000000,Standard,1.0000,Hours,EUR,0.1109520000,0.110952,0.1232800000,USD,1.0000,Hours,Compute Engine,Compute,Virtual Machines,SKU-c7f294f3dc4904208c787632,Compute,SPRICE-b3eafd94704d3812a74bbdc8,"{""InstanceType"":""e2-standard-4"",""InstanceSeries"":""E2"",""CoreCount"":4,""MemorySize"":16,""OperatingSystem"":""Linux"",""x_Preemptible"":""false""}",//compute.googleapis.com/projects/examplecorp-sandbox-160942/instances/instance-d1990568,instance-d1990568,Compute Instance,us-east1,South Carolina,us-east1-b,,,,,,,,,,"{""environment"":""prod"",""cost-center"":""cc-1042"",""owner"":""team-payments""}"
Google Cloud,Google,Google Cloud,INV-2026-05-F70819,01A2B3-C4D5E6-F70819,ExampleCorp Billing - Primary,Billing Account,examplecorp-staging-552831,staging-platform,Project,2026-05-01T00:00:00Z,2026-06-01T00:00:00Z,2026-05-03T22:00:00Z,2026-05-03T23:00:00Z,Usage,,Function execution duration,Usage-Based,15.20500181715,15.20500181715,16.8944464635,15.20500181715,0.0000025000,0.0000022500,Standard,6757778.5854,GB-Seconds,USD,0.0000022500,15.20500181715,0.0000025000,USD,6757778.5854,GB-Seconds,Cloud Functions,Compute,Serverless Compute,SKU-695ae4ac3664791d99311a2f,Compute,SPRICE-1660dde73d1cd143caedc47c,"{""x_Runtime"":""python312"",""x_Generation"":""gen2""}",//cloudfunctions.googleapis.com/projects/examplecorp-staging-552831/functions/fn-eb806afb,fn-eb806afb,Cloud Function,us-central1,Iowa,,,,,,,,,,,"{""environment"":""staging"",""cost-center"":""cc-1042"",""owner"":""team-data""}"
Google Cloud,Google,Google Cloud,INV-2026-05-A7B8C9,11C2D3-E4F506-A7B8C9,ExampleCorp Billing - Secondary,Billing Account,examplecorp-staging-552831,staging-platform,Project,2026-05-01T00:00:00Z,2026-06-01T00:00:00Z,2026-05-16T00:00:00Z,2026-05-17T00:00:00Z,Usage,,Monitoring data ingested,Usage-Based,69.23616534,69.23616534,76.9290726,69.23616534,0.2580000000,0.2322000000,Standard,298.1747,MiB,USD,0.2322000000,69.23616534,0.2580000000,USD,298.1747,MiB,Cloud Monitoring,Management and Governance,Observability,SKU-73cb6d01edef8d38d97bb589,Monitoring,SPRICE-d59530bdf3a44cc1ae1d78ff,"{""x_DataType"":""Metrics""}",//monitoring.googleapis.com/projects/examplecorp-staging-552831/metricsScopes/mon-8f20c8c5,mon-8f20c8c5,Monitoring Workspace,asia-southeast1,Singapore,,,,,,,,,,,"{""environment"":""prod"",""cost-center"":""cc-1042"",""owner"":""team-data""}"
Google Cloud,Google,Google Cloud,INV-2026-05-A7B8C9,11C2D3-E4F506-A7B8C9,ExampleCorp Billing - Secondary,Billing Account,examplecorp-data-739104,data-analytics,Project,2026-05-01T00:00:00Z,2026-06-01T00:00:00Z,2026-05-04T00:00:00Z,2026-05-04T01:00:00Z,Usage,,Cloud Run vCPU allocation,Usage-Based,20.35524830688,20.35524830688,22.6169425632,20.35524830688,0.0000240000,0.0000216000,Standard,942372.6068,Core-Seconds,EUR,0.0000198720,18.7268284423296,0.0000220800,USD,942372.6068,Core-Seconds,Cloud Run,Compute,Serverless Compute,SKU-3b45c232fa69d636eca8dc39,Compute,SPRICE-b7e18340ad1f399738d1a9f2,"{""x_Generation"":""gen2""}",//run.googleapis.com/projects/examplecorp-data-739104/services/svc-3bf8a497,svc-3bf8a497,Cloud Run Service,asia-southeast1,Singapore,,,,,,,,,,,"{""environment"":""prod"",""cost-center"":""cc-2087"",""owner"":""team-data""}"
Google Cloud,Google,Google Cloud,INV-2026-05-F70819,01A2B3-C4D5E6-F70819,ExampleCorp Billing - Primary,Billing Account,examplecorp-sandbox-160942,sandbox-dev,Project,2026-05-01T00:00:00Z,2026-06-01T00:00:00Z,2026-05-02T23:00:00Z,2026-05-03T00:00:00Z,Tax,,Synthetic tax 10% on usage record 48: Google Kubernetes Engine,One-Time,0.01206,0.01206,0.0134,0.01206,,,,,,USD,,0.01206,,USD,,,Google Kubernetes Engine,Compute,Containers,,,,,,,,,,,,,,,,,,,,"{""environment"":""dev"",""cost-center"":""cc-2087"",""owner"":""team-data""}"
Google Cloud,Google,Google Cloud,INV-2026-05-A7B8C9,11C2D3-E4F506-A7B8C9,ExampleCorp Billing - Secondary,Billing Account,examplecorp-prod-481627,prod-platform,Project,2026-05-01T00:00:00Z,2026-06-01T00:00:00Z,2026-05-19T00:00:00Z,2026-05-20T00:00:00Z,Purchase,,Compute Engine subscription fee,Recurring,463.57,463.57,463.57,463.57,463.57,463.57,Standard,1,Units,USD,463.5700000000,463.57,463.5700000000,USD,,,Compute Engine,Compute,Virtual Machines,SKU-6fcbf8b1c159c0b497cfc92a,Subscription,SPRICE-3ca636f06d3f1115d188bf61,"{""x_ChargeType"": ""SubscriptionFee""}",//compute.googleapis.com/projects/examplecorp-prod-481627/instances/instance-2bc75e5f,instance-2bc75e5f,Compute Instance,asia-southeast1,Singapore,,,,,,,,,,,"{""environment"":""prod"",""cost-center"":""cc-2087"",""owner"":""team-data""}"
Google Cloud,Google,Google Cloud,INV-2026-05-F70819,01A2B3-C4D5E6-F70819,ExampleCorp Billing - Primary,Billing Account,examplecorp-sandbox-160942,sandbox-dev,Project,2026-05-01T00:00:00Z,2026-06-01T00:00:00Z,2026-05-01T00:00:00Z,2026-06-01T00:00:00Z,Usage,,Standard storage,Usage-Based,114.9324894,114.9324894,127.702766,114.9324894,0.0200000000,0.0180000000,Standard,6385.1383,GB-Months,USD,0.0180000000,114.9324894,0.0200000000,USD,6385.1383,GB-Months,Cloud Storage,Storage,Object Storage,SKU-8b457763f3438a2efc35839d,Storage,SPRICE-e9607b4aba6714ae0874493f,"{""StorageClass"":""Standard""}",//storage.googleapis.com/projects/examplecorp-sandbox-160942/buckets/bucket-4542f2ec,bucket-4542f2ec,Storage Bucket,us-east1,South Carolina,,,,,,,,,,,"{""environment"":""prod"",""cost-center"":""cc-1042"",""owner"":""team-payments""}"
Google Cloud,Google,Google Cloud,INV-2026-05-A7B8C9,11C2D3-E4F506-A7B8C9,ExampleCorp Billing - Secondary,Billing Account,examplecorp-prod-481627,prod-platform,Project,2026-05-01T00:00:00Z,2026-06-01T00:00:00Z,2026-05-01T00:00:00Z,2026-06-01T00:00:00Z,Usage,,Standard storage,Usage-Based,128.8392354,128.8392354,143.154706,128.8392354,0.0200000000,0.0180000000,Standard,7157.7353,GB-Months,USD,0.0180000000,128.8392354,0.0200000000,USD,7157.7353,GB-Months,Cloud Storage,Storage,Object Storage,SKU-d897913b7483a157db0c5b7e,Storage,SPRICE-c7019451d3d2cfe060e67bf2,"{""StorageClass"":""Standard""}",//storage.googleapis.com/projects/examplecorp-prod-481627/buckets/bucket-1616d47b,bucket-1616d47b,Storage Bucket,europe-west1,Belgium,,,,,,,,,,,"{""environment"":""staging"",""cost-center"":""cc-1042"",""owner"":""team-platform""}"
Google Cloud,Google,Google Cloud,INV-2026-05-F70819,01A2B3-C4D5E6-F70819,ExampleCorp Billing - Primary,Billing Account,examplecorp-prod-481627,prod-platform,Project,2026-05-01T00:00:00Z,2026-06-01T00:00:00Z,2026-05-04T05:00:00Z,2026-05-04T06:00:00Z,Usage,,Function execution duration,Usage-Based,13.665630692475,13.665630692475,15.18403410275,13.665630692475,0.0000025000,0.0000022500,Standard,6073613.6411,GB-Seconds,USD,0.0000022500,13.665630692475,0.0000025000,USD,6073613.6411,GB-Seconds,Cloud Functions,Compute,Serverless Compute,SKU-eb71d7502d67eb15645ae724,Compute,SPRICE-29314eddd725ec87d1767584,"{""x_Runtime"":""python312"",""x_Generation"":""gen2""}",//cloudfunctions.googleapis.com/projects/examplecorp-prod-481627/functions/fn-a04f4602,fn-a04f4602,Cloud Function,asia-southeast1,Singapore,,,,,,,,,,,"{""environment"":""prod"",""cost-center"":""cc-1042"",""owner"":""team-payments""}"
Google Cloud,Google,Google Cloud,INV-2026-05-F70819,01A2B3-C4D5E6-F70819,ExampleCorp Billing - Primary,Billing Account,examplecorp-prod-481627,prod-platform,Project,2026-05-01T00:00:00Z,2026-06-01T00:00:00Z,2026-05-01T00:00:00Z,2026-06-01T00:00:00Z,Usage,,Standard storage,Usage-Based,143.5488588,143.5488588,159.498732,143.5488588,0.0200000000,0.0180000000,Standard,7974.9366,GB-Months,USD,0.0180000000,143.5488588,0.0200000000,USD,7974.9366,GB-Months,Cloud Storage,Storage,Object Storage,SKU-560ffe175cb39f91c531454c,Storage,SPRICE-3d050702dcbac978cb3acee9,"{""StorageClass"":""Standard""}",//storage.googleapis.com/projects/examplecorp-prod-481627/buckets/bucket-95b76845,bucket-95b76845,Storage Bucket,us-central1,Iowa,,,,,,,,,,,"{""environment"":""staging"",""cost-center"":""cc-2087"",""owner"":""team-payments""}"
Google Cloud,Google,Google Cloud,INV-2026-05-A7B8C9,11C2D3-E4F506-A7B8C9,ExampleCorp Billing - Secondary,Billing Account,examplecorp-staging-552831,staging-platform,Project,2026-05-01T00:00:00Z,2026-06-01T00:00:00Z,2026-05-04T07:00:00Z,2026-05-04T08:00:00Z,Usage,,e2-standard-4 running,Usage-Based,0.1206,0.1206,0.134,0.1206,0.1340000000,0.1206000000,Standard,1.0000,Hours,EUR,0.1109520000,0.110952,0.1232800000,USD,1.0000,Hours,Compute Engine,Compute,Virtual Machines,SKU-1badc439797b2cd5d91eaa22,Compute,SPRICE-b0cb72f9786f6d0aa8de1bc0,"{""InstanceType"":""e2-standard-4"",""InstanceSeries"":""E2"",""CoreCount"":4,""MemorySize"":16,""OperatingSystem"":""Linux"",""x_Preemptible"":""false""}",//compute.googleapis.com/projects/examplecorp-staging-552831/instances/instance-a4a26a8c,instance-a4a26a8c,Compute Instance,europe-west1,Belgium,europe-west1-b,,,,,,,,,,"{""environment"":""dev"",""cost-center"":""cc-2087"",""owner"":""team-payments""}"
Google Cloud,Google,Google Cloud,INV-2026-05-A7B8C9,11C2D3-E4F506-A7B8C9,ExampleCorp Billing - Secondary,Billing Account,examplecorp-data-739104,data-analytics,Project,2026-05-01T00:00:00Z,2026-06-01T00:00:00Z,2026-05-04T08:00:00Z,2026-05-04T09:00:00Z,Usage,,e2-standard-4 running,Usage-Based,0.1206,0.1206,0.134,0.1206,0.1340000000,0.1206000000,Standard,1.0000,Hours,USD,0.1206000000,0.1206,0.1340000000,USD,1.0000,Hours,Compute Engine,Compute,Virtual Machines,SKU-161f822522a7bfba73514603,Compute,SPRICE-595a86198276ef2dbadddea2,"{""InstanceType"":""e2-standard-4"",""InstanceSeries"":""E2"",""CoreCount"":4,""MemorySize"":16,""OperatingSystem"":""Linux"",""x_Preemptible"":""false""}",//compute.googleapis.com/projects/examplecorp-data-739104/instances/instance-a91c29c5,instance-a91c29c5,Compute Instance,us-central1,Iowa,us-central1-a,,,,,,,,,,"{""environment"":""staging"",""cost-center"":""cc-2087"",""owner"":""team-data""}"
Google Cloud,Google,Google Cloud,INV-2026-05-A7B8C9,11C2D3-E4F506-A7B8C9,ExampleCorp Billing - Secondary,Billing Account,examplecorp-prod-481627,prod-platform,Project,2026-05-01T00:00:00Z,2026-06-01T00:00:00Z,2026-05-01T00:00:00Z,2026-06-01T00:00:00Z,Tax,,Synthetic tax 10% on usage record 749: Cloud Storage,One-Time,12.88392354,12.88392354,14.3154706,12.88392354,,,,,,USD,,12.88392354,,USD,,,Cloud Storage,Storage,Object Storage,,,,,,,,,,,,,,,,,,,,"{""environment"":""staging"",""cost-center"":""cc-1042"",""owner"":""team-platform""}"
Google Cloud,Google,Google Cloud,INV-2026-05-F70819,01A2B3-C4D5E6-F70819,ExampleCorp Billing - Primary,Billing Account,examplecorp-prod-481627,prod-platform,Project,2026-05-01T00:00:00Z,2026-06-01T00:00:00Z,2026-05-04T10:00:00Z,2026-05-04T11:00:00Z,Usage,,e2-standard-4 running,Usage-Based,0.1206,0.1206,0.134,0.1206,0.1340000000,0.1206000000,Standard,1.0000,Hours,USD,0.1206000000,0.1206,0.1340000000,USD,1.0000,Hours,Compute Engine,Compute,Virtual Machines,SKU-1f3d031b6a456d700dc64bbb,Compute,SPRICE-d8c574633874898080639a0f,"{""InstanceType"":""e2-standard-4"",""InstanceSeries"":""E2"",""CoreCount"":4,""MemorySize"":16,""OperatingSystem"":""Linux"",""x_Preemptible"":""false""}",//compute.googleapis.com/projects/examplecorp-prod-481627/instances/instance-78b8c437,instance-78b8c437,Compute Instance,asia-southeast1,Singapore,asia-southeast1-a,,,,,,,,,,"{""environment"":""dev"",""cost-center"":""cc-2087"",""owner"":""team-data""}"
Google Cloud,Google,Google Cloud,INV-2026-05-F70819,01A2B3-C4D5E6-F70819,ExampleCorp Billing - Primary,Billing Account,examplecorp-prod-481627,prod-platform,Project,2026-05-01T00:00:00Z,2026-06-01T00:00:00Z,2026-05-04T11:00:00Z,2026-05-04T12:00:00Z,Usage,,e2-standard-4 running,Usage-Based,0.1206,0.1206,0.134,0.1206,0.1340000000,0.1206000000,Standard,1.0000,Hours,EUR,0.1109520000,0.110952,0.1232800000,USD,1.0000,Hours,Compute Engine,Compute,Virtual Machines,SKU-161f822522a7bfba73514603,Compute,SPRICE-e2a223adc800d80a59e96562,"{""InstanceType"":""e2-standard-4"",""InstanceSeries"":""E2"",""CoreCount"":4,""MemorySize"":16,""OperatingSystem"":""Linux"",""x_Preemptible"":""false""}",//compute.googleapis.com/projects/examplecorp-prod-481627/instances/instance-ab2ab157,instance-ab2ab157,Compute Instance,us-central1,Iowa,us-central1-a,,,,,,,,,,"{""environment"":""prod"",""cost-center"":""cc-1042"",""owner"":""team-payments""}"
Google Cloud,Google,Google Cloud,INV-2026-05-F70819,01A2B3-C4D5E6-F70819,ExampleCorp Billing - Primary,Billing Account,examplecorp-sandbox-160942,sandbox-dev,Project,2026-05-01T00:00:00Z,2026-06-01T00:00:00Z,2026-05-01T00:00:00Z,2026-05-02T00:00:00Z,Usage,,On-demand query analysis,Usage-Based,204.5885625,204.5885625,227.320625,204.5885625,6.2500000000,5.6250000000,Standard,36.3713,TiB,USD,5.6250000000,204.5885625,6.2500000000,USD,36.3713,TiB,BigQuery,Databases,Data Warehouses,SKU-1607322bfb22b50842e3cc7b,Analysis,SPRICE-4b8dca1b547fed9a03f372f3,"{""x_Edition"":""OnDemand""}",//bigquery.googleapis.com/projects/examplecorp-sandbox-160942/datasets/ds_d35667bf,ds_d35667bf,BigQuery Dataset,asia-southeast1,Singapore,,,,,,,,,,,"{""environment"":""prod"",""cost-center"":""cc-1042"",""owner"":""team-platform""}"
Google Cloud,Google,Google Cloud,INV-2026-05-A7B8C9,11C2D3-E4F506-A7B8C9,ExampleCorp Billing - Secondary,Billing Account,examplecorp-sandbox-160942,sandbox-dev,Project,2026-05-01T00:00:00Z,2026-06-01T00:00:00Z,2026-05-04T13:00:00Z,2026-05-04T14:00:00Z,Usage,,Function execution duration,Usage-Based,12.547543232925,12.547543232925,13.94171470325,12.547543232925,0.0000025000,0.0000022500,Standard,5576685.8813,GB-Seconds,USD,0.0000022500,12.547543232925,0.0000025000,USD,5576685.8813,GB-Seconds,Cloud Functions,Compute,Serverless Compute,SKU-aa8988f20b7d9893658f467f,Compute,SPRICE-55a0ffdcaab822a480aad660,"{""x_Runtime"":""python312"",""x_Generation"":""gen2""}",//cloudfunctions.googleapis.com/projects/examplecorp-sandbox-160942/functions/fn-0d429950,fn-0d429950,Cloud Function,europe-west1,Belgium,,,,,,,,,,,"{""environment"":""prod"",""cost-center"":""cc-1042"",""owner"":""team-data""}"
Google Cloud,Google,Google Cloud,INV-2026-05-F70819,01A2B3-C4D5E6-F70819,ExampleCorp Billing - Primary,Billing Account,examplecorp-prod-481627,prod-platform,Project,2026-05-01T00:00:00Z,2026-06-01T00:00:00Z,2026-05-04T14:00:00Z,2026-05-04T15:00:00Z,Usage,,Cloud SQL custom 4 vCPU,Usage-Based,0.18,0.18,0.2,0.18,0.2000000000,0.1800000000,Standard,1.0000,Hours,USD,0.1800000000,0.18,0.2000000000,USD,1.0000,Hours,Cloud SQL,Databases,Relational Databases,SKU-5a84ed2775b50d245d6fae1f,Database,SPRICE-df6d9a619dcef43326a41589,"{""InstanceType"":""db-custom-4-16384"",""CoreCount"":4,""MemorySize"":16,""x_Engine"":""PostgreSQL""}",//sqladmin.googleapis.com/projects/examplecorp-prod-481627/instances/sql-7bee6f1f,sql-7bee6f1f,Cloud SQL Instance,asia-southeast1,Singapore,,,,,,,,,,,"{""environment"":""dev"",""cost-center"":""cc-2087"",""owner"":""team-payments""}"
Google Cloud,Google,Google Cloud,INV-2026-05-F70819,01A2B3-C4D5E6-F70819,ExampleCorp Billing - Primary,Billing Account,examplecorp-prod-481627,prod-platform,Project,2026-05-01T00:00:00Z,2026-06-01T00:00:00Z,2026-05-04T15:00:00Z,2026-05-04T16:00:00Z,Usage,,Function execution duration,Usage-Based,8.995069564425,8.995069564425,9.99452173825,8.995069564425,0.0000025000,0.0000022500,Standard,3997808.6953,GB-Seconds,USD,0.0000022500,8.995069564425,0.0000025000,USD,3997808.6953,GB-Seconds,Cloud Functions,Compute,Serverless Compute,SKU-695ae4ac3664791d99311a2f,Compute,SPRICE-1660dde73d1cd143caedc47c,"{""x_Runtime"":""python312"",""x_Generation"":""gen2""}",//cloudfunctions.googleapis.com/projects/examplecorp-prod-481627/functions/fn-2c610380,fn-2c610380,Cloud Function,us-central1,Iowa,,,,,,,,,,,"{""environment"":""staging"",""cost-center"":""cc-3110"",""owner"":""team-payments""}"
Google Cloud,Google,Google Cloud,INV-2026-05-F70819,01A2B3-C4D5E6-F70819,ExampleCorp Billing - Primary,Billing Account,examplecorp-staging-552831,staging-platform,Project,2026-05-01T00:00:00Z,2026-06-01T00:00:00Z,2026-05-04T16:00:00Z,2026-05-04T17:00:00Z,Usage,,Function execution duration,Usage-Based,11.028772757925,11.028772757925,12.25419195325,11.028772757925,0.0000025000,0.0000022500,Standard,4901676.7813,GB-Seconds,USD,0.0000022500,11.028772757925,0.0000025000,USD,4901676.7813,GB-Seconds,Cloud Functions,Compute,Serverless Compute,SKU-695ae4ac3664791d99311a2f,Compute,SPRICE-1660dde73d1cd143caedc47c,"{""x_Runtime"":""python312"",""x_Generation"":""gen2""}",//cloudfunctions.googleapis.com/projects/examplecorp-staging-552831/functions/fn-16c89994,fn-16c89994,Cloud Function,us-central1,Iowa,,,,,,,,,,,"{""environment"":""prod"",""cost-center"":""cc-3110"",""owner"":""team-platform""}"
Google Cloud,Google,Google Cloud,INV-2026-05-F70819,01A2B3-C4D5E6-F70819,ExampleCorp Billing - Primary,Billing Account,examplecorp-prod-481627,prod-platform,Project,2026-05-01T00:00:00Z,2026-06-01T00:00:00Z,2026-05-04T17:00:00Z,2026-05-04T18:00:00Z,Usage,,Cloud Run vCPU allocation,Usage-Based,107.15921722656,107.15921722656,119.0657969184,107.15921722656,0.0000240000,0.0000216000,Standard,4961074.8716,Core-Seconds,USD,0.0000216000,107.15921722656,0.0000240000,USD,4961074.8716,Core-Seconds,Cloud Run,Compute,Serverless Compute,SKU-0828b68f352ea8761f8e1993,Compute,SPRICE-939cc729025fe8682a0f43e3,"{""x_Generation"":""gen2""}",//run.googleapis.com/projects/examplecorp-prod-481627/services/svc-7fb63b92,svc-7fb63b92,Cloud Run Service,europe-west1,Belgium,,,,,,,,,,,"{""environment"":""staging"",""cost-center"":""cc-2087"",""owner"":""team-data""}"
Google Cloud,Google,Google Cloud,INV-2026-05-A7B8C9,11C2D3-E4F506-A7B8C9,ExampleCorp Billing - Secondary,Billing Account,examplecorp-sandbox-160942,sandbox-dev,Project,2026-05-01T00:00:00Z,2026-06-01T00:00:00Z,2026-05-04T18:00:00Z,2026-05-04T19:00:00Z,Usage,,e2-standard-4 running,Usage-Based,0.1206,0.1206,0.134,0.1206,0.1340000000,0.1206000000,Standard,1.0000,Hours,USD,0.1206000000,0.1206,0.1340000000,USD,1.0000,Hours,Compute Engine,Compute,Virtual Machines,SKU-1f3d031b6a456d700dc64bbb,Compute,SPRICE-d8c574633874898080639a0f,"{""InstanceType"":""e2-standard-4"",""InstanceSeries"":""E2"",""CoreCount"":4,""MemorySize"":16,""OperatingSystem"":""Linux"",""x_Preemptible"":""false""}",//compute.googleapis.com/projects/examplecorp-sandbox-160942/instances/instance-cfdbfd99,instance-cfdbfd99,Compute Instance,asia-southeast1,Singapore,asia-southeast1-a,,,,,,,,,,"{""environment"":""dev"",""cost-center"":""cc-2087"",""owner"":""team-data""}"
Google Cloud,Google,Google Cloud,INV-2026-05-A7B8C9,11C2D3-E4F506-A7B8C9,ExampleCorp Billing - Secondary,Billing Account,examplecorp-data-739104,data-analytics,Project,2026-05-01T00:00:00Z,2026-06-01T00:00:00Z,2026-05-01T00:00:00Z,2026-06-01T00:00:00Z,Usage,,Standard storage,Usage-Based,97.4460762,97.4460762,108.273418,97.4460762,0.0200000000,0.0180000000,Standard,5413.6709,GB-Months,USD,0.0180000000,97.4460762,0.0200000000,USD,5413.6709,GB-Months,Cloud Storage,Storage,Object Storage,SKU-8b457763f3438a2efc35839d,Storage,SPRICE-e9607b4aba6714ae0874493f,"{""StorageClass"":""Standard""}",//storage.googleapis.com/projects/examplecorp-data-739104/buckets/bucket-a15a4b1a,bucket-a15a4b1a,Storage Bucket,us-east1,South Carolina,,,,,,,,,,,"{""environment"":""prod"",""cost-center"":""cc-3110"",""owner"":""team-data""}"
Google Cloud,Google,Google Cloud,INV-2026-05-A7B8C9,11C2D3-E4F506-A7B8C9,ExampleCorp Billing - Secondary,Billing Account,examplecorp-staging-552831,staging-platform,Project,2026-05-01T00:00:00Z,2026-06-01T00:00:00Z,2026-05-04T20:00:00Z,2026-05-04T21:00:00Z,Purchase,,"Committed Use Discount commitment, amortised for the charge period",Recurring,0.089378,0,0.089378,0.089378,0.0893780000,0.0893780000,Standard,1,Hours,USD,0.0893780000,0,0.0893780000,USD,,,Compute Engine,Compute,Virtual Machines,SKU-501f9e260e3e5d0672ec2caa,Commitment,SPRICE-a48b8b797b7977e6663d4683,"{""x_Plan"":""TWELVE_MONTH"",""x_Type"":""COMPUTE_OPTIMIZED""}",//compute.googleapis.com/projects/examplecorp-staging-552831/regions/us-central1/commitments/cud-67afe6e2f5,cud-5a6c3be4f1,Committed Use Discount,us-central1,Iowa,,//compute.googleapis.com/projects/examplecorp-staging-552831/regions/us-central1/commitments/cud-67afe6e2f5,ResourceBasedCUD-1yr-Compute,Usage,Committed Use Discount,,1,Hours,,,"{""environment"":""dev"",""cost-center"":""cc-3110"",""owner"":""team-platform""}"
Google Cloud,Google,Google Cloud,INV-2026-05-A7B8C9,11C2D3-E4F506-A7B8C9,ExampleCorp Billing - Secondary,Billing Account,examplecorp-staging-552831,staging-platform,Project,2026-05-01T00:00:00Z,2026-06-01T00:00:00Z,2026-05-04T20:00:00Z,2026-05-04T21:00:00Z,Usage,,Compute Engine committed usage,Usage-Based,0,0.089378,0.134,0.1206,0.1340000000,0.1206000000,Committed,1,Hours,USD,0.1206000000,0.089378,0.1340000000,USD,1,Hours,Compute Engine,Compute,Virtual Machines,SKU-161f822522a7bfba73514603,Compute,SPRICE-595a86198276ef2dbadddea2,"{""InstanceType"":""e2-standard-4"",""InstanceSeries"":""E2"",""CoreCount"":4,""MemorySize"":16,""OperatingSystem"":""Linux"",""x_Preemptible"":""false""}",//compute.googleapis.com/projects/examplecorp-staging-552831/instances/instance-000004611b,instance-000004611b,Compute Instance,us-central1,Iowa,us-central1-b,//compute.googleapis.com/projects/examplecorp-staging-552831/regions/us-central1/commitments/cud-67afe6e2f5,ResourceBasedCUD-1yr-Compute,Usage,Committed Use Discount,Used,1,Hours,,,"{""environment"":""prod"",""cost-center"":""cc-3110"",""owner"":""team-data""}"
Google Cloud,Google,Google Cloud,INV-2026-05-A7B8C9,11C2D3-E4F506-A7B8C9,ExampleCorp Billing - Secondary,Billing Account,examplecorp-staging-552831,staging-platform,Project,2026-05-01T00:00:00Z,2026-06-01T00:00:00Z,2026-05-04T21:00:00Z,2026-05-04T22:00:00Z,Purchase,,"Committed Use Discount commitment, amortised for the charge period",Recurring,0.089378,0,0.089378,0.089378,0.0893780000,0.0893780000,Standard,1,Hours,USD,0.0893780000,0,0.0893780000,USD,,,Compute Engine,Compute,Virtual Machines,SKU-501f9e260e3e5d0672ec2caa,Commitment,SPRICE-a48b8b797b7977e6663d4683,"{""x_Plan"":""TWELVE_MONTH"",""x_Type"":""COMPUTE_OPTIMIZED""}",//compute.googleapis.com/projects/examplecorp-staging-552831/regions/us-central1/commitments/cud-67afe6e2f5,cud-5a6c3be4f1,Committed Use Discount,us-central1,Iowa,,//compute.googleapis.com/projects/examplecorp-staging-552831/regions/us-central1/commitments/cud-67afe6e2f5,ResourceBasedCUD-1yr-Compute,Usage,Committed Use Discount,,1,Hours,,,"{""environment"":""dev"",""cost-center"":""cc-1042"",""owner"":""team-data""}"
Google Cloud,Google,Google Cloud,INV-2026-05-A7B8C9,11C2D3-E4F506-A7B8C9,ExampleCorp Billing - Secondary,Billing Account,examplecorp-staging-552831,staging-platform,Project,2026-05-01T00:00:00Z,2026-06-01T00:00:00Z,2026-05-04T21:00:00Z,2026-05-04T22:00:00Z,Usage,,Compute Engine committed usage,Usage-Based,0,0.089378,0.134,0.1206,0.1340000000,0.1206000000,Committed,1,Hours,USD,0.1206000000,0.089378,0.1340000000,USD,1,Hours,Compute Engine,Compute,Virtual Machines,SKU-161f822522a7bfba73514603,Compute,SPRICE-595a86198276ef2dbadddea2,"{""InstanceType"":""e2-standard-4"",""InstanceSeries"":""E2"",""CoreCount"":4,""MemorySize"":16,""OperatingSystem"":""Linux"",""x_Preemptible"":""false""}",//compute.googleapis.com/projects/examplecorp-staging-552831/instances/instance-00011f5ff1,instance-00011f5ff1,Compute Instance,us-central1,Iowa,us-central1-b,//compute.googleapis.com/projects/examplecorp-staging-552831/regions/us-central1/commitments/cud-67afe6e2f5,ResourceBasedCUD-1yr-Compute,Usage,Committed Use Discount,Used,1,Hours,,,"{""environment"":""dev"",""cost-center"":""cc-3110"",""owner"":""team-platform""}"
Google Cloud,Google,Google Cloud,INV-2026-05-A7B8C9,11C2D3-E4F506-A7B8C9,ExampleCorp Billing - Secondary,Billing Account,examplecorp-staging-552831,staging-platform,Project,2026-05-01T00:00:00Z,2026-06-01T00:00:00Z,2026-05-04T22:00:00Z,2026-05-04T23:00:00Z,Purchase,,"Committed Use Discount commitment, amortised for the charge period",Recurring,0.089378,0,0.089378,0.089378,0.0893780000,0.0893780000,Standard,1,Hours,USD,0.0893780000,0,0.0893780000,USD,,,Compute Engine,Compute,Virtual Machines,SKU-501f9e260e3e5d0672ec2caa,Commitment,SPRICE-a48b8b797b7977e6663d4683,"{""x_Plan"":""TWELVE_MONTH"",""x_Type"":""COMPUTE_OPTIMIZED""}",//compute.googleapis.com/projects/examplecorp-staging-552831/regions/us-central1/commitments/cud-67afe6e2f5,cud-5a6c3be4f1,Committed Use Discount,us-central1,Iowa,,//compute.googleapis.com/projects/examplecorp-staging-552831/regions/us-central1/commitments/cud-67afe6e2f5,ResourceBasedCUD-1yr-Compute,Usage,Committed Use Discount,,1,Hours,,,"{""environment"":""dev"",""cost-center"":""cc-3110"",""owner"":""team-platform""}"
Google Cloud,Google,Google Cloud,INV-2026-05-A7B8C9,11C2D3-E4F506-A7B8C9,ExampleCorp Billing - Secondary,Billing Account,examplecorp-staging-552831,staging-platform,Project,2026-05-01T00:00:00Z,2026-06-01T00:00:00Z,2026-05-04T22:00:00Z,2026-05-04T23:00:00Z,Usage,,Compute Engine committed usage,Usage-Based,0,0.089378,0.134,0.1206,0.1340000000,0.1206000000,Committed,1,Hours,USD,0.1206000000,0.089378,0.1340000000,USD,1,Hours,Compute Engine,Compute,Virtual Machines,SKU-161f822522a7bfba73514603,Compute,SPRICE-595a86198276ef2dbadddea2,"{""InstanceType"":""e2-standard-4"",""InstanceSeries"":""E2"",""CoreCount"":4,""MemorySize"":16,""OperatingSystem"":""Linux"",""x_Preemptible"":""false""}",//compute.googleapis.com/projects/examplecorp-staging-552831/instances/instance-00026d8979,instance-00026d8979,Compute Instance,us-central1,Iowa,us-central1-b,//compute.googleapis.com/projects/examplecorp-staging-552831/regions/us-central1/commitments/cud-67afe6e2f5,ResourceBasedCUD-1yr-Compute,Usage,Committed Use Discount,Used,1,Hours,,,"{""environment"":""dev"",""cost-center"":""cc-2087"",""owner"":""team-data""}"
Google Cloud,Google,Google Cloud,INV-2026-05-A7B8C9,11C2D3-E4F506-A7B8C9,ExampleCorp Billing - Secondary,Billing Account,examplecorp-staging-552831,staging-platform,Project,2026-05-01T00:00:00Z,2026-06-01T00:00:00Z,2026-05-04T23:00:00Z,2026-05-05T00:00:00Z,Purchase,,"Committed Use Discount commitment, amortised for the charge period",Recurring,0.089378,0,0.089378,0.089378,0.0893780000,0.0893780000,Standard,1,Hours,USD,0.0893780000,0,0.0893780000,USD,,,Compute Engine,Compute,Virtual Machines,SKU-501f9e260e3e5d0672ec2caa,Commitment,SPRICE-a48b8b797b7977e6663d4683,"{""x_Plan"":""TWELVE_MONTH"",""x_Type"":""COMPUTE_OPTIMIZED""}",//compute.googleapis.com/projects/examplecorp-staging-552831/regions/us-central1/commitments/cud-67afe6e2f5,cud-5a6c3be4f1,Committed Use Discount,us-central1,Iowa,,//compute.googleapis.com/projects/examplecorp-staging-552831/regions/us-central1/commitments/cud-67afe6e2f5,ResourceBasedCUD-1yr-Compute,Usage,Committed Use Discount,,1,Hours,,,"{""environment"":""dev"",""cost-center"":""cc-2087"",""owner"":""team-platform""}"
Google Cloud,Google,Google Cloud,INV-2026-05-A7B8C9,11C2D3-E4F506-A7B8C9,ExampleCorp Billing - Secondary,Billing Account,examplecorp-staging-552831,staging-platform,Project,2026-05-01T00:00:00Z,2026-06-01T00:00:00Z,2026-05-04T23:00:00Z,2026-05-05T00:00:00Z,Usage,,Compute Engine committed usage,Usage-Based,0,0.089378,0.134,0.1206,0.1340000000,0.1206000000,Committed,1,Hours,USD,0.1206000000,0.089378,0.1340000000,USD,1,Hours,Compute Engine,Compute,Virtual Machines,SKU-161f822522a7bfba73514603,Compute,SPRICE-595a86198276ef2dbadddea2,"{""InstanceType"":""e2-standard-4"",""InstanceSeries"":""E2"",""CoreCount"":4,""MemorySize"":16,""OperatingSystem"":""Linux"",""x_Preemptible"":""false""}",//compute.googleapis.com/projects/examplecorp-staging-552831/instances/instance-0003923984,instance-0003923984,Compute Instance,us-central1,Iowa,us-central1-b,//compute.googleapis.com/projects/examplecorp-staging-552831/regions/us-central1/commitments/cud-67afe6e2f5,ResourceBasedCUD-1yr-Compute,Usage,Committed Use Discount,Used,1,Hours,,,"{""environment"":""prod"",""cost-center"":""cc-2087"",""owner"":""team-platform""}"
Google Cloud,Google,Google Cloud,INV-2026-05-A7B8C9,11C2D3-E4F506-A7B8C9,ExampleCorp Billing - Secondary,Billing Account,examplecorp-staging-552831,staging-platform,Project,2026-05-01T00:00:00Z,2026-06-01T00:00:00Z,2026-05-05T00:00:00Z,2026-05-05T01:00:00Z,Purchase,,"Committed Use Discount commitment, amortised for the charge period",Recurring,0.089378,0,0.089378,0.089378,0.0893780000,0.0893780000,Standard,1,Hours,USD,0.0893780000,0,0.0893780000,USD,,,Compute Engine,Compute,Virtual Machines,SKU-501f9e260e3e5d0672ec2caa,Commitment,SPRICE-a48b8b797b7977e6663d4683,"{""x_Plan"":""TWELVE_MONTH"",""x_Type"":""COMPUTE_OPTIMIZED""}",//compute.googleapis.com/projects/examplecorp-staging-552831/regions/us-central1/commitments/cud-67afe6e2f5,cud-5a6c3be4f1,Committed Use Discount,us-central1,Iowa,,//compute.googleapis.com/projects/examplecorp-staging-552831/regions/us-central1/commitments/cud-67afe6e2f5,ResourceBasedCUD-1yr-Compute,Usage,Committed Use Discount,,1,Hours,,,"{""environment"":""staging"",""cost-center"":""cc-3110"",""owner"":""team-data""}"
Google Cloud,Google,Google Cloud,INV-2026-05-A7B8C9,11C2D3-E4F506-A7B8C9,ExampleCorp Billing - Secondary,Billing Account,examplecorp-staging-552831,staging-platform,Project,2026-05-01T00:00:00Z,2026-06-01T00:00:00Z,2026-05-05T00:00:00Z,2026-05-05T01:00:00Z,Usage,,Compute Engine committed usage,Usage-Based,0,0.089378,0.134,0.1206,0.1340000000,0.1206000000,Committed,1,Hours,USD,0.1206000000,0.089378,0.1340000000,USD,1,Hours,Compute Engine,Compute,Virtual Machines,SKU-161f822522a7bfba73514603,Compute,SPRICE-595a86198276ef2dbadddea2,"{""InstanceType"":""e2-standard-4"",""InstanceSeries"":""E2"",""CoreCount"":4,""MemorySize"":16,""OperatingSystem"":""Linux"",""x_Preemptible"":""false""}",//compute.googleapis.com/projects/examplecorp-staging-552831/instances/instance-0004e9238e,instance-0004e9238e,Compute Instance,us-central1,Iowa,us-central1-b,//compute.googleapis.com/projects/examplecorp-staging-552831/regions/us-central1/commitments/cud-67afe6e2f5,ResourceBasedCUD-1yr-Compute,Usage,Committed Use Discount,Used,1,Hours,,,"{""environment"":""dev"",""cost-center"":""cc-2087"",""owner"":""team-platform""}"
Google Cloud,Google,Google Cloud,INV-2026-05-A7B8C9,11C2D3-E4F506-A7B8C9,ExampleCorp Billing - Secondary,Billing Account,examplecorp-staging-552831,staging-platform,Project,2026-05-01T00:00:00Z,2026-06-01T00:00:00Z,2026-05-05T01:00:00Z,2026-05-05T02:00:00Z,Purchase,,"Committed Use Discount commitment, amortised for the charge period",Recurring,0.089378,0,0.089378,0.089378,0.0893780000,0.0893780000,Standard,1,Hours,USD,0.0893780000,0,0.0893780000,USD,,,Compute Engine,Compute,Virtual Machines,SKU-501f9e260e3e5d0672ec2caa,Commitment,SPRICE-a48b8b797b7977e6663d4683,"{""x_Plan"":""TWELVE_MONTH"",""x_Type"":""COMPUTE_OPTIMIZED""}",//compute.googleapis.com/projects/examplecorp-staging-552831/regions/us-central1/commitments/cud-67afe6e2f5,cud-5a6c3be4f1,Committed Use Discount,us-central1,Iowa,,//compute.googleapis.com/projects/examplecorp-staging-552831/regions/us-central1/commitments/cud-67afe6e2f5,ResourceBasedCUD-1yr-Compute,Usage,Committed Use Discount,,1,Hours,,,"{""environment"":""staging"",""cost-center"":""cc-2087"",""owner"":""team-platform""}"
Google Cloud,Google,Google Cloud,INV-2026-05-A7B8C9,11C2D3-E4F506-A7B8C9,ExampleCorp Billing - Secondary,Billing Account,examplecorp-staging-552831,staging-platform,Project,2026-05-01T00:00:00Z,2026-06-01T00:00:00Z,2026-05-05T01:00:00Z,2026-05-05T02:00:00Z,Usage,,Compute Engine committed usage,Usage-Based,0,0.089378,0.134,0.1206,0.1340000000,0.1206000000,Committed,1,Hours,USD,0.1206000000,0.089378,0.1340000000,USD,1,Hours,Compute Engine,Compute,Virtual Machines,SKU-161f822522a7bfba73514603,Compute,SPRICE-595a86198276ef2dbadddea2,"{""InstanceType"":""e2-standard-4"",""InstanceSeries"":""E2"",""CoreCount"":4,""MemorySize"":16,""OperatingSystem"":""Linux"",""x_Preemptible"":""false""}",//compute.googleapis.com/projects/examplecorp-staging-552831/instances/instance-000547aaf1,instance-000547aaf1,Compute Instance,us-central1,Iowa,us-central1-b,//compute.googleapis.com/projects/examplecorp-staging-552831/regions/us-central1/commitments/cud-67afe6e2f5,ResourceBasedCUD-1yr-Compute,Usage,Committed Use Discount,Used,1,Hours,,,"{""environment"":""staging"",""cost-center"":""cc-2087"",""owner"":""team-data""}"
Google Cloud,Google,Google Cloud,INV-2026-05-A7B8C9,11C2D3-E4F506-A7B8C9,ExampleCorp Billing - Secondary,Billing Account,examplecorp-staging-552831,staging-platform,Project,2026-05-01T00:00:00Z,2026-06-01T00:00:00Z,2026-05-05T02:00:00Z,2026-05-05T03:00:00Z,Purchase,,"Committed Use Discount commitment, amortised for the charge period",Recurring,0.089378,0,0.089378,0.089378,0.0893780000,0.0893780000,Standard,1,Hours,USD,0.0893780000,0,0.0893780000,USD,,,Compute Engine,Compute,Virtual Machines,SKU-501f9e260e3e5d0672ec2caa,Commitment,SPRICE-a48b8b797b7977e6663d4683,"{""x_Plan"":""TWELVE_MONTH"",""x_Type"":""COMPUTE_OPTIMIZED""}",//compute.googleapis.com/projects/examplecorp-staging-552831/regions/us-central1/commitments/cud-67afe6e2f5,cud-5a6c3be4f1,Committed Use Discount,us-central1,Iowa,,//compute.googleapis.com/projects/examplecorp-staging-552831/regions/us-central1/commitments/cud-67afe6e2f5,ResourceBasedCUD-1yr-Compute,Usage,Committed Use Discount,,1,Hours,,,"{""environment"":""prod"",""cost-center"":""cc-1042"",""owner"":""team-platform""}"
Google Cloud,Google,Google Cloud,INV-2026-05-A7B8C9,11C2D3-E4F506-A7B8C9,ExampleCorp Billing - Secondary,Billing Account,examplecorp-staging-552831,staging-platform,Project,2026-05-01T00:00:00Z,2026-06-01T00:00:00Z,2026-05-05T02:00:00Z,2026-05-05T03:00:00Z,Usage,,Compute Engine committed usage,Usage-Based,0,0.089378,0.134,0.1206,0.1340000000,0.1206000000,Committed,1,Hours,USD,0.1206000000,0.089378,0.1340000000,USD,1,Hours,Compute Engine,Compute,Virtual Machines,SKU-161f822522a7bfba73514603,Compute,SPRICE-595a86198276ef2dbadddea2,"{""InstanceType"":""e2-standard-4"",""InstanceSeries"":""E2"",""CoreCount"":4,""MemorySize"":16,""OperatingSystem"":""Linux"",""x_Preemptible"":""false""}",//compute.googleapis.com/projects/examplecorp-staging-552831/instances/instance-0006b7348f,instance-0006b7348f,Compute Instance,us-central1,Iowa,us-central1-b,//compute.googleapis.com/projects/examplecorp-staging-552831/regions/us-central1/commitments/cud-67afe6e2f5,ResourceBasedCUD-1yr-Compute,Usage,Committed Use Discount,Used,1,Hours,,,"{""environment"":""dev"",""cost-center"":""cc-3110"",""owner"":""team-payments""}"
Google Cloud,Google,Google Cloud,INV-2026-05-A7B8C9,11C2D3-E4F506-A7B8C9,ExampleCorp Billing - Secondary,Billing Account,examplecorp-staging-552831,staging-platform,Project,2026-05-01T00:00:00Z,2026-06-01T00:00:00Z,2026-05-05T03:00:00Z,2026-05-05T04:00:00Z,Purchase,,"Committed Use Discount commitment, amortised for the charge period",Recurring,0.089378,0,0.089378,0.089378,0.0893780000,0.0893780000,Standard,1,Hours,USD,0.0893780000,0,0.0893780000,USD,,,Compute Engine,Compute,Virtual Machines,SKU-501f9e260e3e5d0672ec2caa,Commitment,SPRICE-a48b8b797b7977e6663d4683,"{""x_Plan"":""TWELVE_MONTH"",""x_Type"":""COMPUTE_OPTIMIZED""}",//compute.googleapis.com/projects/examplecorp-staging-552831/regions/us-central1/commitments/cud-67afe6e2f5,cud-5a6c3be4f1,Committed Use Discount,us-central1,Iowa,,//compute.googleapis.com/projects/examplecorp-staging-552831/regions/us-central1/commitments/cud-67afe6e2f5,ResourceBasedCUD-1yr-Compute,Usage,Committed Use Discount,,1,Hours,,,"{""environment"":""prod"",""cost-center"":""cc-2087"",""owner"":""team-platform""}"
Google Cloud,Google,Google Cloud,INV-2026-05-A7B8C9,11C2D3-E4F506-A7B8C9,ExampleCorp Billing - Secondary,Billing Account,examplecorp-staging-552831,staging-platform,Project,2026-05-01T00:00:00Z,2026-06-01T00:00:00Z,2026-05-05T03:00:00Z,2026-05-05T04:00:00Z,Usage,,Committed Use Discount unused commitment,Usage-Based,0,0.089378,0.089378,0.089378,0.0893780000,0.0893780000,Committed,1,Hours,USD,0.0893780000,0.089378,0.0893780000,USD,,,Compute Engine,Compute,Virtual Machines,SKU-501f9e260e3e5d0672ec2caa,Commitment,SPRICE-a48b8b797b7977e6663d4683,"{""x_Plan"":""TWELVE_MONTH"",""x_Type"":""COMPUTE_OPTIMIZED""}",//compute.googleapis.com/projects/examplecorp-staging-552831/regions/us-central1/commitments/cud-67afe6e2f5,cud-5a6c3be4f1,Committed Use Discount,us-central1,Iowa,,//compute.googleapis.com/projects/examplecorp-staging-552831/regions/us-central1/commitments/cud-67afe6e2f5,ResourceBasedCUD-1yr-Compute,Usage,Committed Use Discount,Unused,1,Hours,,,"{""environment"":""dev"",""cost-center"":""cc-2087"",""owner"":""team-platform""}"
Google Cloud,Google,Google Cloud,INV-2026-05-A7B8C9,11C2D3-E4F506-A7B8C9,ExampleCorp Billing - Secondary,Billing Account,examplecorp-prod-481627,prod-platform,Project,2026-05-01T00:00:00Z,2026-06-01T00:00:00Z,2026-05-25T00:00:00Z,2026-05-26T00:00:00Z,Usage,,On-demand query analysis,Usage-Based,241.7225625,241.7225625,268.580625,241.7225625,6.2500000000,5.6250000000,Standard,42.9729,TiB,USD,5.6250000000,241.7225625,6.2500000000,USD,42.9729,TiB,BigQuery,Databases,Data Warehouses,SKU-e14c81c3b9dbfe726f5234cc,Analysis,SPRICE-a31e8b202bbc80cffe86259c,"{""x_Edition"":""OnDemand""}",//bigquery.googleapis.com/projects/examplecorp-prod-481627/datasets/ds_414d147e,ds_414d147e,BigQuery Dataset,europe-west1,Belgium,,,,,,,,,,,"{""environment"":""dev"",""cost-center"":""cc-2087"",""owner"":""team-payments""}"
Google Cloud,Google,Google Cloud,INV-2026-05-A7B8C9,11C2D3-E4F506-A7B8C9,ExampleCorp Billing - Secondary,Billing Account,examplecorp-prod-481627,prod-platform,Project,2026-05-01T00:00:00Z,2026-06-01T00:00:00Z,2026-05-26T00:00:00Z,2026-05-27T00:00:00Z,Purchase,,Cloud Storage subscription fee,Recurring,158.45,158.45,158.45,158.45,158.45,158.45,Standard,1,Units,USD,158.4500000000,158.45,158.4500000000,USD,,,Cloud Storage,Storage,Object Storage,SKU-c0981f5021a8c94e00c4199c,Subscription,SPRICE-b9b9de1dd1b547b9dd7462b0,"{""x_ChargeType"": ""SubscriptionFee""}",//storage.googleapis.com/projects/examplecorp-prod-481627/buckets/bucket-d8e802dd,bucket-d8e802dd,Storage Bucket,us-central1,Iowa,,,,,,,,,,,"{""environment"":""prod"",""cost-center"":""cc-1042"",""owner"":""team-payments""}"
Google Cloud,Google,Google Cloud,INV-2026-05-A7B8C9,11C2D3-E4F506-A7B8C9,ExampleCorp Billing - Secondary,Billing Account,examplecorp-sandbox-160942,sandbox-dev,Project,2026-05-01T00:00:00Z,2026-06-01T00:00:00Z,2026-05-22T06:00:00Z,2026-05-22T07:00:00Z,Tax,,Synthetic tax 10% on usage record 511: Cloud SQL,One-Time,0.018,0.018,0.02,0.018,,,,,,USD,,0.018,,USD,,,Cloud SQL,Databases,Relational Databases,,,,,,,,,,,,,,,,,,,,"{""environment"":""dev"",""cost-center"":""cc-3110"",""owner"":""team-platform""}"
Google Cloud,Google,Google Cloud,INV-2026-05-A7B8C9,11C2D3-E4F506-A7B8C9,ExampleCorp Billing - Secondary,Billing Account,examplecorp-prod-481627,prod-platform,Project,2026-05-01T00:00:00Z,2026-06-01T00:00:00Z,2026-05-28T00:00:00Z,2026-05-29T00:00:00Z,Usage,,Monitoring data ingested,Usage-Based,2.07740052,2.07740052,2.3082228,2.07740052,0.2580000000,0.2322000000,Standard,8.9466,MiB,EUR,0.2136240000,1.9112084784,0.2373600000,USD,8.9466,MiB,Cloud Monitoring,Management and Governance,Observability,SKU-7ae4fc052f28901dffce70d1,Monitoring,SPRICE-fc62652ea072d0cd7a990dda,"{""x_DataType"":""Metrics""}",//monitoring.googleapis.com/projects/examplecorp-prod-481627/metricsScopes/mon-bb61f0e7,mon-bb61f0e7,Monitoring Workspace,us-east1,South Carolina,,,,,,,,,,,"{""environment"":""prod"",""cost-center"":""cc-2087"",""owner"":""team-payments""}"
Google Cloud,Google,Google Cloud,INV-2026-05-A7B8C9,11C2D3-E4F506-A7B8C9,ExampleCorp Billing - Secondary,Billing Account,examplecorp-sandbox-160942,sandbox-dev,Project,2026-05-01T00:00:00Z,2026-06-01T00:00:00Z,2026-05-01T00:00:00Z,2026-05-02T00:00:00Z,Usage,,On-demand query analysis,Usage-Based,66.3226875,66.3226875,73.691875,66.3226875,6.2500000000,5.6250000000,Standard,11.7907,TiB,USD,5.6250000000,66.3226875,6.2500000000,USD,11.7907,TiB,BigQuery,Databases,Data Warehouses,SKU-ef2de98156d58b386f8bea8e,Analysis,SPRICE-257832ee3981a8cf8c2b0ca4,"{""x_Edition"":""OnDemand""}",//bigquery.googleapis.com/projects/examplecorp-sandbox-160942/datasets/ds_68888b34,ds_68888b34,BigQuery Dataset,us-east1,South Carolina,,,,,,,,,,,"{""environment"":""staging"",""cost-center"":""cc-1042"",""owner"":""team-data""}"
Google Cloud,Google,Google Cloud,INV-2026-05-A7B8C9,11C2D3-E4F506-A7B8C9,ExampleCorp Billing - Secondary,Billing Account,examplecorp-sandbox-160942,sandbox-dev,Project,2026-05-01T00:00:00Z,2026-06-01T00:00:00Z,2026-05-02T00:00:00Z,2026-05-03T00:00:00Z,Usage,,Monitoring data ingested,Usage-Based,42.53922576,42.53922576,47.2658064,42.53922576,0.2580000000,0.2322000000,Standard,183.2008,MiB,USD,0.2322000000,42.53922576,0.2580000000,USD,183.2008,MiB,Cloud Monitoring,Management and Governance,Observability,SKU-f2290c09e5e6212780d60874,Monitoring,SPRICE-d43771be279a84180443f7fd,"{""x_DataType"":""Metrics""}",//monitoring.googleapis.com/projects/examplecorp-sandbox-160942/metricsScopes/mon-0bfb9d2d,mon-0bfb9d2d,Monitoring Workspace,us-central1,Iowa,,,,,,,,,,,"{""environment"":""prod"",""cost-center"":""cc-2087"",""owner"":""team-platform""}"
Google Cloud,Google,Google Cloud,INV-2026-05-F70819,01A2B3-C4D5E6-F70819,ExampleCorp Billing - Primary,Billing Account,examplecorp-sandbox-160942,sandbox-dev,Project,2026-05-01T00:00:00Z,2026-06-01T00:00:00Z,2026-05-21T13:00:00Z,2026-05-21T14:00:00Z,Tax,,Synthetic tax 10% on usage record 494: Cloud SQL,One-Time,0.018,0.018,0.02,0.018,,,,,,USD,,0.018,,USD,,,Cloud SQL,Databases,Relational Databases,,,,,,,,,,,,,,,,,,,,"{""environment"":""staging"",""cost-center"":""cc-1042"",""owner"":""team-data""}"
Google Cloud,Google,Google Cloud,INV-2026-05-A7B8C9,11C2D3-E4F506-A7B8C9,ExampleCorp Billing - Secondary,Billing Account,examplecorp-staging-552831,staging-platform,Project,2026-05-01T00:00:00Z,2026-06-01T00:00:00Z,2026-05-05T19:00:00Z,2026-05-05T20:00:00Z,Usage,,GKE node pool hours,Usage-Based,0.1206,0.1206,0.134,0.1206,0.1340000000,0.1206000000,Standard,1.0000,Hours,USD,0.1206000000,0.1206,0.1340000000,USD,1.0000,Hours,Google Kubernetes Engine,Compute,Containers,SKU-86068fdbce854432224e9db3,Compute,SPRICE-42acd32065a96a502913e8e4,"{""InstanceType"":""e2-standard-4"",""CoreCount"":4,""MemorySize"":16,""x_NodePool"":""default""}",//container.googleapis.com/projects/examplecorp-staging-552831/clusters/gke-ce62173c,gke-ce62173c,GKE Cluster,asia-southeast1,Singapore,,,,,,,,,,,"{""environment"":""staging"",""cost-center"":""cc-3110"",""owner"":""team-platform""}"
Google Cloud,Google,Google Cloud,INV-2026-05-F70819,01A2B3-C4D5E6-F70819,ExampleCorp Billing - Primary,Billing Account,examplecorp-data-739104,data-analytics,Project,2026-05-01T00:00:00Z,2026-06-01T00:00:00Z,2026-05-05T20:00:00Z,2026-05-05T21:00:00Z,Usage,,Function execution duration,Usage-Based,7.987191036975,7.987191036975,8.87465670775,7.987191036975,0.0000025000,0.0000022500,Standard,3549862.6831,GB-Seconds,USD,0.0000022500,7.987191036975,0.0000025000,USD,3549862.6831,GB-Seconds,Cloud Functions,Compute,Serverless Compute,SKU-8a24a01b926d78ddce5a4f53,Compute,SPRICE-7ca6b452df77a0dcdde4d036,"{""x_Runtime"":""python312"",""x_Generation"":""gen2""}",//cloudfunctions.googleapis.com/projects/examplecorp-data-739104/functions/fn-d267a3a8,fn-d267a3a8,Cloud Function,us-east1,South Carolina,,,,,,,,,,,"{""environment"":""staging"",""cost-center"":""cc-3110"",""owner"":""team-payments""}"
Google Cloud,Google,Google Cloud,INV-2026-05-A7B8C9,11C2D3-E4F506-A7B8C9,ExampleCorp Billing - Secondary,Billing Account,examplecorp-prod-481627,prod-platform,Project,2026-05-01T00:00:00Z,2026-06-01T00:00:00Z,2026-05-01T00:00:00Z,2026-06-01T00:00:00Z,Usage,,Standard storage,Usage-Based,50.6206296,50.6206296,56.245144,50.6206296,0.0200000000,0.0180000000,Standard,2812.2572,GB-Months,USD,0.0180000000,50.6206296,0.0200000000,USD,2812.2572,GB-Months,Cloud Storage,Storage,Object Storage,SKU-560ffe175cb39f91c531454c,Storage,SPRICE-3d050702dcbac978cb3acee9,"{""StorageClass"":""Standard""}",//storage.googleapis.com/projects/examplecorp-prod-481627/buckets/bucket-4c7c86b8,bucket-4c7c86b8,Storage Bucket,us-central1,Iowa,,,,,,,,,,,"{""environment"":""dev"",""cost-center"":""cc-3110"",""owner"":""team-payments""}"
Google Cloud,Google,Google Cloud,INV-2026-05-A7B8C9,11C2D3-E4F506-A7B8C9,ExampleCorp Billing - Secondary,Billing Account,examplecorp-staging-552831,staging-platform,Project,2026-05-01T00:00:00Z,2026-06-01T00:00:00Z,2026-05-05T22:00:00Z,2026-05-05T23:00:00Z,Purchase,,"Committed Use Discount commitment, amortised for the charge period",Recurring,0.089378,0,0.089378,0.089378,1,1,Standard,0.089378,USD,USD,1.0000000000,0,1.0000000000,USD,,,Compute Engine,Compute,Virtual Machines,SKU-b8c4053a3c266b7fa67c14bc,Commitment,SPRICE-cb0a6d013ae89a2d2508c7c1,"{""x_Plan"":""TWELVE_MONTH"",""x_Type"":""COMPUTE_OPTIMIZED""}",//compute.googleapis.com/projects/examplecorp-staging-552831/regions/asia-southeast1/commitments/cud-75f307d9e2,cud-51cbc88694,Committed Use Discount,asia-southeast1,Singapore,,//compute.googleapis.com/projects/examplecorp-staging-552831/regions/asia-southeast1/commitments/cud-75f307d9e2,SpendBasedCUD-1yr,Spend,Committed Use Discount,,0.089378,USD,,,"{""environment"":""dev"",""cost-center"":""cc-1042"",""owner"":""team-payments""}"
Google Cloud,Google,Google Cloud,INV-2026-05-A7B8C9,11C2D3-E4F506-A7B8C9,ExampleCorp Billing - Secondary,Billing Account,examplecorp-staging-552831,staging-platform,Project,2026-05-01T00:00:00Z,2026-06-01T00:00:00Z,2026-05-05T22:00:00Z,2026-05-05T23:00:00Z,Usage,,Compute Engine committed usage,Usage-Based,0,0.089378,0.134,0.1206,0.1340000000,0.1206000000,Committed,1,Hours,USD,0.1206000000,0.089378,0.1340000000,USD,1,Hours,Compute Engine,Compute,Virtual Machines,SKU-1f3d031b6a456d700dc64bbb,Compute,SPRICE-d8c574633874898080639a0f,"{""InstanceType"":""e2-standard-4"",""InstanceSeries"":""E2"",""CoreCount"":4,""MemorySize"":16,""OperatingSystem"":""Linux"",""x_Preemptible"":""false""}",//compute.googleapis.com/projects/examplecorp-staging-552831/instances/instance-00004c70ea,instance-00004c70ea,Compute Instance,asia-southeast1,Singapore,asia-southeast1-a,//compute.googleapis.com/projects/examplecorp-staging-552831/regions/asia-southeast1/commitments/cud-75f307d9e2,SpendBasedCUD-1yr,Spend,Committed Use Discount,Used,0.089378,USD,,,"{""environment"":""dev"",""cost-center"":""cc-2087"",""owner"":""team-data""}"
Google Cloud,Google,Google Cloud,INV-2026-05-A7B8C9,11C2D3-E4F506-A7B8C9,ExampleCorp Billing - Secondary,Billing Account,examplecorp-staging-552831,staging-platform,Project,2026-05-01T00:00:00Z,2026-06-01T00:00:00Z,2026-05-05T23:00:00Z,2026-05-06T00:00:00Z,Purchase,,"Committed Use Discount commitment, amortised for the charge period",Recurring,0.089378,0,0.089378,0.089378,1,1,Standard,0.089378,USD,USD,1.0000000000,0,1.0000000000,USD,,,Compute Engine,Compute,Virtual Machines,SKU-b8c4053a3c266b7fa67c14bc,Commitment,SPRICE-cb0a6d013ae89a2d2508c7c1,"{""x_Plan"":""TWELVE_MONTH"",""x_Type"":""COMPUTE_OPTIMIZED""}",//compute.googleapis.com/projects/examplecorp-staging-552831/regions/asia-southeast1/commitments/cud-75f307d9e2,cud-51cbc88694,Committed Use Discount,asia-southeast1,Singapore,,//compute.googleapis.com/projects/examplecorp-staging-552831/regions/asia-southeast1/commitments/cud-75f307d9e2,SpendBasedCUD-1yr,Spend,Committed Use Discount,,0.089378,USD,,,"{""environment"":""staging"",""cost-center"":""cc-1042"",""owner"":""team-data""}"
Google Cloud,Google,Google Cloud,INV-2026-05-A7B8C9,11C2D3-E4F506-A7B8C9,ExampleCorp Billing - Secondary,Billing Account,examplecorp-staging-552831,staging-platform,Project,2026-05-01T00:00:00Z,2026-06-01T00:00:00Z,2026-05-05T23:00:00Z,2026-05-06T00:00:00Z,Usage,,Compute Engine committed usage,Usage-Based,0,0.089378,0.134,0.1206,0.1340000000,0.1206000000,Committed,1,Hours,USD,0.1206000000,0.089378,0.1340000000,USD,1,Hours,Compute Engine,Compute,Virtual Machines,SKU-1f3d031b6a456d700dc64bbb,Compute,SPRICE-d8c574633874898080639a0f,"{""InstanceType"":""e2-standard-4"",""InstanceSeries"":""E2"",""CoreCount"":4,""MemorySize"":16,""OperatingSystem"":""Linux"",""x_Preemptible"":""false""}",//compute.googleapis.com/projects/examplecorp-staging-552831/instances/instance-00016dea66,instance-00016dea66,Compute Instance,asia-southeast1,Singapore,asia-southeast1-a,//compute.googleapis.com/projects/examplecorp-staging-552831/regions/asia-southeast1/commitments/cud-75f307d9e2,SpendBasedCUD-1yr,Spend,Committed Use Discount,Used,0.089378,USD,,,"{""environment"":""prod"",""cost-center"":""cc-2087"",""owner"":""team-data""}"
Google Cloud,Google,Google Cloud,INV-2026-05-A7B8C9,11C2D3-E4F506-A7B8C9,ExampleCorp Billing - Secondary,Billing Account,examplecorp-staging-552831,staging-platform,Project,2026-05-01T00:00:00Z,2026-06-01T00:00:00Z,2026-05-06T00:00:00Z,2026-05-06T01:00:00Z,Purchase,,"Committed Use Discount commitment, amortised for the charge period",Recurring,0.089378,0,0.089378,0.089378,1,1,Standard,0.089378,USD,USD,1.0000000000,0,1.0000000000,USD,,,Compute Engine,Compute,Virtual Machines,SKU-b8c4053a3c266b7fa67c14bc,Commitment,SPRICE-cb0a6d013ae89a2d2508c7c1,"{""x_Plan"":""TWELVE_MONTH"",""x_Type"":""COMPUTE_OPTIMIZED""}",//compute.googleapis.com/projects/examplecorp-staging-552831/regions/asia-southeast1/commitments/cud-75f307d9e2,cud-51cbc88694,Committed Use Discount,asia-southeast1,Singapore,,//compute.googleapis.com/projects/examplecorp-staging-552831/regions/asia-southeast1/commitments/cud-75f307d9e2,SpendBasedCUD-1yr,Spend,Committed Use Discount,,0.089378,USD,,,"{""environment"":""staging"",""cost-center"":""cc-3110"",""owner"":""team-payments""}"
Google Cloud,Google,Google Cloud,INV-2026-05-A7B8C9,11C2D3-E4F506-A7B8C9,ExampleCorp Billing - Secondary,Billing Account,examplecorp-staging-552831,staging-platform,Project,2026-05-01T00:00:00Z,2026-06-01T00:00:00Z,2026-05-06T00:00:00Z,2026-05-06T01:00:00Z,Usage,,Compute Engine committed usage,Usage-Based,0,0.089378,0.134,0.1206,0.1340000000,0.1206000000,Committed,1,Hours,USD,0.1206000000,0.089378,0.1340000000,USD,1,Hours,Compute Engine,Compute,Virtual Machines,SKU-1f3d031b6a456d700dc64bbb,Compute,SPRICE-d8c574633874898080639a0f,"{""InstanceType"":""e2-standard-4"",""InstanceSeries"":""E2"",""CoreCount"":4,""MemorySize"":16,""OperatingSystem"":""Linux"",""x_Preemptible"":""false""}",//compute.googleapis.com/projects/examplecorp-staging-552831/instances/instance-00021a9ac2,instance-00021a9ac2,Compute Instance,asia-southeast1,Singapore,asia-southeast1-a,//compute.googleapis.com/projects/examplecorp-staging-552831/regions/asia-southeast1/commitments/cud-75f307d9e2,SpendBasedCUD-1yr,Spend,Committed Use Discount,Used,0.089378,USD,,,"{""environment"":""dev"",""cost-center"":""cc-1042"",""owner"":""team-payments""}"
Google Cloud,Google,Google Cloud,INV-2026-05-A7B8C9,11C2D3-E4F506-A7B8C9,ExampleCorp Billing - Secondary,Billing Account,examplecorp-staging-552831,staging-platform,Project,2026-05-01T00:00:00Z,2026-06-01T00:00:00Z,2026-05-06T01:00:00Z,2026-05-06T02:00:00Z,Purchase,,"Committed Use Discount commitment, amortised for the charge period",Recurring,0.089378,0,0.089378,0.089378,1,1,Standard,0.089378,USD,USD,1.0000000000,0,1.0000000000,USD,,,Compute Engine,Compute,Virtual Machines,SKU-b8c4053a3c266b7fa67c14bc,Commitment,SPRICE-cb0a6d013ae89a2d2508c7c1,"{""x_Plan"":""TWELVE_MONTH"",""x_Type"":""COMPUTE_OPTIMIZED""}",//compute.googleapis.com/projects/examplecorp-staging-552831/regions/asia-southeast1/commitments/cud-75f307d9e2,cud-51cbc88694,Committed Use Discount,asia-southeast1,Singapore,,//compute.googleapis.com/projects/examplecorp-staging-552831/regions/asia-southeast1/commitments/cud-75f307d9e2,SpendBasedCUD-1yr,Spend,Committed Use Discount,,0.089378,USD,,,"{""environment"":""prod"",""cost-center"":""cc-1042"",""owner"":""team-payments""}"
Google Cloud,Google,Google Cloud,INV-2026-05-A7B8C9,11C2D3-E4F506-A7B8C9,ExampleCorp Billing - Secondary,Billing Account,examplecorp-staging-552831,staging-platform,Project,2026-05-01T00:00:00Z,2026-06-01T00:00:00Z,2026-05-06T01:00:00Z,2026-05-06T02:00:00Z,Usage,,Compute Engine committed usage,Usage-Based,0,0.089378,0.134,0.1206,0.1340000000,0.1206000000,Committed,1,Hours,USD,0.1206000000,0.089378,0.1340000000,USD,1,Hours,Compute Engine,Compute,Virtual Machines,SKU-1f3d031b6a456d700dc64bbb,Compute,SPRICE-d8c574633874898080639a0f,"{""InstanceType"":""e2-standard-4"",""InstanceSeries"":""E2"",""CoreCount"":4,""MemorySize"":16,""OperatingSystem"":""Linux"",""x_Preemptible"":""false""}",//compute.googleapis.com/projects/examplecorp-staging-552831/instances/instance-000398893a,instance-000398893a,Compute Instance,asia-southeast1,Singapore,asia-southeast1-a,//compute.googleapis.com/projects/examplecorp-staging-552831/regions/asia-southeast1/commitments/cud-75f307d9e2,SpendBasedCUD-1yr,Spend,Committed Use Discount,Used,0.089378,USD,,,"{""environment"":""staging"",""cost-center"":""cc-1042"",""owner"":""team-payments""}"
Google Cloud,Google,Google Cloud,INV-2026-05-A7B8C9,11C2D3-E4F506-A7B8C9,ExampleCorp Billing - Secondary,Billing Account,examplecorp-staging-552831,staging-platform,Project,2026-05-01T00:00:00Z,2026-06-01T00:00:00Z,2026-05-06T02:00:00Z,2026-05-06T03:00:00Z,Purchase,,"Committed Use Discount commitment, amortised for the charge period",Recurring,0.089378,0,0.089378,0.089378,1,1,Standard,0.089378,USD,USD,1.0000000000,0,1.0000000000,USD,,,Compute Engine,Compute,Virtual Machines,SKU-b8c4053a3c266b7fa67c14bc,Commitment,SPRICE-cb0a6d013ae89a2d2508c7c1,"{""x_Plan"":""TWELVE_MONTH"",""x_Type"":""COMPUTE_OPTIMIZED""}",//compute.googleapis.com/projects/examplecorp-staging-552831/regions/asia-southeast1/commitments/cud-75f307d9e2,cud-51cbc88694,Committed Use Discount,asia-southeast1,Singapore,,//compute.googleapis.com/projects/examplecorp-staging-552831/regions/asia-southeast1/commitments/cud-75f307d9e2,SpendBasedCUD-1yr,Spend,Committed Use Discount,,0.089378,USD,,,"{""environment"":""staging"",""cost-center"":""cc-2087"",""owner"":""team-platform""}"
Google Cloud,Google,Google Cloud,INV-2026-05-A7B8C9,11C2D3-E4F506-A7B8C9,ExampleCorp Billing - Secondary,Billing Account,examplecorp-staging-552831,staging-platform,Project,2026-05-01T00:00:00Z,2026-06-01T00:00:00Z,2026-05-06T02:00:00Z,2026-05-06T03:00:00Z,Usage,,Compute Engine committed usage,Usage-Based,0,0.089378,0.134,0.1206,0.1340000000,0.1206000000,Committed,1,Hours,USD,0.1206000000,0.089378,0.1340000000,USD,1,Hours,Compute Engine,Compute,Virtual Machines,SKU-1f3d031b6a456d700dc64bbb,Compute,SPRICE-d8c574633874898080639a0f,"{""InstanceType"":""e2-standard-4"",""InstanceSeries"":""E2"",""CoreCount"":4,""MemorySize"":16,""OperatingSystem"":""Linux"",""x_Preemptible"":""false""}",//compute.googleapis.com/projects/examplecorp-staging-552831/instances/instance-0004202aa4,instance-0004202aa4,Compute Instance,asia-southeast1,Singapore,asia-southeast1-a,//compute.googleapis.com/projects/examplecorp-staging-552831/regions/asia-southeast1/commitments/cud-75f307d9e2,SpendBasedCUD-1yr,Spend,Committed Use Discount,Used,0.089378,USD,,,"{""environment"":""staging"",""cost-center"":""cc-2087"",""owner"":""team-data""}"
Google Cloud,Google,Google Cloud,INV-2026-05-A7B8C9,11C2D3-E4F506-A7B8C9,ExampleCorp Billing - Secondary,Billing Account,examplecorp-staging-552831,staging-platform,Project,2026-05-01T00:00:00Z,2026-06-01T00:00:00Z,2026-05-06T03:00:00Z,2026-05-06T04:00:00Z,Purchase,,"Committed Use Discount commitment, amortised for the charge period",Recurring,0.089378,0,0.089378,0.089378,1,1,Standard,0.089378,USD,USD,1.0000000000,0,1.0000000000,USD,,,Compute Engine,Compute,Virtual Machines,SKU-b8c4053a3c266b7fa67c14bc,Commitment,SPRICE-cb0a6d013ae89a2d2508c7c1,"{""x_Plan"":""TWELVE_MONTH"",""x_Type"":""COMPUTE_OPTIMIZED""}",//compute.googleapis.com/projects/examplecorp-staging-552831/regions/asia-southeast1/commitments/cud-75f307d9e2,cud-51cbc88694,Committed Use Discount,asia-southeast1,Singapore,,//compute.googleapis.com/projects/examplecorp-staging-552831/regions/asia-southeast1/commitments/cud-75f307d9e2,SpendBasedCUD-1yr,Spend,Committed Use Discount,,0.089378,USD,,,"{""environment"":""prod"",""cost-center"":""cc-3110"",""owner"":""team-platform""}"
Google Cloud,Google,Google Cloud,INV-2026-05-A7B8C9,11C2D3-E4F506-A7B8C9,ExampleCorp Billing - Secondary,Billing Account,examplecorp-staging-552831,staging-platform,Project,2026-05-01T00:00:00Z,2026-06-01T00:00:00Z,2026-05-06T03:00:00Z,2026-05-06T04:00:00Z,Usage,,Compute Engine committed usage,Usage-Based,0,0.089378,0.134,0.1206,0.1340000000,0.1206000000,Committed,1,Hours,USD,0.1206000000,0.089378,0.1340000000,USD,1,Hours,Compute Engine,Compute,Virtual Machines,SKU-1f3d031b6a456d700dc64bbb,Compute,SPRICE-d8c574633874898080639a0f,"{""InstanceType"":""e2-standard-4"",""InstanceSeries"":""E2"",""CoreCount"":4,""MemorySize"":16,""OperatingSystem"":""Linux"",""x_Preemptible"":""false""}",//compute.googleapis.com/projects/examplecorp-staging-552831/instances/instance-0005e84d51,instance-0005e84d51,Compute Instance,asia-southeast1,Singapore,asia-southeast1-a,//compute.googleapis.com/projects/examplecorp-staging-552831/regions/asia-southeast1/commitments/cud-75f307d9e2,SpendBasedCUD-1yr,Spend,Committed Use Discount,Used,0.089378,USD,,,"{""environment"":""dev"",""cost-center"":""cc-1042"",""owner"":""team-payments""}"
Google Cloud,Google,Google Cloud,INV-2026-05-A7B8C9,11C2D3-E4F506-A7B8C9,ExampleCorp Billing - Secondary,Billing Account,examplecorp-staging-552831,staging-platform,Project,2026-05-01T00:00:00Z,2026-06-01T00:00:00Z,2026-05-06T04:00:00Z,2026-05-06T05:00:00Z,Purchase,,"Committed Use Discount commitment, amortised for the charge period",Recurring,0.089378,0,0.089378,0.089378,1,1,Standard,0.089378,USD,USD,1.0000000000,0,1.0000000000,USD,,,Compute Engine,Compute,Virtual Machines,SKU-b8c4053a3c266b7fa67c14bc,Commitment,SPRICE-cb0a6d013ae89a2d2508c7c1,"{""x_Plan"":""TWELVE_MONTH"",""x_Type"":""COMPUTE_OPTIMIZED""}",//compute.googleapis.com/projects/examplecorp-staging-552831/regions/asia-southeast1/commitments/cud-75f307d9e2,cud-51cbc88694,Committed Use Discount,asia-southeast1,Singapore,,//compute.googleapis.com/projects/examplecorp-staging-552831/regions/asia-southeast1/commitments/cud-75f307d9e2,SpendBasedCUD-1yr,Spend,Committed Use Discount,,0.089378,USD,,,"{""environment"":""prod"",""cost-center"":""cc-2087"",""owner"":""team-payments""}"
Google Cloud,Google,Google Cloud,INV-2026-05-A7B8C9,11C2D3-E4F506-A7B8C9,ExampleCorp Billing - Secondary,Billing Account,examplecorp-staging-552831,staging-platform,Project,2026-05-01T00:00:00Z,2026-06-01T00:00:00Z,2026-05-06T04:00:00Z,2026-05-06T05:00:00Z,Usage,,Compute Engine committed usage,Usage-Based,0,0.089378,0.134,0.1206,0.1340000000,0.1206000000,Committed,1,Hours,USD,0.1206000000,0.089378,0.1340000000,USD,1,Hours,Compute Engine,Compute,Virtual Machines,SKU-1f3d031b6a456d700dc64bbb,Compute,SPRICE-d8c574633874898080639a0f,"{""InstanceType"":""e2-standard-4"",""InstanceSeries"":""E2"",""CoreCount"":4,""MemorySize"":16,""OperatingSystem"":""Linux"",""x_Preemptible"":""false""}",//compute.googleapis.com/projects/examplecorp-staging-552831/instances/instance-0006dacc72,instance-0006dacc72,Compute Instance,asia-southeast1,Singapore,asia-southeast1-a,//compute.googleapis.com/projects/examplecorp-staging-552831/regions/asia-southeast1/commitments/cud-75f307d9e2,SpendBasedCUD-1yr,Spend,Committed Use Discount,Used,0.089378,USD,,,"{""environment"":""prod"",""cost-center"":""cc-1042"",""owner"":""team-platform""}"
Google Cloud,Google,Google Cloud,INV-2026-05-A7B8C9,11C2D3-E4F506-A7B8C9,ExampleCorp Billing - Secondary,Billing Account,examplecorp-staging-552831,staging-platform,Project,2026-05-01T00:00:00Z,2026-06-01T00:00:00Z,2026-05-06T05:00:00Z,2026-05-06T06:00:00Z,Purchase,,"Committed Use Discount commitment, amortised for the charge period",Recurring,0.089378,0,0.089378,0.089378,1,1,Standard,0.089378,USD,USD,1.0000000000,0,1.0000000000,USD,,,Compute Engine,Compute,Virtual Machines,SKU-b8c4053a3c266b7fa67c14bc,Commitment,SPRICE-cb0a6d013ae89a2d2508c7c1,"{""x_Plan"":""TWELVE_MONTH"",""x_Type"":""COMPUTE_OPTIMIZED""}",//compute.googleapis.com/projects/examplecorp-staging-552831/regions/asia-southeast1/commitments/cud-75f307d9e2,cud-51cbc88694,Committed Use Discount,asia-southeast1,Singapore,,//compute.googleapis.com/projects/examplecorp-staging-552831/regions/asia-southeast1/commitments/cud-75f307d9e2,SpendBasedCUD-1yr,Spend,Committed Use Discount,,0.089378,USD,,,"{""environment"":""prod"",""cost-center"":""cc-1042"",""owner"":""team-payments""}"
Google Cloud,Google,Google Cloud,INV-2026-05-A7B8C9,11C2D3-E4F506-A7B8C9,ExampleCorp Billing - Secondary,Billing Account,examplecorp-staging-552831,staging-platform,Project,2026-05-01T00:00:00Z,2026-06-01T00:00:00Z,2026-05-06T05:00:00Z,2026-05-06T06:00:00Z,Usage,,Committed Use Discount unused commitment,Usage-Based,0,0.089378,0.089378,0.089378,1,1,Committed,0.089378,USD,USD,1.0000000000,0.089378,1.0000000000,USD,,,Compute Engine,Compute,Virtual Machines,SKU-b8c4053a3c266b7fa67c14bc,Commitment,SPRICE-cb0a6d013ae89a2d2508c7c1,"{""x_Plan"":""TWELVE_MONTH"",""x_Type"":""COMPUTE_OPTIMIZED""}",//compute.googleapis.com/projects/examplecorp-staging-552831/regions/asia-southeast1/commitments/cud-75f307d9e2,cud-51cbc88694,Committed Use Discount,asia-southeast1,Singapore,,//compute.googleapis.com/projects/examplecorp-staging-552831/regions/asia-southeast1/commitments/cud-75f307d9e2,SpendBasedCUD-1yr,Spend,Committed Use Discount,Unused,0.089378,USD,,,"{""environment"":""staging"",""cost-center"":""cc-1042"",""owner"":""team-platform""}"
Google Cloud,Google,Google Cloud,INV-2026-05-A7B8C9,11C2D3-E4F506-A7B8C9,ExampleCorp Billing - Secondary,Billing Account,examplecorp-staging-552831,staging-platform,Project,2026-05-01T00:00:00Z,2026-06-01T00:00:00Z,2026-05-06T06:00:00Z,2026-05-06T07:00:00Z,Purchase,,"Committed Use Discount commitment, amortised for the charge period",Recurring,0.089378,0,0.089378,0.089378,1,1,Standard,0.089378,USD,USD,1.0000000000,0,1.0000000000,USD,,,Compute Engine,Compute,Virtual Machines,SKU-b8c4053a3c266b7fa67c14bc,Commitment,SPRICE-cb0a6d013ae89a2d2508c7c1,"{""x_Plan"":""TWELVE_MONTH"",""x_Type"":""COMPUTE_OPTIMIZED""}",//compute.googleapis.com/projects/examplecorp-staging-552831/regions/asia-southeast1/commitments/cud-75f307d9e2,cud-51cbc88694,Committed Use Discount,asia-southeast1,Singapore,,//compute.googleapis.com/projects/examplecorp-staging-552831/regions/asia-southeast1/commitments/cud-75f307d9e2,SpendBasedCUD-1yr,Spend,Committed Use Discount,,0.089378,USD,,,"{""environment"":""staging"",""cost-center"":""cc-1042"",""owner"":""team-platform""}"
Google Cloud,Google,Google Cloud,INV-2026-05-A7B8C9,11C2D3-E4F506-A7B8C9,ExampleCorp Billing - Secondary,Billing Account,examplecorp-staging-552831,staging-platform,Project,2026-05-01T00:00:00Z,2026-06-01T00:00:00Z,2026-05-06T06:00:00Z,2026-05-06T07:00:00Z,Usage,,Committed Use Discount unused commitment,Usage-Based,0,0.089378,0.089378,0.089378,1,1,Committed,0.089378,USD,USD,1.0000000000,0.089378,1.0000000000,USD,,,Compute Engine,Compute,Virtual Machines,SKU-b8c4053a3c266b7fa67c14bc,Commitment,SPRICE-cb0a6d013ae89a2d2508c7c1,"{""x_Plan"":""TWELVE_MONTH"",""x_Type"":""COMPUTE_OPTIMIZED""}",//compute.googleapis.com/projects/examplecorp-staging-552831/regions/asia-southeast1/commitments/cud-75f307d9e2,cud-51cbc88694,Committed Use Discount,asia-southeast1,Singapore,,//compute.googleapis.com/projects/examplecorp-staging-552831/regions/asia-southeast1/commitments/cud-75f307d9e2,SpendBasedCUD-1yr,Spend,Committed Use Discount,Unused,0.089378,USD,,,"{""environment"":""prod"",""cost-center"":""cc-1042"",""owner"":""team-payments""}"
Google Cloud,Google,Google Cloud,INV-2026-05-F70819,01A2B3-C4D5E6-F70819,ExampleCorp Billing - Primary,Billing Account,examplecorp-prod-481627,prod-platform,Project,2026-05-01T00:00:00Z,2026-06-01T00:00:00Z,2026-05-06T16:00:00Z,2026-05-06T17:00:00Z,Usage,,Cloud SQL custom 4 vCPU,Usage-Based,0.18,0.18,0.2,0.18,0.2000000000,0.1800000000,Standard,1.0000,Hours,USD,0.1800000000,0.18,0.2000000000,USD,1.0000,Hours,Cloud SQL,Databases,Relational Databases,SKU-d90356e2a5d22b807727c289,Database,SPRICE-dedc6d4fdfe1a8a6142b961a,"{""InstanceType"":""db-custom-4-16384"",""CoreCount"":4,""MemorySize"":16,""x_Engine"":""PostgreSQL""}",//sqladmin.googleapis.com/projects/examplecorp-prod-481627/instances/sql-1c81ff48,sql-1c81ff48,Cloud SQL Instance,us-central1,Iowa,,,,,,,,,,,"{""environment"":""staging"",""cost-center"":""cc-1042"",""owner"":""team-payments""}"
Google Cloud,Google,Google Cloud,INV-2026-05-A7B8C9,11C2D3-E4F506-A7B8C9,ExampleCorp Billing - Secondary,Billing Account,examplecorp-data-739104,data-analytics,Project,2026-05-01T00:00:00Z,2026-06-01T00:00:00Z,2026-05-26T00:00:00Z,2026-05-27T00:00:00Z,Purchase,,Cloud Functions subscription fee,Recurring,662.29,662.29,662.29,662.29,662.29,662.29,Standard,1,Units,USD,662.2900000000,662.29,662.2900000000,USD,,,Cloud Functions,Compute,Serverless Compute,SKU-85cacc907452edc75004cf26,Subscription,SPRICE-43241618c34c810f5d37680e,"{""x_ChargeType"": ""SubscriptionFee""}",//cloudfunctions.googleapis.com/projects/examplecorp-data-739104/functions/fn-5e69e5d7,fn-5e69e5d7,Cloud Function,europe-west1,Belgium,,,,,,,,,,,"{""environment"":""staging"",""cost-center"":""cc-3110"",""owner"":""team-data""}"
Google Cloud,Google,Google Cloud,INV-2026-05-A7B8C9,11C2D3-E4F506-A7B8C9,ExampleCorp Billing - Secondary,Billing Account,examplecorp-staging-552831,staging-platform,Project,2026-05-01T00:00:00Z,2026-06-01T00:00:00Z,2026-05-27T00:00:00Z,2026-05-28T00:00:00Z,Purchase,,BigQuery subscription fee,Recurring,144.29,144.29,144.29,144.29,144.29,144.29,Standard,1,Units,USD,144.2900000000,144.29,144.2900000000,USD,,,BigQuery,Databases,Data Warehouses,SKU-4aa511258207dbaf59ac56ca,Subscription,SPRICE-4af7ea22dbe00961d2ea1942,"{""x_ChargeType"": ""SubscriptionFee""}",//bigquery.googleapis.com/projects/examplecorp-staging-552831/datasets/ds_b31cb019,ds_b31cb019,BigQuery Dataset,asia-southeast1,Singapore,,,,,,,,,,,"{""environment"":""staging"",""cost-center"":""cc-1042"",""owner"":""team-data""}"
Google Cloud,Google,Google Cloud,INV-2026-05-A7B8C9,11C2D3-E4F506-A7B8C9,ExampleCorp Billing - Secondary,Billing Account,examplecorp-prod-481627,prod-platform,Project,2026-05-01T00:00:00Z,2026-06-01T00:00:00Z,2026-05-28T00:00:00Z,2026-05-29T00:00:00Z,Usage,,On-demand query analysis,Usage-Based,43.3186875,43.3186875,48.131875,43.3186875,6.2500000000,5.6250000000,Standard,7.7011,TiB,EUR,5.1750000000,39.8531925,5.7500000000,USD,7.7011,TiB,BigQuery,Databases,Data Warehouses,SKU-ef2de98156d58b386f8bea8e,Analysis,SPRICE-35af7048e6904e6d4661d3db,"{""x_Edition"":""OnDemand""}",//bigquery.googleapis.com/projects/examplecorp-prod-481627/datasets/ds_765ab251,ds_765ab251,BigQuery Dataset,us-east1,South Carolina,,,,,,,,,,,"{""environment"":""prod"",""cost-center"":""cc-2087"",""owner"":""team-payments""}"
Google Cloud,Google,Google Cloud,INV-2026-05-F70819,01A2B3-C4D5E6-F70819,ExampleCorp Billing - Primary,Billing Account,examplecorp-data-739104,data-analytics,Project,2026-05-01T00:00:00Z,2026-06-01T00:00:00Z,2026-05-06T20:00:00Z,2026-05-06T21:00:00Z,Usage,,e2-standard-4 running,Usage-Based,0.1206,0.1206,0.134,0.1206,0.1340000000,0.1206000000,Standard,1.0000,Hours,USD,0.1206000000,0.1206,0.1340000000,USD,1.0000,Hours,Compute Engine,Compute,Virtual Machines,SKU-c7f294f3dc4904208c787632,Compute,SPRICE-c8c1784c237a87edf1c3647d,"{""InstanceType"":""e2-standard-4"",""InstanceSeries"":""E2"",""CoreCount"":4,""MemorySize"":16,""OperatingSystem"":""Linux"",""x_Preemptible"":""false""}",//compute.googleapis.com/projects/examplecorp-data-739104/instances/instance-5d4686b3,instance-5d4686b3,Compute Instance,us-east1,South Carolina,us-east1-c,,,,,,,,,,"{""environment"":""dev"",""cost-center"":""cc-3110"",""owner"":""team-platform""}"
Google Cloud,Google,Google Cloud,INV-2026-05-A7B8C9,11C2D3-E4F506-A7B8C9,ExampleCorp Billing - Secondary,Billing Account,examplecorp-staging-552831,staging-platform,Project,2026-05-01T00:00:00Z,2026-06-01T00:00:00Z,2026-05-06T21:00:00Z,2026-05-06T22:00:00Z,Usage,,Function execution duration,Usage-Based,2.908313540775,2.908313540775,3.23145948975,2.908313540775,0.0000025000,0.0000022500,Standard,1292583.7959,GB-Seconds,USD,0.0000022500,2.908313540775,0.0000025000,USD,1292583.7959,GB-Seconds,Cloud Functions,Compute,Serverless Compute,SKU-8a24a01b926d78ddce5a4f53,Compute,SPRICE-7ca6b452df77a0dcdde4d036,"{""x_Runtime"":""python312"",""x_Generation"":""gen2""}",//cloudfunctions.googleapis.com/projects/examplecorp-staging-552831/functions/fn-fabebdb7,fn-fabebdb7,Cloud Function,us-east1,South Carolina,,,,,,,,,,,"{""environment"":""dev"",""cost-center"":""cc-3110"",""owner"":""team-platform""}"
Google Cloud,Google,Google Cloud,INV-2026-05-A7B8C9,11C2D3-E4F506-A7B8C9,ExampleCorp Billing - Secondary,Billing Account,examplecorp-sandbox-160942,sandbox-dev,Project,2026-05-01T00:00:00Z,2026-06-01T00:00:00Z,2026-05-03T00:00:00Z,2026-05-04T00:00:00Z,Purchase,,Compute Engine subscription fee,Recurring,773.55,773.55,773.55,773.55,773.55,773.55,Standard,1,Units,USD,773.5500000000,773.55,773.5500000000,USD,,,Compute Engine,Compute,Virtual Machines,SKU-dd27b0473c4b74f272c4078f,Subscription,SPRICE-0d4599b9f9ddf68fe43a1d13,"{""x_ChargeType"": ""SubscriptionFee""}",//compute.googleapis.com/projects/examplecorp-sandbox-160942/instances/instance-bc82eaeb,instance-bc82eaeb,Compute Instance,us-east1,South Carolina,,,,,,,,,,,"{""environment"":""dev"",""cost-center"":""cc-1042"",""owner"":""team-data""}"
Google Cloud,Google,Google Cloud,INV-2026-05-A7B8C9,11C2D3-E4F506-A7B8C9,ExampleCorp Billing - Secondary,Billing Account,examplecorp-prod-481627,prod-platform,Project,2026-05-01T00:00:00Z,2026-06-01T00:00:00Z,2026-05-06T23:00:00Z,2026-05-07T00:00:00Z,Usage,,Cloud Run vCPU allocation,Usage-Based,14.56271835624,14.56271835624,16.1807981736,14.56271835624,0.0000240000,0.0000216000,Standard,674199.9239,Core-Seconds,USD,0.0000216000,14.56271835624,0.0000240000,USD,674199.9239,Core-Seconds,Cloud Run,Compute,Serverless Compute,SKU-e75878aa18ba02097c5ad236,Compute,SPRICE-29d89dec6fcc3435a30f9762,"{""x_Generation"":""gen2""}",//run.googleapis.com/projects/examplecorp-prod-481627/services/svc-a101ca49,svc-a101ca49,Cloud Run Service,us-central1,Iowa,,,,,,,,,,,"{""environment"":""dev"",""cost-center"":""cc-1042"",""owner"":""team-platform""}"
Google Cloud,Google,Google Cloud,INV-2026-05-F70819,01A2B3-C4D5E6-F70819,ExampleCorp Billing - Primary,Billing Account,examplecorp-data-739104,data-analytics,Project,2026-05-01T00:00:00Z,2026-06-01T00:00:00Z,2026-05-05T00:00:00Z,2026-05-06T00:00:00Z,Purchase,,Cloud Functions subscription fee,Recurring,222.93,222.93,222.93,222.93,222.93,222.93,Standard,1,Units,USD,222.9300000000,222.93,222.9300000000,USD,,,Cloud Functions,Compute,Serverless Compute,SKU-1f3d545bbe89b071aadb87da,Subscription,SPRICE-8da912743cc626fc5239dec9,"{""x_ChargeType"": ""SubscriptionFee""}",//cloudfunctions.googleapis.com/projects/examplecorp-data-739104/functions/fn-e016b39b,fn-e016b39b,Cloud Function,us-central1,Iowa,,,,,,,,,,,"{""environment"":""dev"",""cost-center"":""cc-2087"",""owner"":""team-data""}"
Google Cloud,Google,Google Cloud,INV-2026-05-F70819,01A2B3-C4D5E6-F70819,ExampleCorp Billing - Primary,Billing Account,examplecorp-staging-552831,staging-platform,Project,2026-05-01T00:00:00Z,2026-06-01T00:00:00Z,2026-05-06T00:00:00Z,2026-05-07T00:00:00Z,Usage,,On-demand query analysis,Usage-Based,196.567875,196.567875,218.40875,196.567875,6.2500000000,5.6250000000,Standard,34.9454,TiB,USD,5.6250000000,196.567875,6.2500000000,USD,34.9454,TiB,BigQuery,Databases,Data Warehouses,SKU-4f1f5c17ab1a3bad4c4e9805,Analysis,SPRICE-a8b87f9859524b369e02283b,"{""x_Edition"":""OnDemand""}",//bigquery.googleapis.com/projects/examplecorp-staging-552831/datasets/ds_089986d8,ds_089986d8,BigQuery Dataset,us-central1,Iowa,,,,,,,,,,,"{""environment"":""prod"",""cost-center"":""cc-1042"",""owner"":""team-payments""}"
Google Cloud,Google,Google Cloud,INV-2026-05-F70819,01A2B3-C4D5E6-F70819,ExampleCorp Billing - Primary,Billing Account,examplecorp-sandbox-160942,sandbox-dev,Project,2026-05-01T00:00:00Z,2026-06-01T00:00:00Z,2026-05-07T02:00:00Z,2026-05-07T03:00:00Z,Usage,,Function execution duration,Usage-Based,4.856651311275,4.856651311275,5.39627923475,4.856651311275,0.0000025000,0.0000022500,Standard,2158511.6939,GB-Seconds,USD,0.0000022500,4.856651311275,0.0000025000,USD,2158511.6939,GB-Seconds,Cloud Functions,Compute,Serverless Compute,SKU-8a24a01b926d78ddce5a4f53,Compute,SPRICE-7ca6b452df77a0dcdde4d036,"{""x_Runtime"":""python312"",""x_Generation"":""gen2""}",//cloudfunctions.googleapis.com/projects/examplecorp-sandbox-160942/functions/fn-b31da168,fn-b31da168,Cloud Function,us-east1,South Carolina,,,,,,,,,,,"{""environment"":""prod"",""cost-center"":""cc-3110"",""owner"":""team-payments""}"
Google Cloud,Google,Google Cloud,INV-2026-05-A7B8C9,11C2D3-E4F506-A7B8C9,ExampleCorp Billing - Secondary,Billing Account,examplecorp-prod-481627,prod-platform,Project,2026-05-01T00:00:00Z,2026-06-01T00:00:00Z,2026-05-07T03:00:00Z,2026-05-07T04:00:00Z,Usage,,GKE node pool hours,Usage-Based,0.1206,0.1206,0.134,0.1206,0.1340000000,0.1206000000,Standard,1.0000,Hours,USD,0.1206000000,0.1206,0.1340000000,USD,1.0000,Hours,Google Kubernetes Engine,Compute,Containers,SKU-9f36ca4ad55c40314722c6e2,Compute,SPRICE-d0b5636dddc3dcd209075213,"{""InstanceType"":""e2-standard-4"",""CoreCount"":4,""MemorySize"":16,""x_NodePool"":""default""}",//container.googleapis.com/projects/examplecorp-prod-481627/clusters/gke-766209c3,gke-766209c3,GKE Cluster,us-central1,Iowa,,,,,,,,,,,"{""environment"":""dev"",""cost-center"":""cc-1042"",""owner"":""team-platform""}"
Google Cloud,Google,Google Cloud,INV-2026-05-F70819,01A2B3-C4D5E6-F70819,ExampleCorp Billing - Primary,Billing Account,examplecorp-prod-481627,prod-platform,Project,2026-05-01T00:00:00Z,2026-06-01T00:00:00Z,2026-05-09T00:00:00Z,2026-05-10T00:00:00Z,Usage,,Monitoring data ingested,Usage-Based,44.8619688,44.8619688,49.846632,44.8619688,0.2580000000,0.2322000000,Standard,193.2040,MiB,USD,0.2322000000,44.8619688,0.2580000000,USD,193.2040,MiB,Cloud Monitoring,Management and Governance,Observability,SKU-73cb6d01edef8d38d97bb589,Monitoring,SPRICE-d59530bdf3a44cc1ae1d78ff,"{""x_DataType"":""Metrics""}",//monitoring.googleapis.com/projects/examplecorp-prod-481627/metricsScopes/mon-6dfc9e3b,mon-6dfc9e3b,Monitoring Workspace,asia-southeast1,Singapore,,,,,,,,,,,"{""environment"":""dev"",""cost-center"":""cc-3110"",""owner"":""team-data""}"
Google Cloud,Google,Google Cloud,INV-2026-05-F70819,01A2B3-C4D5E6-F70819,ExampleCorp Billing - Primary,Billing Account,examplecorp-sandbox-160942,sandbox-dev,Project,2026-05-01T00:00:00Z,2026-06-01T00:00:00Z,2026-05-07T05:00:00Z,2026-05-07T06:00:00Z,Usage,,Cloud Run vCPU allocation,Usage-Based,57.23375772312,57.23375772312,63.5930641368,57.23375772312,0.0000240000,0.0000216000,Standard,2649711.0057,Core-Seconds,USD,0.0000216000,57.23375772312,0.0000240000,USD,2649711.0057,Core-Seconds,Cloud Run,Compute,Serverless Compute,SKU-0828b68f352ea8761f8e1993,Compute,SPRICE-939cc729025fe8682a0f43e3,"{""x_Generation"":""gen2""}",//run.googleapis.com/projects/examplecorp-sandbox-160942/services/svc-b9793a87,svc-b9793a87,Cloud Run Service,europe-west1,Belgium,,,,,,,,,,,"{""environment"":""staging"",""cost-center"":""cc-3110"",""owner"":""team-data""}"
Google Cloud,Google,Google Cloud,INV-2026-05-F70819,01A2B3-C4D5E6-F70819,ExampleCorp Billing - Primary,Billing Account,examplecorp-sandbox-160942,sandbox-dev,Project,2026-05-01T00:00:00Z,2026-06-01T00:00:00Z,2026-05-11T00:00:00Z,2026-05-12T00:00:00Z,Usage,,On-demand query analysis,Usage-Based,155.4485625,155.4485625,172.720625,155.4485625,6.2500000000,5.6250000000,Standard,27.6353,TiB,USD,5.6250000000,155.4485625,6.2500000000,USD,27.6353,TiB,BigQuery,Databases,Data Warehouses,SKU-1607322bfb22b50842e3cc7b,Analysis,SPRICE-4b8dca1b547fed9a03f372f3,"{""x_Edition"":""OnDemand""}",//bigquery.googleapis.com/projects/examplecorp-sandbox-160942/datasets/ds_a5154a45,ds_a5154a45,BigQuery Dataset,asia-southeast1,Singapore,,,,,,,,,,,"{""environment"":""prod"",""cost-center"":""cc-3110"",""owner"":""team-data""}"
Google Cloud,Google,Google Cloud,INV-2026-05-F70819,01A2B3-C4D5E6-F70819,ExampleCorp Billing - Primary,Billing Account,examplecorp-prod-481627,prod-platform,Project,2026-05-01T00:00:00Z,2026-06-01T00:00:00Z,2026-05-07T07:00:00Z,2026-05-07T08:00:00Z,Usage,,e2-standard-4 running,Usage-Based,0.1206,0.1206,0.134,0.1206,0.1340000000,0.1206000000,Standard,1.0000,Hours,USD,0.1206000000,0.1206,0.1340000000,USD,1.0000,Hours,Compute Engine,Compute,Virtual Machines,SKU-161f822522a7bfba73514603,Compute,SPRICE-595a86198276ef2dbadddea2,"{""InstanceType"":""e2-standard-4"",""InstanceSeries"":""E2"",""CoreCount"":4,""MemorySize"":16,""OperatingSystem"":""Linux"",""x_Preemptible"":""false""}",//compute.googleapis.com/projects/examplecorp-prod-481627/instances/instance-87db2d3b,instance-87db2d3b,Compute Instance,us-central1,Iowa,us-central1-c,,,,,,,,,,"{""environment"":""prod"",""cost-center"":""cc-3110"",""owner"":""team-platform""}"
Google Cloud,Google,Google Cloud,INV-2026-05-F70819,01A2B3-C4D5E6-F70819,ExampleCorp Billing - Primary,Billing Account,examplecorp-prod-481627,prod-platform,Project,2026-05-01T00:00:00Z,2026-06-01T00:00:00Z,2026-05-07T08:00:00Z,2026-05-07T09:00:00Z,Usage,,Function execution duration,Usage-Based,0.801229090725,0.801229090725,0.89025454525,0.801229090725,0.0000025000,0.0000022500,Standard,356101.8181,GB-Seconds,USD,0.0000022500,0.801229090725,0.0000025000,USD,356101.8181,GB-Seconds,Cloud Functions,Compute,Serverless Compute,SKU-eb71d7502d67eb15645ae724,Compute,SPRICE-29314eddd725ec87d1767584,"{""x_Runtime"":""python312"",""x_Generation"":""gen2""}",//cloudfunctions.googleapis.com/projects/examplecorp-prod-481627/functions/fn-0d7df76d,fn-0d7df76d,Cloud Function,asia-southeast1,Singapore,,,,,,,,,,,"{""environment"":""dev"",""cost-center"":""cc-1042"",""owner"":""team-platform""}"
Google Cloud,Google,Google Cloud,INV-2026-05-A7B8C9,11C2D3-E4F506-A7B8C9,ExampleCorp Billing - Secondary,Billing Account,examplecorp-staging-552831,staging-platform,Project,2026-05-01T00:00:00Z,2026-06-01T00:00:00Z,2026-05-07T09:00:00Z,2026-05-07T10:00:00Z,Usage,,Function execution duration,Usage-Based,6.96167872695,6.96167872695,7.7351985855,6.96167872695,0.0000025000,0.0000022500,Standard,3094079.4342,GB-Seconds,USD,0.0000022500,6.96167872695,0.0000025000,USD,3094079.4342,GB-Seconds,Cloud Functions,Compute,Serverless Compute,SKU-8a24a01b926d78ddce5a4f53,Compute,SPRICE-7ca6b452df77a0dcdde4d036,"{""x_Runtime"":""python312"",""x_Generation"":""gen2""}",//cloudfunctions.googleapis.com/projects/examplecorp-staging-552831/functions/fn-5be4bf0b,fn-5be4bf0b,Cloud Function,us-east1,South Carolina,,,,,,,,,,,"{""environment"":""dev"",""cost-center"":""cc-2087"",""owner"":""team-payments""}"
Google Cloud,Google,Google Cloud,INV-2026-05-A7B8C9,11C2D3-E4F506-A7B8C9,ExampleCorp Billing - Secondary,Billing Account,examplecorp-prod-481627,prod-platform,Project,2026-05-01T00:00:00Z,2026-06-01T00:00:00Z,2026-05-07T10:00:00Z,2026-05-07T11:00:00Z,Usage,,GKE node pool hours,Usage-Based,0.1206,0.1206,0.134,0.1206,0.1340000000,0.1206000000,Standard,1.0000,Hours,USD,0.1206000000,0.1206,0.1340000000,USD,1.0000,Hours,Google Kubernetes Engine,Compute,Containers,SKU-86068fdbce854432224e9db3,Compute,SPRICE-42acd32065a96a502913e8e4,"{""InstanceType"":""e2-standard-4"",""CoreCount"":4,""MemorySize"":16,""x_NodePool"":""default""}",//container.googleapis.com/projects/examplecorp-prod-481627/clusters/gke-3bc9a2db,gke-3bc9a2db,GKE Cluster,asia-southeast1,Singapore,,,,,,,,,,,"{""environment"":""prod"",""cost-center"":""cc-3110"",""owner"":""team-platform""}"
Google Cloud,Google,Google Cloud,INV-2026-05-A7B8C9,11C2D3-E4F506-A7B8C9,ExampleCorp Billing - Secondary,Billing Account,examplecorp-staging-552831,staging-platform,Project,2026-05-01T00:00:00Z,2026-06-01T00:00:00Z,2026-05-16T00:00:00Z,2026-05-17T00:00:00Z,Usage,,On-demand query analysis,Usage-Based,271.650375,271.650375,301.83375,271.650375,6.2500000000,5.6250000000,Standard,48.2934,TiB,USD,5.6250000000,271.650375,6.2500000000,USD,48.2934,TiB,BigQuery,Databases,Data Warehouses,SKU-4f1f5c17ab1a3bad4c4e9805,Analysis,SPRICE-a8b87f9859524b369e02283b,"{""x_Edition"":""OnDemand""}",//bigquery.googleapis.com/projects/examplecorp-staging-552831/datasets/ds_e974e5cd,ds_e974e5cd,BigQuery Dataset,us-central1,Iowa,,,,,,,,,,,"{""environment"":""staging"",""cost-center"":""cc-2087"",""owner"":""team-data""}"
Google Cloud,Google,Google Cloud,INV-2026-05-A7B8C9,11C2D3-E4F506-A7B8C9,ExampleCorp Billing - Secondary,Billing Account,examplecorp-sandbox-160942,sandbox-dev,Project,2026-05-01T00:00:00Z,2026-06-01T00:00:00Z,2026-05-05T00:00:00Z,2026-05-06T00:00:00Z,Tax,,Synthetic tax 10% on usage record 61: Cloud Monitoring,One-Time,6.390812736,6.390812736,7.10090304,6.390812736,,,,,,USD,,6.390812736,,USD,,,Cloud Monitoring,Management and Governance,Observability,,,,,,,,,,,,,,,,,,,,"{""environment"":""dev"",""cost-center"":""cc-3110"",""owner"":""team-payments""}"
Google Cloud,Google,Google Cloud,INV-2026-05-F70819,01A2B3-C4D5E6-F70819,ExampleCorp Billing - Primary,Billing Account,examplecorp-staging-552831,staging-platform,Project,2026-05-01T00:00:00Z,2026-06-01T00:00:00Z,2026-05-07T13:00:00Z,2026-05-07T14:00:00Z,Usage,,Cloud Run vCPU allocation,Usage-Based,88.66786612536,88.66786612536,98.5198512504,88.66786612536,0.0000240000,0.0000216000,Standard,4104993.8021,Core-Seconds,USD,0.0000216000,88.66786612536,0.0000240000,USD,4104993.8021,Core-Seconds,Cloud Run,Compute,Serverless Compute,SKU-3b45c232fa69d636eca8dc39,Compute,SPRICE-9c404e5e6026ce0b2e5ce800,"{""x_Generation"":""gen2""}",//run.googleapis.com/projects/examplecorp-staging-552831/services/svc-d22f1feb,svc-d22f1feb,Cloud Run Service,asia-southeast1,Singapore,,,,,,,,,,,"{""environment"":""dev"",""cost-center"":""cc-1042"",""owner"":""team-platform""}"
Google Cloud,Google,Google Cloud,INV-2026-05-F70819,01A2B3-C4D5E6-F70819,ExampleCorp Billing - Primary,Billing Account,examplecorp-staging-552831,staging-platform,Project,2026-05-01T00:00:00Z,2026-06-01T00:00:00Z,2026-05-07T14:00:00Z,2026-05-07T15:00:00Z,Usage,,Cloud SQL custom 4 vCPU,Usage-Based,0.18,0.18,0.2,0.18,0.2000000000,0.1800000000,Standard,1.0000,Hours,USD,0.1800000000,0.18,0.2000000000,USD,1.0000,Hours,Cloud SQL,Databases,Relational Databases,SKU-d90356e2a5d22b807727c289,Database,SPRICE-dedc6d4fdfe1a8a6142b961a,"{""InstanceType"":""db-custom-4-16384"",""CoreCount"":4,""MemorySize"":16,""x_Engine"":""PostgreSQL""}",//sqladmin.googleapis.com/projects/examplecorp-staging-552831/instances/sql-53c5ec1f,sql-53c5ec1f,Cloud SQL Instance,us-central1,Iowa,,,,,,,,,,,"{""environment"":""dev"",""cost-center"":""cc-2087"",""owner"":""team-data""}"
Google Cloud,Google,Google Cloud,INV-2026-05-F70819,01A2B3-C4D5E6-F70819,ExampleCorp Billing - Primary,Billing Account,examplecorp-prod-481627,prod-platform,Project,2026-05-01T00:00:00Z,2026-06-01T00:00:00Z,2026-05-07T15:00:00Z,2026-05-07T16:00:00Z,Usage,,Cloud Run vCPU allocation,Usage-Based,74.47041536184,74.47041536184,82.7449059576,74.47041536184,0.0000240000,0.0000216000,Standard,3447704.4149,Core-Seconds,USD,0.0000216000,74.47041536184,0.0000240000,USD,3447704.4149,Core-Seconds,Cloud Run,Compute,Serverless Compute,SKU-0828b68f352ea8761f8e1993,Compute,SPRICE-939cc729025fe8682a0f43e3,"{""x_Generation"":""gen2""}",//run.googleapis.com/projects/examplecorp-prod-481627/services/svc-6bcb0e9a,svc-6bcb0e9a,Cloud Run Service,europe-west1,Belgium,,,,,,,,,,,"{""environment"":""prod"",""cost-center"":""cc-2087"",""owner"":""team-data""}"
Google Cloud,Google,Google Cloud,INV-2026-05-A7B8C9,11C2D3-E4F506-A7B8C9,ExampleCorp Billing - Secondary,Billing Account,examplecorp-data-739104,data-analytics,Project,2026-05-01T00:00:00Z,2026-06-01T00:00:00Z,2026-05-21T00:00:00Z,2026-05-22T00:00:00Z,Purchase,,Cloud SQL subscription fee,Recurring,128.27,128.27,128.27,128.27,128.27,128.27,Standard,1,Units,USD,128.2700000000,128.27,128.2700000000,USD,,,Cloud SQL,Databases,Relational Databases,SKU-36d0c9ca715b5f8815046661,Subscription,SPRICE-d9847cff3121a3ba28b6dd21,"{""x_ChargeType"": ""SubscriptionFee""}",//sqladmin.googleapis.com/projects/examplecorp-data-739104/instances/sql-6b8dbe84,sql-6b8dbe84,Cloud SQL Instance,asia-southeast1,Singapore,,,,,,,,,,,"{""environment"":""prod"",""cost-center"":""cc-2087"",""owner"":""team-payments""}"
Google Cloud,Google,Google Cloud,INV-2026-05-F70819,01A2B3-C4D5E6-F70819,ExampleCorp Billing - Primary,Billing Account,examplecorp-prod-481627,prod-platform,Project,2026-05-01T00:00:00Z,2026-06-01T00:00:00Z,2026-05-07T17:00:00Z,2026-05-07T18:00:00Z,Usage,,GKE node pool hours,Usage-Based,0.1206,0.1206,0.134,0.1206,0.1340000000,0.1206000000,Standard,1.0000,Hours,USD,0.1206000000,0.1206,0.1340000000,USD,1.0000,Hours,Google Kubernetes Engine,Compute,Containers,SKU-9f36ca4ad55c40314722c6e2,Compute,SPRICE-d0b5636dddc3dcd209075213,"{""InstanceType"":""e2-standard-4"",""CoreCount"":4,""MemorySize"":16,""x_NodePool"":""default""}",//container.googleapis.com/projects/examplecorp-prod-481627/clusters/gke-c32d4f22,gke-c32d4f22,GKE Cluster,us-central1,Iowa,,,,,,,,,,,"{""environment"":""prod"",""cost-center"":""cc-1042"",""owner"":""team-platform""}"
Google Cloud,Google,Google Cloud,INV-2026-05-A7B8C9,11C2D3-E4F506-A7B8C9,ExampleCorp Billing - Secondary,Billing Account,examplecorp-prod-481627,prod-platform,Project,2026-05-01T00:00:00Z,2026-06-01T00:00:00Z,2026-05-07T18:00:00Z,2026-05-07T19:00:00Z,Usage,,Cloud Run vCPU allocation,Usage-Based,99.67902697584,99.67902697584,110.7544744176,99.67902697584,0.0000240000,0.0000216000,Standard,4614769.7674,Core-Seconds,USD,0.0000216000,99.67902697584,0.0000240000,USD,4614769.7674,Core-Seconds,Cloud Run,Compute,Serverless Compute,SKU-e75878aa18ba02097c5ad236,Compute,SPRICE-29d89dec6fcc3435a30f9762,"{""x_Generation"":""gen2""}",//run.googleapis.com/projects/examplecorp-prod-481627/services/svc-9a7d4bb5,svc-9a7d4bb5,Cloud Run Service,us-central1,Iowa,,,,,,,,,,,"{""environment"":""prod"",""cost-center"":""cc-3110"",""owner"":""team-payments""}"
Google Cloud,Google,Google Cloud,INV-2026-05-F70819,01A2B3-C4D5E6-F70819,ExampleCorp Billing - Primary,Billing Account,examplecorp-sandbox-160942,sandbox-dev,Project,2026-05-01T00:00:00Z,2026-06-01T00:00:00Z,2026-05-17T13:00:00Z,2026-05-17T14:00:00Z,Tax,,Synthetic tax 10% on usage record 398: Cloud SQL,One-Time,0.018,0.018,0.02,0.018,,,,,,USD,,0.018,,USD,,,Cloud SQL,Databases,Relational Databases,,,,,,,,,,,,,,,,,,,,"{""environment"":""staging"",""cost-center"":""cc-3110"",""owner"":""team-payments""}"
Google Cloud,Google,Google Cloud,INV-2026-05-A7B8C9,11C2D3-E4F506-A7B8C9,ExampleCorp Billing - Secondary,Billing Account,examplecorp-data-739104,data-analytics,Project,2026-05-01T00:00:00Z,2026-06-01T00:00:00Z,2026-05-07T20:00:00Z,2026-05-07T21:00:00Z,Usage,,GKE node pool hours,Usage-Based,0.1206,0.1206,0.134,0.1206,0.1340000000,0.1206000000,Standard,1.0000,Hours,EUR,0.1109520000,0.110952,0.1232800000,USD,1.0000,Hours,Google Kubernetes Engine,Compute,Containers,SKU-9f36ca4ad55c40314722c6e2,Compute,SPRICE-7c594de5d5c3b63bc35cd28a,"{""InstanceType"":""e2-standard-4"",""CoreCount"":4,""MemorySize"":16,""x_NodePool"":""default""}",//container.googleapis.com/projects/examplecorp-data-739104/clusters/gke-af1dac02,gke-af1dac02,GKE Cluster,us-central1,Iowa,,,,,,,,,,,"{""environment"":""staging"",""cost-center"":""cc-1042"",""owner"":""team-payments""}"
Google Cloud,Google,Google Cloud,INV-2026-05-A7B8C9,11C2D3-E4F506-A7B8C9,ExampleCorp Billing - Secondary,Billing Account,examplecorp-sandbox-160942,sandbox-dev,Project,2026-05-01T00:00:00Z,2026-06-01T00:00:00Z,2026-05-26T00:00:00Z,2026-05-27T00:00:00Z,Purchase,,Google Kubernetes Engine subscription fee,Recurring,122.8,122.8,122.8,122.8,122.8,122.8,Standard,1,Units,USD,122.8000000000,122.8,122.8000000000,USD,,,Google Kubernetes Engine,Compute,Containers,SKU-dabd12767bb247f1733e4bbf,Subscription,SPRICE-56930e5ae17824181b8d3f45,"{""x_ChargeType"": ""SubscriptionFee""}",//container.googleapis.com/projects/examplecorp-sandbox-160942/clusters/gke-bb6ec05b,gke-bb6ec05b,GKE Cluster,us-east1,South Carolina,,,,,,,,,,,"{""environment"":""prod"",""cost-center"":""cc-3110"",""owner"":""team-payments""}"
Google Cloud,Google,Google Cloud,INV-2026-05-A7B8C9,11C2D3-E4F506-A7B8C9,ExampleCorp Billing - Secondary,Billing Account,examplecorp-sandbox-160942,sandbox-dev,Project,2026-05-01T00:00:00Z,2026-06-01T00:00:00Z,2026-05-27T00:00:00Z,2026-05-28T00:00:00Z,Usage,,Monitoring data ingested,Usage-Based,29.11084434,29.11084434,32.3453826,29.11084434,0.2580000000,0.2322000000,Standard,125.3697,MiB,USD,0.2322000000,29.11084434,0.2580000000,USD,125.3697,MiB,Cloud Monitoring,Management and Governance,Observability,SKU-afe92dda1165fc43abddae34,Monitoring,SPRICE-6d15472be77f7b0846642d52,"{""x_DataType"":""Metrics""}",//monitoring.googleapis.com/projects/examplecorp-sandbox-160942/metricsScopes/mon-bf163bd1,mon-bf163bd1,Monitoring Workspace,europe-west1,Belgium,,,,,,,,,,,"{""environment"":""staging"",""cost-center"":""cc-2087"",""owner"":""team-payments""}"
Google Cloud,Google,Google Cloud,INV-2026-05-F70819,01A2B3-C4D5E6-F70819,ExampleCorp Billing - Primary,Billing Account,examplecorp-staging-552831,staging-platform,Project,2026-05-01T00:00:00Z,2026-06-01T00:00:00Z,2026-05-01T00:00:00Z,2026-06-01T00:00:00Z,Usage,,Standard storage,Usage-Based,20.4938568,20.4938568,22.770952,20.4938568,0.0200000000,0.0180000000,Standard,1138.5476,GB-Months,USD,0.0180000000,20.4938568,0.0200000000,USD,1138.5476,GB-Months,Cloud Storage,Storage,Object Storage,SKU-d897913b7483a157db0c5b7e,Storage,SPRICE-c7019451d3d2cfe060e67bf2,"{""StorageClass"":""Standard""}",//storage.googleapis.com/projects/examplecorp-staging-552831/buckets/bucket-74aec709,bucket-74aec709,Storage Bucket,europe-west1,Belgium,,,,,,,,,,,"{""environment"":""staging"",""cost-center"":""cc-2087"",""owner"":""team-platform""}"
Google Cloud,Google,Google Cloud,INV-2026-05-A7B8C9,11C2D3-E4F506-A7B8C9,ExampleCorp Billing - Secondary,Billing Account,examplecorp-data-739104,data-analytics,Project,2026-05-01T00:00:00Z,2026-06-01T00:00:00Z,2026-05-08T00:00:00Z,2026-05-08T01:00:00Z,Usage,,Cloud Run vCPU allocation,Usage-Based,86.27416337232,86.27416337232,95.8601815248,86.27416337232,0.0000240000,0.0000216000,Standard,3994174.2302,Core-Seconds,USD,0.0000216000,86.27416337232,0.0000240000,USD,3994174.2302,Core-Seconds,Cloud Run,Compute,Serverless Compute,SKU-3b45c232fa69d636eca8dc39,Compute,SPRICE-9c404e5e6026ce0b2e5ce800,"{""x_Generation"":""gen2""}",//run.googleapis.com/projects/examplecorp-data-739104/services/svc-06d872ff,svc-06d872ff,Cloud Run Service,asia-southeast1,Singapore,,,,,,,,,,,"{""environment"":""dev"",""cost-center"":""cc-1042"",""owner"":""team-payments""}"
Google Cloud,Google,Google Cloud,INV-2026-05-A7B8C9,11C2D3-E4F506-A7B8C9,ExampleCorp Billing - Secondary,Billing Account,examplecorp-sandbox-160942,sandbox-dev,Project,2026-05-01T00:00:00Z,2026-06-01T00:00:00Z,2026-05-08T01:00:00Z,2026-05-08T02:00:00Z,Usage,,GKE node pool hours,Usage-Based,0.1206,0.1206,0.134,0.1206,0.1340000000,0.1206000000,Standard,1.0000,Hours,USD,0.1206000000,0.1206,0.1340000000,USD,1.0000,Hours,Google Kubernetes Engine,Compute,Containers,SKU-9f36ca4ad55c40314722c6e2,Compute,SPRICE-d0b5636dddc3dcd209075213,"{""InstanceType"":""e2-standard-4"",""CoreCount"":4,""MemorySize"":16,""x_NodePool"":""default""}",//container.googleapis.com/projects/examplecorp-sandbox-160942/clusters/gke-c8a0901e,gke-c8a0901e,GKE Cluster,us-central1,Iowa,,,,,,,,,,,"{""environment"":""staging"",""cost-center"":""cc-2087"",""owner"":""team-data""}"
Google Cloud,Google,Google Cloud,INV-2026-05-A7B8C9,11C2D3-E4F506-A7B8C9,ExampleCorp Billing - Secondary,Billing Account,examplecorp-sandbox-160942,sandbox-dev,Project,2026-05-01T00:00:00Z,2026-06-01T00:00:00Z,2026-05-08T02:00:00Z,2026-05-08T03:00:00Z,Usage,,e2-standard-4 running,Usage-Based,0.1206,0.1206,0.134,0.1206,0.1340000000,0.1206000000,Standard,1.0000,Hours,USD,0.1206000000,0.1206,0.1340000000,USD,1.0000,Hours,Compute Engine,Compute,Virtual Machines,SKU-161f822522a7bfba73514603,Compute,SPRICE-595a86198276ef2dbadddea2,"{""InstanceType"":""e2-standard-4"",""InstanceSeries"":""E2"",""CoreCount"":4,""MemorySize"":16,""OperatingSystem"":""Linux"",""x_Preemptible"":""false""}",//compute.googleapis.com/projects/examplecorp-sandbox-160942/instances/instance-bcbc8400,instance-bcbc8400,Compute Instance,us-central1,Iowa,us-central1-c,,,,,,,,,,"{""environment"":""staging"",""cost-center"":""cc-1042"",""owner"":""team-payments""}"
Google Cloud,Google,Google Cloud,INV-2026-05-A7B8C9,11C2D3-E4F506-A7B8C9,ExampleCorp Billing - Secondary,Billing Account,examplecorp-staging-552831,staging-platform,Project,2026-05-01T00:00:00Z,2026-06-01T00:00:00Z,2026-05-21T07:00:00Z,2026-05-21T08:00:00Z,Tax,,Synthetic tax 10% on usage record 488: Compute Engine,One-Time,0.01206,0.01206,0.0134,0.01206,,,,,,USD,,0.01206,,USD,,,Compute Engine,Compute,Virtual Machines,,,,,,,,,,,,,,,,,,,,"{""environment"":""staging"",""cost-center"":""cc-3110"",""owner"":""team-platform""}"
Google Cloud,Google,Google Cloud,INV-2026-05-A7B8C9,11C2D3-E4F506-A7B8C9,ExampleCorp Billing - Secondary,Billing Account,examplecorp-data-739104,data-analytics,Project,2026-05-01T00:00:00Z,2026-06-01T00:00:00Z,2026-05-08T04:00:00Z,2026-05-08T05:00:00Z,Usage,,Function execution duration,Usage-Based,5.64833194515,5.64833194515,6.2759243835,5.64833194515,0.0000025000,0.0000022500,Standard,2510369.7534,GB-Seconds,USD,0.0000022500,5.64833194515,0.0000025000,USD,2510369.7534,GB-Seconds,Cloud Functions,Compute,Serverless Compute,SKU-695ae4ac3664791d99311a2f,Compute,SPRICE-1660dde73d1cd143caedc47c,"{""x_Runtime"":""python312"",""x_Generation"":""gen2""}",//cloudfunctions.googleapis.com/projects/examplecorp-data-739104/functions/fn-3332f9bf,fn-3332f9bf,Cloud Function,us-central1,Iowa,,,,,,,,,,,"{""environment"":""staging"",""cost-center"":""cc-2087"",""owner"":""team-payments""}"
Google Cloud,Google,Google Cloud,INV-2026-05-F70819,01A2B3-C4D5E6-F70819,ExampleCorp Billing - Primary,Billing Account,examplecorp-prod-481627,prod-platform,Project,2026-05-01T00:00:00Z,2026-06-01T00:00:00Z,2026-05-08T16:00:00Z,2026-05-08T17:00:00Z,Tax,,Synthetic tax 10% on usage record 185: Cloud SQL,One-Time,0.018,0.018,0.02,0.018,,,,,,USD,,0.018,,USD,,,Cloud SQL,Databases,Relational Databases,,,,,,,,,,,,,,,,,,,,"{""environment"":""prod"",""cost-center"":""cc-3110"",""owner"":""team-platform""}"
Google Cloud,Google,Google Cloud,INV-2026-05-F70819,01A2B3-C4D5E6-F70819,ExampleCorp Billing - Primary,Billing Account,examplecorp-staging-552831,staging-platform,Project,2026-05-01T00:00:00Z,2026-06-01T00:00:00Z,2026-05-08T06:00:00Z,2026-05-08T07:00:00Z,Usage,,Cloud SQL custom 4 vCPU,Usage-Based,0.18,0.18,0.2,0.18,0.2000000000,0.1800000000,Standard,1.0000,Hours,USD,0.1800000000,0.18,0.2000000000,USD,1.0000,Hours,Cloud SQL,Databases,Relational Databases,SKU-5a84ed2775b50d245d6fae1f,Database,SPRICE-df6d9a619dcef43326a41589,"{""InstanceType"":""db-custom-4-16384"",""CoreCount"":4,""MemorySize"":16,""x_Engine"":""PostgreSQL""}",//sqladmin.googleapis.com/projects/examplecorp-staging-552831/instances/sql-9c9e17c4,sql-9c9e17c4,Cloud SQL Instance,asia-southeast1,Singapore,,,,,,,,,,,"{""environment"":""staging"",""cost-center"":""cc-2087"",""owner"":""team-payments""}"
Google Cloud,Google,Google Cloud,INV-2026-05-F70819,01A2B3-C4D5E6-F70819,ExampleCorp Billing - Primary,Billing Account,examplecorp-staging-552831,staging-platform,Project,2026-05-01T00:00:00Z,2026-06-01T00:00:00Z,2026-05-08T07:00:00Z,2026-05-08T08:00:00Z,Usage,,Cloud SQL custom 4 vCPU,Usage-Based,0.18,0.18,0.2,0.18,0.2000000000,0.1800000000,Standard,1.0000,Hours,USD,0.1800000000,0.18,0.2000000000,USD,1.0000,Hours,Cloud SQL,Databases,Relational Databases,SKU-d90356e2a5d22b807727c289,Database,SPRICE-dedc6d4fdfe1a8a6142b961a,"{""InstanceType"":""db-custom-4-16384"",""CoreCount"":4,""MemorySize"":16,""x_Engine"":""PostgreSQL""}",//sqladmin.googleapis.com/projects/examplecorp-staging-552831/instances/sql-d45a68d0,sql-d45a68d0,Cloud SQL Instance,us-central1,Iowa,,,,,,,,,,,"{""environment"":""prod"",""cost-center"":""cc-3110"",""owner"":""team-data""}"
Google Cloud,Google,Google Cloud,INV-2026-05-A7B8C9,11C2D3-E4F506-A7B8C9,ExampleCorp Billing - Secondary,Billing Account,examplecorp-prod-481627,prod-platform,Project,2026-05-01T00:00:00Z,2026-06-01T00:00:00Z,2026-05-09T00:00:00Z,2026-05-10T00:00:00Z,Purchase,,Cloud Run subscription fee,Recurring,150.99,150.99,150.99,150.99,150.99,150.99,Standard,1,Units,USD,150.9900000000,150.99,150.9900000000,USD,,,Cloud Run,Compute,Serverless Compute,SKU-39a813daca523e246fd9b254,Subscription,SPRICE-7f7b33833d5065313f14d1fc,"{""x_ChargeType"": ""SubscriptionFee""}",//run.googleapis.com/projects/examplecorp-prod-481627/services/svc-1372d743,svc-1372d743,Cloud Run Service,europe-west1,Belgium,,,,,,,,,,,"{""environment"":""dev"",""cost-center"":""cc-2087"",""owner"":""team-data""}"
Google Cloud,Google,Google Cloud,INV-2026-05-F70819,01A2B3-C4D5E6-F70819,ExampleCorp Billing - Primary,Billing Account,examplecorp-staging-552831,staging-platform,Project,2026-05-01T00:00:00Z,2026-06-01T00:00:00Z,2026-05-08T09:00:00Z,2026-05-08T10:00:00Z,Usage,,Function execution duration,Usage-Based,3.058181123175,3.058181123175,3.39797902575,3.058181123175,0.0000025000,0.0000022500,Standard,1359191.6103,GB-Seconds,USD,0.0000022500,3.058181123175,0.0000025000,USD,1359191.6103,GB-Seconds,Cloud Functions,Compute,Serverless Compute,SKU-695ae4ac3664791d99311a2f,Compute,SPRICE-1660dde73d1cd143caedc47c,"{""x_Runtime"":""python312"",""x_Generation"":""gen2""}",//cloudfunctions.googleapis.com/projects/examplecorp-staging-552831/functions/fn-9772ef6e,fn-9772ef6e,Cloud Function,us-central1,Iowa,,,,,,,,,,,"{""environment"":""prod"",""cost-center"":""cc-3110"",""owner"":""team-platform""}"
Google Cloud,Google,Google Cloud,INV-2026-05-A7B8C9,11C2D3-E4F506-A7B8C9,ExampleCorp Billing - Secondary,Billing Account,examplecorp-prod-481627,prod-platform,Project,2026-05-01T00:00:00Z,2026-06-01T00:00:00Z,2026-05-08T10:00:00Z,2026-05-08T11:00:00Z,Usage,,e2-standard-4 running,Usage-Based,0.1206,0.1206,0.134,0.1206,0.1340000000,0.1206000000,Standard,1.0000,Hours,EUR,0.1109520000,0.110952,0.1232800000,USD,1.0000,Hours,Compute Engine,Compute,Virtual Machines,SKU-1f3d031b6a456d700dc64bbb,Compute,SPRICE-dfe18e8231e835adf4e8fecb,"{""InstanceType"":""e2-standard-4"",""InstanceSeries"":""E2"",""CoreCount"":4,""MemorySize"":16,""OperatingSystem"":""Linux"",""x_Preemptible"":""false""}",//compute.googleapis.com/projects/examplecorp-prod-481627/instances/instance-fe4ddbd8,instance-fe4ddbd8,Compute Instance,asia-southeast1,Singapore,asia-southeast1-a,,,,,,,,,,"{""environment"":""staging"",""cost-center"":""cc-3110"",""owner"":""team-platform""}"
Google Cloud,Google,Google Cloud,INV-2026-05-A7B8C9,11C2D3-E4F506-A7B8C9,ExampleCorp Billing - Secondary,Billing Account,examplecorp-staging-552831,staging-platform,Project,2026-05-01T00:00:00Z,2026-06-01T00:00:00Z,2026-05-08T11:00:00Z,2026-05-08T12:00:00Z,Usage,,e2-standard-4 running,Usage-Based,0.1206,0.1206,0.134,0.1206,0.1340000000,0.1206000000,Standard,1.0000,Hours,EUR,0.1109520000,0.110952,0.1232800000,USD,1.0000,Hours,Compute Engine,Compute,Virtual Machines,SKU-c7f294f3dc4904208c787632,Compute,SPRICE-b3eafd94704d3812a74bbdc8,"{""InstanceType"":""e2-standard-4"",""InstanceSeries"":""E2"",""CoreCount"":4,""MemorySize"":16,""OperatingSystem"":""Linux"",""x_Preemptible"":""false""}",//compute.googleapis.com/projects/examplecorp-staging-552831/instances/instance-44071706,instance-44071706,Compute Instance,us-east1,South Carolina,us-east1-b,,,,,,,,,,"{""environment"":""dev"",""cost-center"":""cc-3110"",""owner"":""team-platform""}"
Google Cloud,Google,Google Cloud,INV-2026-05-F70819,01A2B3-C4D5E6-F70819,ExampleCorp Billing - Primary,Billing Account,examplecorp-sandbox-160942,sandbox-dev,Project,2026-05-01T00:00:00Z,2026-06-01T00:00:00Z,2026-05-08T12:00:00Z,2026-05-08T13:00:00Z,Usage,,Cloud SQL custom 4 vCPU,Usage-Based,0.18,0.18,0.2,0.18,0.2000000000,0.1800000000,Standard,1.0000,Hours,EUR,0.1656000000,0.1656,0.1840000000,USD,1.0000,Hours,Cloud SQL,Databases,Relational Databases,SKU-d90356e2a5d22b807727c289,Database,SPRICE-df9e0c17b6f9c0da15b0a4cc,"{""InstanceType"":""db-custom-4-16384"",""CoreCount"":4,""MemorySize"":16,""x_Engine"":""PostgreSQL""}",//sqladmin.googleapis.com/projects/examplecorp-sandbox-160942/instances/sql-7a0d5530,sql-7a0d5530,Cloud SQL Instance,us-central1,Iowa,,,,,,,,,,,"{""environment"":""prod"",""cost-center"":""cc-2087"",""owner"":""team-data""}"
Google Cloud,Google,Google Cloud,INV-2026-05-F70819,01A2B3-C4D5E6-F70819,ExampleCorp Billing - Primary,Billing Account,examplecorp-data-739104,data-analytics,Project,2026-05-01T00:00:00Z,2026-06-01T00:00:00Z,2026-05-14T00:00:00Z,2026-05-15T00:00:00Z,Usage,,Monitoring data ingested,Usage-Based,30.39727878,30.39727878,33.7747542,30.39727878,0.2580000000,0.2322000000,Standard,130.9099,MiB,USD,0.2322000000,30.39727878,0.2580000000,USD,130.9099,MiB,Cloud Monitoring,Management and Governance,Observability,SKU-afe92dda1165fc43abddae34,Monitoring,SPRICE-6d15472be77f7b0846642d52,"{""x_DataType"":""Metrics""}",//monitoring.googleapis.com/projects/examplecorp-data-739104/metricsScopes/mon-bfbbb4a1,mon-bfbbb4a1,Monitoring Workspace,europe-west1,Belgium,,,,,,,,,,,"{""environment"":""dev"",""cost-center"":""cc-3110"",""owner"":""team-data""}"
Google Cloud,Google,Google Cloud,INV-2026-05-F70819,01A2B3-C4D5E6-F70819,ExampleCorp Billing - Primary,Billing Account,examplecorp-sandbox-160942,sandbox-dev,Project,2026-05-01T00:00:00Z,2026-06-01T00:00:00Z,2026-05-15T00:00:00Z,2026-05-16T00:00:00Z,Purchase,,Cloud Storage subscription fee,Recurring,158.45,158.45,158.45,158.45,158.45,158.45,Standard,1,Units,USD,158.4500000000,158.45,158.4500000000,USD,,,Cloud Storage,Storage,Object Storage,SKU-c0981f5021a8c94e00c4199c,Subscription,SPRICE-b9b9de1dd1b547b9dd7462b0,"{""x_ChargeType"": ""SubscriptionFee""}",//storage.googleapis.com/projects/examplecorp-sandbox-160942/buckets/bucket-9cc6edbe,bucket-9cc6edbe,Storage Bucket,us-central1,Iowa,,,,,,,,,,,"{""environment"":""dev"",""cost-center"":""cc-1042"",""owner"":""team-payments""}"
Google Cloud,Google,Google Cloud,INV-2026-05-A7B8C9,11C2D3-E4F506-A7B8C9,ExampleCorp Billing - Secondary,Billing Account,examplecorp-prod-481627,prod-platform,Project,2026-05-01T00:00:00Z,2026-06-01T00:00:00Z,2026-05-01T00:00:00Z,2026-06-01T00:00:00Z,Usage,,Standard storage,Usage-Based,28.9051902,28.9051902,32.116878,28.9051902,0.0200000000,0.0180000000,Standard,1605.8439,GB-Months,USD,0.0180000000,28.9051902,0.0200000000,USD,1605.8439,GB-Months,Cloud Storage,Storage,Object Storage,SKU-8b457763f3438a2efc35839d,Storage,SPRICE-e9607b4aba6714ae0874493f,"{""StorageClass"":""Standard""}",//storage.googleapis.com/projects/examplecorp-prod-481627/buckets/bucket-4c24830c,bucket-4c24830c,Storage Bucket,us-east1,South Carolina,,,,,,,,,,,"{""environment"":""dev"",""cost-center"":""cc-1042"",""owner"":""team-platform""}"
Google Cloud,Google,Google Cloud,INV-2026-05-A7B8C9,11C2D3-E4F506-A7B8C9,ExampleCorp Billing - Secondary,Billing Account,examplecorp-prod-481627,prod-platform,Project,2026-05-01T00:00:00Z,2026-06-01T00:00:00Z,2026-05-08T16:00:00Z,2026-05-08T17:00:00Z,Usage,,GKE node pool hours,Usage-Based,0.1206,0.1206,0.134,0.1206,0.1340000000,0.1206000000,Standard,1.0000,Hours,EUR,0.1109520000,0.110952,0.1232800000,USD,1.0000,Hours,Google Kubernetes Engine,Compute,Containers,SKU-86068fdbce854432224e9db3,Compute,SPRICE-b11aab2dda921055c9ca01cd,"{""InstanceType"":""e2-standard-4"",""CoreCount"":4,""MemorySize"":16,""x_NodePool"":""default""}",//container.googleapis.com/projects/examplecorp-prod-481627/clusters/gke-28d26b63,gke-28d26b63,GKE Cluster,asia-southeast1,Singapore,,,,,,,,,,,"{""environment"":""prod"",""cost-center"":""cc-1042"",""owner"":""team-payments""}"
Google Cloud,Google,Google Cloud,INV-2026-05-A7B8C9,11C2D3-E4F506-A7B8C9,ExampleCorp Billing - Secondary,Billing Account,examplecorp-staging-552831,staging-platform,Project,2026-05-01T00:00:00Z,2026-06-01T00:00:00Z,2026-05-08T17:00:00Z,2026-05-08T18:00:00Z,Usage,,Cloud Run vCPU allocation,Usage-Based,41.25441271104,41.25441271104,45.8382363456,41.25441271104,0.0000240000,0.0000216000,Standard,1909926.5144,Core-Seconds,USD,0.0000216000,41.25441271104,0.0000240000,USD,1909926.5144,Core-Seconds,Cloud Run,Compute,Serverless Compute,SKU-0828b68f352ea8761f8e1993,Compute,SPRICE-939cc729025fe8682a0f43e3,"{""x_Generation"":""gen2""}",//run.googleapis.com/projects/examplecorp-staging-552831/services/svc-e789ee5c,svc-e789ee5c,Cloud Run Service,europe-west1,Belgium,,,,,,,,,,,"{""environment"":""dev"",""cost-center"":""cc-2087"",""owner"":""team-platform""}"
Google Cloud,Google,Google Cloud,INV-2026-05-A7B8C9,11C2D3-E4F506-A7B8C9,ExampleCorp Billing - Secondary,Billing Account,examplecorp-sandbox-160942,sandbox-dev,Project,2026-05-01T00:00:00Z,2026-06-01T00:00:00Z,2026-05-08T18:00:00Z,2026-05-08T19:00:00Z,Usage,,Cloud Run vCPU allocation,Usage-Based,22.22162644752,22.22162644752,24.6906960528,22.22162644752,0.0000240000,0.0000216000,Standard,1028779.0022,Core-Seconds,USD,0.0000216000,22.22162644752,0.0000240000,USD,1028779.0022,Core-Seconds,Cloud Run,Compute,Serverless Compute,SKU-e75878aa18ba02097c5ad236,Compute,SPRICE-29d89dec6fcc3435a30f9762,"{""x_Generation"":""gen2""}",//run.googleapis.com/projects/examplecorp-sandbox-160942/services/svc-5b6e8058,svc-5b6e8058,Cloud Run Service,us-central1,Iowa,,,,,,,,,,,"{""environment"":""prod"",""cost-center"":""cc-3110"",""owner"":""team-data""}"
Google Cloud,Google,Google Cloud,INV-2026-05-F70819,01A2B3-C4D5E6-F70819,ExampleCorp Billing - Primary,Billing Account,examplecorp-sandbox-160942,sandbox-dev,Project,2026-05-01T00:00:00Z,2026-06-01T00:00:00Z,2026-05-08T19:00:00Z,2026-05-08T20:00:00Z,Usage,,Cloud SQL custom 4 vCPU,Usage-Based,0.18,0.18,0.2,0.18,0.2000000000,0.1800000000,Standard,1.0000,Hours,USD,0.1800000000,0.18,0.2000000000,USD,1.0000,Hours,Cloud SQL,Databases,Relational Databases,SKU-5a84ed2775b50d245d6fae1f,Database,SPRICE-df6d9a619dcef43326a41589,"{""InstanceType"":""db-custom-4-16384"",""CoreCount"":4,""MemorySize"":16,""x_Engine"":""PostgreSQL""}",//sqladmin.googleapis.com/projects/examplecorp-sandbox-160942/instances/sql-40fc757d,sql-40fc757d,Cloud SQL Instance,asia-southeast1,Singapore,,,,,,,,,,,"{""environment"":""prod"",""cost-center"":""cc-1042"",""owner"":""team-data""}"
Google Cloud,Google,Google Cloud,INV-2026-05-F70819,01A2B3-C4D5E6-F70819,ExampleCorp Billing - Primary,Billing Account,examplecorp-sandbox-160942,sandbox-dev,Project,2026-05-01T00:00:00Z,2026-06-01T00:00:00Z,2026-05-08T20:00:00Z,2026-05-08T21:00:00Z,Usage,,GKE node pool hours,Usage-Based,0.1206,0.1206,0.134,0.1206,0.1340000000,0.1206000000,Standard,1.0000,Hours,USD,0.1206000000,0.1206,0.1340000000,USD,1.0000,Hours,Google Kubernetes Engine,Compute,Containers,SKU-95bb96cc0ee68cb652bab2e4,Compute,SPRICE-f0da7e1b00708ea0f5356a96,"{""InstanceType"":""e2-standard-4"",""CoreCount"":4,""MemorySize"":16,""x_NodePool"":""default""}",//container.googleapis.com/projects/examplecorp-sandbox-160942/clusters/gke-4630dd8c,gke-4630dd8c,GKE Cluster,europe-west1,Belgium,,,,,,,,,,,"{""environment"":""staging"",""cost-center"":""cc-1042"",""owner"":""team-platform""}"
Google Cloud,Google,Google Cloud,INV-2026-05-F70819,01A2B3-C4D5E6-F70819,ExampleCorp Billing - Primary,Billing Account,examplecorp-staging-552831,staging-platform,Project,2026-05-01T00:00:00Z,2026-06-01T00:00:00Z,2026-05-22T00:00:00Z,2026-05-23T00:00:00Z,Usage,,On-demand query analysis,Usage-Based,162.876375,162.876375,180.97375,162.876375,6.2500000000,5.6250000000,Standard,28.9558,TiB,USD,5.6250000000,162.876375,6.2500000000,USD,28.9558,TiB,BigQuery,Databases,Data Warehouses,SKU-ef2de98156d58b386f8bea8e,Analysis,SPRICE-257832ee3981a8cf8c2b0ca4,"{""x_Edition"":""OnDemand""}",//bigquery.googleapis.com/projects/examplecorp-staging-552831/datasets/ds_13c40f5a,ds_13c40f5a,BigQuery Dataset,us-east1,South Carolina,,,,,,,,,,,"{""environment"":""staging"",""cost-center"":""cc-1042"",""owner"":""team-payments""}"
Google Cloud,Google,Google Cloud,INV-2026-05-F70819,01A2B3-C4D5E6-F70819,ExampleCorp Billing - Primary,Billing Account,examplecorp-data-739104,data-analytics,Project,2026-05-01T00:00:00Z,2026-06-01T00:00:00Z,2026-05-23T00:00:00Z,2026-05-24T00:00:00Z,Usage,,Monitoring data ingested,Usage-Based,66.07736298,66.07736298,73.4192922,66.07736298,0.2580000000,0.2322000000,Standard,284.5709,MiB,USD,0.2322000000,66.07736298,0.2580000000,USD,284.5709,MiB,Cloud Monitoring,Management and Governance,Observability,SKU-afe92dda1165fc43abddae34,Monitoring,SPRICE-6d15472be77f7b0846642d52,"{""x_DataType"":""Metrics""}",//monitoring.googleapis.com/projects/examplecorp-data-739104/metricsScopes/mon-f5fa3718,mon-f5fa3718,Monitoring Workspace,europe-west1,Belgium,,,,,,,,,,,"{""environment"":""dev"",""cost-center"":""cc-1042"",""owner"":""team-data""}"
Google Cloud,Google,Google Cloud,INV-2026-05-F70819,01A2B3-C4D5E6-F70819,ExampleCorp Billing - Primary,Billing Account,examplecorp-sandbox-160942,sandbox-dev,Project,2026-05-01T00:00:00Z,2026-06-01T00:00:00Z,2026-05-08T23:00:00Z,2026-05-09T00:00:00Z,Usage,,e2-standard-4 running,Usage-Based,0.1206,0.1206,0.134,0.1206,0.1340000000,0.1206000000,Standard,1.0000,Hours,USD,0.1206000000,0.1206,0.1340000000,USD,1.0000,Hours,Compute Engine,Compute,Virtual Machines,SKU-c7f294f3dc4904208c787632,Compute,SPRICE-c8c1784c237a87edf1c3647d,"{""InstanceType"":""e2-standard-4"",""InstanceSeries"":""E2"",""CoreCount"":4,""MemorySize"":16,""OperatingSystem"":""Linux"",""x_Preemptible"":""false""}",//compute.googleapis.com/projects/examplecorp-sandbox-160942/instances/instance-7cedb375,instance-7cedb375,Compute Instance,us-east1,South Carolina,us-east1-c,,,,,,,,,,"{""environment"":""prod"",""cost-center"":""cc-2087"",""owner"":""team-platform""}"
Google Cloud,Google,Google Cloud,INV-2026-05-F70819,01A2B3-C4D5E6-F70819,ExampleCorp Billing - Primary,Billing Account,examplecorp-prod-481627,prod-platform,Project,2026-05-01T00:00:00Z,2026-06-01T00:00:00Z,2026-05-23T00:00:00Z,2026-05-24T00:00:00Z,Tax,,Synthetic tax 10% on usage record 471: BigQuery,One-Time,4.47204375,4.47204375,4.9689375,4.47204375,,,,,,USD,,4.47204375,,USD,,,BigQuery,Databases,Data Warehouses,,,,,,,,,,,,,,,,,,,,"{""environment"":""staging"",""cost-center"":""cc-3110"",""owner"":""team-data""}"
Google Cloud,Google,Google Cloud,INV-2026-05-A7B8C9,11C2D3-E4F506-A7B8C9,ExampleCorp Billing - Secondary,Billing Account,examplecorp-prod-481627,prod-platform,Project,2026-05-01T00:00:00Z,2026-06-01T00:00:00Z,2026-05-09T01:00:00Z,2026-05-09T02:00:00Z,Usage,,e2-standard-4 running,Usage-Based,0.1206,0.1206,0.134,0.1206,0.1340000000,0.1206000000,Standard,1.0000,Hours,USD,0.1206000000,0.1206,0.1340000000,USD,1.0000,Hours,Compute Engine,Compute,Virtual Machines,SKU-c7f294f3dc4904208c787632,Compute,SPRICE-c8c1784c237a87edf1c3647d,"{""InstanceType"":""e2-standard-4"",""InstanceSeries"":""E2"",""CoreCount"":4,""MemorySize"":16,""OperatingSystem"":""Linux"",""x_Preemptible"":""false""}",//compute.googleapis.com/projects/examplecorp-prod-481627/instances/instance-33f9ca10,instance-33f9ca10,Compute Instance,us-east1,South Carolina,us-east1-b,,,,,,,,,,"{""environment"":""dev"",""cost-center"":""cc-1042"",""owner"":""team-data""}"
Google Cloud,Google,Google Cloud,INV-2026-05-A7B8C9,11C2D3-E4F506-A7B8C9,ExampleCorp Billing - Secondary,Billing Account,examplecorp-staging-552831,staging-platform,Project,2026-05-01T00:00:00Z,2026-06-01T00:00:00Z,2026-05-23T10:00:00Z,2026-05-23T11:00:00Z,Tax,,Synthetic tax 10% on usage record 539: Cloud Functions,One-Time,0.13716256347,0.13716256347,0.1524028483,0.13716256347,,,,,,USD,,0.13716256347,,USD,,,Cloud Functions,Compute,Serverless Compute,,,,,,,,,,,,,,,,,,,,"{""environment"":""staging"",""cost-center"":""cc-3110"",""owner"":""team-platform""}"
Google Cloud,Google,Google Cloud,INV-2026-05-F70819,01A2B3-C4D5E6-F70819,ExampleCorp Billing - Primary,Billing Account,examplecorp-prod-481627,prod-platform,Project,2026-05-01T00:00:00Z,2026-06-01T00:00:00Z,2026-05-14T11:00:00Z,2026-05-14T12:00:00Z,Tax,,Synthetic tax 10% on usage record 324: Compute Engine,One-Time,0.01206,0.01206,0.0134,0.01206,,,,,,EUR,,0.0110952,,USD,,,Compute Engine,Compute,Virtual Machines,,,,,,,,,,,,,,,,,,,,"{""environment"":""prod"",""cost-center"":""cc-2087"",""owner"":""team-payments""}"
Google Cloud,Google,Google Cloud,INV-2026-05-F70819,01A2B3-C4D5E6-F70819,ExampleCorp Billing - Primary,Billing Account,examplecorp-prod-481627,prod-platform,Project,2026-05-01T00:00:00Z,2026-06-01T00:00:00Z,2026-05-02T16:00:00Z,2026-05-02T17:00:00Z,Tax,,Synthetic tax 10% on usage record 41: Cloud SQL,One-Time,0.018,0.018,0.02,0.018,,,,,,USD,,0.018,,USD,,,Cloud SQL,Databases,Relational Databases,,,,,,,,,,,,,,,,,,,,"{""environment"":""staging"",""cost-center"":""cc-2087"",""owner"":""team-data""}"
Google Cloud,Google,Google Cloud,INV-2026-05-A7B8C9,11C2D3-E4F506-A7B8C9,ExampleCorp Billing - Secondary,Billing Account,examplecorp-staging-552831,staging-platform,Project,2026-05-01T00:00:00Z,2026-06-01T00:00:00Z,2026-05-09T05:00:00Z,2026-05-09T06:00:00Z,Usage,,Cloud SQL custom 4 vCPU,Usage-Based,0.18,0.18,0.2,0.18,0.2000000000,0.1800000000,Standard,1.0000,Hours,USD,0.1800000000,0.18,0.2000000000,USD,1.0000,Hours,Cloud SQL,Databases,Relational Databases,SKU-d90356e2a5d22b807727c289,Database,SPRICE-dedc6d4fdfe1a8a6142b961a,"{""InstanceType"":""db-custom-4-16384"",""CoreCount"":4,""MemorySize"":16,""x_Engine"":""PostgreSQL""}",//sqladmin.googleapis.com/projects/examplecorp-staging-552831/instances/sql-c0eb0359,sql-c0eb0359,Cloud SQL Instance,us-central1,Iowa,,,,,,,,,,,"{""environment"":""staging"",""cost-center"":""cc-2087"",""owner"":""team-payments""}"
Google Cloud,Google,Google Cloud,INV-2026-05-F70819,01A2B3-C4D5E6-F70819,ExampleCorp Billing - Primary,Billing Account,examplecorp-data-739104,data-analytics,Project,2026-05-01T00:00:00Z,2026-06-01T00:00:00Z,2026-05-07T23:00:00Z,2026-05-08T00:00:00Z,Tax,,Synthetic tax 10% on usage record 168: Cloud SQL,One-Time,0.018,0.018,0.02,0.018,,,,,,USD,,0.018,,USD,,,Cloud SQL,Databases,Relational Databases,,,,,,,,,,,,,,,,,,,,"{""environment"":""dev"",""cost-center"":""cc-3110"",""owner"":""team-payments""}"
Google Cloud,Google,Google Cloud,INV-2026-05-F70819,01A2B3-C4D5E6-F70819,ExampleCorp Billing - Primary,Billing Account,examplecorp-staging-552831,staging-platform,Project,2026-05-01T00:00:00Z,2026-06-01T00:00:00Z,2026-05-01T00:00:00Z,2026-06-01T00:00:00Z,Tax,,Synthetic tax 10% on usage record 519: Cloud Storage,One-Time,13.1587893,13.1587893,14.620877,13.1587893,,,,,,USD,,13.1587893,,USD,,,Cloud Storage,Storage,Object Storage,,,,,,,,,,,,,,,,,,,,"{""environment"":""prod"",""cost-center"":""cc-1042"",""owner"":""team-data""}"
Google Cloud,Google,Google Cloud,INV-2026-05-F70819,01A2B3-C4D5E6-F70819,ExampleCorp Billing - Primary,Billing Account,examplecorp-staging-552831,staging-platform,Project,2026-05-01T00:00:00Z,2026-06-01T00:00:00Z,2026-05-09T08:00:00Z,2026-05-09T09:00:00Z,Purchase,,"Committed Use Discount commitment, amortised for the charge period",Recurring,0.089378,0,0.089378,0.089378,0.0893780000,0.0893780000,Standard,1,Hours,USD,0.0893780000,0,0.0893780000,USD,,,Compute Engine,Compute,Virtual Machines,SKU-d6c2adff26344e20c34afbe9,Commitment,SPRICE-74f0996e90abb1974afd8989,"{""x_Plan"":""TWELVE_MONTH"",""x_Type"":""COMPUTE_OPTIMIZED""}",//compute.googleapis.com/projects/examplecorp-staging-552831/regions/europe-west1/commitments/cud-4e44768872,cud-1721500392,Committed Use Discount,europe-west1,Belgium,,//compute.googleapis.com/projects/examplecorp-staging-552831/regions/europe-west1/commitments/cud-4e44768872,ResourceBasedCUD-1yr-Compute,Usage,Committed Use Discount,,1,Hours,,,"{""environment"":""staging"",""cost-center"":""cc-1042"",""owner"":""team-platform""}"
Google Cloud,Google,Google Cloud,INV-2026-05-F70819,01A2B3-C4D5E6-F70819,ExampleCorp Billing - Primary,Billing Account,examplecorp-staging-552831,staging-platform,Project,2026-05-01T00:00:00Z,2026-06-01T00:00:00Z,2026-05-09T08:00:00Z,2026-05-09T09:00:00Z,Usage,,Compute Engine committed usage,Usage-Based,0,0.089378,0.134,0.1206,0.1340000000,0.1206000000,Committed,1,Hours,USD,0.1206000000,0.089378,0.1340000000,USD,1,Hours,Compute Engine,Compute,Virtual Machines,SKU-1badc439797b2cd5d91eaa22,Compute,SPRICE-0e8670e23a7f9352bf5b81bc,"{""InstanceType"":""e2-standard-4"",""InstanceSeries"":""E2"",""CoreCount"":4,""MemorySize"":16,""OperatingSystem"":""Linux"",""x_Preemptible"":""false""}",//compute.googleapis.com/projects/examplecorp-staging-552831/instances/instance-0000ff28e3,instance-0000ff28e3,Compute Instance,europe-west1,Belgium,europe-west1-c,//compute.googleapis.com/projects/examplecorp-staging-552831/regions/europe-west1/commitments/cud-4e44768872,ResourceBasedCUD-1yr-Compute,Usage,Committed Use Discount,Used,1,Hours,,,"{""environment"":""dev"",""cost-center"":""cc-3110"",""owner"":""team-payments""}"
Google Cloud,Google,Google Cloud,INV-2026-05-F70819,01A2B3-C4D5E6-F70819,ExampleCorp Billing - Primary,Billing Account,examplecorp-staging-552831,staging-platform,Project,2026-05-01T00:00:00Z,2026-06-01T00:00:00Z,2026-05-09T09:00:00Z,2026-05-09T10:00:00Z,Purchase,,"Committed Use Discount commitment, amortised for the charge period",Recurring,0.089378,0,0.089378,0.089378,0.0893780000,0.0893780000,Standard,1,Hours,USD,0.0893780000,0,0.0893780000,USD,,,Compute Engine,Compute,Virtual Machines,SKU-d6c2adff26344e20c34afbe9,Commitment,SPRICE-74f0996e90abb1974afd8989,"{""x_Plan"":""TWELVE_MONTH"",""x_Type"":""COMPUTE_OPTIMIZED""}",//compute.googleapis.com/projects/examplecorp-staging-552831/regions/europe-west1/commitments/cud-4e44768872,cud-1721500392,Committed Use Discount,europe-west1,Belgium,,//compute.googleapis.com/projects/examplecorp-staging-552831/regions/europe-west1/commitments/cud-4e44768872,ResourceBasedCUD-1yr-Compute,Usage,Committed Use Discount,,1,Hours,,,"{""environment"":""staging"",""cost-center"":""cc-1042"",""owner"":""team-data""}"
Google Cloud,Google,Google Cloud,INV-2026-05-F70819,01A2B3-C4D5E6-F70819,ExampleCorp Billing - Primary,Billing Account,examplecorp-staging-552831,staging-platform,Project,2026-05-01T00:00:00Z,2026-06-01T00:00:00Z,2026-05-09T09:00:00Z,2026-05-09T10:00:00Z,Usage,,Compute Engine committed usage,Usage-Based,0,0.089378,0.134,0.1206,0.1340000000,0.1206000000,Committed,1,Hours,USD,0.1206000000,0.089378,0.1340000000,USD,1,Hours,Compute Engine,Compute,Virtual Machines,SKU-1badc439797b2cd5d91eaa22,Compute,SPRICE-0e8670e23a7f9352bf5b81bc,"{""InstanceType"":""e2-standard-4"",""InstanceSeries"":""E2"",""CoreCount"":4,""MemorySize"":16,""OperatingSystem"":""Linux"",""x_Preemptible"":""false""}",//compute.googleapis.com/projects/examplecorp-staging-552831/instances/instance-0001e7087c,instance-0001e7087c,Compute Instance,europe-west1,Belgium,europe-west1-c,//compute.googleapis.com/projects/examplecorp-staging-552831/regions/europe-west1/commitments/cud-4e44768872,ResourceBasedCUD-1yr-Compute,Usage,Committed Use Discount,Used,1,Hours,,,"{""environment"":""dev"",""cost-center"":""cc-1042"",""owner"":""team-payments""}"
Google Cloud,Google,Google Cloud,INV-2026-05-F70819,01A2B3-C4D5E6-F70819,ExampleCorp Billing - Primary,Billing Account,examplecorp-staging-552831,staging-platform,Project,2026-05-01T00:00:00Z,2026-06-01T00:00:00Z,2026-05-09T10:00:00Z,2026-05-09T11:00:00Z,Purchase,,"Committed Use Discount commitment, amortised for the charge period",Recurring,0.089378,0,0.089378,0.089378,0.0893780000,0.0893780000,Standard,1,Hours,USD,0.0893780000,0,0.0893780000,USD,,,Compute Engine,Compute,Virtual Machines,SKU-d6c2adff26344e20c34afbe9,Commitment,SPRICE-74f0996e90abb1974afd8989,"{""x_Plan"":""TWELVE_MONTH"",""x_Type"":""COMPUTE_OPTIMIZED""}",//compute.googleapis.com/projects/examplecorp-staging-552831/regions/europe-west1/commitments/cud-4e44768872,cud-1721500392,Committed Use Discount,europe-west1,Belgium,,//compute.googleapis.com/projects/examplecorp-staging-552831/regions/europe-west1/commitments/cud-4e44768872,ResourceBasedCUD-1yr-Compute,Usage,Committed Use Discount,,1,Hours,,,"{""environment"":""staging"",""cost-center"":""cc-2087"",""owner"":""team-data""}"
Google Cloud,Google,Google Cloud,INV-2026-05-F70819,01A2B3-C4D5E6-F70819,ExampleCorp Billing - Primary,Billing Account,examplecorp-staging-552831,staging-platform,Project,2026-05-01T00:00:00Z,2026-06-01T00:00:00Z,2026-05-09T10:00:00Z,2026-05-09T11:00:00Z,Usage,,Compute Engine committed usage,Usage-Based,0,0.089378,0.134,0.1206,0.1340000000,0.1206000000,Committed,1,Hours,USD,0.1206000000,0.089378,0.1340000000,USD,1,Hours,Compute Engine,Compute,Virtual Machines,SKU-1badc439797b2cd5d91eaa22,Compute,SPRICE-0e8670e23a7f9352bf5b81bc,"{""InstanceType"":""e2-standard-4"",""InstanceSeries"":""E2"",""CoreCount"":4,""MemorySize"":16,""OperatingSystem"":""Linux"",""x_Preemptible"":""false""}",//compute.googleapis.com/projects/examplecorp-staging-552831/instances/instance-0002a05fdd,instance-0002a05fdd,Compute Instance,europe-west1,Belgium,europe-west1-c,//compute.googleapis.com/projects/examplecorp-staging-552831/regions/europe-west1/commitments/cud-4e44768872,ResourceBasedCUD-1yr-Compute,Usage,Committed Use Discount,Used,1,Hours,,,"{""environment"":""prod"",""cost-center"":""cc-3110"",""owner"":""team-platform""}"
Google Cloud,Google,Google Cloud,INV-2026-05-F70819,01A2B3-C4D5E6-F70819,ExampleCorp Billing - Primary,Billing Account,examplecorp-staging-552831,staging-platform,Project,2026-05-01T00:00:00Z,2026-06-01T00:00:00Z,2026-05-09T11:00:00Z,2026-05-09T12:00:00Z,Purchase,,"Committed Use Discount commitment, amortised for the charge period",Recurring,0.089378,0,0.089378,0.089378,0.0893780000,0.0893780000,Standard,1,Hours,USD,0.0893780000,0,0.0893780000,USD,,,Compute Engine,Compute,Virtual Machines,SKU-d6c2adff26344e20c34afbe9,Commitment,SPRICE-74f0996e90abb1974afd8989,"{""x_Plan"":""TWELVE_MONTH"",""x_Type"":""COMPUTE_OPTIMIZED""}",//compute.googleapis.com/projects/examplecorp-staging-552831/regions/europe-west1/commitments/cud-4e44768872,cud-1721500392,Committed Use Discount,europe-west1,Belgium,,//compute.googleapis.com/projects/examplecorp-staging-552831/regions/europe-west1/commitments/cud-4e44768872,ResourceBasedCUD-1yr-Compute,Usage,Committed Use Discount,,1,Hours,,,"{""environment"":""dev"",""cost-center"":""cc-1042"",""owner"":""team-payments""}"
Google Cloud,Google,Google Cloud,INV-2026-05-F70819,01A2B3-C4D5E6-F70819,ExampleCorp Billing - Primary,Billing Account,examplecorp-staging-552831,staging-platform,Project,2026-05-01T00:00:00Z,2026-06-01T00:00:00Z,2026-05-09T11:00:00Z,2026-05-09T12:00:00Z,Usage,,Compute Engine committed usage,Usage-Based,0,0.089378,0.134,0.1206,0.1340000000,0.1206000000,Committed,1,Hours,USD,0.1206000000,0.089378,0.1340000000,USD,1,Hours,Compute Engine,Compute,Virtual Machines,SKU-1badc439797b2cd5d91eaa22,Compute,SPRICE-0e8670e23a7f9352bf5b81bc,"{""InstanceType"":""e2-standard-4"",""InstanceSeries"":""E2"",""CoreCount"":4,""MemorySize"":16,""OperatingSystem"":""Linux"",""x_Preemptible"":""false""}",//compute.googleapis.com/projects/examplecorp-staging-552831/instances/instance-0003132d5c,instance-0003132d5c,Compute Instance,europe-west1,Belgium,europe-west1-c,//compute.googleapis.com/projects/examplecorp-staging-552831/regions/europe-west1/commitments/cud-4e44768872,ResourceBasedCUD-1yr-Compute,Usage,Committed Use Discount,Used,1,Hours,,,"{""environment"":""dev"",""cost-center"":""cc-3110"",""owner"":""team-platform""}"
Google Cloud,Google,Google Cloud,INV-2026-05-F70819,01A2B3-C4D5E6-F70819,ExampleCorp Billing - Primary,Billing Account,examplecorp-staging-552831,staging-platform,Project,2026-05-01T00:00:00Z,2026-06-01T00:00:00Z,2026-05-09T12:00:00Z,2026-05-09T13:00:00Z,Purchase,,"Committed Use Discount commitment, amortised for the charge period",Recurring,0.089378,0,0.089378,0.089378,0.0893780000,0.0893780000,Standard,1,Hours,USD,0.0893780000,0,0.0893780000,USD,,,Compute Engine,Compute,Virtual Machines,SKU-d6c2adff26344e20c34afbe9,Commitment,SPRICE-74f0996e90abb1974afd8989,"{""x_Plan"":""TWELVE_MONTH"",""x_Type"":""COMPUTE_OPTIMIZED""}",//compute.googleapis.com/projects/examplecorp-staging-552831/regions/europe-west1/commitments/cud-4e44768872,cud-1721500392,Committed Use Discount,europe-west1,Belgium,,//compute.googleapis.com/projects/examplecorp-staging-552831/regions/europe-west1/commitments/cud-4e44768872,ResourceBasedCUD-1yr-Compute,Usage,Committed Use Discount,,1,Hours,,,"{""environment"":""staging"",""cost-center"":""cc-2087"",""owner"":""team-data""}"
Google Cloud,Google,Google Cloud,INV-2026-05-F70819,01A2B3-C4D5E6-F70819,ExampleCorp Billing - Primary,Billing Account,examplecorp-staging-552831,staging-platform,Project,2026-05-01T00:00:00Z,2026-06-01T00:00:00Z,2026-05-09T12:00:00Z,2026-05-09T13:00:00Z,Usage,,Compute Engine committed usage,Usage-Based,0,0.089378,0.134,0.1206,0.1340000000,0.1206000000,Committed,1,Hours,USD,0.1206000000,0.089378,0.1340000000,USD,1,Hours,Compute Engine,Compute,Virtual Machines,SKU-1badc439797b2cd5d91eaa22,Compute,SPRICE-0e8670e23a7f9352bf5b81bc,"{""InstanceType"":""e2-standard-4"",""InstanceSeries"":""E2"",""CoreCount"":4,""MemorySize"":16,""OperatingSystem"":""Linux"",""x_Preemptible"":""false""}",//compute.googleapis.com/projects/examplecorp-staging-552831/instances/instance-00047086da,instance-00047086da,Compute Instance,europe-west1,Belgium,europe-west1-c,//compute.googleapis.com/projects/examplecorp-staging-552831/regions/europe-west1/commitments/cud-4e44768872,ResourceBasedCUD-1yr-Compute,Usage,Committed Use Discount,Used,1,Hours,,,"{""environment"":""prod"",""cost-center"":""cc-3110"",""owner"":""team-platform""}"
Google Cloud,Google,Google Cloud,INV-2026-05-F70819,01A2B3-C4D5E6-F70819,ExampleCorp Billing - Primary,Billing Account,examplecorp-staging-552831,staging-platform,Project,2026-05-01T00:00:00Z,2026-06-01T00:00:00Z,2026-05-09T13:00:00Z,2026-05-09T14:00:00Z,Purchase,,"Committed Use Discount commitment, amortised for the charge period",Recurring,0.089378,0,0.089378,0.089378,0.0893780000,0.0893780000,Standard,1,Hours,USD,0.0893780000,0,0.0893780000,USD,,,Compute Engine,Compute,Virtual Machines,SKU-d6c2adff26344e20c34afbe9,Commitment,SPRICE-74f0996e90abb1974afd8989,"{""x_Plan"":""TWELVE_MONTH"",""x_Type"":""COMPUTE_OPTIMIZED""}",//compute.googleapis.com/projects/examplecorp-staging-552831/regions/europe-west1/commitments/cud-4e44768872,cud-1721500392,Committed Use Discount,europe-west1,Belgium,,//compute.googleapis.com/projects/examplecorp-staging-552831/regions/europe-west1/commitments/cud-4e44768872,ResourceBasedCUD-1yr-Compute,Usage,Committed Use Discount,,1,Hours,,,"{""environment"":""staging"",""cost-center"":""cc-1042"",""owner"":""team-platform""}"
Google Cloud,Google,Google Cloud,INV-2026-05-F70819,01A2B3-C4D5E6-F70819,ExampleCorp Billing - Primary,Billing Account,examplecorp-staging-552831,staging-platform,Project,2026-05-01T00:00:00Z,2026-06-01T00:00:00Z,2026-05-09T13:00:00Z,2026-05-09T14:00:00Z,Usage,,Compute Engine committed usage,Usage-Based,0,0.089378,0.134,0.1206,0.1340000000,0.1206000000,Committed,1,Hours,USD,0.1206000000,0.089378,0.1340000000,USD,1,Hours,Compute Engine,Compute,Virtual Machines,SKU-1badc439797b2cd5d91eaa22,Compute,SPRICE-0e8670e23a7f9352bf5b81bc,"{""InstanceType"":""e2-standard-4"",""InstanceSeries"":""E2"",""CoreCount"":4,""MemorySize"":16,""OperatingSystem"":""Linux"",""x_Preemptible"":""false""}",//compute.googleapis.com/projects/examplecorp-staging-552831/instances/instance-0005ecd0c6,instance-0005ecd0c6,Compute Instance,europe-west1,Belgium,europe-west1-c,//compute.googleapis.com/projects/examplecorp-staging-552831/regions/europe-west1/commitments/cud-4e44768872,ResourceBasedCUD-1yr-Compute,Usage,Committed Use Discount,Used,1,Hours,,,"{""environment"":""dev"",""cost-center"":""cc-3110"",""owner"":""team-data""}"
Google Cloud,Google,Google Cloud,INV-2026-05-F70819,01A2B3-C4D5E6-F70819,ExampleCorp Billing - Primary,Billing Account,examplecorp-staging-552831,staging-platform,Project,2026-05-01T00:00:00Z,2026-06-01T00:00:00Z,2026-05-09T14:00:00Z,2026-05-09T15:00:00Z,Purchase,,"Committed Use Discount commitment, amortised for the charge period",Recurring,0.089378,0,0.089378,0.089378,0.0893780000,0.0893780000,Standard,1,Hours,USD,0.0893780000,0,0.0893780000,USD,,,Compute Engine,Compute,Virtual Machines,SKU-d6c2adff26344e20c34afbe9,Commitment,SPRICE-74f0996e90abb1974afd8989,"{""x_Plan"":""TWELVE_MONTH"",""x_Type"":""COMPUTE_OPTIMIZED""}",//compute.googleapis.com/projects/examplecorp-staging-552831/regions/europe-west1/commitments/cud-4e44768872,cud-1721500392,Committed Use Discount,europe-west1,Belgium,,//compute.googleapis.com/projects/examplecorp-staging-552831/regions/europe-west1/commitments/cud-4e44768872,ResourceBasedCUD-1yr-Compute,Usage,Committed Use Discount,,1,Hours,,,"{""environment"":""staging"",""cost-center"":""cc-2087"",""owner"":""team-platform""}"
Google Cloud,Google,Google Cloud,INV-2026-05-F70819,01A2B3-C4D5E6-F70819,ExampleCorp Billing - Primary,Billing Account,examplecorp-staging-552831,staging-platform,Project,2026-05-01T00:00:00Z,2026-06-01T00:00:00Z,2026-05-09T14:00:00Z,2026-05-09T15:00:00Z,Usage,,Committed Use Discount unused commitment,Usage-Based,0,0.089378,0.089378,0.089378,0.0893780000,0.0893780000,Committed,1,Hours,USD,0.0893780000,0.089378,0.0893780000,USD,,,Compute Engine,Compute,Virtual Machines,SKU-d6c2adff26344e20c34afbe9,Commitment,SPRICE-74f0996e90abb1974afd8989,"{""x_Plan"":""TWELVE_MONTH"",""x_Type"":""COMPUTE_OPTIMIZED""}",//compute.googleapis.com/projects/examplecorp-staging-552831/regions/europe-west1/commitments/cud-4e44768872,cud-1721500392,Committed Use Discount,europe-west1,Belgium,,//compute.googleapis.com/projects/examplecorp-staging-552831/regions/europe-west1/commitments/cud-4e44768872,ResourceBasedCUD-1yr-Compute,Usage,Committed Use Discount,Unused,1,Hours,,,"{""environment"":""prod"",""cost-center"":""cc-3110"",""owner"":""team-payments""}"
Google Cloud,Google,Google Cloud,INV-2026-05-F70819,01A2B3-C4D5E6-F70819,ExampleCorp Billing - Primary,Billing Account,examplecorp-staging-552831,staging-platform,Project,2026-05-01T00:00:00Z,2026-06-01T00:00:00Z,2026-05-09T15:00:00Z,2026-05-09T16:00:00Z,Purchase,,"Committed Use Discount commitment, amortised for the charge period",Recurring,0.089378,0,0.089378,0.089378,0.0893780000,0.0893780000,Standard,1,Hours,USD,0.0893780000,0,0.0893780000,USD,,,Compute Engine,Compute,Virtual Machines,SKU-d6c2adff26344e20c34afbe9,Commitment,SPRICE-74f0996e90abb1974afd8989,"{""x_Plan"":""TWELVE_MONTH"",""x_Type"":""COMPUTE_OPTIMIZED""}",//compute.googleapis.com/projects/examplecorp-staging-552831/regions/europe-west1/commitments/cud-4e44768872,cud-1721500392,Committed Use Discount,europe-west1,Belgium,,//compute.googleapis.com/projects/examplecorp-staging-552831/regions/europe-west1/commitments/cud-4e44768872,ResourceBasedCUD-1yr-Compute,Usage,Committed Use Discount,,1,Hours,,,"{""environment"":""staging"",""cost-center"":""cc-2087"",""owner"":""team-payments""}"
Google Cloud,Google,Google Cloud,INV-2026-05-F70819,01A2B3-C4D5E6-F70819,ExampleCorp Billing - Primary,Billing Account,examplecorp-staging-552831,staging-platform,Project,2026-05-01T00:00:00Z,2026-06-01T00:00:00Z,2026-05-09T15:00:00Z,2026-05-09T16:00:00Z,Usage,,Committed Use Discount unused commitment,Usage-Based,0,0.089378,0.089378,0.089378,0.0893780000,0.0893780000,Committed,1,Hours,USD,0.0893780000,0.089378,0.0893780000,USD,,,Compute Engine,Compute,Virtual Machines,SKU-d6c2adff26344e20c34afbe9,Commitment,SPRICE-74f0996e90abb1974afd8989,"{""x_Plan"":""TWELVE_MONTH"",""x_Type"":""COMPUTE_OPTIMIZED""}",//compute.googleapis.com/projects/examplecorp-staging-552831/regions/europe-west1/commitments/cud-4e44768872,cud-1721500392,Committed Use Discount,europe-west1,Belgium,,//compute.googleapis.com/projects/examplecorp-staging-552831/regions/europe-west1/commitments/cud-4e44768872,ResourceBasedCUD-1yr-Compute,Usage,Committed Use Discount,Unused,1,Hours,,,"{""environment"":""prod"",""cost-center"":""cc-3110"",""owner"":""team-data""}"
Google Cloud,Google,Google Cloud,INV-2026-05-F70819,01A2B3-C4D5E6-F70819,ExampleCorp Billing - Primary,Billing Account,examplecorp-staging-552831,staging-platform,Project,2026-05-01T00:00:00Z,2026-06-01T00:00:00Z,2026-05-09T16:00:00Z,2026-05-09T17:00:00Z,Purchase,,"Committed Use Discount commitment, amortised for the charge period",Recurring,0.089378,0,0.089378,0.089378,0.0893780000,0.0893780000,Standard,1,Hours,USD,0.0893780000,0,0.0893780000,USD,,,Compute Engine,Compute,Virtual Machines,SKU-d6c2adff26344e20c34afbe9,Commitment,SPRICE-74f0996e90abb1974afd8989,"{""x_Plan"":""TWELVE_MONTH"",""x_Type"":""COMPUTE_OPTIMIZED""}",//compute.googleapis.com/projects/examplecorp-staging-552831/regions/europe-west1/commitments/cud-4e44768872,cud-1721500392,Committed Use Discount,europe-west1,Belgium,,//compute.googleapis.com/projects/examplecorp-staging-552831/regions/europe-west1/commitments/cud-4e44768872,ResourceBasedCUD-1yr-Compute,Usage,Committed Use Discount,,1,Hours,,,"{""environment"":""prod"",""cost-center"":""cc-2087"",""owner"":""team-platform""}"
Google Cloud,Google,Google Cloud,INV-2026-05-F70819,01A2B3-C4D5E6-F70819,ExampleCorp Billing - Primary,Billing Account,examplecorp-staging-552831,staging-platform,Project,2026-05-01T00:00:00Z,2026-06-01T00:00:00Z,2026-05-09T16:00:00Z,2026-05-09T17:00:00Z,Usage,,Committed Use Discount unused commitment,Usage-Based,0,0.089378,0.089378,0.089378,0.0893780000,0.0893780000,Committed,1,Hours,USD,0.0893780000,0.089378,0.0893780000,USD,,,Compute Engine,Compute,Virtual Machines,SKU-d6c2adff26344e20c34afbe9,Commitment,SPRICE-74f0996e90abb1974afd8989,"{""x_Plan"":""TWELVE_MONTH"",""x_Type"":""COMPUTE_OPTIMIZED""}",//compute.googleapis.com/projects/examplecorp-staging-552831/regions/europe-west1/commitments/cud-4e44768872,cud-1721500392,Committed Use Discount,europe-west1,Belgium,,//compute.googleapis.com/projects/examplecorp-staging-552831/regions/europe-west1/commitments/cud-4e44768872,ResourceBasedCUD-1yr-Compute,Usage,Committed Use Discount,Unused,1,Hours,,,"{""environment"":""prod"",""cost-center"":""cc-3110"",""owner"":""team-payments""}"
Google Cloud,Google,Google Cloud,INV-2026-05-A7B8C9,11C2D3-E4F506-A7B8C9,ExampleCorp Billing - Secondary,Billing Account,examplecorp-staging-552831,staging-platform,Project,2026-05-01T00:00:00Z,2026-06-01T00:00:00Z,2026-05-10T02:00:00Z,2026-05-10T03:00:00Z,Purchase,,"Committed Use Discount commitment, amortised for the charge period",Recurring,0.089378,0,0.089378,0.089378,0.0893780000,0.0893780000,Standard,1,Hours,USD,0.0893780000,0,0.0893780000,USD,,,Compute Engine,Compute,Virtual Machines,SKU-501f9e260e3e5d0672ec2caa,Commitment,SPRICE-a48b8b797b7977e6663d4683,"{""x_Plan"":""TWELVE_MONTH"",""x_Type"":""COMPUTE_OPTIMIZED""}",//compute.googleapis.com/projects/examplecorp-staging-552831/regions/us-central1/commitments/cud-969892c1e8,cud-bccce3c6be,Committed Use Discount,us-central1,Iowa,,//compute.googleapis.com/projects/examplecorp-staging-552831/regions/us-central1/commitments/cud-969892c1e8,ResourceBasedCUD-1yr-Compute,Usage,Committed Use Discount,,1,Hours,,,"{""environment"":""dev"",""cost-center"":""cc-2087"",""owner"":""team-data""}"
Google Cloud,Google,Google Cloud,INV-2026-05-A7B8C9,11C2D3-E4F506-A7B8C9,ExampleCorp Billing - Secondary,Billing Account,examplecorp-staging-552831,staging-platform,Project,2026-05-01T00:00:00Z,2026-06-01T00:00:00Z,2026-05-10T02:00:00Z,2026-05-10T03:00:00Z,Usage,,Compute Engine committed usage,Usage-Based,0,0.089378,0.134,0.1206,0.1340000000,0.1206000000,Committed,1,Hours,USD,0.1206000000,0.089378,0.1340000000,USD,1,Hours,Compute Engine,Compute,Virtual Machines,SKU-161f822522a7bfba73514603,Compute,SPRICE-595a86198276ef2dbadddea2,"{""InstanceType"":""e2-standard-4"",""InstanceSeries"":""E2"",""CoreCount"":4,""MemorySize"":16,""OperatingSystem"":""Linux"",""x_Preemptible"":""false""}",//compute.googleapis.com/projects/examplecorp-staging-552831/instances/instance-000080b811,instance-000080b811,Compute Instance,us-central1,Iowa,us-central1-a,//compute.googleapis.com/projects/examplecorp-staging-552831/regions/us-central1/commitments/cud-969892c1e8,ResourceBasedCUD-1yr-Compute,Usage,Committed Use Discount,Used,1,Hours,,,"{""environment"":""dev"",""cost-center"":""cc-2087"",""owner"":""team-payments""}"
Google Cloud,Google,Google Cloud,INV-2026-05-A7B8C9,11C2D3-E4F506-A7B8C9,ExampleCorp Billing - Secondary,Billing Account,examplecorp-staging-552831,staging-platform,Project,2026-05-01T00:00:00Z,2026-06-01T00:00:00Z,2026-05-10T03:00:00Z,2026-05-10T04:00:00Z,Purchase,,"Committed Use Discount commitment, amortised for the charge period",Recurring,0.089378,0,0.089378,0.089378,0.0893780000,0.0893780000,Standard,1,Hours,USD,0.0893780000,0,0.0893780000,USD,,,Compute Engine,Compute,Virtual Machines,SKU-501f9e260e3e5d0672ec2caa,Commitment,SPRICE-a48b8b797b7977e6663d4683,"{""x_Plan"":""TWELVE_MONTH"",""x_Type"":""COMPUTE_OPTIMIZED""}",//compute.googleapis.com/projects/examplecorp-staging-552831/regions/us-central1/commitments/cud-969892c1e8,cud-bccce3c6be,Committed Use Discount,us-central1,Iowa,,//compute.googleapis.com/projects/examplecorp-staging-552831/regions/us-central1/commitments/cud-969892c1e8,ResourceBasedCUD-1yr-Compute,Usage,Committed Use Discount,,1,Hours,,,"{""environment"":""dev"",""cost-center"":""cc-3110"",""owner"":""team-payments""}"
Google Cloud,Google,Google Cloud,INV-2026-05-A7B8C9,11C2D3-E4F506-A7B8C9,ExampleCorp Billing - Secondary,Billing Account,examplecorp-staging-552831,staging-platform,Project,2026-05-01T00:00:00Z,2026-06-01T00:00:00Z,2026-05-10T03:00:00Z,2026-05-10T04:00:00Z,Usage,,Compute Engine committed usage,Usage-Based,0,0.089378,0.134,0.1206,0.1340000000,0.1206000000,Committed,1,Hours,USD,0.1206000000,0.089378,0.1340000000,USD,1,Hours,Compute Engine,Compute,Virtual Machines,SKU-161f822522a7bfba73514603,Compute,SPRICE-595a86198276ef2dbadddea2,"{""InstanceType"":""e2-standard-4"",""InstanceSeries"":""E2"",""CoreCount"":4,""MemorySize"":16,""OperatingSystem"":""Linux"",""x_Preemptible"":""false""}",//compute.googleapis.com/projects/examplecorp-staging-552831/instances/instance-00016e7b7c,instance-00016e7b7c,Compute Instance,us-central1,Iowa,us-central1-a,//compute.googleapis.com/projects/examplecorp-staging-552831/regions/us-central1/commitments/cud-969892c1e8,ResourceBasedCUD-1yr-Compute,Usage,Committed Use Discount,Used,1,Hours,,,"{""environment"":""staging"",""cost-center"":""cc-3110"",""owner"":""team-payments""}"
Google Cloud,Google,Google Cloud,INV-2026-05-A7B8C9,11C2D3-E4F506-A7B8C9,ExampleCorp Billing - Secondary,Billing Account,examplecorp-staging-552831,staging-platform,Project,2026-05-01T00:00:00Z,2026-06-01T00:00:00Z,2026-05-10T04:00:00Z,2026-05-10T05:00:00Z,Purchase,,"Committed Use Discount commitment, amortised for the charge period",Recurring,0.089378,0,0.089378,0.089378,0.0893780000,0.0893780000,Standard,1,Hours,USD,0.0893780000,0,0.0893780000,USD,,,Compute Engine,Compute,Virtual Machines,SKU-501f9e260e3e5d0672ec2caa,Commitment,SPRICE-a48b8b797b7977e6663d4683,"{""x_Plan"":""TWELVE_MONTH"",""x_Type"":""COMPUTE_OPTIMIZED""}",//compute.googleapis.com/projects/examplecorp-staging-552831/regions/us-central1/commitments/cud-969892c1e8,cud-bccce3c6be,Committed Use Discount,us-central1,Iowa,,//compute.googleapis.com/projects/examplecorp-staging-552831/regions/us-central1/commitments/cud-969892c1e8,ResourceBasedCUD-1yr-Compute,Usage,Committed Use Discount,,1,Hours,,,"{""environment"":""staging"",""cost-center"":""cc-1042"",""owner"":""team-platform""}"
Google Cloud,Google,Google Cloud,INV-2026-05-A7B8C9,11C2D3-E4F506-A7B8C9,ExampleCorp Billing - Secondary,Billing Account,examplecorp-staging-552831,staging-platform,Project,2026-05-01T00:00:00Z,2026-06-01T00:00:00Z,2026-05-10T04:00:00Z,2026-05-10T05:00:00Z,Usage,,Compute Engine committed usage,Usage-Based,0,0.089378,0.134,0.1206,0.1340000000,0.1206000000,Committed,1,Hours,USD,0.1206000000,0.089378,0.1340000000,USD,1,Hours,Compute Engine,Compute,Virtual Machines,SKU-161f822522a7bfba73514603,Compute,SPRICE-595a86198276ef2dbadddea2,"{""InstanceType"":""e2-standard-4"",""InstanceSeries"":""E2"",""CoreCount"":4,""MemorySize"":16,""OperatingSystem"":""Linux"",""x_Preemptible"":""false""}",//compute.googleapis.com/projects/examplecorp-staging-552831/instances/instance-0002e9e231,instance-0002e9e231,Compute Instance,us-central1,Iowa,us-central1-a,//compute.googleapis.com/projects/examplecorp-staging-552831/regions/us-central1/commitments/cud-969892c1e8,ResourceBasedCUD-1yr-Compute,Usage,Committed Use Discount,Used,1,Hours,,,"{""environment"":""prod"",""cost-center"":""cc-2087"",""owner"":""team-data""}"
Google Cloud,Google,Google Cloud,INV-2026-05-A7B8C9,11C2D3-E4F506-A7B8C9,ExampleCorp Billing - Secondary,Billing Account,examplecorp-staging-552831,staging-platform,Project,2026-05-01T00:00:00Z,2026-06-01T00:00:00Z,2026-05-10T05:00:00Z,2026-05-10T06:00:00Z,Purchase,,"Committed Use Discount commitment, amortised for the charge period",Recurring,0.089378,0,0.089378,0.089378,0.0893780000,0.0893780000,Standard,1,Hours,USD,0.0893780000,0,0.0893780000,USD,,,Compute Engine,Compute,Virtual Machines,SKU-501f9e260e3e5d0672ec2caa,Commitment,SPRICE-a48b8b797b7977e6663d4683,"{""x_Plan"":""TWELVE_MONTH"",""x_Type"":""COMPUTE_OPTIMIZED""}",//compute.googleapis.com/projects/examplecorp-staging-552831/regions/us-central1/commitments/cud-969892c1e8,cud-bccce3c6be,Committed Use Discount,us-central1,Iowa,,//compute.googleapis.com/projects/examplecorp-staging-552831/regions/us-central1/commitments/cud-969892c1e8,ResourceBasedCUD-1yr-Compute,Usage,Committed Use Discount,,1,Hours,,,"{""environment"":""prod"",""cost-center"":""cc-2087"",""owner"":""team-data""}"
Google Cloud,Google,Google Cloud,INV-2026-05-A7B8C9,11C2D3-E4F506-A7B8C9,ExampleCorp Billing - Secondary,Billing Account,examplecorp-staging-552831,staging-platform,Project,2026-05-01T00:00:00Z,2026-06-01T00:00:00Z,2026-05-10T05:00:00Z,2026-05-10T06:00:00Z,Usage,,Compute Engine committed usage,Usage-Based,0,0.089378,0.134,0.1206,0.1340000000,0.1206000000,Committed,1,Hours,USD,0.1206000000,0.089378,0.1340000000,USD,1,Hours,Compute Engine,Compute,Virtual Machines,SKU-161f822522a7bfba73514603,Compute,SPRICE-595a86198276ef2dbadddea2,"{""InstanceType"":""e2-standard-4"",""InstanceSeries"":""E2"",""CoreCount"":4,""MemorySize"":16,""OperatingSystem"":""Linux"",""x_Preemptible"":""false""}",//compute.googleapis.com/projects/examplecorp-staging-552831/instances/instance-0003da664a,instance-0003da664a,Compute Instance,us-central1,Iowa,us-central1-a,//compute.googleapis.com/projects/examplecorp-staging-552831/regions/us-central1/commitments/cud-969892c1e8,ResourceBasedCUD-1yr-Compute,Usage,Committed Use Discount,Used,1,Hours,,,"{""environment"":""staging"",""cost-center"":""cc-2087"",""owner"":""team-platform""}"
Google Cloud,Google,Google Cloud,INV-2026-05-A7B8C9,11C2D3-E4F506-A7B8C9,ExampleCorp Billing - Secondary,Billing Account,examplecorp-staging-552831,staging-platform,Project,2026-05-01T00:00:00Z,2026-06-01T00:00:00Z,2026-05-10T06:00:00Z,2026-05-10T07:00:00Z,Purchase,,"Committed Use Discount commitment, amortised for the charge period",Recurring,0.089378,0,0.089378,0.089378,0.0893780000,0.0893780000,Standard,1,Hours,USD,0.0893780000,0,0.0893780000,USD,,,Compute Engine,Compute,Virtual Machines,SKU-501f9e260e3e5d0672ec2caa,Commitment,SPRICE-a48b8b797b7977e6663d4683,"{""x_Plan"":""TWELVE_MONTH"",""x_Type"":""COMPUTE_OPTIMIZED""}",//compute.googleapis.com/projects/examplecorp-staging-552831/regions/us-central1/commitments/cud-969892c1e8,cud-bccce3c6be,Committed Use Discount,us-central1,Iowa,,//compute.googleapis.com/projects/examplecorp-staging-552831/regions/us-central1/commitments/cud-969892c1e8,ResourceBasedCUD-1yr-Compute,Usage,Committed Use Discount,,1,Hours,,,"{""environment"":""prod"",""cost-center"":""cc-1042"",""owner"":""team-platform""}"
Google Cloud,Google,Google Cloud,INV-2026-05-A7B8C9,11C2D3-E4F506-A7B8C9,ExampleCorp Billing - Secondary,Billing Account,examplecorp-staging-552831,staging-platform,Project,2026-05-01T00:00:00Z,2026-06-01T00:00:00Z,2026-05-10T06:00:00Z,2026-05-10T07:00:00Z,Usage,,Compute Engine committed usage,Usage-Based,0,0.089378,0.134,0.1206,0.1340000000,0.1206000000,Committed,1,Hours,USD,0.1206000000,0.089378,0.1340000000,USD,1,Hours,Compute Engine,Compute,Virtual Machines,SKU-161f822522a7bfba73514603,Compute,SPRICE-595a86198276ef2dbadddea2,"{""InstanceType"":""e2-standard-4"",""InstanceSeries"":""E2"",""CoreCount"":4,""MemorySize"":16,""OperatingSystem"":""Linux"",""x_Preemptible"":""false""}",//compute.googleapis.com/projects/examplecorp-staging-552831/instances/instance-000428016b,instance-000428016b,Compute Instance,us-central1,Iowa,us-central1-a,//compute.googleapis.com/projects/examplecorp-staging-552831/regions/us-central1/commitments/cud-969892c1e8,ResourceBasedCUD-1yr-Compute,Usage,Committed Use Discount,Used,1,Hours,,,"{""environment"":""dev"",""cost-center"":""cc-1042"",""owner"":""team-data""}"
Google Cloud,Google,Google Cloud,INV-2026-05-A7B8C9,11C2D3-E4F506-A7B8C9,ExampleCorp Billing - Secondary,Billing Account,examplecorp-staging-552831,staging-platform,Project,2026-05-01T00:00:00Z,2026-06-01T00:00:00Z,2026-05-10T07:00:00Z,2026-05-10T08:00:00Z,Purchase,,"Committed Use Discount commitment, amortised for the charge period",Recurring,0.089378,0,0.089378,0.089378,0.0893780000,0.0893780000,Standard,1,Hours,USD,0.0893780000,0,0.0893780000,USD,,,Compute Engine,Compute,Virtual Machines,SKU-501f9e260e3e5d0672ec2caa,Commitment,SPRICE-a48b8b797b7977e6663d4683,"{""x_Plan"":""TWELVE_MONTH"",""x_Type"":""COMPUTE_OPTIMIZED""}",//compute.googleapis.com/projects/examplecorp-staging-552831/regions/us-central1/commitments/cud-969892c1e8,cud-bccce3c6be,Committed Use Discount,us-central1,Iowa,,//compute.googleapis.com/projects/examplecorp-staging-552831/regions/us-central1/commitments/cud-969892c1e8,ResourceBasedCUD-1yr-Compute,Usage,Committed Use Discount,,1,Hours,,,"{""environment"":""staging"",""cost-center"":""cc-3110"",""owner"":""team-data""}"
Google Cloud,Google,Google Cloud,INV-2026-05-A7B8C9,11C2D3-E4F506-A7B8C9,ExampleCorp Billing - Secondary,Billing Account,examplecorp-staging-552831,staging-platform,Project,2026-05-01T00:00:00Z,2026-06-01T00:00:00Z,2026-05-10T07:00:00Z,2026-05-10T08:00:00Z,Usage,,Compute Engine committed usage,Usage-Based,0,0.089378,0.134,0.1206,0.1340000000,0.1206000000,Committed,1,Hours,USD,0.1206000000,0.089378,0.1340000000,USD,1,Hours,Compute Engine,Compute,Virtual Machines,SKU-161f822522a7bfba73514603,Compute,SPRICE-595a86198276ef2dbadddea2,"{""InstanceType"":""e2-standard-4"",""InstanceSeries"":""E2"",""CoreCount"":4,""MemorySize"":16,""OperatingSystem"":""Linux"",""x_Preemptible"":""false""}",//compute.googleapis.com/projects/examplecorp-staging-552831/instances/instance-000589a934,instance-000589a934,Compute Instance,us-central1,Iowa,us-central1-a,//compute.googleapis.com/projects/examplecorp-staging-552831/regions/us-central1/commitments/cud-969892c1e8,ResourceBasedCUD-1yr-Compute,Usage,Committed Use Discount,Used,1,Hours,,,"{""environment"":""dev"",""cost-center"":""cc-2087"",""owner"":""team-payments""}"
Google Cloud,Google,Google Cloud,INV-2026-05-A7B8C9,11C2D3-E4F506-A7B8C9,ExampleCorp Billing - Secondary,Billing Account,examplecorp-staging-552831,staging-platform,Project,2026-05-01T00:00:00Z,2026-06-01T00:00:00Z,2026-05-10T08:00:00Z,2026-05-10T09:00:00Z,Purchase,,"Committed Use Discount commitment, amortised for the charge period",Recurring,0.089378,0,0.089378,0.089378,0.0893780000,0.0893780000,Standard,1,Hours,USD,0.0893780000,0,0.0893780000,USD,,,Compute Engine,Compute,Virtual Machines,SKU-501f9e260e3e5d0672ec2caa,Commitment,SPRICE-a48b8b797b7977e6663d4683,"{""x_Plan"":""TWELVE_MONTH"",""x_Type"":""COMPUTE_OPTIMIZED""}",//compute.googleapis.com/projects/examplecorp-staging-552831/regions/us-central1/commitments/cud-969892c1e8,cud-bccce3c6be,Committed Use Discount,us-central1,Iowa,,//compute.googleapis.com/projects/examplecorp-staging-552831/regions/us-central1/commitments/cud-969892c1e8,ResourceBasedCUD-1yr-Compute,Usage,Committed Use Discount,,1,Hours,,,"{""environment"":""staging"",""cost-center"":""cc-2087"",""owner"":""team-platform""}"
Google Cloud,Google,Google Cloud,INV-2026-05-A7B8C9,11C2D3-E4F506-A7B8C9,ExampleCorp Billing - Secondary,Billing Account,examplecorp-staging-552831,staging-platform,Project,2026-05-01T00:00:00Z,2026-06-01T00:00:00Z,2026-05-10T08:00:00Z,2026-05-10T09:00:00Z,Usage,,Compute Engine committed usage,Usage-Based,0,0.089378,0.134,0.1206,0.1340000000,0.1206000000,Committed,1,Hours,USD,0.1206000000,0.089378,0.1340000000,USD,1,Hours,Compute Engine,Compute,Virtual Machines,SKU-161f822522a7bfba73514603,Compute,SPRICE-595a86198276ef2dbadddea2,"{""InstanceType"":""e2-standard-4"",""InstanceSeries"":""E2"",""CoreCount"":4,""MemorySize"":16,""OperatingSystem"":""Linux"",""x_Preemptible"":""false""}",//compute.googleapis.com/projects/examplecorp-staging-552831/instances/instance-0006d05424,instance-0006d05424,Compute Instance,us-central1,Iowa,us-central1-a,//compute.googleapis.com/projects/examplecorp-staging-552831/regions/us-central1/commitments/cud-969892c1e8,ResourceBasedCUD-1yr-Compute,Usage,Committed Use Discount,Used,1,Hours,,,"{""environment"":""prod"",""cost-center"":""cc-3110"",""owner"":""team-platform""}"
Google Cloud,Google,Google Cloud,INV-2026-05-A7B8C9,11C2D3-E4F506-A7B8C9,ExampleCorp Billing - Secondary,Billing Account,examplecorp-staging-552831,staging-platform,Project,2026-05-01T00:00:00Z,2026-06-01T00:00:00Z,2026-05-10T09:00:00Z,2026-05-10T10:00:00Z,Purchase,,"Committed Use Discount commitment, amortised for the charge period",Recurring,0.089378,0,0.089378,0.089378,0.0893780000,0.0893780000,Standard,1,Hours,USD,0.0893780000,0,0.0893780000,USD,,,Compute Engine,Compute,Virtual Machines,SKU-501f9e260e3e5d0672ec2caa,Commitment,SPRICE-a48b8b797b7977e6663d4683,"{""x_Plan"":""TWELVE_MONTH"",""x_Type"":""COMPUTE_OPTIMIZED""}",//compute.googleapis.com/projects/examplecorp-staging-552831/regions/us-central1/commitments/cud-969892c1e8,cud-bccce3c6be,Committed Use Discount,us-central1,Iowa,,//compute.googleapis.com/projects/examplecorp-staging-552831/regions/us-central1/commitments/cud-969892c1e8,ResourceBasedCUD-1yr-Compute,Usage,Committed Use Discount,,1,Hours,,,"{""environment"":""staging"",""cost-center"":""cc-3110"",""owner"":""team-payments""}"
Google Cloud,Google,Google Cloud,INV-2026-05-A7B8C9,11C2D3-E4F506-A7B8C9,ExampleCorp Billing - Secondary,Billing Account,examplecorp-staging-552831,staging-platform,Project,2026-05-01T00:00:00Z,2026-06-01T00:00:00Z,2026-05-10T09:00:00Z,2026-05-10T10:00:00Z,Usage,,Compute Engine committed usage,Usage-Based,0,0.089378,0.134,0.1206,0.1340000000,0.1206000000,Committed,1,Hours,USD,0.1206000000,0.089378,0.1340000000,USD,1,Hours,Compute Engine,Compute,Virtual Machines,SKU-161f822522a7bfba73514603,Compute,SPRICE-595a86198276ef2dbadddea2,"{""InstanceType"":""e2-standard-4"",""InstanceSeries"":""E2"",""CoreCount"":4,""MemorySize"":16,""OperatingSystem"":""Linux"",""x_Preemptible"":""false""}",//compute.googleapis.com/projects/examplecorp-staging-552831/instances/instance-0007d9b94b,instance-0007d9b94b,Compute Instance,us-central1,Iowa,us-central1-a,//compute.googleapis.com/projects/examplecorp-staging-552831/regions/us-central1/commitments/cud-969892c1e8,ResourceBasedCUD-1yr-Compute,Usage,Committed Use Discount,Used,1,Hours,,,"{""environment"":""staging"",""cost-center"":""cc-3110"",""owner"":""team-platform""}"
Google Cloud,Google,Google Cloud,INV-2026-05-A7B8C9,11C2D3-E4F506-A7B8C9,ExampleCorp Billing - Secondary,Billing Account,examplecorp-staging-552831,staging-platform,Project,2026-05-01T00:00:00Z,2026-06-01T00:00:00Z,2026-05-10T10:00:00Z,2026-05-10T11:00:00Z,Purchase,,"Committed Use Discount commitment, amortised for the charge period",Recurring,0.089378,0,0.089378,0.089378,0.0893780000,0.0893780000,Standard,1,Hours,USD,0.0893780000,0,0.0893780000,USD,,,Compute Engine,Compute,Virtual Machines,SKU-501f9e260e3e5d0672ec2caa,Commitment,SPRICE-a48b8b797b7977e6663d4683,"{""x_Plan"":""TWELVE_MONTH"",""x_Type"":""COMPUTE_OPTIMIZED""}",//compute.googleapis.com/projects/examplecorp-staging-552831/regions/us-central1/commitments/cud-969892c1e8,cud-bccce3c6be,Committed Use Discount,us-central1,Iowa,,//compute.googleapis.com/projects/examplecorp-staging-552831/regions/us-central1/commitments/cud-969892c1e8,ResourceBasedCUD-1yr-Compute,Usage,Committed Use Discount,,1,Hours,,,"{""environment"":""dev"",""cost-center"":""cc-2087"",""owner"":""team-data""}"
Google Cloud,Google,Google Cloud,INV-2026-05-A7B8C9,11C2D3-E4F506-A7B8C9,ExampleCorp Billing - Secondary,Billing Account,examplecorp-staging-552831,staging-platform,Project,2026-05-01T00:00:00Z,2026-06-01T00:00:00Z,2026-05-10T10:00:00Z,2026-05-10T11:00:00Z,Usage,,Compute Engine committed usage,Usage-Based,0,0.089378,0.134,0.1206,0.1340000000,0.1206000000,Committed,1,Hours,USD,0.1206000000,0.089378,0.1340000000,USD,1,Hours,Compute Engine,Compute,Virtual Machines,SKU-161f822522a7bfba73514603,Compute,SPRICE-595a86198276ef2dbadddea2,"{""InstanceType"":""e2-standard-4"",""InstanceSeries"":""E2"",""CoreCount"":4,""MemorySize"":16,""OperatingSystem"":""Linux"",""x_Preemptible"":""false""}",//compute.googleapis.com/projects/examplecorp-staging-552831/instances/instance-0008db5239,instance-0008db5239,Compute Instance,us-central1,Iowa,us-central1-a,//compute.googleapis.com/projects/examplecorp-staging-552831/regions/us-central1/commitments/cud-969892c1e8,ResourceBasedCUD-1yr-Compute,Usage,Committed Use Discount,Used,1,Hours,,,"{""environment"":""prod"",""cost-center"":""cc-3110"",""owner"":""team-data""}"
Google Cloud,Google,Google Cloud,INV-2026-05-A7B8C9,11C2D3-E4F506-A7B8C9,ExampleCorp Billing - Secondary,Billing Account,examplecorp-staging-552831,staging-platform,Project,2026-05-01T00:00:00Z,2026-06-01T00:00:00Z,2026-05-10T11:00:00Z,2026-05-10T12:00:00Z,Purchase,,"Committed Use Discount commitment, amortised for the charge period",Recurring,0.089378,0,0.089378,0.089378,0.0893780000,0.0893780000,Standard,1,Hours,USD,0.0893780000,0,0.0893780000,USD,,,Compute Engine,Compute,Virtual Machines,SKU-501f9e260e3e5d0672ec2caa,Commitment,SPRICE-a48b8b797b7977e6663d4683,"{""x_Plan"":""TWELVE_MONTH"",""x_Type"":""COMPUTE_OPTIMIZED""}",//compute.googleapis.com/projects/examplecorp-staging-552831/regions/us-central1/commitments/cud-969892c1e8,cud-bccce3c6be,Committed Use Discount,us-central1,Iowa,,//compute.googleapis.com/projects/examplecorp-staging-552831/regions/us-central1/commitments/cud-969892c1e8,ResourceBasedCUD-1yr-Compute,Usage,Committed Use Discount,,1,Hours,,,"{""environment"":""staging"",""cost-center"":""cc-2087"",""owner"":""team-platform""}"
Google Cloud,Google,Google Cloud,INV-2026-05-A7B8C9,11C2D3-E4F506-A7B8C9,ExampleCorp Billing - Secondary,Billing Account,examplecorp-staging-552831,staging-platform,Project,2026-05-01T00:00:00Z,2026-06-01T00:00:00Z,2026-05-10T11:00:00Z,2026-05-10T12:00:00Z,Usage,,Committed Use Discount unused commitment,Usage-Based,0,0.089378,0.089378,0.089378,0.0893780000,0.0893780000,Committed,1,Hours,USD,0.0893780000,0.089378,0.0893780000,USD,,,Compute Engine,Compute,Virtual Machines,SKU-501f9e260e3e5d0672ec2caa,Commitment,SPRICE-a48b8b797b7977e6663d4683,"{""x_Plan"":""TWELVE_MONTH"",""x_Type"":""COMPUTE_OPTIMIZED""}",//compute.googleapis.com/projects/examplecorp-staging-552831/regions/us-central1/commitments/cud-969892c1e8,cud-bccce3c6be,Committed Use Discount,us-central1,Iowa,,//compute.googleapis.com/projects/examplecorp-staging-552831/regions/us-central1/commitments/cud-969892c1e8,ResourceBasedCUD-1yr-Compute,Usage,Committed Use Discount,Unused,1,Hours,,,"{""environment"":""staging"",""cost-center"":""cc-3110"",""owner"":""team-platform""}"
Google Cloud,Google,Google Cloud,INV-2026-05-A7B8C9,11C2D3-E4F506-A7B8C9,ExampleCorp Billing - Secondary,Billing Account,examplecorp-staging-552831,staging-platform,Project,2026-05-01T00:00:00Z,2026-06-01T00:00:00Z,2026-05-10T12:00:00Z,2026-05-10T13:00:00Z,Purchase,,"Committed Use Discount commitment, amortised for the charge period",Recurring,0.089378,0,0.089378,0.089378,0.0893780000,0.0893780000,Standard,1,Hours,USD,0.0893780000,0,0.0893780000,USD,,,Compute Engine,Compute,Virtual Machines,SKU-501f9e260e3e5d0672ec2caa,Commitment,SPRICE-a48b8b797b7977e6663d4683,"{""x_Plan"":""TWELVE_MONTH"",""x_Type"":""COMPUTE_OPTIMIZED""}",//compute.googleapis.com/projects/examplecorp-staging-552831/regions/us-central1/commitments/cud-969892c1e8,cud-bccce3c6be,Committed Use Discount,us-central1,Iowa,,//compute.googleapis.com/projects/examplecorp-staging-552831/regions/us-central1/commitments/cud-969892c1e8,ResourceBasedCUD-1yr-Compute,Usage,Committed Use Discount,,1,Hours,,,"{""environment"":""staging"",""cost-center"":""cc-1042"",""owner"":""team-platform""}"
Google Cloud,Google,Google Cloud,INV-2026-05-A7B8C9,11C2D3-E4F506-A7B8C9,ExampleCorp Billing - Secondary,Billing Account,examplecorp-staging-552831,staging-platform,Project,2026-05-01T00:00:00Z,2026-06-01T00:00:00Z,2026-05-10T12:00:00Z,2026-05-10T13:00:00Z,Usage,,Committed Use Discount unused commitment,Usage-Based,0,0.089378,0.089378,0.089378,0.0893780000,0.0893780000,Committed,1,Hours,USD,0.0893780000,0.089378,0.0893780000,USD,,,Compute Engine,Compute,Virtual Machines,SKU-501f9e260e3e5d0672ec2caa,Commitment,SPRICE-a48b8b797b7977e6663d4683,"{""x_Plan"":""TWELVE_MONTH"",""x_Type"":""COMPUTE_OPTIMIZED""}",//compute.googleapis.com/projects/examplecorp-staging-552831/regions/us-central1/commitments/cud-969892c1e8,cud-bccce3c6be,Committed Use Discount,us-central1,Iowa,,//compute.googleapis.com/projects/examplecorp-staging-552831/regions/us-central1/commitments/cud-969892c1e8,ResourceBasedCUD-1yr-Compute,Usage,Committed Use Discount,Unused,1,Hours,,,"{""environment"":""staging"",""cost-center"":""cc-2087"",""owner"":""team-data""}"
Google Cloud,Google,Google Cloud,INV-2026-05-A7B8C9,11C2D3-E4F506-A7B8C9,ExampleCorp Billing - Secondary,Billing Account,examplecorp-prod-481627,prod-platform,Project,2026-05-01T00:00:00Z,2026-06-01T00:00:00Z,2026-05-07T10:00:00Z,2026-05-07T11:00:00Z,Tax,,Synthetic tax 10% on usage record 827: Google Kubernetes Engine,One-Time,0.01206,0.01206,0.0134,0.01206,,,,,,USD,,0.01206,,USD,,,Google Kubernetes Engine,Compute,Containers,,,,,,,,,,,,,,,,,,,,"{""environment"":""prod"",""cost-center"":""cc-3110"",""owner"":""team-platform""}"
Google Cloud,Google,Google Cloud,INV-2026-05-F70819,01A2B3-C4D5E6-F70819,ExampleCorp Billing - Primary,Billing Account,examplecorp-prod-481627,prod-platform,Project,2026-05-01T00:00:00Z,2026-06-01T00:00:00Z,2026-05-18T00:00:00Z,2026-05-19T00:00:00Z,Usage,,Monitoring data ingested,Usage-Based,12.7467351,12.7467351,14.163039,12.7467351,0.2580000000,0.2322000000,Standard,54.8955,MiB,USD,0.2322000000,12.7467351,0.2580000000,USD,54.8955,MiB,Cloud Monitoring,Management and Governance,Observability,SKU-73cb6d01edef8d38d97bb589,Monitoring,SPRICE-d59530bdf3a44cc1ae1d78ff,"{""x_DataType"":""Metrics""}",//monitoring.googleapis.com/projects/examplecorp-prod-481627/metricsScopes/mon-9e88dc08,mon-9e88dc08,Monitoring Workspace,asia-southeast1,Singapore,,,,,,,,,,,"{""environment"":""prod"",""cost-center"":""cc-2087"",""owner"":""team-payments""}"
Google Cloud,Google,Google Cloud,INV-2026-05-A7B8C9,11C2D3-E4F506-A7B8C9,ExampleCorp Billing - Secondary,Billing Account,examplecorp-data-739104,data-analytics,Project,2026-05-01T00:00:00Z,2026-06-01T00:00:00Z,2026-05-11T02:00:00Z,2026-05-11T03:00:00Z,Usage,,Cloud Run vCPU allocation,Usage-Based,22.4545301064,22.4545301064,24.949477896,22.4545301064,0.0000240000,0.0000216000,Standard,1039561.5790,Core-Seconds,USD,0.0000216000,22.4545301064,0.0000240000,USD,1039561.5790,Core-Seconds,Cloud Run,Compute,Serverless Compute,SKU-3b45c232fa69d636eca8dc39,Compute,SPRICE-9c404e5e6026ce0b2e5ce800,"{""x_Generation"":""gen2""}",//run.googleapis.com/projects/examplecorp-data-739104/services/svc-c64ef73b,svc-c64ef73b,Cloud Run Service,asia-southeast1,Singapore,,,,,,,,,,,"{""environment"":""prod"",""cost-center"":""cc-2087"",""owner"":""team-platform""}"
Google Cloud,Google,Google Cloud,INV-2026-05-F70819,01A2B3-C4D5E6-F70819,ExampleCorp Billing - Primary,Billing Account,examplecorp-staging-552831,staging-platform,Project,2026-05-01T00:00:00Z,2026-06-01T00:00:00Z,2026-05-11T03:00:00Z,2026-05-11T04:00:00Z,Usage,,GKE node pool hours,Usage-Based,0.1206,0.1206,0.134,0.1206,0.1340000000,0.1206000000,Standard,1.0000,Hours,USD,0.1206000000,0.1206,0.1340000000,USD,1.0000,Hours,Google Kubernetes Engine,Compute,Containers,SKU-86068fdbce854432224e9db3,Compute,SPRICE-42acd32065a96a502913e8e4,"{""InstanceType"":""e2-standard-4"",""CoreCount"":4,""MemorySize"":16,""x_NodePool"":""default""}",//container.googleapis.com/projects/examplecorp-staging-552831/clusters/gke-815df538,gke-815df538,GKE Cluster,asia-southeast1,Singapore,,,,,,,,,,,"{""environment"":""prod"",""cost-center"":""cc-1042"",""owner"":""team-platform""}"
Google Cloud,Google,Google Cloud,INV-2026-05-F70819,01A2B3-C4D5E6-F70819,ExampleCorp Billing - Primary,Billing Account,examplecorp-sandbox-160942,sandbox-dev,Project,2026-05-01T00:00:00Z,2026-06-01T00:00:00Z,2026-05-21T00:00:00Z,2026-05-22T00:00:00Z,Usage,,Monitoring data ingested,Usage-Based,0.4753134,0.4753134,0.528126,0.4753134,0.2580000000,0.2322000000,Standard,2.0470,MiB,USD,0.2322000000,0.4753134,0.2580000000,USD,2.0470,MiB,Cloud Monitoring,Management and Governance,Observability,SKU-73cb6d01edef8d38d97bb589,Monitoring,SPRICE-d59530bdf3a44cc1ae1d78ff,"{""x_DataType"":""Metrics""}",//monitoring.googleapis.com/projects/examplecorp-sandbox-160942/metricsScopes/mon-7cd8de45,mon-7cd8de45,Monitoring Workspace,asia-southeast1,Singapore,,,,,,,,,,,"{""environment"":""staging"",""cost-center"":""cc-1042"",""owner"":""team-payments""}"
Google Cloud,Google,Google Cloud,INV-2026-05-F70819,01A2B3-C4D5E6-F70819,ExampleCorp Billing - Primary,Billing Account,examplecorp-data-739104,data-analytics,Project,2026-05-01T00:00:00Z,2026-06-01T00:00:00Z,2026-05-11T05:00:00Z,2026-05-11T06:00:00Z,Usage,,GKE node pool hours,Usage-Based,0.1206,0.1206,0.134,0.1206,0.1340000000,0.1206000000,Standard,1.0000,Hours,USD,0.1206000000,0.1206,0.1340000000,USD,1.0000,Hours,Google Kubernetes Engine,Compute,Containers,SKU-95bb96cc0ee68cb652bab2e4,Compute,SPRICE-f0da7e1b00708ea0f5356a96,"{""InstanceType"":""e2-standard-4"",""CoreCount"":4,""MemorySize"":16,""x_NodePool"":""default""}",//container.googleapis.com/projects/examplecorp-data-739104/clusters/gke-b7044190,gke-b7044190,GKE Cluster,europe-west1,Belgium,,,,,,,,,,,"{""environment"":""prod"",""cost-center"":""cc-2087"",""owner"":""team-payments""}"
Google Cloud,Google,Google Cloud,INV-2026-05-A7B8C9,11C2D3-E4F506-A7B8C9,ExampleCorp Billing - Secondary,Billing Account,examplecorp-data-739104,data-analytics,Project,2026-05-01T00:00:00Z,2026-06-01T00:00:00Z,2026-05-11T06:00:00Z,2026-05-11T07:00:00Z,Usage,,Function execution duration,Usage-Based,11.113079813325,11.113079813325,12.34786645925,11.113079813325,0.0000025000,0.0000022500,Standard,4939146.5837,GB-Seconds,USD,0.0000022500,11.113079813325,0.0000025000,USD,4939146.5837,GB-Seconds,Cloud Functions,Compute,Serverless Compute,SKU-8a24a01b926d78ddce5a4f53,Compute,SPRICE-7ca6b452df77a0dcdde4d036,"{""x_Runtime"":""python312"",""x_Generation"":""gen2""}",//cloudfunctions.googleapis.com/projects/examplecorp-data-739104/functions/fn-833ba535,fn-833ba535,Cloud Function,us-east1,South Carolina,,,,,,,,,,,"{""environment"":""prod"",""cost-center"":""cc-2087"",""owner"":""team-payments""}"
Google Cloud,Google,Google Cloud,INV-2026-05-F70819,01A2B3-C4D5E6-F70819,ExampleCorp Billing - Primary,Billing Account,examplecorp-sandbox-160942,sandbox-dev,Project,2026-05-01T00:00:00Z,2026-06-01T00:00:00Z,2026-05-01T00:00:00Z,2026-06-01T00:00:00Z,Usage,,Standard storage,Usage-Based,64.0527822,64.0527822,71.169758,64.0527822,0.0200000000,0.0180000000,Standard,3558.4879,GB-Months,USD,0.0180000000,64.0527822,0.0200000000,USD,3558.4879,GB-Months,Cloud Storage,Storage,Object Storage,SKU-48e52b42c3a2a664e72c7c8d,Storage,SPRICE-acaf4d3f193ddc335413e7e0,"{""StorageClass"":""Standard""}",//storage.googleapis.com/projects/examplecorp-sandbox-160942/buckets/bucket-1eb1d922,bucket-1eb1d922,Storage Bucket,asia-southeast1,Singapore,,,,,,,,,,,"{""environment"":""dev"",""cost-center"":""cc-2087"",""owner"":""team-payments""}"
Google Cloud,Google,Google Cloud,INV-2026-05-F70819,01A2B3-C4D5E6-F70819,ExampleCorp Billing - Primary,Billing Account,examplecorp-sandbox-160942,sandbox-dev,Project,2026-05-01T00:00:00Z,2026-06-01T00:00:00Z,2026-05-01T00:00:00Z,2026-06-01T00:00:00Z,Usage,,Standard storage,Usage-Based,1.3210326,1.3210326,1.467814,1.3210326,0.0200000000,0.0180000000,Standard,73.3907,GB-Months,USD,0.0180000000,1.3210326,0.0200000000,USD,73.3907,GB-Months,Cloud Storage,Storage,Object Storage,SKU-8b457763f3438a2efc35839d,Storage,SPRICE-e9607b4aba6714ae0874493f,"{""StorageClass"":""Standard""}",//storage.googleapis.com/projects/examplecorp-sandbox-160942/buckets/bucket-7492ad56,bucket-7492ad56,Storage Bucket,us-east1,South Carolina,,,,,,,,,,,"{""environment"":""staging"",""cost-center"":""cc-1042"",""owner"":""team-data""}"
Google Cloud,Google,Google Cloud,INV-2026-05-F70819,01A2B3-C4D5E6-F70819,ExampleCorp Billing - Primary,Billing Account,examplecorp-data-739104,data-analytics,Project,2026-05-01T00:00:00Z,2026-06-01T00:00:00Z,2026-05-26T00:00:00Z,2026-05-27T00:00:00Z,Usage,,On-demand query analysis,Usage-Based,26.1478125,26.1478125,29.053125,26.1478125,6.2500000000,5.6250000000,Standard,4.6485,TiB,USD,5.6250000000,26.1478125,6.2500000000,USD,4.6485,TiB,BigQuery,Databases,Data Warehouses,SKU-1607322bfb22b50842e3cc7b,Analysis,SPRICE-4b8dca1b547fed9a03f372f3,"{""x_Edition"":""OnDemand""}",//bigquery.googleapis.com/projects/examplecorp-data-739104/datasets/ds_8fc80d60,ds_8fc80d60,BigQuery Dataset,asia-southeast1,Singapore,,,,,,,,,,,"{""environment"":""dev"",""cost-center"":""cc-2087"",""owner"":""team-payments""}"
Google Cloud,Google,Google Cloud,INV-2026-05-F70819,01A2B3-C4D5E6-F70819,ExampleCorp Billing - Primary,Billing Account,examplecorp-staging-552831,staging-platform,Project,2026-05-01T00:00:00Z,2026-06-01T00:00:00Z,2026-05-11T10:00:00Z,2026-05-11T11:00:00Z,Usage,,GKE node pool hours,Usage-Based,0.1206,0.1206,0.134,0.1206,0.1340000000,0.1206000000,Standard,1.0000,Hours,USD,0.1206000000,0.1206,0.1340000000,USD,1.0000,Hours,Google Kubernetes Engine,Compute,Containers,SKU-9f36ca4ad55c40314722c6e2,Compute,SPRICE-d0b5636dddc3dcd209075213,"{""InstanceType"":""e2-standard-4"",""CoreCount"":4,""MemorySize"":16,""x_NodePool"":""default""}",//container.googleapis.com/projects/examplecorp-staging-552831/clusters/gke-c24716fc,gke-c24716fc,GKE Cluster,us-central1,Iowa,,,,,,,,,,,"{""environment"":""staging"",""cost-center"":""cc-3110"",""owner"":""team-data""}"
Google Cloud,Google,Google Cloud,INV-2026-05-A7B8C9,11C2D3-E4F506-A7B8C9,ExampleCorp Billing - Secondary,Billing Account,examplecorp-sandbox-160942,sandbox-dev,Project,2026-05-01T00:00:00Z,2026-06-01T00:00:00Z,2026-05-11T11:00:00Z,2026-05-11T12:00:00Z,Usage,,e2-standard-4 running,Usage-Based,0.1206,0.1206,0.134,0.1206,0.1340000000,0.1206000000,Standard,1.0000,Hours,USD,0.1206000000,0.1206,0.1340000000,USD,1.0000,Hours,Compute Engine,Compute,Virtual Machines,SKU-1f3d031b6a456d700dc64bbb,Compute,SPRICE-d8c574633874898080639a0f,"{""InstanceType"":""e2-standard-4"",""InstanceSeries"":""E2"",""CoreCount"":4,""MemorySize"":16,""OperatingSystem"":""Linux"",""x_Preemptible"":""false""}",//compute.googleapis.com/projects/examplecorp-sandbox-160942/instances/instance-1440e596,instance-1440e596,Compute Instance,asia-southeast1,Singapore,asia-southeast1-a,,,,,,,,,,"{""environment"":""staging"",""cost-center"":""cc-3110"",""owner"":""team-platform""}"
Google Cloud,Google,Google Cloud,INV-2026-05-A7B8C9,11C2D3-E4F506-A7B8C9,ExampleCorp Billing - Secondary,Billing Account,examplecorp-sandbox-160942,sandbox-dev,Project,2026-05-01T00:00:00Z,2026-06-01T00:00:00Z,2026-05-01T00:00:00Z,2026-05-02T00:00:00Z,Usage,,On-demand query analysis,Usage-Based,191.0334375,191.0334375,212.259375,191.0334375,6.2500000000,5.6250000000,Standard,33.9615,TiB,USD,5.6250000000,191.0334375,6.2500000000,USD,33.9615,TiB,BigQuery,Databases,Data Warehouses,SKU-ef2de98156d58b386f8bea8e,Analysis,SPRICE-257832ee3981a8cf8c2b0ca4,"{""x_Edition"":""OnDemand""}",//bigquery.googleapis.com/projects/examplecorp-sandbox-160942/datasets/ds_ee3ffef0,ds_ee3ffef0,BigQuery Dataset,us-east1,South Carolina,,,,,,,,,,,"{""environment"":""dev"",""cost-center"":""cc-2087"",""owner"":""team-platform""}"
Google Cloud,Google,Google Cloud,INV-2026-05-F70819,01A2B3-C4D5E6-F70819,ExampleCorp Billing - Primary,Billing Account,examplecorp-sandbox-160942,sandbox-dev,Project,2026-05-01T00:00:00Z,2026-06-01T00:00:00Z,2026-05-02T00:00:00Z,2026-05-03T00:00:00Z,Purchase,,Compute Engine subscription fee,Recurring,463.57,463.57,463.57,463.57,463.57,463.57,Standard,1,Units,USD,463.5700000000,463.57,463.5700000000,USD,,,Compute Engine,Compute,Virtual Machines,SKU-6fcbf8b1c159c0b497cfc92a,Subscription,SPRICE-3ca636f06d3f1115d188bf61,"{""x_ChargeType"": ""SubscriptionFee""}",//compute.googleapis.com/projects/examplecorp-sandbox-160942/instances/instance-2f8cfc3b,instance-2f8cfc3b,Compute Instance,asia-southeast1,Singapore,,,,,,,,,,,"{""environment"":""staging"",""cost-center"":""cc-1042"",""owner"":""team-payments""}"
Google Cloud,Google,Google Cloud,INV-2026-05-A7B8C9,11C2D3-E4F506-A7B8C9,ExampleCorp Billing - Secondary,Billing Account,examplecorp-prod-481627,prod-platform,Project,2026-05-01T00:00:00Z,2026-06-01T00:00:00Z,2026-05-11T14:00:00Z,2026-05-11T15:00:00Z,Usage,,Cloud SQL custom 4 vCPU,Usage-Based,0.18,0.18,0.2,0.18,0.2000000000,0.1800000000,Standard,1.0000,Hours,USD,0.1800000000,0.18,0.2000000000,USD,1.0000,Hours,Cloud SQL,Databases,Relational Databases,SKU-ba223805a916089dc772c95e,Database,SPRICE-715e0278131e4992ea970001,"{""InstanceType"":""db-custom-4-16384"",""CoreCount"":4,""MemorySize"":16,""x_Engine"":""PostgreSQL""}",//sqladmin.googleapis.com/projects/examplecorp-prod-481627/instances/sql-a6368b05,sql-a6368b05,Cloud SQL Instance,us-east1,South Carolina,,,,,,,,,,,"{""environment"":""prod"",""cost-center"":""cc-1042"",""owner"":""team-platform""}"
Google Cloud,Google,Google Cloud,INV-2026-05-F70819,01A2B3-C4D5E6-F70819,ExampleCorp Billing - Primary,Billing Account,examplecorp-staging-552831,staging-platform,Project,2026-05-01T00:00:00Z,2026-06-01T00:00:00Z,2026-05-11T15:00:00Z,2026-05-11T16:00:00Z,Usage,,Cloud Run vCPU allocation,Usage-Based,13.20452686944,13.20452686944,14.6716965216,13.20452686944,0.0000240000,0.0000216000,Standard,611320.6884,Core-Seconds,USD,0.0000216000,13.20452686944,0.0000240000,USD,611320.6884,Core-Seconds,Cloud Run,Compute,Serverless Compute,SKU-0828b68f352ea8761f8e1993,Compute,SPRICE-939cc729025fe8682a0f43e3,"{""x_Generation"":""gen2""}",//run.googleapis.com/projects/examplecorp-staging-552831/services/svc-d4f1b7a5,svc-d4f1b7a5,Cloud Run Service,europe-west1,Belgium,,,,,,,,,,,"{""environment"":""staging"",""cost-center"":""cc-1042"",""owner"":""team-payments""}"
Google Cloud,Google,Google Cloud,INV-2026-05-A7B8C9,11C2D3-E4F506-A7B8C9,ExampleCorp Billing - Secondary,Billing Account,examplecorp-staging-552831,staging-platform,Project,2026-05-01T00:00:00Z,2026-06-01T00:00:00Z,2026-05-05T00:00:00Z,2026-05-06T00:00:00Z,Purchase,,BigQuery subscription fee,Recurring,368.41,368.41,368.41,368.41,368.41,368.41,Standard,1,Units,USD,368.4100000000,368.41,368.4100000000,USD,,,BigQuery,Databases,Data Warehouses,SKU-760a082c7b07a1547aa5b6b3,Subscription,SPRICE-49b2ac19a431b084e21a6672,"{""x_ChargeType"": ""SubscriptionFee""}",//bigquery.googleapis.com/projects/examplecorp-staging-552831/datasets/ds_9bd1a532,ds_9bd1a532,BigQuery Dataset,us-east1,South Carolina,,,,,,,,,,,"{""environment"":""prod"",""cost-center"":""cc-2087"",""owner"":""team-data""}"
Google Cloud,Google,Google Cloud,INV-2026-05-A7B8C9,11C2D3-E4F506-A7B8C9,ExampleCorp Billing - Secondary,Billing Account,examplecorp-data-739104,data-analytics,Project,2026-05-01T00:00:00Z,2026-06-01T00:00:00Z,2026-05-11T17:00:00Z,2026-05-11T18:00:00Z,Usage,,Cloud Run vCPU allocation,Usage-Based,21.91379820984,21.91379820984,24.3486646776,21.91379820984,0.0000240000,0.0000216000,Standard,1014527.6949,Core-Seconds,USD,0.0000216000,21.91379820984,0.0000240000,USD,1014527.6949,Core-Seconds,Cloud Run,Compute,Serverless Compute,SKU-e75878aa18ba02097c5ad236,Compute,SPRICE-29d89dec6fcc3435a30f9762,"{""x_Generation"":""gen2""}",//run.googleapis.com/projects/examplecorp-data-739104/services/svc-962b31c2,svc-962b31c2,Cloud Run Service,us-central1,Iowa,,,,,,,,,,,"{""environment"":""staging"",""cost-center"":""cc-2087"",""owner"":""team-data""}"
Google Cloud,Google,Google Cloud,INV-2026-05-F70819,01A2B3-C4D5E6-F70819,ExampleCorp Billing - Primary,Billing Account,examplecorp-data-739104,data-analytics,Project,2026-05-01T00:00:00Z,2026-06-01T00:00:00Z,2026-05-07T00:00:00Z,2026-05-08T00:00:00Z,Usage,,On-demand query analysis,Usage-Based,30.8514375,30.8514375,34.279375,30.8514375,6.2500000000,5.6250000000,Standard,5.4847,TiB,USD,5.6250000000,30.8514375,6.2500000000,USD,5.4847,TiB,BigQuery,Databases,Data Warehouses,SKU-e14c81c3b9dbfe726f5234cc,Analysis,SPRICE-a31e8b202bbc80cffe86259c,"{""x_Edition"":""OnDemand""}",//bigquery.googleapis.com/projects/examplecorp-data-739104/datasets/ds_008f5ee3,ds_008f5ee3,BigQuery Dataset,europe-west1,Belgium,,,,,,,,,,,"{""environment"":""dev"",""cost-center"":""cc-2087"",""owner"":""team-data""}"
Google Cloud,Google,Google Cloud,INV-2026-05-A7B8C9,11C2D3-E4F506-A7B8C9,ExampleCorp Billing - Secondary,Billing Account,examplecorp-data-739104,data-analytics,Project,2026-05-01T00:00:00Z,2026-06-01T00:00:00Z,2026-05-11T19:00:00Z,2026-05-11T20:00:00Z,Usage,,Cloud SQL custom 4 vCPU,Usage-Based,0.18,0.18,0.2,0.18,0.2000000000,0.1800000000,Standard,1.0000,Hours,USD,0.1800000000,0.18,0.2000000000,USD,1.0000,Hours,Cloud SQL,Databases,Relational Databases,SKU-d90356e2a5d22b807727c289,Database,SPRICE-dedc6d4fdfe1a8a6142b961a,"{""InstanceType"":""db-custom-4-16384"",""CoreCount"":4,""MemorySize"":16,""x_Engine"":""PostgreSQL""}",//sqladmin.googleapis.com/projects/examplecorp-data-739104/instances/sql-b5fcb933,sql-b5fcb933,Cloud SQL Instance,us-central1,Iowa,,,,,,,,,,,"{""environment"":""dev"",""cost-center"":""cc-3110"",""owner"":""team-data""}"
Google Cloud,Google,Google Cloud,INV-2026-05-F70819,01A2B3-C4D5E6-F70819,ExampleCorp Billing - Primary,Billing Account,examplecorp-data-739104,data-analytics,Project,2026-05-01T00:00:00Z,2026-06-01T00:00:00Z,2026-05-11T20:00:00Z,2026-05-11T21:00:00Z,Usage,,Cloud Run vCPU allocation,Usage-Based,70.33249780416,70.33249780416,78.1472197824,70.33249780416,0.0000240000,0.0000216000,Standard,3256134.1576,Core-Seconds,USD,0.0000216000,70.33249780416,0.0000240000,USD,3256134.1576,Core-Seconds,Cloud Run,Compute,Serverless Compute,SKU-e75878aa18ba02097c5ad236,Compute,SPRICE-29d89dec6fcc3435a30f9762,"{""x_Generation"":""gen2""}",//run.googleapis.com/projects/examplecorp-data-739104/services/svc-eff13ff8,svc-eff13ff8,Cloud Run Service,us-central1,Iowa,,,,,,,,,,,"{""environment"":""dev"",""cost-center"":""cc-3110"",""owner"":""team-data""}"
Google Cloud,Google,Google Cloud,INV-2026-05-A7B8C9,11C2D3-E4F506-A7B8C9,ExampleCorp Billing - Secondary,Billing Account,examplecorp-staging-552831,staging-platform,Project,2026-05-01T00:00:00Z,2026-06-01T00:00:00Z,2026-05-26T00:00:00Z,2026-05-27T00:00:00Z,Tax,,Synthetic tax 10% on usage record 166: Cloud Monitoring,One-Time,6.612786648,6.612786648,7.34754072,6.612786648,,,,,,USD,,6.612786648,,USD,,,Cloud Monitoring,Management and Governance,Observability,,,,,,,,,,,,,,,,,,,,"{""environment"":""prod"",""cost-center"":""cc-3110"",""owner"":""team-payments""}"
Google Cloud,Google,Google Cloud,INV-2026-05-A7B8C9,11C2D3-E4F506-A7B8C9,ExampleCorp Billing - Secondary,Billing Account,examplecorp-sandbox-160942,sandbox-dev,Project,2026-05-01T00:00:00Z,2026-06-01T00:00:00Z,2026-05-11T22:00:00Z,2026-05-11T23:00:00Z,Usage,,e2-standard-4 running,Usage-Based,0.1206,0.1206,0.134,0.1206,0.1340000000,0.1206000000,Standard,1.0000,Hours,USD,0.1206000000,0.1206,0.1340000000,USD,1.0000,Hours,Compute Engine,Compute,Virtual Machines,SKU-161f822522a7bfba73514603,Compute,SPRICE-595a86198276ef2dbadddea2,"{""InstanceType"":""e2-standard-4"",""InstanceSeries"":""E2"",""CoreCount"":4,""MemorySize"":16,""OperatingSystem"":""Linux"",""x_Preemptible"":""false""}",//compute.googleapis.com/projects/examplecorp-sandbox-160942/instances/instance-1885c99b,instance-1885c99b,Compute Instance,us-central1,Iowa,us-central1-c,,,,,,,,,,"{""environment"":""dev"",""cost-center"":""cc-1042"",""owner"":""team-payments""}"
Google Cloud,Google,Google Cloud,INV-2026-05-A7B8C9,11C2D3-E4F506-A7B8C9,ExampleCorp Billing - Secondary,Billing Account,examplecorp-staging-552831,staging-platform,Project,2026-05-01T00:00:00Z,2026-06-01T00:00:00Z,2026-05-11T23:00:00Z,2026-05-12T00:00:00Z,Usage,,Cloud Run vCPU allocation,Usage-Based,91.42042261032,91.42042261032,101.5782473448,91.42042261032,0.0000240000,0.0000216000,Standard,4232426.9727,Core-Seconds,USD,0.0000216000,91.42042261032,0.0000240000,USD,4232426.9727,Core-Seconds,Cloud Run,Compute,Serverless Compute,SKU-e75878aa18ba02097c5ad236,Compute,SPRICE-29d89dec6fcc3435a30f9762,"{""x_Generation"":""gen2""}",//run.googleapis.com/projects/examplecorp-staging-552831/services/svc-cf9924d3,svc-cf9924d3,Cloud Run Service,us-central1,Iowa,,,,,,,,,,,"{""environment"":""prod"",""cost-center"":""cc-2087"",""owner"":""team-platform""}"
Google Cloud,Google,Google Cloud,INV-2026-05-F70819,01A2B3-C4D5E6-F70819,ExampleCorp Billing - Primary,Billing Account,examplecorp-sandbox-160942,sandbox-dev,Project,2026-05-01T00:00:00Z,2026-06-01T00:00:00Z,2026-05-12T00:00:00Z,2026-05-12T01:00:00Z,Usage,,Cloud SQL custom 4 vCPU,Usage-Based,0.18,0.18,0.2,0.18,0.2000000000,0.1800000000,Standard,1.0000,Hours,USD,0.1800000000,0.18,0.2000000000,USD,1.0000,Hours,Cloud SQL,Databases,Relational Databases,SKU-0878e8a79fb464dcb2955125,Database,SPRICE-252613603489dea350c5ac8d,"{""InstanceType"":""db-custom-4-16384"",""CoreCount"":4,""MemorySize"":16,""x_Engine"":""PostgreSQL""}",//sqladmin.googleapis.com/projects/examplecorp-sandbox-160942/instances/sql-097be218,sql-097be218,Cloud SQL Instance,europe-west1,Belgium,,,,,,,,,,,"{""environment"":""prod"",""cost-center"":""cc-3110"",""owner"":""team-platform""}"
Google Cloud,Google,Google Cloud,INV-2026-05-F70819,01A2B3-C4D5E6-F70819,ExampleCorp Billing - Primary,Billing Account,examplecorp-prod-481627,prod-platform,Project,2026-05-01T00:00:00Z,2026-06-01T00:00:00Z,2026-05-01T00:00:00Z,2026-06-01T00:00:00Z,Usage,,Standard storage,Usage-Based,97.5488616,97.5488616,108.387624,97.5488616,0.0200000000,0.0180000000,Standard,5419.3812,GB-Months,USD,0.0180000000,97.5488616,0.0200000000,USD,5419.3812,GB-Months,Cloud Storage,Storage,Object Storage,SKU-d897913b7483a157db0c5b7e,Storage,SPRICE-c7019451d3d2cfe060e67bf2,"{""StorageClass"":""Standard""}",//storage.googleapis.com/projects/examplecorp-prod-481627/buckets/bucket-b19d2540,bucket-b19d2540,Storage Bucket,europe-west1,Belgium,,,,,,,,,,,"{""environment"":""staging"",""cost-center"":""cc-3110"",""owner"":""team-data""}"
Google Cloud,Google,Google Cloud,INV-2026-05-A7B8C9,11C2D3-E4F506-A7B8C9,ExampleCorp Billing - Secondary,Billing Account,examplecorp-prod-481627,prod-platform,Project,2026-05-01T00:00:00Z,2026-06-01T00:00:00Z,2026-05-01T00:00:00Z,2026-06-01T00:00:00Z,Usage,,Standard storage,Usage-Based,45.204291,45.204291,50.22699,45.204291,0.0200000000,0.0180000000,Standard,2511.3495,GB-Months,EUR,0.0165600000,41.58794772,0.0184000000,USD,2511.3495,GB-Months,Cloud Storage,Storage,Object Storage,SKU-48e52b42c3a2a664e72c7c8d,Storage,SPRICE-99bfa8769e15eca9d0e9fe91,"{""StorageClass"":""Standard""}",//storage.googleapis.com/projects/examplecorp-prod-481627/buckets/bucket-f858a69a,bucket-f858a69a,Storage Bucket,asia-southeast1,Singapore,,,,,,,,,,,"{""environment"":""staging"",""cost-center"":""cc-2087"",""owner"":""team-platform""}"
Google Cloud,Google,Google Cloud,INV-2026-05-A7B8C9,11C2D3-E4F506-A7B8C9,ExampleCorp Billing - Secondary,Billing Account,examplecorp-staging-552831,staging-platform,Project,2026-05-01T00:00:00Z,2026-06-01T00:00:00Z,2026-05-01T00:00:00Z,2026-06-01T00:00:00Z,Usage,,Standard storage,Usage-Based,122.9890392,122.9890392,136.654488,122.9890392,0.0200000000,0.0180000000,Standard,6832.7244,GB-Months,USD,0.0180000000,122.9890392,0.0200000000,USD,6832.7244,GB-Months,Cloud Storage,Storage,Object Storage,SKU-48e52b42c3a2a664e72c7c8d,Storage,SPRICE-acaf4d3f193ddc335413e7e0,"{""StorageClass"":""Standard""}",//storage.googleapis.com/projects/examplecorp-staging-552831/buckets/bucket-d08489f3,bucket-d08489f3,Storage Bucket,asia-southeast1,Singapore,,,,,,,,,,,"{""environment"":""dev"",""cost-center"":""cc-3110"",""owner"":""team-data""}"
Google Cloud,Google,Google Cloud,INV-2026-05-A7B8C9,11C2D3-E4F506-A7B8C9,ExampleCorp Billing - Secondary,Billing Account,examplecorp-sandbox-160942,sandbox-dev,Project,2026-05-01T00:00:00Z,2026-06-01T00:00:00Z,2026-05-12T04:00:00Z,2026-05-12T05:00:00Z,Usage,,Cloud SQL custom 4 vCPU,Usage-Based,0.18,0.18,0.2,0.18,0.2000000000,0.1800000000,Standard,1.0000,Hours,USD,0.1800000000,0.18,0.2000000000,USD,1.0000,Hours,Cloud SQL,Databases,Relational Databases,SKU-0878e8a79fb464dcb2955125,Database,SPRICE-252613603489dea350c5ac8d,"{""InstanceType"":""db-custom-4-16384"",""CoreCount"":4,""MemorySize"":16,""x_Engine"":""PostgreSQL""}",//sqladmin.googleapis.com/projects/examplecorp-sandbox-160942/instances/sql-c95e6c7c,sql-c95e6c7c,Cloud SQL Instance,europe-west1,Belgium,,,,,,,,,,,"{""environment"":""staging"",""cost-center"":""cc-3110"",""owner"":""team-data""}"
Google Cloud,Google,Google Cloud,INV-2026-05-A7B8C9,11C2D3-E4F506-A7B8C9,ExampleCorp Billing - Secondary,Billing Account,examplecorp-staging-552831,staging-platform,Project,2026-05-01T00:00:00Z,2026-06-01T00:00:00Z,2026-05-12T05:00:00Z,2026-05-12T06:00:00Z,Usage,,e2-standard-4 running,Usage-Based,0.1206,0.1206,0.134,0.1206,0.1340000000,0.1206000000,Standard,1.0000,Hours,USD,0.1206000000,0.1206,0.1340000000,USD,1.0000,Hours,Compute Engine,Compute,Virtual Machines,SKU-c7f294f3dc4904208c787632,Compute,SPRICE-c8c1784c237a87edf1c3647d,"{""InstanceType"":""e2-standard-4"",""InstanceSeries"":""E2"",""CoreCount"":4,""MemorySize"":16,""OperatingSystem"":""Linux"",""x_Preemptible"":""false""}",//compute.googleapis.com/projects/examplecorp-staging-552831/instances/instance-64d67c5c,instance-64d67c5c,Compute Instance,us-east1,South Carolina,us-east1-c,,,,,,,,,,"{""environment"":""prod"",""cost-center"":""cc-3110"",""owner"":""team-payments""}"
Google Cloud,Google,Google Cloud,INV-2026-05-A7B8C9,11C2D3-E4F506-A7B8C9,ExampleCorp Billing - Secondary,Billing Account,examplecorp-prod-481627,prod-platform,Project,2026-05-01T00:00:00Z,2026-06-01T00:00:00Z,2026-05-19T00:00:00Z,2026-05-20T00:00:00Z,Purchase,,Cloud Monitoring subscription fee,Recurring,260.75,260.75,260.75,260.75,260.75,260.75,Standard,1,Units,USD,260.7500000000,260.75,260.7500000000,USD,,,Cloud Monitoring,Management and Governance,Observability,SKU-e61da2905fcfc559b4f2dc86,Subscription,SPRICE-79564355b2e1d1b3c13d6242,"{""x_ChargeType"": ""SubscriptionFee""}",//monitoring.googleapis.com/projects/examplecorp-prod-481627/metricsScopes/mon-593b88d8,mon-593b88d8,Monitoring Workspace,us-east1,South Carolina,,,,,,,,,,,"{""environment"":""staging"",""cost-center"":""cc-1042"",""owner"":""team-data""}"
Google Cloud,Google,Google Cloud,INV-2026-05-F70819,01A2B3-C4D5E6-F70819,ExampleCorp Billing - Primary,Billing Account,examplecorp-prod-481627,prod-platform,Project,2026-05-01T00:00:00Z,2026-06-01T00:00:00Z,2026-05-20T00:00:00Z,2026-05-21T00:00:00Z,Usage,,Monitoring data ingested,Usage-Based,50.40474534,50.40474534,56.0052726,50.40474534,0.2580000000,0.2322000000,Standard,217.0747,MiB,USD,0.2322000000,50.40474534,0.2580000000,USD,217.0747,MiB,Cloud Monitoring,Management and Governance,Observability,SKU-73cb6d01edef8d38d97bb589,Monitoring,SPRICE-d59530bdf3a44cc1ae1d78ff,"{""x_DataType"":""Metrics""}",//monitoring.googleapis.com/projects/examplecorp-prod-481627/metricsScopes/mon-e536f9f5,mon-e536f9f5,Monitoring Workspace,asia-southeast1,Singapore,,,,,,,,,,,"{""environment"":""staging"",""cost-center"":""cc-3110"",""owner"":""team-payments""}"
Google Cloud,Google,Google Cloud,INV-2026-05-F70819,01A2B3-C4D5E6-F70819,ExampleCorp Billing - Primary,Billing Account,examplecorp-sandbox-160942,sandbox-dev,Project,2026-05-01T00:00:00Z,2026-06-01T00:00:00Z,2026-05-12T08:00:00Z,2026-05-12T09:00:00Z,Usage,,Cloud Run vCPU allocation,Usage-Based,42.06716632872,42.06716632872,46.7412959208,42.06716632872,0.0000240000,0.0000216000,Standard,1947553.9967,Core-Seconds,USD,0.0000216000,42.06716632872,0.0000240000,USD,1947553.9967,Core-Seconds,Cloud Run,Compute,Serverless Compute,SKU-fc6a19d63f2363e917267178,Compute,SPRICE-0d6d39e6df512f4876c539aa,"{""x_Generation"":""gen2""}",//run.googleapis.com/projects/examplecorp-sandbox-160942/services/svc-d785f279,svc-d785f279,Cloud Run Service,us-east1,South Carolina,,,,,,,,,,,"{""environment"":""staging"",""cost-center"":""cc-3110"",""owner"":""team-data""}"
Google Cloud,Google,Google Cloud,INV-2026-05-A7B8C9,11C2D3-E4F506-A7B8C9,ExampleCorp Billing - Secondary,Billing Account,examplecorp-prod-481627,prod-platform,Project,2026-05-01T00:00:00Z,2026-06-01T00:00:00Z,2026-05-22T00:00:00Z,2026-05-23T00:00:00Z,Usage,,Monitoring data ingested,Usage-Based,62.3663658,62.3663658,69.295962,62.3663658,0.2580000000,0.2322000000,Standard,268.5890,MiB,USD,0.2322000000,62.3663658,0.2580000000,USD,268.5890,MiB,Cloud Monitoring,Management and Governance,Observability,SKU-f2290c09e5e6212780d60874,Monitoring,SPRICE-d43771be279a84180443f7fd,"{""x_DataType"":""Metrics""}",//monitoring.googleapis.com/projects/examplecorp-prod-481627/metricsScopes/mon-f25a97a3,mon-f25a97a3,Monitoring Workspace,us-central1,Iowa,,,,,,,,,,,"{""environment"":""staging"",""cost-center"":""cc-2087"",""owner"":""team-payments""}"
Google Cloud,Google,Google Cloud,INV-2026-05-F70819,01A2B3-C4D5E6-F70819,ExampleCorp Billing - Primary,Billing Account,examplecorp-staging-552831,staging-platform,Project,2026-05-01T00:00:00Z,2026-06-01T00:00:00Z,2026-05-23T00:00:00Z,2026-05-24T00:00:00Z,Usage,,On-demand query analysis,Usage-Based,156.6950625,156.6950625,174.105625,156.6950625,6.2500000000,5.6250000000,Standard,27.8569,TiB,USD,5.6250000000,156.6950625,6.2500000000,USD,27.8569,TiB,BigQuery,Databases,Data Warehouses,SKU-4f1f5c17ab1a3bad4c4e9805,Analysis,SPRICE-a8b87f9859524b369e02283b,"{""x_Edition"":""OnDemand""}",//bigquery.googleapis.com/projects/examplecorp-staging-552831/datasets/ds_4e5e7d29,ds_4e5e7d29,BigQuery Dataset,us-central1,Iowa,,,,,,,,,,,"{""environment"":""prod"",""cost-center"":""cc-1042"",""owner"":""team-platform""}"
Google Cloud,Google,Google Cloud,INV-2026-05-A7B8C9,11C2D3-E4F506-A7B8C9,ExampleCorp Billing - Secondary,Billing Account,examplecorp-prod-481627,prod-platform,Project,2026-05-01T00:00:00Z,2026-06-01T00:00:00Z,2026-05-12T11:00:00Z,2026-05-12T12:00:00Z,Usage,,Cloud SQL custom 4 vCPU,Usage-Based,0.18,0.18,0.2,0.18,0.2000000000,0.1800000000,Standard,1.0000,Hours,USD,0.1800000000,0.18,0.2000000000,USD,1.0000,Hours,Cloud SQL,Databases,Relational Databases,SKU-ba223805a916089dc772c95e,Database,SPRICE-715e0278131e4992ea970001,"{""InstanceType"":""db-custom-4-16384"",""CoreCount"":4,""MemorySize"":16,""x_Engine"":""PostgreSQL""}",//sqladmin.googleapis.com/projects/examplecorp-prod-481627/instances/sql-17a788b6,sql-17a788b6,Cloud SQL Instance,us-east1,South Carolina,,,,,,,,,,,"{""environment"":""staging"",""cost-center"":""cc-3110"",""owner"":""team-payments""}"
Google Cloud,Google,Google Cloud,INV-2026-05-A7B8C9,11C2D3-E4F506-A7B8C9,ExampleCorp Billing - Secondary,Billing Account,examplecorp-prod-481627,prod-platform,Project,2026-05-01T00:00:00Z,2026-06-01T00:00:00Z,2026-05-25T00:00:00Z,2026-05-26T00:00:00Z,Purchase,,Cloud Functions subscription fee,Recurring,662.29,662.29,662.29,662.29,662.29,662.29,Standard,1,Units,USD,662.2900000000,662.29,662.2900000000,USD,,,Cloud Functions,Compute,Serverless Compute,SKU-85cacc907452edc75004cf26,Subscription,SPRICE-43241618c34c810f5d37680e,"{""x_ChargeType"": ""SubscriptionFee""}",//cloudfunctions.googleapis.com/projects/examplecorp-prod-481627/functions/fn-9ff13ffe,fn-9ff13ffe,Cloud Function,europe-west1,Belgium,,,,,,,,,,,"{""environment"":""prod"",""cost-center"":""cc-1042"",""owner"":""team-payments""}"
Google Cloud,Google,Google Cloud,INV-2026-05-A7B8C9,11C2D3-E4F506-A7B8C9,ExampleCorp Billing - Secondary,Billing Account,examplecorp-sandbox-160942,sandbox-dev,Project,2026-05-01T00:00:00Z,2026-06-01T00:00:00Z,2026-05-12T13:00:00Z,2026-05-12T14:00:00Z,Usage,,Cloud Run vCPU allocation,Usage-Based,55.758464262,55.758464262,61.95384918,55.758464262,0.0000240000,0.0000216000,Standard,2581410.3825,Core-Seconds,USD,0.0000216000,55.758464262,0.0000240000,USD,2581410.3825,Core-Seconds,Cloud Run,Compute,Serverless Compute,SKU-fc6a19d63f2363e917267178,Compute,SPRICE-0d6d39e6df512f4876c539aa,"{""x_Generation"":""gen2""}",//run.googleapis.com/projects/examplecorp-sandbox-160942/services/svc-8b8ab3dd,svc-8b8ab3dd,Cloud Run Service,us-east1,South Carolina,,,,,,,,,,,"{""environment"":""prod"",""cost-center"":""cc-3110"",""owner"":""team-platform""}"
Google Cloud,Google,Google Cloud,INV-2026-05-F70819,01A2B3-C4D5E6-F70819,ExampleCorp Billing - Primary,Billing Account,examplecorp-staging-552831,staging-platform,Project,2026-05-01T00:00:00Z,2026-06-01T00:00:00Z,2026-05-12T14:00:00Z,2026-05-12T15:00:00Z,Usage,,Cloud Run vCPU allocation,Usage-Based,61.17809376312,61.17809376312,67.9756597368,61.17809376312,0.0000240000,0.0000216000,Standard,2832319.1557,Core-Seconds,USD,0.0000216000,61.17809376312,0.0000240000,USD,2832319.1557,Core-Seconds,Cloud Run,Compute,Serverless Compute,SKU-e75878aa18ba02097c5ad236,Compute,SPRICE-29d89dec6fcc3435a30f9762,"{""x_Generation"":""gen2""}",//run.googleapis.com/projects/examplecorp-staging-552831/services/svc-f993ebdc,svc-f993ebdc,Cloud Run Service,us-central1,Iowa,,,,,,,,,,,"{""environment"":""staging"",""cost-center"":""cc-2087"",""owner"":""team-data""}"
Google Cloud,Google,Google Cloud,INV-2026-05-F70819,01A2B3-C4D5E6-F70819,ExampleCorp Billing - Primary,Billing Account,examplecorp-sandbox-160942,sandbox-dev,Project,2026-05-01T00:00:00Z,2026-06-01T00:00:00Z,2026-05-01T00:00:00Z,2026-06-01T00:00:00Z,Usage,,Standard storage,Usage-Based,48.7129572,48.7129572,54.125508,48.7129572,0.0200000000,0.0180000000,Standard,2706.2754,GB-Months,USD,0.0180000000,48.7129572,0.0200000000,USD,2706.2754,GB-Months,Cloud Storage,Storage,Object Storage,SKU-d897913b7483a157db0c5b7e,Storage,SPRICE-c7019451d3d2cfe060e67bf2,"{""StorageClass"":""Standard""}",//storage.googleapis.com/projects/examplecorp-sandbox-160942/buckets/bucket-9774f2a6,bucket-9774f2a6,Storage Bucket,europe-west1,Belgium,,,,,,,,,,,"{""environment"":""dev"",""cost-center"":""cc-2087"",""owner"":""team-payments""}"
Google Cloud,Google,Google Cloud,INV-2026-05-F70819,01A2B3-C4D5E6-F70819,ExampleCorp Billing - Primary,Billing Account,examplecorp-staging-552831,staging-platform,Project,2026-05-01T00:00:00Z,2026-06-01T00:00:00Z,2026-05-12T16:00:00Z,2026-05-12T17:00:00Z,Usage,,Cloud Run vCPU allocation,Usage-Based,87.48434043576,87.48434043576,97.2048227064,87.48434043576,0.0000240000,0.0000216000,Standard,4050200.9461,Core-Seconds,USD,0.0000216000,87.48434043576,0.0000240000,USD,4050200.9461,Core-Seconds,Cloud Run,Compute,Serverless Compute,SKU-fc6a19d63f2363e917267178,Compute,SPRICE-0d6d39e6df512f4876c539aa,"{""x_Generation"":""gen2""}",//run.googleapis.com/projects/examplecorp-staging-552831/services/svc-432c7a9e,svc-432c7a9e,Cloud Run Service,us-east1,South Carolina,,,,,,,,,,,"{""environment"":""staging"",""cost-center"":""cc-1042"",""owner"":""team-data""}"
Google Cloud,Google,Google Cloud,INV-2026-05-F70819,01A2B3-C4D5E6-F70819,ExampleCorp Billing - Primary,Billing Account,examplecorp-data-739104,data-analytics,Project,2026-05-01T00:00:00Z,2026-06-01T00:00:00Z,2026-05-12T17:00:00Z,2026-05-12T18:00:00Z,Usage,,e2-standard-4 running,Usage-Based,0.1206,0.1206,0.134,0.1206,0.1340000000,0.1206000000,Standard,1.0000,Hours,EUR,0.1109520000,0.110952,0.1232800000,USD,1.0000,Hours,Compute Engine,Compute,Virtual Machines,SKU-1f3d031b6a456d700dc64bbb,Compute,SPRICE-dfe18e8231e835adf4e8fecb,"{""InstanceType"":""e2-standard-4"",""InstanceSeries"":""E2"",""CoreCount"":4,""MemorySize"":16,""OperatingSystem"":""Linux"",""x_Preemptible"":""false""}",//compute.googleapis.com/projects/examplecorp-data-739104/instances/instance-5b53cd4d,instance-5b53cd4d,Compute Instance,asia-southeast1,Singapore,asia-southeast1-a,,,,,,,,,,"{""environment"":""staging"",""cost-center"":""cc-3110"",""owner"":""team-platform""}"
Google Cloud,Google,Google Cloud,INV-2026-05-F70819,01A2B3-C4D5E6-F70819,ExampleCorp Billing - Primary,Billing Account,examplecorp-sandbox-160942,sandbox-dev,Project,2026-05-01T00:00:00Z,2026-06-01T00:00:00Z,2026-05-12T18:00:00Z,2026-05-12T19:00:00Z,Usage,,Function execution duration,Usage-Based,15.546671376075,15.546671376075,17.27407930675,15.546671376075,0.0000025000,0.0000022500,Standard,6909631.7227,GB-Seconds,USD,0.0000022500,15.546671376075,0.0000025000,USD,6909631.7227,GB-Seconds,Cloud Functions,Compute,Serverless Compute,SKU-695ae4ac3664791d99311a2f,Compute,SPRICE-1660dde73d1cd143caedc47c,"{""x_Runtime"":""python312"",""x_Generation"":""gen2""}",//cloudfunctions.googleapis.com/projects/examplecorp-sandbox-160942/functions/fn-58dde997,fn-58dde997,Cloud Function,us-central1,Iowa,,,,,,,,,,,"{""environment"":""prod"",""cost-center"":""cc-3110"",""owner"":""team-payments""}"
Google Cloud,Google,Google Cloud,INV-2026-05-A7B8C9,11C2D3-E4F506-A7B8C9,ExampleCorp Billing - Secondary,Billing Account,examplecorp-sandbox-160942,sandbox-dev,Project,2026-05-01T00:00:00Z,2026-06-01T00:00:00Z,2026-05-12T19:00:00Z,2026-05-12T20:00:00Z,Purchase,,"Committed Use Discount commitment, amortised for the charge period",Recurring,0.089378,0,0.089378,0.089378,1,1,Standard,0.089378,USD,USD,1.0000000000,0,1.0000000000,USD,,,Compute Engine,Compute,Virtual Machines,SKU-620493e450f5d16611ad7d1b,Commitment,SPRICE-42daff5af9e71fd3cd19db37,"{""x_Plan"":""TWELVE_MONTH"",""x_Type"":""COMPUTE_OPTIMIZED""}",//compute.googleapis.com/projects/examplecorp-sandbox-160942/regions/us-central1/commitments/cud-1a331033e1,cud-3a5beb7585,Committed Use Discount,us-central1,Iowa,,//compute.googleapis.com/projects/examplecorp-sandbox-160942/regions/us-central1/commitments/cud-1a331033e1,SpendBasedCUD-1yr,Spend,Committed Use Discount,,0.089378,USD,,,"{""environment"":""dev"",""cost-center"":""cc-2087"",""owner"":""team-data""}"
Google Cloud,Google,Google Cloud,INV-2026-05-A7B8C9,11C2D3-E4F506-A7B8C9,ExampleCorp Billing - Secondary,Billing Account,examplecorp-sandbox-160942,sandbox-dev,Project,2026-05-01T00:00:00Z,2026-06-01T00:00:00Z,2026-05-12T19:00:00Z,2026-05-12T20:00:00Z,Usage,,Compute Engine committed usage,Usage-Based,0,0.089378,0.134,0.1206,0.1340000000,0.1206000000,Committed,1,Hours,USD,0.1206000000,0.089378,0.1340000000,USD,1,Hours,Compute Engine,Compute,Virtual Machines,SKU-161f822522a7bfba73514603,Compute,SPRICE-595a86198276ef2dbadddea2,"{""InstanceType"":""e2-standard-4"",""InstanceSeries"":""E2"",""CoreCount"":4,""MemorySize"":16,""OperatingSystem"":""Linux"",""x_Preemptible"":""false""}",//compute.googleapis.com/projects/examplecorp-sandbox-160942/instances/instance-00006eac32,instance-00006eac32,Compute Instance,us-central1,Iowa,us-central1-c,//compute.googleapis.com/projects/examplecorp-sandbox-160942/regions/us-central1/commitments/cud-1a331033e1,SpendBasedCUD-1yr,Spend,Committed Use Discount,Used,0.089378,USD,,,"{""environment"":""prod"",""cost-center"":""cc-2087"",""owner"":""team-platform""}"
Google Cloud,Google,Google Cloud,INV-2026-05-A7B8C9,11C2D3-E4F506-A7B8C9,ExampleCorp Billing - Secondary,Billing Account,examplecorp-sandbox-160942,sandbox-dev,Project,2026-05-01T00:00:00Z,2026-06-01T00:00:00Z,2026-05-12T20:00:00Z,2026-05-12T21:00:00Z,Purchase,,"Committed Use Discount commitment, amortised for the charge period",Recurring,0.089378,0,0.089378,0.089378,1,1,Standard,0.089378,USD,USD,1.0000000000,0,1.0000000000,USD,,,Compute Engine,Compute,Virtual Machines,SKU-620493e450f5d16611ad7d1b,Commitment,SPRICE-42daff5af9e71fd3cd19db37,"{""x_Plan"":""TWELVE_MONTH"",""x_Type"":""COMPUTE_OPTIMIZED""}",//compute.googleapis.com/projects/examplecorp-sandbox-160942/regions/us-central1/commitments/cud-1a331033e1,cud-3a5beb7585,Committed Use Discount,us-central1,Iowa,,//compute.googleapis.com/projects/examplecorp-sandbox-160942/regions/us-central1/commitments/cud-1a331033e1,SpendBasedCUD-1yr,Spend,Committed Use Discount,,0.089378,USD,,,"{""environment"":""staging"",""cost-center"":""cc-2087"",""owner"":""team-payments""}"
Google Cloud,Google,Google Cloud,INV-2026-05-A7B8C9,11C2D3-E4F506-A7B8C9,ExampleCorp Billing - Secondary,Billing Account,examplecorp-sandbox-160942,sandbox-dev,Project,2026-05-01T00:00:00Z,2026-06-01T00:00:00Z,2026-05-12T20:00:00Z,2026-05-12T21:00:00Z,Usage,,Compute Engine committed usage,Usage-Based,0,0.089378,0.134,0.1206,0.1340000000,0.1206000000,Committed,1,Hours,USD,0.1206000000,0.089378,0.1340000000,USD,1,Hours,Compute Engine,Compute,Virtual Machines,SKU-161f822522a7bfba73514603,Compute,SPRICE-595a86198276ef2dbadddea2,"{""InstanceType"":""e2-standard-4"",""InstanceSeries"":""E2"",""CoreCount"":4,""MemorySize"":16,""OperatingSystem"":""Linux"",""x_Preemptible"":""false""}",//compute.googleapis.com/projects/examplecorp-sandbox-160942/instances/instance-0001b799b4,instance-0001b799b4,Compute Instance,us-central1,Iowa,us-central1-c,//compute.googleapis.com/projects/examplecorp-sandbox-160942/regions/us-central1/commitments/cud-1a331033e1,SpendBasedCUD-1yr,Spend,Committed Use Discount,Used,0.089378,USD,,,"{""environment"":""dev"",""cost-center"":""cc-1042"",""owner"":""team-payments""}"
Google Cloud,Google,Google Cloud,INV-2026-05-A7B8C9,11C2D3-E4F506-A7B8C9,ExampleCorp Billing - Secondary,Billing Account,examplecorp-sandbox-160942,sandbox-dev,Project,2026-05-01T00:00:00Z,2026-06-01T00:00:00Z,2026-05-12T21:00:00Z,2026-05-12T22:00:00Z,Purchase,,"Committed Use Discount commitment, amortised for the charge period",Recurring,0.089378,0,0.089378,0.089378,1,1,Standard,0.089378,USD,USD,1.0000000000,0,1.0000000000,USD,,,Compute Engine,Compute,Virtual Machines,SKU-620493e450f5d16611ad7d1b,Commitment,SPRICE-42daff5af9e71fd3cd19db37,"{""x_Plan"":""TWELVE_MONTH"",""x_Type"":""COMPUTE_OPTIMIZED""}",//compute.googleapis.com/projects/examplecorp-sandbox-160942/regions/us-central1/commitments/cud-1a331033e1,cud-3a5beb7585,Committed Use Discount,us-central1,Iowa,,//compute.googleapis.com/projects/examplecorp-sandbox-160942/regions/us-central1/commitments/cud-1a331033e1,SpendBasedCUD-1yr,Spend,Committed Use Discount,,0.089378,USD,,,"{""environment"":""staging"",""cost-center"":""cc-1042"",""owner"":""team-payments""}"
Google Cloud,Google,Google Cloud,INV-2026-05-A7B8C9,11C2D3-E4F506-A7B8C9,ExampleCorp Billing - Secondary,Billing Account,examplecorp-sandbox-160942,sandbox-dev,Project,2026-05-01T00:00:00Z,2026-06-01T00:00:00Z,2026-05-12T21:00:00Z,2026-05-12T22:00:00Z,Usage,,Compute Engine committed usage,Usage-Based,0,0.089378,0.134,0.1206,0.1340000000,0.1206000000,Committed,1,Hours,USD,0.1206000000,0.089378,0.1340000000,USD,1,Hours,Compute Engine,Compute,Virtual Machines,SKU-161f822522a7bfba73514603,Compute,SPRICE-595a86198276ef2dbadddea2,"{""InstanceType"":""e2-standard-4"",""InstanceSeries"":""E2"",""CoreCount"":4,""MemorySize"":16,""OperatingSystem"":""Linux"",""x_Preemptible"":""false""}",//compute.googleapis.com/projects/examplecorp-sandbox-160942/instances/instance-0002bef764,instance-0002bef764,Compute Instance,us-central1,Iowa,us-central1-c,//compute.googleapis.com/projects/examplecorp-sandbox-160942/regions/us-central1/commitments/cud-1a331033e1,SpendBasedCUD-1yr,Spend,Committed Use Discount,Used,0.089378,USD,,,"{""environment"":""staging"",""cost-center"":""cc-3110"",""owner"":""team-data""}"
Google Cloud,Google,Google Cloud,INV-2026-05-A7B8C9,11C2D3-E4F506-A7B8C9,ExampleCorp Billing - Secondary,Billing Account,examplecorp-sandbox-160942,sandbox-dev,Project,2026-05-01T00:00:00Z,2026-06-01T00:00:00Z,2026-05-12T22:00:00Z,2026-05-12T23:00:00Z,Purchase,,"Committed Use Discount commitment, amortised for the charge period",Recurring,0.089378,0,0.089378,0.089378,1,1,Standard,0.089378,USD,USD,1.0000000000,0,1.0000000000,USD,,,Compute Engine,Compute,Virtual Machines,SKU-620493e450f5d16611ad7d1b,Commitment,SPRICE-42daff5af9e71fd3cd19db37,"{""x_Plan"":""TWELVE_MONTH"",""x_Type"":""COMPUTE_OPTIMIZED""}",//compute.googleapis.com/projects/examplecorp-sandbox-160942/regions/us-central1/commitments/cud-1a331033e1,cud-3a5beb7585,Committed Use Discount,us-central1,Iowa,,//compute.googleapis.com/projects/examplecorp-sandbox-160942/regions/us-central1/commitments/cud-1a331033e1,SpendBasedCUD-1yr,Spend,Committed Use Discount,,0.089378,USD,,,"{""environment"":""staging"",""cost-center"":""cc-2087"",""owner"":""team-data""}"
Google Cloud,Google,Google Cloud,INV-2026-05-A7B8C9,11C2D3-E4F506-A7B8C9,ExampleCorp Billing - Secondary,Billing Account,examplecorp-sandbox-160942,sandbox-dev,Project,2026-05-01T00:00:00Z,2026-06-01T00:00:00Z,2026-05-12T22:00:00Z,2026-05-12T23:00:00Z,Usage,,Compute Engine committed usage,Usage-Based,0,0.089378,0.134,0.1206,0.1340000000,0.1206000000,Committed,1,Hours,USD,0.1206000000,0.089378,0.1340000000,USD,1,Hours,Compute Engine,Compute,Virtual Machines,SKU-161f822522a7bfba73514603,Compute,SPRICE-595a86198276ef2dbadddea2,"{""InstanceType"":""e2-standard-4"",""InstanceSeries"":""E2"",""CoreCount"":4,""MemorySize"":16,""OperatingSystem"":""Linux"",""x_Preemptible"":""false""}",//compute.googleapis.com/projects/examplecorp-sandbox-160942/instances/instance-0003586c8c,instance-0003586c8c,Compute Instance,us-central1,Iowa,us-central1-c,//compute.googleapis.com/projects/examplecorp-sandbox-160942/regions/us-central1/commitments/cud-1a331033e1,SpendBasedCUD-1yr,Spend,Committed Use Discount,Used,0.089378,USD,,,"{""environment"":""dev"",""cost-center"":""cc-3110"",""owner"":""team-payments""}"
Google Cloud,Google,Google Cloud,INV-2026-05-A7B8C9,11C2D3-E4F506-A7B8C9,ExampleCorp Billing - Secondary,Billing Account,examplecorp-sandbox-160942,sandbox-dev,Project,2026-05-01T00:00:00Z,2026-06-01T00:00:00Z,2026-05-12T23:00:00Z,2026-05-13T00:00:00Z,Purchase,,"Committed Use Discount commitment, amortised for the charge period",Recurring,0.089378,0,0.089378,0.089378,1,1,Standard,0.089378,USD,USD,1.0000000000,0,1.0000000000,USD,,,Compute Engine,Compute,Virtual Machines,SKU-620493e450f5d16611ad7d1b,Commitment,SPRICE-42daff5af9e71fd3cd19db37,"{""x_Plan"":""TWELVE_MONTH"",""x_Type"":""COMPUTE_OPTIMIZED""}",//compute.googleapis.com/projects/examplecorp-sandbox-160942/regions/us-central1/commitments/cud-1a331033e1,cud-3a5beb7585,Committed Use Discount,us-central1,Iowa,,//compute.googleapis.com/projects/examplecorp-sandbox-160942/regions/us-central1/commitments/cud-1a331033e1,SpendBasedCUD-1yr,Spend,Committed Use Discount,,0.089378,USD,,,"{""environment"":""staging"",""cost-center"":""cc-3110"",""owner"":""team-platform""}"
Google Cloud,Google,Google Cloud,INV-2026-05-A7B8C9,11C2D3-E4F506-A7B8C9,ExampleCorp Billing - Secondary,Billing Account,examplecorp-sandbox-160942,sandbox-dev,Project,2026-05-01T00:00:00Z,2026-06-01T00:00:00Z,2026-05-12T23:00:00Z,2026-05-13T00:00:00Z,Usage,,Compute Engine committed usage,Usage-Based,0,0.089378,0.134,0.1206,0.1340000000,0.1206000000,Committed,1,Hours,USD,0.1206000000,0.089378,0.1340000000,USD,1,Hours,Compute Engine,Compute,Virtual Machines,SKU-161f822522a7bfba73514603,Compute,SPRICE-595a86198276ef2dbadddea2,"{""InstanceType"":""e2-standard-4"",""InstanceSeries"":""E2"",""CoreCount"":4,""MemorySize"":16,""OperatingSystem"":""Linux"",""x_Preemptible"":""false""}",//compute.googleapis.com/projects/examplecorp-sandbox-160942/instances/instance-000427e9e1,instance-000427e9e1,Compute Instance,us-central1,Iowa,us-central1-c,//compute.googleapis.com/projects/examplecorp-sandbox-160942/regions/us-central1/commitments/cud-1a331033e1,SpendBasedCUD-1yr,Spend,Committed Use Discount,Used,0.089378,USD,,,"{""environment"":""dev"",""cost-center"":""cc-2087"",""owner"":""team-platform""}"
Google Cloud,Google,Google Cloud,INV-2026-05-A7B8C9,11C2D3-E4F506-A7B8C9,ExampleCorp Billing - Secondary,Billing Account,examplecorp-sandbox-160942,sandbox-dev,Project,2026-05-01T00:00:00Z,2026-06-01T00:00:00Z,2026-05-13T00:00:00Z,2026-05-13T01:00:00Z,Purchase,,"Committed Use Discount commitment, amortised for the charge period",Recurring,0.089378,0,0.089378,0.089378,1,1,Standard,0.089378,USD,USD,1.0000000000,0,1.0000000000,USD,,,Compute Engine,Compute,Virtual Machines,SKU-620493e450f5d16611ad7d1b,Commitment,SPRICE-42daff5af9e71fd3cd19db37,"{""x_Plan"":""TWELVE_MONTH"",""x_Type"":""COMPUTE_OPTIMIZED""}",//compute.googleapis.com/projects/examplecorp-sandbox-160942/regions/us-central1/commitments/cud-1a331033e1,cud-3a5beb7585,Committed Use Discount,us-central1,Iowa,,//compute.googleapis.com/projects/examplecorp-sandbox-160942/regions/us-central1/commitments/cud-1a331033e1,SpendBasedCUD-1yr,Spend,Committed Use Discount,,0.089378,USD,,,"{""environment"":""prod"",""cost-center"":""cc-1042"",""owner"":""team-data""}"
Google Cloud,Google,Google Cloud,INV-2026-05-A7B8C9,11C2D3-E4F506-A7B8C9,ExampleCorp Billing - Secondary,Billing Account,examplecorp-sandbox-160942,sandbox-dev,Project,2026-05-01T00:00:00Z,2026-06-01T00:00:00Z,2026-05-13T00:00:00Z,2026-05-13T01:00:00Z,Usage,,Compute Engine committed usage,Usage-Based,0,0.089378,0.134,0.1206,0.1340000000,0.1206000000,Committed,1,Hours,USD,0.1206000000,0.089378,0.1340000000,USD,1,Hours,Compute Engine,Compute,Virtual Machines,SKU-161f822522a7bfba73514603,Compute,SPRICE-595a86198276ef2dbadddea2,"{""InstanceType"":""e2-standard-4"",""InstanceSeries"":""E2"",""CoreCount"":4,""MemorySize"":16,""OperatingSystem"":""Linux"",""x_Preemptible"":""false""}",//compute.googleapis.com/projects/examplecorp-sandbox-160942/instances/instance-0005d60c5a,instance-0005d60c5a,Compute Instance,us-central1,Iowa,us-central1-c,//compute.googleapis.com/projects/examplecorp-sandbox-160942/regions/us-central1/commitments/cud-1a331033e1,SpendBasedCUD-1yr,Spend,Committed Use Discount,Used,0.089378,USD,,,"{""environment"":""dev"",""cost-center"":""cc-3110"",""owner"":""team-platform""}"
Google Cloud,Google,Google Cloud,INV-2026-05-A7B8C9,11C2D3-E4F506-A7B8C9,ExampleCorp Billing - Secondary,Billing Account,examplecorp-sandbox-160942,sandbox-dev,Project,2026-05-01T00:00:00Z,2026-06-01T00:00:00Z,2026-05-13T01:00:00Z,2026-05-13T02:00:00Z,Purchase,,"Committed Use Discount commitment, amortised for the charge period",Recurring,0.089378,0,0.089378,0.089378,1,1,Standard,0.089378,USD,USD,1.0000000000,0,1.0000000000,USD,,,Compute Engine,Compute,Virtual Machines,SKU-620493e450f5d16611ad7d1b,Commitment,SPRICE-42daff5af9e71fd3cd19db37,"{""x_Plan"":""TWELVE_MONTH"",""x_Type"":""COMPUTE_OPTIMIZED""}",//compute.googleapis.com/projects/examplecorp-sandbox-160942/regions/us-central1/commitments/cud-1a331033e1,cud-3a5beb7585,Committed Use Discount,us-central1,Iowa,,//compute.googleapis.com/projects/examplecorp-sandbox-160942/regions/us-central1/commitments/cud-1a331033e1,SpendBasedCUD-1yr,Spend,Committed Use Discount,,0.089378,USD,,,"{""environment"":""prod"",""cost-center"":""cc-1042"",""owner"":""team-platform""}"
Google Cloud,Google,Google Cloud,INV-2026-05-A7B8C9,11C2D3-E4F506-A7B8C9,ExampleCorp Billing - Secondary,Billing Account,examplecorp-sandbox-160942,sandbox-dev,Project,2026-05-01T00:00:00Z,2026-06-01T00:00:00Z,2026-05-13T01:00:00Z,2026-05-13T02:00:00Z,Usage,,Committed Use Discount unused commitment,Usage-Based,0,0.089378,0.089378,0.089378,1,1,Committed,0.089378,USD,USD,1.0000000000,0.089378,1.0000000000,USD,,,Compute Engine,Compute,Virtual Machines,SKU-620493e450f5d16611ad7d1b,Commitment,SPRICE-42daff5af9e71fd3cd19db37,"{""x_Plan"":""TWELVE_MONTH"",""x_Type"":""COMPUTE_OPTIMIZED""}",//compute.googleapis.com/projects/examplecorp-sandbox-160942/regions/us-central1/commitments/cud-1a331033e1,cud-3a5beb7585,Committed Use Discount,us-central1,Iowa,,//compute.googleapis.com/projects/examplecorp-sandbox-160942/regions/us-central1/commitments/cud-1a331033e1,SpendBasedCUD-1yr,Spend,Committed Use Discount,Unused,0.089378,USD,,,"{""environment"":""staging"",""cost-center"":""cc-2087"",""owner"":""team-data""}"
Google Cloud,Google,Google Cloud,INV-2026-05-A7B8C9,11C2D3-E4F506-A7B8C9,ExampleCorp Billing - Secondary,Billing Account,examplecorp-sandbox-160942,sandbox-dev,Project,2026-05-01T00:00:00Z,2026-06-01T00:00:00Z,2026-05-13T02:00:00Z,2026-05-13T03:00:00Z,Purchase,,"Committed Use Discount commitment, amortised for the charge period",Recurring,0.089378,0,0.089378,0.089378,1,1,Standard,0.089378,USD,USD,1.0000000000,0,1.0000000000,USD,,,Compute Engine,Compute,Virtual Machines,SKU-620493e450f5d16611ad7d1b,Commitment,SPRICE-42daff5af9e71fd3cd19db37,"{""x_Plan"":""TWELVE_MONTH"",""x_Type"":""COMPUTE_OPTIMIZED""}",//compute.googleapis.com/projects/examplecorp-sandbox-160942/regions/us-central1/commitments/cud-1a331033e1,cud-3a5beb7585,Committed Use Discount,us-central1,Iowa,,//compute.googleapis.com/projects/examplecorp-sandbox-160942/regions/us-central1/commitments/cud-1a331033e1,SpendBasedCUD-1yr,Spend,Committed Use Discount,,0.089378,USD,,,"{""environment"":""dev"",""cost-center"":""cc-3110"",""owner"":""team-data""}"
Google Cloud,Google,Google Cloud,INV-2026-05-A7B8C9,11C2D3-E4F506-A7B8C9,ExampleCorp Billing - Secondary,Billing Account,examplecorp-sandbox-160942,sandbox-dev,Project,2026-05-01T00:00:00Z,2026-06-01T00:00:00Z,2026-05-13T02:00:00Z,2026-05-13T03:00:00Z,Usage,,Committed Use Discount unused commitment,Usage-Based,0,0.089378,0.089378,0.089378,1,1,Committed,0.089378,USD,USD,1.0000000000,0.089378,1.0000000000,USD,,,Compute Engine,Compute,Virtual Machines,SKU-620493e450f5d16611ad7d1b,Commitment,SPRICE-42daff5af9e71fd3cd19db37,"{""x_Plan"":""TWELVE_MONTH"",""x_Type"":""COMPUTE_OPTIMIZED""}",//compute.googleapis.com/projects/examplecorp-sandbox-160942/regions/us-central1/commitments/cud-1a331033e1,cud-3a5beb7585,Committed Use Discount,us-central1,Iowa,,//compute.googleapis.com/projects/examplecorp-sandbox-160942/regions/us-central1/commitments/cud-1a331033e1,SpendBasedCUD-1yr,Spend,Committed Use Discount,Unused,0.089378,USD,,,"{""environment"":""prod"",""cost-center"":""cc-1042"",""owner"":""team-data""}"
Google Cloud,Google,Google Cloud,INV-2026-05-F70819,01A2B3-C4D5E6-F70819,ExampleCorp Billing - Primary,Billing Account,examplecorp-data-739104,data-analytics,Project,2026-05-01T00:00:00Z,2026-06-01T00:00:00Z,2026-05-20T00:00:00Z,2026-05-21T00:00:00Z,Usage,,On-demand query analysis,Usage-Based,185.481,185.481,206.09,185.481,6.2500000000,5.6250000000,Standard,32.9744,TiB,USD,5.6250000000,185.481,6.2500000000,USD,32.9744,TiB,BigQuery,Databases,Data Warehouses,SKU-e14c81c3b9dbfe726f5234cc,Analysis,SPRICE-a31e8b202bbc80cffe86259c,"{""x_Edition"":""OnDemand""}",//bigquery.googleapis.com/projects/examplecorp-data-739104/datasets/ds_3495e452,ds_3495e452,BigQuery Dataset,europe-west1,Belgium,,,,,,,,,,,"{""environment"":""staging"",""cost-center"":""cc-3110"",""owner"":""team-payments""}"
Google Cloud,Google,Google Cloud,INV-2026-05-A7B8C9,11C2D3-E4F506-A7B8C9,ExampleCorp Billing - Secondary,Billing Account,examplecorp-sandbox-160942,sandbox-dev,Project,2026-05-01T00:00:00Z,2026-06-01T00:00:00Z,2026-05-13T12:00:00Z,2026-05-13T13:00:00Z,Usage,,e2-standard-4 running,Usage-Based,0.1206,0.1206,0.134,0.1206,0.1340000000,0.1206000000,Standard,1.0000,Hours,USD,0.1206000000,0.1206,0.1340000000,USD,1.0000,Hours,Compute Engine,Compute,Virtual Machines,SKU-161f822522a7bfba73514603,Compute,SPRICE-595a86198276ef2dbadddea2,"{""InstanceType"":""e2-standard-4"",""InstanceSeries"":""E2"",""CoreCount"":4,""MemorySize"":16,""OperatingSystem"":""Linux"",""x_Preemptible"":""false""}",//compute.googleapis.com/projects/examplecorp-sandbox-160942/instances/instance-8f7b10d7,instance-8f7b10d7,Compute Instance,us-central1,Iowa,us-central1-c,,,,,,,,,,"{""environment"":""dev"",""cost-center"":""cc-3110"",""owner"":""team-platform""}"
Google Cloud,Google,Google Cloud,INV-2026-05-F70819,01A2B3-C4D5E6-F70819,ExampleCorp Billing - Primary,Billing Account,examplecorp-prod-481627,prod-platform,Project,2026-05-01T00:00:00Z,2026-06-01T00:00:00Z,2026-05-13T13:00:00Z,2026-05-13T14:00:00Z,Usage,,Function execution duration,Usage-Based,3.96966176955,3.96966176955,4.4107352995,3.96966176955,0.0000025000,0.0000022500,Standard,1764294.1198,GB-Seconds,USD,0.0000022500,3.96966176955,0.0000025000,USD,1764294.1198,GB-Seconds,Cloud Functions,Compute,Serverless Compute,SKU-aa8988f20b7d9893658f467f,Compute,SPRICE-55a0ffdcaab822a480aad660,"{""x_Runtime"":""python312"",""x_Generation"":""gen2""}",//cloudfunctions.googleapis.com/projects/examplecorp-prod-481627/functions/fn-8f6af789,fn-8f6af789,Cloud Function,europe-west1,Belgium,,,,,,,,,,,"{""environment"":""prod"",""cost-center"":""cc-1042"",""owner"":""team-data""}"
Google Cloud,Google,Google Cloud,INV-2026-05-A7B8C9,11C2D3-E4F506-A7B8C9,ExampleCorp Billing - Secondary,Billing Account,examplecorp-prod-481627,prod-platform,Project,2026-05-01T00:00:00Z,2026-06-01T00:00:00Z,2026-05-01T00:00:00Z,2026-06-01T00:00:00Z,Usage,,Standard storage,Usage-Based,129.6417204,129.6417204,144.046356,129.6417204,0.0200000000,0.0180000000,Standard,7202.3178,GB-Months,USD,0.0180000000,129.6417204,0.0200000000,USD,7202.3178,GB-Months,Cloud Storage,Storage,Object Storage,SKU-d897913b7483a157db0c5b7e,Storage,SPRICE-c7019451d3d2cfe060e67bf2,"{""StorageClass"":""Standard""}",//storage.googleapis.com/projects/examplecorp-prod-481627/buckets/bucket-9dd7a934,bucket-9dd7a934,Storage Bucket,europe-west1,Belgium,,,,,,,,,,,"{""environment"":""dev"",""cost-center"":""cc-1042"",""owner"":""team-data""}"
Google Cloud,Google,Google Cloud,INV-2026-05-F70819,01A2B3-C4D5E6-F70819,ExampleCorp Billing - Primary,Billing Account,examplecorp-data-739104,data-analytics,Project,2026-05-01T00:00:00Z,2026-06-01T00:00:00Z,2026-05-13T15:00:00Z,2026-05-13T16:00:00Z,Usage,,Cloud Run vCPU allocation,Usage-Based,98.35284071016,98.35284071016,109.2809341224,98.35284071016,0.0000240000,0.0000216000,Standard,4553372.2551,Core-Seconds,USD,0.0000216000,98.35284071016,0.0000240000,USD,4553372.2551,Core-Seconds,Cloud Run,Compute,Serverless Compute,SKU-0828b68f352ea8761f8e1993,Compute,SPRICE-939cc729025fe8682a0f43e3,"{""x_Generation"":""gen2""}",//run.googleapis.com/projects/examplecorp-data-739104/services/svc-ba55c934,svc-ba55c934,Cloud Run Service,europe-west1,Belgium,,,,,,,,,,,"{""environment"":""staging"",""cost-center"":""cc-2087"",""owner"":""team-payments""}"
Google Cloud,Google,Google Cloud,INV-2026-05-F70819,01A2B3-C4D5E6-F70819,ExampleCorp Billing - Primary,Billing Account,examplecorp-staging-552831,staging-platform,Project,2026-05-01T00:00:00Z,2026-06-01T00:00:00Z,2026-05-13T16:00:00Z,2026-05-13T17:00:00Z,Usage,,e2-standard-4 running,Usage-Based,0.1206,0.1206,0.134,0.1206,0.1340000000,0.1206000000,Standard,1.0000,Hours,USD,0.1206000000,0.1206,0.1340000000,USD,1.0000,Hours,Compute Engine,Compute,Virtual Machines,SKU-161f822522a7bfba73514603,Compute,SPRICE-595a86198276ef2dbadddea2,"{""InstanceType"":""e2-standard-4"",""InstanceSeries"":""E2"",""CoreCount"":4,""MemorySize"":16,""OperatingSystem"":""Linux"",""x_Preemptible"":""false""}",//compute.googleapis.com/projects/examplecorp-staging-552831/instances/instance-dd8594a0,instance-dd8594a0,Compute Instance,us-central1,Iowa,us-central1-c,,,,,,,,,,"{""environment"":""dev"",""cost-center"":""cc-2087"",""owner"":""team-platform""}"
Google Cloud,Google,Google Cloud,INV-2026-05-F70819,01A2B3-C4D5E6-F70819,ExampleCorp Billing - Primary,Billing Account,examplecorp-prod-481627,prod-platform,Project,2026-05-01T00:00:00Z,2026-06-01T00:00:00Z,2026-05-13T17:00:00Z,2026-05-13T18:00:00Z,Usage,,Cloud Run vCPU allocation,Usage-Based,26.61645276792,26.61645276792,29.5738364088,26.61645276792,0.0000240000,0.0000216000,Standard,1232243.1837,Core-Seconds,EUR,0.0000198720,24.4871365464864,0.0000220800,USD,1232243.1837,Core-Seconds,Cloud Run,Compute,Serverless Compute,SKU-e75878aa18ba02097c5ad236,Compute,SPRICE-e2be25916080da9dcf5e0851,"{""x_Generation"":""gen2""}",//run.googleapis.com/projects/examplecorp-prod-481627/services/svc-b08a9279,svc-b08a9279,Cloud Run Service,us-central1,Iowa,,,,,,,,,,,"{""environment"":""dev"",""cost-center"":""cc-3110"",""owner"":""team-payments""}"
Google Cloud,Google,Google Cloud,INV-2026-05-A7B8C9,11C2D3-E4F506-A7B8C9,ExampleCorp Billing - Secondary,Billing Account,examplecorp-sandbox-160942,sandbox-dev,Project,2026-05-01T00:00:00Z,2026-06-01T00:00:00Z,2026-05-13T18:00:00Z,2026-05-13T19:00:00Z,Usage,,Cloud SQL custom 4 vCPU,Usage-Based,0.18,0.18,0.2,0.18,0.2000000000,0.1800000000,Standard,1.0000,Hours,USD,0.1800000000,0.18,0.2000000000,USD,1.0000,Hours,Cloud SQL,Databases,Relational Databases,SKU-5a84ed2775b50d245d6fae1f,Database,SPRICE-df6d9a619dcef43326a41589,"{""InstanceType"":""db-custom-4-16384"",""CoreCount"":4,""MemorySize"":16,""x_Engine"":""PostgreSQL""}",//sqladmin.googleapis.com/projects/examplecorp-sandbox-160942/instances/sql-7e1115d9,sql-7e1115d9,Cloud SQL Instance,asia-southeast1,Singapore,,,,,,,,,,,"{""environment"":""staging"",""cost-center"":""cc-2087"",""owner"":""team-payments""}"
Google Cloud,Google,Google Cloud,INV-2026-05-A7B8C9,11C2D3-E4F506-A7B8C9,ExampleCorp Billing - Secondary,Billing Account,examplecorp-data-739104,data-analytics,Project,2026-05-01T00:00:00Z,2026-06-01T00:00:00Z,2026-05-13T19:00:00Z,2026-05-13T20:00:00Z,Usage,,Cloud SQL custom 4 vCPU,Usage-Based,0.18,0.18,0.2,0.18,0.2000000000,0.1800000000,Standard,1.0000,Hours,USD,0.1800000000,0.18,0.2000000000,USD,1.0000,Hours,Cloud SQL,Databases,Relational Databases,SKU-0878e8a79fb464dcb2955125,Database,SPRICE-252613603489dea350c5ac8d,"{""InstanceType"":""db-custom-4-16384"",""CoreCount"":4,""MemorySize"":16,""x_Engine"":""PostgreSQL""}",//sqladmin.googleapis.com/projects/examplecorp-data-739104/instances/sql-62b997d5,sql-62b997d5,Cloud SQL Instance,europe-west1,Belgium,,,,,,,,,,,"{""environment"":""prod"",""cost-center"":""cc-3110"",""owner"":""team-data""}"
Google Cloud,Google,Google Cloud,INV-2026-05-A7B8C9,11C2D3-E4F506-A7B8C9,ExampleCorp Billing - Secondary,Billing Account,examplecorp-prod-481627,prod-platform,Project,2026-05-01T00:00:00Z,2026-06-01T00:00:00Z,2026-05-13T20:00:00Z,2026-05-13T21:00:00Z,Usage,,Function execution duration,Usage-Based,1.01796836265,1.01796836265,1.1310759585,1.01796836265,0.0000025000,0.0000022500,Standard,452430.3834,GB-Seconds,USD,0.0000022500,1.01796836265,0.0000025000,USD,452430.3834,GB-Seconds,Cloud Functions,Compute,Serverless Compute,SKU-eb71d7502d67eb15645ae724,Compute,SPRICE-29314eddd725ec87d1767584,"{""x_Runtime"":""python312"",""x_Generation"":""gen2""}",//cloudfunctions.googleapis.com/projects/examplecorp-prod-481627/functions/fn-f52b2ae0,fn-f52b2ae0,Cloud Function,asia-southeast1,Singapore,,,,,,,,,,,"{""environment"":""prod"",""cost-center"":""cc-2087"",""owner"":""team-payments""}"
Google Cloud,Google,Google Cloud,INV-2026-05-F70819,01A2B3-C4D5E6-F70819,ExampleCorp Billing - Primary,Billing Account,examplecorp-prod-481627,prod-platform,Project,2026-05-01T00:00:00Z,2026-06-01T00:00:00Z,2026-05-02T00:00:00Z,2026-05-03T00:00:00Z,Purchase,,Cloud Functions subscription fee,Recurring,462.02,462.02,462.02,462.02,462.02,462.02,Standard,1,Units,USD,462.0200000000,462.02,462.0200000000,USD,,,Cloud Functions,Compute,Serverless Compute,SKU-8a7d2666a56be38ee1564a28,Subscription,SPRICE-43d9d0a52889804391e7dfda,"{""x_ChargeType"": ""SubscriptionFee""}",//cloudfunctions.googleapis.com/projects/examplecorp-prod-481627/functions/fn-ca61105e,fn-ca61105e,Cloud Function,asia-southeast1,Singapore,,,,,,,,,,,"{""environment"":""prod"",""cost-center"":""cc-2087"",""owner"":""team-platform""}"
Google Cloud,Google,Google Cloud,INV-2026-05-F70819,01A2B3-C4D5E6-F70819,ExampleCorp Billing - Primary,Billing Account,examplecorp-sandbox-160942,sandbox-dev,Project,2026-05-01T00:00:00Z,2026-06-01T00:00:00Z,2026-05-13T22:00:00Z,2026-05-13T23:00:00Z,Usage,,Cloud SQL custom 4 vCPU,Usage-Based,0.18,0.18,0.2,0.18,0.2000000000,0.1800000000,Standard,1.0000,Hours,USD,0.1800000000,0.18,0.2000000000,USD,1.0000,Hours,Cloud SQL,Databases,Relational Databases,SKU-0878e8a79fb464dcb2955125,Database,SPRICE-252613603489dea350c5ac8d,"{""InstanceType"":""db-custom-4-16384"",""CoreCount"":4,""MemorySize"":16,""x_Engine"":""PostgreSQL""}",//sqladmin.googleapis.com/projects/examplecorp-sandbox-160942/instances/sql-d9679981,sql-d9679981,Cloud SQL Instance,europe-west1,Belgium,,,,,,,,,,,"{""environment"":""prod"",""cost-center"":""cc-2087"",""owner"":""team-data""}"
Google Cloud,Google,Google Cloud,INV-2026-05-A7B8C9,11C2D3-E4F506-A7B8C9,ExampleCorp Billing - Secondary,Billing Account,examplecorp-sandbox-160942,sandbox-dev,Project,2026-05-01T00:00:00Z,2026-06-01T00:00:00Z,2026-05-13T23:00:00Z,2026-05-14T00:00:00Z,Usage,,Cloud Run vCPU allocation,Usage-Based,30.72968675064,30.72968675064,34.1440963896,30.72968675064,0.0000240000,0.0000216000,Standard,1422670.6829,Core-Seconds,USD,0.0000216000,30.72968675064,0.0000240000,USD,1422670.6829,Core-Seconds,Cloud Run,Compute,Serverless Compute,SKU-e75878aa18ba02097c5ad236,Compute,SPRICE-29d89dec6fcc3435a30f9762,"{""x_Generation"":""gen2""}",//run.googleapis.com/projects/examplecorp-sandbox-160942/services/svc-dab2e526,svc-dab2e526,Cloud Run Service,us-central1,Iowa,,,,,,,,,,,"{""environment"":""dev"",""cost-center"":""cc-2087"",""owner"":""team-platform""}"
Google Cloud,Google,Google Cloud,INV-2026-05-A7B8C9,11C2D3-E4F506-A7B8C9,ExampleCorp Billing - Secondary,Billing Account,examplecorp-data-739104,data-analytics,Project,2026-05-01T00:00:00Z,2026-06-01T00:00:00Z,2026-05-14T00:00:00Z,2026-05-14T01:00:00Z,Usage,,Cloud Run vCPU allocation,Usage-Based,98.77169354616,98.77169354616,109.7463261624,98.77169354616,0.0000240000,0.0000216000,Standard,4572763.5901,Core-Seconds,USD,0.0000216000,98.77169354616,0.0000240000,USD,4572763.5901,Core-Seconds,Cloud Run,Compute,Serverless Compute,SKU-e75878aa18ba02097c5ad236,Compute,SPRICE-29d89dec6fcc3435a30f9762,"{""x_Generation"":""gen2""}",//run.googleapis.com/projects/examplecorp-data-739104/services/svc-9552a35e,svc-9552a35e,Cloud Run Service,us-central1,Iowa,,,,,,,,,,,"{""environment"":""dev"",""cost-center"":""cc-2087"",""owner"":""team-data""}"
Google Cloud,Google,Google Cloud,INV-2026-05-F70819,01A2B3-C4D5E6-F70819,ExampleCorp Billing - Primary,Billing Account,examplecorp-data-739104,data-analytics,Project,2026-05-01T00:00:00Z,2026-06-01T00:00:00Z,2026-05-26T00:00:00Z,2026-05-27T00:00:00Z,Tax,,Synthetic tax 10% on usage record 922: BigQuery,One-Time,2.61478125,2.61478125,2.9053125,2.61478125,,,,,,USD,,2.61478125,,USD,,,BigQuery,Databases,Data Warehouses,,,,,,,,,,,,,,,,,,,,"{""environment"":""dev"",""cost-center"":""cc-2087"",""owner"":""team-payments""}"
Google Cloud,Google,Google Cloud,INV-2026-05-A7B8C9,11C2D3-E4F506-A7B8C9,ExampleCorp Billing - Secondary,Billing Account,examplecorp-prod-481627,prod-platform,Project,2026-05-01T00:00:00Z,2026-06-01T00:00:00Z,2026-05-14T02:00:00Z,2026-05-14T03:00:00Z,Usage,,Function execution duration,Usage-Based,15.12920533905,15.12920533905,16.8102281545,15.12920533905,0.0000025000,0.0000022500,Standard,6724091.2618,GB-Seconds,USD,0.0000022500,15.12920533905,0.0000025000,USD,6724091.2618,GB-Seconds,Cloud Functions,Compute,Serverless Compute,SKU-aa8988f20b7d9893658f467f,Compute,SPRICE-55a0ffdcaab822a480aad660,"{""x_Runtime"":""python312"",""x_Generation"":""gen2""}",//cloudfunctions.googleapis.com/projects/examplecorp-prod-481627/functions/fn-46c6861b,fn-46c6861b,Cloud Function,europe-west1,Belgium,,,,,,,,,,,"{""environment"":""staging"",""cost-center"":""cc-3110"",""owner"":""team-data""}"
Google Cloud,Google,Google Cloud,INV-2026-05-F70819,01A2B3-C4D5E6-F70819,ExampleCorp Billing - Primary,Billing Account,examplecorp-staging-552831,staging-platform,Project,2026-05-01T00:00:00Z,2026-06-01T00:00:00Z,2026-05-01T00:00:00Z,2026-06-01T00:00:00Z,Usage,,Standard storage,Usage-Based,110.4752232,110.4752232,122.750248,110.4752232,0.0200000000,0.0180000000,Standard,6137.5124,GB-Months,USD,0.0180000000,110.4752232,0.0200000000,USD,6137.5124,GB-Months,Cloud Storage,Storage,Object Storage,SKU-560ffe175cb39f91c531454c,Storage,SPRICE-3d050702dcbac978cb3acee9,"{""StorageClass"":""Standard""}",//storage.googleapis.com/projects/examplecorp-staging-552831/buckets/bucket-b37dc62f,bucket-b37dc62f,Storage Bucket,us-central1,Iowa,,,,,,,,,,,"{""environment"":""dev"",""cost-center"":""cc-1042"",""owner"":""team-data""}"
Google Cloud,Google,Google Cloud,INV-2026-05-A7B8C9,11C2D3-E4F506-A7B8C9,ExampleCorp Billing - Secondary,Billing Account,examplecorp-data-739104,data-analytics,Project,2026-05-01T00:00:00Z,2026-06-01T00:00:00Z,2026-05-06T00:00:00Z,2026-05-06T01:00:00Z,Tax,,Synthetic tax 10% on usage record 121: Cloud SQL,One-Time,0.018,0.018,0.02,0.018,,,,,,USD,,0.018,,USD,,,Cloud SQL,Databases,Relational Databases,,,,,,,,,,,,,,,,,,,,"{""environment"":""prod"",""cost-center"":""cc-3110"",""owner"":""team-data""}"
Google Cloud,Google,Google Cloud,INV-2026-05-F70819,01A2B3-C4D5E6-F70819,ExampleCorp Billing - Primary,Billing Account,examplecorp-data-739104,data-analytics,Project,2026-05-01T00:00:00Z,2026-06-01T00:00:00Z,2026-05-14T00:00:00Z,2026-05-15T00:00:00Z,Tax,,Synthetic tax 10% on usage record 854: Cloud Monitoring,One-Time,3.039727878,3.039727878,3.37747542,3.039727878,,,,,,USD,,3.039727878,,USD,,,Cloud Monitoring,Management and Governance,Observability,,,,,,,,,,,,,,,,,,,,"{""environment"":""dev"",""cost-center"":""cc-3110"",""owner"":""team-data""}"
Google Cloud,Google,Google Cloud,INV-2026-05-A7B8C9,11C2D3-E4F506-A7B8C9,ExampleCorp Billing - Secondary,Billing Account,examplecorp-sandbox-160942,sandbox-dev,Project,2026-05-01T00:00:00Z,2026-06-01T00:00:00Z,2026-05-14T06:00:00Z,2026-05-14T07:00:00Z,Usage,,GKE node pool hours,Usage-Based,0.1206,0.1206,0.134,0.1206,0.1340000000,0.1206000000,Standard,1.0000,Hours,USD,0.1206000000,0.1206,0.1340000000,USD,1.0000,Hours,Google Kubernetes Engine,Compute,Containers,SKU-86068fdbce854432224e9db3,Compute,SPRICE-42acd32065a96a502913e8e4,"{""InstanceType"":""e2-standard-4"",""CoreCount"":4,""MemorySize"":16,""x_NodePool"":""default""}",//container.googleapis.com/projects/examplecorp-sandbox-160942/clusters/gke-043e12c7,gke-043e12c7,GKE Cluster,asia-southeast1,Singapore,,,,,,,,,,,"{""environment"":""prod"",""cost-center"":""cc-3110"",""owner"":""team-platform""}"
Google Cloud,Google,Google Cloud,INV-2026-05-F70819,01A2B3-C4D5E6-F70819,ExampleCorp Billing - Primary,Billing Account,examplecorp-sandbox-160942,sandbox-dev,Project,2026-05-01T00:00:00Z,2026-06-01T00:00:00Z,2026-05-14T07:00:00Z,2026-05-14T08:00:00Z,Usage,,e2-standard-4 running,Usage-Based,0.1206,0.1206,0.134,0.1206,0.1340000000,0.1206000000,Standard,1.0000,Hours,USD,0.1206000000,0.1206,0.1340000000,USD,1.0000,Hours,Compute Engine,Compute,Virtual Machines,SKU-161f822522a7bfba73514603,Compute,SPRICE-595a86198276ef2dbadddea2,"{""InstanceType"":""e2-standard-4"",""InstanceSeries"":""E2"",""CoreCount"":4,""MemorySize"":16,""OperatingSystem"":""Linux"",""x_Preemptible"":""false""}",//compute.googleapis.com/projects/examplecorp-sandbox-160942/instances/instance-814ee132,instance-814ee132,Compute Instance,us-central1,Iowa,us-central1-b,,,,,,,,,,"{""environment"":""prod"",""cost-center"":""cc-3110"",""owner"":""team-payments""}"
Google Cloud,Google,Google Cloud,INV-2026-05-F70819,01A2B3-C4D5E6-F70819,ExampleCorp Billing - Primary,Billing Account,examplecorp-staging-552831,staging-platform,Project,2026-05-01T00:00:00Z,2026-06-01T00:00:00Z,2026-05-14T08:00:00Z,2026-05-14T09:00:00Z,Usage,,e2-standard-4 running,Usage-Based,0.1206,0.1206,0.134,0.1206,0.1340000000,0.1206000000,Standard,1.0000,Hours,USD,0.1206000000,0.1206,0.1340000000,USD,1.0000,Hours,Compute Engine,Compute,Virtual Machines,SKU-c7f294f3dc4904208c787632,Compute,SPRICE-c8c1784c237a87edf1c3647d,"{""InstanceType"":""e2-standard-4"",""InstanceSeries"":""E2"",""CoreCount"":4,""MemorySize"":16,""OperatingSystem"":""Linux"",""x_Preemptible"":""false""}",//compute.googleapis.com/projects/examplecorp-staging-552831/instances/instance-45be9665,instance-45be9665,Compute Instance,us-east1,South Carolina,us-east1-b,,,,,,,,,,"{""environment"":""prod"",""cost-center"":""cc-1042"",""owner"":""team-data""}"
Google Cloud,Google,Google Cloud,INV-2026-05-F70819,01A2B3-C4D5E6-F70819,ExampleCorp Billing - Primary,Billing Account,examplecorp-prod-481627,prod-platform,Project,2026-05-01T00:00:00Z,2026-06-01T00:00:00Z,2026-05-01T00:00:00Z,2026-06-01T00:00:00Z,Usage,,Standard storage,Usage-Based,10.3735944,10.3735944,11.526216,10.3735944,0.0200000000,0.0180000000,Standard,576.3108,GB-Months,USD,0.0180000000,10.3735944,0.0200000000,USD,576.3108,GB-Months,Cloud Storage,Storage,Object Storage,SKU-560ffe175cb39f91c531454c,Storage,SPRICE-3d050702dcbac978cb3acee9,"{""StorageClass"":""Standard""}",//storage.googleapis.com/projects/examplecorp-prod-481627/buckets/bucket-ab52b4cf,bucket-ab52b4cf,Storage Bucket,us-central1,Iowa,,,,,,,,,,,"{""environment"":""prod"",""cost-center"":""cc-2087"",""owner"":""team-data""}"
Google Cloud,Google,Google Cloud,INV-2026-05-A7B8C9,11C2D3-E4F506-A7B8C9,ExampleCorp Billing - Secondary,Billing Account,examplecorp-data-739104,data-analytics,Project,2026-05-01T00:00:00Z,2026-06-01T00:00:00Z,2026-05-14T10:00:00Z,2026-05-14T11:00:00Z,Usage,,Cloud SQL custom 4 vCPU,Usage-Based,0.18,0.18,0.2,0.18,0.2000000000,0.1800000000,Standard,1.0000,Hours,EUR,0.1656000000,0.1656,0.1840000000,USD,1.0000,Hours,Cloud SQL,Databases,Relational Databases,SKU-5a84ed2775b50d245d6fae1f,Database,SPRICE-93d734d203277d468e7cb714,"{""InstanceType"":""db-custom-4-16384"",""CoreCount"":4,""MemorySize"":16,""x_Engine"":""PostgreSQL""}",//sqladmin.googleapis.com/projects/examplecorp-data-739104/instances/sql-70dd1c46,sql-70dd1c46,Cloud SQL Instance,asia-southeast1,Singapore,,,,,,,,,,,"{""environment"":""prod"",""cost-center"":""cc-2087"",""owner"":""team-data""}"
Google Cloud,Google,Google Cloud,INV-2026-05-A7B8C9,11C2D3-E4F506-A7B8C9,ExampleCorp Billing - Secondary,Billing Account,examplecorp-prod-481627,prod-platform,Project,2026-05-01T00:00:00Z,2026-06-01T00:00:00Z,2026-05-16T00:00:00Z,2026-05-17T00:00:00Z,Usage,,Monitoring data ingested,Usage-Based,43.3439613,43.3439613,48.159957,43.3439613,0.2580000000,0.2322000000,Standard,186.6665,MiB,USD,0.2322000000,43.3439613,0.2580000000,USD,186.6665,MiB,Cloud Monitoring,Management and Governance,Observability,SKU-7ae4fc052f28901dffce70d1,Monitoring,SPRICE-57d21c7b60b5e5bed918393e,"{""x_DataType"":""Metrics""}",//monitoring.googleapis.com/projects/examplecorp-prod-481627/metricsScopes/mon-4e7d2b9a,mon-4e7d2b9a,Monitoring Workspace,us-east1,South Carolina,,,,,,,,,,,"{""environment"":""prod"",""cost-center"":""cc-1042"",""owner"":""team-data""}"
Google Cloud,Google,Google Cloud,INV-2026-05-F70819,01A2B3-C4D5E6-F70819,ExampleCorp Billing - Primary,Billing Account,examplecorp-prod-481627,prod-platform,Project,2026-05-01T00:00:00Z,2026-06-01T00:00:00Z,2026-05-17T00:00:00Z,2026-05-18T00:00:00Z,Usage,,Monitoring data ingested,Usage-Based,68.16806856,68.16806856,75.7422984,68.16806856,0.2580000000,0.2322000000,Standard,293.5748,MiB,USD,0.2322000000,68.16806856,0.2580000000,USD,293.5748,MiB,Cloud Monitoring,Management and Governance,Observability,SKU-73cb6d01edef8d38d97bb589,Monitoring,SPRICE-d59530bdf3a44cc1ae1d78ff,"{""x_DataType"":""Metrics""}",//monitoring.googleapis.com/projects/examplecorp-prod-481627/metricsScopes/mon-553af8cc,mon-553af8cc,Monitoring Workspace,asia-southeast1,Singapore,,,,,,,,,,,"{""environment"":""prod"",""cost-center"":""cc-2087"",""owner"":""team-data""}"
Google Cloud,Google,Google Cloud,INV-2026-05-F70819,01A2B3-C4D5E6-F70819,ExampleCorp Billing - Primary,Billing Account,examplecorp-data-739104,data-analytics,Project,2026-05-01T00:00:00Z,2026-06-01T00:00:00Z,2026-05-14T13:00:00Z,2026-05-14T14:00:00Z,Usage,,e2-standard-4 running,Usage-Based,0.1206,0.1206,0.134,0.1206,0.1340000000,0.1206000000,Standard,1.0000,Hours,USD,0.1206000000,0.1206,0.1340000000,USD,1.0000,Hours,Compute Engine,Compute,Virtual Machines,SKU-1badc439797b2cd5d91eaa22,Compute,SPRICE-0e8670e23a7f9352bf5b81bc,"{""InstanceType"":""e2-standard-4"",""InstanceSeries"":""E2"",""CoreCount"":4,""MemorySize"":16,""OperatingSystem"":""Linux"",""x_Preemptible"":""false""}",//compute.googleapis.com/projects/examplecorp-data-739104/instances/instance-cc48031a,instance-cc48031a,Compute Instance,europe-west1,Belgium,europe-west1-c,,,,,,,,,,"{""environment"":""staging"",""cost-center"":""cc-3110"",""owner"":""team-data""}"
Google Cloud,Google,Google Cloud,INV-2026-05-A7B8C9,11C2D3-E4F506-A7B8C9,ExampleCorp Billing - Secondary,Billing Account,examplecorp-data-739104,data-analytics,Project,2026-05-01T00:00:00Z,2026-06-01T00:00:00Z,2026-05-19T00:00:00Z,2026-05-20T00:00:00Z,Usage,,On-demand query analysis,Usage-Based,219.2180625,219.2180625,243.575625,219.2180625,6.2500000000,5.6250000000,Standard,38.9721,TiB,EUR,5.1750000000,201.6806175,5.7500000000,USD,38.9721,TiB,BigQuery,Databases,Data Warehouses,SKU-ef2de98156d58b386f8bea8e,Analysis,SPRICE-35af7048e6904e6d4661d3db,"{""x_Edition"":""OnDemand""}",//bigquery.googleapis.com/projects/examplecorp-data-739104/datasets/ds_bd4f4191,ds_bd4f4191,BigQuery Dataset,us-east1,South Carolina,,,,,,,,,,,"{""environment"":""dev"",""cost-center"":""cc-2087"",""owner"":""team-data""}"
Google Cloud,Google,Google Cloud,INV-2026-05-A7B8C9,11C2D3-E4F506-A7B8C9,ExampleCorp Billing - Secondary,Billing Account,examplecorp-staging-552831,staging-platform,Project,2026-05-01T00:00:00Z,2026-06-01T00:00:00Z,2026-05-14T15:00:00Z,2026-05-14T16:00:00Z,Usage,,Cloud Run vCPU allocation,Usage-Based,5.39868311064,5.39868311064,5.9985367896,5.39868311064,0.0000240000,0.0000216000,Standard,249939.0329,Core-Seconds,USD,0.0000216000,5.39868311064,0.0000240000,USD,249939.0329,Core-Seconds,Cloud Run,Compute,Serverless Compute,SKU-fc6a19d63f2363e917267178,Compute,SPRICE-0d6d39e6df512f4876c539aa,"{""x_Generation"":""gen2""}",//run.googleapis.com/projects/examplecorp-staging-552831/services/svc-e337d13a,svc-e337d13a,Cloud Run Service,us-east1,South Carolina,,,,,,,,,,,"{""environment"":""prod"",""cost-center"":""cc-3110"",""owner"":""team-payments""}"
