ProviderName,PublisherName,InvoiceIssuerName,InvoiceId,BillingAccountId,BillingAccountName,BillingAccountType,SubAccountId,SubAccountName,SubAccountType,BillingPeriodStart,BillingPeriodEnd,ChargePeriodStart,ChargePeriodEnd,ChargeCategory,ChargeClass,ChargeDescription,ChargeFrequency,BilledCost,EffectiveCost,ListCost,ContractedCost,ListUnitPrice,ContractedUnitPrice,PricingCategory,PricingQuantity,PricingUnit,PricingCurrency,PricingCurrencyContractedUnitPrice,PricingCurrencyEffectiveCost,PricingCurrencyListUnitPrice,BillingCurrency,ConsumedQuantity,ConsumedUnit,ServiceName,ServiceCategory,ServiceSubcategory,SkuId,SkuMeter,SkuPriceId,SkuPriceDetails,ResourceId,ResourceName,ResourceType,RegionId,RegionName,AvailabilityZone,CommitmentDiscountId,CommitmentDiscountName,CommitmentDiscountCategory,CommitmentDiscountType,CommitmentDiscountStatus,CommitmentDiscountQuantity,CommitmentDiscountUnit,CapacityReservationId,CapacityReservationStatus,Tags
Microsoft Azure,Microsoft,Microsoft Azure,INV-2026-05-000001,8a1b2c3d-0000-4a00-9000-000000000001,ExampleCorp MCA - Primary,Microsoft Customer Agreement,11111111-1111-4111-8111-111111111111,prod-platform,Subscription,2026-05-01T00:00:00Z,2026-06-01T00:00:00Z,2026-05-01T00:00:00Z,2026-05-02T00:00:00Z,Usage,,VNet peering data transfer,Usage-Based,39.99070843022304,39.99070843022304,44.4341204780256,39.99070843022304,0.0101939040,0.0091745136,Standard,4358.8914,GB,USD,0.0091745136,39.99070843022304,0.0101939040,USD,4358.8914,GB,Virtual Network,Networking,Network Connectivity,AZ-VIRT-439925,Data Transfer,AZSP-566022d4,"{""x_TransferType"":""Peering""}",/subscriptions/11111111-1111-4111-8111-111111111111/resourceGroups/rg-prod-platform/providers/Microsoft.Network/virtualNetworks/vnet-b05eef5f,vnet-b05eef5f,Virtual Network,southeastasia,Southeast Asia,,,,,,,,,,,"{""Environment"":""staging"",""CostCenter"":""cc-2087"",""Owner"":""team-data""}"
Microsoft Azure,Microsoft,Microsoft Azure,INV-2026-05-000001,8a1b2c3d-0000-4a00-9000-000000000001,ExampleCorp MCA - Primary,Microsoft Customer Agreement,33333333-3333-4333-8333-333333333333,data-analytics,Subscription,2026-05-01T00:00:00Z,2026-06-01T00:00:00Z,2026-05-02T00:00:00Z,2026-05-03T00:00:00Z,Purchase,,Azure Monitor subscription fee,Recurring,766.254850,0,766.254850,766.254850,766.254850,766.254850,Standard,1,Units,USD,766.2548500000,0,766.2548500000,USD,,,Azure Monitor,Management and Governance,Observability,AZ-AZUR-49b502,Monitoring,AZSP-c485418f,"{""x_DataType"":""Logs""}",/subscriptions/33333333-3333-4333-8333-333333333333/resourceGroups/rg-data-analytics/providers/Microsoft.OperationalInsights/workspaces/law-09ba4c15,law-09ba4c15,Log Analytics Workspace,southeastasia,Southeast Asia,,,,,,,,,,,"{""Environment"":""prod"",""CostCenter"":""cc-2087"",""Owner"":""team-platform""}"
Microsoft Azure,Microsoft,Microsoft Azure,INV-2026-05-000001,8a1b2c3d-0000-4a00-9000-000000000001,ExampleCorp MCA - Primary,Microsoft Customer Agreement,44444444-4444-4444-8444-444444444444,sandbox-dev,Subscription,2026-05-01T00:00:00Z,2026-06-01T00:00:00Z,2026-05-03T00:00:00Z,2026-05-04T00:00:00Z,Tax,,Tax for Azure Monitor,One-Time,5.184548,5.184548,5.184548,5.184548,,,,,,,,,,USD,,,Azure Monitor,Management and Governance,Observability,,,,,,,,,,,,,,,,,,,,"{""Environment"":""dev"",""CostCenter"":""cc-2087"",""Owner"":""team-platform""}"
Microsoft Azure,Microsoft,Microsoft Azure,INV-2026-05-000001,8a1b2c3d-0000-4a00-9000-000000000001,ExampleCorp MCA - Primary,Microsoft Customer Agreement,22222222-2222-4222-8222-222222222222,staging-platform,Subscription,2026-05-01T00:00:00Z,2026-06-01T00:00:00Z,2026-05-01T03:00:00Z,2026-05-01T04:00:00Z,Usage,,Standard_D4s_v5 instance,Usage-Based,0.1707459669,0.1707459669,0.189717741,0.1707459669,0.1897177410,0.1707459669,Standard,1.0000,Hours,USD,0.1707459669,0.1707459669,0.1897177410,USD,1.0000,Hours,Virtual Machines,Compute,Virtual Machines,AZ-VIRT-4ee82c,Compute,AZSP-5c6e41b3,"{""InstanceType"":""Standard_D4s_v5"",""InstanceSeries"":""Ddsv5"",""CoreCount"":4,""MemorySize"":16,""OperatingSystem"":""Linux"",""x_Tenancy"":""Shared""}",/subscriptions/22222222-2222-4222-8222-222222222222/resourceGroups/rg-staging-platform/providers/Microsoft.Compute/virtualMachines/vm-4f6fb908,vm-4f6fb908,Virtual Machine,westus2,West US 2,westus2-2,,,,,,,,,,"{""Environment"":""dev"",""CostCenter"":""cc-1042"",""Owner"":""team-payments""}"
Microsoft Azure,Microsoft,Microsoft Azure,INV-2026-05-000002,8a1b2c3d-0000-4a00-9000-000000000002,ExampleCorp MCA - Secondary,Microsoft Customer Agreement,33333333-3333-4333-8333-333333333333,data-analytics,Subscription,2026-05-01T00:00:00Z,2026-06-01T00:00:00Z,2026-05-01T04:00:00Z,2026-05-01T05:00:00Z,Usage,,AKS node pool hours,Usage-Based,0.1738276077,0.1738276077,0.1931417863,0.1738276077,0.1931417863,0.1738276077,Standard,1.0000,Hours,USD,0.1738276077,0.1738276077,0.1931417863,USD,1.0000,Hours,Azure Kubernetes Service,Compute,Containers,AZ-AZUR-1073ae,Compute,AZSP-eb9c58ca,"{""InstanceType"":""Standard_D4s_v5"",""CoreCount"":4,""MemorySize"":16,""x_NodePool"":""system""}",/subscriptions/33333333-3333-4333-8333-333333333333/resourceGroups/rg-data-analytics/providers/Microsoft.ContainerService/managedClusters/aks-9306ddbe,aks-9306ddbe,Managed Cluster,westus2,West US 2,,,,,,,,,,,"{""Environment"":""prod"",""CostCenter"":""cc-2087"",""Owner"":""team-payments""}"
Microsoft Azure,Microsoft,Microsoft Azure,INV-2026-05-000002,8a1b2c3d-0000-4a00-9000-000000000002,ExampleCorp MCA - Secondary,Microsoft Customer Agreement,44444444-4444-4444-8444-444444444444,sandbox-dev,Subscription,2026-05-01T00:00:00Z,2026-06-01T00:00:00Z,2026-05-01T05:00:00Z,2026-05-01T06:00:00Z,Purchase,,"Savings Plan commitment, amortised for the charge period",Recurring,0.128064,0,0.128064,0.128064,1,1,Standard,0.128064,USD,USD,1.0000000000,0,1.0000000000,USD,,,Virtual Machines,Compute,Virtual Machines,AZ-COMMIT-c809b4,Commitment,AZSP-cb4dd822,"{""x_Term"":""P1Y"",""x_PaymentOption"":""NoUpfront""}",/subscriptions/44444444-4444-4444-8444-444444444444/providers/Microsoft.BillingBenefits/savingsPlans/cdb2546abe5e,savingsPlans-24ffcd877e,Savings Plan,southeastasia,Southeast Asia,,/subscriptions/44444444-4444-4444-8444-444444444444/providers/Microsoft.BillingBenefits/savingsPlans/cdb2546abe5e,AzureSavingsPlan-1yr-NoUpfront,Spend,Savings Plan,,0.128064,USD,,,"{""Environment"":""prod"",""CostCenter"":""cc-3110"",""Owner"":""team-data""}"
Microsoft Azure,Microsoft,Microsoft Azure,INV-2026-05-000002,8a1b2c3d-0000-4a00-9000-000000000002,ExampleCorp MCA - Secondary,Microsoft Customer Agreement,44444444-4444-4444-8444-444444444444,sandbox-dev,Subscription,2026-05-01T00:00:00Z,2026-06-01T00:00:00Z,2026-05-01T05:00:00Z,2026-05-01T06:00:00Z,Usage,,Virtual Machines committed usage,Usage-Based,0,0.128064,0.192,0.1728,0.1920000000,0.1728000000,Committed,1,Hours,USD,0.1728000000,0.128064,0.1920000000,USD,1,Hours,Virtual Machines,Compute,Virtual Machines,AZ-VIRT-ff15ef,Compute,AZSP-f567738f,"{""InstanceType"":""Standard_D4s_v5"",""InstanceSeries"":""Ddsv5"",""CoreCount"":4,""MemorySize"":16,""OperatingSystem"":""Linux"",""x_Tenancy"":""Shared""}",/subscriptions/44444444-4444-4444-8444-444444444444/resourceGroups/rg-sandbox-dev/providers/Microsoft.Compute/virtualMachines/vm-0000b9ee76,vm-0000b9ee76,Virtual Machine,southeastasia,Southeast Asia,southeastasia-1,/subscriptions/44444444-4444-4444-8444-444444444444/providers/Microsoft.BillingBenefits/savingsPlans/cdb2546abe5e,AzureSavingsPlan-1yr-NoUpfront,Spend,Savings Plan,Used,0.128064,USD,,,"{""Environment"":""dev"",""CostCenter"":""cc-2087"",""Owner"":""team-platform""}"
Microsoft Azure,Microsoft,Microsoft Azure,INV-2026-05-000002,8a1b2c3d-0000-4a00-9000-000000000002,ExampleCorp MCA - Secondary,Microsoft Customer Agreement,44444444-4444-4444-8444-444444444444,sandbox-dev,Subscription,2026-05-01T00:00:00Z,2026-06-01T00:00:00Z,2026-05-01T06:00:00Z,2026-05-01T07:00:00Z,Purchase,,"Savings Plan commitment, amortised for the charge period",Recurring,0.128064,0,0.128064,0.128064,1,1,Standard,0.128064,USD,USD,1.0000000000,0,1.0000000000,USD,,,Virtual Machines,Compute,Virtual Machines,AZ-COMMIT-c809b4,Commitment,AZSP-cb4dd822,"{""x_Term"":""P1Y"",""x_PaymentOption"":""NoUpfront""}",/subscriptions/44444444-4444-4444-8444-444444444444/providers/Microsoft.BillingBenefits/savingsPlans/cdb2546abe5e,savingsPlans-24ffcd877e,Savings Plan,southeastasia,Southeast Asia,,/subscriptions/44444444-4444-4444-8444-444444444444/providers/Microsoft.BillingBenefits/savingsPlans/cdb2546abe5e,AzureSavingsPlan-1yr-NoUpfront,Spend,Savings Plan,,0.128064,USD,,,"{""Environment"":""dev"",""CostCenter"":""cc-3110"",""Owner"":""team-platform""}"
Microsoft Azure,Microsoft,Microsoft Azure,INV-2026-05-000002,8a1b2c3d-0000-4a00-9000-000000000002,ExampleCorp MCA - Secondary,Microsoft Customer Agreement,44444444-4444-4444-8444-444444444444,sandbox-dev,Subscription,2026-05-01T00:00:00Z,2026-06-01T00:00:00Z,2026-05-01T06:00:00Z,2026-05-01T07:00:00Z,Usage,,Virtual Machines committed usage,Usage-Based,0,0.128064,0.192,0.1728,0.1920000000,0.1728000000,Committed,1,Hours,USD,0.1728000000,0.128064,0.1920000000,USD,1,Hours,Virtual Machines,Compute,Virtual Machines,AZ-VIRT-cbacac,Compute,AZSP-56256336,"{""InstanceType"":""Standard_D4s_v5"",""InstanceSeries"":""Ddsv5"",""CoreCount"":4,""MemorySize"":16,""OperatingSystem"":""Linux"",""x_Tenancy"":""Shared""}",/subscriptions/44444444-4444-4444-8444-444444444444/resourceGroups/rg-sandbox-dev/providers/Microsoft.Compute/virtualMachines/vm-0001af76f5,vm-0001af76f5,Virtual Machine,southeastasia,Southeast Asia,southeastasia-1,/subscriptions/44444444-4444-4444-8444-444444444444/providers/Microsoft.BillingBenefits/savingsPlans/cdb2546abe5e,AzureSavingsPlan-1yr-NoUpfront,Spend,Savings Plan,Used,0.128064,USD,,,"{""Environment"":""staging"",""CostCenter"":""cc-3110"",""Owner"":""team-payments""}"
Microsoft Azure,Microsoft,Microsoft Azure,INV-2026-05-000002,8a1b2c3d-0000-4a00-9000-000000000002,ExampleCorp MCA - Secondary,Microsoft Customer Agreement,44444444-4444-4444-8444-444444444444,sandbox-dev,Subscription,2026-05-01T00:00:00Z,2026-06-01T00:00:00Z,2026-05-01T07:00:00Z,2026-05-01T08:00:00Z,Purchase,,"Savings Plan commitment, amortised for the charge period",Recurring,0.128064,0,0.128064,0.128064,1,1,Standard,0.128064,USD,USD,1.0000000000,0,1.0000000000,USD,,,Virtual Machines,Compute,Virtual Machines,AZ-COMMIT-c809b4,Commitment,AZSP-cb4dd822,"{""x_Term"":""P1Y"",""x_PaymentOption"":""NoUpfront""}",/subscriptions/44444444-4444-4444-8444-444444444444/providers/Microsoft.BillingBenefits/savingsPlans/cdb2546abe5e,savingsPlans-24ffcd877e,Savings Plan,southeastasia,Southeast Asia,,/subscriptions/44444444-4444-4444-8444-444444444444/providers/Microsoft.BillingBenefits/savingsPlans/cdb2546abe5e,AzureSavingsPlan-1yr-NoUpfront,Spend,Savings Plan,,0.128064,USD,,,"{""Environment"":""dev"",""CostCenter"":""cc-3110"",""Owner"":""team-data""}"
Microsoft Azure,Microsoft,Microsoft Azure,INV-2026-05-000002,8a1b2c3d-0000-4a00-9000-000000000002,ExampleCorp MCA - Secondary,Microsoft Customer Agreement,44444444-4444-4444-8444-444444444444,sandbox-dev,Subscription,2026-05-01T00:00:00Z,2026-06-01T00:00:00Z,2026-05-01T07:00:00Z,2026-05-01T08:00:00Z,Usage,,Virtual Machines committed usage,Usage-Based,0,0.128064,0.192,0.1728,0.1920000000,0.1728000000,Committed,1,Hours,USD,0.1728000000,0.128064,0.1920000000,USD,1,Hours,Virtual Machines,Compute,Virtual Machines,AZ-VIRT-a77541,Compute,AZSP-70b91801,"{""InstanceType"":""Standard_D4s_v5"",""InstanceSeries"":""Ddsv5"",""CoreCount"":4,""MemorySize"":16,""OperatingSystem"":""Linux"",""x_Tenancy"":""Shared""}",/subscriptions/44444444-4444-4444-8444-444444444444/resourceGroups/rg-sandbox-dev/providers/Microsoft.Compute/virtualMachines/vm-0002f34725,vm-0002f34725,Virtual Machine,southeastasia,Southeast Asia,southeastasia-1,/subscriptions/44444444-4444-4444-8444-444444444444/providers/Microsoft.BillingBenefits/savingsPlans/cdb2546abe5e,AzureSavingsPlan-1yr-NoUpfront,Spend,Savings Plan,Used,0.128064,USD,,,"{""Environment"":""dev"",""CostCenter"":""cc-2087"",""Owner"":""team-data""}"
Microsoft Azure,Microsoft,Microsoft Azure,INV-2026-05-000002,8a1b2c3d-0000-4a00-9000-000000000002,ExampleCorp MCA - Secondary,Microsoft Customer Agreement,44444444-4444-4444-8444-444444444444,sandbox-dev,Subscription,2026-05-01T00:00:00Z,2026-06-01T00:00:00Z,2026-05-01T08:00:00Z,2026-05-01T09:00:00Z,Purchase,,"Savings Plan commitment, amortised for the charge period",Recurring,0.128064,0,0.128064,0.128064,1,1,Standard,0.128064,USD,USD,1.0000000000,0,1.0000000000,USD,,,Virtual Machines,Compute,Virtual Machines,AZ-COMMIT-c809b4,Commitment,AZSP-cb4dd822,"{""x_Term"":""P1Y"",""x_PaymentOption"":""NoUpfront""}",/subscriptions/44444444-4444-4444-8444-444444444444/providers/Microsoft.BillingBenefits/savingsPlans/cdb2546abe5e,savingsPlans-24ffcd877e,Savings Plan,southeastasia,Southeast Asia,,/subscriptions/44444444-4444-4444-8444-444444444444/providers/Microsoft.BillingBenefits/savingsPlans/cdb2546abe5e,AzureSavingsPlan-1yr-NoUpfront,Spend,Savings Plan,,0.128064,USD,,,"{""Environment"":""dev"",""CostCenter"":""cc-2087"",""Owner"":""team-platform""}"
Microsoft Azure,Microsoft,Microsoft Azure,INV-2026-05-000002,8a1b2c3d-0000-4a00-9000-000000000002,ExampleCorp MCA - Secondary,Microsoft Customer Agreement,44444444-4444-4444-8444-444444444444,sandbox-dev,Subscription,2026-05-01T00:00:00Z,2026-06-01T00:00:00Z,2026-05-01T08:00:00Z,2026-05-01T09:00:00Z,Usage,,Virtual Machines committed usage,Usage-Based,0,0.128064,0.192,0.1728,0.1920000000,0.1728000000,Committed,1,Hours,USD,0.1728000000,0.128064,0.1920000000,USD,1,Hours,Virtual Machines,Compute,Virtual Machines,AZ-VIRT-f36b86,Compute,AZSP-dcbc94ea,"{""InstanceType"":""Standard_D4s_v5"",""InstanceSeries"":""Ddsv5"",""CoreCount"":4,""MemorySize"":16,""OperatingSystem"":""Linux"",""x_Tenancy"":""Shared""}",/subscriptions/44444444-4444-4444-8444-444444444444/resourceGroups/rg-sandbox-dev/providers/Microsoft.Compute/virtualMachines/vm-0003d81dad,vm-0003d81dad,Virtual Machine,southeastasia,Southeast Asia,southeastasia-1,/subscriptions/44444444-4444-4444-8444-444444444444/providers/Microsoft.BillingBenefits/savingsPlans/cdb2546abe5e,AzureSavingsPlan-1yr-NoUpfront,Spend,Savings Plan,Used,0.128064,USD,,,"{""Environment"":""staging"",""CostCenter"":""cc-3110"",""Owner"":""team-payments""}"
Microsoft Azure,Microsoft,Microsoft Azure,INV-2026-05-000002,8a1b2c3d-0000-4a00-9000-000000000002,ExampleCorp MCA - Secondary,Microsoft Customer Agreement,44444444-4444-4444-8444-444444444444,sandbox-dev,Subscription,2026-05-01T00:00:00Z,2026-06-01T00:00:00Z,2026-05-01T09:00:00Z,2026-05-01T10:00:00Z,Purchase,,"Savings Plan commitment, amortised for the charge period",Recurring,0.128064,0,0.128064,0.128064,1,1,Standard,0.128064,USD,USD,1.0000000000,0,1.0000000000,USD,,,Virtual Machines,Compute,Virtual Machines,AZ-COMMIT-c809b4,Commitment,AZSP-cb4dd822,"{""x_Term"":""P1Y"",""x_PaymentOption"":""NoUpfront""}",/subscriptions/44444444-4444-4444-8444-444444444444/providers/Microsoft.BillingBenefits/savingsPlans/cdb2546abe5e,savingsPlans-24ffcd877e,Savings Plan,southeastasia,Southeast Asia,,/subscriptions/44444444-4444-4444-8444-444444444444/providers/Microsoft.BillingBenefits/savingsPlans/cdb2546abe5e,AzureSavingsPlan-1yr-NoUpfront,Spend,Savings Plan,,0.128064,USD,,,"{""Environment"":""staging"",""CostCenter"":""cc-3110"",""Owner"":""team-platform""}"
Microsoft Azure,Microsoft,Microsoft Azure,INV-2026-05-000002,8a1b2c3d-0000-4a00-9000-000000000002,ExampleCorp MCA - Secondary,Microsoft Customer Agreement,44444444-4444-4444-8444-444444444444,sandbox-dev,Subscription,2026-05-01T00:00:00Z,2026-06-01T00:00:00Z,2026-05-01T09:00:00Z,2026-05-01T10:00:00Z,Usage,,Virtual Machines committed usage,Usage-Based,0,0.128064,0.192,0.1728,0.1920000000,0.1728000000,Committed,1,Hours,USD,0.1728000000,0.128064,0.1920000000,USD,1,Hours,Virtual Machines,Compute,Virtual Machines,AZ-VIRT-be1d7a,Compute,AZSP-5cbcd442,"{""InstanceType"":""Standard_D4s_v5"",""InstanceSeries"":""Ddsv5"",""CoreCount"":4,""MemorySize"":16,""OperatingSystem"":""Linux"",""x_Tenancy"":""Shared""}",/subscriptions/44444444-4444-4444-8444-444444444444/resourceGroups/rg-sandbox-dev/providers/Microsoft.Compute/virtualMachines/vm-00045633d3,vm-00045633d3,Virtual Machine,southeastasia,Southeast Asia,southeastasia-1,/subscriptions/44444444-4444-4444-8444-444444444444/providers/Microsoft.BillingBenefits/savingsPlans/cdb2546abe5e,AzureSavingsPlan-1yr-NoUpfront,Spend,Savings Plan,Used,0.128064,USD,,,"{""Environment"":""staging"",""CostCenter"":""cc-1042"",""Owner"":""team-platform""}"
Microsoft Azure,Microsoft,Microsoft Azure,INV-2026-05-000002,8a1b2c3d-0000-4a00-9000-000000000002,ExampleCorp MCA - Secondary,Microsoft Customer Agreement,44444444-4444-4444-8444-444444444444,sandbox-dev,Subscription,2026-05-01T00:00:00Z,2026-06-01T00:00:00Z,2026-05-01T10:00:00Z,2026-05-01T11:00:00Z,Purchase,,"Savings Plan commitment, amortised for the charge period",Recurring,0.128064,0,0.128064,0.128064,1,1,Standard,0.128064,USD,USD,1.0000000000,0,1.0000000000,USD,,,Virtual Machines,Compute,Virtual Machines,AZ-COMMIT-c809b4,Commitment,AZSP-cb4dd822,"{""x_Term"":""P1Y"",""x_PaymentOption"":""NoUpfront""}",/subscriptions/44444444-4444-4444-8444-444444444444/providers/Microsoft.BillingBenefits/savingsPlans/cdb2546abe5e,savingsPlans-24ffcd877e,Savings Plan,southeastasia,Southeast Asia,,/subscriptions/44444444-4444-4444-8444-444444444444/providers/Microsoft.BillingBenefits/savingsPlans/cdb2546abe5e,AzureSavingsPlan-1yr-NoUpfront,Spend,Savings Plan,,0.128064,USD,,,"{""Environment"":""prod"",""CostCenter"":""cc-3110"",""Owner"":""team-platform""}"
Microsoft Azure,Microsoft,Microsoft Azure,INV-2026-05-000002,8a1b2c3d-0000-4a00-9000-000000000002,ExampleCorp MCA - Secondary,Microsoft Customer Agreement,44444444-4444-4444-8444-444444444444,sandbox-dev,Subscription,2026-05-01T00:00:00Z,2026-06-01T00:00:00Z,2026-05-01T10:00:00Z,2026-05-01T11:00:00Z,Usage,,Virtual Machines committed usage,Usage-Based,0,0.128064,0.192,0.1728,0.1920000000,0.1728000000,Committed,1,Hours,USD,0.1728000000,0.128064,0.1920000000,USD,1,Hours,Virtual Machines,Compute,Virtual Machines,AZ-VIRT-6ca886,Compute,AZSP-0691fb0d,"{""InstanceType"":""Standard_D4s_v5"",""InstanceSeries"":""Ddsv5"",""CoreCount"":4,""MemorySize"":16,""OperatingSystem"":""Linux"",""x_Tenancy"":""Shared""}",/subscriptions/44444444-4444-4444-8444-444444444444/resourceGroups/rg-sandbox-dev/providers/Microsoft.Compute/virtualMachines/vm-000595347d,vm-000595347d,Virtual Machine,southeastasia,Southeast Asia,southeastasia-1,/subscriptions/44444444-4444-4444-8444-444444444444/providers/Microsoft.BillingBenefits/savingsPlans/cdb2546abe5e,AzureSavingsPlan-1yr-NoUpfront,Spend,Savings Plan,Used,0.128064,USD,,,"{""Environment"":""prod"",""CostCenter"":""cc-3110"",""Owner"":""team-platform""}"
Microsoft Azure,Microsoft,Microsoft Azure,INV-2026-05-000002,8a1b2c3d-0000-4a00-9000-000000000002,ExampleCorp MCA - Secondary,Microsoft Customer Agreement,44444444-4444-4444-8444-444444444444,sandbox-dev,Subscription,2026-05-01T00:00:00Z,2026-06-01T00:00:00Z,2026-05-01T11:00:00Z,2026-05-01T12:00:00Z,Purchase,,"Savings Plan commitment, amortised for the charge period",Recurring,0.128064,0,0.128064,0.128064,1,1,Standard,0.128064,USD,USD,1.0000000000,0,1.0000000000,USD,,,Virtual Machines,Compute,Virtual Machines,AZ-COMMIT-c809b4,Commitment,AZSP-cb4dd822,"{""x_Term"":""P1Y"",""x_PaymentOption"":""NoUpfront""}",/subscriptions/44444444-4444-4444-8444-444444444444/providers/Microsoft.BillingBenefits/savingsPlans/cdb2546abe5e,savingsPlans-24ffcd877e,Savings Plan,southeastasia,Southeast Asia,,/subscriptions/44444444-4444-4444-8444-444444444444/providers/Microsoft.BillingBenefits/savingsPlans/cdb2546abe5e,AzureSavingsPlan-1yr-NoUpfront,Spend,Savings Plan,,0.128064,USD,,,"{""Environment"":""staging"",""CostCenter"":""cc-1042"",""Owner"":""team-data""}"
Microsoft Azure,Microsoft,Microsoft Azure,INV-2026-05-000002,8a1b2c3d-0000-4a00-9000-000000000002,ExampleCorp MCA - Secondary,Microsoft Customer Agreement,44444444-4444-4444-8444-444444444444,sandbox-dev,Subscription,2026-05-01T00:00:00Z,2026-06-01T00:00:00Z,2026-05-01T11:00:00Z,2026-05-01T12:00:00Z,Usage,,Virtual Machines committed usage,Usage-Based,0,0.128064,0.192,0.1728,0.1920000000,0.1728000000,Committed,1,Hours,USD,0.1728000000,0.128064,0.1920000000,USD,1,Hours,Virtual Machines,Compute,Virtual Machines,AZ-VIRT-f9ad87,Compute,AZSP-28cd01aa,"{""InstanceType"":""Standard_D4s_v5"",""InstanceSeries"":""Ddsv5"",""CoreCount"":4,""MemorySize"":16,""OperatingSystem"":""Linux"",""x_Tenancy"":""Shared""}",/subscriptions/44444444-4444-4444-8444-444444444444/resourceGroups/rg-sandbox-dev/providers/Microsoft.Compute/virtualMachines/vm-00062f6de2,vm-00062f6de2,Virtual Machine,southeastasia,Southeast Asia,southeastasia-1,/subscriptions/44444444-4444-4444-8444-444444444444/providers/Microsoft.BillingBenefits/savingsPlans/cdb2546abe5e,AzureSavingsPlan-1yr-NoUpfront,Spend,Savings Plan,Used,0.128064,USD,,,"{""Environment"":""prod"",""CostCenter"":""cc-3110"",""Owner"":""team-data""}"
Microsoft Azure,Microsoft,Microsoft Azure,INV-2026-05-000002,8a1b2c3d-0000-4a00-9000-000000000002,ExampleCorp MCA - Secondary,Microsoft Customer Agreement,44444444-4444-4444-8444-444444444444,sandbox-dev,Subscription,2026-05-01T00:00:00Z,2026-06-01T00:00:00Z,2026-05-01T12:00:00Z,2026-05-01T13:00:00Z,Purchase,,"Savings Plan commitment, amortised for the charge period",Recurring,0.128064,0,0.128064,0.128064,1,1,Standard,0.128064,USD,USD,1.0000000000,0,1.0000000000,USD,,,Virtual Machines,Compute,Virtual Machines,AZ-COMMIT-c809b4,Commitment,AZSP-cb4dd822,"{""x_Term"":""P1Y"",""x_PaymentOption"":""NoUpfront""}",/subscriptions/44444444-4444-4444-8444-444444444444/providers/Microsoft.BillingBenefits/savingsPlans/cdb2546abe5e,savingsPlans-24ffcd877e,Savings Plan,southeastasia,Southeast Asia,,/subscriptions/44444444-4444-4444-8444-444444444444/providers/Microsoft.BillingBenefits/savingsPlans/cdb2546abe5e,AzureSavingsPlan-1yr-NoUpfront,Spend,Savings Plan,,0.128064,USD,,,"{""Environment"":""staging"",""CostCenter"":""cc-1042"",""Owner"":""team-platform""}"
Microsoft Azure,Microsoft,Microsoft Azure,INV-2026-05-000002,8a1b2c3d-0000-4a00-9000-000000000002,ExampleCorp MCA - Secondary,Microsoft Customer Agreement,44444444-4444-4444-8444-444444444444,sandbox-dev,Subscription,2026-05-01T00:00:00Z,2026-06-01T00:00:00Z,2026-05-01T12:00:00Z,2026-05-01T13:00:00Z,Usage,,Virtual Machines committed usage,Usage-Based,0,0.128064,0.192,0.1728,0.1920000000,0.1728000000,Committed,1,Hours,USD,0.1728000000,0.128064,0.1920000000,USD,1,Hours,Virtual Machines,Compute,Virtual Machines,AZ-VIRT-d6e866,Compute,AZSP-e681d049,"{""InstanceType"":""Standard_D4s_v5"",""InstanceSeries"":""Ddsv5"",""CoreCount"":4,""MemorySize"":16,""OperatingSystem"":""Linux"",""x_Tenancy"":""Shared""}",/subscriptions/44444444-4444-4444-8444-444444444444/resourceGroups/rg-sandbox-dev/providers/Microsoft.Compute/virtualMachines/vm-0007fb962d,vm-0007fb962d,Virtual Machine,southeastasia,Southeast Asia,southeastasia-1,/subscriptions/44444444-4444-4444-8444-444444444444/providers/Microsoft.BillingBenefits/savingsPlans/cdb2546abe5e,AzureSavingsPlan-1yr-NoUpfront,Spend,Savings Plan,Used,0.128064,USD,,,"{""Environment"":""staging"",""CostCenter"":""cc-3110"",""Owner"":""team-platform""}"
Microsoft Azure,Microsoft,Microsoft Azure,INV-2026-05-000002,8a1b2c3d-0000-4a00-9000-000000000002,ExampleCorp MCA - Secondary,Microsoft Customer Agreement,44444444-4444-4444-8444-444444444444,sandbox-dev,Subscription,2026-05-01T00:00:00Z,2026-06-01T00:00:00Z,2026-05-01T13:00:00Z,2026-05-01T14:00:00Z,Purchase,,"Savings Plan commitment, amortised for the charge period",Recurring,0.128064,0,0.128064,0.128064,1,1,Standard,0.128064,USD,USD,1.0000000000,0,1.0000000000,USD,,,Virtual Machines,Compute,Virtual Machines,AZ-COMMIT-c809b4,Commitment,AZSP-cb4dd822,"{""x_Term"":""P1Y"",""x_PaymentOption"":""NoUpfront""}",/subscriptions/44444444-4444-4444-8444-444444444444/providers/Microsoft.BillingBenefits/savingsPlans/cdb2546abe5e,savingsPlans-24ffcd877e,Savings Plan,southeastasia,Southeast Asia,,/subscriptions/44444444-4444-4444-8444-444444444444/providers/Microsoft.BillingBenefits/savingsPlans/cdb2546abe5e,AzureSavingsPlan-1yr-NoUpfront,Spend,Savings Plan,,0.128064,USD,,,"{""Environment"":""dev"",""CostCenter"":""cc-1042"",""Owner"":""team-data""}"
Microsoft Azure,Microsoft,Microsoft Azure,INV-2026-05-000002,8a1b2c3d-0000-4a00-9000-000000000002,ExampleCorp MCA - Secondary,Microsoft Customer Agreement,44444444-4444-4444-8444-444444444444,sandbox-dev,Subscription,2026-05-01T00:00:00Z,2026-06-01T00:00:00Z,2026-05-01T13:00:00Z,2026-05-01T14:00:00Z,Usage,,Virtual Machines committed usage,Usage-Based,0,0.128064,0.192,0.1728,0.1920000000,0.1728000000,Committed,1,Hours,USD,0.1728000000,0.128064,0.1920000000,USD,1,Hours,Virtual Machines,Compute,Virtual Machines,AZ-VIRT-f0708e,Compute,AZSP-6fe6c861,"{""InstanceType"":""Standard_D4s_v5"",""InstanceSeries"":""Ddsv5"",""CoreCount"":4,""MemorySize"":16,""OperatingSystem"":""Linux"",""x_Tenancy"":""Shared""}",/subscriptions/44444444-4444-4444-8444-444444444444/resourceGroups/rg-sandbox-dev/providers/Microsoft.Compute/virtualMachines/vm-0008782441,vm-0008782441,Virtual Machine,southeastasia,Southeast Asia,southeastasia-1,/subscriptions/44444444-4444-4444-8444-444444444444/providers/Microsoft.BillingBenefits/savingsPlans/cdb2546abe5e,AzureSavingsPlan-1yr-NoUpfront,Spend,Savings Plan,Used,0.128064,USD,,,"{""Environment"":""prod"",""CostCenter"":""cc-1042"",""Owner"":""team-platform""}"
Microsoft Azure,Microsoft,Microsoft Azure,INV-2026-05-000002,8a1b2c3d-0000-4a00-9000-000000000002,ExampleCorp MCA - Secondary,Microsoft Customer Agreement,44444444-4444-4444-8444-444444444444,sandbox-dev,Subscription,2026-05-01T00:00:00Z,2026-06-01T00:00:00Z,2026-05-01T14:00:00Z,2026-05-01T15:00:00Z,Purchase,,"Savings Plan commitment, amortised for the charge period",Recurring,0.128064,0,0.128064,0.128064,1,1,Standard,0.128064,USD,USD,1.0000000000,0,1.0000000000,USD,,,Virtual Machines,Compute,Virtual Machines,AZ-COMMIT-c809b4,Commitment,AZSP-cb4dd822,"{""x_Term"":""P1Y"",""x_PaymentOption"":""NoUpfront""}",/subscriptions/44444444-4444-4444-8444-444444444444/providers/Microsoft.BillingBenefits/savingsPlans/cdb2546abe5e,savingsPlans-24ffcd877e,Savings Plan,southeastasia,Southeast Asia,,/subscriptions/44444444-4444-4444-8444-444444444444/providers/Microsoft.BillingBenefits/savingsPlans/cdb2546abe5e,AzureSavingsPlan-1yr-NoUpfront,Spend,Savings Plan,,0.128064,USD,,,"{""Environment"":""staging"",""CostCenter"":""cc-3110"",""Owner"":""team-platform""}"
Microsoft Azure,Microsoft,Microsoft Azure,INV-2026-05-000002,8a1b2c3d-0000-4a00-9000-000000000002,ExampleCorp MCA - Secondary,Microsoft Customer Agreement,44444444-4444-4444-8444-444444444444,sandbox-dev,Subscription,2026-05-01T00:00:00Z,2026-06-01T00:00:00Z,2026-05-01T14:00:00Z,2026-05-01T15:00:00Z,Usage,,Savings Plan unused commitment,Usage-Based,0,0.128064,0.128064,0.128064,1,1,Committed,0.128064,USD,USD,1.0000000000,0.128064,1.0000000000,USD,,,Virtual Machines,Compute,Virtual Machines,AZ-COMMIT-c809b4,Commitment,AZSP-cb4dd822,"{""x_Term"":""P1Y"",""x_PaymentOption"":""NoUpfront""}",/subscriptions/44444444-4444-4444-8444-444444444444/providers/Microsoft.BillingBenefits/savingsPlans/cdb2546abe5e,savingsPlans-24ffcd877e,Savings Plan,southeastasia,Southeast Asia,,/subscriptions/44444444-4444-4444-8444-444444444444/providers/Microsoft.BillingBenefits/savingsPlans/cdb2546abe5e,AzureSavingsPlan-1yr-NoUpfront,Spend,Savings Plan,Unused,0.128064,USD,,,"{""Environment"":""staging"",""CostCenter"":""cc-2087"",""Owner"":""team-platform""}"
Microsoft Azure,Microsoft,Microsoft Azure,INV-2026-05-000002,8a1b2c3d-0000-4a00-9000-000000000002,ExampleCorp MCA - Secondary,Microsoft Customer Agreement,11111111-1111-4111-8111-111111111111,prod-platform,Subscription,2026-05-01T00:00:00Z,2026-06-01T00:00:00Z,2026-05-02T01:00:00Z,2026-05-02T02:00:00Z,Usage,,General Purpose 4 vCore,Usage-Based,0.4504789666,0.4504789666,0.5005321851,0.4504789666,0.5005321851,0.4504789666,Standard,1.0000,Hours,USD,0.4504789666,0.4504789666,0.5005321851,USD,1.0000,Hours,Azure SQL Database,Databases,Relational Databases,AZ-AZUR-b430c4,Database,AZSP-319ac471,"{""InstanceType"":""GP_Gen5_4"",""CoreCount"":4,""MemorySize"":20,""x_Engine"":""SQLServer""}",/subscriptions/11111111-1111-4111-8111-111111111111/resourceGroups/rg-prod-platform/providers/Microsoft.Sql/servers/databases/sqldb-f5a11692,sqldb-f5a11692,SQL Database,southeastasia,Southeast Asia,,,,,,,,,,,"{""Environment"":""prod"",""CostCenter"":""cc-3110"",""Owner"":""team-data""}"
Microsoft Azure,Microsoft,Microsoft Azure,INV-2026-05-000001,8a1b2c3d-0000-4a00-9000-000000000001,ExampleCorp MCA - Primary,Microsoft Customer Agreement,33333333-3333-4333-8333-333333333333,data-analytics,Subscription,2026-05-01T00:00:00Z,2026-06-01T00:00:00Z,2026-05-27T00:00:00Z,2026-05-28T00:00:00Z,Usage,,VNet peering data transfer,Usage-Based,42.17458923789822,42.17458923789822,46.8606547087758,42.17458923789822,0.0098107290,0.0088296561,Standard,4776.4702,GB,USD,0.0088296561,42.17458923789822,0.0098107290,USD,4776.4702,GB,Virtual Network,Networking,Network Connectivity,AZ-VIRT-b999ac,Data Transfer,AZSP-0fc7864d,"{""x_TransferType"":""Peering""}",/subscriptions/33333333-3333-4333-8333-333333333333/resourceGroups/rg-data-analytics/providers/Microsoft.Network/virtualNetworks/vnet-fc075b6d,vnet-fc075b6d,Virtual Network,westeurope,West Europe,,,,,,,,,,,"{""Environment"":""prod"",""CostCenter"":""cc-2087"",""Owner"":""team-payments""}"
Microsoft Azure,Microsoft,Microsoft Azure,INV-2026-05-000001,8a1b2c3d-0000-4a00-9000-000000000001,ExampleCorp MCA - Primary,Microsoft Customer Agreement,44444444-4444-4444-8444-444444444444,sandbox-dev,Subscription,2026-05-01T00:00:00Z,2026-06-01T00:00:00Z,2026-05-02T03:00:00Z,2026-05-02T04:00:00Z,Usage,,Provisioned throughput,Usage-Based,0.0070466982,0.0070466982,0.0078296647,0.0070466982,0.0078296647,0.0070466982,Standard,1.0000,Hours,USD,0.0070466982,0.0070466982,0.0078296647,USD,1.0000,Hours,Azure Cosmos DB,Databases,NoSQL Databases,AZ-AZUR-053057,Database,AZSP-38593700,"{""x_CapacityMode"":""Provisioned""}",/subscriptions/44444444-4444-4444-8444-444444444444/resourceGroups/rg-sandbox-dev/providers/Microsoft.DocumentDB/databaseAccounts/cosmos-6367dcc7,cosmos-6367dcc7,Cosmos DB Account,westus2,West US 2,,,,,,,,,,,"{""Environment"":""dev"",""CostCenter"":""cc-3110"",""Owner"":""team-platform""}"
Microsoft Azure,Microsoft,Microsoft Azure,INV-2026-05-000001,8a1b2c3d-0000-4a00-9000-000000000001,ExampleCorp MCA - Primary,Microsoft Customer Agreement,44444444-4444-4444-8444-444444444444,sandbox-dev,Subscription,2026-05-01T00:00:00Z,2026-06-01T00:00:00Z,2026-05-01T00:00:00Z,2026-05-02T00:00:00Z,Tax,,Tax for Azure SQL Database,One-Time,47.074964,47.074964,47.074964,47.074964,,,,,,,,,,USD,,,Azure SQL Database,Databases,Relational Databases,,,,,,,,,,,,,,,,,,,,"{""Environment"":""staging"",""CostCenter"":""cc-1042"",""Owner"":""team-payments""}"
Microsoft Azure,Microsoft,Microsoft Azure,INV-2026-05-000002,8a1b2c3d-0000-4a00-9000-000000000002,ExampleCorp MCA - Secondary,Microsoft Customer Agreement,22222222-2222-4222-8222-222222222222,staging-platform,Subscription,2026-05-01T00:00:00Z,2026-06-01T00:00:00Z,2026-05-02T05:00:00Z,2026-05-02T06:00:00Z,Usage,,General Purpose 4 vCore,Usage-Based,0.4581275933,0.4581275933,0.5090306592,0.4581275933,0.5090306592,0.4581275933,Standard,1.0000,Hours,USD,0.4581275933,0.4581275933,0.5090306592,USD,1.0000,Hours,Azure SQL Database,Databases,Relational Databases,AZ-AZUR-edfa02,Database,AZSP-200fec38,"{""InstanceType"":""GP_Gen5_4"",""CoreCount"":4,""MemorySize"":20,""x_Engine"":""SQLServer""}",/subscriptions/22222222-2222-4222-8222-222222222222/resourceGroups/rg-staging-platform/providers/Microsoft.Sql/servers/databases/sqldb-5ed3cda8,sqldb-5ed3cda8,SQL Database,eastus,East US,,,,,,,,,,,"{""Environment"":""dev"",""CostCenter"":""cc-2087"",""Owner"":""team-platform""}"
Microsoft Azure,Microsoft,Microsoft Azure,INV-2026-05-000001,8a1b2c3d-0000-4a00-9000-000000000001,ExampleCorp MCA - Primary,Microsoft Customer Agreement,44444444-4444-4444-8444-444444444444,sandbox-dev,Subscription,2026-05-01T00:00:00Z,2026-06-01T00:00:00Z,2026-05-03T00:00:00Z,2026-05-04T00:00:00Z,Tax,,Tax for Azure Monitor,One-Time,37.258757,37.258757,37.258757,37.258757,,,,,,,,,,USD,,,Azure Monitor,Management and Governance,Observability,,,,,,,,,,,,,,,,,,,,"{""Environment"":""dev"",""CostCenter"":""cc-3110"",""Owner"":""team-platform""}"
Microsoft Azure,Microsoft,Microsoft Azure,INV-2026-05-000001,8a1b2c3d-0000-4a00-9000-000000000001,ExampleCorp MCA - Primary,Microsoft Customer Agreement,33333333-3333-4333-8333-333333333333,data-analytics,Subscription,2026-05-01T00:00:00Z,2026-06-01T00:00:00Z,2026-05-04T00:00:00Z,2026-05-05T00:00:00Z,Usage,,Log data ingested,Usage-Based,93.49526594029251,93.49526594029251,103.88362882205193,93.49526594029251,2.3304154541,2.0973739087,Standard,44.5773,GB,USD,2.0973739087,93.49526594029251,2.3304154541,USD,44.5773,GB,Azure Monitor,Management and Governance,Observability,AZ-AZUR-6376da,Monitoring,AZSP-996f4efb,"{""x_DataType"":""Logs""}",/subscriptions/33333333-3333-4333-8333-333333333333/resourceGroups/rg-data-analytics/providers/Microsoft.OperationalInsights/workspaces/law-ec68aebd,law-ec68aebd,Log Analytics Workspace,westeurope,West Europe,,,,,,,,,,,"{""Environment"":""staging"",""CostCenter"":""cc-2087"",""Owner"":""team-payments""}"
Microsoft Azure,Microsoft,Microsoft Azure,INV-2026-05-000001,8a1b2c3d-0000-4a00-9000-000000000001,ExampleCorp MCA - Primary,Microsoft Customer Agreement,44444444-4444-4444-8444-444444444444,sandbox-dev,Subscription,2026-05-01T00:00:00Z,2026-06-01T00:00:00Z,2026-05-02T08:00:00Z,2026-05-02T09:00:00Z,Usage,,Function execution duration,Usage-Based,9.3068084279022,9.3068084279022,10.3409271285348,9.3068084279022,0.0000159166,0.0000143249,Standard,649694.4780,GB-Seconds,USD,0.0000143249,9.3068084279022,0.0000159166,USD,649694.4780,GB-Seconds,Azure Functions,Compute,Serverless Compute,AZ-AZUR-42298f,Compute,AZSP-d7b61672,"{""x_Plan"":""Consumption"",""x_Runtime"":""dotnet8""}",/subscriptions/44444444-4444-4444-8444-444444444444/resourceGroups/rg-sandbox-dev/providers/Microsoft.Web/sites/func-d6961e8b,func-d6961e8b,Function App,westeurope,West Europe,,,,,,,,,,,"{""Environment"":""prod"",""CostCenter"":""cc-1042"",""Owner"":""team-platform""}"
Microsoft Azure,Microsoft,Microsoft Azure,INV-2026-05-000001,8a1b2c3d-0000-4a00-9000-000000000001,ExampleCorp MCA - Primary,Microsoft Customer Agreement,44444444-4444-4444-8444-444444444444,sandbox-dev,Subscription,2026-05-01T00:00:00Z,2026-06-01T00:00:00Z,2026-05-02T09:00:00Z,2026-05-02T10:00:00Z,Usage,,Standard_D4s_v5 instance,Usage-Based,0.1770160363,0.1770160363,0.1966844848,0.1770160363,0.1966844848,0.1770160363,Standard,1.0000,Hours,USD,0.1770160363,0.1770160363,0.1966844848,USD,1.0000,Hours,Virtual Machines,Compute,Virtual Machines,AZ-VIRT-3b2313,Compute,AZSP-d202d9f4,"{""InstanceType"":""Standard_D4s_v5"",""InstanceSeries"":""Ddsv5"",""CoreCount"":4,""MemorySize"":16,""OperatingSystem"":""Linux"",""x_Tenancy"":""Shared""}",/subscriptions/44444444-4444-4444-8444-444444444444/resourceGroups/rg-sandbox-dev/providers/Microsoft.Compute/virtualMachines/vm-f27e78e6,vm-f27e78e6,Virtual Machine,westeurope,West Europe,westeurope-2,,,,,,,,,,"{""Environment"":""staging"",""CostCenter"":""cc-1042"",""Owner"":""team-platform""}"
Microsoft Azure,Microsoft,Microsoft Azure,INV-2026-05-000001,8a1b2c3d-0000-4a00-9000-000000000001,ExampleCorp MCA - Primary,Microsoft Customer Agreement,11111111-1111-4111-8111-111111111111,prod-platform,Subscription,2026-05-01T00:00:00Z,2026-06-01T00:00:00Z,2026-05-02T10:00:00Z,2026-05-02T11:00:00Z,Usage,,Provisioned throughput,Usage-Based,0.006993708,0.006993708,0.0077707867,0.006993708,0.0077707867,0.0069937080,Standard,1.0000,Hours,USD,0.0069937080,0.006993708,0.0077707867,USD,1.0000,Hours,Azure Cosmos DB,Databases,NoSQL Databases,AZ-AZUR-e311be,Database,AZSP-47731bc0,"{""x_CapacityMode"":""Provisioned""}",/subscriptions/11111111-1111-4111-8111-111111111111/resourceGroups/rg-prod-platform/providers/Microsoft.DocumentDB/databaseAccounts/cosmos-6154f329,cosmos-6154f329,Cosmos DB Account,westeurope,West Europe,,,,,,,,,,,"{""Environment"":""dev"",""CostCenter"":""cc-3110"",""Owner"":""team-platform""}"
Microsoft Azure,Microsoft,Microsoft Azure,INV-2026-05-000002,8a1b2c3d-0000-4a00-9000-000000000002,ExampleCorp MCA - Secondary,Microsoft Customer Agreement,44444444-4444-4444-8444-444444444444,sandbox-dev,Subscription,2026-05-01T00:00:00Z,2026-06-01T00:00:00Z,2026-05-02T11:00:00Z,2026-05-02T12:00:00Z,Usage,,General Purpose 4 vCore,Usage-Based,0.4409001833,0.4409001833,0.4898890926,0.4409001833,0.4898890926,0.4409001833,Standard,1.0000,Hours,USD,0.4409001833,0.4409001833,0.4898890926,USD,1.0000,Hours,Azure SQL Database,Databases,Relational Databases,AZ-AZUR-ecba8a,Database,AZSP-5de16996,"{""InstanceType"":""GP_Gen5_4"",""CoreCount"":4,""MemorySize"":20,""x_Engine"":""SQLServer""}",/subscriptions/44444444-4444-4444-8444-444444444444/resourceGroups/rg-sandbox-dev/providers/Microsoft.Sql/servers/databases/sqldb-a87eea19,sqldb-a87eea19,SQL Database,eastus,East US,,,,,,,,,,,"{""Environment"":""staging"",""CostCenter"":""cc-1042"",""Owner"":""team-payments""}"
Microsoft Azure,Microsoft,Microsoft Azure,INV-2026-05-000002,8a1b2c3d-0000-4a00-9000-000000000002,ExampleCorp MCA - Secondary,Microsoft Customer Agreement,44444444-4444-4444-8444-444444444444,sandbox-dev,Subscription,2026-05-01T00:00:00Z,2026-06-01T00:00:00Z,2026-05-02T12:00:00Z,2026-05-02T13:00:00Z,Usage,,AKS node pool hours,Usage-Based,0.1747274862,0.1747274862,0.1941416513,0.1747274862,0.1941416513,0.1747274862,Standard,1.0000,Hours,USD,0.1747274862,0.1747274862,0.1941416513,USD,1.0000,Hours,Azure Kubernetes Service,Compute,Containers,AZ-AZUR-ab03e1,Compute,AZSP-b33b9bca,"{""InstanceType"":""Standard_D4s_v5"",""CoreCount"":4,""MemorySize"":16,""x_NodePool"":""system""}",/subscriptions/44444444-4444-4444-8444-444444444444/resourceGroups/rg-sandbox-dev/providers/Microsoft.ContainerService/managedClusters/aks-1be7eccc,aks-1be7eccc,Managed Cluster,westus2,West US 2,,,,,,,,,,,"{""Environment"":""prod"",""CostCenter"":""cc-3110"",""Owner"":""team-payments""}"
Microsoft Azure,Microsoft,Microsoft Azure,INV-2026-05-000002,8a1b2c3d-0000-4a00-9000-000000000002,ExampleCorp MCA - Secondary,Microsoft Customer Agreement,11111111-1111-4111-8111-111111111111,prod-platform,Subscription,2026-05-01T00:00:00Z,2026-06-01T00:00:00Z,2026-05-10T00:00:00Z,2026-05-11T00:00:00Z,Usage,,VNet peering data transfer,Usage-Based,43.89097266865416,43.89097266865416,48.76774756890702,43.89097266865416,0.0102051507,0.0091846356,Standard,4778.7386,GB,USD,0.0091846356,43.89097266865416,0.0102051507,USD,4778.7386,GB,Virtual Network,Networking,Network Connectivity,AZ-VIRT-95879f,Data Transfer,AZSP-b4c66677,"{""x_TransferType"":""Peering""}",/subscriptions/11111111-1111-4111-8111-111111111111/resourceGroups/rg-prod-platform/providers/Microsoft.Network/virtualNetworks/vnet-6b2d9719,vnet-6b2d9719,Virtual Network,westus2,West US 2,,,,,,,,,,,"{""Environment"":""dev"",""CostCenter"":""cc-3110"",""Owner"":""team-platform""}"
Microsoft Azure,Microsoft,Microsoft Azure,INV-2026-05-000001,8a1b2c3d-0000-4a00-9000-000000000001,ExampleCorp MCA - Primary,Microsoft Customer Agreement,22222222-2222-4222-8222-222222222222,staging-platform,Subscription,2026-05-01T00:00:00Z,2026-06-01T00:00:00Z,2026-05-11T00:00:00Z,2026-05-12T00:00:00Z,Tax,,Tax for Azure Blob Storage,One-Time,29.531994,29.531994,29.531994,29.531994,,,,,,,,,,USD,,,Azure Blob Storage,Storage,Object Storage,,,,,,,,,,,,,,,,,,,,"{""Environment"":""dev"",""CostCenter"":""cc-2087"",""Owner"":""team-data""}"
Microsoft Azure,Microsoft,Microsoft Azure,INV-2026-05-000001,8a1b2c3d-0000-4a00-9000-000000000001,ExampleCorp MCA - Primary,Microsoft Customer Agreement,33333333-3333-4333-8333-333333333333,data-analytics,Subscription,2026-05-01T00:00:00Z,2026-06-01T00:00:00Z,2026-05-12T00:00:00Z,2026-05-13T00:00:00Z,Tax,,Tax for Azure Blob Storage,One-Time,41.776006,41.776006,41.776006,41.776006,,,,,,,,,,USD,,,Azure Blob Storage,Storage,Object Storage,,,,,,,,,,,,,,,,,,,,"{""Environment"":""staging"",""CostCenter"":""cc-2087"",""Owner"":""team-platform""}"
Microsoft Azure,Microsoft,Microsoft Azure,INV-2026-05-000001,8a1b2c3d-0000-4a00-9000-000000000001,ExampleCorp MCA - Primary,Microsoft Customer Agreement,11111111-1111-4111-8111-111111111111,prod-platform,Subscription,2026-05-01T00:00:00Z,2026-06-01T00:00:00Z,2026-05-02T16:00:00Z,2026-05-02T17:00:00Z,Usage,,Function execution duration,Usage-Based,46.8636930485952,46.8636930485952,52.0708759233222,46.8636930485952,0.0000163947,0.0000147552,Standard,3176079.8260,GB-Seconds,USD,0.0000147552,46.8636930485952,0.0000163947,USD,3176079.8260,GB-Seconds,Azure Functions,Compute,Serverless Compute,AZ-AZUR-6fcc49,Compute,AZSP-aade0e43,"{""x_Plan"":""Consumption"",""x_Runtime"":""dotnet8""}",/subscriptions/11111111-1111-4111-8111-111111111111/resourceGroups/rg-prod-platform/providers/Microsoft.Web/sites/func-da683ceb,func-da683ceb,Function App,southeastasia,Southeast Asia,,,,,,,,,,,"{""Environment"":""prod"",""CostCenter"":""cc-1042"",""Owner"":""team-data""}"
Microsoft Azure,Microsoft,Microsoft Azure,INV-2026-05-000001,8a1b2c3d-0000-4a00-9000-000000000001,ExampleCorp MCA - Primary,Microsoft Customer Agreement,11111111-1111-4111-8111-111111111111,prod-platform,Subscription,2026-05-01T00:00:00Z,2026-06-01T00:00:00Z,2026-05-14T00:00:00Z,2026-05-15T00:00:00Z,Usage,,Log data ingested,Usage-Based,827.1044827939575,827.1044827939575,919.00498087779975,827.1044827939575,2.3338475411,2.1004627870,Standard,393.7725,GB,USD,2.1004627870,827.1044827939575,2.3338475411,USD,393.7725,GB,Azure Monitor,Management and Governance,Observability,AZ-AZUR-57a089,Monitoring,AZSP-9f1f2de2,"{""x_DataType"":""Logs""}",/subscriptions/11111111-1111-4111-8111-111111111111/resourceGroups/rg-prod-platform/providers/Microsoft.OperationalInsights/workspaces/law-54c64f50,law-54c64f50,Log Analytics Workspace,westeurope,West Europe,,,,,,,,,,,"{""Environment"":""staging"",""CostCenter"":""cc-3110"",""Owner"":""team-data""}"
Microsoft Azure,Microsoft,Microsoft Azure,INV-2026-05-000002,8a1b2c3d-0000-4a00-9000-000000000002,ExampleCorp MCA - Secondary,Microsoft Customer Agreement,44444444-4444-4444-8444-444444444444,sandbox-dev,Subscription,2026-05-01T00:00:00Z,2026-06-01T00:00:00Z,2026-05-02T18:00:00Z,2026-05-02T19:00:00Z,Usage,,AKS node pool hours,Usage-Based,0.1677303266,0.1677303266,0.1863670296,0.1677303266,0.1863670296,0.1677303266,Standard,1.0000,Hours,USD,0.1677303266,0.1677303266,0.1863670296,USD,1.0000,Hours,Azure Kubernetes Service,Compute,Containers,AZ-AZUR-88d037,Compute,AZSP-cd8183c8,"{""InstanceType"":""Standard_D4s_v5"",""CoreCount"":4,""MemorySize"":16,""x_NodePool"":""system""}",/subscriptions/44444444-4444-4444-8444-444444444444/resourceGroups/rg-sandbox-dev/providers/Microsoft.ContainerService/managedClusters/aks-819ce7bf,aks-819ce7bf,Managed Cluster,westus2,West US 2,,,,,,,,,,,"{""Environment"":""prod"",""CostCenter"":""cc-3110"",""Owner"":""team-platform""}"
Microsoft Azure,Microsoft,Microsoft Azure,INV-2026-05-000002,8a1b2c3d-0000-4a00-9000-000000000002,ExampleCorp MCA - Secondary,Microsoft Customer Agreement,11111111-1111-4111-8111-111111111111,prod-platform,Subscription,2026-05-01T00:00:00Z,2026-06-01T00:00:00Z,2026-05-02T19:00:00Z,2026-05-02T20:00:00Z,Usage,,Standard_D4s_v5 instance,Usage-Based,0.1685054033,0.1685054033,0.1872282259,0.1685054033,0.1872282259,0.1685054033,Standard,1.0000,Hours,USD,0.1685054033,0.1685054033,0.1872282259,USD,1.0000,Hours,Virtual Machines,Compute,Virtual Machines,AZ-VIRT-e14358,Compute,AZSP-765547b4,"{""InstanceType"":""Standard_D4s_v5"",""InstanceSeries"":""Ddsv5"",""CoreCount"":4,""MemorySize"":16,""OperatingSystem"":""Linux"",""x_Tenancy"":""Shared""}",/subscriptions/11111111-1111-4111-8111-111111111111/resourceGroups/rg-prod-platform/providers/Microsoft.Compute/virtualMachines/vm-9dbfcedd,vm-9dbfcedd,Virtual Machine,southeastasia,Southeast Asia,southeastasia-1,,,,,,,,,,"{""Environment"":""prod"",""CostCenter"":""cc-2087"",""Owner"":""team-data""}"
Microsoft Azure,Microsoft,Microsoft Azure,INV-2026-05-000002,8a1b2c3d-0000-4a00-9000-000000000002,ExampleCorp MCA - Secondary,Microsoft Customer Agreement,11111111-1111-4111-8111-111111111111,prod-platform,Subscription,2026-05-01T00:00:00Z,2026-06-01T00:00:00Z,2026-05-17T00:00:00Z,2026-05-18T00:00:00Z,Usage,,Log data ingested,Usage-Based,420.5161338397308,420.5161338397308,467.2401487042044,420.5161338397308,2.3570845123,2.1213760611,Standard,198.2280,GB,USD,2.1213760611,420.5161338397308,2.3570845123,USD,198.2280,GB,Azure Monitor,Management and Governance,Observability,AZ-AZUR-7b745c,Monitoring,AZSP-b5c07a06,"{""x_DataType"":""Logs""}",/subscriptions/11111111-1111-4111-8111-111111111111/resourceGroups/rg-prod-platform/providers/Microsoft.OperationalInsights/workspaces/law-6e22bac0,law-6e22bac0,Log Analytics Workspace,eastus,East US,,,,,,,,,,,"{""Environment"":""staging"",""CostCenter"":""cc-3110"",""Owner"":""team-payments""}"
Microsoft Azure,Microsoft,Microsoft Azure,INV-2026-05-000001,8a1b2c3d-0000-4a00-9000-000000000001,ExampleCorp MCA - Primary,Microsoft Customer Agreement,11111111-1111-4111-8111-111111111111,prod-platform,Subscription,2026-05-01T00:00:00Z,2026-06-01T00:00:00Z,2026-05-02T21:00:00Z,2026-05-02T22:00:00Z,Usage,,Provisioned throughput,Usage-Based,0.0070899415,0.0070899415,0.0078777128,0.0070899415,0.0078777128,0.0070899415,Standard,1.0000,Hours,USD,0.0070899415,0.0070899415,0.0078777128,USD,1.0000,Hours,Azure Cosmos DB,Databases,NoSQL Databases,AZ-AZUR-603e8f,Database,AZSP-2d32027c,"{""x_CapacityMode"":""Provisioned""}",/subscriptions/11111111-1111-4111-8111-111111111111/resourceGroups/rg-prod-platform/providers/Microsoft.DocumentDB/databaseAccounts/cosmos-c259b7ac,cosmos-c259b7ac,Cosmos DB Account,eastus,East US,,,,,,,,,,,"{""Environment"":""staging"",""CostCenter"":""cc-1042"",""Owner"":""team-payments""}"
Microsoft Azure,Microsoft,Microsoft Azure,INV-2026-05-000001,8a1b2c3d-0000-4a00-9000-000000000001,ExampleCorp MCA - Primary,Microsoft Customer Agreement,22222222-2222-4222-8222-222222222222,staging-platform,Subscription,2026-05-01T00:00:00Z,2026-06-01T00:00:00Z,2026-05-01T00:00:00Z,2026-06-01T00:00:00Z,Usage,,Hot LRS data stored,Usage-Based,55.62685155291506,55.62685155291506,61.80761276271846,55.62685155291506,0.0185975802,0.0167378222,Standard,3323.4223,GB-Months,USD,0.0167378222,55.62685155291506,0.0185975802,USD,3323.4223,GB-Months,Azure Blob Storage,Storage,Object Storage,AZ-AZUR-f28ebb,Storage,AZSP-fe055d8d,"{""x_StorageClass"":""Hot"",""x_Redundancy"":""LRS""}",/subscriptions/22222222-2222-4222-8222-222222222222/resourceGroups/rg-staging-platform/providers/Microsoft.Storage/storageAccounts/stor9f26f448,stor9f26f448,Storage Account,westeurope,West Europe,,,,,,,,,,,"{""Environment"":""staging"",""CostCenter"":""cc-1042"",""Owner"":""team-data""}"
Microsoft Azure,Microsoft,Microsoft Azure,INV-2026-05-000001,8a1b2c3d-0000-4a00-9000-000000000001,ExampleCorp MCA - Primary,Microsoft Customer Agreement,44444444-4444-4444-8444-444444444444,sandbox-dev,Subscription,2026-05-01T00:00:00Z,2026-06-01T00:00:00Z,2026-05-02T23:00:00Z,2026-05-03T00:00:00Z,Usage,,Provisioned throughput,Usage-Based,0.0070974239,0.0070974239,0.0078860266,0.0070974239,0.0078860266,0.0070974239,Standard,1.0000,Hours,USD,0.0070974239,0.0070974239,0.0078860266,USD,1.0000,Hours,Azure Cosmos DB,Databases,NoSQL Databases,AZ-AZUR-89a19b,Database,AZSP-cc263694,"{""x_CapacityMode"":""Provisioned""}",/subscriptions/44444444-4444-4444-8444-444444444444/resourceGroups/rg-sandbox-dev/providers/Microsoft.DocumentDB/databaseAccounts/cosmos-3519b9e3,cosmos-3519b9e3,Cosmos DB Account,eastus,East US,,,,,,,,,,,"{""Environment"":""dev"",""CostCenter"":""cc-3110"",""Owner"":""team-data""}"
Microsoft Azure,Microsoft,Microsoft Azure,INV-2026-05-000001,8a1b2c3d-0000-4a00-9000-000000000001,ExampleCorp MCA - Primary,Microsoft Customer Agreement,33333333-3333-4333-8333-333333333333,data-analytics,Subscription,2026-05-01T00:00:00Z,2026-06-01T00:00:00Z,2026-05-03T00:00:00Z,2026-05-03T01:00:00Z,Usage,,Standard_D4s_v5 instance,Usage-Based,0.1758088628,0.1758088628,0.1953431809,0.1758088628,0.1953431809,0.1758088628,Standard,1.0000,Hours,USD,0.1758088628,0.1758088628,0.1953431809,USD,1.0000,Hours,Virtual Machines,Compute,Virtual Machines,AZ-VIRT-94af9c,Compute,AZSP-bb8775b1,"{""InstanceType"":""Standard_D4s_v5"",""InstanceSeries"":""Ddsv5"",""CoreCount"":4,""MemorySize"":16,""OperatingSystem"":""Linux"",""x_Tenancy"":""Shared""}",/subscriptions/33333333-3333-4333-8333-333333333333/resourceGroups/rg-data-analytics/providers/Microsoft.Compute/virtualMachines/vm-97f2931f,vm-97f2931f,Virtual Machine,westus2,West US 2,westus2-1,,,,,,,,,,"{""Environment"":""prod"",""CostCenter"":""cc-1042"",""Owner"":""team-payments""}"
Microsoft Azure,Microsoft,Microsoft Azure,INV-2026-05-000001,8a1b2c3d-0000-4a00-9000-000000000001,ExampleCorp MCA - Primary,Microsoft Customer Agreement,33333333-3333-4333-8333-333333333333,data-analytics,Subscription,2026-05-01T00:00:00Z,2026-06-01T00:00:00Z,2026-05-03T01:00:00Z,2026-05-03T02:00:00Z,Usage,,General Purpose 4 vCore,Usage-Based,0.4536187205,0.4536187205,0.5040208006,0.4536187205,0.5040208006,0.4536187205,Standard,1.0000,Hours,USD,0.4536187205,0.4536187205,0.5040208006,USD,1.0000,Hours,Azure SQL Database,Databases,Relational Databases,AZ-AZUR-74c009,Database,AZSP-3c806f2e,"{""InstanceType"":""GP_Gen5_4"",""CoreCount"":4,""MemorySize"":20,""x_Engine"":""SQLServer""}",/subscriptions/33333333-3333-4333-8333-333333333333/resourceGroups/rg-data-analytics/providers/Microsoft.Sql/servers/databases/sqldb-471430c0,sqldb-471430c0,SQL Database,westus2,West US 2,,,,,,,,,,,"{""Environment"":""staging"",""CostCenter"":""cc-2087"",""Owner"":""team-data""}"
Microsoft Azure,Microsoft,Microsoft Azure,INV-2026-05-000001,8a1b2c3d-0000-4a00-9000-000000000001,ExampleCorp MCA - Primary,Microsoft Customer Agreement,11111111-1111-4111-8111-111111111111,prod-platform,Subscription,2026-05-01T00:00:00Z,2026-06-01T00:00:00Z,2026-05-03T02:00:00Z,2026-05-03T03:00:00Z,Usage,,Standard_D4s_v5 instance,Usage-Based,0.1716427447,0.1716427447,0.1907141608,0.1716427447,0.1907141608,0.1716427447,Standard,1.0000,Hours,USD,0.1716427447,0.1716427447,0.1907141608,USD,1.0000,Hours,Virtual Machines,Compute,Virtual Machines,AZ-VIRT-376c45,Compute,AZSP-0d34e36a,"{""InstanceType"":""Standard_D4s_v5"",""InstanceSeries"":""Ddsv5"",""CoreCount"":4,""MemorySize"":16,""OperatingSystem"":""Linux"",""x_Tenancy"":""Shared""}",/subscriptions/11111111-1111-4111-8111-111111111111/resourceGroups/rg-prod-platform/providers/Microsoft.Compute/virtualMachines/vm-de077612,vm-de077612,Virtual Machine,eastus,East US,eastus-2,,,,,,,,,,"{""Environment"":""staging"",""CostCenter"":""cc-1042"",""Owner"":""team-platform""}"
Microsoft Azure,Microsoft,Microsoft Azure,INV-2026-05-000001,8a1b2c3d-0000-4a00-9000-000000000001,ExampleCorp MCA - Primary,Microsoft Customer Agreement,22222222-2222-4222-8222-222222222222,staging-platform,Subscription,2026-05-01T00:00:00Z,2026-06-01T00:00:00Z,2026-05-24T00:00:00Z,2026-05-25T00:00:00Z,Tax,,Tax for Azure Functions,One-Time,46.478755,46.478755,46.478755,46.478755,,,,,,,,,,USD,,,Azure Functions,Compute,Serverless Compute,,,,,,,,,,,,,,,,,,,,"{""Environment"":""prod"",""CostCenter"":""cc-1042"",""Owner"":""team-platform""}"
Microsoft Azure,Microsoft,Microsoft Azure,INV-2026-05-000002,8a1b2c3d-0000-4a00-9000-000000000002,ExampleCorp MCA - Secondary,Microsoft Customer Agreement,44444444-4444-4444-8444-444444444444,sandbox-dev,Subscription,2026-05-01T00:00:00Z,2026-06-01T00:00:00Z,2026-05-03T04:00:00Z,2026-05-03T05:00:00Z,Usage,,AKS node pool hours,Usage-Based,0.1689373649,0.1689373649,0.1877081832,0.1689373649,0.1877081832,0.1689373649,Standard,1.0000,Hours,USD,0.1689373649,0.1689373649,0.1877081832,USD,1.0000,Hours,Azure Kubernetes Service,Compute,Containers,AZ-AZUR-943ffd,Compute,AZSP-b89fa299,"{""InstanceType"":""Standard_D4s_v5"",""CoreCount"":4,""MemorySize"":16,""x_NodePool"":""system""}",/subscriptions/44444444-4444-4444-8444-444444444444/resourceGroups/rg-sandbox-dev/providers/Microsoft.ContainerService/managedClusters/aks-f704dbbc,aks-f704dbbc,Managed Cluster,southeastasia,Southeast Asia,,,,,,,,,,,"{""Environment"":""staging"",""CostCenter"":""cc-3110"",""Owner"":""team-platform""}"
Microsoft Azure,Microsoft,Microsoft Azure,INV-2026-05-000002,8a1b2c3d-0000-4a00-9000-000000000002,ExampleCorp MCA - Secondary,Microsoft Customer Agreement,44444444-4444-4444-8444-444444444444,sandbox-dev,Subscription,2026-05-01T00:00:00Z,2026-06-01T00:00:00Z,2026-05-26T00:00:00Z,2026-05-27T00:00:00Z,Usage,,Log data ingested,Usage-Based,348.47010893032668,348.47010893032668,387.1890099225852,348.47010893032668,2.3317419180,2.0985677262,Standard,166.0514,GB,USD,2.0985677262,348.47010893032668,2.3317419180,USD,166.0514,GB,Azure Monitor,Management and Governance,Observability,AZ-AZUR-4266a8,Monitoring,AZSP-af76b5e1,"{""x_DataType"":""Logs""}",/subscriptions/44444444-4444-4444-8444-444444444444/resourceGroups/rg-sandbox-dev/providers/Microsoft.OperationalInsights/workspaces/law-3ce1f052,law-3ce1f052,Log Analytics Workspace,westeurope,West Europe,,,,,,,,,,,"{""Environment"":""dev"",""CostCenter"":""cc-1042"",""Owner"":""team-platform""}"
Microsoft Azure,Microsoft,Microsoft Azure,INV-2026-05-000001,8a1b2c3d-0000-4a00-9000-000000000001,ExampleCorp MCA - Primary,Microsoft Customer Agreement,33333333-3333-4333-8333-333333333333,data-analytics,Subscription,2026-05-01T00:00:00Z,2026-06-01T00:00:00Z,2026-05-27T00:00:00Z,2026-05-28T00:00:00Z,Tax,,Tax for Azure Monitor,One-Time,49.085797,49.085797,49.085797,49.085797,,,,,,,,,,USD,,,Azure Monitor,Management and Governance,Observability,,,,,,,,,,,,,,,,,,,,"{""Environment"":""prod"",""CostCenter"":""cc-1042"",""Owner"":""team-platform""}"
Microsoft Azure,Microsoft,Microsoft Azure,INV-2026-05-000002,8a1b2c3d-0000-4a00-9000-000000000002,ExampleCorp MCA - Secondary,Microsoft Customer Agreement,22222222-2222-4222-8222-222222222222,staging-platform,Subscription,2026-05-01T00:00:00Z,2026-06-01T00:00:00Z,2026-05-28T00:00:00Z,2026-05-29T00:00:00Z,Usage,,Log data ingested,Usage-Based,487.5981941038304,487.5981941038304,541.77577122915592,487.5981941038304,2.2480994089,2.0232894680,Standard,240.9928,GB,USD,2.0232894680,487.5981941038304,2.2480994089,USD,240.9928,GB,Azure Monitor,Management and Governance,Observability,AZ-AZUR-432b53,Monitoring,AZSP-f2e7e116,"{""x_DataType"":""Logs""}",/subscriptions/22222222-2222-4222-8222-222222222222/resourceGroups/rg-staging-platform/providers/Microsoft.OperationalInsights/workspaces/law-8d86ce3d,law-8d86ce3d,Log Analytics Workspace,eastus,East US,,,,,,,,,,,"{""Environment"":""staging"",""CostCenter"":""cc-3110"",""Owner"":""team-data""}"
Microsoft Azure,Microsoft,Microsoft Azure,INV-2026-05-000001,8a1b2c3d-0000-4a00-9000-000000000001,ExampleCorp MCA - Primary,Microsoft Customer Agreement,44444444-4444-4444-8444-444444444444,sandbox-dev,Subscription,2026-05-01T00:00:00Z,2026-06-01T00:00:00Z,2026-05-03T08:00:00Z,2026-05-03T09:00:00Z,Usage,,Function execution duration,Usage-Based,44.26306756651017,44.26306756651017,49.18108545136899,44.26306756651017,0.0000162743,0.0000146469,Standard,3022009.2693,GB-Seconds,USD,0.0000146469,44.26306756651017,0.0000162743,USD,3022009.2693,GB-Seconds,Azure Functions,Compute,Serverless Compute,AZ-AZUR-5bedb2,Compute,AZSP-fafcab1a,"{""x_Plan"":""Consumption"",""x_Runtime"":""dotnet8""}",/subscriptions/44444444-4444-4444-8444-444444444444/resourceGroups/rg-sandbox-dev/providers/Microsoft.Web/sites/func-61c4470a,func-61c4470a,Function App,southeastasia,Southeast Asia,,,,,,,,,,,"{""Environment"":""prod"",""CostCenter"":""cc-3110"",""Owner"":""team-platform""}"
Microsoft Azure,Microsoft,Microsoft Azure,INV-2026-05-000001,8a1b2c3d-0000-4a00-9000-000000000001,ExampleCorp MCA - Primary,Microsoft Customer Agreement,22222222-2222-4222-8222-222222222222,staging-platform,Subscription,2026-05-01T00:00:00Z,2026-06-01T00:00:00Z,2026-05-03T09:00:00Z,2026-05-03T10:00:00Z,Usage,,AKS node pool hours,Usage-Based,0.1710836943,0.1710836943,0.1900929937,0.1710836943,0.1900929937,0.1710836943,Standard,1.0000,Hours,USD,0.1710836943,0.1710836943,0.1900929937,USD,1.0000,Hours,Azure Kubernetes Service,Compute,Containers,AZ-AZUR-befa5f,Compute,AZSP-0b4efcfb,"{""InstanceType"":""Standard_D4s_v5"",""CoreCount"":4,""MemorySize"":16,""x_NodePool"":""system""}",/subscriptions/22222222-2222-4222-8222-222222222222/resourceGroups/rg-staging-platform/providers/Microsoft.ContainerService/managedClusters/aks-27b1adf2,aks-27b1adf2,Managed Cluster,westus2,West US 2,,,,,,,,,,,"{""Environment"":""prod"",""CostCenter"":""cc-3110"",""Owner"":""team-data""}"
Microsoft Azure,Microsoft,Microsoft Azure,INV-2026-05-000001,8a1b2c3d-0000-4a00-9000-000000000001,ExampleCorp MCA - Primary,Microsoft Customer Agreement,44444444-4444-4444-8444-444444444444,sandbox-dev,Subscription,2026-05-01T00:00:00Z,2026-06-01T00:00:00Z,2026-05-03T00:00:00Z,2026-05-04T00:00:00Z,Purchase,,Virtual Network subscription fee,Recurring,257.704716,0,257.704716,257.704716,257.704716,257.704716,Standard,1,Units,USD,257.7047160000,0,257.7047160000,USD,,,Virtual Network,Networking,Network Connectivity,AZ-VIRT-fa088d,Data Transfer,AZSP-d8dcbeaa,"{""x_TransferType"":""Peering""}",/subscriptions/44444444-4444-4444-8444-444444444444/resourceGroups/rg-sandbox-dev/providers/Microsoft.Network/virtualNetworks/vnet-189fcc0a,vnet-189fcc0a,Virtual Network,westus2,West US 2,,,,,,,,,,,"{""Environment"":""staging"",""CostCenter"":""cc-3110"",""Owner"":""team-platform""}"
Microsoft Azure,Microsoft,Microsoft Azure,INV-2026-05-000001,8a1b2c3d-0000-4a00-9000-000000000001,ExampleCorp MCA - Primary,Microsoft Customer Agreement,44444444-4444-4444-8444-444444444444,sandbox-dev,Subscription,2026-05-01T00:00:00Z,2026-06-01T00:00:00Z,2026-05-04T00:00:00Z,2026-05-05T00:00:00Z,Tax,,Tax for Virtual Machines,One-Time,33.081645,33.081645,33.081645,33.081645,,,,,,,,,,USD,,,Virtual Machines,Compute,Virtual Machines,,,,,,,,,,,,,,,,,,,,"{""Environment"":""dev"",""CostCenter"":""cc-2087"",""Owner"":""team-data""}"
Microsoft Azure,Microsoft,Microsoft Azure,INV-2026-05-000001,8a1b2c3d-0000-4a00-9000-000000000001,ExampleCorp MCA - Primary,Microsoft Customer Agreement,33333333-3333-4333-8333-333333333333,data-analytics,Subscription,2026-05-01T00:00:00Z,2026-06-01T00:00:00Z,2026-05-03T12:00:00Z,2026-05-03T13:00:00Z,Usage,,General Purpose 4 vCore,Usage-Based,0.4508993957,0.4508993957,0.5009993285,0.4508993957,0.5009993285,0.4508993957,Standard,1.0000,Hours,USD,0.4508993957,0.4508993957,0.5009993285,USD,1.0000,Hours,Azure SQL Database,Databases,Relational Databases,AZ-AZUR-e5aeb2,Database,AZSP-faf27f7a,"{""InstanceType"":""GP_Gen5_4"",""CoreCount"":4,""MemorySize"":20,""x_Engine"":""SQLServer""}",/subscriptions/33333333-3333-4333-8333-333333333333/resourceGroups/rg-data-analytics/providers/Microsoft.Sql/servers/databases/sqldb-26fc1255,sqldb-26fc1255,SQL Database,eastus,East US,,,,,,,,,,,"{""Environment"":""staging"",""CostCenter"":""cc-2087"",""Owner"":""team-platform""}"
Microsoft Azure,Microsoft,Microsoft Azure,INV-2026-05-000002,8a1b2c3d-0000-4a00-9000-000000000002,ExampleCorp MCA - Secondary,Microsoft Customer Agreement,33333333-3333-4333-8333-333333333333,data-analytics,Subscription,2026-05-01T00:00:00Z,2026-06-01T00:00:00Z,2026-05-06T00:00:00Z,2026-05-07T00:00:00Z,Tax,,Tax for Azure Cosmos DB,One-Time,42.927398,42.927398,42.927398,42.927398,,,,,,,,,,USD,,,Azure Cosmos DB,Databases,NoSQL Databases,,,,,,,,,,,,,,,,,,,,"{""Environment"":""staging"",""CostCenter"":""cc-3110"",""Owner"":""team-platform""}"
Microsoft Azure,Microsoft,Microsoft Azure,INV-2026-05-000001,8a1b2c3d-0000-4a00-9000-000000000001,ExampleCorp MCA - Primary,Microsoft Customer Agreement,22222222-2222-4222-8222-222222222222,staging-platform,Subscription,2026-05-01T00:00:00Z,2026-06-01T00:00:00Z,2026-05-03T14:00:00Z,2026-05-03T15:00:00Z,Usage,,Function execution duration,Usage-Based,53.42164617276816,53.42164617276816,59.35746782709264,53.42164617276816,0.0000158558,0.0000142702,Standard,3743580.7608,GB-Seconds,USD,0.0000142702,53.42164617276816,0.0000158558,USD,3743580.7608,GB-Seconds,Azure Functions,Compute,Serverless Compute,AZ-AZUR-c559bd,Compute,AZSP-06849660,"{""x_Plan"":""Consumption"",""x_Runtime"":""dotnet8""}",/subscriptions/22222222-2222-4222-8222-222222222222/resourceGroups/rg-staging-platform/providers/Microsoft.Web/sites/func-c6d859c5,func-c6d859c5,Function App,westus2,West US 2,,,,,,,,,,,"{""Environment"":""dev"",""CostCenter"":""cc-3110"",""Owner"":""team-payments""}"
Microsoft Azure,Microsoft,Microsoft Azure,INV-2026-05-000001,8a1b2c3d-0000-4a00-9000-000000000001,ExampleCorp MCA - Primary,Microsoft Customer Agreement,33333333-3333-4333-8333-333333333333,data-analytics,Subscription,2026-05-01T00:00:00Z,2026-06-01T00:00:00Z,2026-05-01T00:00:00Z,2026-06-01T00:00:00Z,Usage,,Hot LRS data stored,Usage-Based,127.5533167129788,127.5533167129788,141.72590720726662,127.5533167129788,0.0187767133,0.0168990420,Standard,7547.9614,GB-Months,USD,0.0168990420,127.5533167129788,0.0187767133,USD,7547.9614,GB-Months,Azure Blob Storage,Storage,Object Storage,AZ-AZUR-c9bbd5,Storage,AZSP-904cb478,"{""x_StorageClass"":""Hot"",""x_Redundancy"":""LRS""}",/subscriptions/33333333-3333-4333-8333-333333333333/resourceGroups/rg-data-analytics/providers/Microsoft.Storage/storageAccounts/store6ca87e1,store6ca87e1,Storage Account,westeurope,West Europe,,,,,,,,,,,"{""Environment"":""prod"",""CostCenter"":""cc-3110"",""Owner"":""team-data""}"
Microsoft Azure,Microsoft,Microsoft Azure,INV-2026-05-000002,8a1b2c3d-0000-4a00-9000-000000000002,ExampleCorp MCA - Secondary,Microsoft Customer Agreement,22222222-2222-4222-8222-222222222222,staging-platform,Subscription,2026-05-01T00:00:00Z,2026-06-01T00:00:00Z,2026-05-03T16:00:00Z,2026-05-03T17:00:00Z,Usage,,Provisioned throughput,Usage-Based,0.0073869116,0.0073869116,0.0082076796,0.0073869116,0.0082076796,0.0073869116,Standard,1.0000,Hours,EUR,0.0067959587,0.006795958672,0.0075510652,USD,1.0000,Hours,Azure Cosmos DB,Databases,NoSQL Databases,AZ-AZUR-8a810e,Database,AZSP-5207257e,"{""x_CapacityMode"":""Provisioned""}",/subscriptions/22222222-2222-4222-8222-222222222222/resourceGroups/rg-staging-platform/providers/Microsoft.DocumentDB/databaseAccounts/cosmos-b89a6693,cosmos-b89a6693,Cosmos DB Account,westeurope,West Europe,,,,,,,,,,,"{""Environment"":""prod"",""CostCenter"":""cc-3110"",""Owner"":""team-platform""}"
Microsoft Azure,Microsoft,Microsoft Azure,INV-2026-05-000001,8a1b2c3d-0000-4a00-9000-000000000001,ExampleCorp MCA - Primary,Microsoft Customer Agreement,44444444-4444-4444-8444-444444444444,sandbox-dev,Subscription,2026-05-01T00:00:00Z,2026-06-01T00:00:00Z,2026-05-03T17:00:00Z,2026-05-03T18:00:00Z,Usage,,General Purpose 4 vCore,Usage-Based,0.452747417,0.452747417,0.5030526855,0.452747417,0.5030526855,0.4527474170,Standard,1.0000,Hours,USD,0.4527474170,0.452747417,0.5030526855,USD,1.0000,Hours,Azure SQL Database,Databases,Relational Databases,AZ-AZUR-e964a6,Database,AZSP-86e0127e,"{""InstanceType"":""GP_Gen5_4"",""CoreCount"":4,""MemorySize"":20,""x_Engine"":""SQLServer""}",/subscriptions/44444444-4444-4444-8444-444444444444/resourceGroups/rg-sandbox-dev/providers/Microsoft.Sql/servers/databases/sqldb-71c6700c,sqldb-71c6700c,SQL Database,westeurope,West Europe,,,,,,,,,,,"{""Environment"":""staging"",""CostCenter"":""cc-1042"",""Owner"":""team-platform""}"
Microsoft Azure,Microsoft,Microsoft Azure,INV-2026-05-000002,8a1b2c3d-0000-4a00-9000-000000000002,ExampleCorp MCA - Secondary,Microsoft Customer Agreement,44444444-4444-4444-8444-444444444444,sandbox-dev,Subscription,2026-05-01T00:00:00Z,2026-06-01T00:00:00Z,2026-05-03T18:00:00Z,2026-05-03T19:00:00Z,Usage,,AKS node pool hours,Usage-Based,0.1712003635,0.1712003635,0.1902226261,0.1712003635,0.1902226261,0.1712003635,Standard,1.0000,Hours,USD,0.1712003635,0.1712003635,0.1902226261,USD,1.0000,Hours,Azure Kubernetes Service,Compute,Containers,AZ-AZUR-189bf0,Compute,AZSP-fd753187,"{""InstanceType"":""Standard_D4s_v5"",""CoreCount"":4,""MemorySize"":16,""x_NodePool"":""system""}",/subscriptions/44444444-4444-4444-8444-444444444444/resourceGroups/rg-sandbox-dev/providers/Microsoft.ContainerService/managedClusters/aks-28dbfd97,aks-28dbfd97,Managed Cluster,southeastasia,Southeast Asia,,,,,,,,,,,"{""Environment"":""prod"",""CostCenter"":""cc-1042"",""Owner"":""team-payments""}"
Microsoft Azure,Microsoft,Microsoft Azure,INV-2026-05-000002,8a1b2c3d-0000-4a00-9000-000000000002,ExampleCorp MCA - Secondary,Microsoft Customer Agreement,33333333-3333-4333-8333-333333333333,data-analytics,Subscription,2026-05-01T00:00:00Z,2026-06-01T00:00:00Z,2026-05-12T00:00:00Z,2026-05-13T00:00:00Z,Usage,,VNet peering data transfer,Usage-Based,37.54944561506151,37.54944561506151,41.72160605134002,37.54944561506151,0.0098833874,0.0088950487,Standard,4221.3873,GB,USD,0.0088950487,37.54944561506151,0.0098833874,USD,4221.3873,GB,Virtual Network,Networking,Network Connectivity,AZ-VIRT-882d51,Data Transfer,AZSP-f958c389,"{""x_TransferType"":""Peering""}",/subscriptions/33333333-3333-4333-8333-333333333333/resourceGroups/rg-data-analytics/providers/Microsoft.Network/virtualNetworks/vnet-e29279de,vnet-e29279de,Virtual Network,westus2,West US 2,,,,,,,,,,,"{""Environment"":""staging"",""CostCenter"":""cc-3110"",""Owner"":""team-payments""}"
Microsoft Azure,Microsoft,Microsoft Azure,INV-2026-05-000001,8a1b2c3d-0000-4a00-9000-000000000001,ExampleCorp MCA - Primary,Microsoft Customer Agreement,44444444-4444-4444-8444-444444444444,sandbox-dev,Subscription,2026-05-01T00:00:00Z,2026-06-01T00:00:00Z,2026-05-03T20:00:00Z,2026-05-03T21:00:00Z,Usage,,Standard_D4s_v5 instance,Usage-Based,0.1698175358,0.1698175358,0.1886861509,0.1698175358,0.1886861509,0.1698175358,Standard,1.0000,Hours,USD,0.1698175358,0.1698175358,0.1886861509,USD,1.0000,Hours,Virtual Machines,Compute,Virtual Machines,AZ-VIRT-4ce362,Compute,AZSP-eed05dd2,"{""InstanceType"":""Standard_D4s_v5"",""InstanceSeries"":""Ddsv5"",""CoreCount"":4,""MemorySize"":16,""OperatingSystem"":""Linux"",""x_Tenancy"":""Shared""}",/subscriptions/44444444-4444-4444-8444-444444444444/resourceGroups/rg-sandbox-dev/providers/Microsoft.Compute/virtualMachines/vm-640c3235,vm-640c3235,Virtual Machine,westus2,West US 2,westus2-2,,,,,,,,,,"{""Environment"":""dev"",""CostCenter"":""cc-3110"",""Owner"":""team-payments""}"
Microsoft Azure,Microsoft,Microsoft Azure,INV-2026-05-000001,8a1b2c3d-0000-4a00-9000-000000000001,ExampleCorp MCA - Primary,Microsoft Customer Agreement,11111111-1111-4111-8111-111111111111,prod-platform,Subscription,2026-05-01T00:00:00Z,2026-06-01T00:00:00Z,2026-05-14T00:00:00Z,2026-05-15T00:00:00Z,Usage,,Log data ingested,Usage-Based,26.77754558507875,26.77754558507875,29.75282842715575,26.77754558507875,2.3296267805,2.0966641025,Standard,12.7715,GB,USD,2.0966641025,26.77754558507875,2.3296267805,USD,12.7715,GB,Azure Monitor,Management and Governance,Observability,AZ-AZUR-f1460b,Monitoring,AZSP-11b4b17b,"{""x_DataType"":""Logs""}",/subscriptions/11111111-1111-4111-8111-111111111111/resourceGroups/rg-prod-platform/providers/Microsoft.OperationalInsights/workspaces/law-16262b17,law-16262b17,Log Analytics Workspace,eastus,East US,,,,,,,,,,,"{""Environment"":""prod"",""CostCenter"":""cc-2087"",""Owner"":""team-payments""}"
Microsoft Azure,Microsoft,Microsoft Azure,INV-2026-05-000002,8a1b2c3d-0000-4a00-9000-000000000002,ExampleCorp MCA - Secondary,Microsoft Customer Agreement,33333333-3333-4333-8333-333333333333,data-analytics,Subscription,2026-05-01T00:00:00Z,2026-06-01T00:00:00Z,2026-05-03T22:00:00Z,2026-05-03T23:00:00Z,Usage,,Provisioned throughput,Usage-Based,0.0073508326,0.0073508326,0.0081675918,0.0073508326,0.0081675918,0.0073508326,Standard,1.0000,Hours,USD,0.0073508326,0.0073508326,0.0081675918,USD,1.0000,Hours,Azure Cosmos DB,Databases,NoSQL Databases,AZ-AZUR-d2a843,Database,AZSP-7eac22bb,"{""x_CapacityMode"":""Provisioned""}",/subscriptions/33333333-3333-4333-8333-333333333333/resourceGroups/rg-data-analytics/providers/Microsoft.DocumentDB/databaseAccounts/cosmos-66a17275,cosmos-66a17275,Cosmos DB Account,westeurope,West Europe,,,,,,,,,,,"{""Environment"":""prod"",""CostCenter"":""cc-2087"",""Owner"":""team-platform""}"
Microsoft Azure,Microsoft,Microsoft Azure,INV-2026-05-000001,8a1b2c3d-0000-4a00-9000-000000000001,ExampleCorp MCA - Primary,Microsoft Customer Agreement,11111111-1111-4111-8111-111111111111,prod-platform,Subscription,2026-05-01T00:00:00Z,2026-06-01T00:00:00Z,2026-05-16T00:00:00Z,2026-05-17T00:00:00Z,Usage,,Log data ingested,Usage-Based,963.5811323426978,963.5811323426978,1070.6457026241436,963.5811323426978,2.2502673526,2.0252406173,Standard,475.7860,GB,USD,2.0252406173,963.5811323426978,2.2502673526,USD,475.7860,GB,Azure Monitor,Management and Governance,Observability,AZ-AZUR-01bda2,Monitoring,AZSP-2046f4fe,"{""x_DataType"":""Logs""}",/subscriptions/11111111-1111-4111-8111-111111111111/resourceGroups/rg-prod-platform/providers/Microsoft.OperationalInsights/workspaces/law-c9be5613,law-c9be5613,Log Analytics Workspace,westeurope,West Europe,,,,,,,,,,,"{""Environment"":""staging"",""CostCenter"":""cc-3110"",""Owner"":""team-payments""}"
Microsoft Azure,Microsoft,Microsoft Azure,INV-2026-05-000001,8a1b2c3d-0000-4a00-9000-000000000001,ExampleCorp MCA - Primary,Microsoft Customer Agreement,33333333-3333-4333-8333-333333333333,data-analytics,Subscription,2026-05-01T00:00:00Z,2026-06-01T00:00:00Z,2026-05-17T00:00:00Z,2026-05-18T00:00:00Z,Usage,,Log data ingested,Usage-Based,833.61629322573786,833.61629322573786,926.2403258063754,833.61629322573786,2.2689639620,2.0420675658,Standard,408.2217,GB,USD,2.0420675658,833.61629322573786,2.2689639620,USD,408.2217,GB,Azure Monitor,Management and Governance,Observability,AZ-AZUR-e725a4,Monitoring,AZSP-1b4e2df7,"{""x_DataType"":""Logs""}",/subscriptions/33333333-3333-4333-8333-333333333333/resourceGroups/rg-data-analytics/providers/Microsoft.OperationalInsights/workspaces/law-ae99e323,law-ae99e323,Log Analytics Workspace,westeurope,West Europe,,,,,,,,,,,"{""Environment"":""dev"",""CostCenter"":""cc-1042"",""Owner"":""team-data""}"
Microsoft Azure,Microsoft,Microsoft Azure,INV-2026-05-000002,8a1b2c3d-0000-4a00-9000-000000000002,ExampleCorp MCA - Secondary,Microsoft Customer Agreement,11111111-1111-4111-8111-111111111111,prod-platform,Subscription,2026-05-01T00:00:00Z,2026-06-01T00:00:00Z,2026-05-04T01:00:00Z,2026-05-04T02:00:00Z,Usage,,AKS node pool hours,Usage-Based,0.1747474049,0.1747474049,0.1941637832,0.1747474049,0.1941637832,0.1747474049,Standard,1.0000,Hours,USD,0.1747474049,0.1747474049,0.1941637832,USD,1.0000,Hours,Azure Kubernetes Service,Compute,Containers,AZ-AZUR-eb29b1,Compute,AZSP-f84c8036,"{""InstanceType"":""Standard_D4s_v5"",""CoreCount"":4,""MemorySize"":16,""x_NodePool"":""system""}",/subscriptions/11111111-1111-4111-8111-111111111111/resourceGroups/rg-prod-platform/providers/Microsoft.ContainerService/managedClusters/aks-963f70de,aks-963f70de,Managed Cluster,westeurope,West Europe,,,,,,,,,,,"{""Environment"":""dev"",""CostCenter"":""cc-1042"",""Owner"":""team-data""}"
Microsoft Azure,Microsoft,Microsoft Azure,INV-2026-05-000001,8a1b2c3d-0000-4a00-9000-000000000001,ExampleCorp MCA - Primary,Microsoft Customer Agreement,11111111-1111-4111-8111-111111111111,prod-platform,Subscription,2026-05-01T00:00:00Z,2026-06-01T00:00:00Z,2026-05-04T02:00:00Z,2026-05-04T03:00:00Z,Usage,,Provisioned throughput,Usage-Based,0.0073909562,0.0073909562,0.0082121735,0.0073909562,0.0082121735,0.0073909562,Standard,1.0000,Hours,USD,0.0073909562,0.0073909562,0.0082121735,USD,1.0000,Hours,Azure Cosmos DB,Databases,NoSQL Databases,AZ-AZUR-716652,Database,AZSP-30759900,"{""x_CapacityMode"":""Provisioned""}",/subscriptions/11111111-1111-4111-8111-111111111111/resourceGroups/rg-prod-platform/providers/Microsoft.DocumentDB/databaseAccounts/cosmos-06bcf827,cosmos-06bcf827,Cosmos DB Account,southeastasia,Southeast Asia,,,,,,,,,,,"{""Environment"":""dev"",""CostCenter"":""cc-2087"",""Owner"":""team-platform""}"
Microsoft Azure,Microsoft,Microsoft Azure,INV-2026-05-000001,8a1b2c3d-0000-4a00-9000-000000000001,ExampleCorp MCA - Primary,Microsoft Customer Agreement,44444444-4444-4444-8444-444444444444,sandbox-dev,Subscription,2026-05-01T00:00:00Z,2026-06-01T00:00:00Z,2026-05-20T00:00:00Z,2026-05-21T00:00:00Z,Usage,,VNet peering data transfer,Usage-Based,6.85009533184668,6.85009533184668,7.61121700943094,6.85009533184668,0.0097751673,0.0087976506,Standard,778.6278,GB,EUR,0.0080938386,6.3020877052989456,0.0089931539,USD,778.6278,GB,Virtual Network,Networking,Network Connectivity,AZ-VIRT-3dd615,Data Transfer,AZSP-7422994c,"{""x_TransferType"":""Peering""}",/subscriptions/44444444-4444-4444-8444-444444444444/resourceGroups/rg-sandbox-dev/providers/Microsoft.Network/virtualNetworks/vnet-ab25191c,vnet-ab25191c,Virtual Network,westeurope,West Europe,,,,,,,,,,,"{""Environment"":""staging"",""CostCenter"":""cc-2087"",""Owner"":""team-payments""}"
Microsoft Azure,Microsoft,Microsoft Azure,INV-2026-05-000002,8a1b2c3d-0000-4a00-9000-000000000002,ExampleCorp MCA - Secondary,Microsoft Customer Agreement,33333333-3333-4333-8333-333333333333,data-analytics,Subscription,2026-05-01T00:00:00Z,2026-06-01T00:00:00Z,2026-05-01T00:00:00Z,2026-06-01T00:00:00Z,Usage,,Hot LRS data stored,Usage-Based,57.89641546747625,57.89641546747625,64.3293503618227,57.89641546747625,0.0181419194,0.0163277275,Standard,3545.8955,GB-Months,USD,0.0163277275,57.89641546747625,0.0181419194,USD,3545.8955,GB-Months,Azure Blob Storage,Storage,Object Storage,AZ-AZUR-9907f4,Storage,AZSP-8066b04d,"{""x_StorageClass"":""Hot"",""x_Redundancy"":""LRS""}",/subscriptions/33333333-3333-4333-8333-333333333333/resourceGroups/rg-data-analytics/providers/Microsoft.Storage/storageAccounts/stordd0b9abd,stordd0b9abd,Storage Account,westus2,West US 2,,,,,,,,,,,"{""Environment"":""prod"",""CostCenter"":""cc-1042"",""Owner"":""team-payments""}"
Microsoft Azure,Microsoft,Microsoft Azure,INV-2026-05-000002,8a1b2c3d-0000-4a00-9000-000000000002,ExampleCorp MCA - Secondary,Microsoft Customer Agreement,33333333-3333-4333-8333-333333333333,data-analytics,Subscription,2026-05-01T00:00:00Z,2026-06-01T00:00:00Z,2026-05-01T00:00:00Z,2026-06-01T00:00:00Z,Usage,,Hot LRS data stored,Usage-Based,55.81748414911689,55.81748414911689,62.0194268323521,55.81748414911689,0.0179765970,0.0161789373,Standard,3450.0093,GB-Months,USD,0.0161789373,55.81748414911689,0.0179765970,USD,3450.0093,GB-Months,Azure Blob Storage,Storage,Object Storage,AZ-AZUR-830440,Storage,AZSP-592eca15,"{""x_StorageClass"":""Hot"",""x_Redundancy"":""LRS""}",/subscriptions/33333333-3333-4333-8333-333333333333/resourceGroups/rg-data-analytics/providers/Microsoft.Storage/storageAccounts/storb84122f3,storb84122f3,Storage Account,westus2,West US 2,,,,,,,,,,,"{""Environment"":""prod"",""CostCenter"":""cc-3110"",""Owner"":""team-data""}"
Microsoft Azure,Microsoft,Microsoft Azure,INV-2026-05-000001,8a1b2c3d-0000-4a00-9000-000000000001,ExampleCorp MCA - Primary,Microsoft Customer Agreement,44444444-4444-4444-8444-444444444444,sandbox-dev,Subscription,2026-05-01T00:00:00Z,2026-06-01T00:00:00Z,2026-05-04T06:00:00Z,2026-05-04T07:00:00Z,Usage,,Standard_D4s_v5 instance,Usage-Based,0.1755940119,0.1755940119,0.1951044577,0.1755940119,0.1951044577,0.1755940119,Standard,1.0000,Hours,USD,0.1755940119,0.1755940119,0.1951044577,USD,1.0000,Hours,Virtual Machines,Compute,Virtual Machines,AZ-VIRT-ae6287,Compute,AZSP-585905ca,"{""InstanceType"":""Standard_D4s_v5"",""InstanceSeries"":""Ddsv5"",""CoreCount"":4,""MemorySize"":16,""OperatingSystem"":""Linux"",""x_Tenancy"":""Shared""}",/subscriptions/44444444-4444-4444-8444-444444444444/resourceGroups/rg-sandbox-dev/providers/Microsoft.Compute/virtualMachines/vm-a58bbb50,vm-a58bbb50,Virtual Machine,westeurope,West Europe,westeurope-2,,,,,,,,,,"{""Environment"":""dev"",""CostCenter"":""cc-3110"",""Owner"":""team-data""}"
Microsoft Azure,Microsoft,Microsoft Azure,INV-2026-05-000002,8a1b2c3d-0000-4a00-9000-000000000002,ExampleCorp MCA - Secondary,Microsoft Customer Agreement,33333333-3333-4333-8333-333333333333,data-analytics,Subscription,2026-05-01T00:00:00Z,2026-06-01T00:00:00Z,2026-05-24T00:00:00Z,2026-05-25T00:00:00Z,Tax,,Tax for Azure SQL Database,One-Time,38.008265,38.008265,38.008265,38.008265,,,,,,,,,,USD,,,Azure SQL Database,Databases,Relational Databases,,,,,,,,,,,,,,,,,,,,"{""Environment"":""dev"",""CostCenter"":""cc-2087"",""Owner"":""team-platform""}"
Microsoft Azure,Microsoft,Microsoft Azure,INV-2026-05-000001,8a1b2c3d-0000-4a00-9000-000000000001,ExampleCorp MCA - Primary,Microsoft Customer Agreement,33333333-3333-4333-8333-333333333333,data-analytics,Subscription,2026-05-01T00:00:00Z,2026-06-01T00:00:00Z,2026-05-04T08:00:00Z,2026-05-04T09:00:00Z,Usage,,General Purpose 4 vCore,Usage-Based,0.452194501,0.452194501,0.5024383344,0.452194501,0.5024383344,0.4521945010,Standard,1.0000,Hours,USD,0.4521945010,0.452194501,0.5024383344,USD,1.0000,Hours,Azure SQL Database,Databases,Relational Databases,AZ-AZUR-e4cfdc,Database,AZSP-b99d564f,"{""InstanceType"":""GP_Gen5_4"",""CoreCount"":4,""MemorySize"":20,""x_Engine"":""SQLServer""}",/subscriptions/33333333-3333-4333-8333-333333333333/resourceGroups/rg-data-analytics/providers/Microsoft.Sql/servers/databases/sqldb-041ff7f2,sqldb-041ff7f2,SQL Database,westeurope,West Europe,,,,,,,,,,,"{""Environment"":""dev"",""CostCenter"":""cc-3110"",""Owner"":""team-payments""}"
Microsoft Azure,Microsoft,Microsoft Azure,INV-2026-05-000002,8a1b2c3d-0000-4a00-9000-000000000002,ExampleCorp MCA - Secondary,Microsoft Customer Agreement,22222222-2222-4222-8222-222222222222,staging-platform,Subscription,2026-05-01T00:00:00Z,2026-06-01T00:00:00Z,2026-05-04T09:00:00Z,2026-05-04T10:00:00Z,Usage,,General Purpose 4 vCore,Usage-Based,0.4507525833,0.4507525833,0.5008362037,0.4507525833,0.5008362037,0.4507525833,Standard,1.0000,Hours,USD,0.4507525833,0.4507525833,0.5008362037,USD,1.0000,Hours,Azure SQL Database,Databases,Relational Databases,AZ-AZUR-b22cc8,Database,AZSP-db30c353,"{""InstanceType"":""GP_Gen5_4"",""CoreCount"":4,""MemorySize"":20,""x_Engine"":""SQLServer""}",/subscriptions/22222222-2222-4222-8222-222222222222/resourceGroups/rg-staging-platform/providers/Microsoft.Sql/servers/databases/sqldb-2e0fa521,sqldb-2e0fa521,SQL Database,westeurope,West Europe,,,,,,,,,,,"{""Environment"":""dev"",""CostCenter"":""cc-2087"",""Owner"":""team-data""}"
Microsoft Azure,Microsoft,Microsoft Azure,INV-2026-05-000001,8a1b2c3d-0000-4a00-9000-000000000001,ExampleCorp MCA - Primary,Microsoft Customer Agreement,33333333-3333-4333-8333-333333333333,data-analytics,Subscription,2026-05-01T00:00:00Z,2026-06-01T00:00:00Z,2026-05-04T10:00:00Z,2026-05-04T11:00:00Z,Usage,,Provisioned throughput,Usage-Based,0.0073946639,0.0073946639,0.0082162932,0.0073946639,0.0082162932,0.0073946639,Standard,1.0000,Hours,USD,0.0073946639,0.0073946639,0.0082162932,USD,1.0000,Hours,Azure Cosmos DB,Databases,NoSQL Databases,AZ-AZUR-25ae35,Database,AZSP-802bc2ef,"{""x_CapacityMode"":""Provisioned""}",/subscriptions/33333333-3333-4333-8333-333333333333/resourceGroups/rg-data-analytics/providers/Microsoft.DocumentDB/databaseAccounts/cosmos-9af661fd,cosmos-9af661fd,Cosmos DB Account,eastus,East US,,,,,,,,,,,"{""Environment"":""staging"",""CostCenter"":""cc-3110"",""Owner"":""team-platform""}"
Microsoft Azure,Microsoft,Microsoft Azure,INV-2026-05-000001,8a1b2c3d-0000-4a00-9000-000000000001,ExampleCorp MCA - Primary,Microsoft Customer Agreement,22222222-2222-4222-8222-222222222222,staging-platform,Subscription,2026-05-01T00:00:00Z,2026-06-01T00:00:00Z,2026-05-28T00:00:00Z,2026-05-29T00:00:00Z,Purchase,,Virtual Network subscription fee,Recurring,512.748257,0,512.748257,512.748257,512.748257,512.748257,Standard,1,Units,USD,512.7482570000,0,512.7482570000,USD,,,Virtual Network,Networking,Network Connectivity,AZ-VIRT-1995f7,Data Transfer,AZSP-7804004e,"{""x_TransferType"":""Peering""}",/subscriptions/22222222-2222-4222-8222-222222222222/resourceGroups/rg-staging-platform/providers/Microsoft.Network/virtualNetworks/vnet-1ec2dc53,vnet-1ec2dc53,Virtual Network,eastus,East US,,,,,,,,,,,"{""Environment"":""prod"",""CostCenter"":""cc-2087"",""Owner"":""team-platform""}"
Microsoft Azure,Microsoft,Microsoft Azure,INV-2026-05-000002,8a1b2c3d-0000-4a00-9000-000000000002,ExampleCorp MCA - Secondary,Microsoft Customer Agreement,22222222-2222-4222-8222-222222222222,staging-platform,Subscription,2026-05-01T00:00:00Z,2026-06-01T00:00:00Z,2026-05-04T12:00:00Z,2026-05-04T13:00:00Z,Purchase,,"Savings Plan commitment, amortised for the charge period",Recurring,0.128064,0,0.128064,0.128064,1,1,Standard,0.128064,USD,USD,1.0000000000,0,1.0000000000,USD,,,Virtual Machines,Compute,Virtual Machines,AZ-COMMIT-5eeeb0,Commitment,AZSP-8e5e0202,"{""x_Term"":""P1Y"",""x_PaymentOption"":""NoUpfront""}",/subscriptions/22222222-2222-4222-8222-222222222222/providers/Microsoft.BillingBenefits/savingsPlans/42d6b9eedd27,savingsPlans-932d138181,Savings Plan,westus2,West US 2,,/subscriptions/22222222-2222-4222-8222-222222222222/providers/Microsoft.BillingBenefits/savingsPlans/42d6b9eedd27,AzureSavingsPlan-1yr-NoUpfront,Spend,Savings Plan,,0.128064,USD,,,"{""Environment"":""staging"",""CostCenter"":""cc-2087"",""Owner"":""team-data""}"
Microsoft Azure,Microsoft,Microsoft Azure,INV-2026-05-000002,8a1b2c3d-0000-4a00-9000-000000000002,ExampleCorp MCA - Secondary,Microsoft Customer Agreement,22222222-2222-4222-8222-222222222222,staging-platform,Subscription,2026-05-01T00:00:00Z,2026-06-01T00:00:00Z,2026-05-04T12:00:00Z,2026-05-04T13:00:00Z,Usage,,Virtual Machines committed usage,Usage-Based,0,0.128064,0.192,0.1728,0.1920000000,0.1728000000,Committed,1,Hours,USD,0.1728000000,0.128064,0.1920000000,USD,1,Hours,Virtual Machines,Compute,Virtual Machines,AZ-VIRT-edd381,Compute,AZSP-a1fdbb28,"{""InstanceType"":""Standard_D4s_v5"",""InstanceSeries"":""Ddsv5"",""CoreCount"":4,""MemorySize"":16,""OperatingSystem"":""Linux"",""x_Tenancy"":""Shared""}",/subscriptions/22222222-2222-4222-8222-222222222222/resourceGroups/rg-staging-platform/providers/Microsoft.Compute/virtualMachines/vm-0000912d96,vm-0000912d96,Virtual Machine,westus2,West US 2,westus2-2,/subscriptions/22222222-2222-4222-8222-222222222222/providers/Microsoft.BillingBenefits/savingsPlans/42d6b9eedd27,AzureSavingsPlan-1yr-NoUpfront,Spend,Savings Plan,Used,0.128064,USD,,,"{""Environment"":""staging"",""CostCenter"":""cc-1042"",""Owner"":""team-data""}"
Microsoft Azure,Microsoft,Microsoft Azure,INV-2026-05-000002,8a1b2c3d-0000-4a00-9000-000000000002,ExampleCorp MCA - Secondary,Microsoft Customer Agreement,22222222-2222-4222-8222-222222222222,staging-platform,Subscription,2026-05-01T00:00:00Z,2026-06-01T00:00:00Z,2026-05-04T13:00:00Z,2026-05-04T14:00:00Z,Purchase,,"Savings Plan commitment, amortised for the charge period",Recurring,0.128064,0,0.128064,0.128064,1,1,Standard,0.128064,USD,USD,1.0000000000,0,1.0000000000,USD,,,Virtual Machines,Compute,Virtual Machines,AZ-COMMIT-5eeeb0,Commitment,AZSP-8e5e0202,"{""x_Term"":""P1Y"",""x_PaymentOption"":""NoUpfront""}",/subscriptions/22222222-2222-4222-8222-222222222222/providers/Microsoft.BillingBenefits/savingsPlans/42d6b9eedd27,savingsPlans-932d138181,Savings Plan,westus2,West US 2,,/subscriptions/22222222-2222-4222-8222-222222222222/providers/Microsoft.BillingBenefits/savingsPlans/42d6b9eedd27,AzureSavingsPlan-1yr-NoUpfront,Spend,Savings Plan,,0.128064,USD,,,"{""Environment"":""prod"",""CostCenter"":""cc-2087"",""Owner"":""team-payments""}"
Microsoft Azure,Microsoft,Microsoft Azure,INV-2026-05-000002,8a1b2c3d-0000-4a00-9000-000000000002,ExampleCorp MCA - Secondary,Microsoft Customer Agreement,22222222-2222-4222-8222-222222222222,staging-platform,Subscription,2026-05-01T00:00:00Z,2026-06-01T00:00:00Z,2026-05-04T13:00:00Z,2026-05-04T14:00:00Z,Usage,,Virtual Machines committed usage,Usage-Based,0,0.128064,0.192,0.1728,0.1920000000,0.1728000000,Committed,1,Hours,USD,0.1728000000,0.128064,0.1920000000,USD,1,Hours,Virtual Machines,Compute,Virtual Machines,AZ-VIRT-c8df2a,Compute,AZSP-1d8c8eac,"{""InstanceType"":""Standard_D4s_v5"",""InstanceSeries"":""Ddsv5"",""CoreCount"":4,""MemorySize"":16,""OperatingSystem"":""Linux"",""x_Tenancy"":""Shared""}",/subscriptions/22222222-2222-4222-8222-222222222222/resourceGroups/rg-staging-platform/providers/Microsoft.Compute/virtualMachines/vm-0001c4154a,vm-0001c4154a,Virtual Machine,westus2,West US 2,westus2-2,/subscriptions/22222222-2222-4222-8222-222222222222/providers/Microsoft.BillingBenefits/savingsPlans/42d6b9eedd27,AzureSavingsPlan-1yr-NoUpfront,Spend,Savings Plan,Used,0.128064,USD,,,"{""Environment"":""dev"",""CostCenter"":""cc-2087"",""Owner"":""team-payments""}"
Microsoft Azure,Microsoft,Microsoft Azure,INV-2026-05-000002,8a1b2c3d-0000-4a00-9000-000000000002,ExampleCorp MCA - Secondary,Microsoft Customer Agreement,22222222-2222-4222-8222-222222222222,staging-platform,Subscription,2026-05-01T00:00:00Z,2026-06-01T00:00:00Z,2026-05-04T14:00:00Z,2026-05-04T15:00:00Z,Purchase,,"Savings Plan commitment, amortised for the charge period",Recurring,0.128064,0,0.128064,0.128064,1,1,Standard,0.128064,USD,USD,1.0000000000,0,1.0000000000,USD,,,Virtual Machines,Compute,Virtual Machines,AZ-COMMIT-5eeeb0,Commitment,AZSP-8e5e0202,"{""x_Term"":""P1Y"",""x_PaymentOption"":""NoUpfront""}",/subscriptions/22222222-2222-4222-8222-222222222222/providers/Microsoft.BillingBenefits/savingsPlans/42d6b9eedd27,savingsPlans-932d138181,Savings Plan,westus2,West US 2,,/subscriptions/22222222-2222-4222-8222-222222222222/providers/Microsoft.BillingBenefits/savingsPlans/42d6b9eedd27,AzureSavingsPlan-1yr-NoUpfront,Spend,Savings Plan,,0.128064,USD,,,"{""Environment"":""dev"",""CostCenter"":""cc-2087"",""Owner"":""team-platform""}"
Microsoft Azure,Microsoft,Microsoft Azure,INV-2026-05-000002,8a1b2c3d-0000-4a00-9000-000000000002,ExampleCorp MCA - Secondary,Microsoft Customer Agreement,22222222-2222-4222-8222-222222222222,staging-platform,Subscription,2026-05-01T00:00:00Z,2026-06-01T00:00:00Z,2026-05-04T14:00:00Z,2026-05-04T15:00:00Z,Usage,,Virtual Machines committed usage,Usage-Based,0,0.128064,0.192,0.1728,0.1920000000,0.1728000000,Committed,1,Hours,USD,0.1728000000,0.128064,0.1920000000,USD,1,Hours,Virtual Machines,Compute,Virtual Machines,AZ-VIRT-86052c,Compute,AZSP-a441366d,"{""InstanceType"":""Standard_D4s_v5"",""InstanceSeries"":""Ddsv5"",""CoreCount"":4,""MemorySize"":16,""OperatingSystem"":""Linux"",""x_Tenancy"":""Shared""}",/subscriptions/22222222-2222-4222-8222-222222222222/resourceGroups/rg-staging-platform/providers/Microsoft.Compute/virtualMachines/vm-00024662e3,vm-00024662e3,Virtual Machine,westus2,West US 2,westus2-2,/subscriptions/22222222-2222-4222-8222-222222222222/providers/Microsoft.BillingBenefits/savingsPlans/42d6b9eedd27,AzureSavingsPlan-1yr-NoUpfront,Spend,Savings Plan,Used,0.128064,USD,,,"{""Environment"":""staging"",""CostCenter"":""cc-1042"",""Owner"":""team-platform""}"
Microsoft Azure,Microsoft,Microsoft Azure,INV-2026-05-000002,8a1b2c3d-0000-4a00-9000-000000000002,ExampleCorp MCA - Secondary,Microsoft Customer Agreement,22222222-2222-4222-8222-222222222222,staging-platform,Subscription,2026-05-01T00:00:00Z,2026-06-01T00:00:00Z,2026-05-04T15:00:00Z,2026-05-04T16:00:00Z,Purchase,,"Savings Plan commitment, amortised for the charge period",Recurring,0.128064,0,0.128064,0.128064,1,1,Standard,0.128064,USD,USD,1.0000000000,0,1.0000000000,USD,,,Virtual Machines,Compute,Virtual Machines,AZ-COMMIT-5eeeb0,Commitment,AZSP-8e5e0202,"{""x_Term"":""P1Y"",""x_PaymentOption"":""NoUpfront""}",/subscriptions/22222222-2222-4222-8222-222222222222/providers/Microsoft.BillingBenefits/savingsPlans/42d6b9eedd27,savingsPlans-932d138181,Savings Plan,westus2,West US 2,,/subscriptions/22222222-2222-4222-8222-222222222222/providers/Microsoft.BillingBenefits/savingsPlans/42d6b9eedd27,AzureSavingsPlan-1yr-NoUpfront,Spend,Savings Plan,,0.128064,USD,,,"{""Environment"":""dev"",""CostCenter"":""cc-3110"",""Owner"":""team-data""}"
Microsoft Azure,Microsoft,Microsoft Azure,INV-2026-05-000002,8a1b2c3d-0000-4a00-9000-000000000002,ExampleCorp MCA - Secondary,Microsoft Customer Agreement,22222222-2222-4222-8222-222222222222,staging-platform,Subscription,2026-05-01T00:00:00Z,2026-06-01T00:00:00Z,2026-05-04T15:00:00Z,2026-05-04T16:00:00Z,Usage,,Virtual Machines committed usage,Usage-Based,0,0.128064,0.192,0.1728,0.1920000000,0.1728000000,Committed,1,Hours,USD,0.1728000000,0.128064,0.1920000000,USD,1,Hours,Virtual Machines,Compute,Virtual Machines,AZ-VIRT-a04642,Compute,AZSP-92bd7b32,"{""InstanceType"":""Standard_D4s_v5"",""InstanceSeries"":""Ddsv5"",""CoreCount"":4,""MemorySize"":16,""OperatingSystem"":""Linux"",""x_Tenancy"":""Shared""}",/subscriptions/22222222-2222-4222-8222-222222222222/resourceGroups/rg-staging-platform/providers/Microsoft.Compute/virtualMachines/vm-00034cc873,vm-00034cc873,Virtual Machine,westus2,West US 2,westus2-2,/subscriptions/22222222-2222-4222-8222-222222222222/providers/Microsoft.BillingBenefits/savingsPlans/42d6b9eedd27,AzureSavingsPlan-1yr-NoUpfront,Spend,Savings Plan,Used,0.128064,USD,,,"{""Environment"":""staging"",""CostCenter"":""cc-3110"",""Owner"":""team-payments""}"
Microsoft Azure,Microsoft,Microsoft Azure,INV-2026-05-000002,8a1b2c3d-0000-4a00-9000-000000000002,ExampleCorp MCA - Secondary,Microsoft Customer Agreement,22222222-2222-4222-8222-222222222222,staging-platform,Subscription,2026-05-01T00:00:00Z,2026-06-01T00:00:00Z,2026-05-04T16:00:00Z,2026-05-04T17:00:00Z,Purchase,,"Savings Plan commitment, amortised for the charge period",Recurring,0.128064,0,0.128064,0.128064,1,1,Standard,0.128064,USD,USD,1.0000000000,0,1.0000000000,USD,,,Virtual Machines,Compute,Virtual Machines,AZ-COMMIT-5eeeb0,Commitment,AZSP-8e5e0202,"{""x_Term"":""P1Y"",""x_PaymentOption"":""NoUpfront""}",/subscriptions/22222222-2222-4222-8222-222222222222/providers/Microsoft.BillingBenefits/savingsPlans/42d6b9eedd27,savingsPlans-932d138181,Savings Plan,westus2,West US 2,,/subscriptions/22222222-2222-4222-8222-222222222222/providers/Microsoft.BillingBenefits/savingsPlans/42d6b9eedd27,AzureSavingsPlan-1yr-NoUpfront,Spend,Savings Plan,,0.128064,USD,,,"{""Environment"":""dev"",""CostCenter"":""cc-2087"",""Owner"":""team-data""}"
Microsoft Azure,Microsoft,Microsoft Azure,INV-2026-05-000002,8a1b2c3d-0000-4a00-9000-000000000002,ExampleCorp MCA - Secondary,Microsoft Customer Agreement,22222222-2222-4222-8222-222222222222,staging-platform,Subscription,2026-05-01T00:00:00Z,2026-06-01T00:00:00Z,2026-05-04T16:00:00Z,2026-05-04T17:00:00Z,Usage,,Virtual Machines committed usage,Usage-Based,0,0.128064,0.192,0.1728,0.1920000000,0.1728000000,Committed,1,Hours,USD,0.1728000000,0.128064,0.1920000000,USD,1,Hours,Virtual Machines,Compute,Virtual Machines,AZ-VIRT-d8d185,Compute,AZSP-d5dc60aa,"{""InstanceType"":""Standard_D4s_v5"",""InstanceSeries"":""Ddsv5"",""CoreCount"":4,""MemorySize"":16,""OperatingSystem"":""Linux"",""x_Tenancy"":""Shared""}",/subscriptions/22222222-2222-4222-8222-222222222222/resourceGroups/rg-staging-platform/providers/Microsoft.Compute/virtualMachines/vm-0004ff2b0e,vm-0004ff2b0e,Virtual Machine,westus2,West US 2,westus2-2,/subscriptions/22222222-2222-4222-8222-222222222222/providers/Microsoft.BillingBenefits/savingsPlans/42d6b9eedd27,AzureSavingsPlan-1yr-NoUpfront,Spend,Savings Plan,Used,0.128064,USD,,,"{""Environment"":""prod"",""CostCenter"":""cc-2087"",""Owner"":""team-payments""}"
Microsoft Azure,Microsoft,Microsoft Azure,INV-2026-05-000002,8a1b2c3d-0000-4a00-9000-000000000002,ExampleCorp MCA - Secondary,Microsoft Customer Agreement,22222222-2222-4222-8222-222222222222,staging-platform,Subscription,2026-05-01T00:00:00Z,2026-06-01T00:00:00Z,2026-05-04T17:00:00Z,2026-05-04T18:00:00Z,Purchase,,"Savings Plan commitment, amortised for the charge period",Recurring,0.128064,0,0.128064,0.128064,1,1,Standard,0.128064,USD,USD,1.0000000000,0,1.0000000000,USD,,,Virtual Machines,Compute,Virtual Machines,AZ-COMMIT-5eeeb0,Commitment,AZSP-8e5e0202,"{""x_Term"":""P1Y"",""x_PaymentOption"":""NoUpfront""}",/subscriptions/22222222-2222-4222-8222-222222222222/providers/Microsoft.BillingBenefits/savingsPlans/42d6b9eedd27,savingsPlans-932d138181,Savings Plan,westus2,West US 2,,/subscriptions/22222222-2222-4222-8222-222222222222/providers/Microsoft.BillingBenefits/savingsPlans/42d6b9eedd27,AzureSavingsPlan-1yr-NoUpfront,Spend,Savings Plan,,0.128064,USD,,,"{""Environment"":""staging"",""CostCenter"":""cc-3110"",""Owner"":""team-platform""}"
Microsoft Azure,Microsoft,Microsoft Azure,INV-2026-05-000002,8a1b2c3d-0000-4a00-9000-000000000002,ExampleCorp MCA - Secondary,Microsoft Customer Agreement,22222222-2222-4222-8222-222222222222,staging-platform,Subscription,2026-05-01T00:00:00Z,2026-06-01T00:00:00Z,2026-05-04T17:00:00Z,2026-05-04T18:00:00Z,Usage,,Savings Plan unused commitment,Usage-Based,0,0.128064,0.128064,0.128064,1,1,Committed,0.128064,USD,USD,1.0000000000,0.128064,1.0000000000,USD,,,Virtual Machines,Compute,Virtual Machines,AZ-COMMIT-5eeeb0,Commitment,AZSP-8e5e0202,"{""x_Term"":""P1Y"",""x_PaymentOption"":""NoUpfront""}",/subscriptions/22222222-2222-4222-8222-222222222222/providers/Microsoft.BillingBenefits/savingsPlans/42d6b9eedd27,savingsPlans-932d138181,Savings Plan,westus2,West US 2,,/subscriptions/22222222-2222-4222-8222-222222222222/providers/Microsoft.BillingBenefits/savingsPlans/42d6b9eedd27,AzureSavingsPlan-1yr-NoUpfront,Spend,Savings Plan,Unused,0.128064,USD,,,"{""Environment"":""dev"",""CostCenter"":""cc-2087"",""Owner"":""team-data""}"
Microsoft Azure,Microsoft,Microsoft Azure,INV-2026-05-000002,8a1b2c3d-0000-4a00-9000-000000000002,ExampleCorp MCA - Secondary,Microsoft Customer Agreement,22222222-2222-4222-8222-222222222222,staging-platform,Subscription,2026-05-01T00:00:00Z,2026-06-01T00:00:00Z,2026-05-04T18:00:00Z,2026-05-04T19:00:00Z,Purchase,,"Savings Plan commitment, amortised for the charge period",Recurring,0.128064,0,0.128064,0.128064,1,1,Standard,0.128064,USD,USD,1.0000000000,0,1.0000000000,USD,,,Virtual Machines,Compute,Virtual Machines,AZ-COMMIT-5eeeb0,Commitment,AZSP-8e5e0202,"{""x_Term"":""P1Y"",""x_PaymentOption"":""NoUpfront""}",/subscriptions/22222222-2222-4222-8222-222222222222/providers/Microsoft.BillingBenefits/savingsPlans/42d6b9eedd27,savingsPlans-932d138181,Savings Plan,westus2,West US 2,,/subscriptions/22222222-2222-4222-8222-222222222222/providers/Microsoft.BillingBenefits/savingsPlans/42d6b9eedd27,AzureSavingsPlan-1yr-NoUpfront,Spend,Savings Plan,,0.128064,USD,,,"{""Environment"":""staging"",""CostCenter"":""cc-2087"",""Owner"":""team-payments""}"
Microsoft Azure,Microsoft,Microsoft Azure,INV-2026-05-000002,8a1b2c3d-0000-4a00-9000-000000000002,ExampleCorp MCA - Secondary,Microsoft Customer Agreement,22222222-2222-4222-8222-222222222222,staging-platform,Subscription,2026-05-01T00:00:00Z,2026-06-01T00:00:00Z,2026-05-04T18:00:00Z,2026-05-04T19:00:00Z,Usage,,Savings Plan unused commitment,Usage-Based,0,0.128064,0.128064,0.128064,1,1,Committed,0.128064,USD,USD,1.0000000000,0.128064,1.0000000000,USD,,,Virtual Machines,Compute,Virtual Machines,AZ-COMMIT-5eeeb0,Commitment,AZSP-8e5e0202,"{""x_Term"":""P1Y"",""x_PaymentOption"":""NoUpfront""}",/subscriptions/22222222-2222-4222-8222-222222222222/providers/Microsoft.BillingBenefits/savingsPlans/42d6b9eedd27,savingsPlans-932d138181,Savings Plan,westus2,West US 2,,/subscriptions/22222222-2222-4222-8222-222222222222/providers/Microsoft.BillingBenefits/savingsPlans/42d6b9eedd27,AzureSavingsPlan-1yr-NoUpfront,Spend,Savings Plan,Unused,0.128064,USD,,,"{""Environment"":""staging"",""CostCenter"":""cc-2087"",""Owner"":""team-payments""}"
Microsoft Azure,Microsoft,Microsoft Azure,INV-2026-05-000002,8a1b2c3d-0000-4a00-9000-000000000002,ExampleCorp MCA - Secondary,Microsoft Customer Agreement,22222222-2222-4222-8222-222222222222,staging-platform,Subscription,2026-05-01T00:00:00Z,2026-06-01T00:00:00Z,2026-05-04T19:00:00Z,2026-05-04T20:00:00Z,Purchase,,"Savings Plan commitment, amortised for the charge period",Recurring,0.128064,0,0.128064,0.128064,1,1,Standard,0.128064,USD,USD,1.0000000000,0,1.0000000000,USD,,,Virtual Machines,Compute,Virtual Machines,AZ-COMMIT-5eeeb0,Commitment,AZSP-8e5e0202,"{""x_Term"":""P1Y"",""x_PaymentOption"":""NoUpfront""}",/subscriptions/22222222-2222-4222-8222-222222222222/providers/Microsoft.BillingBenefits/savingsPlans/42d6b9eedd27,savingsPlans-932d138181,Savings Plan,westus2,West US 2,,/subscriptions/22222222-2222-4222-8222-222222222222/providers/Microsoft.BillingBenefits/savingsPlans/42d6b9eedd27,AzureSavingsPlan-1yr-NoUpfront,Spend,Savings Plan,,0.128064,USD,,,"{""Environment"":""dev"",""CostCenter"":""cc-2087"",""Owner"":""team-platform""}"
Microsoft Azure,Microsoft,Microsoft Azure,INV-2026-05-000002,8a1b2c3d-0000-4a00-9000-000000000002,ExampleCorp MCA - Secondary,Microsoft Customer Agreement,22222222-2222-4222-8222-222222222222,staging-platform,Subscription,2026-05-01T00:00:00Z,2026-06-01T00:00:00Z,2026-05-04T19:00:00Z,2026-05-04T20:00:00Z,Usage,,Savings Plan unused commitment,Usage-Based,0,0.128064,0.128064,0.128064,1,1,Committed,0.128064,USD,USD,1.0000000000,0.128064,1.0000000000,USD,,,Virtual Machines,Compute,Virtual Machines,AZ-COMMIT-5eeeb0,Commitment,AZSP-8e5e0202,"{""x_Term"":""P1Y"",""x_PaymentOption"":""NoUpfront""}",/subscriptions/22222222-2222-4222-8222-222222222222/providers/Microsoft.BillingBenefits/savingsPlans/42d6b9eedd27,savingsPlans-932d138181,Savings Plan,westus2,West US 2,,/subscriptions/22222222-2222-4222-8222-222222222222/providers/Microsoft.BillingBenefits/savingsPlans/42d6b9eedd27,AzureSavingsPlan-1yr-NoUpfront,Spend,Savings Plan,Unused,0.128064,USD,,,"{""Environment"":""dev"",""CostCenter"":""cc-1042"",""Owner"":""team-platform""}"
Microsoft Azure,Microsoft,Microsoft Azure,INV-2026-05-000002,8a1b2c3d-0000-4a00-9000-000000000002,ExampleCorp MCA - Secondary,Microsoft Customer Agreement,33333333-3333-4333-8333-333333333333,data-analytics,Subscription,2026-05-01T00:00:00Z,2026-06-01T00:00:00Z,2026-05-05T04:00:00Z,2026-05-05T05:00:00Z,Purchase,,"Reservation commitment, amortised for the charge period",Recurring,0.128064,0,0.128064,0.128064,0.1280640000,0.1280640000,Standard,1,Hours,USD,0.1280640000,0,0.1280640000,USD,,,Virtual Machines,Compute,Virtual Machines,AZ-COMMIT-0b1d5e,Commitment,AZSP-2a95b406,"{""x_Term"":""P1Y"",""x_PaymentOption"":""NoUpfront""}",/subscriptions/33333333-3333-4333-8333-333333333333/providers/Microsoft.BillingBenefits/reservations/6410c3b73677,reservations-1a68a0cd6f,Reservation,westeurope,West Europe,,/subscriptions/33333333-3333-4333-8333-333333333333/providers/Microsoft.BillingBenefits/reservations/6410c3b73677,AzureReservation-1yr-NoUpfront,Usage,Reservation,,1,Hours,,,"{""Environment"":""dev"",""CostCenter"":""cc-1042"",""Owner"":""team-platform""}"
Microsoft Azure,Microsoft,Microsoft Azure,INV-2026-05-000002,8a1b2c3d-0000-4a00-9000-000000000002,ExampleCorp MCA - Secondary,Microsoft Customer Agreement,33333333-3333-4333-8333-333333333333,data-analytics,Subscription,2026-05-01T00:00:00Z,2026-06-01T00:00:00Z,2026-05-05T04:00:00Z,2026-05-05T05:00:00Z,Usage,,Virtual Machines committed usage,Usage-Based,0,0.128064,0.192,0.1728,0.1920000000,0.1728000000,Committed,1,Hours,USD,0.1728000000,0.128064,0.1920000000,USD,1,Hours,Virtual Machines,Compute,Virtual Machines,AZ-VIRT-6200c0,Compute,AZSP-bfa46bad,"{""InstanceType"":""Standard_D4s_v5"",""InstanceSeries"":""Ddsv5"",""CoreCount"":4,""MemorySize"":16,""OperatingSystem"":""Linux"",""x_Tenancy"":""Shared""}",/subscriptions/33333333-3333-4333-8333-333333333333/resourceGroups/rg-data-analytics/providers/Microsoft.Compute/virtualMachines/vm-0000269049,vm-0000269049,Virtual Machine,westeurope,West Europe,westeurope-2,/subscriptions/33333333-3333-4333-8333-333333333333/providers/Microsoft.BillingBenefits/reservations/6410c3b73677,AzureReservation-1yr-NoUpfront,Usage,Reservation,Used,1,Hours,,,"{""Environment"":""prod"",""CostCenter"":""cc-3110"",""Owner"":""team-payments""}"
Microsoft Azure,Microsoft,Microsoft Azure,INV-2026-05-000002,8a1b2c3d-0000-4a00-9000-000000000002,ExampleCorp MCA - Secondary,Microsoft Customer Agreement,33333333-3333-4333-8333-333333333333,data-analytics,Subscription,2026-05-01T00:00:00Z,2026-06-01T00:00:00Z,2026-05-05T05:00:00Z,2026-05-05T06:00:00Z,Purchase,,"Reservation commitment, amortised for the charge period",Recurring,0.128064,0,0.128064,0.128064,0.1280640000,0.1280640000,Standard,1,Hours,USD,0.1280640000,0,0.1280640000,USD,,,Virtual Machines,Compute,Virtual Machines,AZ-COMMIT-0b1d5e,Commitment,AZSP-2a95b406,"{""x_Term"":""P1Y"",""x_PaymentOption"":""NoUpfront""}",/subscriptions/33333333-3333-4333-8333-333333333333/providers/Microsoft.BillingBenefits/reservations/6410c3b73677,reservations-1a68a0cd6f,Reservation,westeurope,West Europe,,/subscriptions/33333333-3333-4333-8333-333333333333/providers/Microsoft.BillingBenefits/reservations/6410c3b73677,AzureReservation-1yr-NoUpfront,Usage,Reservation,,1,Hours,,,"{""Environment"":""staging"",""CostCenter"":""cc-1042"",""Owner"":""team-platform""}"
Microsoft Azure,Microsoft,Microsoft Azure,INV-2026-05-000002,8a1b2c3d-0000-4a00-9000-000000000002,ExampleCorp MCA - Secondary,Microsoft Customer Agreement,33333333-3333-4333-8333-333333333333,data-analytics,Subscription,2026-05-01T00:00:00Z,2026-06-01T00:00:00Z,2026-05-05T05:00:00Z,2026-05-05T06:00:00Z,Usage,,Virtual Machines committed usage,Usage-Based,0,0.128064,0.192,0.1728,0.1920000000,0.1728000000,Committed,1,Hours,USD,0.1728000000,0.128064,0.1920000000,USD,1,Hours,Virtual Machines,Compute,Virtual Machines,AZ-VIRT-9d659d,Compute,AZSP-a424f727,"{""InstanceType"":""Standard_D4s_v5"",""InstanceSeries"":""Ddsv5"",""CoreCount"":4,""MemorySize"":16,""OperatingSystem"":""Linux"",""x_Tenancy"":""Shared""}",/subscriptions/33333333-3333-4333-8333-333333333333/resourceGroups/rg-data-analytics/providers/Microsoft.Compute/virtualMachines/vm-0001f88b69,vm-0001f88b69,Virtual Machine,westeurope,West Europe,westeurope-2,/subscriptions/33333333-3333-4333-8333-333333333333/providers/Microsoft.BillingBenefits/reservations/6410c3b73677,AzureReservation-1yr-NoUpfront,Usage,Reservation,Used,1,Hours,,,"{""Environment"":""staging"",""CostCenter"":""cc-3110"",""Owner"":""team-platform""}"
Microsoft Azure,Microsoft,Microsoft Azure,INV-2026-05-000002,8a1b2c3d-0000-4a00-9000-000000000002,ExampleCorp MCA - Secondary,Microsoft Customer Agreement,33333333-3333-4333-8333-333333333333,data-analytics,Subscription,2026-05-01T00:00:00Z,2026-06-01T00:00:00Z,2026-05-05T06:00:00Z,2026-05-05T07:00:00Z,Purchase,,"Reservation commitment, amortised for the charge period",Recurring,0.128064,0,0.128064,0.128064,0.1280640000,0.1280640000,Standard,1,Hours,USD,0.1280640000,0,0.1280640000,USD,,,Virtual Machines,Compute,Virtual Machines,AZ-COMMIT-0b1d5e,Commitment,AZSP-2a95b406,"{""x_Term"":""P1Y"",""x_PaymentOption"":""NoUpfront""}",/subscriptions/33333333-3333-4333-8333-333333333333/providers/Microsoft.BillingBenefits/reservations/6410c3b73677,reservations-1a68a0cd6f,Reservation,westeurope,West Europe,,/subscriptions/33333333-3333-4333-8333-333333333333/providers/Microsoft.BillingBenefits/reservations/6410c3b73677,AzureReservation-1yr-NoUpfront,Usage,Reservation,,1,Hours,,,"{""Environment"":""prod"",""CostCenter"":""cc-3110"",""Owner"":""team-data""}"
Microsoft Azure,Microsoft,Microsoft Azure,INV-2026-05-000002,8a1b2c3d-0000-4a00-9000-000000000002,ExampleCorp MCA - Secondary,Microsoft Customer Agreement,33333333-3333-4333-8333-333333333333,data-analytics,Subscription,2026-05-01T00:00:00Z,2026-06-01T00:00:00Z,2026-05-05T06:00:00Z,2026-05-05T07:00:00Z,Usage,,Virtual Machines committed usage,Usage-Based,0,0.128064,0.192,0.1728,0.1920000000,0.1728000000,Committed,1,Hours,USD,0.1728000000,0.128064,0.1920000000,USD,1,Hours,Virtual Machines,Compute,Virtual Machines,AZ-VIRT-66de9b,Compute,AZSP-5a629ba1,"{""InstanceType"":""Standard_D4s_v5"",""InstanceSeries"":""Ddsv5"",""CoreCount"":4,""MemorySize"":16,""OperatingSystem"":""Linux"",""x_Tenancy"":""Shared""}",/subscriptions/33333333-3333-4333-8333-333333333333/resourceGroups/rg-data-analytics/providers/Microsoft.Compute/virtualMachines/vm-000272eacd,vm-000272eacd,Virtual Machine,westeurope,West Europe,westeurope-2,/subscriptions/33333333-3333-4333-8333-333333333333/providers/Microsoft.BillingBenefits/reservations/6410c3b73677,AzureReservation-1yr-NoUpfront,Usage,Reservation,Used,1,Hours,,,"{""Environment"":""dev"",""CostCenter"":""cc-1042"",""Owner"":""team-data""}"
Microsoft Azure,Microsoft,Microsoft Azure,INV-2026-05-000002,8a1b2c3d-0000-4a00-9000-000000000002,ExampleCorp MCA - Secondary,Microsoft Customer Agreement,33333333-3333-4333-8333-333333333333,data-analytics,Subscription,2026-05-01T00:00:00Z,2026-06-01T00:00:00Z,2026-05-05T07:00:00Z,2026-05-05T08:00:00Z,Purchase,,"Reservation commitment, amortised for the charge period",Recurring,0.128064,0,0.128064,0.128064,0.1280640000,0.1280640000,Standard,1,Hours,USD,0.1280640000,0,0.1280640000,USD,,,Virtual Machines,Compute,Virtual Machines,AZ-COMMIT-0b1d5e,Commitment,AZSP-2a95b406,"{""x_Term"":""P1Y"",""x_PaymentOption"":""NoUpfront""}",/subscriptions/33333333-3333-4333-8333-333333333333/providers/Microsoft.BillingBenefits/reservations/6410c3b73677,reservations-1a68a0cd6f,Reservation,westeurope,West Europe,,/subscriptions/33333333-3333-4333-8333-333333333333/providers/Microsoft.BillingBenefits/reservations/6410c3b73677,AzureReservation-1yr-NoUpfront,Usage,Reservation,,1,Hours,,,"{""Environment"":""dev"",""CostCenter"":""cc-2087"",""Owner"":""team-payments""}"
Microsoft Azure,Microsoft,Microsoft Azure,INV-2026-05-000002,8a1b2c3d-0000-4a00-9000-000000000002,ExampleCorp MCA - Secondary,Microsoft Customer Agreement,33333333-3333-4333-8333-333333333333,data-analytics,Subscription,2026-05-01T00:00:00Z,2026-06-01T00:00:00Z,2026-05-05T07:00:00Z,2026-05-05T08:00:00Z,Usage,,Virtual Machines committed usage,Usage-Based,0,0.128064,0.192,0.1728,0.1920000000,0.1728000000,Committed,1,Hours,USD,0.1728000000,0.128064,0.1920000000,USD,1,Hours,Virtual Machines,Compute,Virtual Machines,AZ-VIRT-db5707,Compute,AZSP-b0831fc7,"{""InstanceType"":""Standard_D4s_v5"",""InstanceSeries"":""Ddsv5"",""CoreCount"":4,""MemorySize"":16,""OperatingSystem"":""Linux"",""x_Tenancy"":""Shared""}",/subscriptions/33333333-3333-4333-8333-333333333333/resourceGroups/rg-data-analytics/providers/Microsoft.Compute/virtualMachines/vm-00035fb69a,vm-00035fb69a,Virtual Machine,westeurope,West Europe,westeurope-2,/subscriptions/33333333-3333-4333-8333-333333333333/providers/Microsoft.BillingBenefits/reservations/6410c3b73677,AzureReservation-1yr-NoUpfront,Usage,Reservation,Used,1,Hours,,,"{""Environment"":""prod"",""CostCenter"":""cc-3110"",""Owner"":""team-payments""}"
Microsoft Azure,Microsoft,Microsoft Azure,INV-2026-05-000002,8a1b2c3d-0000-4a00-9000-000000000002,ExampleCorp MCA - Secondary,Microsoft Customer Agreement,33333333-3333-4333-8333-333333333333,data-analytics,Subscription,2026-05-01T00:00:00Z,2026-06-01T00:00:00Z,2026-05-05T08:00:00Z,2026-05-05T09:00:00Z,Purchase,,"Reservation commitment, amortised for the charge period",Recurring,0.128064,0,0.128064,0.128064,0.1280640000,0.1280640000,Standard,1,Hours,USD,0.1280640000,0,0.1280640000,USD,,,Virtual Machines,Compute,Virtual Machines,AZ-COMMIT-0b1d5e,Commitment,AZSP-2a95b406,"{""x_Term"":""P1Y"",""x_PaymentOption"":""NoUpfront""}",/subscriptions/33333333-3333-4333-8333-333333333333/providers/Microsoft.BillingBenefits/reservations/6410c3b73677,reservations-1a68a0cd6f,Reservation,westeurope,West Europe,,/subscriptions/33333333-3333-4333-8333-333333333333/providers/Microsoft.BillingBenefits/reservations/6410c3b73677,AzureReservation-1yr-NoUpfront,Usage,Reservation,,1,Hours,,,"{""Environment"":""dev"",""CostCenter"":""cc-1042"",""Owner"":""team-payments""}"
Microsoft Azure,Microsoft,Microsoft Azure,INV-2026-05-000002,8a1b2c3d-0000-4a00-9000-000000000002,ExampleCorp MCA - Secondary,Microsoft Customer Agreement,33333333-3333-4333-8333-333333333333,data-analytics,Subscription,2026-05-01T00:00:00Z,2026-06-01T00:00:00Z,2026-05-05T08:00:00Z,2026-05-05T09:00:00Z,Usage,,Virtual Machines committed usage,Usage-Based,0,0.128064,0.192,0.1728,0.1920000000,0.1728000000,Committed,1,Hours,USD,0.1728000000,0.128064,0.1920000000,USD,1,Hours,Virtual Machines,Compute,Virtual Machines,AZ-VIRT-f05e44,Compute,AZSP-8db3ed18,"{""InstanceType"":""Standard_D4s_v5"",""InstanceSeries"":""Ddsv5"",""CoreCount"":4,""MemorySize"":16,""OperatingSystem"":""Linux"",""x_Tenancy"":""Shared""}",/subscriptions/33333333-3333-4333-8333-333333333333/resourceGroups/rg-data-analytics/providers/Microsoft.Compute/virtualMachines/vm-000408cc4b,vm-000408cc4b,Virtual Machine,westeurope,West Europe,westeurope-2,/subscriptions/33333333-3333-4333-8333-333333333333/providers/Microsoft.BillingBenefits/reservations/6410c3b73677,AzureReservation-1yr-NoUpfront,Usage,Reservation,Used,1,Hours,,,"{""Environment"":""staging"",""CostCenter"":""cc-3110"",""Owner"":""team-payments""}"
Microsoft Azure,Microsoft,Microsoft Azure,INV-2026-05-000002,8a1b2c3d-0000-4a00-9000-000000000002,ExampleCorp MCA - Secondary,Microsoft Customer Agreement,33333333-3333-4333-8333-333333333333,data-analytics,Subscription,2026-05-01T00:00:00Z,2026-06-01T00:00:00Z,2026-05-05T09:00:00Z,2026-05-05T10:00:00Z,Purchase,,"Reservation commitment, amortised for the charge period",Recurring,0.128064,0,0.128064,0.128064,0.1280640000,0.1280640000,Standard,1,Hours,USD,0.1280640000,0,0.1280640000,USD,,,Virtual Machines,Compute,Virtual Machines,AZ-COMMIT-0b1d5e,Commitment,AZSP-2a95b406,"{""x_Term"":""P1Y"",""x_PaymentOption"":""NoUpfront""}",/subscriptions/33333333-3333-4333-8333-333333333333/providers/Microsoft.BillingBenefits/reservations/6410c3b73677,reservations-1a68a0cd6f,Reservation,westeurope,West Europe,,/subscriptions/33333333-3333-4333-8333-333333333333/providers/Microsoft.BillingBenefits/reservations/6410c3b73677,AzureReservation-1yr-NoUpfront,Usage,Reservation,,1,Hours,,,"{""Environment"":""staging"",""CostCenter"":""cc-2087"",""Owner"":""team-platform""}"
Microsoft Azure,Microsoft,Microsoft Azure,INV-2026-05-000002,8a1b2c3d-0000-4a00-9000-000000000002,ExampleCorp MCA - Secondary,Microsoft Customer Agreement,33333333-3333-4333-8333-333333333333,data-analytics,Subscription,2026-05-01T00:00:00Z,2026-06-01T00:00:00Z,2026-05-05T09:00:00Z,2026-05-05T10:00:00Z,Usage,,Virtual Machines committed usage,Usage-Based,0,0.128064,0.192,0.1728,0.1920000000,0.1728000000,Committed,1,Hours,USD,0.1728000000,0.128064,0.1920000000,USD,1,Hours,Virtual Machines,Compute,Virtual Machines,AZ-VIRT-084706,Compute,AZSP-98a2dd06,"{""InstanceType"":""Standard_D4s_v5"",""InstanceSeries"":""Ddsv5"",""CoreCount"":4,""MemorySize"":16,""OperatingSystem"":""Linux"",""x_Tenancy"":""Shared""}",/subscriptions/33333333-3333-4333-8333-333333333333/resourceGroups/rg-data-analytics/providers/Microsoft.Compute/virtualMachines/vm-0005b0847c,vm-0005b0847c,Virtual Machine,westeurope,West Europe,westeurope-2,/subscriptions/33333333-3333-4333-8333-333333333333/providers/Microsoft.BillingBenefits/reservations/6410c3b73677,AzureReservation-1yr-NoUpfront,Usage,Reservation,Used,1,Hours,,,"{""Environment"":""prod"",""CostCenter"":""cc-3110"",""Owner"":""team-platform""}"
Microsoft Azure,Microsoft,Microsoft Azure,INV-2026-05-000002,8a1b2c3d-0000-4a00-9000-000000000002,ExampleCorp MCA - Secondary,Microsoft Customer Agreement,33333333-3333-4333-8333-333333333333,data-analytics,Subscription,2026-05-01T00:00:00Z,2026-06-01T00:00:00Z,2026-05-05T10:00:00Z,2026-05-05T11:00:00Z,Purchase,,"Reservation commitment, amortised for the charge period",Recurring,0.128064,0,0.128064,0.128064,0.1280640000,0.1280640000,Standard,1,Hours,USD,0.1280640000,0,0.1280640000,USD,,,Virtual Machines,Compute,Virtual Machines,AZ-COMMIT-0b1d5e,Commitment,AZSP-2a95b406,"{""x_Term"":""P1Y"",""x_PaymentOption"":""NoUpfront""}",/subscriptions/33333333-3333-4333-8333-333333333333/providers/Microsoft.BillingBenefits/reservations/6410c3b73677,reservations-1a68a0cd6f,Reservation,westeurope,West Europe,,/subscriptions/33333333-3333-4333-8333-333333333333/providers/Microsoft.BillingBenefits/reservations/6410c3b73677,AzureReservation-1yr-NoUpfront,Usage,Reservation,,1,Hours,,,"{""Environment"":""prod"",""CostCenter"":""cc-1042"",""Owner"":""team-platform""}"
Microsoft Azure,Microsoft,Microsoft Azure,INV-2026-05-000002,8a1b2c3d-0000-4a00-9000-000000000002,ExampleCorp MCA - Secondary,Microsoft Customer Agreement,33333333-3333-4333-8333-333333333333,data-analytics,Subscription,2026-05-01T00:00:00Z,2026-06-01T00:00:00Z,2026-05-05T10:00:00Z,2026-05-05T11:00:00Z,Usage,,Virtual Machines committed usage,Usage-Based,0,0.128064,0.192,0.1728,0.1920000000,0.1728000000,Committed,1,Hours,USD,0.1728000000,0.128064,0.1920000000,USD,1,Hours,Virtual Machines,Compute,Virtual Machines,AZ-VIRT-7d682c,Compute,AZSP-cf9772a7,"{""InstanceType"":""Standard_D4s_v5"",""InstanceSeries"":""Ddsv5"",""CoreCount"":4,""MemorySize"":16,""OperatingSystem"":""Linux"",""x_Tenancy"":""Shared""}",/subscriptions/33333333-3333-4333-8333-333333333333/resourceGroups/rg-data-analytics/providers/Microsoft.Compute/virtualMachines/vm-00060b65fa,vm-00060b65fa,Virtual Machine,westeurope,West Europe,westeurope-2,/subscriptions/33333333-3333-4333-8333-333333333333/providers/Microsoft.BillingBenefits/reservations/6410c3b73677,AzureReservation-1yr-NoUpfront,Usage,Reservation,Used,1,Hours,,,"{""Environment"":""dev"",""CostCenter"":""cc-2087"",""Owner"":""team-data""}"
Microsoft Azure,Microsoft,Microsoft Azure,INV-2026-05-000002,8a1b2c3d-0000-4a00-9000-000000000002,ExampleCorp MCA - Secondary,Microsoft Customer Agreement,33333333-3333-4333-8333-333333333333,data-analytics,Subscription,2026-05-01T00:00:00Z,2026-06-01T00:00:00Z,2026-05-05T11:00:00Z,2026-05-05T12:00:00Z,Purchase,,"Reservation commitment, amortised for the charge period",Recurring,0.128064,0,0.128064,0.128064,0.1280640000,0.1280640000,Standard,1,Hours,USD,0.1280640000,0,0.1280640000,USD,,,Virtual Machines,Compute,Virtual Machines,AZ-COMMIT-0b1d5e,Commitment,AZSP-2a95b406,"{""x_Term"":""P1Y"",""x_PaymentOption"":""NoUpfront""}",/subscriptions/33333333-3333-4333-8333-333333333333/providers/Microsoft.BillingBenefits/reservations/6410c3b73677,reservations-1a68a0cd6f,Reservation,westeurope,West Europe,,/subscriptions/33333333-3333-4333-8333-333333333333/providers/Microsoft.BillingBenefits/reservations/6410c3b73677,AzureReservation-1yr-NoUpfront,Usage,Reservation,,1,Hours,,,"{""Environment"":""staging"",""CostCenter"":""cc-1042"",""Owner"":""team-payments""}"
Microsoft Azure,Microsoft,Microsoft Azure,INV-2026-05-000002,8a1b2c3d-0000-4a00-9000-000000000002,ExampleCorp MCA - Secondary,Microsoft Customer Agreement,33333333-3333-4333-8333-333333333333,data-analytics,Subscription,2026-05-01T00:00:00Z,2026-06-01T00:00:00Z,2026-05-05T11:00:00Z,2026-05-05T12:00:00Z,Usage,,Reservation unused commitment,Usage-Based,0,0.128064,0.128064,0.128064,0.1280640000,0.1280640000,Committed,1,Hours,USD,0.1280640000,0.128064,0.1280640000,USD,,,Virtual Machines,Compute,Virtual Machines,AZ-COMMIT-0b1d5e,Commitment,AZSP-2a95b406,"{""x_Term"":""P1Y"",""x_PaymentOption"":""NoUpfront""}",/subscriptions/33333333-3333-4333-8333-333333333333/providers/Microsoft.BillingBenefits/reservations/6410c3b73677,reservations-1a68a0cd6f,Reservation,westeurope,West Europe,,/subscriptions/33333333-3333-4333-8333-333333333333/providers/Microsoft.BillingBenefits/reservations/6410c3b73677,AzureReservation-1yr-NoUpfront,Usage,Reservation,Unused,1,Hours,,,"{""Environment"":""dev"",""CostCenter"":""cc-2087"",""Owner"":""team-platform""}"
Microsoft Azure,Microsoft,Microsoft Azure,INV-2026-05-000002,8a1b2c3d-0000-4a00-9000-000000000002,ExampleCorp MCA - Secondary,Microsoft Customer Agreement,33333333-3333-4333-8333-333333333333,data-analytics,Subscription,2026-05-01T00:00:00Z,2026-06-01T00:00:00Z,2026-05-05T12:00:00Z,2026-05-05T13:00:00Z,Purchase,,"Reservation commitment, amortised for the charge period",Recurring,0.128064,0,0.128064,0.128064,0.1280640000,0.1280640000,Standard,1,Hours,USD,0.1280640000,0,0.1280640000,USD,,,Virtual Machines,Compute,Virtual Machines,AZ-COMMIT-0b1d5e,Commitment,AZSP-2a95b406,"{""x_Term"":""P1Y"",""x_PaymentOption"":""NoUpfront""}",/subscriptions/33333333-3333-4333-8333-333333333333/providers/Microsoft.BillingBenefits/reservations/6410c3b73677,reservations-1a68a0cd6f,Reservation,westeurope,West Europe,,/subscriptions/33333333-3333-4333-8333-333333333333/providers/Microsoft.BillingBenefits/reservations/6410c3b73677,AzureReservation-1yr-NoUpfront,Usage,Reservation,,1,Hours,,,"{""Environment"":""staging"",""CostCenter"":""cc-3110"",""Owner"":""team-platform""}"
Microsoft Azure,Microsoft,Microsoft Azure,INV-2026-05-000002,8a1b2c3d-0000-4a00-9000-000000000002,ExampleCorp MCA - Secondary,Microsoft Customer Agreement,33333333-3333-4333-8333-333333333333,data-analytics,Subscription,2026-05-01T00:00:00Z,2026-06-01T00:00:00Z,2026-05-05T12:00:00Z,2026-05-05T13:00:00Z,Usage,,Reservation unused commitment,Usage-Based,0,0.128064,0.128064,0.128064,0.1280640000,0.1280640000,Committed,1,Hours,USD,0.1280640000,0.128064,0.1280640000,USD,,,Virtual Machines,Compute,Virtual Machines,AZ-COMMIT-0b1d5e,Commitment,AZSP-2a95b406,"{""x_Term"":""P1Y"",""x_PaymentOption"":""NoUpfront""}",/subscriptions/33333333-3333-4333-8333-333333333333/providers/Microsoft.BillingBenefits/reservations/6410c3b73677,reservations-1a68a0cd6f,Reservation,westeurope,West Europe,,/subscriptions/33333333-3333-4333-8333-333333333333/providers/Microsoft.BillingBenefits/reservations/6410c3b73677,AzureReservation-1yr-NoUpfront,Usage,Reservation,Unused,1,Hours,,,"{""Environment"":""dev"",""CostCenter"":""cc-3110"",""Owner"":""team-platform""}"
Microsoft Azure,Microsoft,Microsoft Azure,INV-2026-05-000002,8a1b2c3d-0000-4a00-9000-000000000002,ExampleCorp MCA - Secondary,Microsoft Customer Agreement,33333333-3333-4333-8333-333333333333,data-analytics,Subscription,2026-05-01T00:00:00Z,2026-06-01T00:00:00Z,2026-05-05T13:00:00Z,2026-05-05T14:00:00Z,Purchase,,"Reservation commitment, amortised for the charge period",Recurring,0.128064,0,0.128064,0.128064,0.1280640000,0.1280640000,Standard,1,Hours,USD,0.1280640000,0,0.1280640000,USD,,,Virtual Machines,Compute,Virtual Machines,AZ-COMMIT-0b1d5e,Commitment,AZSP-2a95b406,"{""x_Term"":""P1Y"",""x_PaymentOption"":""NoUpfront""}",/subscriptions/33333333-3333-4333-8333-333333333333/providers/Microsoft.BillingBenefits/reservations/6410c3b73677,reservations-1a68a0cd6f,Reservation,westeurope,West Europe,,/subscriptions/33333333-3333-4333-8333-333333333333/providers/Microsoft.BillingBenefits/reservations/6410c3b73677,AzureReservation-1yr-NoUpfront,Usage,Reservation,,1,Hours,,,"{""Environment"":""dev"",""CostCenter"":""cc-1042"",""Owner"":""team-data""}"
Microsoft Azure,Microsoft,Microsoft Azure,INV-2026-05-000002,8a1b2c3d-0000-4a00-9000-000000000002,ExampleCorp MCA - Secondary,Microsoft Customer Agreement,33333333-3333-4333-8333-333333333333,data-analytics,Subscription,2026-05-01T00:00:00Z,2026-06-01T00:00:00Z,2026-05-05T13:00:00Z,2026-05-05T14:00:00Z,Usage,,Reservation unused commitment,Usage-Based,0,0.128064,0.128064,0.128064,0.1280640000,0.1280640000,Committed,1,Hours,USD,0.1280640000,0.128064,0.1280640000,USD,,,Virtual Machines,Compute,Virtual Machines,AZ-COMMIT-0b1d5e,Commitment,AZSP-2a95b406,"{""x_Term"":""P1Y"",""x_PaymentOption"":""NoUpfront""}",/subscriptions/33333333-3333-4333-8333-333333333333/providers/Microsoft.BillingBenefits/reservations/6410c3b73677,reservations-1a68a0cd6f,Reservation,westeurope,West Europe,,/subscriptions/33333333-3333-4333-8333-333333333333/providers/Microsoft.BillingBenefits/reservations/6410c3b73677,AzureReservation-1yr-NoUpfront,Usage,Reservation,Unused,1,Hours,,,"{""Environment"":""prod"",""CostCenter"":""cc-1042"",""Owner"":""team-data""}"
Microsoft Azure,Microsoft,Microsoft Azure,INV-2026-05-000002,8a1b2c3d-0000-4a00-9000-000000000002,ExampleCorp MCA - Secondary,Microsoft Customer Agreement,22222222-2222-4222-8222-222222222222,staging-platform,Subscription,2026-05-01T00:00:00Z,2026-06-01T00:00:00Z,2026-05-09T00:00:00Z,2026-05-10T00:00:00Z,Usage,,Log data ingested,Usage-Based,63.92480715196562,63.92480715196562,71.02756350252906,63.92480715196562,2.2872717159,2.0585445443,Standard,31.0534,GB,USD,2.0585445443,63.92480715196562,2.2872717159,USD,31.0534,GB,Azure Monitor,Management and Governance,Observability,AZ-AZUR-1e7c17,Monitoring,AZSP-7767c48d,"{""x_DataType"":""Logs""}",/subscriptions/22222222-2222-4222-8222-222222222222/resourceGroups/rg-staging-platform/providers/Microsoft.OperationalInsights/workspaces/law-9f2e424f,law-9f2e424f,Log Analytics Workspace,westus2,West US 2,,,,,,,,,,,"{""Environment"":""staging"",""CostCenter"":""cc-1042"",""Owner"":""team-payments""}"
Microsoft Azure,Microsoft,Microsoft Azure,INV-2026-05-000001,8a1b2c3d-0000-4a00-9000-000000000001,ExampleCorp MCA - Primary,Microsoft Customer Agreement,44444444-4444-4444-8444-444444444444,sandbox-dev,Subscription,2026-05-01T00:00:00Z,2026-06-01T00:00:00Z,2026-05-10T00:00:00Z,2026-05-11T00:00:00Z,Purchase,,Azure Kubernetes Service subscription fee,Recurring,626.902992,0,626.902992,626.902992,626.902992,626.902992,Standard,1,Units,USD,626.9029920000,0,626.9029920000,USD,,,Azure Kubernetes Service,Compute,Containers,AZ-AZUR-f57896,Compute,AZSP-370c078d,"{""InstanceType"":""Standard_D4s_v5"",""CoreCount"":4,""MemorySize"":16,""x_NodePool"":""system""}",/subscriptions/44444444-4444-4444-8444-444444444444/resourceGroups/rg-sandbox-dev/providers/Microsoft.ContainerService/managedClusters/aks-a30f8788,aks-a30f8788,Managed Cluster,westus2,West US 2,,,,,,,,,,,"{""Environment"":""dev"",""CostCenter"":""cc-1042"",""Owner"":""team-data""}"
Microsoft Azure,Microsoft,Microsoft Azure,INV-2026-05-000002,8a1b2c3d-0000-4a00-9000-000000000002,ExampleCorp MCA - Secondary,Microsoft Customer Agreement,44444444-4444-4444-8444-444444444444,sandbox-dev,Subscription,2026-05-01T00:00:00Z,2026-06-01T00:00:00Z,2026-05-11T00:00:00Z,2026-05-12T00:00:00Z,Tax,,Tax for Azure Cosmos DB,One-Time,48.216813,48.216813,48.216813,48.216813,,,,,,,,,,USD,,,Azure Cosmos DB,Databases,NoSQL Databases,,,,,,,,,,,,,,,,,,,,"{""Environment"":""staging"",""CostCenter"":""cc-1042"",""Owner"":""team-platform""}"
Microsoft Azure,Microsoft,Microsoft Azure,INV-2026-05-000002,8a1b2c3d-0000-4a00-9000-000000000002,ExampleCorp MCA - Secondary,Microsoft Customer Agreement,44444444-4444-4444-8444-444444444444,sandbox-dev,Subscription,2026-05-01T00:00:00Z,2026-06-01T00:00:00Z,2026-05-06T03:00:00Z,2026-05-06T04:00:00Z,Usage,,Function execution duration,Usage-Based,47.10814962572217,47.10814962572217,52.34227724586623,47.10814962572217,0.0000156863,0.0000141177,Standard,3336814.7521,GB-Seconds,USD,0.0000141177,47.10814962572217,0.0000156863,USD,3336814.7521,GB-Seconds,Azure Functions,Compute,Serverless Compute,AZ-AZUR-7ec72e,Compute,AZSP-bccfe6e2,"{""x_Plan"":""Consumption"",""x_Runtime"":""dotnet8""}",/subscriptions/44444444-4444-4444-8444-444444444444/resourceGroups/rg-sandbox-dev/providers/Microsoft.Web/sites/func-563529ba,func-563529ba,Function App,southeastasia,Southeast Asia,,,,,,,,,,,"{""Environment"":""prod"",""CostCenter"":""cc-3110"",""Owner"":""team-payments""}"
Microsoft Azure,Microsoft,Microsoft Azure,INV-2026-05-000001,8a1b2c3d-0000-4a00-9000-000000000001,ExampleCorp MCA - Primary,Microsoft Customer Agreement,22222222-2222-4222-8222-222222222222,staging-platform,Subscription,2026-05-01T00:00:00Z,2026-06-01T00:00:00Z,2026-05-13T00:00:00Z,2026-05-14T00:00:00Z,Usage,,Log data ingested,Usage-Based,188.95301823470988,188.95301823470988,209.94779803453548,188.95301823470988,2.3147828804,2.0833045924,Standard,90.6987,GB,USD,2.0833045924,188.95301823470988,2.3147828804,USD,90.6987,GB,Azure Monitor,Management and Governance,Observability,AZ-AZUR-dfd2e2,Monitoring,AZSP-7fe3572b,"{""x_DataType"":""Logs""}",/subscriptions/22222222-2222-4222-8222-222222222222/resourceGroups/rg-staging-platform/providers/Microsoft.OperationalInsights/workspaces/law-6620993a,law-6620993a,Log Analytics Workspace,southeastasia,Southeast Asia,,,,,,,,,,,"{""Environment"":""prod"",""CostCenter"":""cc-2087"",""Owner"":""team-platform""}"
Microsoft Azure,Microsoft,Microsoft Azure,INV-2026-05-000001,8a1b2c3d-0000-4a00-9000-000000000001,ExampleCorp MCA - Primary,Microsoft Customer Agreement,22222222-2222-4222-8222-222222222222,staging-platform,Subscription,2026-05-01T00:00:00Z,2026-06-01T00:00:00Z,2026-05-06T05:00:00Z,2026-05-06T06:00:00Z,Usage,,Standard_D4s_v5 instance,Usage-Based,0.1716183986,0.1716183986,0.1906871096,0.1716183986,0.1906871096,0.1716183986,Standard,1.0000,Hours,USD,0.1716183986,0.1716183986,0.1906871096,USD,1.0000,Hours,Virtual Machines,Compute,Virtual Machines,AZ-VIRT-58ac93,Compute,AZSP-41e4c113,"{""InstanceType"":""Standard_D4s_v5"",""InstanceSeries"":""Ddsv5"",""CoreCount"":4,""MemorySize"":16,""OperatingSystem"":""Linux"",""x_Tenancy"":""Shared""}",/subscriptions/22222222-2222-4222-8222-222222222222/resourceGroups/rg-staging-platform/providers/Microsoft.Compute/virtualMachines/vm-bad7ed1c,vm-bad7ed1c,Virtual Machine,southeastasia,Southeast Asia,southeastasia-2,,,,,,,,,,"{""Environment"":""prod"",""CostCenter"":""cc-1042"",""Owner"":""team-payments""}"
Microsoft Azure,Microsoft,Microsoft Azure,INV-2026-05-000001,8a1b2c3d-0000-4a00-9000-000000000001,ExampleCorp MCA - Primary,Microsoft Customer Agreement,33333333-3333-4333-8333-333333333333,data-analytics,Subscription,2026-05-01T00:00:00Z,2026-06-01T00:00:00Z,2026-05-15T00:00:00Z,2026-05-16T00:00:00Z,Purchase,,Azure Kubernetes Service subscription fee,Recurring,263.613394,0,263.613394,263.613394,263.613394,263.613394,Standard,1,Units,USD,263.6133940000,0,263.6133940000,USD,,,Azure Kubernetes Service,Compute,Containers,AZ-AZUR-f637f0,Compute,AZSP-015edeb7,"{""InstanceType"":""Standard_D4s_v5"",""CoreCount"":4,""MemorySize"":16,""x_NodePool"":""system""}",/subscriptions/33333333-3333-4333-8333-333333333333/resourceGroups/rg-data-analytics/providers/Microsoft.ContainerService/managedClusters/aks-ba540271,aks-ba540271,Managed Cluster,southeastasia,Southeast Asia,,,,,,,,,,,"{""Environment"":""staging"",""CostCenter"":""cc-3110"",""Owner"":""team-payments""}"
Microsoft Azure,Microsoft,Microsoft Azure,INV-2026-05-000001,8a1b2c3d-0000-4a00-9000-000000000001,ExampleCorp MCA - Primary,Microsoft Customer Agreement,22222222-2222-4222-8222-222222222222,staging-platform,Subscription,2026-05-01T00:00:00Z,2026-06-01T00:00:00Z,2026-05-06T07:00:00Z,2026-05-06T08:00:00Z,Usage,,Standard_D4s_v5 instance,Usage-Based,0.1775498838,0.1775498838,0.1972776487,0.1775498838,0.1972776487,0.1775498838,Standard,1.0000,Hours,USD,0.1775498838,0.1775498838,0.1972776487,USD,1.0000,Hours,Virtual Machines,Compute,Virtual Machines,AZ-VIRT-f794dc,Compute,AZSP-71554f3a,"{""InstanceType"":""Standard_D4s_v5"",""InstanceSeries"":""Ddsv5"",""CoreCount"":4,""MemorySize"":16,""OperatingSystem"":""Linux"",""x_Tenancy"":""Shared""}",/subscriptions/22222222-2222-4222-8222-222222222222/resourceGroups/rg-staging-platform/providers/Microsoft.Compute/virtualMachines/vm-597e4e33,vm-597e4e33,Virtual Machine,eastus,East US,eastus-2,,,,,,,,,,"{""Environment"":""dev"",""CostCenter"":""cc-1042"",""Owner"":""team-payments""}"
Microsoft Azure,Microsoft,Microsoft Azure,INV-2026-05-000002,8a1b2c3d-0000-4a00-9000-000000000002,ExampleCorp MCA - Secondary,Microsoft Customer Agreement,11111111-1111-4111-8111-111111111111,prod-platform,Subscription,2026-05-01T00:00:00Z,2026-06-01T00:00:00Z,2026-05-06T08:00:00Z,2026-05-06T09:00:00Z,Usage,,Standard_D4s_v5 instance,Usage-Based,0.1741361864,0.1741361864,0.1934846516,0.1741361864,0.1934846516,0.1741361864,Standard,1.0000,Hours,USD,0.1741361864,0.1741361864,0.1934846516,USD,1.0000,Hours,Virtual Machines,Compute,Virtual Machines,AZ-VIRT-56a2f0,Compute,AZSP-a8737de0,"{""InstanceType"":""Standard_D4s_v5"",""InstanceSeries"":""Ddsv5"",""CoreCount"":4,""MemorySize"":16,""OperatingSystem"":""Linux"",""x_Tenancy"":""Shared""}",/subscriptions/11111111-1111-4111-8111-111111111111/resourceGroups/rg-prod-platform/providers/Microsoft.Compute/virtualMachines/vm-08fbff95,vm-08fbff95,Virtual Machine,southeastasia,Southeast Asia,southeastasia-1,,,,,,,,,,"{""Environment"":""dev"",""CostCenter"":""cc-1042"",""Owner"":""team-data""}"
Microsoft Azure,Microsoft,Microsoft Azure,INV-2026-05-000001,8a1b2c3d-0000-4a00-9000-000000000001,ExampleCorp MCA - Primary,Microsoft Customer Agreement,33333333-3333-4333-8333-333333333333,data-analytics,Subscription,2026-05-01T00:00:00Z,2026-06-01T00:00:00Z,2026-05-18T00:00:00Z,2026-05-19T00:00:00Z,Usage,,VNet peering data transfer,Usage-Based,29.49171795996556,29.49171795996556,32.76857566079144,29.49171795996556,0.0097274566,0.0087547109,Standard,3368.6684,GB,EUR,0.0080543340,27.1323805231683152,0.0089492601,USD,3368.6684,GB,Virtual Network,Networking,Network Connectivity,AZ-VIRT-d54ffa,Data Transfer,AZSP-811a86dc,"{""x_TransferType"":""Peering""}",/subscriptions/33333333-3333-4333-8333-333333333333/resourceGroups/rg-data-analytics/providers/Microsoft.Network/virtualNetworks/vnet-55d61ca7,vnet-55d61ca7,Virtual Network,westus2,West US 2,,,,,,,,,,,"{""Environment"":""prod"",""CostCenter"":""cc-2087"",""Owner"":""team-payments""}"
Microsoft Azure,Microsoft,Microsoft Azure,INV-2026-05-000002,8a1b2c3d-0000-4a00-9000-000000000002,ExampleCorp MCA - Secondary,Microsoft Customer Agreement,44444444-4444-4444-8444-444444444444,sandbox-dev,Subscription,2026-05-01T00:00:00Z,2026-06-01T00:00:00Z,2026-05-19T00:00:00Z,2026-05-20T00:00:00Z,Usage,,Log data ingested,Usage-Based,709.63506879087837,709.63506879087837,788.48340976389117,709.63506879087837,2.3353358401,2.1018022561,Standard,337.6317,GB,USD,2.1018022561,709.63506879087837,2.3353358401,USD,337.6317,GB,Azure Monitor,Management and Governance,Observability,AZ-AZUR-584857,Monitoring,AZSP-58a3336a,"{""x_DataType"":""Logs""}",/subscriptions/44444444-4444-4444-8444-444444444444/resourceGroups/rg-sandbox-dev/providers/Microsoft.OperationalInsights/workspaces/law-b45be186,law-b45be186,Log Analytics Workspace,westus2,West US 2,,,,,,,,,,,"{""Environment"":""dev"",""CostCenter"":""cc-2087"",""Owner"":""team-payments""}"
Microsoft Azure,Microsoft,Microsoft Azure,INV-2026-05-000001,8a1b2c3d-0000-4a00-9000-000000000001,ExampleCorp MCA - Primary,Microsoft Customer Agreement,44444444-4444-4444-8444-444444444444,sandbox-dev,Subscription,2026-05-01T00:00:00Z,2026-06-01T00:00:00Z,2026-05-06T11:00:00Z,2026-05-06T12:00:00Z,Usage,,AKS node pool hours,Usage-Based,0.1775897941,0.1775897941,0.1973219934,0.1775897941,0.1973219934,0.1775897941,Standard,1.0000,Hours,USD,0.1775897941,0.1775897941,0.1973219934,USD,1.0000,Hours,Azure Kubernetes Service,Compute,Containers,AZ-AZUR-a4d141,Compute,AZSP-26e64c04,"{""InstanceType"":""Standard_D4s_v5"",""CoreCount"":4,""MemorySize"":16,""x_NodePool"":""system""}",/subscriptions/44444444-4444-4444-8444-444444444444/resourceGroups/rg-sandbox-dev/providers/Microsoft.ContainerService/managedClusters/aks-0a8bcbf3,aks-0a8bcbf3,Managed Cluster,westus2,West US 2,,,,,,,,,,,"{""Environment"":""dev"",""CostCenter"":""cc-2087"",""Owner"":""team-data""}"
Microsoft Azure,Microsoft,Microsoft Azure,INV-2026-05-000002,8a1b2c3d-0000-4a00-9000-000000000002,ExampleCorp MCA - Secondary,Microsoft Customer Agreement,44444444-4444-4444-8444-444444444444,sandbox-dev,Subscription,2026-05-01T00:00:00Z,2026-06-01T00:00:00Z,2026-05-06T12:00:00Z,2026-05-06T13:00:00Z,Usage,,AKS node pool hours,Usage-Based,0.1732096738,0.1732096738,0.1924551931,0.1732096738,0.1924551931,0.1732096738,Standard,1.0000,Hours,USD,0.1732096738,0.1732096738,0.1924551931,USD,1.0000,Hours,Azure Kubernetes Service,Compute,Containers,AZ-AZUR-d15329,Compute,AZSP-6d52cbaf,"{""InstanceType"":""Standard_D4s_v5"",""CoreCount"":4,""MemorySize"":16,""x_NodePool"":""system""}",/subscriptions/44444444-4444-4444-8444-444444444444/resourceGroups/rg-sandbox-dev/providers/Microsoft.ContainerService/managedClusters/aks-45f5c034,aks-45f5c034,Managed Cluster,westus2,West US 2,,,,,,,,,,,"{""Environment"":""staging"",""CostCenter"":""cc-1042"",""Owner"":""team-payments""}"
Microsoft Azure,Microsoft,Microsoft Azure,INV-2026-05-000002,8a1b2c3d-0000-4a00-9000-000000000002,ExampleCorp MCA - Secondary,Microsoft Customer Agreement,22222222-2222-4222-8222-222222222222,staging-platform,Subscription,2026-05-01T00:00:00Z,2026-06-01T00:00:00Z,2026-05-22T00:00:00Z,2026-05-23T00:00:00Z,Purchase,,Azure Kubernetes Service subscription fee,Recurring,101.886665,0,101.886665,101.886665,101.886665,101.886665,Standard,1,Units,USD,101.8866650000,0,101.8866650000,USD,,,Azure Kubernetes Service,Compute,Containers,AZ-AZUR-a6ffcb,Compute,AZSP-1c5280e1,"{""InstanceType"":""Standard_D4s_v5"",""CoreCount"":4,""MemorySize"":16,""x_NodePool"":""system""}",/subscriptions/22222222-2222-4222-8222-222222222222/resourceGroups/rg-staging-platform/providers/Microsoft.ContainerService/managedClusters/aks-9ba1068c,aks-9ba1068c,Managed Cluster,westeurope,West Europe,,,,,,,,,,,"{""Environment"":""dev"",""CostCenter"":""cc-2087"",""Owner"":""team-payments""}"
Microsoft Azure,Microsoft,Microsoft Azure,INV-2026-05-000001,8a1b2c3d-0000-4a00-9000-000000000001,ExampleCorp MCA - Primary,Microsoft Customer Agreement,33333333-3333-4333-8333-333333333333,data-analytics,Subscription,2026-05-01T00:00:00Z,2026-06-01T00:00:00Z,2026-05-06T14:00:00Z,2026-05-06T15:00:00Z,Usage,,AKS node pool hours,Usage-Based,0.1726209208,0.1726209208,0.1918010231,0.1726209208,0.1918010231,0.1726209208,Standard,1.0000,Hours,USD,0.1726209208,0.1726209208,0.1918010231,USD,1.0000,Hours,Azure Kubernetes Service,Compute,Containers,AZ-AZUR-0dee0a,Compute,AZSP-fcee57bd,"{""InstanceType"":""Standard_D4s_v5"",""CoreCount"":4,""MemorySize"":16,""x_NodePool"":""system""}",/subscriptions/33333333-3333-4333-8333-333333333333/resourceGroups/rg-data-analytics/providers/Microsoft.ContainerService/managedClusters/aks-27d890c4,aks-27d890c4,Managed Cluster,westus2,West US 2,,,,,,,,,,,"{""Environment"":""staging"",""CostCenter"":""cc-3110"",""Owner"":""team-data""}"
Microsoft Azure,Microsoft,Microsoft Azure,INV-2026-05-000001,8a1b2c3d-0000-4a00-9000-000000000001,ExampleCorp MCA - Primary,Microsoft Customer Agreement,33333333-3333-4333-8333-333333333333,data-analytics,Subscription,2026-05-01T00:00:00Z,2026-06-01T00:00:00Z,2026-05-06T15:00:00Z,2026-05-06T16:00:00Z,Usage,,General Purpose 4 vCore,Usage-Based,0.4615686318,0.4615686318,0.5128540353,0.4615686318,0.5128540353,0.4615686318,Standard,1.0000,Hours,USD,0.4615686318,0.4615686318,0.5128540353,USD,1.0000,Hours,Azure SQL Database,Databases,Relational Databases,AZ-AZUR-4f08ae,Database,AZSP-0051d063,"{""InstanceType"":""GP_Gen5_4"",""CoreCount"":4,""MemorySize"":20,""x_Engine"":""SQLServer""}",/subscriptions/33333333-3333-4333-8333-333333333333/resourceGroups/rg-data-analytics/providers/Microsoft.Sql/servers/databases/sqldb-c0c12a63,sqldb-c0c12a63,SQL Database,westus2,West US 2,,,,,,,,,,,"{""Environment"":""staging"",""CostCenter"":""cc-2087"",""Owner"":""team-data""}"
Microsoft Azure,Microsoft,Microsoft Azure,INV-2026-05-000002,8a1b2c3d-0000-4a00-9000-000000000002,ExampleCorp MCA - Secondary,Microsoft Customer Agreement,11111111-1111-4111-8111-111111111111,prod-platform,Subscription,2026-05-01T00:00:00Z,2026-06-01T00:00:00Z,2026-05-06T16:00:00Z,2026-05-06T17:00:00Z,Usage,,AKS node pool hours,Usage-Based,0.1730290708,0.1730290708,0.1922545231,0.1730290708,0.1922545231,0.1730290708,Standard,1.0000,Hours,USD,0.1730290708,0.1730290708,0.1922545231,USD,1.0000,Hours,Azure Kubernetes Service,Compute,Containers,AZ-AZUR-6f1759,Compute,AZSP-5173e281,"{""InstanceType"":""Standard_D4s_v5"",""CoreCount"":4,""MemorySize"":16,""x_NodePool"":""system""}",/subscriptions/11111111-1111-4111-8111-111111111111/resourceGroups/rg-prod-platform/providers/Microsoft.ContainerService/managedClusters/aks-db32bf7c,aks-db32bf7c,Managed Cluster,westus2,West US 2,,,,,,,,,,,"{""Environment"":""dev"",""CostCenter"":""cc-1042"",""Owner"":""team-payments""}"
Microsoft Azure,Microsoft,Microsoft Azure,INV-2026-05-000002,8a1b2c3d-0000-4a00-9000-000000000002,ExampleCorp MCA - Secondary,Microsoft Customer Agreement,11111111-1111-4111-8111-111111111111,prod-platform,Subscription,2026-05-01T00:00:00Z,2026-06-01T00:00:00Z,2026-05-06T17:00:00Z,2026-05-06T18:00:00Z,Usage,,General Purpose 4 vCore,Usage-Based,0.4646174108,0.4646174108,0.5162415676,0.4646174108,0.5162415676,0.4646174108,Standard,1.0000,Hours,USD,0.4646174108,0.4646174108,0.5162415676,USD,1.0000,Hours,Azure SQL Database,Databases,Relational Databases,AZ-AZUR-cc3c26,Database,AZSP-710aad65,"{""InstanceType"":""GP_Gen5_4"",""CoreCount"":4,""MemorySize"":20,""x_Engine"":""SQLServer""}",/subscriptions/11111111-1111-4111-8111-111111111111/resourceGroups/rg-prod-platform/providers/Microsoft.Sql/servers/databases/sqldb-e889fc0f,sqldb-e889fc0f,SQL Database,southeastasia,Southeast Asia,,,,,,,,,,,"{""Environment"":""prod"",""CostCenter"":""cc-3110"",""Owner"":""team-payments""}"
Microsoft Azure,Microsoft,Microsoft Azure,INV-2026-05-000001,8a1b2c3d-0000-4a00-9000-000000000001,ExampleCorp MCA - Primary,Microsoft Customer Agreement,22222222-2222-4222-8222-222222222222,staging-platform,Subscription,2026-05-01T00:00:00Z,2026-06-01T00:00:00Z,2026-05-06T18:00:00Z,2026-05-06T19:00:00Z,Usage,,Provisioned throughput,Usage-Based,0.0070286682,0.0070286682,0.0078096313,0.0070286682,0.0078096313,0.0070286682,Standard,1.0000,Hours,USD,0.0070286682,0.0070286682,0.0078096313,USD,1.0000,Hours,Azure Cosmos DB,Databases,NoSQL Databases,AZ-AZUR-25b755,Database,AZSP-5c8ef6c2,"{""x_CapacityMode"":""Provisioned""}",/subscriptions/22222222-2222-4222-8222-222222222222/resourceGroups/rg-staging-platform/providers/Microsoft.DocumentDB/databaseAccounts/cosmos-e4021197,cosmos-e4021197,Cosmos DB Account,westeurope,West Europe,,,,,,,,,,,"{""Environment"":""dev"",""CostCenter"":""cc-2087"",""Owner"":""team-data""}"
Microsoft Azure,Microsoft,Microsoft Azure,INV-2026-05-000001,8a1b2c3d-0000-4a00-9000-000000000001,ExampleCorp MCA - Primary,Microsoft Customer Agreement,22222222-2222-4222-8222-222222222222,staging-platform,Subscription,2026-05-01T00:00:00Z,2026-06-01T00:00:00Z,2026-05-06T19:00:00Z,2026-05-06T20:00:00Z,Usage,,General Purpose 4 vCore,Usage-Based,0.4411006688,0.4411006688,0.4901118542,0.4411006688,0.4901118542,0.4411006688,Standard,1.0000,Hours,USD,0.4411006688,0.4411006688,0.4901118542,USD,1.0000,Hours,Azure SQL Database,Databases,Relational Databases,AZ-AZUR-2a87c8,Database,AZSP-1b5a539e,"{""InstanceType"":""GP_Gen5_4"",""CoreCount"":4,""MemorySize"":20,""x_Engine"":""SQLServer""}",/subscriptions/22222222-2222-4222-8222-222222222222/resourceGroups/rg-staging-platform/providers/Microsoft.Sql/servers/databases/sqldb-4a3f0400,sqldb-4a3f0400,SQL Database,westus2,West US 2,,,,,,,,,,,"{""Environment"":""dev"",""CostCenter"":""cc-1042"",""Owner"":""team-platform""}"
Microsoft Azure,Microsoft,Microsoft Azure,INV-2026-05-000001,8a1b2c3d-0000-4a00-9000-000000000001,ExampleCorp MCA - Primary,Microsoft Customer Agreement,44444444-4444-4444-8444-444444444444,sandbox-dev,Subscription,2026-05-01T00:00:00Z,2026-06-01T00:00:00Z,2026-05-06T20:00:00Z,2026-05-06T21:00:00Z,Usage,,General Purpose 4 vCore,Usage-Based,0.4405340547,0.4405340547,0.489482283,0.4405340547,0.4894822830,0.4405340547,Standard,1.0000,Hours,USD,0.4405340547,0.4405340547,0.4894822830,USD,1.0000,Hours,Azure SQL Database,Databases,Relational Databases,AZ-AZUR-adfd8d,Database,AZSP-c4ebbe40,"{""InstanceType"":""GP_Gen5_4"",""CoreCount"":4,""MemorySize"":20,""x_Engine"":""SQLServer""}",/subscriptions/44444444-4444-4444-8444-444444444444/resourceGroups/rg-sandbox-dev/providers/Microsoft.Sql/servers/databases/sqldb-d2951f2e,sqldb-d2951f2e,SQL Database,westus2,West US 2,,,,,,,,,,,"{""Environment"":""staging"",""CostCenter"":""cc-3110"",""Owner"":""team-data""}"
Microsoft Azure,Microsoft,Microsoft Azure,INV-2026-05-000001,8a1b2c3d-0000-4a00-9000-000000000001,ExampleCorp MCA - Primary,Microsoft Customer Agreement,22222222-2222-4222-8222-222222222222,staging-platform,Subscription,2026-05-01T00:00:00Z,2026-06-01T00:00:00Z,2026-05-02T00:00:00Z,2026-05-03T00:00:00Z,Purchase,,Azure Functions subscription fee,Recurring,722.109794,0,722.109794,722.109794,722.109794,722.109794,Standard,1,Units,USD,722.1097940000,0,722.1097940000,USD,,,Azure Functions,Compute,Serverless Compute,AZ-AZUR-31e4ac,Compute,AZSP-5c1e58aa,"{""x_Plan"":""Consumption"",""x_Runtime"":""dotnet8""}",/subscriptions/22222222-2222-4222-8222-222222222222/resourceGroups/rg-staging-platform/providers/Microsoft.Web/sites/func-248133ce,func-248133ce,Function App,southeastasia,Southeast Asia,,,,,,,,,,,"{""Environment"":""dev"",""CostCenter"":""cc-2087"",""Owner"":""team-data""}"
Microsoft Azure,Microsoft,Microsoft Azure,INV-2026-05-000001,8a1b2c3d-0000-4a00-9000-000000000001,ExampleCorp MCA - Primary,Microsoft Customer Agreement,22222222-2222-4222-8222-222222222222,staging-platform,Subscription,2026-05-01T00:00:00Z,2026-06-01T00:00:00Z,2026-05-06T22:00:00Z,2026-05-06T23:00:00Z,Usage,,Standard_D4s_v5 instance,Usage-Based,0.1745405369,0.1745405369,0.1939339299,0.1745405369,0.1939339299,0.1745405369,Standard,1.0000,Hours,USD,0.1745405369,0.1745405369,0.1939339299,USD,1.0000,Hours,Virtual Machines,Compute,Virtual Machines,AZ-VIRT-1ab6dd,Compute,AZSP-7ec0d7d2,"{""InstanceType"":""Standard_D4s_v5"",""InstanceSeries"":""Ddsv5"",""CoreCount"":4,""MemorySize"":16,""OperatingSystem"":""Linux"",""x_Tenancy"":""Shared""}",/subscriptions/22222222-2222-4222-8222-222222222222/resourceGroups/rg-staging-platform/providers/Microsoft.Compute/virtualMachines/vm-13754ce2,vm-13754ce2,Virtual Machine,westus2,West US 2,westus2-2,,,,,,,,,,"{""Environment"":""staging"",""CostCenter"":""cc-2087"",""Owner"":""team-payments""}"
Microsoft Azure,Microsoft,Microsoft Azure,INV-2026-05-000001,8a1b2c3d-0000-4a00-9000-000000000001,ExampleCorp MCA - Primary,Microsoft Customer Agreement,44444444-4444-4444-8444-444444444444,sandbox-dev,Subscription,2026-05-01T00:00:00Z,2026-06-01T00:00:00Z,2026-05-06T23:00:00Z,2026-05-07T00:00:00Z,Usage,,General Purpose 4 vCore,Usage-Based,0.4652451786,0.4652451786,0.5169390873,0.4652451786,0.5169390873,0.4652451786,Standard,1.0000,Hours,USD,0.4652451786,0.4652451786,0.5169390873,USD,1.0000,Hours,Azure SQL Database,Databases,Relational Databases,AZ-AZUR-cfa96f,Database,AZSP-f9bef58e,"{""InstanceType"":""GP_Gen5_4"",""CoreCount"":4,""MemorySize"":20,""x_Engine"":""SQLServer""}",/subscriptions/44444444-4444-4444-8444-444444444444/resourceGroups/rg-sandbox-dev/providers/Microsoft.Sql/servers/databases/sqldb-9de7456c,sqldb-9de7456c,SQL Database,eastus,East US,,,,,,,,,,,"{""Environment"":""staging"",""CostCenter"":""cc-2087"",""Owner"":""team-data""}"
Microsoft Azure,Microsoft,Microsoft Azure,INV-2026-05-000001,8a1b2c3d-0000-4a00-9000-000000000001,ExampleCorp MCA - Primary,Microsoft Customer Agreement,33333333-3333-4333-8333-333333333333,data-analytics,Subscription,2026-05-01T00:00:00Z,2026-06-01T00:00:00Z,2026-05-01T00:00:00Z,2026-06-01T00:00:00Z,Usage,,Hot LRS data stored,Usage-Based,64.94459023835262,64.94459023835262,72.1606558203918,64.94459023835262,0.0186510420,0.0167859378,Standard,3868.9879,GB-Months,USD,0.0167859378,64.94459023835262,0.0186510420,USD,3868.9879,GB-Months,Azure Blob Storage,Storage,Object Storage,AZ-AZUR-a451c5,Storage,AZSP-d0a4da62,"{""x_StorageClass"":""Hot"",""x_Redundancy"":""LRS""}",/subscriptions/33333333-3333-4333-8333-333333333333/resourceGroups/rg-data-analytics/providers/Microsoft.Storage/storageAccounts/storc33629ba,storc33629ba,Storage Account,westus2,West US 2,,,,,,,,,,,"{""Environment"":""prod"",""CostCenter"":""cc-3110"",""Owner"":""team-data""}"
Microsoft Azure,Microsoft,Microsoft Azure,INV-2026-05-000002,8a1b2c3d-0000-4a00-9000-000000000002,ExampleCorp MCA - Secondary,Microsoft Customer Agreement,22222222-2222-4222-8222-222222222222,staging-platform,Subscription,2026-05-01T00:00:00Z,2026-06-01T00:00:00Z,2026-05-06T00:00:00Z,2026-05-07T00:00:00Z,Purchase,,Azure Blob Storage subscription fee,Recurring,84.339792,0,84.339792,84.339792,84.339792,84.339792,Standard,1,Units,USD,84.3397920000,0,84.3397920000,USD,,,Azure Blob Storage,Storage,Object Storage,AZ-AZUR-8985a6,Storage,AZSP-f1448735,"{""x_StorageClass"":""Hot"",""x_Redundancy"":""LRS""}",/subscriptions/22222222-2222-4222-8222-222222222222/resourceGroups/rg-staging-platform/providers/Microsoft.Storage/storageAccounts/storbd8e1d52,storbd8e1d52,Storage Account,westeurope,West Europe,,,,,,,,,,,"{""Environment"":""dev"",""CostCenter"":""cc-2087"",""Owner"":""team-payments""}"
Microsoft Azure,Microsoft,Microsoft Azure,INV-2026-05-000002,8a1b2c3d-0000-4a00-9000-000000000002,ExampleCorp MCA - Secondary,Microsoft Customer Agreement,44444444-4444-4444-8444-444444444444,sandbox-dev,Subscription,2026-05-01T00:00:00Z,2026-06-01T00:00:00Z,2026-05-07T02:00:00Z,2026-05-07T03:00:00Z,Purchase,,"Savings Plan commitment, amortised for the charge period",Recurring,0.128064,0,0.128064,0.128064,1,1,Standard,0.128064,USD,USD,1.0000000000,0,1.0000000000,USD,,,Virtual Machines,Compute,Virtual Machines,AZ-COMMIT-cdbaa8,Commitment,AZSP-80c511e0,"{""x_Term"":""P1Y"",""x_PaymentOption"":""NoUpfront""}",/subscriptions/44444444-4444-4444-8444-444444444444/providers/Microsoft.BillingBenefits/savingsPlans/a07c9c353504,savingsPlans-843cefdaed,Savings Plan,southeastasia,Southeast Asia,,/subscriptions/44444444-4444-4444-8444-444444444444/providers/Microsoft.BillingBenefits/savingsPlans/a07c9c353504,AzureSavingsPlan-1yr-NoUpfront,Spend,Savings Plan,,0.128064,USD,,,"{""Environment"":""prod"",""CostCenter"":""cc-1042"",""Owner"":""team-payments""}"
Microsoft Azure,Microsoft,Microsoft Azure,INV-2026-05-000002,8a1b2c3d-0000-4a00-9000-000000000002,ExampleCorp MCA - Secondary,Microsoft Customer Agreement,44444444-4444-4444-8444-444444444444,sandbox-dev,Subscription,2026-05-01T00:00:00Z,2026-06-01T00:00:00Z,2026-05-07T02:00:00Z,2026-05-07T03:00:00Z,Usage,,Virtual Machines committed usage,Usage-Based,0,0.128064,0.192,0.1728,0.1920000000,0.1728000000,Committed,1,Hours,USD,0.1728000000,0.128064,0.1920000000,USD,1,Hours,Virtual Machines,Compute,Virtual Machines,AZ-VIRT-f00db5,Compute,AZSP-0cef37f4,"{""InstanceType"":""Standard_D4s_v5"",""InstanceSeries"":""Ddsv5"",""CoreCount"":4,""MemorySize"":16,""OperatingSystem"":""Linux"",""x_Tenancy"":""Shared""}",/subscriptions/44444444-4444-4444-8444-444444444444/resourceGroups/rg-sandbox-dev/providers/Microsoft.Compute/virtualMachines/vm-0000d8263f,vm-0000d8263f,Virtual Machine,southeastasia,Southeast Asia,southeastasia-1,/subscriptions/44444444-4444-4444-8444-444444444444/providers/Microsoft.BillingBenefits/savingsPlans/a07c9c353504,AzureSavingsPlan-1yr-NoUpfront,Spend,Savings Plan,Used,0.128064,USD,,,"{""Environment"":""staging"",""CostCenter"":""cc-1042"",""Owner"":""team-payments""}"
Microsoft Azure,Microsoft,Microsoft Azure,INV-2026-05-000002,8a1b2c3d-0000-4a00-9000-000000000002,ExampleCorp MCA - Secondary,Microsoft Customer Agreement,44444444-4444-4444-8444-444444444444,sandbox-dev,Subscription,2026-05-01T00:00:00Z,2026-06-01T00:00:00Z,2026-05-07T03:00:00Z,2026-05-07T04:00:00Z,Purchase,,"Savings Plan commitment, amortised for the charge period",Recurring,0.128064,0,0.128064,0.128064,1,1,Standard,0.128064,USD,USD,1.0000000000,0,1.0000000000,USD,,,Virtual Machines,Compute,Virtual Machines,AZ-COMMIT-cdbaa8,Commitment,AZSP-80c511e0,"{""x_Term"":""P1Y"",""x_PaymentOption"":""NoUpfront""}",/subscriptions/44444444-4444-4444-8444-444444444444/providers/Microsoft.BillingBenefits/savingsPlans/a07c9c353504,savingsPlans-843cefdaed,Savings Plan,southeastasia,Southeast Asia,,/subscriptions/44444444-4444-4444-8444-444444444444/providers/Microsoft.BillingBenefits/savingsPlans/a07c9c353504,AzureSavingsPlan-1yr-NoUpfront,Spend,Savings Plan,,0.128064,USD,,,"{""Environment"":""staging"",""CostCenter"":""cc-3110"",""Owner"":""team-data""}"
Microsoft Azure,Microsoft,Microsoft Azure,INV-2026-05-000002,8a1b2c3d-0000-4a00-9000-000000000002,ExampleCorp MCA - Secondary,Microsoft Customer Agreement,44444444-4444-4444-8444-444444444444,sandbox-dev,Subscription,2026-05-01T00:00:00Z,2026-06-01T00:00:00Z,2026-05-07T03:00:00Z,2026-05-07T04:00:00Z,Usage,,Virtual Machines committed usage,Usage-Based,0,0.128064,0.192,0.1728,0.1920000000,0.1728000000,Committed,1,Hours,USD,0.1728000000,0.128064,0.1920000000,USD,1,Hours,Virtual Machines,Compute,Virtual Machines,AZ-VIRT-ef3dc2,Compute,AZSP-97b38d2e,"{""InstanceType"":""Standard_D4s_v5"",""InstanceSeries"":""Ddsv5"",""CoreCount"":4,""MemorySize"":16,""OperatingSystem"":""Linux"",""x_Tenancy"":""Shared""}",/subscriptions/44444444-4444-4444-8444-444444444444/resourceGroups/rg-sandbox-dev/providers/Microsoft.Compute/virtualMachines/vm-0001f87ac8,vm-0001f87ac8,Virtual Machine,southeastasia,Southeast Asia,southeastasia-1,/subscriptions/44444444-4444-4444-8444-444444444444/providers/Microsoft.BillingBenefits/savingsPlans/a07c9c353504,AzureSavingsPlan-1yr-NoUpfront,Spend,Savings Plan,Used,0.128064,USD,,,"{""Environment"":""prod"",""CostCenter"":""cc-3110"",""Owner"":""team-data""}"
Microsoft Azure,Microsoft,Microsoft Azure,INV-2026-05-000002,8a1b2c3d-0000-4a00-9000-000000000002,ExampleCorp MCA - Secondary,Microsoft Customer Agreement,44444444-4444-4444-8444-444444444444,sandbox-dev,Subscription,2026-05-01T00:00:00Z,2026-06-01T00:00:00Z,2026-05-07T04:00:00Z,2026-05-07T05:00:00Z,Purchase,,"Savings Plan commitment, amortised for the charge period",Recurring,0.128064,0,0.128064,0.128064,1,1,Standard,0.128064,USD,USD,1.0000000000,0,1.0000000000,USD,,,Virtual Machines,Compute,Virtual Machines,AZ-COMMIT-cdbaa8,Commitment,AZSP-80c511e0,"{""x_Term"":""P1Y"",""x_PaymentOption"":""NoUpfront""}",/subscriptions/44444444-4444-4444-8444-444444444444/providers/Microsoft.BillingBenefits/savingsPlans/a07c9c353504,savingsPlans-843cefdaed,Savings Plan,southeastasia,Southeast Asia,,/subscriptions/44444444-4444-4444-8444-444444444444/providers/Microsoft.BillingBenefits/savingsPlans/a07c9c353504,AzureSavingsPlan-1yr-NoUpfront,Spend,Savings Plan,,0.128064,USD,,,"{""Environment"":""staging"",""CostCenter"":""cc-1042"",""Owner"":""team-payments""}"
Microsoft Azure,Microsoft,Microsoft Azure,INV-2026-05-000002,8a1b2c3d-0000-4a00-9000-000000000002,ExampleCorp MCA - Secondary,Microsoft Customer Agreement,44444444-4444-4444-8444-444444444444,sandbox-dev,Subscription,2026-05-01T00:00:00Z,2026-06-01T00:00:00Z,2026-05-07T04:00:00Z,2026-05-07T05:00:00Z,Usage,,Virtual Machines committed usage,Usage-Based,0,0.128064,0.192,0.1728,0.1920000000,0.1728000000,Committed,1,Hours,USD,0.1728000000,0.128064,0.1920000000,USD,1,Hours,Virtual Machines,Compute,Virtual Machines,AZ-VIRT-4efbfd,Compute,AZSP-90a7be07,"{""InstanceType"":""Standard_D4s_v5"",""InstanceSeries"":""Ddsv5"",""CoreCount"":4,""MemorySize"":16,""OperatingSystem"":""Linux"",""x_Tenancy"":""Shared""}",/subscriptions/44444444-4444-4444-8444-444444444444/resourceGroups/rg-sandbox-dev/providers/Microsoft.Compute/virtualMachines/vm-0002f24dbf,vm-0002f24dbf,Virtual Machine,southeastasia,Southeast Asia,southeastasia-1,/subscriptions/44444444-4444-4444-8444-444444444444/providers/Microsoft.BillingBenefits/savingsPlans/a07c9c353504,AzureSavingsPlan-1yr-NoUpfront,Spend,Savings Plan,Used,0.128064,USD,,,"{""Environment"":""prod"",""CostCenter"":""cc-2087"",""Owner"":""team-payments""}"
Microsoft Azure,Microsoft,Microsoft Azure,INV-2026-05-000002,8a1b2c3d-0000-4a00-9000-000000000002,ExampleCorp MCA - Secondary,Microsoft Customer Agreement,44444444-4444-4444-8444-444444444444,sandbox-dev,Subscription,2026-05-01T00:00:00Z,2026-06-01T00:00:00Z,2026-05-07T05:00:00Z,2026-05-07T06:00:00Z,Purchase,,"Savings Plan commitment, amortised for the charge period",Recurring,0.128064,0,0.128064,0.128064,1,1,Standard,0.128064,USD,USD,1.0000000000,0,1.0000000000,USD,,,Virtual Machines,Compute,Virtual Machines,AZ-COMMIT-cdbaa8,Commitment,AZSP-80c511e0,"{""x_Term"":""P1Y"",""x_PaymentOption"":""NoUpfront""}",/subscriptions/44444444-4444-4444-8444-444444444444/providers/Microsoft.BillingBenefits/savingsPlans/a07c9c353504,savingsPlans-843cefdaed,Savings Plan,southeastasia,Southeast Asia,,/subscriptions/44444444-4444-4444-8444-444444444444/providers/Microsoft.BillingBenefits/savingsPlans/a07c9c353504,AzureSavingsPlan-1yr-NoUpfront,Spend,Savings Plan,,0.128064,USD,,,"{""Environment"":""staging"",""CostCenter"":""cc-1042"",""Owner"":""team-platform""}"
Microsoft Azure,Microsoft,Microsoft Azure,INV-2026-05-000002,8a1b2c3d-0000-4a00-9000-000000000002,ExampleCorp MCA - Secondary,Microsoft Customer Agreement,44444444-4444-4444-8444-444444444444,sandbox-dev,Subscription,2026-05-01T00:00:00Z,2026-06-01T00:00:00Z,2026-05-07T05:00:00Z,2026-05-07T06:00:00Z,Usage,,Virtual Machines committed usage,Usage-Based,0,0.128064,0.192,0.1728,0.1920000000,0.1728000000,Committed,1,Hours,USD,0.1728000000,0.128064,0.1920000000,USD,1,Hours,Virtual Machines,Compute,Virtual Machines,AZ-VIRT-100071,Compute,AZSP-dd8ea51d,"{""InstanceType"":""Standard_D4s_v5"",""InstanceSeries"":""Ddsv5"",""CoreCount"":4,""MemorySize"":16,""OperatingSystem"":""Linux"",""x_Tenancy"":""Shared""}",/subscriptions/44444444-4444-4444-8444-444444444444/resourceGroups/rg-sandbox-dev/providers/Microsoft.Compute/virtualMachines/vm-0003101872,vm-0003101872,Virtual Machine,southeastasia,Southeast Asia,southeastasia-1,/subscriptions/44444444-4444-4444-8444-444444444444/providers/Microsoft.BillingBenefits/savingsPlans/a07c9c353504,AzureSavingsPlan-1yr-NoUpfront,Spend,Savings Plan,Used,0.128064,USD,,,"{""Environment"":""prod"",""CostCenter"":""cc-2087"",""Owner"":""team-payments""}"
Microsoft Azure,Microsoft,Microsoft Azure,INV-2026-05-000002,8a1b2c3d-0000-4a00-9000-000000000002,ExampleCorp MCA - Secondary,Microsoft Customer Agreement,44444444-4444-4444-8444-444444444444,sandbox-dev,Subscription,2026-05-01T00:00:00Z,2026-06-01T00:00:00Z,2026-05-07T06:00:00Z,2026-05-07T07:00:00Z,Purchase,,"Savings Plan commitment, amortised for the charge period",Recurring,0.128064,0,0.128064,0.128064,1,1,Standard,0.128064,USD,USD,1.0000000000,0,1.0000000000,USD,,,Virtual Machines,Compute,Virtual Machines,AZ-COMMIT-cdbaa8,Commitment,AZSP-80c511e0,"{""x_Term"":""P1Y"",""x_PaymentOption"":""NoUpfront""}",/subscriptions/44444444-4444-4444-8444-444444444444/providers/Microsoft.BillingBenefits/savingsPlans/a07c9c353504,savingsPlans-843cefdaed,Savings Plan,southeastasia,Southeast Asia,,/subscriptions/44444444-4444-4444-8444-444444444444/providers/Microsoft.BillingBenefits/savingsPlans/a07c9c353504,AzureSavingsPlan-1yr-NoUpfront,Spend,Savings Plan,,0.128064,USD,,,"{""Environment"":""prod"",""CostCenter"":""cc-3110"",""Owner"":""team-platform""}"
Microsoft Azure,Microsoft,Microsoft Azure,INV-2026-05-000002,8a1b2c3d-0000-4a00-9000-000000000002,ExampleCorp MCA - Secondary,Microsoft Customer Agreement,44444444-4444-4444-8444-444444444444,sandbox-dev,Subscription,2026-05-01T00:00:00Z,2026-06-01T00:00:00Z,2026-05-07T06:00:00Z,2026-05-07T07:00:00Z,Usage,,Virtual Machines committed usage,Usage-Based,0,0.128064,0.192,0.1728,0.1920000000,0.1728000000,Committed,1,Hours,USD,0.1728000000,0.128064,0.1920000000,USD,1,Hours,Virtual Machines,Compute,Virtual Machines,AZ-VIRT-62a509,Compute,AZSP-4a624236,"{""InstanceType"":""Standard_D4s_v5"",""InstanceSeries"":""Ddsv5"",""CoreCount"":4,""MemorySize"":16,""OperatingSystem"":""Linux"",""x_Tenancy"":""Shared""}",/subscriptions/44444444-4444-4444-8444-444444444444/resourceGroups/rg-sandbox-dev/providers/Microsoft.Compute/virtualMachines/vm-0004f2145f,vm-0004f2145f,Virtual Machine,southeastasia,Southeast Asia,southeastasia-1,/subscriptions/44444444-4444-4444-8444-444444444444/providers/Microsoft.BillingBenefits/savingsPlans/a07c9c353504,AzureSavingsPlan-1yr-NoUpfront,Spend,Savings Plan,Used,0.128064,USD,,,"{""Environment"":""dev"",""CostCenter"":""cc-1042"",""Owner"":""team-data""}"
Microsoft Azure,Microsoft,Microsoft Azure,INV-2026-05-000002,8a1b2c3d-0000-4a00-9000-000000000002,ExampleCorp MCA - Secondary,Microsoft Customer Agreement,44444444-4444-4444-8444-444444444444,sandbox-dev,Subscription,2026-05-01T00:00:00Z,2026-06-01T00:00:00Z,2026-05-07T07:00:00Z,2026-05-07T08:00:00Z,Purchase,,"Savings Plan commitment, amortised for the charge period",Recurring,0.128064,0,0.128064,0.128064,1,1,Standard,0.128064,USD,USD,1.0000000000,0,1.0000000000,USD,,,Virtual Machines,Compute,Virtual Machines,AZ-COMMIT-cdbaa8,Commitment,AZSP-80c511e0,"{""x_Term"":""P1Y"",""x_PaymentOption"":""NoUpfront""}",/subscriptions/44444444-4444-4444-8444-444444444444/providers/Microsoft.BillingBenefits/savingsPlans/a07c9c353504,savingsPlans-843cefdaed,Savings Plan,southeastasia,Southeast Asia,,/subscriptions/44444444-4444-4444-8444-444444444444/providers/Microsoft.BillingBenefits/savingsPlans/a07c9c353504,AzureSavingsPlan-1yr-NoUpfront,Spend,Savings Plan,,0.128064,USD,,,"{""Environment"":""staging"",""CostCenter"":""cc-1042"",""Owner"":""team-payments""}"
Microsoft Azure,Microsoft,Microsoft Azure,INV-2026-05-000002,8a1b2c3d-0000-4a00-9000-000000000002,ExampleCorp MCA - Secondary,Microsoft Customer Agreement,44444444-4444-4444-8444-444444444444,sandbox-dev,Subscription,2026-05-01T00:00:00Z,2026-06-01T00:00:00Z,2026-05-07T07:00:00Z,2026-05-07T08:00:00Z,Usage,,Virtual Machines committed usage,Usage-Based,0,0.128064,0.192,0.1728,0.1920000000,0.1728000000,Committed,1,Hours,USD,0.1728000000,0.128064,0.1920000000,USD,1,Hours,Virtual Machines,Compute,Virtual Machines,AZ-VIRT-bcd712,Compute,AZSP-659d27af,"{""InstanceType"":""Standard_D4s_v5"",""InstanceSeries"":""Ddsv5"",""CoreCount"":4,""MemorySize"":16,""OperatingSystem"":""Linux"",""x_Tenancy"":""Shared""}",/subscriptions/44444444-4444-4444-8444-444444444444/resourceGroups/rg-sandbox-dev/providers/Microsoft.Compute/virtualMachines/vm-0005c75a3a,vm-0005c75a3a,Virtual Machine,southeastasia,Southeast Asia,southeastasia-1,/subscriptions/44444444-4444-4444-8444-444444444444/providers/Microsoft.BillingBenefits/savingsPlans/a07c9c353504,AzureSavingsPlan-1yr-NoUpfront,Spend,Savings Plan,Used,0.128064,USD,,,"{""Environment"":""dev"",""CostCenter"":""cc-1042"",""Owner"":""team-payments""}"
Microsoft Azure,Microsoft,Microsoft Azure,INV-2026-05-000002,8a1b2c3d-0000-4a00-9000-000000000002,ExampleCorp MCA - Secondary,Microsoft Customer Agreement,44444444-4444-4444-8444-444444444444,sandbox-dev,Subscription,2026-05-01T00:00:00Z,2026-06-01T00:00:00Z,2026-05-07T08:00:00Z,2026-05-07T09:00:00Z,Purchase,,"Savings Plan commitment, amortised for the charge period",Recurring,0.128064,0,0.128064,0.128064,1,1,Standard,0.128064,USD,USD,1.0000000000,0,1.0000000000,USD,,,Virtual Machines,Compute,Virtual Machines,AZ-COMMIT-cdbaa8,Commitment,AZSP-80c511e0,"{""x_Term"":""P1Y"",""x_PaymentOption"":""NoUpfront""}",/subscriptions/44444444-4444-4444-8444-444444444444/providers/Microsoft.BillingBenefits/savingsPlans/a07c9c353504,savingsPlans-843cefdaed,Savings Plan,southeastasia,Southeast Asia,,/subscriptions/44444444-4444-4444-8444-444444444444/providers/Microsoft.BillingBenefits/savingsPlans/a07c9c353504,AzureSavingsPlan-1yr-NoUpfront,Spend,Savings Plan,,0.128064,USD,,,"{""Environment"":""prod"",""CostCenter"":""cc-3110"",""Owner"":""team-platform""}"
Microsoft Azure,Microsoft,Microsoft Azure,INV-2026-05-000002,8a1b2c3d-0000-4a00-9000-000000000002,ExampleCorp MCA - Secondary,Microsoft Customer Agreement,44444444-4444-4444-8444-444444444444,sandbox-dev,Subscription,2026-05-01T00:00:00Z,2026-06-01T00:00:00Z,2026-05-07T08:00:00Z,2026-05-07T09:00:00Z,Usage,,Virtual Machines committed usage,Usage-Based,0,0.128064,0.192,0.1728,0.1920000000,0.1728000000,Committed,1,Hours,USD,0.1728000000,0.128064,0.1920000000,USD,1,Hours,Virtual Machines,Compute,Virtual Machines,AZ-VIRT-213976,Compute,AZSP-bfb87d22,"{""InstanceType"":""Standard_D4s_v5"",""InstanceSeries"":""Ddsv5"",""CoreCount"":4,""MemorySize"":16,""OperatingSystem"":""Linux"",""x_Tenancy"":""Shared""}",/subscriptions/44444444-4444-4444-8444-444444444444/resourceGroups/rg-sandbox-dev/providers/Microsoft.Compute/virtualMachines/vm-0006410ce5,vm-0006410ce5,Virtual Machine,southeastasia,Southeast Asia,southeastasia-1,/subscriptions/44444444-4444-4444-8444-444444444444/providers/Microsoft.BillingBenefits/savingsPlans/a07c9c353504,AzureSavingsPlan-1yr-NoUpfront,Spend,Savings Plan,Used,0.128064,USD,,,"{""Environment"":""prod"",""CostCenter"":""cc-2087"",""Owner"":""team-payments""}"
Microsoft Azure,Microsoft,Microsoft Azure,INV-2026-05-000002,8a1b2c3d-0000-4a00-9000-000000000002,ExampleCorp MCA - Secondary,Microsoft Customer Agreement,44444444-4444-4444-8444-444444444444,sandbox-dev,Subscription,2026-05-01T00:00:00Z,2026-06-01T00:00:00Z,2026-05-07T09:00:00Z,2026-05-07T10:00:00Z,Purchase,,"Savings Plan commitment, amortised for the charge period",Recurring,0.128064,0,0.128064,0.128064,1,1,Standard,0.128064,USD,USD,1.0000000000,0,1.0000000000,USD,,,Virtual Machines,Compute,Virtual Machines,AZ-COMMIT-cdbaa8,Commitment,AZSP-80c511e0,"{""x_Term"":""P1Y"",""x_PaymentOption"":""NoUpfront""}",/subscriptions/44444444-4444-4444-8444-444444444444/providers/Microsoft.BillingBenefits/savingsPlans/a07c9c353504,savingsPlans-843cefdaed,Savings Plan,southeastasia,Southeast Asia,,/subscriptions/44444444-4444-4444-8444-444444444444/providers/Microsoft.BillingBenefits/savingsPlans/a07c9c353504,AzureSavingsPlan-1yr-NoUpfront,Spend,Savings Plan,,0.128064,USD,,,"{""Environment"":""dev"",""CostCenter"":""cc-3110"",""Owner"":""team-data""}"
Microsoft Azure,Microsoft,Microsoft Azure,INV-2026-05-000002,8a1b2c3d-0000-4a00-9000-000000000002,ExampleCorp MCA - Secondary,Microsoft Customer Agreement,44444444-4444-4444-8444-444444444444,sandbox-dev,Subscription,2026-05-01T00:00:00Z,2026-06-01T00:00:00Z,2026-05-07T09:00:00Z,2026-05-07T10:00:00Z,Usage,,Virtual Machines committed usage,Usage-Based,0,0.128064,0.192,0.1728,0.1920000000,0.1728000000,Committed,1,Hours,USD,0.1728000000,0.128064,0.1920000000,USD,1,Hours,Virtual Machines,Compute,Virtual Machines,AZ-VIRT-f73fd5,Compute,AZSP-bc1e4872,"{""InstanceType"":""Standard_D4s_v5"",""InstanceSeries"":""Ddsv5"",""CoreCount"":4,""MemorySize"":16,""OperatingSystem"":""Linux"",""x_Tenancy"":""Shared""}",/subscriptions/44444444-4444-4444-8444-444444444444/resourceGroups/rg-sandbox-dev/providers/Microsoft.Compute/virtualMachines/vm-0007ee7d84,vm-0007ee7d84,Virtual Machine,southeastasia,Southeast Asia,southeastasia-1,/subscriptions/44444444-4444-4444-8444-444444444444/providers/Microsoft.BillingBenefits/savingsPlans/a07c9c353504,AzureSavingsPlan-1yr-NoUpfront,Spend,Savings Plan,Used,0.128064,USD,,,"{""Environment"":""dev"",""CostCenter"":""cc-2087"",""Owner"":""team-platform""}"
Microsoft Azure,Microsoft,Microsoft Azure,INV-2026-05-000002,8a1b2c3d-0000-4a00-9000-000000000002,ExampleCorp MCA - Secondary,Microsoft Customer Agreement,44444444-4444-4444-8444-444444444444,sandbox-dev,Subscription,2026-05-01T00:00:00Z,2026-06-01T00:00:00Z,2026-05-07T10:00:00Z,2026-05-07T11:00:00Z,Purchase,,"Savings Plan commitment, amortised for the charge period",Recurring,0.128064,0,0.128064,0.128064,1,1,Standard,0.128064,USD,USD,1.0000000000,0,1.0000000000,USD,,,Virtual Machines,Compute,Virtual Machines,AZ-COMMIT-cdbaa8,Commitment,AZSP-80c511e0,"{""x_Term"":""P1Y"",""x_PaymentOption"":""NoUpfront""}",/subscriptions/44444444-4444-4444-8444-444444444444/providers/Microsoft.BillingBenefits/savingsPlans/a07c9c353504,savingsPlans-843cefdaed,Savings Plan,southeastasia,Southeast Asia,,/subscriptions/44444444-4444-4444-8444-444444444444/providers/Microsoft.BillingBenefits/savingsPlans/a07c9c353504,AzureSavingsPlan-1yr-NoUpfront,Spend,Savings Plan,,0.128064,USD,,,"{""Environment"":""staging"",""CostCenter"":""cc-3110"",""Owner"":""team-payments""}"
Microsoft Azure,Microsoft,Microsoft Azure,INV-2026-05-000002,8a1b2c3d-0000-4a00-9000-000000000002,ExampleCorp MCA - Secondary,Microsoft Customer Agreement,44444444-4444-4444-8444-444444444444,sandbox-dev,Subscription,2026-05-01T00:00:00Z,2026-06-01T00:00:00Z,2026-05-07T10:00:00Z,2026-05-07T11:00:00Z,Usage,,Savings Plan unused commitment,Usage-Based,0,0.128064,0.128064,0.128064,1,1,Committed,0.128064,USD,USD,1.0000000000,0.128064,1.0000000000,USD,,,Virtual Machines,Compute,Virtual Machines,AZ-COMMIT-cdbaa8,Commitment,AZSP-80c511e0,"{""x_Term"":""P1Y"",""x_PaymentOption"":""NoUpfront""}",/subscriptions/44444444-4444-4444-8444-444444444444/providers/Microsoft.BillingBenefits/savingsPlans/a07c9c353504,savingsPlans-843cefdaed,Savings Plan,southeastasia,Southeast Asia,,/subscriptions/44444444-4444-4444-8444-444444444444/providers/Microsoft.BillingBenefits/savingsPlans/a07c9c353504,AzureSavingsPlan-1yr-NoUpfront,Spend,Savings Plan,Unused,0.128064,USD,,,"{""Environment"":""prod"",""CostCenter"":""cc-2087"",""Owner"":""team-platform""}"
Microsoft Azure,Microsoft,Microsoft Azure,INV-2026-05-000002,8a1b2c3d-0000-4a00-9000-000000000002,ExampleCorp MCA - Secondary,Microsoft Customer Agreement,44444444-4444-4444-8444-444444444444,sandbox-dev,Subscription,2026-05-01T00:00:00Z,2026-06-01T00:00:00Z,2026-05-07T11:00:00Z,2026-05-07T12:00:00Z,Purchase,,"Savings Plan commitment, amortised for the charge period",Recurring,0.128064,0,0.128064,0.128064,1,1,Standard,0.128064,USD,USD,1.0000000000,0,1.0000000000,USD,,,Virtual Machines,Compute,Virtual Machines,AZ-COMMIT-cdbaa8,Commitment,AZSP-80c511e0,"{""x_Term"":""P1Y"",""x_PaymentOption"":""NoUpfront""}",/subscriptions/44444444-4444-4444-8444-444444444444/providers/Microsoft.BillingBenefits/savingsPlans/a07c9c353504,savingsPlans-843cefdaed,Savings Plan,southeastasia,Southeast Asia,,/subscriptions/44444444-4444-4444-8444-444444444444/providers/Microsoft.BillingBenefits/savingsPlans/a07c9c353504,AzureSavingsPlan-1yr-NoUpfront,Spend,Savings Plan,,0.128064,USD,,,"{""Environment"":""dev"",""CostCenter"":""cc-1042"",""Owner"":""team-payments""}"
Microsoft Azure,Microsoft,Microsoft Azure,INV-2026-05-000002,8a1b2c3d-0000-4a00-9000-000000000002,ExampleCorp MCA - Secondary,Microsoft Customer Agreement,44444444-4444-4444-8444-444444444444,sandbox-dev,Subscription,2026-05-01T00:00:00Z,2026-06-01T00:00:00Z,2026-05-07T11:00:00Z,2026-05-07T12:00:00Z,Usage,,Savings Plan unused commitment,Usage-Based,0,0.128064,0.128064,0.128064,1,1,Committed,0.128064,USD,USD,1.0000000000,0.128064,1.0000000000,USD,,,Virtual Machines,Compute,Virtual Machines,AZ-COMMIT-cdbaa8,Commitment,AZSP-80c511e0,"{""x_Term"":""P1Y"",""x_PaymentOption"":""NoUpfront""}",/subscriptions/44444444-4444-4444-8444-444444444444/providers/Microsoft.BillingBenefits/savingsPlans/a07c9c353504,savingsPlans-843cefdaed,Savings Plan,southeastasia,Southeast Asia,,/subscriptions/44444444-4444-4444-8444-444444444444/providers/Microsoft.BillingBenefits/savingsPlans/a07c9c353504,AzureSavingsPlan-1yr-NoUpfront,Spend,Savings Plan,Unused,0.128064,USD,,,"{""Environment"":""prod"",""CostCenter"":""cc-1042"",""Owner"":""team-data""}"
Microsoft Azure,Microsoft,Microsoft Azure,INV-2026-05-000002,8a1b2c3d-0000-4a00-9000-000000000002,ExampleCorp MCA - Secondary,Microsoft Customer Agreement,44444444-4444-4444-8444-444444444444,sandbox-dev,Subscription,2026-05-01T00:00:00Z,2026-06-01T00:00:00Z,2026-05-07T12:00:00Z,2026-05-07T13:00:00Z,Purchase,,"Savings Plan commitment, amortised for the charge period",Recurring,0.128064,0,0.128064,0.128064,1,1,Standard,0.128064,USD,USD,1.0000000000,0,1.0000000000,USD,,,Virtual Machines,Compute,Virtual Machines,AZ-COMMIT-cdbaa8,Commitment,AZSP-80c511e0,"{""x_Term"":""P1Y"",""x_PaymentOption"":""NoUpfront""}",/subscriptions/44444444-4444-4444-8444-444444444444/providers/Microsoft.BillingBenefits/savingsPlans/a07c9c353504,savingsPlans-843cefdaed,Savings Plan,southeastasia,Southeast Asia,,/subscriptions/44444444-4444-4444-8444-444444444444/providers/Microsoft.BillingBenefits/savingsPlans/a07c9c353504,AzureSavingsPlan-1yr-NoUpfront,Spend,Savings Plan,,0.128064,USD,,,"{""Environment"":""staging"",""CostCenter"":""cc-3110"",""Owner"":""team-platform""}"
Microsoft Azure,Microsoft,Microsoft Azure,INV-2026-05-000002,8a1b2c3d-0000-4a00-9000-000000000002,ExampleCorp MCA - Secondary,Microsoft Customer Agreement,44444444-4444-4444-8444-444444444444,sandbox-dev,Subscription,2026-05-01T00:00:00Z,2026-06-01T00:00:00Z,2026-05-07T12:00:00Z,2026-05-07T13:00:00Z,Usage,,Savings Plan unused commitment,Usage-Based,0,0.128064,0.128064,0.128064,1,1,Committed,0.128064,USD,USD,1.0000000000,0.128064,1.0000000000,USD,,,Virtual Machines,Compute,Virtual Machines,AZ-COMMIT-cdbaa8,Commitment,AZSP-80c511e0,"{""x_Term"":""P1Y"",""x_PaymentOption"":""NoUpfront""}",/subscriptions/44444444-4444-4444-8444-444444444444/providers/Microsoft.BillingBenefits/savingsPlans/a07c9c353504,savingsPlans-843cefdaed,Savings Plan,southeastasia,Southeast Asia,,/subscriptions/44444444-4444-4444-8444-444444444444/providers/Microsoft.BillingBenefits/savingsPlans/a07c9c353504,AzureSavingsPlan-1yr-NoUpfront,Spend,Savings Plan,Unused,0.128064,USD,,,"{""Environment"":""prod"",""CostCenter"":""cc-1042"",""Owner"":""team-platform""}"
Microsoft Azure,Microsoft,Microsoft Azure,INV-2026-05-000001,8a1b2c3d-0000-4a00-9000-000000000001,ExampleCorp MCA - Primary,Microsoft Customer Agreement,11111111-1111-4111-8111-111111111111,prod-platform,Subscription,2026-05-01T00:00:00Z,2026-06-01T00:00:00Z,2026-05-01T00:00:00Z,2026-05-02T00:00:00Z,Usage,,VNet peering data transfer,Usage-Based,33.45050702621627,33.45050702621627,37.16723019344818,33.45050702621627,0.0100528666,0.0090475799,Standard,3697.1773,GB,EUR,0.0083237735,30.7744664641189684,0.0092486373,USD,3697.1773,GB,Virtual Network,Networking,Network Connectivity,AZ-VIRT-8a2e37,Data Transfer,AZSP-21a59e52,"{""x_TransferType"":""Peering""}",/subscriptions/11111111-1111-4111-8111-111111111111/resourceGroups/rg-prod-platform/providers/Microsoft.Network/virtualNetworks/vnet-83f0f8c7,vnet-83f0f8c7,Virtual Network,southeastasia,Southeast Asia,,,,,,,,,,,"{""Environment"":""prod"",""CostCenter"":""cc-3110"",""Owner"":""team-platform""}"
Microsoft Azure,Microsoft,Microsoft Azure,INV-2026-05-000002,8a1b2c3d-0000-4a00-9000-000000000002,ExampleCorp MCA - Secondary,Microsoft Customer Agreement,11111111-1111-4111-8111-111111111111,prod-platform,Subscription,2026-05-01T00:00:00Z,2026-06-01T00:00:00Z,2026-05-08T01:00:00Z,2026-05-08T02:00:00Z,Usage,,Provisioned throughput,Usage-Based,0.0071031332,0.0071031332,0.0078923702,0.0071031332,0.0078923702,0.0071031332,Standard,1.0000,Hours,USD,0.0071031332,0.0071031332,0.0078923702,USD,1.0000,Hours,Azure Cosmos DB,Databases,NoSQL Databases,AZ-AZUR-9f32e1,Database,AZSP-fc182ee5,"{""x_CapacityMode"":""Provisioned""}",/subscriptions/11111111-1111-4111-8111-111111111111/resourceGroups/rg-prod-platform/providers/Microsoft.DocumentDB/databaseAccounts/cosmos-c51aab17,cosmos-c51aab17,Cosmos DB Account,westeurope,West Europe,,,,,,,,,,,"{""Environment"":""dev"",""CostCenter"":""cc-1042"",""Owner"":""team-platform""}"
Microsoft Azure,Microsoft,Microsoft Azure,INV-2026-05-000001,8a1b2c3d-0000-4a00-9000-000000000001,ExampleCorp MCA - Primary,Microsoft Customer Agreement,44444444-4444-4444-8444-444444444444,sandbox-dev,Subscription,2026-05-01T00:00:00Z,2026-06-01T00:00:00Z,2026-05-01T00:00:00Z,2026-06-01T00:00:00Z,Usage,,Hot LRS data stored,Usage-Based,30.7886777328858,30.7886777328858,34.20964198869846,30.7886777328858,0.0180231567,0.0162208410,Standard,1898.0938,GB-Months,USD,0.0162208410,30.7886777328858,0.0180231567,USD,1898.0938,GB-Months,Azure Blob Storage,Storage,Object Storage,AZ-AZUR-bd571a,Storage,AZSP-9f9797f2,"{""x_StorageClass"":""Hot"",""x_Redundancy"":""LRS""}",/subscriptions/44444444-4444-4444-8444-444444444444/resourceGroups/rg-sandbox-dev/providers/Microsoft.Storage/storageAccounts/stor8e0c7c00,stor8e0c7c00,Storage Account,southeastasia,Southeast Asia,,,,,,,,,,,"{""Environment"":""dev"",""CostCenter"":""cc-1042"",""Owner"":""team-platform""}"
Microsoft Azure,Microsoft,Microsoft Azure,INV-2026-05-000002,8a1b2c3d-0000-4a00-9000-000000000002,ExampleCorp MCA - Secondary,Microsoft Customer Agreement,11111111-1111-4111-8111-111111111111,prod-platform,Subscription,2026-05-01T00:00:00Z,2026-06-01T00:00:00Z,2026-05-04T00:00:00Z,2026-05-05T00:00:00Z,Purchase,,Azure SQL Database subscription fee,Recurring,146.957915,0,146.957915,146.957915,146.957915,146.957915,Standard,1,Units,USD,146.9579150000,0,146.9579150000,USD,,,Azure SQL Database,Databases,Relational Databases,AZ-AZUR-d740f7,Database,AZSP-bad75d89,"{""InstanceType"":""GP_Gen5_4"",""CoreCount"":4,""MemorySize"":20,""x_Engine"":""SQLServer""}",/subscriptions/11111111-1111-4111-8111-111111111111/resourceGroups/rg-prod-platform/providers/Microsoft.Sql/servers/databases/sqldb-72f0bca2,sqldb-72f0bca2,SQL Database,westeurope,West Europe,,,,,,,,,,,"{""Environment"":""prod"",""CostCenter"":""cc-1042"",""Owner"":""team-payments""}"
Microsoft Azure,Microsoft,Microsoft Azure,INV-2026-05-000001,8a1b2c3d-0000-4a00-9000-000000000001,ExampleCorp MCA - Primary,Microsoft Customer Agreement,44444444-4444-4444-8444-444444444444,sandbox-dev,Subscription,2026-05-01T00:00:00Z,2026-06-01T00:00:00Z,2026-05-08T04:00:00Z,2026-05-08T05:00:00Z,Usage,,General Purpose 4 vCore,Usage-Based,0.442677266,0.442677266,0.4918636289,0.442677266,0.4918636289,0.4426772660,Standard,1.0000,Hours,USD,0.4426772660,0.442677266,0.4918636289,USD,1.0000,Hours,Azure SQL Database,Databases,Relational Databases,AZ-AZUR-11d2c5,Database,AZSP-48cdd673,"{""InstanceType"":""GP_Gen5_4"",""CoreCount"":4,""MemorySize"":20,""x_Engine"":""SQLServer""}",/subscriptions/44444444-4444-4444-8444-444444444444/resourceGroups/rg-sandbox-dev/providers/Microsoft.Sql/servers/databases/sqldb-faa2b527,sqldb-faa2b527,SQL Database,southeastasia,Southeast Asia,,,,,,,,,,,"{""Environment"":""staging"",""CostCenter"":""cc-3110"",""Owner"":""team-data""}"
Microsoft Azure,Microsoft,Microsoft Azure,INV-2026-05-000002,8a1b2c3d-0000-4a00-9000-000000000002,ExampleCorp MCA - Secondary,Microsoft Customer Agreement,22222222-2222-4222-8222-222222222222,staging-platform,Subscription,2026-05-01T00:00:00Z,2026-06-01T00:00:00Z,2026-05-06T00:00:00Z,2026-05-07T00:00:00Z,Purchase,,Azure SQL Database subscription fee,Recurring,221.682088,0,221.682088,221.682088,221.682088,221.682088,Standard,1,Units,USD,221.6820880000,0,221.6820880000,USD,,,Azure SQL Database,Databases,Relational Databases,AZ-AZUR-2fabf8,Database,AZSP-2acd669e,"{""InstanceType"":""GP_Gen5_4"",""CoreCount"":4,""MemorySize"":20,""x_Engine"":""SQLServer""}",/subscriptions/22222222-2222-4222-8222-222222222222/resourceGroups/rg-staging-platform/providers/Microsoft.Sql/servers/databases/sqldb-f746f503,sqldb-f746f503,SQL Database,westus2,West US 2,,,,,,,,,,,"{""Environment"":""dev"",""CostCenter"":""cc-2087"",""Owner"":""team-payments""}"
Microsoft Azure,Microsoft,Microsoft Azure,INV-2026-05-000001,8a1b2c3d-0000-4a00-9000-000000000001,ExampleCorp MCA - Primary,Microsoft Customer Agreement,33333333-3333-4333-8333-333333333333,data-analytics,Subscription,2026-05-01T00:00:00Z,2026-06-01T00:00:00Z,2026-05-07T00:00:00Z,2026-05-08T00:00:00Z,Usage,,VNet peering data transfer,Usage-Based,40.94313436356666,40.94313436356666,45.49237136656383,40.94313436356666,0.0102108273,0.0091897446,Standard,4455.3071,GB,USD,0.0091897446,40.94313436356666,0.0102108273,USD,4455.3071,GB,Virtual Network,Networking,Network Connectivity,AZ-VIRT-4d644f,Data Transfer,AZSP-bc4326b2,"{""x_TransferType"":""Peering""}",/subscriptions/33333333-3333-4333-8333-333333333333/resourceGroups/rg-data-analytics/providers/Microsoft.Network/virtualNetworks/vnet-783ab4d9,vnet-783ab4d9,Virtual Network,southeastasia,Southeast Asia,,,,,,,,,,,"{""Environment"":""dev"",""CostCenter"":""cc-3110"",""Owner"":""team-data""}"
Microsoft Azure,Microsoft,Microsoft Azure,INV-2026-05-000001,8a1b2c3d-0000-4a00-9000-000000000001,ExampleCorp MCA - Primary,Microsoft Customer Agreement,33333333-3333-4333-8333-333333333333,data-analytics,Subscription,2026-05-01T00:00:00Z,2026-06-01T00:00:00Z,2026-05-08T00:00:00Z,2026-05-09T00:00:00Z,Usage,,VNet peering data transfer,Usage-Based,37.98686580063872,37.98686580063872,42.20762885089408,37.98686580063872,0.0102218716,0.0091996844,Standard,4129.1488,GB,USD,0.0091996844,37.98686580063872,0.0102218716,USD,4129.1488,GB,Virtual Network,Networking,Network Connectivity,AZ-VIRT-25709c,Data Transfer,AZSP-121b1b3e,"{""x_TransferType"":""Peering""}",/subscriptions/33333333-3333-4333-8333-333333333333/resourceGroups/rg-data-analytics/providers/Microsoft.Network/virtualNetworks/vnet-5026dcde,vnet-5026dcde,Virtual Network,westeurope,West Europe,,,,,,,,,,,"{""Environment"":""dev"",""CostCenter"":""cc-1042"",""Owner"":""team-payments""}"
Microsoft Azure,Microsoft,Microsoft Azure,INV-2026-05-000001,8a1b2c3d-0000-4a00-9000-000000000001,ExampleCorp MCA - Primary,Microsoft Customer Agreement,11111111-1111-4111-8111-111111111111,prod-platform,Subscription,2026-05-01T00:00:00Z,2026-06-01T00:00:00Z,2026-05-09T00:00:00Z,2026-05-10T00:00:00Z,Tax,,Tax for Azure SQL Database,One-Time,28.018810,28.018810,28.018810,28.018810,,,,,,,,,,USD,,,Azure SQL Database,Databases,Relational Databases,,,,,,,,,,,,,,,,,,,,"{""Environment"":""staging"",""CostCenter"":""cc-3110"",""Owner"":""team-platform""}"
Microsoft Azure,Microsoft,Microsoft Azure,INV-2026-05-000002,8a1b2c3d-0000-4a00-9000-000000000002,ExampleCorp MCA - Secondary,Microsoft Customer Agreement,44444444-4444-4444-8444-444444444444,sandbox-dev,Subscription,2026-05-01T00:00:00Z,2026-06-01T00:00:00Z,2026-05-10T00:00:00Z,2026-05-11T00:00:00Z,Usage,,VNet peering data transfer,Usage-Based,41.74066464157516,41.74066464157516,46.37851631944026,41.74066464157516,0.0100996149,0.0090896534,Standard,4592.1074,GB,USD,0.0090896534,41.74066464157516,0.0100996149,USD,4592.1074,GB,Virtual Network,Networking,Network Connectivity,AZ-VIRT-876285,Data Transfer,AZSP-f22709a3,"{""x_TransferType"":""Peering""}",/subscriptions/44444444-4444-4444-8444-444444444444/resourceGroups/rg-sandbox-dev/providers/Microsoft.Network/virtualNetworks/vnet-db5eff1a,vnet-db5eff1a,Virtual Network,westeurope,West Europe,,,,,,,,,,,"{""Environment"":""dev"",""CostCenter"":""cc-1042"",""Owner"":""team-payments""}"
Microsoft Azure,Microsoft,Microsoft Azure,INV-2026-05-000001,8a1b2c3d-0000-4a00-9000-000000000001,ExampleCorp MCA - Primary,Microsoft Customer Agreement,33333333-3333-4333-8333-333333333333,data-analytics,Subscription,2026-05-01T00:00:00Z,2026-06-01T00:00:00Z,2026-05-11T00:00:00Z,2026-05-12T00:00:00Z,Usage,,VNet peering data transfer,Usage-Based,14.13383944065849,14.13383944065849,15.70426599286503,14.13383944065849,0.0100069743,0.0090062769,Standard,1569.3321,GB,USD,0.0090062769,14.13383944065849,0.0100069743,USD,1569.3321,GB,Virtual Network,Networking,Network Connectivity,AZ-VIRT-70c169,Data Transfer,AZSP-bedd64e0,"{""x_TransferType"":""Peering""}",/subscriptions/33333333-3333-4333-8333-333333333333/resourceGroups/rg-data-analytics/providers/Microsoft.Network/virtualNetworks/vnet-01f3428d,vnet-01f3428d,Virtual Network,westus2,West US 2,,,,,,,,,,,"{""Environment"":""dev"",""CostCenter"":""cc-3110"",""Owner"":""team-payments""}"
Microsoft Azure,Microsoft,Microsoft Azure,INV-2026-05-000002,8a1b2c3d-0000-4a00-9000-000000000002,ExampleCorp MCA - Secondary,Microsoft Customer Agreement,33333333-3333-4333-8333-333333333333,data-analytics,Subscription,2026-05-01T00:00:00Z,2026-06-01T00:00:00Z,2026-05-08T11:00:00Z,2026-05-08T12:00:00Z,Usage,,Standard_D4s_v5 instance,Usage-Based,0.1710200759,0.1710200759,0.1900223066,0.1710200759,0.1900223066,0.1710200759,Standard,1.0000,Hours,USD,0.1710200759,0.1710200759,0.1900223066,USD,1.0000,Hours,Virtual Machines,Compute,Virtual Machines,AZ-VIRT-fe8bc4,Compute,AZSP-a09d343d,"{""InstanceType"":""Standard_D4s_v5"",""InstanceSeries"":""Ddsv5"",""CoreCount"":4,""MemorySize"":16,""OperatingSystem"":""Linux"",""x_Tenancy"":""Shared""}",/subscriptions/33333333-3333-4333-8333-333333333333/resourceGroups/rg-data-analytics/providers/Microsoft.Compute/virtualMachines/vm-f75d3e69,vm-f75d3e69,Virtual Machine,westus2,West US 2,westus2-1,,,,,,,,,,"{""Environment"":""dev"",""CostCenter"":""cc-2087"",""Owner"":""team-data""}"
Microsoft Azure,Microsoft,Microsoft Azure,INV-2026-05-000002,8a1b2c3d-0000-4a00-9000-000000000002,ExampleCorp MCA - Secondary,Microsoft Customer Agreement,22222222-2222-4222-8222-222222222222,staging-platform,Subscription,2026-05-01T00:00:00Z,2026-06-01T00:00:00Z,2026-05-08T12:00:00Z,2026-05-08T13:00:00Z,Usage,,Provisioned throughput,Usage-Based,0.0070976426,0.0070976426,0.0078862696,0.0070976426,0.0078862696,0.0070976426,Standard,1.0000,Hours,EUR,0.0065298312,0.006529831192,0.0072553680,USD,1.0000,Hours,Azure Cosmos DB,Databases,NoSQL Databases,AZ-AZUR-b331c0,Database,AZSP-c0792266,"{""x_CapacityMode"":""Provisioned""}",/subscriptions/22222222-2222-4222-8222-222222222222/resourceGroups/rg-staging-platform/providers/Microsoft.DocumentDB/databaseAccounts/cosmos-46412920,cosmos-46412920,Cosmos DB Account,eastus,East US,,,,,,,,,,,"{""Environment"":""prod"",""CostCenter"":""cc-3110"",""Owner"":""team-data""}"
Microsoft Azure,Microsoft,Microsoft Azure,INV-2026-05-000001,8a1b2c3d-0000-4a00-9000-000000000001,ExampleCorp MCA - Primary,Microsoft Customer Agreement,33333333-3333-4333-8333-333333333333,data-analytics,Subscription,2026-05-01T00:00:00Z,2026-06-01T00:00:00Z,2026-05-14T00:00:00Z,2026-05-15T00:00:00Z,Tax,,Tax for Azure Kubernetes Service,One-Time,5.337233,5.337233,5.337233,5.337233,,,,,,,,,,USD,,,Azure Kubernetes Service,Compute,Containers,,,,,,,,,,,,,,,,,,,,"{""Environment"":""dev"",""CostCenter"":""cc-1042"",""Owner"":""team-data""}"
Microsoft Azure,Microsoft,Microsoft Azure,INV-2026-05-000002,8a1b2c3d-0000-4a00-9000-000000000002,ExampleCorp MCA - Secondary,Microsoft Customer Agreement,33333333-3333-4333-8333-333333333333,data-analytics,Subscription,2026-05-01T00:00:00Z,2026-06-01T00:00:00Z,2026-05-08T14:00:00Z,2026-05-08T15:00:00Z,Usage,,Standard_D4s_v5 instance,Usage-Based,0.1761252131,0.1761252131,0.1956946812,0.1761252131,0.1956946812,0.1761252131,Standard,1.0000,Hours,USD,0.1761252131,0.1761252131,0.1956946812,USD,1.0000,Hours,Virtual Machines,Compute,Virtual Machines,AZ-VIRT-07ec5b,Compute,AZSP-23c6d586,"{""InstanceType"":""Standard_D4s_v5"",""InstanceSeries"":""Ddsv5"",""CoreCount"":4,""MemorySize"":16,""OperatingSystem"":""Linux"",""x_Tenancy"":""Shared""}",/subscriptions/33333333-3333-4333-8333-333333333333/resourceGroups/rg-data-analytics/providers/Microsoft.Compute/virtualMachines/vm-a2d4e8a2,vm-a2d4e8a2,Virtual Machine,westeurope,West Europe,westeurope-2,,,,,,,,,,"{""Environment"":""staging"",""CostCenter"":""cc-1042"",""Owner"":""team-payments""}"
Microsoft Azure,Microsoft,Microsoft Azure,INV-2026-05-000002,8a1b2c3d-0000-4a00-9000-000000000002,ExampleCorp MCA - Secondary,Microsoft Customer Agreement,22222222-2222-4222-8222-222222222222,staging-platform,Subscription,2026-05-01T00:00:00Z,2026-06-01T00:00:00Z,2026-05-08T15:00:00Z,2026-05-08T16:00:00Z,Usage,,Standard_D4s_v5 instance,Usage-Based,0.1738242561,0.1738242561,0.1931380623,0.1738242561,0.1931380623,0.1738242561,Standard,1.0000,Hours,USD,0.1738242561,0.1738242561,0.1931380623,USD,1.0000,Hours,Virtual Machines,Compute,Virtual Machines,AZ-VIRT-9a6a7b,Compute,AZSP-f20cb16c,"{""InstanceType"":""Standard_D4s_v5"",""InstanceSeries"":""Ddsv5"",""CoreCount"":4,""MemorySize"":16,""OperatingSystem"":""Linux"",""x_Tenancy"":""Shared""}",/subscriptions/22222222-2222-4222-8222-222222222222/resourceGroups/rg-staging-platform/providers/Microsoft.Compute/virtualMachines/vm-bac5ec4c,vm-bac5ec4c,Virtual Machine,westus2,West US 2,westus2-1,,,,,,,,,,"{""Environment"":""prod"",""CostCenter"":""cc-1042"",""Owner"":""team-data""}"
Microsoft Azure,Microsoft,Microsoft Azure,INV-2026-05-000001,8a1b2c3d-0000-4a00-9000-000000000001,ExampleCorp MCA - Primary,Microsoft Customer Agreement,22222222-2222-4222-8222-222222222222,staging-platform,Subscription,2026-05-01T00:00:00Z,2026-06-01T00:00:00Z,2026-05-08T16:00:00Z,2026-05-08T17:00:00Z,Usage,,AKS node pool hours,Usage-Based,0.1754561018,0.1754561018,0.1949512242,0.1754561018,0.1949512242,0.1754561018,Standard,1.0000,Hours,USD,0.1754561018,0.1754561018,0.1949512242,USD,1.0000,Hours,Azure Kubernetes Service,Compute,Containers,AZ-AZUR-49a35f,Compute,AZSP-ad87ede9,"{""InstanceType"":""Standard_D4s_v5"",""CoreCount"":4,""MemorySize"":16,""x_NodePool"":""system""}",/subscriptions/22222222-2222-4222-8222-222222222222/resourceGroups/rg-staging-platform/providers/Microsoft.ContainerService/managedClusters/aks-76be6af3,aks-76be6af3,Managed Cluster,eastus,East US,,,,,,,,,,,"{""Environment"":""dev"",""CostCenter"":""cc-1042"",""Owner"":""team-payments""}"
Microsoft Azure,Microsoft,Microsoft Azure,INV-2026-05-000001,8a1b2c3d-0000-4a00-9000-000000000001,ExampleCorp MCA - Primary,Microsoft Customer Agreement,11111111-1111-4111-8111-111111111111,prod-platform,Subscription,2026-05-01T00:00:00Z,2026-06-01T00:00:00Z,2026-05-18T00:00:00Z,2026-05-19T00:00:00Z,Usage,,Log data ingested,Usage-Based,189.36811313282934,189.36811313282934,210.4090145920326,189.36811313282934,2.2658271540,2.0392444386,Standard,92.8619,GB,USD,2.0392444386,189.36811313282934,2.2658271540,USD,92.8619,GB,Azure Monitor,Management and Governance,Observability,AZ-AZUR-10038d,Monitoring,AZSP-c87459a3,"{""x_DataType"":""Logs""}",/subscriptions/11111111-1111-4111-8111-111111111111/resourceGroups/rg-prod-platform/providers/Microsoft.OperationalInsights/workspaces/law-14399fbf,law-14399fbf,Log Analytics Workspace,westus2,West US 2,,,,,,,,,,,"{""Environment"":""dev"",""CostCenter"":""cc-1042"",""Owner"":""team-payments""}"
Microsoft Azure,Microsoft,Microsoft Azure,INV-2026-05-000001,8a1b2c3d-0000-4a00-9000-000000000001,ExampleCorp MCA - Primary,Microsoft Customer Agreement,44444444-4444-4444-8444-444444444444,sandbox-dev,Subscription,2026-05-01T00:00:00Z,2026-06-01T00:00:00Z,2026-05-08T18:00:00Z,2026-05-08T19:00:00Z,Usage,,Standard_D4s_v5 instance,Usage-Based,0.1689900974,0.1689900974,0.1877667749,0.1689900974,0.1877667749,0.1689900974,Standard,1.0000,Hours,USD,0.1689900974,0.1689900974,0.1877667749,USD,1.0000,Hours,Virtual Machines,Compute,Virtual Machines,AZ-VIRT-4114ce,Compute,AZSP-b887a5a8,"{""InstanceType"":""Standard_D4s_v5"",""InstanceSeries"":""Ddsv5"",""CoreCount"":4,""MemorySize"":16,""OperatingSystem"":""Linux"",""x_Tenancy"":""Shared""}",/subscriptions/44444444-4444-4444-8444-444444444444/resourceGroups/rg-sandbox-dev/providers/Microsoft.Compute/virtualMachines/vm-a3f1a150,vm-a3f1a150,Virtual Machine,eastus,East US,eastus-2,,,,,,,,,,"{""Environment"":""prod"",""CostCenter"":""cc-2087"",""Owner"":""team-platform""}"
Microsoft Azure,Microsoft,Microsoft Azure,INV-2026-05-000001,8a1b2c3d-0000-4a00-9000-000000000001,ExampleCorp MCA - Primary,Microsoft Customer Agreement,33333333-3333-4333-8333-333333333333,data-analytics,Subscription,2026-05-01T00:00:00Z,2026-06-01T00:00:00Z,2026-05-20T00:00:00Z,2026-05-21T00:00:00Z,Usage,,Log data ingested,Usage-Based,690.6707377230444,690.6707377230444,767.4119307848271,690.6707377230444,2.2976391355,2.0678752220,Standard,334.0002,GB,USD,2.0678752220,690.6707377230444,2.2976391355,USD,334.0002,GB,Azure Monitor,Management and Governance,Observability,AZ-AZUR-673b49,Monitoring,AZSP-3b79f5dc,"{""x_DataType"":""Logs""}",/subscriptions/33333333-3333-4333-8333-333333333333/resourceGroups/rg-data-analytics/providers/Microsoft.OperationalInsights/workspaces/law-b9b354d4,law-b9b354d4,Log Analytics Workspace,eastus,East US,,,,,,,,,,,"{""Environment"":""prod"",""CostCenter"":""cc-3110"",""Owner"":""team-platform""}"
Microsoft Azure,Microsoft,Microsoft Azure,INV-2026-05-000001,8a1b2c3d-0000-4a00-9000-000000000001,ExampleCorp MCA - Primary,Microsoft Customer Agreement,33333333-3333-4333-8333-333333333333,data-analytics,Subscription,2026-05-01T00:00:00Z,2026-06-01T00:00:00Z,2026-05-08T20:00:00Z,2026-05-08T21:00:00Z,Usage,,Standard_D4s_v5 instance,Usage-Based,0.1732274768,0.1732274768,0.1924749742,0.1732274768,0.1924749742,0.1732274768,Standard,1.0000,Hours,USD,0.1732274768,0.1732274768,0.1924749742,USD,1.0000,Hours,Virtual Machines,Compute,Virtual Machines,AZ-VIRT-ce136e,Compute,AZSP-2de63d00,"{""InstanceType"":""Standard_D4s_v5"",""InstanceSeries"":""Ddsv5"",""CoreCount"":4,""MemorySize"":16,""OperatingSystem"":""Linux"",""x_Tenancy"":""Shared""}",/subscriptions/33333333-3333-4333-8333-333333333333/resourceGroups/rg-data-analytics/providers/Microsoft.Compute/virtualMachines/vm-113b24bb,vm-113b24bb,Virtual Machine,westeurope,West Europe,westeurope-2,,,,,,,,,,"{""Environment"":""prod"",""CostCenter"":""cc-2087"",""Owner"":""team-payments""}"
Microsoft Azure,Microsoft,Microsoft Azure,INV-2026-05-000001,8a1b2c3d-0000-4a00-9000-000000000001,ExampleCorp MCA - Primary,Microsoft Customer Agreement,44444444-4444-4444-8444-444444444444,sandbox-dev,Subscription,2026-05-01T00:00:00Z,2026-06-01T00:00:00Z,2026-05-22T00:00:00Z,2026-05-23T00:00:00Z,Purchase,,Azure Cosmos DB subscription fee,Recurring,656.483561,0,656.483561,656.483561,656.483561,656.483561,Standard,1,Units,USD,656.4835610000,0,656.4835610000,USD,,,Azure Cosmos DB,Databases,NoSQL Databases,AZ-AZUR-5181ec,Database,AZSP-f2cdf9c3,"{""x_CapacityMode"":""Provisioned""}",/subscriptions/44444444-4444-4444-8444-444444444444/resourceGroups/rg-sandbox-dev/providers/Microsoft.DocumentDB/databaseAccounts/cosmos-57eee672,cosmos-57eee672,Cosmos DB Account,westus2,West US 2,,,,,,,,,,,"{""Environment"":""staging"",""CostCenter"":""cc-2087"",""Owner"":""team-platform""}"
Microsoft Azure,Microsoft,Microsoft Azure,INV-2026-05-000001,8a1b2c3d-0000-4a00-9000-000000000001,ExampleCorp MCA - Primary,Microsoft Customer Agreement,11111111-1111-4111-8111-111111111111,prod-platform,Subscription,2026-05-01T00:00:00Z,2026-06-01T00:00:00Z,2026-05-08T22:00:00Z,2026-05-08T23:00:00Z,Usage,,Function execution duration,Usage-Based,23.74953159240008,23.74953159240008,26.3882786038681,23.74953159240008,0.0000163195,0.0000146876,Standard,1616978.3758,GB-Seconds,USD,0.0000146876,23.74953159240008,0.0000163195,USD,1616978.3758,GB-Seconds,Azure Functions,Compute,Serverless Compute,AZ-AZUR-819a1a,Compute,AZSP-4fe5b3a9,"{""x_Plan"":""Consumption"",""x_Runtime"":""dotnet8""}",/subscriptions/11111111-1111-4111-8111-111111111111/resourceGroups/rg-prod-platform/providers/Microsoft.Web/sites/func-fd971399,func-fd971399,Function App,southeastasia,Southeast Asia,,,,,,,,,,,"{""Environment"":""staging"",""CostCenter"":""cc-3110"",""Owner"":""team-payments""}"
Microsoft Azure,Microsoft,Microsoft Azure,INV-2026-05-000002,8a1b2c3d-0000-4a00-9000-000000000002,ExampleCorp MCA - Secondary,Microsoft Customer Agreement,11111111-1111-4111-8111-111111111111,prod-platform,Subscription,2026-05-01T00:00:00Z,2026-06-01T00:00:00Z,2026-05-08T23:00:00Z,2026-05-09T00:00:00Z,Usage,,Standard_D4s_v5 instance,Usage-Based,0.1734873269,0.1734873269,0.1927636966,0.1734873269,0.1927636966,0.1734873269,Standard,1.0000,Hours,USD,0.1734873269,0.1734873269,0.1927636966,USD,1.0000,Hours,Virtual Machines,Compute,Virtual Machines,AZ-VIRT-ec1ba8,Compute,AZSP-60b86909,"{""InstanceType"":""Standard_D4s_v5"",""InstanceSeries"":""Ddsv5"",""CoreCount"":4,""MemorySize"":16,""OperatingSystem"":""Linux"",""x_Tenancy"":""Shared""}",/subscriptions/11111111-1111-4111-8111-111111111111/resourceGroups/rg-prod-platform/providers/Microsoft.Compute/virtualMachines/vm-f71d9dec,vm-f71d9dec,Virtual Machine,westus2,West US 2,westus2-1,,,,,,,,,,"{""Environment"":""prod"",""CostCenter"":""cc-2087"",""Owner"":""team-data""}"
Microsoft Azure,Microsoft,Microsoft Azure,INV-2026-05-000001,8a1b2c3d-0000-4a00-9000-000000000001,ExampleCorp MCA - Primary,Microsoft Customer Agreement,44444444-4444-4444-8444-444444444444,sandbox-dev,Subscription,2026-05-01T00:00:00Z,2026-06-01T00:00:00Z,2026-05-25T00:00:00Z,2026-05-26T00:00:00Z,Purchase,,Azure Cosmos DB subscription fee,Recurring,489.934284,0,489.934284,489.934284,489.934284,489.934284,Standard,1,Units,USD,489.9342840000,0,489.9342840000,USD,,,Azure Cosmos DB,Databases,NoSQL Databases,AZ-AZUR-be20fe,Database,AZSP-550b8ed2,"{""x_CapacityMode"":""Provisioned""}",/subscriptions/44444444-4444-4444-8444-444444444444/resourceGroups/rg-sandbox-dev/providers/Microsoft.DocumentDB/databaseAccounts/cosmos-2de234e4,cosmos-2de234e4,Cosmos DB Account,westeurope,West Europe,,,,,,,,,,,"{""Environment"":""prod"",""CostCenter"":""cc-2087"",""Owner"":""team-platform""}"
Microsoft Azure,Microsoft,Microsoft Azure,INV-2026-05-000001,8a1b2c3d-0000-4a00-9000-000000000001,ExampleCorp MCA - Primary,Microsoft Customer Agreement,11111111-1111-4111-8111-111111111111,prod-platform,Subscription,2026-05-01T00:00:00Z,2026-06-01T00:00:00Z,2026-05-09T01:00:00Z,2026-05-09T02:00:00Z,Usage,,AKS node pool hours,Usage-Based,0.1677975968,0.1677975968,0.1864417742,0.1677975968,0.1864417742,0.1677975968,Standard,1.0000,Hours,EUR,0.1543737891,0.154373789056,0.1715264323,USD,1.0000,Hours,Azure Kubernetes Service,Compute,Containers,AZ-AZUR-9d3e13,Compute,AZSP-72738a80,"{""InstanceType"":""Standard_D4s_v5"",""CoreCount"":4,""MemorySize"":16,""x_NodePool"":""system""}",/subscriptions/11111111-1111-4111-8111-111111111111/resourceGroups/rg-prod-platform/providers/Microsoft.ContainerService/managedClusters/aks-4ada603d,aks-4ada603d,Managed Cluster,westus2,West US 2,,,,,,,,,,,"{""Environment"":""prod"",""CostCenter"":""cc-3110"",""Owner"":""team-payments""}"
Microsoft Azure,Microsoft,Microsoft Azure,INV-2026-05-000001,8a1b2c3d-0000-4a00-9000-000000000001,ExampleCorp MCA - Primary,Microsoft Customer Agreement,22222222-2222-4222-8222-222222222222,staging-platform,Subscription,2026-05-01T00:00:00Z,2026-06-01T00:00:00Z,2026-05-09T02:00:00Z,2026-05-09T03:00:00Z,Usage,,Standard_D4s_v5 instance,Usage-Based,0.1742114206,0.1742114206,0.1935682451,0.1742114206,0.1935682451,0.1742114206,Standard,1.0000,Hours,USD,0.1742114206,0.1742114206,0.1935682451,USD,1.0000,Hours,Virtual Machines,Compute,Virtual Machines,AZ-VIRT-0b05c4,Compute,AZSP-e0ab6494,"{""InstanceType"":""Standard_D4s_v5"",""InstanceSeries"":""Ddsv5"",""CoreCount"":4,""MemorySize"":16,""OperatingSystem"":""Linux"",""x_Tenancy"":""Shared""}",/subscriptions/22222222-2222-4222-8222-222222222222/resourceGroups/rg-staging-platform/providers/Microsoft.Compute/virtualMachines/vm-456a091c,vm-456a091c,Virtual Machine,eastus,East US,eastus-2,,,,,,,,,,"{""Environment"":""dev"",""CostCenter"":""cc-3110"",""Owner"":""team-data""}"
Microsoft Azure,Microsoft,Microsoft Azure,INV-2026-05-000002,8a1b2c3d-0000-4a00-9000-000000000002,ExampleCorp MCA - Secondary,Microsoft Customer Agreement,11111111-1111-4111-8111-111111111111,prod-platform,Subscription,2026-05-01T00:00:00Z,2026-06-01T00:00:00Z,2026-05-28T00:00:00Z,2026-05-29T00:00:00Z,Tax,,Tax for Azure Monitor,One-Time,45.928449,45.928449,45.928449,45.928449,,,,,,,,,,USD,,,Azure Monitor,Management and Governance,Observability,,,,,,,,,,,,,,,,,,,,"{""Environment"":""dev"",""CostCenter"":""cc-3110"",""Owner"":""team-platform""}"
Microsoft Azure,Microsoft,Microsoft Azure,INV-2026-05-000002,8a1b2c3d-0000-4a00-9000-000000000002,ExampleCorp MCA - Secondary,Microsoft Customer Agreement,33333333-3333-4333-8333-333333333333,data-analytics,Subscription,2026-05-01T00:00:00Z,2026-06-01T00:00:00Z,2026-05-09T04:00:00Z,2026-05-09T05:00:00Z,Usage,,AKS node pool hours,Usage-Based,0.1747514704,0.1747514704,0.1941683004,0.1747514704,0.1941683004,0.1747514704,Standard,1.0000,Hours,USD,0.1747514704,0.1747514704,0.1941683004,USD,1.0000,Hours,Azure Kubernetes Service,Compute,Containers,AZ-AZUR-b52d63,Compute,AZSP-df6bf0e4,"{""InstanceType"":""Standard_D4s_v5"",""CoreCount"":4,""MemorySize"":16,""x_NodePool"":""system""}",/subscriptions/33333333-3333-4333-8333-333333333333/resourceGroups/rg-data-analytics/providers/Microsoft.ContainerService/managedClusters/aks-53eeb326,aks-53eeb326,Managed Cluster,westus2,West US 2,,,,,,,,,,,"{""Environment"":""staging"",""CostCenter"":""cc-2087"",""Owner"":""team-data""}"
Microsoft Azure,Microsoft,Microsoft Azure,INV-2026-05-000002,8a1b2c3d-0000-4a00-9000-000000000002,ExampleCorp MCA - Secondary,Microsoft Customer Agreement,11111111-1111-4111-8111-111111111111,prod-platform,Subscription,2026-05-01T00:00:00Z,2026-06-01T00:00:00Z,2026-05-01T00:00:00Z,2026-06-01T00:00:00Z,Usage,,Hot LRS data stored,Usage-Based,31.42792298054578,31.42792298054578,34.91991444438198,31.42792298054578,0.0180018099,0.0162016289,Standard,1939.8002,GB-Months,USD,0.0162016289,31.42792298054578,0.0180018099,USD,1939.8002,GB-Months,Azure Blob Storage,Storage,Object Storage,AZ-AZUR-75e65a,Storage,AZSP-01ccb76b,"{""x_StorageClass"":""Hot"",""x_Redundancy"":""LRS""}",/subscriptions/11111111-1111-4111-8111-111111111111/resourceGroups/rg-prod-platform/providers/Microsoft.Storage/storageAccounts/stor67b5daea,stor67b5daea,Storage Account,westus2,West US 2,,,,,,,,,,,"{""Environment"":""dev"",""CostCenter"":""cc-2087"",""Owner"":""team-payments""}"
Microsoft Azure,Microsoft,Microsoft Azure,INV-2026-05-000002,8a1b2c3d-0000-4a00-9000-000000000002,ExampleCorp MCA - Secondary,Microsoft Customer Agreement,22222222-2222-4222-8222-222222222222,staging-platform,Subscription,2026-05-01T00:00:00Z,2026-06-01T00:00:00Z,2026-05-09T06:00:00Z,2026-05-09T07:00:00Z,Usage,,AKS node pool hours,Usage-Based,0.1724044784,0.1724044784,0.1915605316,0.1724044784,0.1915605316,0.1724044784,Standard,1.0000,Hours,USD,0.1724044784,0.1724044784,0.1915605316,USD,1.0000,Hours,Azure Kubernetes Service,Compute,Containers,AZ-AZUR-09eea8,Compute,AZSP-1f54c9ec,"{""InstanceType"":""Standard_D4s_v5"",""CoreCount"":4,""MemorySize"":16,""x_NodePool"":""system""}",/subscriptions/22222222-2222-4222-8222-222222222222/resourceGroups/rg-staging-platform/providers/Microsoft.ContainerService/managedClusters/aks-3d8e8335,aks-3d8e8335,Managed Cluster,westus2,West US 2,,,,,,,,,,,"{""Environment"":""prod"",""CostCenter"":""cc-3110"",""Owner"":""team-data""}"
Microsoft Azure,Microsoft,Microsoft Azure,INV-2026-05-000001,8a1b2c3d-0000-4a00-9000-000000000001,ExampleCorp MCA - Primary,Microsoft Customer Agreement,44444444-4444-4444-8444-444444444444,sandbox-dev,Subscription,2026-05-01T00:00:00Z,2026-06-01T00:00:00Z,2026-05-09T07:00:00Z,2026-05-09T08:00:00Z,Usage,,Standard_D4s_v5 instance,Usage-Based,0.170217248,0.170217248,0.1891302755,0.170217248,0.1891302755,0.1702172480,Standard,1.0000,Hours,USD,0.1702172480,0.170217248,0.1891302755,USD,1.0000,Hours,Virtual Machines,Compute,Virtual Machines,AZ-VIRT-91e06d,Compute,AZSP-40260c89,"{""InstanceType"":""Standard_D4s_v5"",""InstanceSeries"":""Ddsv5"",""CoreCount"":4,""MemorySize"":16,""OperatingSystem"":""Linux"",""x_Tenancy"":""Shared""}",/subscriptions/44444444-4444-4444-8444-444444444444/resourceGroups/rg-sandbox-dev/providers/Microsoft.Compute/virtualMachines/vm-ef9f1367,vm-ef9f1367,Virtual Machine,westus2,West US 2,westus2-2,,,,,,,,,,"{""Environment"":""prod"",""CostCenter"":""cc-2087"",""Owner"":""team-data""}"
Microsoft Azure,Microsoft,Microsoft Azure,INV-2026-05-000001,8a1b2c3d-0000-4a00-9000-000000000001,ExampleCorp MCA - Primary,Microsoft Customer Agreement,22222222-2222-4222-8222-222222222222,staging-platform,Subscription,2026-05-01T00:00:00Z,2026-06-01T00:00:00Z,2026-05-09T08:00:00Z,2026-05-09T09:00:00Z,Usage,,General Purpose 4 vCore,Usage-Based,0.4475326357,0.4475326357,0.4972584841,0.4475326357,0.4972584841,0.4475326357,Standard,1.0000,Hours,USD,0.4475326357,0.4475326357,0.4972584841,USD,1.0000,Hours,Azure SQL Database,Databases,Relational Databases,AZ-AZUR-8ed1d1,Database,AZSP-faf7e2e4,"{""InstanceType"":""GP_Gen5_4"",""CoreCount"":4,""MemorySize"":20,""x_Engine"":""SQLServer""}",/subscriptions/22222222-2222-4222-8222-222222222222/resourceGroups/rg-staging-platform/providers/Microsoft.Sql/servers/databases/sqldb-e3a3f903,sqldb-e3a3f903,SQL Database,southeastasia,Southeast Asia,,,,,,,,,,,"{""Environment"":""dev"",""CostCenter"":""cc-1042"",""Owner"":""team-data""}"
Microsoft Azure,Microsoft,Microsoft Azure,INV-2026-05-000001,8a1b2c3d-0000-4a00-9000-000000000001,ExampleCorp MCA - Primary,Microsoft Customer Agreement,33333333-3333-4333-8333-333333333333,data-analytics,Subscription,2026-05-01T00:00:00Z,2026-06-01T00:00:00Z,2026-05-01T00:00:00Z,2026-06-01T00:00:00Z,Usage,,Hot LRS data stored,Usage-Based,104.1003918927396,104.1003918927396,115.6671017473275,104.1003918927396,0.0180648075,0.0162583268,Standard,6402.8970,GB-Months,USD,0.0162583268,104.1003918927396,0.0180648075,USD,6402.8970,GB-Months,Azure Blob Storage,Storage,Object Storage,AZ-AZUR-429e54,Storage,AZSP-25f57afa,"{""x_StorageClass"":""Hot"",""x_Redundancy"":""LRS""}",/subscriptions/33333333-3333-4333-8333-333333333333/resourceGroups/rg-data-analytics/providers/Microsoft.Storage/storageAccounts/stor2698fce2,stor2698fce2,Storage Account,westeurope,West Europe,,,,,,,,,,,"{""Environment"":""staging"",""CostCenter"":""cc-3110"",""Owner"":""team-platform""}"
Microsoft Azure,Microsoft,Microsoft Azure,INV-2026-05-000002,8a1b2c3d-0000-4a00-9000-000000000002,ExampleCorp MCA - Secondary,Microsoft Customer Agreement,11111111-1111-4111-8111-111111111111,prod-platform,Subscription,2026-05-01T00:00:00Z,2026-06-01T00:00:00Z,2026-05-09T10:00:00Z,2026-05-09T11:00:00Z,Usage,,Function execution duration,Usage-Based,52.45419918359889,52.45419918359889,58.28256529646373,52.45419918359889,0.0000159557,0.0000143601,Standard,3652773.9489,GB-Seconds,USD,0.0000143601,52.45419918359889,0.0000159557,USD,3652773.9489,GB-Seconds,Azure Functions,Compute,Serverless Compute,AZ-AZUR-2706d7,Compute,AZSP-f1be824e,"{""x_Plan"":""Consumption"",""x_Runtime"":""dotnet8""}",/subscriptions/11111111-1111-4111-8111-111111111111/resourceGroups/rg-prod-platform/providers/Microsoft.Web/sites/func-f0beff67,func-f0beff67,Function App,westus2,West US 2,,,,,,,,,,,"{""Environment"":""dev"",""CostCenter"":""cc-1042"",""Owner"":""team-platform""}"
Microsoft Azure,Microsoft,Microsoft Azure,INV-2026-05-000002,8a1b2c3d-0000-4a00-9000-000000000002,ExampleCorp MCA - Secondary,Microsoft Customer Agreement,11111111-1111-4111-8111-111111111111,prod-platform,Subscription,2026-05-01T00:00:00Z,2026-06-01T00:00:00Z,2026-05-09T11:00:00Z,2026-05-09T12:00:00Z,Usage,,Function execution duration,Usage-Based,9.8541800770248,9.8541800770248,10.94911245022023,9.8541800770248,0.0000155467,0.0000139920,Standard,704272.4469,GB-Seconds,USD,0.0000139920,9.8541800770248,0.0000155467,USD,704272.4469,GB-Seconds,Azure Functions,Compute,Serverless Compute,AZ-AZUR-aab793,Compute,AZSP-f1cd1282,"{""x_Plan"":""Consumption"",""x_Runtime"":""dotnet8""}",/subscriptions/11111111-1111-4111-8111-111111111111/resourceGroups/rg-prod-platform/providers/Microsoft.Web/sites/func-c043b554,func-c043b554,Function App,eastus,East US,,,,,,,,,,,"{""Environment"":""prod"",""CostCenter"":""cc-2087"",""Owner"":""team-platform""}"
Microsoft Azure,Microsoft,Microsoft Azure,INV-2026-05-000002,8a1b2c3d-0000-4a00-9000-000000000002,ExampleCorp MCA - Secondary,Microsoft Customer Agreement,44444444-4444-4444-8444-444444444444,sandbox-dev,Subscription,2026-05-01T00:00:00Z,2026-06-01T00:00:00Z,2026-05-09T12:00:00Z,2026-05-09T13:00:00Z,Usage,,Standard_D4s_v5 instance,Usage-Based,0.1686331686,0.1686331686,0.1873701873,0.1686331686,0.1873701873,0.1686331686,Standard,1.0000,Hours,USD,0.1686331686,0.1686331686,0.1873701873,USD,1.0000,Hours,Virtual Machines,Compute,Virtual Machines,AZ-VIRT-a03fac,Compute,AZSP-d499cc5c,"{""InstanceType"":""Standard_D4s_v5"",""InstanceSeries"":""Ddsv5"",""CoreCount"":4,""MemorySize"":16,""OperatingSystem"":""Linux"",""x_Tenancy"":""Shared""}",/subscriptions/44444444-4444-4444-8444-444444444444/resourceGroups/rg-sandbox-dev/providers/Microsoft.Compute/virtualMachines/vm-cf831ad4,vm-cf831ad4,Virtual Machine,eastus,East US,eastus-1,,,,,,,,,,"{""Environment"":""dev"",""CostCenter"":""cc-2087"",""Owner"":""team-payments""}"
Microsoft Azure,Microsoft,Microsoft Azure,INV-2026-05-000001,8a1b2c3d-0000-4a00-9000-000000000001,ExampleCorp MCA - Primary,Microsoft Customer Agreement,33333333-3333-4333-8333-333333333333,data-analytics,Subscription,2026-05-01T00:00:00Z,2026-06-01T00:00:00Z,2026-05-10T00:00:00Z,2026-05-11T00:00:00Z,Tax,,Tax for Azure Cosmos DB,One-Time,20.598845,20.598845,20.598845,20.598845,,,,,,,,,,USD,,,Azure Cosmos DB,Databases,NoSQL Databases,,,,,,,,,,,,,,,,,,,,"{""Environment"":""dev"",""CostCenter"":""cc-3110"",""Owner"":""team-platform""}"
Microsoft Azure,Microsoft,Microsoft Azure,INV-2026-05-000001,8a1b2c3d-0000-4a00-9000-000000000001,ExampleCorp MCA - Primary,Microsoft Customer Agreement,44444444-4444-4444-8444-444444444444,sandbox-dev,Subscription,2026-05-01T00:00:00Z,2026-06-01T00:00:00Z,2026-05-09T14:00:00Z,2026-05-09T15:00:00Z,Usage,,Standard_D4s_v5 instance,Usage-Based,0.1700666391,0.1700666391,0.1889629323,0.1700666391,0.1889629323,0.1700666391,Standard,1.0000,Hours,EUR,0.1564613080,0.156461307972,0.1738458977,USD,1.0000,Hours,Virtual Machines,Compute,Virtual Machines,AZ-VIRT-cfd2e4,Compute,AZSP-7d16c8f5,"{""InstanceType"":""Standard_D4s_v5"",""InstanceSeries"":""Ddsv5"",""CoreCount"":4,""MemorySize"":16,""OperatingSystem"":""Linux"",""x_Tenancy"":""Shared""}",/subscriptions/44444444-4444-4444-8444-444444444444/resourceGroups/rg-sandbox-dev/providers/Microsoft.Compute/virtualMachines/vm-d5fbcbd8,vm-d5fbcbd8,Virtual Machine,westeurope,West Europe,westeurope-1,,,,,,,,,,"{""Environment"":""dev"",""CostCenter"":""cc-2087"",""Owner"":""team-data""}"
Microsoft Azure,Microsoft,Microsoft Azure,INV-2026-05-000001,8a1b2c3d-0000-4a00-9000-000000000001,ExampleCorp MCA - Primary,Microsoft Customer Agreement,11111111-1111-4111-8111-111111111111,prod-platform,Subscription,2026-05-01T00:00:00Z,2026-06-01T00:00:00Z,2026-05-09T15:00:00Z,2026-05-09T16:00:00Z,Usage,,General Purpose 4 vCore,Usage-Based,0.4473930493,0.4473930493,0.4971033881,0.4473930493,0.4971033881,0.4473930493,Standard,1.0000,Hours,USD,0.4473930493,0.4473930493,0.4971033881,USD,1.0000,Hours,Azure SQL Database,Databases,Relational Databases,AZ-AZUR-a6179e,Database,AZSP-3e356eda,"{""InstanceType"":""GP_Gen5_4"",""CoreCount"":4,""MemorySize"":20,""x_Engine"":""SQLServer""}",/subscriptions/11111111-1111-4111-8111-111111111111/resourceGroups/rg-prod-platform/providers/Microsoft.Sql/servers/databases/sqldb-b54613de,sqldb-b54613de,SQL Database,eastus,East US,,,,,,,,,,,"{""Environment"":""prod"",""CostCenter"":""cc-3110"",""Owner"":""team-platform""}"
Microsoft Azure,Microsoft,Microsoft Azure,INV-2026-05-000001,8a1b2c3d-0000-4a00-9000-000000000001,ExampleCorp MCA - Primary,Microsoft Customer Agreement,44444444-4444-4444-8444-444444444444,sandbox-dev,Subscription,2026-05-01T00:00:00Z,2026-06-01T00:00:00Z,2026-05-01T00:00:00Z,2026-06-01T00:00:00Z,Usage,,Hot LRS data stored,Usage-Based,73.06746200308984,73.06746200308984,81.18606879660006,73.06746200308984,0.0188476542,0.0169628888,Standard,4307.4893,GB-Months,USD,0.0169628888,73.06746200308984,0.0188476542,USD,4307.4893,GB-Months,Azure Blob Storage,Storage,Object Storage,AZ-AZUR-e27950,Storage,AZSP-6caa81d7,"{""x_StorageClass"":""Hot"",""x_Redundancy"":""LRS""}",/subscriptions/44444444-4444-4444-8444-444444444444/resourceGroups/rg-sandbox-dev/providers/Microsoft.Storage/storageAccounts/storf774ad1c,storf774ad1c,Storage Account,westus2,West US 2,,,,,,,,,,,"{""Environment"":""prod"",""CostCenter"":""cc-2087"",""Owner"":""team-data""}"
Microsoft Azure,Microsoft,Microsoft Azure,INV-2026-05-000001,8a1b2c3d-0000-4a00-9000-000000000001,ExampleCorp MCA - Primary,Microsoft Customer Agreement,44444444-4444-4444-8444-444444444444,sandbox-dev,Subscription,2026-05-01T00:00:00Z,2026-06-01T00:00:00Z,2026-05-09T17:00:00Z,2026-05-09T18:00:00Z,Usage,,Function execution duration,Usage-Based,13.73332359467226,13.73332359467226,15.25921592153358,13.73332359467226,0.0000156423,0.0000140781,Standard,975509.7346,GB-Seconds,USD,0.0000140781,13.73332359467226,0.0000156423,USD,975509.7346,GB-Seconds,Azure Functions,Compute,Serverless Compute,AZ-AZUR-57e61c,Compute,AZSP-53f63a7e,"{""x_Plan"":""Consumption"",""x_Runtime"":""dotnet8""}",/subscriptions/44444444-4444-4444-8444-444444444444/resourceGroups/rg-sandbox-dev/providers/Microsoft.Web/sites/func-42aa63be,func-42aa63be,Function App,southeastasia,Southeast Asia,,,,,,,,,,,"{""Environment"":""staging"",""CostCenter"":""cc-3110"",""Owner"":""team-payments""}"
Microsoft Azure,Microsoft,Microsoft Azure,INV-2026-05-000002,8a1b2c3d-0000-4a00-9000-000000000002,ExampleCorp MCA - Secondary,Microsoft Customer Agreement,44444444-4444-4444-8444-444444444444,sandbox-dev,Subscription,2026-05-01T00:00:00Z,2026-06-01T00:00:00Z,2026-05-09T18:00:00Z,2026-05-09T19:00:00Z,Usage,,AKS node pool hours,Usage-Based,0.1738417219,0.1738417219,0.1931574688,0.1738417219,0.1931574688,0.1738417219,Standard,1.0000,Hours,USD,0.1738417219,0.1738417219,0.1931574688,USD,1.0000,Hours,Azure Kubernetes Service,Compute,Containers,AZ-AZUR-361b6d,Compute,AZSP-55d745c7,"{""InstanceType"":""Standard_D4s_v5"",""CoreCount"":4,""MemorySize"":16,""x_NodePool"":""system""}",/subscriptions/44444444-4444-4444-8444-444444444444/resourceGroups/rg-sandbox-dev/providers/Microsoft.ContainerService/managedClusters/aks-2a2cc975,aks-2a2cc975,Managed Cluster,westeurope,West Europe,,,,,,,,,,,"{""Environment"":""staging"",""CostCenter"":""cc-1042"",""Owner"":""team-payments""}"
Microsoft Azure,Microsoft,Microsoft Azure,INV-2026-05-000001,8a1b2c3d-0000-4a00-9000-000000000001,ExampleCorp MCA - Primary,Microsoft Customer Agreement,44444444-4444-4444-8444-444444444444,sandbox-dev,Subscription,2026-05-01T00:00:00Z,2026-06-01T00:00:00Z,2026-05-01T00:00:00Z,2026-06-01T00:00:00Z,Usage,,Hot LRS data stored,Usage-Based,9.64099846869052,9.64099846869052,10.71222051423799,9.64099846869052,0.0182294431,0.0164064988,Standard,587.6329,GB-Months,USD,0.0164064988,9.64099846869052,0.0182294431,USD,587.6329,GB-Months,Azure Blob Storage,Storage,Object Storage,AZ-AZUR-5f73d0,Storage,AZSP-f24aea41,"{""x_StorageClass"":""Hot"",""x_Redundancy"":""LRS""}",/subscriptions/44444444-4444-4444-8444-444444444444/resourceGroups/rg-sandbox-dev/providers/Microsoft.Storage/storageAccounts/stor536afc89,stor536afc89,Storage Account,southeastasia,Southeast Asia,,,,,,,,,,,"{""Environment"":""prod"",""CostCenter"":""cc-2087"",""Owner"":""team-platform""}"
Microsoft Azure,Microsoft,Microsoft Azure,INV-2026-05-000001,8a1b2c3d-0000-4a00-9000-000000000001,ExampleCorp MCA - Primary,Microsoft Customer Agreement,44444444-4444-4444-8444-444444444444,sandbox-dev,Subscription,2026-05-01T00:00:00Z,2026-06-01T00:00:00Z,2026-05-17T00:00:00Z,2026-05-18T00:00:00Z,Usage,,Log data ingested,Usage-Based,198.68007988030968,198.68007988030968,220.75564431252078,198.68007988030968,2.3018830049,2.0716947044,Standard,95.9022,GB,USD,2.0716947044,198.68007988030968,2.3018830049,USD,95.9022,GB,Azure Monitor,Management and Governance,Observability,AZ-AZUR-68c451,Monitoring,AZSP-668ed166,"{""x_DataType"":""Logs""}",/subscriptions/44444444-4444-4444-8444-444444444444/resourceGroups/rg-sandbox-dev/providers/Microsoft.OperationalInsights/workspaces/law-4c2261b7,law-4c2261b7,Log Analytics Workspace,westeurope,West Europe,,,,,,,,,,,"{""Environment"":""staging"",""CostCenter"":""cc-3110"",""Owner"":""team-data""}"
Microsoft Azure,Microsoft,Microsoft Azure,INV-2026-05-000001,8a1b2c3d-0000-4a00-9000-000000000001,ExampleCorp MCA - Primary,Microsoft Customer Agreement,44444444-4444-4444-8444-444444444444,sandbox-dev,Subscription,2026-05-01T00:00:00Z,2026-06-01T00:00:00Z,2026-05-18T00:00:00Z,2026-05-19T00:00:00Z,Tax,,Tax for Azure Functions,One-Time,9.940458,9.940458,9.940458,9.940458,,,,,,,,,,USD,,,Azure Functions,Compute,Serverless Compute,,,,,,,,,,,,,,,,,,,,"{""Environment"":""dev"",""CostCenter"":""cc-2087"",""Owner"":""team-data""}"
Microsoft Azure,Microsoft,Microsoft Azure,INV-2026-05-000001,8a1b2c3d-0000-4a00-9000-000000000001,ExampleCorp MCA - Primary,Microsoft Customer Agreement,33333333-3333-4333-8333-333333333333,data-analytics,Subscription,2026-05-01T00:00:00Z,2026-06-01T00:00:00Z,2026-05-09T22:00:00Z,2026-05-09T23:00:00Z,Usage,,General Purpose 4 vCore,Usage-Based,0.4499350176,0.4499350176,0.4999277973,0.4499350176,0.4999277973,0.4499350176,Standard,1.0000,Hours,USD,0.4499350176,0.4499350176,0.4999277973,USD,1.0000,Hours,Azure SQL Database,Databases,Relational Databases,AZ-AZUR-409d80,Database,AZSP-02c574cd,"{""InstanceType"":""GP_Gen5_4"",""CoreCount"":4,""MemorySize"":20,""x_Engine"":""SQLServer""}",/subscriptions/33333333-3333-4333-8333-333333333333/resourceGroups/rg-data-analytics/providers/Microsoft.Sql/servers/databases/sqldb-23f04821,sqldb-23f04821,SQL Database,westeurope,West Europe,,,,,,,,,,,"{""Environment"":""staging"",""CostCenter"":""cc-3110"",""Owner"":""team-payments""}"
Microsoft Azure,Microsoft,Microsoft Azure,INV-2026-05-000002,8a1b2c3d-0000-4a00-9000-000000000002,ExampleCorp MCA - Secondary,Microsoft Customer Agreement,22222222-2222-4222-8222-222222222222,staging-platform,Subscription,2026-05-01T00:00:00Z,2026-06-01T00:00:00Z,2026-05-09T23:00:00Z,2026-05-10T00:00:00Z,Usage,,Function execution duration,Usage-Based,4.04324882142292,4.04324882142292,4.49250476609396,4.04324882142292,0.0000164318,0.0000147886,Standard,273403.0822,GB-Seconds,USD,0.0000147886,4.04324882142292,0.0000164318,USD,273403.0822,GB-Seconds,Azure Functions,Compute,Serverless Compute,AZ-AZUR-2eab7f,Compute,AZSP-bcc02098,"{""x_Plan"":""Consumption"",""x_Runtime"":""dotnet8""}",/subscriptions/22222222-2222-4222-8222-222222222222/resourceGroups/rg-staging-platform/providers/Microsoft.Web/sites/func-80d8ce76,func-80d8ce76,Function App,westus2,West US 2,,,,,,,,,,,"{""Environment"":""staging"",""CostCenter"":""cc-3110"",""Owner"":""team-payments""}"
Microsoft Azure,Microsoft,Microsoft Azure,INV-2026-05-000001,8a1b2c3d-0000-4a00-9000-000000000001,ExampleCorp MCA - Primary,Microsoft Customer Agreement,11111111-1111-4111-8111-111111111111,prod-platform,Subscription,2026-05-01T00:00:00Z,2026-06-01T00:00:00Z,2026-05-01T00:00:00Z,2026-06-01T00:00:00Z,Usage,,Hot LRS data stored,Usage-Based,90.55019068733352,90.55019068733352,100.61132286578724,90.55019068733352,0.0186101862,0.0167491676,Standard,5406.2502,GB-Months,USD,0.0167491676,90.55019068733352,0.0186101862,USD,5406.2502,GB-Months,Azure Blob Storage,Storage,Object Storage,AZ-AZUR-d17fec,Storage,AZSP-cca79408,"{""x_StorageClass"":""Hot"",""x_Redundancy"":""LRS""}",/subscriptions/11111111-1111-4111-8111-111111111111/resourceGroups/rg-prod-platform/providers/Microsoft.Storage/storageAccounts/stor0dcdd341,stor0dcdd341,Storage Account,westus2,West US 2,,,,,,,,,,,"{""Environment"":""prod"",""CostCenter"":""cc-1042"",""Owner"":""team-data""}"
Microsoft Azure,Microsoft,Microsoft Azure,INV-2026-05-000002,8a1b2c3d-0000-4a00-9000-000000000002,ExampleCorp MCA - Secondary,Microsoft Customer Agreement,11111111-1111-4111-8111-111111111111,prod-platform,Subscription,2026-05-01T00:00:00Z,2026-06-01T00:00:00Z,2026-05-22T00:00:00Z,2026-05-23T00:00:00Z,Usage,,Log data ingested,Usage-Based,794.44367396797424,794.44367396797424,882.71519330200038,794.44367396797424,2.3070874569,2.0763787112,Standard,382.6102,GB,EUR,1.9102684143,730.8881800505363008,2.1225204603,USD,382.6102,GB,Azure Monitor,Management and Governance,Observability,AZ-AZUR-468a8f,Monitoring,AZSP-2642ca47,"{""x_DataType"":""Logs""}",/subscriptions/11111111-1111-4111-8111-111111111111/resourceGroups/rg-prod-platform/providers/Microsoft.OperationalInsights/workspaces/law-caefcac3,law-caefcac3,Log Analytics Workspace,westus2,West US 2,,,,,,,,,,,"{""Environment"":""staging"",""CostCenter"":""cc-3110"",""Owner"":""team-data""}"
Microsoft Azure,Microsoft,Microsoft Azure,INV-2026-05-000001,8a1b2c3d-0000-4a00-9000-000000000001,ExampleCorp MCA - Primary,Microsoft Customer Agreement,22222222-2222-4222-8222-222222222222,staging-platform,Subscription,2026-05-01T00:00:00Z,2026-06-01T00:00:00Z,2026-05-23T00:00:00Z,2026-05-24T00:00:00Z,Tax,,Tax for Azure Kubernetes Service,One-Time,37.063579,37.063579,37.063579,37.063579,,,,,,,,,,USD,,,Azure Kubernetes Service,Compute,Containers,,,,,,,,,,,,,,,,,,,,"{""Environment"":""dev"",""CostCenter"":""cc-3110"",""Owner"":""team-payments""}"
Microsoft Azure,Microsoft,Microsoft Azure,INV-2026-05-000001,8a1b2c3d-0000-4a00-9000-000000000001,ExampleCorp MCA - Primary,Microsoft Customer Agreement,22222222-2222-4222-8222-222222222222,staging-platform,Subscription,2026-05-01T00:00:00Z,2026-06-01T00:00:00Z,2026-05-24T00:00:00Z,2026-05-25T00:00:00Z,Tax,,Tax for Azure Blob Storage,One-Time,29.383056,29.383056,29.383056,29.383056,,,,,,,,,,USD,,,Azure Blob Storage,Storage,Object Storage,,,,,,,,,,,,,,,,,,,,"{""Environment"":""dev"",""CostCenter"":""cc-3110"",""Owner"":""team-data""}"
Microsoft Azure,Microsoft,Microsoft Azure,INV-2026-05-000001,8a1b2c3d-0000-4a00-9000-000000000001,ExampleCorp MCA - Primary,Microsoft Customer Agreement,33333333-3333-4333-8333-333333333333,data-analytics,Subscription,2026-05-01T00:00:00Z,2026-06-01T00:00:00Z,2026-05-10T04:00:00Z,2026-05-10T05:00:00Z,Usage,,General Purpose 4 vCore,Usage-Based,0.4565827568,0.4565827568,0.5073141742,0.4565827568,0.5073141742,0.4565827568,Standard,1.0000,Hours,USD,0.4565827568,0.4565827568,0.5073141742,USD,1.0000,Hours,Azure SQL Database,Databases,Relational Databases,AZ-AZUR-48fdb4,Database,AZSP-6fae9b3b,"{""InstanceType"":""GP_Gen5_4"",""CoreCount"":4,""MemorySize"":20,""x_Engine"":""SQLServer""}",/subscriptions/33333333-3333-4333-8333-333333333333/resourceGroups/rg-data-analytics/providers/Microsoft.Sql/servers/databases/sqldb-89ef0110,sqldb-89ef0110,SQL Database,eastus,East US,,,,,,,,,,,"{""Environment"":""dev"",""CostCenter"":""cc-2087"",""Owner"":""team-platform""}"
Microsoft Azure,Microsoft,Microsoft Azure,INV-2026-05-000001,8a1b2c3d-0000-4a00-9000-000000000001,ExampleCorp MCA - Primary,Microsoft Customer Agreement,11111111-1111-4111-8111-111111111111,prod-platform,Subscription,2026-05-01T00:00:00Z,2026-06-01T00:00:00Z,2026-05-10T05:00:00Z,2026-05-10T06:00:00Z,Usage,,Standard_D4s_v5 instance,Usage-Based,0.1734373368,0.1734373368,0.192708152,0.1734373368,0.1927081520,0.1734373368,Standard,1.0000,Hours,USD,0.1734373368,0.1734373368,0.1927081520,USD,1.0000,Hours,Virtual Machines,Compute,Virtual Machines,AZ-VIRT-f9ffa4,Compute,AZSP-303bf89b,"{""InstanceType"":""Standard_D4s_v5"",""InstanceSeries"":""Ddsv5"",""CoreCount"":4,""MemorySize"":16,""OperatingSystem"":""Linux"",""x_Tenancy"":""Shared""}",/subscriptions/11111111-1111-4111-8111-111111111111/resourceGroups/rg-prod-platform/providers/Microsoft.Compute/virtualMachines/vm-c7c5132a,vm-c7c5132a,Virtual Machine,westeurope,West Europe,westeurope-2,,,,,,,,,,"{""Environment"":""prod"",""CostCenter"":""cc-1042"",""Owner"":""team-platform""}"
Microsoft Azure,Microsoft,Microsoft Azure,INV-2026-05-000001,8a1b2c3d-0000-4a00-9000-000000000001,ExampleCorp MCA - Primary,Microsoft Customer Agreement,44444444-4444-4444-8444-444444444444,sandbox-dev,Subscription,2026-05-01T00:00:00Z,2026-06-01T00:00:00Z,2026-05-27T00:00:00Z,2026-05-28T00:00:00Z,Tax,,Tax for Azure Functions,One-Time,37.442452,37.442452,37.442452,37.442452,,,,,,,,,,USD,,,Azure Functions,Compute,Serverless Compute,,,,,,,,,,,,,,,,,,,,"{""Environment"":""dev"",""CostCenter"":""cc-1042"",""Owner"":""team-payments""}"
Microsoft Azure,Microsoft,Microsoft Azure,INV-2026-05-000001,8a1b2c3d-0000-4a00-9000-000000000001,ExampleCorp MCA - Primary,Microsoft Customer Agreement,44444444-4444-4444-8444-444444444444,sandbox-dev,Subscription,2026-05-01T00:00:00Z,2026-06-01T00:00:00Z,2026-05-10T07:00:00Z,2026-05-10T08:00:00Z,Usage,,Standard_D4s_v5 instance,Usage-Based,0.1759829981,0.1759829981,0.1955366646,0.1759829981,0.1955366646,0.1759829981,Standard,1.0000,Hours,USD,0.1759829981,0.1759829981,0.1955366646,USD,1.0000,Hours,Virtual Machines,Compute,Virtual Machines,AZ-VIRT-ed8811,Compute,AZSP-36df04ab,"{""InstanceType"":""Standard_D4s_v5"",""InstanceSeries"":""Ddsv5"",""CoreCount"":4,""MemorySize"":16,""OperatingSystem"":""Linux"",""x_Tenancy"":""Shared""}",/subscriptions/44444444-4444-4444-8444-444444444444/resourceGroups/rg-sandbox-dev/providers/Microsoft.Compute/virtualMachines/vm-572b2111,vm-572b2111,Virtual Machine,westus2,West US 2,westus2-1,,,,,,,,,,"{""Environment"":""prod"",""CostCenter"":""cc-1042"",""Owner"":""team-payments""}"
Microsoft Azure,Microsoft,Microsoft Azure,INV-2026-05-000002,8a1b2c3d-0000-4a00-9000-000000000002,ExampleCorp MCA - Secondary,Microsoft Customer Agreement,11111111-1111-4111-8111-111111111111,prod-platform,Subscription,2026-05-01T00:00:00Z,2026-06-01T00:00:00Z,2026-05-10T08:00:00Z,2026-05-10T09:00:00Z,Purchase,,"Savings Plan commitment, amortised for the charge period",Recurring,0.128064,0,0.128064,0.128064,1,1,Standard,0.128064,USD,USD,1.0000000000,0,1.0000000000,USD,,,Virtual Machines,Compute,Virtual Machines,AZ-COMMIT-a1310c,Commitment,AZSP-c2e65e06,"{""x_Term"":""P1Y"",""x_PaymentOption"":""NoUpfront""}",/subscriptions/11111111-1111-4111-8111-111111111111/providers/Microsoft.BillingBenefits/savingsPlans/8ce248e70d14,savingsPlans-1eb558bc82,Savings Plan,eastus,East US,,/subscriptions/11111111-1111-4111-8111-111111111111/providers/Microsoft.BillingBenefits/savingsPlans/8ce248e70d14,AzureSavingsPlan-1yr-NoUpfront,Spend,Savings Plan,,0.128064,USD,,,"{""Environment"":""staging"",""CostCenter"":""cc-3110"",""Owner"":""team-platform""}"
Microsoft Azure,Microsoft,Microsoft Azure,INV-2026-05-000002,8a1b2c3d-0000-4a00-9000-000000000002,ExampleCorp MCA - Secondary,Microsoft Customer Agreement,11111111-1111-4111-8111-111111111111,prod-platform,Subscription,2026-05-01T00:00:00Z,2026-06-01T00:00:00Z,2026-05-10T08:00:00Z,2026-05-10T09:00:00Z,Usage,,Virtual Machines committed usage,Usage-Based,0,0.128064,0.192,0.1728,0.1920000000,0.1728000000,Committed,1,Hours,USD,0.1728000000,0.128064,0.1920000000,USD,1,Hours,Virtual Machines,Compute,Virtual Machines,AZ-VIRT-e457c5,Compute,AZSP-bf8bd9f9,"{""InstanceType"":""Standard_D4s_v5"",""InstanceSeries"":""Ddsv5"",""CoreCount"":4,""MemorySize"":16,""OperatingSystem"":""Linux"",""x_Tenancy"":""Shared""}",/subscriptions/11111111-1111-4111-8111-111111111111/resourceGroups/rg-prod-platform/providers/Microsoft.Compute/virtualMachines/vm-000099be20,vm-000099be20,Virtual Machine,eastus,East US,eastus-3,/subscriptions/11111111-1111-4111-8111-111111111111/providers/Microsoft.BillingBenefits/savingsPlans/8ce248e70d14,AzureSavingsPlan-1yr-NoUpfront,Spend,Savings Plan,Used,0.128064,USD,,,"{""Environment"":""prod"",""CostCenter"":""cc-1042"",""Owner"":""team-data""}"
Microsoft Azure,Microsoft,Microsoft Azure,INV-2026-05-000002,8a1b2c3d-0000-4a00-9000-000000000002,ExampleCorp MCA - Secondary,Microsoft Customer Agreement,11111111-1111-4111-8111-111111111111,prod-platform,Subscription,2026-05-01T00:00:00Z,2026-06-01T00:00:00Z,2026-05-10T09:00:00Z,2026-05-10T10:00:00Z,Purchase,,"Savings Plan commitment, amortised for the charge period",Recurring,0.128064,0,0.128064,0.128064,1,1,Standard,0.128064,USD,USD,1.0000000000,0,1.0000000000,USD,,,Virtual Machines,Compute,Virtual Machines,AZ-COMMIT-a1310c,Commitment,AZSP-c2e65e06,"{""x_Term"":""P1Y"",""x_PaymentOption"":""NoUpfront""}",/subscriptions/11111111-1111-4111-8111-111111111111/providers/Microsoft.BillingBenefits/savingsPlans/8ce248e70d14,savingsPlans-1eb558bc82,Savings Plan,eastus,East US,,/subscriptions/11111111-1111-4111-8111-111111111111/providers/Microsoft.BillingBenefits/savingsPlans/8ce248e70d14,AzureSavingsPlan-1yr-NoUpfront,Spend,Savings Plan,,0.128064,USD,,,"{""Environment"":""staging"",""CostCenter"":""cc-1042"",""Owner"":""team-platform""}"
Microsoft Azure,Microsoft,Microsoft Azure,INV-2026-05-000002,8a1b2c3d-0000-4a00-9000-000000000002,ExampleCorp MCA - Secondary,Microsoft Customer Agreement,11111111-1111-4111-8111-111111111111,prod-platform,Subscription,2026-05-01T00:00:00Z,2026-06-01T00:00:00Z,2026-05-10T09:00:00Z,2026-05-10T10:00:00Z,Usage,,Virtual Machines committed usage,Usage-Based,0,0.128064,0.192,0.1728,0.1920000000,0.1728000000,Committed,1,Hours,USD,0.1728000000,0.128064,0.1920000000,USD,1,Hours,Virtual Machines,Compute,Virtual Machines,AZ-VIRT-0b61e6,Compute,AZSP-e57124d2,"{""InstanceType"":""Standard_D4s_v5"",""InstanceSeries"":""Ddsv5"",""CoreCount"":4,""MemorySize"":16,""OperatingSystem"":""Linux"",""x_Tenancy"":""Shared""}",/subscriptions/11111111-1111-4111-8111-111111111111/resourceGroups/rg-prod-platform/providers/Microsoft.Compute/virtualMachines/vm-0001bb9f17,vm-0001bb9f17,Virtual Machine,eastus,East US,eastus-3,/subscriptions/11111111-1111-4111-8111-111111111111/providers/Microsoft.BillingBenefits/savingsPlans/8ce248e70d14,AzureSavingsPlan-1yr-NoUpfront,Spend,Savings Plan,Used,0.128064,USD,,,"{""Environment"":""dev"",""CostCenter"":""cc-1042"",""Owner"":""team-data""}"
Microsoft Azure,Microsoft,Microsoft Azure,INV-2026-05-000002,8a1b2c3d-0000-4a00-9000-000000000002,ExampleCorp MCA - Secondary,Microsoft Customer Agreement,11111111-1111-4111-8111-111111111111,prod-platform,Subscription,2026-05-01T00:00:00Z,2026-06-01T00:00:00Z,2026-05-10T10:00:00Z,2026-05-10T11:00:00Z,Purchase,,"Savings Plan commitment, amortised for the charge period",Recurring,0.128064,0,0.128064,0.128064,1,1,Standard,0.128064,USD,USD,1.0000000000,0,1.0000000000,USD,,,Virtual Machines,Compute,Virtual Machines,AZ-COMMIT-a1310c,Commitment,AZSP-c2e65e06,"{""x_Term"":""P1Y"",""x_PaymentOption"":""NoUpfront""}",/subscriptions/11111111-1111-4111-8111-111111111111/providers/Microsoft.BillingBenefits/savingsPlans/8ce248e70d14,savingsPlans-1eb558bc82,Savings Plan,eastus,East US,,/subscriptions/11111111-1111-4111-8111-111111111111/providers/Microsoft.BillingBenefits/savingsPlans/8ce248e70d14,AzureSavingsPlan-1yr-NoUpfront,Spend,Savings Plan,,0.128064,USD,,,"{""Environment"":""prod"",""CostCenter"":""cc-1042"",""Owner"":""team-platform""}"
Microsoft Azure,Microsoft,Microsoft Azure,INV-2026-05-000002,8a1b2c3d-0000-4a00-9000-000000000002,ExampleCorp MCA - Secondary,Microsoft Customer Agreement,11111111-1111-4111-8111-111111111111,prod-platform,Subscription,2026-05-01T00:00:00Z,2026-06-01T00:00:00Z,2026-05-10T10:00:00Z,2026-05-10T11:00:00Z,Usage,,Virtual Machines committed usage,Usage-Based,0,0.128064,0.192,0.1728,0.1920000000,0.1728000000,Committed,1,Hours,USD,0.1728000000,0.128064,0.1920000000,USD,1,Hours,Virtual Machines,Compute,Virtual Machines,AZ-VIRT-21a2c6,Compute,AZSP-2ade1d63,"{""InstanceType"":""Standard_D4s_v5"",""InstanceSeries"":""Ddsv5"",""CoreCount"":4,""MemorySize"":16,""OperatingSystem"":""Linux"",""x_Tenancy"":""Shared""}",/subscriptions/11111111-1111-4111-8111-111111111111/resourceGroups/rg-prod-platform/providers/Microsoft.Compute/virtualMachines/vm-00020d64fb,vm-00020d64fb,Virtual Machine,eastus,East US,eastus-3,/subscriptions/11111111-1111-4111-8111-111111111111/providers/Microsoft.BillingBenefits/savingsPlans/8ce248e70d14,AzureSavingsPlan-1yr-NoUpfront,Spend,Savings Plan,Used,0.128064,USD,,,"{""Environment"":""dev"",""CostCenter"":""cc-3110"",""Owner"":""team-data""}"
Microsoft Azure,Microsoft,Microsoft Azure,INV-2026-05-000002,8a1b2c3d-0000-4a00-9000-000000000002,ExampleCorp MCA - Secondary,Microsoft Customer Agreement,11111111-1111-4111-8111-111111111111,prod-platform,Subscription,2026-05-01T00:00:00Z,2026-06-01T00:00:00Z,2026-05-10T11:00:00Z,2026-05-10T12:00:00Z,Purchase,,"Savings Plan commitment, amortised for the charge period",Recurring,0.128064,0,0.128064,0.128064,1,1,Standard,0.128064,USD,USD,1.0000000000,0,1.0000000000,USD,,,Virtual Machines,Compute,Virtual Machines,AZ-COMMIT-a1310c,Commitment,AZSP-c2e65e06,"{""x_Term"":""P1Y"",""x_PaymentOption"":""NoUpfront""}",/subscriptions/11111111-1111-4111-8111-111111111111/providers/Microsoft.BillingBenefits/savingsPlans/8ce248e70d14,savingsPlans-1eb558bc82,Savings Plan,eastus,East US,,/subscriptions/11111111-1111-4111-8111-111111111111/providers/Microsoft.BillingBenefits/savingsPlans/8ce248e70d14,AzureSavingsPlan-1yr-NoUpfront,Spend,Savings Plan,,0.128064,USD,,,"{""Environment"":""prod"",""CostCenter"":""cc-2087"",""Owner"":""team-data""}"
Microsoft Azure,Microsoft,Microsoft Azure,INV-2026-05-000002,8a1b2c3d-0000-4a00-9000-000000000002,ExampleCorp MCA - Secondary,Microsoft Customer Agreement,11111111-1111-4111-8111-111111111111,prod-platform,Subscription,2026-05-01T00:00:00Z,2026-06-01T00:00:00Z,2026-05-10T11:00:00Z,2026-05-10T12:00:00Z,Usage,,Virtual Machines committed usage,Usage-Based,0,0.128064,0.192,0.1728,0.1920000000,0.1728000000,Committed,1,Hours,USD,0.1728000000,0.128064,0.1920000000,USD,1,Hours,Virtual Machines,Compute,Virtual Machines,AZ-VIRT-1f6ea6,Compute,AZSP-14e264b6,"{""InstanceType"":""Standard_D4s_v5"",""InstanceSeries"":""Ddsv5"",""CoreCount"":4,""MemorySize"":16,""OperatingSystem"":""Linux"",""x_Tenancy"":""Shared""}",/subscriptions/11111111-1111-4111-8111-111111111111/resourceGroups/rg-prod-platform/providers/Microsoft.Compute/virtualMachines/vm-0003f3987e,vm-0003f3987e,Virtual Machine,eastus,East US,eastus-3,/subscriptions/11111111-1111-4111-8111-111111111111/providers/Microsoft.BillingBenefits/savingsPlans/8ce248e70d14,AzureSavingsPlan-1yr-NoUpfront,Spend,Savings Plan,Used,0.128064,USD,,,"{""Environment"":""dev"",""CostCenter"":""cc-3110"",""Owner"":""team-payments""}"
Microsoft Azure,Microsoft,Microsoft Azure,INV-2026-05-000002,8a1b2c3d-0000-4a00-9000-000000000002,ExampleCorp MCA - Secondary,Microsoft Customer Agreement,11111111-1111-4111-8111-111111111111,prod-platform,Subscription,2026-05-01T00:00:00Z,2026-06-01T00:00:00Z,2026-05-10T12:00:00Z,2026-05-10T13:00:00Z,Purchase,,"Savings Plan commitment, amortised for the charge period",Recurring,0.128064,0,0.128064,0.128064,1,1,Standard,0.128064,USD,USD,1.0000000000,0,1.0000000000,USD,,,Virtual Machines,Compute,Virtual Machines,AZ-COMMIT-a1310c,Commitment,AZSP-c2e65e06,"{""x_Term"":""P1Y"",""x_PaymentOption"":""NoUpfront""}",/subscriptions/11111111-1111-4111-8111-111111111111/providers/Microsoft.BillingBenefits/savingsPlans/8ce248e70d14,savingsPlans-1eb558bc82,Savings Plan,eastus,East US,,/subscriptions/11111111-1111-4111-8111-111111111111/providers/Microsoft.BillingBenefits/savingsPlans/8ce248e70d14,AzureSavingsPlan-1yr-NoUpfront,Spend,Savings Plan,,0.128064,USD,,,"{""Environment"":""prod"",""CostCenter"":""cc-2087"",""Owner"":""team-platform""}"
Microsoft Azure,Microsoft,Microsoft Azure,INV-2026-05-000002,8a1b2c3d-0000-4a00-9000-000000000002,ExampleCorp MCA - Secondary,Microsoft Customer Agreement,11111111-1111-4111-8111-111111111111,prod-platform,Subscription,2026-05-01T00:00:00Z,2026-06-01T00:00:00Z,2026-05-10T12:00:00Z,2026-05-10T13:00:00Z,Usage,,Virtual Machines committed usage,Usage-Based,0,0.128064,0.192,0.1728,0.1920000000,0.1728000000,Committed,1,Hours,USD,0.1728000000,0.128064,0.1920000000,USD,1,Hours,Virtual Machines,Compute,Virtual Machines,AZ-VIRT-c1a724,Compute,AZSP-27cb1197,"{""InstanceType"":""Standard_D4s_v5"",""InstanceSeries"":""Ddsv5"",""CoreCount"":4,""MemorySize"":16,""OperatingSystem"":""Linux"",""x_Tenancy"":""Shared""}",/subscriptions/11111111-1111-4111-8111-111111111111/resourceGroups/rg-prod-platform/providers/Microsoft.Compute/virtualMachines/vm-000485085e,vm-000485085e,Virtual Machine,eastus,East US,eastus-3,/subscriptions/11111111-1111-4111-8111-111111111111/providers/Microsoft.BillingBenefits/savingsPlans/8ce248e70d14,AzureSavingsPlan-1yr-NoUpfront,Spend,Savings Plan,Used,0.128064,USD,,,"{""Environment"":""dev"",""CostCenter"":""cc-2087"",""Owner"":""team-platform""}"
Microsoft Azure,Microsoft,Microsoft Azure,INV-2026-05-000002,8a1b2c3d-0000-4a00-9000-000000000002,ExampleCorp MCA - Secondary,Microsoft Customer Agreement,11111111-1111-4111-8111-111111111111,prod-platform,Subscription,2026-05-01T00:00:00Z,2026-06-01T00:00:00Z,2026-05-10T13:00:00Z,2026-05-10T14:00:00Z,Purchase,,"Savings Plan commitment, amortised for the charge period",Recurring,0.128064,0,0.128064,0.128064,1,1,Standard,0.128064,USD,USD,1.0000000000,0,1.0000000000,USD,,,Virtual Machines,Compute,Virtual Machines,AZ-COMMIT-a1310c,Commitment,AZSP-c2e65e06,"{""x_Term"":""P1Y"",""x_PaymentOption"":""NoUpfront""}",/subscriptions/11111111-1111-4111-8111-111111111111/providers/Microsoft.BillingBenefits/savingsPlans/8ce248e70d14,savingsPlans-1eb558bc82,Savings Plan,eastus,East US,,/subscriptions/11111111-1111-4111-8111-111111111111/providers/Microsoft.BillingBenefits/savingsPlans/8ce248e70d14,AzureSavingsPlan-1yr-NoUpfront,Spend,Savings Plan,,0.128064,USD,,,"{""Environment"":""staging"",""CostCenter"":""cc-1042"",""Owner"":""team-payments""}"
Microsoft Azure,Microsoft,Microsoft Azure,INV-2026-05-000002,8a1b2c3d-0000-4a00-9000-000000000002,ExampleCorp MCA - Secondary,Microsoft Customer Agreement,11111111-1111-4111-8111-111111111111,prod-platform,Subscription,2026-05-01T00:00:00Z,2026-06-01T00:00:00Z,2026-05-10T13:00:00Z,2026-05-10T14:00:00Z,Usage,,Virtual Machines committed usage,Usage-Based,0,0.128064,0.192,0.1728,0.1920000000,0.1728000000,Committed,1,Hours,USD,0.1728000000,0.128064,0.1920000000,USD,1,Hours,Virtual Machines,Compute,Virtual Machines,AZ-VIRT-30ef8e,Compute,AZSP-f029940a,"{""InstanceType"":""Standard_D4s_v5"",""InstanceSeries"":""Ddsv5"",""CoreCount"":4,""MemorySize"":16,""OperatingSystem"":""Linux"",""x_Tenancy"":""Shared""}",/subscriptions/11111111-1111-4111-8111-111111111111/resourceGroups/rg-prod-platform/providers/Microsoft.Compute/virtualMachines/vm-00057f8c17,vm-00057f8c17,Virtual Machine,eastus,East US,eastus-3,/subscriptions/11111111-1111-4111-8111-111111111111/providers/Microsoft.BillingBenefits/savingsPlans/8ce248e70d14,AzureSavingsPlan-1yr-NoUpfront,Spend,Savings Plan,Used,0.128064,USD,,,"{""Environment"":""prod"",""CostCenter"":""cc-1042"",""Owner"":""team-platform""}"
Microsoft Azure,Microsoft,Microsoft Azure,INV-2026-05-000002,8a1b2c3d-0000-4a00-9000-000000000002,ExampleCorp MCA - Secondary,Microsoft Customer Agreement,11111111-1111-4111-8111-111111111111,prod-platform,Subscription,2026-05-01T00:00:00Z,2026-06-01T00:00:00Z,2026-05-10T14:00:00Z,2026-05-10T15:00:00Z,Purchase,,"Savings Plan commitment, amortised for the charge period",Recurring,0.128064,0,0.128064,0.128064,1,1,Standard,0.128064,USD,USD,1.0000000000,0,1.0000000000,USD,,,Virtual Machines,Compute,Virtual Machines,AZ-COMMIT-a1310c,Commitment,AZSP-c2e65e06,"{""x_Term"":""P1Y"",""x_PaymentOption"":""NoUpfront""}",/subscriptions/11111111-1111-4111-8111-111111111111/providers/Microsoft.BillingBenefits/savingsPlans/8ce248e70d14,savingsPlans-1eb558bc82,Savings Plan,eastus,East US,,/subscriptions/11111111-1111-4111-8111-111111111111/providers/Microsoft.BillingBenefits/savingsPlans/8ce248e70d14,AzureSavingsPlan-1yr-NoUpfront,Spend,Savings Plan,,0.128064,USD,,,"{""Environment"":""dev"",""CostCenter"":""cc-2087"",""Owner"":""team-payments""}"
Microsoft Azure,Microsoft,Microsoft Azure,INV-2026-05-000002,8a1b2c3d-0000-4a00-9000-000000000002,ExampleCorp MCA - Secondary,Microsoft Customer Agreement,11111111-1111-4111-8111-111111111111,prod-platform,Subscription,2026-05-01T00:00:00Z,2026-06-01T00:00:00Z,2026-05-10T14:00:00Z,2026-05-10T15:00:00Z,Usage,,Savings Plan unused commitment,Usage-Based,0,0.128064,0.128064,0.128064,1,1,Committed,0.128064,USD,USD,1.0000000000,0.128064,1.0000000000,USD,,,Virtual Machines,Compute,Virtual Machines,AZ-COMMIT-a1310c,Commitment,AZSP-c2e65e06,"{""x_Term"":""P1Y"",""x_PaymentOption"":""NoUpfront""}",/subscriptions/11111111-1111-4111-8111-111111111111/providers/Microsoft.BillingBenefits/savingsPlans/8ce248e70d14,savingsPlans-1eb558bc82,Savings Plan,eastus,East US,,/subscriptions/11111111-1111-4111-8111-111111111111/providers/Microsoft.BillingBenefits/savingsPlans/8ce248e70d14,AzureSavingsPlan-1yr-NoUpfront,Spend,Savings Plan,Unused,0.128064,USD,,,"{""Environment"":""prod"",""CostCenter"":""cc-3110"",""Owner"":""team-platform""}"
Microsoft Azure,Microsoft,Microsoft Azure,INV-2026-05-000002,8a1b2c3d-0000-4a00-9000-000000000002,ExampleCorp MCA - Secondary,Microsoft Customer Agreement,22222222-2222-4222-8222-222222222222,staging-platform,Subscription,2026-05-01T00:00:00Z,2026-06-01T00:00:00Z,2026-05-15T00:00:00Z,2026-05-16T00:00:00Z,Usage,,VNet peering data transfer,Usage-Based,25.90897122516792,25.90897122516792,28.78774593430032,25.90897122516792,0.0099523446,0.0089571101,Standard,2892.5592,GB,USD,0.0089571101,25.90897122516792,0.0099523446,USD,2892.5592,GB,Virtual Network,Networking,Network Connectivity,AZ-VIRT-37e6d0,Data Transfer,AZSP-23d94fbd,"{""x_TransferType"":""Peering""}",/subscriptions/22222222-2222-4222-8222-222222222222/resourceGroups/rg-staging-platform/providers/Microsoft.Network/virtualNetworks/vnet-325523db,vnet-325523db,Virtual Network,eastus,East US,,,,,,,,,,,"{""Environment"":""prod"",""CostCenter"":""cc-3110"",""Owner"":""team-payments""}"
Microsoft Azure,Microsoft,Microsoft Azure,INV-2026-05-000001,8a1b2c3d-0000-4a00-9000-000000000001,ExampleCorp MCA - Primary,Microsoft Customer Agreement,22222222-2222-4222-8222-222222222222,staging-platform,Subscription,2026-05-01T00:00:00Z,2026-06-01T00:00:00Z,2026-05-10T23:00:00Z,2026-05-11T00:00:00Z,Usage,,General Purpose 4 vCore,Usage-Based,0.4524305039,0.4524305039,0.5027005599,0.4524305039,0.5027005599,0.4524305039,Standard,1.0000,Hours,EUR,0.4162360636,0.416236063588,0.4624845151,USD,1.0000,Hours,Azure SQL Database,Databases,Relational Databases,AZ-AZUR-fb0d51,Database,AZSP-2cc868f4,"{""InstanceType"":""GP_Gen5_4"",""CoreCount"":4,""MemorySize"":20,""x_Engine"":""SQLServer""}",/subscriptions/22222222-2222-4222-8222-222222222222/resourceGroups/rg-staging-platform/providers/Microsoft.Sql/servers/databases/sqldb-0aa50ff8,sqldb-0aa50ff8,SQL Database,westus2,West US 2,,,,,,,,,,,"{""Environment"":""dev"",""CostCenter"":""cc-3110"",""Owner"":""team-platform""}"
Microsoft Azure,Microsoft,Microsoft Azure,INV-2026-05-000002,8a1b2c3d-0000-4a00-9000-000000000002,ExampleCorp MCA - Secondary,Microsoft Customer Agreement,22222222-2222-4222-8222-222222222222,staging-platform,Subscription,2026-05-01T00:00:00Z,2026-06-01T00:00:00Z,2026-05-17T00:00:00Z,2026-05-18T00:00:00Z,Purchase,,Azure SQL Database subscription fee,Recurring,569.239817,0,569.239817,569.239817,569.239817,569.239817,Standard,1,Units,USD,569.2398170000,0,569.2398170000,USD,,,Azure SQL Database,Databases,Relational Databases,AZ-AZUR-cec82b,Database,AZSP-b5627798,"{""InstanceType"":""GP_Gen5_4"",""CoreCount"":4,""MemorySize"":20,""x_Engine"":""SQLServer""}",/subscriptions/22222222-2222-4222-8222-222222222222/resourceGroups/rg-staging-platform/providers/Microsoft.Sql/servers/databases/sqldb-b119086a,sqldb-b119086a,SQL Database,southeastasia,Southeast Asia,,,,,,,,,,,"{""Environment"":""dev"",""CostCenter"":""cc-3110"",""Owner"":""team-data""}"
Microsoft Azure,Microsoft,Microsoft Azure,INV-2026-05-000002,8a1b2c3d-0000-4a00-9000-000000000002,ExampleCorp MCA - Secondary,Microsoft Customer Agreement,33333333-3333-4333-8333-333333333333,data-analytics,Subscription,2026-05-01T00:00:00Z,2026-06-01T00:00:00Z,2026-05-18T00:00:00Z,2026-05-19T00:00:00Z,Tax,,Tax for Virtual Machines,One-Time,25.907481,25.907481,25.907481,25.907481,,,,,,,,,,USD,,,Virtual Machines,Compute,Virtual Machines,,,,,,,,,,,,,,,,,,,,"{""Environment"":""dev"",""CostCenter"":""cc-2087"",""Owner"":""team-payments""}"
Microsoft Azure,Microsoft,Microsoft Azure,INV-2026-05-000001,8a1b2c3d-0000-4a00-9000-000000000001,ExampleCorp MCA - Primary,Microsoft Customer Agreement,11111111-1111-4111-8111-111111111111,prod-platform,Subscription,2026-05-01T00:00:00Z,2026-06-01T00:00:00Z,2026-05-11T02:00:00Z,2026-05-11T03:00:00Z,Usage,,Function execution duration,Usage-Based,40.33743506085615,40.33743506085615,44.81928101731743,40.33743506085615,0.0000163683,0.0000147315,Standard,2738175.6821,GB-Seconds,USD,0.0000147315,40.33743506085615,0.0000163683,USD,2738175.6821,GB-Seconds,Azure Functions,Compute,Serverless Compute,AZ-AZUR-01516c,Compute,AZSP-827837bf,"{""x_Plan"":""Consumption"",""x_Runtime"":""dotnet8""}",/subscriptions/11111111-1111-4111-8111-111111111111/resourceGroups/rg-prod-platform/providers/Microsoft.Web/sites/func-ed53485f,func-ed53485f,Function App,westeurope,West Europe,,,,,,,,,,,"{""Environment"":""staging"",""CostCenter"":""cc-1042"",""Owner"":""team-payments""}"
Microsoft Azure,Microsoft,Microsoft Azure,INV-2026-05-000002,8a1b2c3d-0000-4a00-9000-000000000002,ExampleCorp MCA - Secondary,Microsoft Customer Agreement,44444444-4444-4444-8444-444444444444,sandbox-dev,Subscription,2026-05-01T00:00:00Z,2026-06-01T00:00:00Z,2026-05-11T03:00:00Z,2026-05-11T04:00:00Z,Usage,,Standard_D4s_v5 instance,Usage-Based,0.1748823171,0.1748823171,0.1943136857,0.1748823171,0.1943136857,0.1748823171,Standard,1.0000,Hours,EUR,0.1608917317,0.160891731732,0.1787685908,USD,1.0000,Hours,Virtual Machines,Compute,Virtual Machines,AZ-VIRT-3e790a,Compute,AZSP-5feef659,"{""InstanceType"":""Standard_D4s_v5"",""InstanceSeries"":""Ddsv5"",""CoreCount"":4,""MemorySize"":16,""OperatingSystem"":""Linux"",""x_Tenancy"":""Shared""}",/subscriptions/44444444-4444-4444-8444-444444444444/resourceGroups/rg-sandbox-dev/providers/Microsoft.Compute/virtualMachines/vm-7d25a725,vm-7d25a725,Virtual Machine,eastus,East US,eastus-1,,,,,,,,,,"{""Environment"":""staging"",""CostCenter"":""cc-3110"",""Owner"":""team-payments""}"
Microsoft Azure,Microsoft,Microsoft Azure,INV-2026-05-000002,8a1b2c3d-0000-4a00-9000-000000000002,ExampleCorp MCA - Secondary,Microsoft Customer Agreement,44444444-4444-4444-8444-444444444444,sandbox-dev,Subscription,2026-05-01T00:00:00Z,2026-06-01T00:00:00Z,2026-05-11T04:00:00Z,2026-05-11T05:00:00Z,Usage,,Standard_D4s_v5 instance,Usage-Based,0.175748933,0.175748933,0.1952765922,0.175748933,0.1952765922,0.1757489330,Standard,1.0000,Hours,USD,0.1757489330,0.175748933,0.1952765922,USD,1.0000,Hours,Virtual Machines,Compute,Virtual Machines,AZ-VIRT-a6f485,Compute,AZSP-b7e8d0b8,"{""InstanceType"":""Standard_D4s_v5"",""InstanceSeries"":""Ddsv5"",""CoreCount"":4,""MemorySize"":16,""OperatingSystem"":""Linux"",""x_Tenancy"":""Shared""}",/subscriptions/44444444-4444-4444-8444-444444444444/resourceGroups/rg-sandbox-dev/providers/Microsoft.Compute/virtualMachines/vm-1761c897,vm-1761c897,Virtual Machine,eastus,East US,eastus-3,,,,,,,,,,"{""Environment"":""staging"",""CostCenter"":""cc-1042"",""Owner"":""team-data""}"
Microsoft Azure,Microsoft,Microsoft Azure,INV-2026-05-000002,8a1b2c3d-0000-4a00-9000-000000000002,ExampleCorp MCA - Secondary,Microsoft Customer Agreement,11111111-1111-4111-8111-111111111111,prod-platform,Subscription,2026-05-01T00:00:00Z,2026-06-01T00:00:00Z,2026-05-22T00:00:00Z,2026-05-23T00:00:00Z,Usage,,VNet peering data transfer,Usage-Based,34.63974838080984,34.63974838080984,38.48860948262088,34.63974838080984,0.0100264076,0.0090237668,Standard,3838.7238,GB,USD,0.0090237668,34.63974838080984,0.0100264076,USD,3838.7238,GB,Virtual Network,Networking,Network Connectivity,AZ-VIRT-d026eb,Data Transfer,AZSP-da77b481,"{""x_TransferType"":""Peering""}",/subscriptions/11111111-1111-4111-8111-111111111111/resourceGroups/rg-prod-platform/providers/Microsoft.Network/virtualNetworks/vnet-e01b1813,vnet-e01b1813,Virtual Network,westeurope,West Europe,,,,,,,,,,,"{""Environment"":""dev"",""CostCenter"":""cc-1042"",""Owner"":""team-platform""}"
Microsoft Azure,Microsoft,Microsoft Azure,INV-2026-05-000001,8a1b2c3d-0000-4a00-9000-000000000001,ExampleCorp MCA - Primary,Microsoft Customer Agreement,22222222-2222-4222-8222-222222222222,staging-platform,Subscription,2026-05-01T00:00:00Z,2026-06-01T00:00:00Z,2026-05-23T00:00:00Z,2026-05-24T00:00:00Z,Purchase,,Azure Functions subscription fee,Recurring,678.446169,0,678.446169,678.446169,678.446169,678.446169,Standard,1,Units,USD,678.4461690000,0,678.4461690000,USD,,,Azure Functions,Compute,Serverless Compute,AZ-AZUR-6b971a,Compute,AZSP-3c208270,"{""x_Plan"":""Consumption"",""x_Runtime"":""dotnet8""}",/subscriptions/22222222-2222-4222-8222-222222222222/resourceGroups/rg-staging-platform/providers/Microsoft.Web/sites/func-6a080b82,func-6a080b82,Function App,westeurope,West Europe,,,,,,,,,,,"{""Environment"":""staging"",""CostCenter"":""cc-2087"",""Owner"":""team-payments""}"
Microsoft Azure,Microsoft,Microsoft Azure,INV-2026-05-000002,8a1b2c3d-0000-4a00-9000-000000000002,ExampleCorp MCA - Secondary,Microsoft Customer Agreement,22222222-2222-4222-8222-222222222222,staging-platform,Subscription,2026-05-01T00:00:00Z,2026-06-01T00:00:00Z,2026-05-24T00:00:00Z,2026-05-25T00:00:00Z,Tax,,Tax for Azure SQL Database,One-Time,48.283085,48.283085,48.283085,48.283085,,,,,,,,,,USD,,,Azure SQL Database,Databases,Relational Databases,,,,,,,,,,,,,,,,,,,,"{""Environment"":""prod"",""CostCenter"":""cc-2087"",""Owner"":""team-data""}"
Microsoft Azure,Microsoft,Microsoft Azure,INV-2026-05-000002,8a1b2c3d-0000-4a00-9000-000000000002,ExampleCorp MCA - Secondary,Microsoft Customer Agreement,44444444-4444-4444-8444-444444444444,sandbox-dev,Subscription,2026-05-01T00:00:00Z,2026-06-01T00:00:00Z,2026-05-25T00:00:00Z,2026-05-26T00:00:00Z,Tax,,Tax for Virtual Machines,One-Time,23.610862,23.610862,23.610862,23.610862,,,,,,,,,,USD,,,Virtual Machines,Compute,Virtual Machines,,,,,,,,,,,,,,,,,,,,"{""Environment"":""dev"",""CostCenter"":""cc-3110"",""Owner"":""team-platform""}"
Microsoft Azure,Microsoft,Microsoft Azure,INV-2026-05-000002,8a1b2c3d-0000-4a00-9000-000000000002,ExampleCorp MCA - Secondary,Microsoft Customer Agreement,44444444-4444-4444-8444-444444444444,sandbox-dev,Subscription,2026-05-01T00:00:00Z,2026-06-01T00:00:00Z,2026-05-11T09:00:00Z,2026-05-11T10:00:00Z,Usage,,Function execution duration,Usage-Based,34.86066413685954,34.86066413685954,38.73398826574586,34.86066413685954,0.0000155563,0.0000140007,Standard,2489922.9422,GB-Seconds,USD,0.0000140007,34.86066413685954,0.0000155563,USD,2489922.9422,GB-Seconds,Azure Functions,Compute,Serverless Compute,AZ-AZUR-306f54,Compute,AZSP-13e145f6,"{""x_Plan"":""Consumption"",""x_Runtime"":""dotnet8""}",/subscriptions/44444444-4444-4444-8444-444444444444/resourceGroups/rg-sandbox-dev/providers/Microsoft.Web/sites/func-1852ac6f,func-1852ac6f,Function App,eastus,East US,,,,,,,,,,,"{""Environment"":""prod"",""CostCenter"":""cc-3110"",""Owner"":""team-data""}"
Microsoft Azure,Microsoft,Microsoft Azure,INV-2026-05-000002,8a1b2c3d-0000-4a00-9000-000000000002,ExampleCorp MCA - Secondary,Microsoft Customer Agreement,44444444-4444-4444-8444-444444444444,sandbox-dev,Subscription,2026-05-01T00:00:00Z,2026-06-01T00:00:00Z,2026-05-27T00:00:00Z,2026-05-28T00:00:00Z,Usage,,VNet peering data transfer,Usage-Based,42.30541591327458,42.30541591327458,47.00601752696493,42.30541591327458,0.0101447353,0.0091302618,Standard,4633.5381,GB,USD,0.0091302618,42.30541591327458,0.0101447353,USD,4633.5381,GB,Virtual Network,Networking,Network Connectivity,AZ-VIRT-60c089,Data Transfer,AZSP-9b511b05,"{""x_TransferType"":""Peering""}",/subscriptions/44444444-4444-4444-8444-444444444444/resourceGroups/rg-sandbox-dev/providers/Microsoft.Network/virtualNetworks/vnet-c8a273fd,vnet-c8a273fd,Virtual Network,eastus,East US,,,,,,,,,,,"{""Environment"":""dev"",""CostCenter"":""cc-3110"",""Owner"":""team-platform""}"
Microsoft Azure,Microsoft,Microsoft Azure,INV-2026-05-000001,8a1b2c3d-0000-4a00-9000-000000000001,ExampleCorp MCA - Primary,Microsoft Customer Agreement,11111111-1111-4111-8111-111111111111,prod-platform,Subscription,2026-05-01T00:00:00Z,2026-06-01T00:00:00Z,2026-05-11T11:00:00Z,2026-05-11T12:00:00Z,Usage,,Provisioned throughput,Usage-Based,0.0072103018,0.0072103018,0.0080114464,0.0072103018,0.0080114464,0.0072103018,Standard,1.0000,Hours,EUR,0.0066334777,0.006633477656,0.0073705307,USD,1.0000,Hours,Azure Cosmos DB,Databases,NoSQL Databases,AZ-AZUR-563e85,Database,AZSP-45bb891c,"{""x_CapacityMode"":""Provisioned""}",/subscriptions/11111111-1111-4111-8111-111111111111/resourceGroups/rg-prod-platform/providers/Microsoft.DocumentDB/databaseAccounts/cosmos-c3b04774,cosmos-c3b04774,Cosmos DB Account,southeastasia,Southeast Asia,,,,,,,,,,,"{""Environment"":""staging"",""CostCenter"":""cc-3110"",""Owner"":""team-data""}"
Microsoft Azure,Microsoft,Microsoft Azure,INV-2026-05-000001,8a1b2c3d-0000-4a00-9000-000000000001,ExampleCorp MCA - Primary,Microsoft Customer Agreement,22222222-2222-4222-8222-222222222222,staging-platform,Subscription,2026-05-01T00:00:00Z,2026-06-01T00:00:00Z,2026-05-01T00:00:00Z,2026-05-02T00:00:00Z,Purchase,,Azure Functions subscription fee,Recurring,247.791211,0,247.791211,247.791211,247.791211,247.791211,Standard,1,Units,USD,247.7912110000,0,247.7912110000,USD,,,Azure Functions,Compute,Serverless Compute,AZ-AZUR-52a794,Compute,AZSP-2a409a7a,"{""x_Plan"":""Consumption"",""x_Runtime"":""dotnet8""}",/subscriptions/22222222-2222-4222-8222-222222222222/resourceGroups/rg-staging-platform/providers/Microsoft.Web/sites/func-07efa17b,func-07efa17b,Function App,westeurope,West Europe,,,,,,,,,,,"{""Environment"":""prod"",""CostCenter"":""cc-3110"",""Owner"":""team-payments""}"
Microsoft Azure,Microsoft,Microsoft Azure,INV-2026-05-000001,8a1b2c3d-0000-4a00-9000-000000000001,ExampleCorp MCA - Primary,Microsoft Customer Agreement,11111111-1111-4111-8111-111111111111,prod-platform,Subscription,2026-05-01T00:00:00Z,2026-06-01T00:00:00Z,2026-05-02T00:00:00Z,2026-05-03T00:00:00Z,Usage,,VNet peering data transfer,Usage-Based,3.59585423800785,3.59585423800785,3.9953935977865,3.59585423800785,0.0097929650,0.0088136685,Standard,407.9861,GB,USD,0.0088136685,3.59585423800785,0.0097929650,USD,407.9861,GB,Virtual Network,Networking,Network Connectivity,AZ-VIRT-f1df31,Data Transfer,AZSP-42a82d6c,"{""x_TransferType"":""Peering""}",/subscriptions/11111111-1111-4111-8111-111111111111/resourceGroups/rg-prod-platform/providers/Microsoft.Network/virtualNetworks/vnet-25cddecc,vnet-25cddecc,Virtual Network,southeastasia,Southeast Asia,,,,,,,,,,,"{""Environment"":""staging"",""CostCenter"":""cc-3110"",""Owner"":""team-payments""}"
Microsoft Azure,Microsoft,Microsoft Azure,INV-2026-05-000001,8a1b2c3d-0000-4a00-9000-000000000001,ExampleCorp MCA - Primary,Microsoft Customer Agreement,22222222-2222-4222-8222-222222222222,staging-platform,Subscription,2026-05-01T00:00:00Z,2026-06-01T00:00:00Z,2026-05-11T14:00:00Z,2026-05-11T15:00:00Z,Usage,,Standard_D4s_v5 instance,Usage-Based,0.1773352737,0.1773352737,0.197039193,0.1773352737,0.1970391930,0.1773352737,Standard,1.0000,Hours,USD,0.1773352737,0.1773352737,0.1970391930,USD,1.0000,Hours,Virtual Machines,Compute,Virtual Machines,AZ-VIRT-bf7626,Compute,AZSP-831b22ba,"{""InstanceType"":""Standard_D4s_v5"",""InstanceSeries"":""Ddsv5"",""CoreCount"":4,""MemorySize"":16,""OperatingSystem"":""Linux"",""x_Tenancy"":""Shared""}",/subscriptions/22222222-2222-4222-8222-222222222222/resourceGroups/rg-staging-platform/providers/Microsoft.Compute/virtualMachines/vm-6e15edd4,vm-6e15edd4,Virtual Machine,westus2,West US 2,westus2-2,,,,,,,,,,"{""Environment"":""dev"",""CostCenter"":""cc-1042"",""Owner"":""team-payments""}"
Microsoft Azure,Microsoft,Microsoft Azure,INV-2026-05-000002,8a1b2c3d-0000-4a00-9000-000000000002,ExampleCorp MCA - Secondary,Microsoft Customer Agreement,22222222-2222-4222-8222-222222222222,staging-platform,Subscription,2026-05-01T00:00:00Z,2026-06-01T00:00:00Z,2026-05-11T15:00:00Z,2026-05-11T16:00:00Z,Usage,,General Purpose 4 vCore,Usage-Based,0.4551778263,0.4551778263,0.5057531403,0.4551778263,0.5057531403,0.4551778263,Standard,1.0000,Hours,USD,0.4551778263,0.4551778263,0.5057531403,USD,1.0000,Hours,Azure SQL Database,Databases,Relational Databases,AZ-AZUR-a7284a,Database,AZSP-08c5b70e,"{""InstanceType"":""GP_Gen5_4"",""CoreCount"":4,""MemorySize"":20,""x_Engine"":""SQLServer""}",/subscriptions/22222222-2222-4222-8222-222222222222/resourceGroups/rg-staging-platform/providers/Microsoft.Sql/servers/databases/sqldb-ee5e074b,sqldb-ee5e074b,SQL Database,westus2,West US 2,,,,,,,,,,,"{""Environment"":""staging"",""CostCenter"":""cc-1042"",""Owner"":""team-data""}"
Microsoft Azure,Microsoft,Microsoft Azure,INV-2026-05-000001,8a1b2c3d-0000-4a00-9000-000000000001,ExampleCorp MCA - Primary,Microsoft Customer Agreement,33333333-3333-4333-8333-333333333333,data-analytics,Subscription,2026-05-01T00:00:00Z,2026-06-01T00:00:00Z,2026-05-05T00:00:00Z,2026-05-06T00:00:00Z,Tax,,Tax for Azure Blob Storage,One-Time,30.078758,30.078758,30.078758,30.078758,,,,,,,,,,USD,,,Azure Blob Storage,Storage,Object Storage,,,,,,,,,,,,,,,,,,,,"{""Environment"":""dev"",""CostCenter"":""cc-2087"",""Owner"":""team-platform""}"
Microsoft Azure,Microsoft,Microsoft Azure,INV-2026-05-000002,8a1b2c3d-0000-4a00-9000-000000000002,ExampleCorp MCA - Secondary,Microsoft Customer Agreement,44444444-4444-4444-8444-444444444444,sandbox-dev,Subscription,2026-05-01T00:00:00Z,2026-06-01T00:00:00Z,2026-05-06T00:00:00Z,2026-05-07T00:00:00Z,Tax,,Tax for Azure Cosmos DB,One-Time,44.963067,44.963067,44.963067,44.963067,,,,,,,,,,USD,,,Azure Cosmos DB,Databases,NoSQL Databases,,,,,,,,,,,,,,,,,,,,"{""Environment"":""prod"",""CostCenter"":""cc-1042"",""Owner"":""team-platform""}"
Microsoft Azure,Microsoft,Microsoft Azure,INV-2026-05-000001,8a1b2c3d-0000-4a00-9000-000000000001,ExampleCorp MCA - Primary,Microsoft Customer Agreement,44444444-4444-4444-8444-444444444444,sandbox-dev,Subscription,2026-05-01T00:00:00Z,2026-06-01T00:00:00Z,2026-05-11T18:00:00Z,2026-05-11T19:00:00Z,Usage,,Standard_D4s_v5 instance,Usage-Based,0.1746295691,0.1746295691,0.1940328546,0.1746295691,0.1940328546,0.1746295691,Standard,1.0000,Hours,USD,0.1746295691,0.1746295691,0.1940328546,USD,1.0000,Hours,Virtual Machines,Compute,Virtual Machines,AZ-VIRT-e32a1d,Compute,AZSP-c388236f,"{""InstanceType"":""Standard_D4s_v5"",""InstanceSeries"":""Ddsv5"",""CoreCount"":4,""MemorySize"":16,""OperatingSystem"":""Linux"",""x_Tenancy"":""Shared""}",/subscriptions/44444444-4444-4444-8444-444444444444/resourceGroups/rg-sandbox-dev/providers/Microsoft.Compute/virtualMachines/vm-fc734044,vm-fc734044,Virtual Machine,westeurope,West Europe,westeurope-2,,,,,,,,,,"{""Environment"":""prod"",""CostCenter"":""cc-2087"",""Owner"":""team-data""}"
Microsoft Azure,Microsoft,Microsoft Azure,INV-2026-05-000001,8a1b2c3d-0000-4a00-9000-000000000001,ExampleCorp MCA - Primary,Microsoft Customer Agreement,11111111-1111-4111-8111-111111111111,prod-platform,Subscription,2026-05-01T00:00:00Z,2026-06-01T00:00:00Z,2026-05-08T00:00:00Z,2026-05-09T00:00:00Z,Usage,,Log data ingested,Usage-Based,20.2949660814214,20.2949660814214,22.5499623131238,20.2949660814214,2.3126980476,2.0814282428,Standard,9.7505,GB,USD,2.0814282428,20.2949660814214,2.3126980476,USD,9.7505,GB,Azure Monitor,Management and Governance,Observability,AZ-AZUR-8685e2,Monitoring,AZSP-e1f11076,"{""x_DataType"":""Logs""}",/subscriptions/11111111-1111-4111-8111-111111111111/resourceGroups/rg-prod-platform/providers/Microsoft.OperationalInsights/workspaces/law-71de3ac1,law-71de3ac1,Log Analytics Workspace,westus2,West US 2,,,,,,,,,,,"{""Environment"":""dev"",""CostCenter"":""cc-2087"",""Owner"":""team-payments""}"
Microsoft Azure,Microsoft,Microsoft Azure,INV-2026-05-000001,8a1b2c3d-0000-4a00-9000-000000000001,ExampleCorp MCA - Primary,Microsoft Customer Agreement,22222222-2222-4222-8222-222222222222,staging-platform,Subscription,2026-05-01T00:00:00Z,2026-06-01T00:00:00Z,2026-05-11T20:00:00Z,2026-05-11T21:00:00Z,Usage,,Function execution duration,Usage-Based,26.87313321367433,26.87313321367433,29.85893209066455,26.87313321367433,0.0000158265,0.0000142439,Standard,1886641.5247,GB-Seconds,USD,0.0000142439,26.87313321367433,0.0000158265,USD,1886641.5247,GB-Seconds,Azure Functions,Compute,Serverless Compute,AZ-AZUR-0e0a4d,Compute,AZSP-aac2d13b,"{""x_Plan"":""Consumption"",""x_Runtime"":""dotnet8""}",/subscriptions/22222222-2222-4222-8222-222222222222/resourceGroups/rg-staging-platform/providers/Microsoft.Web/sites/func-d1a86e18,func-d1a86e18,Function App,westeurope,West Europe,,,,,,,,,,,"{""Environment"":""dev"",""CostCenter"":""cc-1042"",""Owner"":""team-data""}"
Microsoft Azure,Microsoft,Microsoft Azure,INV-2026-05-000001,8a1b2c3d-0000-4a00-9000-000000000001,ExampleCorp MCA - Primary,Microsoft Customer Agreement,44444444-4444-4444-8444-444444444444,sandbox-dev,Subscription,2026-05-01T00:00:00Z,2026-06-01T00:00:00Z,2026-05-11T21:00:00Z,2026-05-11T22:00:00Z,Usage,,Provisioned throughput,Usage-Based,0.007134481,0.007134481,0.0079272011,0.007134481,0.0079272011,0.0071344810,Standard,1.0000,Hours,USD,0.0071344810,0.007134481,0.0079272011,USD,1.0000,Hours,Azure Cosmos DB,Databases,NoSQL Databases,AZ-AZUR-50fed9,Database,AZSP-491dc9da,"{""x_CapacityMode"":""Provisioned""}",/subscriptions/44444444-4444-4444-8444-444444444444/resourceGroups/rg-sandbox-dev/providers/Microsoft.DocumentDB/databaseAccounts/cosmos-e61404df,cosmos-e61404df,Cosmos DB Account,westus2,West US 2,,,,,,,,,,,"{""Environment"":""staging"",""CostCenter"":""cc-3110"",""Owner"":""team-payments""}"
Microsoft Azure,Microsoft,Microsoft Azure,INV-2026-05-000001,8a1b2c3d-0000-4a00-9000-000000000001,ExampleCorp MCA - Primary,Microsoft Customer Agreement,22222222-2222-4222-8222-222222222222,staging-platform,Subscription,2026-05-01T00:00:00Z,2026-06-01T00:00:00Z,2026-05-11T22:00:00Z,2026-05-11T23:00:00Z,Usage,,Function execution duration,Usage-Based,15.65059853545828,15.65059853545828,17.38954198589629,15.65059853545828,0.0000161791,0.0000145612,Standard,1074815.1619,GB-Seconds,USD,0.0000145612,15.65059853545828,0.0000161791,USD,1074815.1619,GB-Seconds,Azure Functions,Compute,Serverless Compute,AZ-AZUR-81a129,Compute,AZSP-c6118ccb,"{""x_Plan"":""Consumption"",""x_Runtime"":""dotnet8""}",/subscriptions/22222222-2222-4222-8222-222222222222/resourceGroups/rg-staging-platform/providers/Microsoft.Web/sites/func-1402d398,func-1402d398,Function App,eastus,East US,,,,,,,,,,,"{""Environment"":""dev"",""CostCenter"":""cc-2087"",""Owner"":""team-payments""}"
Microsoft Azure,Microsoft,Microsoft Azure,INV-2026-05-000002,8a1b2c3d-0000-4a00-9000-000000000002,ExampleCorp MCA - Secondary,Microsoft Customer Agreement,11111111-1111-4111-8111-111111111111,prod-platform,Subscription,2026-05-01T00:00:00Z,2026-06-01T00:00:00Z,2026-05-12T00:00:00Z,2026-05-13T00:00:00Z,Usage,,VNet peering data transfer,Usage-Based,40.39265662577046,40.39265662577046,44.88072973841754,40.39265662577046,0.0097000737,0.0087300663,Standard,4626.8442,GB,USD,0.0087300663,40.39265662577046,0.0097000737,USD,4626.8442,GB,Virtual Network,Networking,Network Connectivity,AZ-VIRT-de4a0e,Data Transfer,AZSP-a0add5c9,"{""x_TransferType"":""Peering""}",/subscriptions/11111111-1111-4111-8111-111111111111/resourceGroups/rg-prod-platform/providers/Microsoft.Network/virtualNetworks/vnet-71ea77ef,vnet-71ea77ef,Virtual Network,southeastasia,Southeast Asia,,,,,,,,,,,"{""Environment"":""staging"",""CostCenter"":""cc-2087"",""Owner"":""team-payments""}"
Microsoft Azure,Microsoft,Microsoft Azure,INV-2026-05-000001,8a1b2c3d-0000-4a00-9000-000000000001,ExampleCorp MCA - Primary,Microsoft Customer Agreement,33333333-3333-4333-8333-333333333333,data-analytics,Subscription,2026-05-01T00:00:00Z,2026-06-01T00:00:00Z,2026-05-13T00:00:00Z,2026-05-14T00:00:00Z,Usage,,Log data ingested,Usage-Based,414.24720669985665,414.24720669985665,460.27467410006145,414.24720669985665,2.3480179205,2.1132161285,Standard,196.0269,GB,EUR,1.9441588382,381.107430163868118,2.1601764869,USD,196.0269,GB,Azure Monitor,Management and Governance,Observability,AZ-AZUR-f40e87,Monitoring,AZSP-2ac81388,"{""x_DataType"":""Logs""}",/subscriptions/33333333-3333-4333-8333-333333333333/resourceGroups/rg-data-analytics/providers/Microsoft.OperationalInsights/workspaces/law-52370bec,law-52370bec,Log Analytics Workspace,southeastasia,Southeast Asia,,,,,,,,,,,"{""Environment"":""prod"",""CostCenter"":""cc-3110"",""Owner"":""team-payments""}"
Microsoft Azure,Microsoft,Microsoft Azure,INV-2026-05-000001,8a1b2c3d-0000-4a00-9000-000000000001,ExampleCorp MCA - Primary,Microsoft Customer Agreement,33333333-3333-4333-8333-333333333333,data-analytics,Subscription,2026-05-01T00:00:00Z,2026-06-01T00:00:00Z,2026-05-12T01:00:00Z,2026-05-12T02:00:00Z,Usage,,Function execution duration,Usage-Based,2.71123810223508,2.71123810223508,3.01249304426931,2.71123810223508,0.0000160307,0.0000144276,Standard,187920.2433,GB-Seconds,USD,0.0000144276,2.71123810223508,0.0000160307,USD,187920.2433,GB-Seconds,Azure Functions,Compute,Serverless Compute,AZ-AZUR-fea01d,Compute,AZSP-4cf5654b,"{""x_Plan"":""Consumption"",""x_Runtime"":""dotnet8""}",/subscriptions/33333333-3333-4333-8333-333333333333/resourceGroups/rg-data-analytics/providers/Microsoft.Web/sites/func-2e014b10,func-2e014b10,Function App,eastus,East US,,,,,,,,,,,"{""Environment"":""prod"",""CostCenter"":""cc-2087"",""Owner"":""team-payments""}"
Microsoft Azure,Microsoft,Microsoft Azure,INV-2026-05-000002,8a1b2c3d-0000-4a00-9000-000000000002,ExampleCorp MCA - Secondary,Microsoft Customer Agreement,44444444-4444-4444-8444-444444444444,sandbox-dev,Subscription,2026-05-01T00:00:00Z,2026-06-01T00:00:00Z,2026-05-15T00:00:00Z,2026-05-16T00:00:00Z,Usage,,VNet peering data transfer,Usage-Based,5.79870053913416,5.79870053913416,6.44300061330588,5.79870053913416,0.0100349418,0.0090314476,Standard,642.0566,GB,EUR,0.0083089318,5.3348044960034272,0.0092321465,USD,642.0566,GB,Virtual Network,Networking,Network Connectivity,AZ-VIRT-d4b038,Data Transfer,AZSP-5dc0f62b,"{""x_TransferType"":""Peering""}",/subscriptions/44444444-4444-4444-8444-444444444444/resourceGroups/rg-sandbox-dev/providers/Microsoft.Network/virtualNetworks/vnet-258f705c,vnet-258f705c,Virtual Network,westeurope,West Europe,,,,,,,,,,,"{""Environment"":""dev"",""CostCenter"":""cc-3110"",""Owner"":""team-data""}"
Microsoft Azure,Microsoft,Microsoft Azure,INV-2026-05-000002,8a1b2c3d-0000-4a00-9000-000000000002,ExampleCorp MCA - Secondary,Microsoft Customer Agreement,22222222-2222-4222-8222-222222222222,staging-platform,Subscription,2026-05-01T00:00:00Z,2026-06-01T00:00:00Z,2026-05-12T03:00:00Z,2026-05-12T04:00:00Z,Usage,,Standard_D4s_v5 instance,Usage-Based,0.1709994425,0.1709994425,0.1899993806,0.1709994425,0.1899993806,0.1709994425,Standard,1.0000,Hours,USD,0.1709994425,0.1709994425,0.1899993806,USD,1.0000,Hours,Virtual Machines,Compute,Virtual Machines,AZ-VIRT-d23926,Compute,AZSP-12323666,"{""InstanceType"":""Standard_D4s_v5"",""InstanceSeries"":""Ddsv5"",""CoreCount"":4,""MemorySize"":16,""OperatingSystem"":""Linux"",""x_Tenancy"":""Shared""}",/subscriptions/22222222-2222-4222-8222-222222222222/resourceGroups/rg-staging-platform/providers/Microsoft.Compute/virtualMachines/vm-c3ab6a28,vm-c3ab6a28,Virtual Machine,eastus,East US,eastus-1,,,,,,,,,,"{""Environment"":""dev"",""CostCenter"":""cc-1042"",""Owner"":""team-data""}"
Microsoft Azure,Microsoft,Microsoft Azure,INV-2026-05-000002,8a1b2c3d-0000-4a00-9000-000000000002,ExampleCorp MCA - Secondary,Microsoft Customer Agreement,33333333-3333-4333-8333-333333333333,data-analytics,Subscription,2026-05-01T00:00:00Z,2026-06-01T00:00:00Z,2026-05-12T04:00:00Z,2026-05-12T05:00:00Z,Usage,,Standard_D4s_v5 instance,Usage-Based,0.1754268065,0.1754268065,0.1949186739,0.1754268065,0.1949186739,0.1754268065,Standard,1.0000,Hours,USD,0.1754268065,0.1754268065,0.1949186739,USD,1.0000,Hours,Virtual Machines,Compute,Virtual Machines,AZ-VIRT-52a7b7,Compute,AZSP-8cd122d2,"{""InstanceType"":""Standard_D4s_v5"",""InstanceSeries"":""Ddsv5"",""CoreCount"":4,""MemorySize"":16,""OperatingSystem"":""Linux"",""x_Tenancy"":""Shared""}",/subscriptions/33333333-3333-4333-8333-333333333333/resourceGroups/rg-data-analytics/providers/Microsoft.Compute/virtualMachines/vm-288a1a58,vm-288a1a58,Virtual Machine,eastus,East US,eastus-2,,,,,,,,,,"{""Environment"":""dev"",""CostCenter"":""cc-2087"",""Owner"":""team-data""}"
Microsoft Azure,Microsoft,Microsoft Azure,INV-2026-05-000002,8a1b2c3d-0000-4a00-9000-000000000002,ExampleCorp MCA - Secondary,Microsoft Customer Agreement,22222222-2222-4222-8222-222222222222,staging-platform,Subscription,2026-05-01T00:00:00Z,2026-06-01T00:00:00Z,2026-05-18T00:00:00Z,2026-05-19T00:00:00Z,Usage,,VNet peering data transfer,Usage-Based,31.37230936405558,31.37230936405558,34.85812147665253,31.37230936405558,0.0099400651,0.0089460586,Standard,3506.8303,GB,EUR,0.0082303739,28.8625246149311336,0.0091448599,USD,3506.8303,GB,Virtual Network,Networking,Network Connectivity,AZ-VIRT-7fca28,Data Transfer,AZSP-a3d648dd,"{""x_TransferType"":""Peering""}",/subscriptions/22222222-2222-4222-8222-222222222222/resourceGroups/rg-staging-platform/providers/Microsoft.Network/virtualNetworks/vnet-21445836,vnet-21445836,Virtual Network,southeastasia,Southeast Asia,,,,,,,,,,,"{""Environment"":""dev"",""CostCenter"":""cc-2087"",""Owner"":""team-payments""}"
Microsoft Azure,Microsoft,Microsoft Azure,INV-2026-05-000001,8a1b2c3d-0000-4a00-9000-000000000001,ExampleCorp MCA - Primary,Microsoft Customer Agreement,44444444-4444-4444-8444-444444444444,sandbox-dev,Subscription,2026-05-01T00:00:00Z,2026-06-01T00:00:00Z,2026-05-19T00:00:00Z,2026-05-20T00:00:00Z,Usage,,Log data ingested,Usage-Based,507.26711829651376,507.26711829651376,563.63013142936684,507.26711829651376,2.2358281084,2.0122452976,Standard,252.0901,GB,USD,2.0122452976,507.26711829651376,2.2358281084,USD,252.0901,GB,Azure Monitor,Management and Governance,Observability,AZ-AZUR-91dff3,Monitoring,AZSP-7e437f9d,"{""x_DataType"":""Logs""}",/subscriptions/44444444-4444-4444-8444-444444444444/resourceGroups/rg-sandbox-dev/providers/Microsoft.OperationalInsights/workspaces/law-7021050f,law-7021050f,Log Analytics Workspace,westeurope,West Europe,,,,,,,,,,,"{""Environment"":""prod"",""CostCenter"":""cc-3110"",""Owner"":""team-platform""}"
Microsoft Azure,Microsoft,Microsoft Azure,INV-2026-05-000001,8a1b2c3d-0000-4a00-9000-000000000001,ExampleCorp MCA - Primary,Microsoft Customer Agreement,44444444-4444-4444-8444-444444444444,sandbox-dev,Subscription,2026-05-01T00:00:00Z,2026-06-01T00:00:00Z,2026-05-20T00:00:00Z,2026-05-21T00:00:00Z,Tax,,Tax for Azure SQL Database,One-Time,39.668909,39.668909,39.668909,39.668909,,,,,,,,,,USD,,,Azure SQL Database,Databases,Relational Databases,,,,,,,,,,,,,,,,,,,,"{""Environment"":""staging"",""CostCenter"":""cc-3110"",""Owner"":""team-payments""}"
Microsoft Azure,Microsoft,Microsoft Azure,INV-2026-05-000001,8a1b2c3d-0000-4a00-9000-000000000001,ExampleCorp MCA - Primary,Microsoft Customer Agreement,44444444-4444-4444-8444-444444444444,sandbox-dev,Subscription,2026-05-01T00:00:00Z,2026-06-01T00:00:00Z,2026-05-21T00:00:00Z,2026-05-22T00:00:00Z,Usage,,VNet peering data transfer,Usage-Based,15.7764802534857,15.7764802534857,17.5294224247464,15.7764802534857,0.0098460624,0.0088614562,Standard,1780.3485,GB,USD,0.0088614562,15.7764802534857,0.0098460624,USD,1780.3485,GB,Virtual Network,Networking,Network Connectivity,AZ-VIRT-d2ec2a,Data Transfer,AZSP-dd7bad65,"{""x_TransferType"":""Peering""}",/subscriptions/44444444-4444-4444-8444-444444444444/resourceGroups/rg-sandbox-dev/providers/Microsoft.Network/virtualNetworks/vnet-fa1bcbfe,vnet-fa1bcbfe,Virtual Network,eastus,East US,,,,,,,,,,,"{""Environment"":""dev"",""CostCenter"":""cc-2087"",""Owner"":""team-data""}"
Microsoft Azure,Microsoft,Microsoft Azure,INV-2026-05-000001,8a1b2c3d-0000-4a00-9000-000000000001,ExampleCorp MCA - Primary,Microsoft Customer Agreement,44444444-4444-4444-8444-444444444444,sandbox-dev,Subscription,2026-05-01T00:00:00Z,2026-06-01T00:00:00Z,2026-05-12T09:00:00Z,2026-05-12T10:00:00Z,Usage,,General Purpose 4 vCore,Usage-Based,0.4607145711,0.4607145711,0.511905079,0.4607145711,0.5119050790,0.4607145711,Standard,1.0000,Hours,USD,0.4607145711,0.4607145711,0.5119050790,USD,1.0000,Hours,Azure SQL Database,Databases,Relational Databases,AZ-AZUR-2127c7,Database,AZSP-b439bc94,"{""InstanceType"":""GP_Gen5_4"",""CoreCount"":4,""MemorySize"":20,""x_Engine"":""SQLServer""}",/subscriptions/44444444-4444-4444-8444-444444444444/resourceGroups/rg-sandbox-dev/providers/Microsoft.Sql/servers/databases/sqldb-a56c484d,sqldb-a56c484d,SQL Database,southeastasia,Southeast Asia,,,,,,,,,,,"{""Environment"":""staging"",""CostCenter"":""cc-2087"",""Owner"":""team-payments""}"
Microsoft Azure,Microsoft,Microsoft Azure,INV-2026-05-000001,8a1b2c3d-0000-4a00-9000-000000000001,ExampleCorp MCA - Primary,Microsoft Customer Agreement,44444444-4444-4444-8444-444444444444,sandbox-dev,Subscription,2026-05-01T00:00:00Z,2026-06-01T00:00:00Z,2026-05-12T10:00:00Z,2026-05-12T11:00:00Z,Purchase,,"Reservation commitment, amortised for the charge period",Recurring,0.128064,0,0.128064,0.128064,0.1280640000,0.1280640000,Standard,1,Hours,USD,0.1280640000,0,0.1280640000,USD,,,Virtual Machines,Compute,Virtual Machines,AZ-COMMIT-b65c98,Commitment,AZSP-a1f629d4,"{""x_Term"":""P1Y"",""x_PaymentOption"":""NoUpfront""}",/subscriptions/44444444-4444-4444-8444-444444444444/providers/Microsoft.BillingBenefits/reservations/0bbd30a7ec05,reservations-6c130264ce,Reservation,eastus,East US,,/subscriptions/44444444-4444-4444-8444-444444444444/providers/Microsoft.BillingBenefits/reservations/0bbd30a7ec05,AzureReservation-1yr-NoUpfront,Usage,Reservation,,1,Hours,,,"{""Environment"":""dev"",""CostCenter"":""cc-1042"",""Owner"":""team-data""}"
Microsoft Azure,Microsoft,Microsoft Azure,INV-2026-05-000001,8a1b2c3d-0000-4a00-9000-000000000001,ExampleCorp MCA - Primary,Microsoft Customer Agreement,44444444-4444-4444-8444-444444444444,sandbox-dev,Subscription,2026-05-01T00:00:00Z,2026-06-01T00:00:00Z,2026-05-12T10:00:00Z,2026-05-12T11:00:00Z,Usage,,Virtual Machines committed usage,Usage-Based,0,0.128064,0.192,0.1728,0.1920000000,0.1728000000,Committed,1,Hours,USD,0.1728000000,0.128064,0.1920000000,USD,1,Hours,Virtual Machines,Compute,Virtual Machines,AZ-VIRT-a52454,Compute,AZSP-03978aff,"{""InstanceType"":""Standard_D4s_v5"",""InstanceSeries"":""Ddsv5"",""CoreCount"":4,""MemorySize"":16,""OperatingSystem"":""Linux"",""x_Tenancy"":""Shared""}",/subscriptions/44444444-4444-4444-8444-444444444444/resourceGroups/rg-sandbox-dev/providers/Microsoft.Compute/virtualMachines/vm-0000265407,vm-0000265407,Virtual Machine,eastus,East US,eastus-2,/subscriptions/44444444-4444-4444-8444-444444444444/providers/Microsoft.BillingBenefits/reservations/0bbd30a7ec05,AzureReservation-1yr-NoUpfront,Usage,Reservation,Used,1,Hours,,,"{""Environment"":""staging"",""CostCenter"":""cc-1042"",""Owner"":""team-payments""}"
Microsoft Azure,Microsoft,Microsoft Azure,INV-2026-05-000001,8a1b2c3d-0000-4a00-9000-000000000001,ExampleCorp MCA - Primary,Microsoft Customer Agreement,44444444-4444-4444-8444-444444444444,sandbox-dev,Subscription,2026-05-01T00:00:00Z,2026-06-01T00:00:00Z,2026-05-12T11:00:00Z,2026-05-12T12:00:00Z,Purchase,,"Reservation commitment, amortised for the charge period",Recurring,0.128064,0,0.128064,0.128064,0.1280640000,0.1280640000,Standard,1,Hours,USD,0.1280640000,0,0.1280640000,USD,,,Virtual Machines,Compute,Virtual Machines,AZ-COMMIT-b65c98,Commitment,AZSP-a1f629d4,"{""x_Term"":""P1Y"",""x_PaymentOption"":""NoUpfront""}",/subscriptions/44444444-4444-4444-8444-444444444444/providers/Microsoft.BillingBenefits/reservations/0bbd30a7ec05,reservations-6c130264ce,Reservation,eastus,East US,,/subscriptions/44444444-4444-4444-8444-444444444444/providers/Microsoft.BillingBenefits/reservations/0bbd30a7ec05,AzureReservation-1yr-NoUpfront,Usage,Reservation,,1,Hours,,,"{""Environment"":""prod"",""CostCenter"":""cc-1042"",""Owner"":""team-platform""}"
Microsoft Azure,Microsoft,Microsoft Azure,INV-2026-05-000001,8a1b2c3d-0000-4a00-9000-000000000001,ExampleCorp MCA - Primary,Microsoft Customer Agreement,44444444-4444-4444-8444-444444444444,sandbox-dev,Subscription,2026-05-01T00:00:00Z,2026-06-01T00:00:00Z,2026-05-12T11:00:00Z,2026-05-12T12:00:00Z,Usage,,Virtual Machines committed usage,Usage-Based,0,0.128064,0.192,0.1728,0.1920000000,0.1728000000,Committed,1,Hours,USD,0.1728000000,0.128064,0.1920000000,USD,1,Hours,Virtual Machines,Compute,Virtual Machines,AZ-VIRT-4c4b0c,Compute,AZSP-17458d54,"{""InstanceType"":""Standard_D4s_v5"",""InstanceSeries"":""Ddsv5"",""CoreCount"":4,""MemorySize"":16,""OperatingSystem"":""Linux"",""x_Tenancy"":""Shared""}",/subscriptions/44444444-4444-4444-8444-444444444444/resourceGroups/rg-sandbox-dev/providers/Microsoft.Compute/virtualMachines/vm-0001fbf4e4,vm-0001fbf4e4,Virtual Machine,eastus,East US,eastus-2,/subscriptions/44444444-4444-4444-8444-444444444444/providers/Microsoft.BillingBenefits/reservations/0bbd30a7ec05,AzureReservation-1yr-NoUpfront,Usage,Reservation,Used,1,Hours,,,"{""Environment"":""dev"",""CostCenter"":""cc-1042"",""Owner"":""team-payments""}"
Microsoft Azure,Microsoft,Microsoft Azure,INV-2026-05-000001,8a1b2c3d-0000-4a00-9000-000000000001,ExampleCorp MCA - Primary,Microsoft Customer Agreement,44444444-4444-4444-8444-444444444444,sandbox-dev,Subscription,2026-05-01T00:00:00Z,2026-06-01T00:00:00Z,2026-05-12T12:00:00Z,2026-05-12T13:00:00Z,Purchase,,"Reservation commitment, amortised for the charge period",Recurring,0.128064,0,0.128064,0.128064,0.1280640000,0.1280640000,Standard,1,Hours,USD,0.1280640000,0,0.1280640000,USD,,,Virtual Machines,Compute,Virtual Machines,AZ-COMMIT-b65c98,Commitment,AZSP-a1f629d4,"{""x_Term"":""P1Y"",""x_PaymentOption"":""NoUpfront""}",/subscriptions/44444444-4444-4444-8444-444444444444/providers/Microsoft.BillingBenefits/reservations/0bbd30a7ec05,reservations-6c130264ce,Reservation,eastus,East US,,/subscriptions/44444444-4444-4444-8444-444444444444/providers/Microsoft.BillingBenefits/reservations/0bbd30a7ec05,AzureReservation-1yr-NoUpfront,Usage,Reservation,,1,Hours,,,"{""Environment"":""dev"",""CostCenter"":""cc-1042"",""Owner"":""team-platform""}"
Microsoft Azure,Microsoft,Microsoft Azure,INV-2026-05-000001,8a1b2c3d-0000-4a00-9000-000000000001,ExampleCorp MCA - Primary,Microsoft Customer Agreement,44444444-4444-4444-8444-444444444444,sandbox-dev,Subscription,2026-05-01T00:00:00Z,2026-06-01T00:00:00Z,2026-05-12T12:00:00Z,2026-05-12T13:00:00Z,Usage,,Virtual Machines committed usage,Usage-Based,0,0.128064,0.192,0.1728,0.1920000000,0.1728000000,Committed,1,Hours,USD,0.1728000000,0.128064,0.1920000000,USD,1,Hours,Virtual Machines,Compute,Virtual Machines,AZ-VIRT-0c8fc5,Compute,AZSP-e763489f,"{""InstanceType"":""Standard_D4s_v5"",""InstanceSeries"":""Ddsv5"",""CoreCount"":4,""MemorySize"":16,""OperatingSystem"":""Linux"",""x_Tenancy"":""Shared""}",/subscriptions/44444444-4444-4444-8444-444444444444/resourceGroups/rg-sandbox-dev/providers/Microsoft.Compute/virtualMachines/vm-00029e568f,vm-00029e568f,Virtual Machine,eastus,East US,eastus-2,/subscriptions/44444444-4444-4444-8444-444444444444/providers/Microsoft.BillingBenefits/reservations/0bbd30a7ec05,AzureReservation-1yr-NoUpfront,Usage,Reservation,Used,1,Hours,,,"{""Environment"":""staging"",""CostCenter"":""cc-3110"",""Owner"":""team-payments""}"
Microsoft Azure,Microsoft,Microsoft Azure,INV-2026-05-000001,8a1b2c3d-0000-4a00-9000-000000000001,ExampleCorp MCA - Primary,Microsoft Customer Agreement,44444444-4444-4444-8444-444444444444,sandbox-dev,Subscription,2026-05-01T00:00:00Z,2026-06-01T00:00:00Z,2026-05-12T13:00:00Z,2026-05-12T14:00:00Z,Purchase,,"Reservation commitment, amortised for the charge period",Recurring,0.128064,0,0.128064,0.128064,0.1280640000,0.1280640000,Standard,1,Hours,USD,0.1280640000,0,0.1280640000,USD,,,Virtual Machines,Compute,Virtual Machines,AZ-COMMIT-b65c98,Commitment,AZSP-a1f629d4,"{""x_Term"":""P1Y"",""x_PaymentOption"":""NoUpfront""}",/subscriptions/44444444-4444-4444-8444-444444444444/providers/Microsoft.BillingBenefits/reservations/0bbd30a7ec05,reservations-6c130264ce,Reservation,eastus,East US,,/subscriptions/44444444-4444-4444-8444-444444444444/providers/Microsoft.BillingBenefits/reservations/0bbd30a7ec05,AzureReservation-1yr-NoUpfront,Usage,Reservation,,1,Hours,,,"{""Environment"":""prod"",""CostCenter"":""cc-1042"",""Owner"":""team-data""}"
Microsoft Azure,Microsoft,Microsoft Azure,INV-2026-05-000001,8a1b2c3d-0000-4a00-9000-000000000001,ExampleCorp MCA - Primary,Microsoft Customer Agreement,44444444-4444-4444-8444-444444444444,sandbox-dev,Subscription,2026-05-01T00:00:00Z,2026-06-01T00:00:00Z,2026-05-12T13:00:00Z,2026-05-12T14:00:00Z,Usage,,Virtual Machines committed usage,Usage-Based,0,0.128064,0.192,0.1728,0.1920000000,0.1728000000,Committed,1,Hours,USD,0.1728000000,0.128064,0.1920000000,USD,1,Hours,Virtual Machines,Compute,Virtual Machines,AZ-VIRT-59eed9,Compute,AZSP-f13cdd06,"{""InstanceType"":""Standard_D4s_v5"",""InstanceSeries"":""Ddsv5"",""CoreCount"":4,""MemorySize"":16,""OperatingSystem"":""Linux"",""x_Tenancy"":""Shared""}",/subscriptions/44444444-4444-4444-8444-444444444444/resourceGroups/rg-sandbox-dev/providers/Microsoft.Compute/virtualMachines/vm-000396237a,vm-000396237a,Virtual Machine,eastus,East US,eastus-2,/subscriptions/44444444-4444-4444-8444-444444444444/providers/Microsoft.BillingBenefits/reservations/0bbd30a7ec05,AzureReservation-1yr-NoUpfront,Usage,Reservation,Used,1,Hours,,,"{""Environment"":""dev"",""CostCenter"":""cc-1042"",""Owner"":""team-platform""}"
Microsoft Azure,Microsoft,Microsoft Azure,INV-2026-05-000001,8a1b2c3d-0000-4a00-9000-000000000001,ExampleCorp MCA - Primary,Microsoft Customer Agreement,44444444-4444-4444-8444-444444444444,sandbox-dev,Subscription,2026-05-01T00:00:00Z,2026-06-01T00:00:00Z,2026-05-12T14:00:00Z,2026-05-12T15:00:00Z,Purchase,,"Reservation commitment, amortised for the charge period",Recurring,0.128064,0,0.128064,0.128064,0.1280640000,0.1280640000,Standard,1,Hours,USD,0.1280640000,0,0.1280640000,USD,,,Virtual Machines,Compute,Virtual Machines,AZ-COMMIT-b65c98,Commitment,AZSP-a1f629d4,"{""x_Term"":""P1Y"",""x_PaymentOption"":""NoUpfront""}",/subscriptions/44444444-4444-4444-8444-444444444444/providers/Microsoft.BillingBenefits/reservations/0bbd30a7ec05,reservations-6c130264ce,Reservation,eastus,East US,,/subscriptions/44444444-4444-4444-8444-444444444444/providers/Microsoft.BillingBenefits/reservations/0bbd30a7ec05,AzureReservation-1yr-NoUpfront,Usage,Reservation,,1,Hours,,,"{""Environment"":""dev"",""CostCenter"":""cc-1042"",""Owner"":""team-data""}"
Microsoft Azure,Microsoft,Microsoft Azure,INV-2026-05-000001,8a1b2c3d-0000-4a00-9000-000000000001,ExampleCorp MCA - Primary,Microsoft Customer Agreement,44444444-4444-4444-8444-444444444444,sandbox-dev,Subscription,2026-05-01T00:00:00Z,2026-06-01T00:00:00Z,2026-05-12T14:00:00Z,2026-05-12T15:00:00Z,Usage,,Virtual Machines committed usage,Usage-Based,0,0.128064,0.192,0.1728,0.1920000000,0.1728000000,Committed,1,Hours,USD,0.1728000000,0.128064,0.1920000000,USD,1,Hours,Virtual Machines,Compute,Virtual Machines,AZ-VIRT-353b9b,Compute,AZSP-058814db,"{""InstanceType"":""Standard_D4s_v5"",""InstanceSeries"":""Ddsv5"",""CoreCount"":4,""MemorySize"":16,""OperatingSystem"":""Linux"",""x_Tenancy"":""Shared""}",/subscriptions/44444444-4444-4444-8444-444444444444/resourceGroups/rg-sandbox-dev/providers/Microsoft.Compute/virtualMachines/vm-0004c63fda,vm-0004c63fda,Virtual Machine,eastus,East US,eastus-2,/subscriptions/44444444-4444-4444-8444-444444444444/providers/Microsoft.BillingBenefits/reservations/0bbd30a7ec05,AzureReservation-1yr-NoUpfront,Usage,Reservation,Used,1,Hours,,,"{""Environment"":""dev"",""CostCenter"":""cc-3110"",""Owner"":""team-platform""}"
Microsoft Azure,Microsoft,Microsoft Azure,INV-2026-05-000001,8a1b2c3d-0000-4a00-9000-000000000001,ExampleCorp MCA - Primary,Microsoft Customer Agreement,44444444-4444-4444-8444-444444444444,sandbox-dev,Subscription,2026-05-01T00:00:00Z,2026-06-01T00:00:00Z,2026-05-12T15:00:00Z,2026-05-12T16:00:00Z,Purchase,,"Reservation commitment, amortised for the charge period",Recurring,0.128064,0,0.128064,0.128064,0.1280640000,0.1280640000,Standard,1,Hours,USD,0.1280640000,0,0.1280640000,USD,,,Virtual Machines,Compute,Virtual Machines,AZ-COMMIT-b65c98,Commitment,AZSP-a1f629d4,"{""x_Term"":""P1Y"",""x_PaymentOption"":""NoUpfront""}",/subscriptions/44444444-4444-4444-8444-444444444444/providers/Microsoft.BillingBenefits/reservations/0bbd30a7ec05,reservations-6c130264ce,Reservation,eastus,East US,,/subscriptions/44444444-4444-4444-8444-444444444444/providers/Microsoft.BillingBenefits/reservations/0bbd30a7ec05,AzureReservation-1yr-NoUpfront,Usage,Reservation,,1,Hours,,,"{""Environment"":""prod"",""CostCenter"":""cc-2087"",""Owner"":""team-data""}"
Microsoft Azure,Microsoft,Microsoft Azure,INV-2026-05-000001,8a1b2c3d-0000-4a00-9000-000000000001,ExampleCorp MCA - Primary,Microsoft Customer Agreement,44444444-4444-4444-8444-444444444444,sandbox-dev,Subscription,2026-05-01T00:00:00Z,2026-06-01T00:00:00Z,2026-05-12T15:00:00Z,2026-05-12T16:00:00Z,Usage,,Virtual Machines committed usage,Usage-Based,0,0.128064,0.192,0.1728,0.1920000000,0.1728000000,Committed,1,Hours,USD,0.1728000000,0.128064,0.1920000000,USD,1,Hours,Virtual Machines,Compute,Virtual Machines,AZ-VIRT-88fe54,Compute,AZSP-deb37325,"{""InstanceType"":""Standard_D4s_v5"",""InstanceSeries"":""Ddsv5"",""CoreCount"":4,""MemorySize"":16,""OperatingSystem"":""Linux"",""x_Tenancy"":""Shared""}",/subscriptions/44444444-4444-4444-8444-444444444444/resourceGroups/rg-sandbox-dev/providers/Microsoft.Compute/virtualMachines/vm-0005a916d0,vm-0005a916d0,Virtual Machine,eastus,East US,eastus-2,/subscriptions/44444444-4444-4444-8444-444444444444/providers/Microsoft.BillingBenefits/reservations/0bbd30a7ec05,AzureReservation-1yr-NoUpfront,Usage,Reservation,Used,1,Hours,,,"{""Environment"":""staging"",""CostCenter"":""cc-1042"",""Owner"":""team-platform""}"
Microsoft Azure,Microsoft,Microsoft Azure,INV-2026-05-000001,8a1b2c3d-0000-4a00-9000-000000000001,ExampleCorp MCA - Primary,Microsoft Customer Agreement,44444444-4444-4444-8444-444444444444,sandbox-dev,Subscription,2026-05-01T00:00:00Z,2026-06-01T00:00:00Z,2026-05-12T16:00:00Z,2026-05-12T17:00:00Z,Purchase,,"Reservation commitment, amortised for the charge period",Recurring,0.128064,0,0.128064,0.128064,0.1280640000,0.1280640000,Standard,1,Hours,USD,0.1280640000,0,0.1280640000,USD,,,Virtual Machines,Compute,Virtual Machines,AZ-COMMIT-b65c98,Commitment,AZSP-a1f629d4,"{""x_Term"":""P1Y"",""x_PaymentOption"":""NoUpfront""}",/subscriptions/44444444-4444-4444-8444-444444444444/providers/Microsoft.BillingBenefits/reservations/0bbd30a7ec05,reservations-6c130264ce,Reservation,eastus,East US,,/subscriptions/44444444-4444-4444-8444-444444444444/providers/Microsoft.BillingBenefits/reservations/0bbd30a7ec05,AzureReservation-1yr-NoUpfront,Usage,Reservation,,1,Hours,,,"{""Environment"":""staging"",""CostCenter"":""cc-1042"",""Owner"":""team-platform""}"
Microsoft Azure,Microsoft,Microsoft Azure,INV-2026-05-000001,8a1b2c3d-0000-4a00-9000-000000000001,ExampleCorp MCA - Primary,Microsoft Customer Agreement,44444444-4444-4444-8444-444444444444,sandbox-dev,Subscription,2026-05-01T00:00:00Z,2026-06-01T00:00:00Z,2026-05-12T16:00:00Z,2026-05-12T17:00:00Z,Usage,,Virtual Machines committed usage,Usage-Based,0,0.128064,0.192,0.1728,0.1920000000,0.1728000000,Committed,1,Hours,USD,0.1728000000,0.128064,0.1920000000,USD,1,Hours,Virtual Machines,Compute,Virtual Machines,AZ-VIRT-8ac9cc,Compute,AZSP-5aeb15a4,"{""InstanceType"":""Standard_D4s_v5"",""InstanceSeries"":""Ddsv5"",""CoreCount"":4,""MemorySize"":16,""OperatingSystem"":""Linux"",""x_Tenancy"":""Shared""}",/subscriptions/44444444-4444-4444-8444-444444444444/resourceGroups/rg-sandbox-dev/providers/Microsoft.Compute/virtualMachines/vm-00065be987,vm-00065be987,Virtual Machine,eastus,East US,eastus-2,/subscriptions/44444444-4444-4444-8444-444444444444/providers/Microsoft.BillingBenefits/reservations/0bbd30a7ec05,AzureReservation-1yr-NoUpfront,Usage,Reservation,Used,1,Hours,,,"{""Environment"":""prod"",""CostCenter"":""cc-2087"",""Owner"":""team-data""}"
Microsoft Azure,Microsoft,Microsoft Azure,INV-2026-05-000001,8a1b2c3d-0000-4a00-9000-000000000001,ExampleCorp MCA - Primary,Microsoft Customer Agreement,44444444-4444-4444-8444-444444444444,sandbox-dev,Subscription,2026-05-01T00:00:00Z,2026-06-01T00:00:00Z,2026-05-12T17:00:00Z,2026-05-12T18:00:00Z,Purchase,,"Reservation commitment, amortised for the charge period",Recurring,0.128064,0,0.128064,0.128064,0.1280640000,0.1280640000,Standard,1,Hours,USD,0.1280640000,0,0.1280640000,USD,,,Virtual Machines,Compute,Virtual Machines,AZ-COMMIT-b65c98,Commitment,AZSP-a1f629d4,"{""x_Term"":""P1Y"",""x_PaymentOption"":""NoUpfront""}",/subscriptions/44444444-4444-4444-8444-444444444444/providers/Microsoft.BillingBenefits/reservations/0bbd30a7ec05,reservations-6c130264ce,Reservation,eastus,East US,,/subscriptions/44444444-4444-4444-8444-444444444444/providers/Microsoft.BillingBenefits/reservations/0bbd30a7ec05,AzureReservation-1yr-NoUpfront,Usage,Reservation,,1,Hours,,,"{""Environment"":""prod"",""CostCenter"":""cc-3110"",""Owner"":""team-data""}"
Microsoft Azure,Microsoft,Microsoft Azure,INV-2026-05-000001,8a1b2c3d-0000-4a00-9000-000000000001,ExampleCorp MCA - Primary,Microsoft Customer Agreement,44444444-4444-4444-8444-444444444444,sandbox-dev,Subscription,2026-05-01T00:00:00Z,2026-06-01T00:00:00Z,2026-05-12T17:00:00Z,2026-05-12T18:00:00Z,Usage,,Virtual Machines committed usage,Usage-Based,0,0.128064,0.192,0.1728,0.1920000000,0.1728000000,Committed,1,Hours,USD,0.1728000000,0.128064,0.1920000000,USD,1,Hours,Virtual Machines,Compute,Virtual Machines,AZ-VIRT-b5c2a5,Compute,AZSP-cf7a1c26,"{""InstanceType"":""Standard_D4s_v5"",""InstanceSeries"":""Ddsv5"",""CoreCount"":4,""MemorySize"":16,""OperatingSystem"":""Linux"",""x_Tenancy"":""Shared""}",/subscriptions/44444444-4444-4444-8444-444444444444/resourceGroups/rg-sandbox-dev/providers/Microsoft.Compute/virtualMachines/vm-000733176e,vm-000733176e,Virtual Machine,eastus,East US,eastus-2,/subscriptions/44444444-4444-4444-8444-444444444444/providers/Microsoft.BillingBenefits/reservations/0bbd30a7ec05,AzureReservation-1yr-NoUpfront,Usage,Reservation,Used,1,Hours,,,"{""Environment"":""staging"",""CostCenter"":""cc-1042"",""Owner"":""team-payments""}"
Microsoft Azure,Microsoft,Microsoft Azure,INV-2026-05-000001,8a1b2c3d-0000-4a00-9000-000000000001,ExampleCorp MCA - Primary,Microsoft Customer Agreement,44444444-4444-4444-8444-444444444444,sandbox-dev,Subscription,2026-05-01T00:00:00Z,2026-06-01T00:00:00Z,2026-05-12T18:00:00Z,2026-05-12T19:00:00Z,Purchase,,"Reservation commitment, amortised for the charge period",Recurring,0.128064,0,0.128064,0.128064,0.1280640000,0.1280640000,Standard,1,Hours,USD,0.1280640000,0,0.1280640000,USD,,,Virtual Machines,Compute,Virtual Machines,AZ-COMMIT-b65c98,Commitment,AZSP-a1f629d4,"{""x_Term"":""P1Y"",""x_PaymentOption"":""NoUpfront""}",/subscriptions/44444444-4444-4444-8444-444444444444/providers/Microsoft.BillingBenefits/reservations/0bbd30a7ec05,reservations-6c130264ce,Reservation,eastus,East US,,/subscriptions/44444444-4444-4444-8444-444444444444/providers/Microsoft.BillingBenefits/reservations/0bbd30a7ec05,AzureReservation-1yr-NoUpfront,Usage,Reservation,,1,Hours,,,"{""Environment"":""prod"",""CostCenter"":""cc-3110"",""Owner"":""team-platform""}"
Microsoft Azure,Microsoft,Microsoft Azure,INV-2026-05-000001,8a1b2c3d-0000-4a00-9000-000000000001,ExampleCorp MCA - Primary,Microsoft Customer Agreement,44444444-4444-4444-8444-444444444444,sandbox-dev,Subscription,2026-05-01T00:00:00Z,2026-06-01T00:00:00Z,2026-05-12T18:00:00Z,2026-05-12T19:00:00Z,Usage,,Reservation unused commitment,Usage-Based,0,0.128064,0.128064,0.128064,0.1280640000,0.1280640000,Committed,1,Hours,USD,0.1280640000,0.128064,0.1280640000,USD,,,Virtual Machines,Compute,Virtual Machines,AZ-COMMIT-b65c98,Commitment,AZSP-a1f629d4,"{""x_Term"":""P1Y"",""x_PaymentOption"":""NoUpfront""}",/subscriptions/44444444-4444-4444-8444-444444444444/providers/Microsoft.BillingBenefits/reservations/0bbd30a7ec05,reservations-6c130264ce,Reservation,eastus,East US,,/subscriptions/44444444-4444-4444-8444-444444444444/providers/Microsoft.BillingBenefits/reservations/0bbd30a7ec05,AzureReservation-1yr-NoUpfront,Usage,Reservation,Unused,1,Hours,,,"{""Environment"":""prod"",""CostCenter"":""cc-1042"",""Owner"":""team-payments""}"
Microsoft Azure,Microsoft,Microsoft Azure,INV-2026-05-000001,8a1b2c3d-0000-4a00-9000-000000000001,ExampleCorp MCA - Primary,Microsoft Customer Agreement,11111111-1111-4111-8111-111111111111,prod-platform,Subscription,2026-05-01T00:00:00Z,2026-06-01T00:00:00Z,2026-05-13T04:00:00Z,2026-05-13T05:00:00Z,Usage,,AKS node pool hours,Usage-Based,0.16923517,0.16923517,0.1880390778,0.16923517,0.1880390778,0.1692351700,Standard,1.0000,Hours,USD,0.1692351700,0.16923517,0.1880390778,USD,1.0000,Hours,Azure Kubernetes Service,Compute,Containers,AZ-AZUR-ee8860,Compute,AZSP-a290b066,"{""InstanceType"":""Standard_D4s_v5"",""CoreCount"":4,""MemorySize"":16,""x_NodePool"":""system""}",/subscriptions/11111111-1111-4111-8111-111111111111/resourceGroups/rg-prod-platform/providers/Microsoft.ContainerService/managedClusters/aks-085a23d0,aks-085a23d0,Managed Cluster,westeurope,West Europe,,,,,,,,,,,"{""Environment"":""staging"",""CostCenter"":""cc-3110"",""Owner"":""team-platform""}"
Microsoft Azure,Microsoft,Microsoft Azure,INV-2026-05-000001,8a1b2c3d-0000-4a00-9000-000000000001,ExampleCorp MCA - Primary,Microsoft Customer Agreement,33333333-3333-4333-8333-333333333333,data-analytics,Subscription,2026-05-01T00:00:00Z,2026-06-01T00:00:00Z,2026-05-13T05:00:00Z,2026-05-13T06:00:00Z,Usage,,General Purpose 4 vCore,Usage-Based,0.4471764361,0.4471764361,0.4968627068,0.4471764361,0.4968627068,0.4471764361,Standard,1.0000,Hours,USD,0.4471764361,0.4471764361,0.4968627068,USD,1.0000,Hours,Azure SQL Database,Databases,Relational Databases,AZ-AZUR-648f20,Database,AZSP-da20822e,"{""InstanceType"":""GP_Gen5_4"",""CoreCount"":4,""MemorySize"":20,""x_Engine"":""SQLServer""}",/subscriptions/33333333-3333-4333-8333-333333333333/resourceGroups/rg-data-analytics/providers/Microsoft.Sql/servers/databases/sqldb-ec80d267,sqldb-ec80d267,SQL Database,westus2,West US 2,,,,,,,,,,,"{""Environment"":""staging"",""CostCenter"":""cc-3110"",""Owner"":""team-data""}"
Microsoft Azure,Microsoft,Microsoft Azure,INV-2026-05-000001,8a1b2c3d-0000-4a00-9000-000000000001,ExampleCorp MCA - Primary,Microsoft Customer Agreement,22222222-2222-4222-8222-222222222222,staging-platform,Subscription,2026-05-01T00:00:00Z,2026-06-01T00:00:00Z,2026-05-13T06:00:00Z,2026-05-13T07:00:00Z,Usage,,General Purpose 4 vCore,Usage-Based,0.4454645786,0.4454645786,0.4949606429,0.4454645786,0.4949606429,0.4454645786,Standard,1.0000,Hours,USD,0.4454645786,0.4454645786,0.4949606429,USD,1.0000,Hours,Azure SQL Database,Databases,Relational Databases,AZ-AZUR-9db123,Database,AZSP-4601bab6,"{""InstanceType"":""GP_Gen5_4"",""CoreCount"":4,""MemorySize"":20,""x_Engine"":""SQLServer""}",/subscriptions/22222222-2222-4222-8222-222222222222/resourceGroups/rg-staging-platform/providers/Microsoft.Sql/servers/databases/sqldb-8824985b,sqldb-8824985b,SQL Database,westus2,West US 2,,,,,,,,,,,"{""Environment"":""staging"",""CostCenter"":""cc-3110"",""Owner"":""team-platform""}"
Microsoft Azure,Microsoft,Microsoft Azure,INV-2026-05-000001,8a1b2c3d-0000-4a00-9000-000000000001,ExampleCorp MCA - Primary,Microsoft Customer Agreement,33333333-3333-4333-8333-333333333333,data-analytics,Subscription,2026-05-01T00:00:00Z,2026-06-01T00:00:00Z,2026-05-16T00:00:00Z,2026-05-17T00:00:00Z,Tax,,Tax for Azure Monitor,One-Time,0.708787,0.708787,0.708787,0.708787,,,,,,,,,,USD,,,Azure Monitor,Management and Governance,Observability,,,,,,,,,,,,,,,,,,,,"{""Environment"":""prod"",""CostCenter"":""cc-3110"",""Owner"":""team-data""}"
Microsoft Azure,Microsoft,Microsoft Azure,INV-2026-05-000002,8a1b2c3d-0000-4a00-9000-000000000002,ExampleCorp MCA - Secondary,Microsoft Customer Agreement,33333333-3333-4333-8333-333333333333,data-analytics,Subscription,2026-05-01T00:00:00Z,2026-06-01T00:00:00Z,2026-05-13T08:00:00Z,2026-05-13T09:00:00Z,Usage,,Function execution duration,Usage-Based,19.54857703227979,19.54857703227979,21.72065609816813,19.54857703227979,0.0000161419,0.0000145277,Standard,1345607.1527,GB-Seconds,USD,0.0000145277,19.54857703227979,0.0000161419,USD,1345607.1527,GB-Seconds,Azure Functions,Compute,Serverless Compute,AZ-AZUR-a5a074,Compute,AZSP-a6e24992,"{""x_Plan"":""Consumption"",""x_Runtime"":""dotnet8""}",/subscriptions/33333333-3333-4333-8333-333333333333/resourceGroups/rg-data-analytics/providers/Microsoft.Web/sites/func-8d5e82c1,func-8d5e82c1,Function App,westus2,West US 2,,,,,,,,,,,"{""Environment"":""staging"",""CostCenter"":""cc-3110"",""Owner"":""team-payments""}"
Microsoft Azure,Microsoft,Microsoft Azure,INV-2026-05-000002,8a1b2c3d-0000-4a00-9000-000000000002,ExampleCorp MCA - Secondary,Microsoft Customer Agreement,33333333-3333-4333-8333-333333333333,data-analytics,Subscription,2026-05-01T00:00:00Z,2026-06-01T00:00:00Z,2026-05-13T09:00:00Z,2026-05-13T10:00:00Z,Usage,,Function execution duration,Usage-Based,17.02073429473245,17.02073429473245,18.91188831074805,17.02073429473245,0.0000162963,0.0000146667,Standard,1160501.9735,GB-Seconds,USD,0.0000146667,17.02073429473245,0.0000162963,USD,1160501.9735,GB-Seconds,Azure Functions,Compute,Serverless Compute,AZ-AZUR-18fa08,Compute,AZSP-cfb7f1b3,"{""x_Plan"":""Consumption"",""x_Runtime"":""dotnet8""}",/subscriptions/33333333-3333-4333-8333-333333333333/resourceGroups/rg-data-analytics/providers/Microsoft.Web/sites/func-09ad6f83,func-09ad6f83,Function App,southeastasia,Southeast Asia,,,,,,,,,,,"{""Environment"":""dev"",""CostCenter"":""cc-3110"",""Owner"":""team-data""}"
Microsoft Azure,Microsoft,Microsoft Azure,INV-2026-05-000002,8a1b2c3d-0000-4a00-9000-000000000002,ExampleCorp MCA - Secondary,Microsoft Customer Agreement,33333333-3333-4333-8333-333333333333,data-analytics,Subscription,2026-05-01T00:00:00Z,2026-06-01T00:00:00Z,2026-05-13T10:00:00Z,2026-05-13T11:00:00Z,Usage,,Standard_D4s_v5 instance,Usage-Based,0.1690791602,0.1690791602,0.1878657336,0.1690791602,0.1878657336,0.1690791602,Standard,1.0000,Hours,USD,0.1690791602,0.1690791602,0.1878657336,USD,1.0000,Hours,Virtual Machines,Compute,Virtual Machines,AZ-VIRT-ff75a6,Compute,AZSP-240b8084,"{""InstanceType"":""Standard_D4s_v5"",""InstanceSeries"":""Ddsv5"",""CoreCount"":4,""MemorySize"":16,""OperatingSystem"":""Linux"",""x_Tenancy"":""Shared""}",/subscriptions/33333333-3333-4333-8333-333333333333/resourceGroups/rg-data-analytics/providers/Microsoft.Compute/virtualMachines/vm-0ade8043,vm-0ade8043,Virtual Machine,eastus,East US,eastus-1,,,,,,,,,,"{""Environment"":""prod"",""CostCenter"":""cc-3110"",""Owner"":""team-platform""}"
Microsoft Azure,Microsoft,Microsoft Azure,INV-2026-05-000002,8a1b2c3d-0000-4a00-9000-000000000002,ExampleCorp MCA - Secondary,Microsoft Customer Agreement,44444444-4444-4444-8444-444444444444,sandbox-dev,Subscription,2026-05-01T00:00:00Z,2026-06-01T00:00:00Z,2026-05-20T00:00:00Z,2026-05-21T00:00:00Z,Tax,,Tax for Virtual Machines,One-Time,8.643356,8.643356,8.643356,8.643356,,,,,,,,,,USD,,,Virtual Machines,Compute,Virtual Machines,,,,,,,,,,,,,,,,,,,,"{""Environment"":""prod"",""CostCenter"":""cc-1042"",""Owner"":""team-payments""}"
Microsoft Azure,Microsoft,Microsoft Azure,INV-2026-05-000002,8a1b2c3d-0000-4a00-9000-000000000002,ExampleCorp MCA - Secondary,Microsoft Customer Agreement,44444444-4444-4444-8444-444444444444,sandbox-dev,Subscription,2026-05-01T00:00:00Z,2026-06-01T00:00:00Z,2026-05-13T12:00:00Z,2026-05-13T13:00:00Z,Usage,,Function execution duration,Usage-Based,37.61053180216713,37.61053180216713,41.78939068251651,37.61053180216713,0.0000156343,0.0000140709,Standard,2672930.0757,GB-Seconds,USD,0.0000140709,37.61053180216713,0.0000156343,USD,2672930.0757,GB-Seconds,Azure Functions,Compute,Serverless Compute,AZ-AZUR-aa1cef,Compute,AZSP-df7c611f,"{""x_Plan"":""Consumption"",""x_Runtime"":""dotnet8""}",/subscriptions/44444444-4444-4444-8444-444444444444/resourceGroups/rg-sandbox-dev/providers/Microsoft.Web/sites/func-13b45d5b,func-13b45d5b,Function App,southeastasia,Southeast Asia,,,,,,,,,,,"{""Environment"":""dev"",""CostCenter"":""cc-2087"",""Owner"":""team-platform""}"
Microsoft Azure,Microsoft,Microsoft Azure,INV-2026-05-000001,8a1b2c3d-0000-4a00-9000-000000000001,ExampleCorp MCA - Primary,Microsoft Customer Agreement,22222222-2222-4222-8222-222222222222,staging-platform,Subscription,2026-05-01T00:00:00Z,2026-06-01T00:00:00Z,2026-05-22T00:00:00Z,2026-05-23T00:00:00Z,Tax,,Tax for Azure Blob Storage,One-Time,26.951958,26.951958,26.951958,26.951958,,,,,,,,,,USD,,,Azure Blob Storage,Storage,Object Storage,,,,,,,,,,,,,,,,,,,,"{""Environment"":""dev"",""CostCenter"":""cc-2087"",""Owner"":""team-platform""}"
Microsoft Azure,Microsoft,Microsoft Azure,INV-2026-05-000002,8a1b2c3d-0000-4a00-9000-000000000002,ExampleCorp MCA - Secondary,Microsoft Customer Agreement,33333333-3333-4333-8333-333333333333,data-analytics,Subscription,2026-05-01T00:00:00Z,2026-06-01T00:00:00Z,2026-05-23T00:00:00Z,2026-05-24T00:00:00Z,Tax,,Tax for Azure Functions,One-Time,15.696221,15.696221,15.696221,15.696221,,,,,,,,,,USD,,,Azure Functions,Compute,Serverless Compute,,,,,,,,,,,,,,,,,,,,"{""Environment"":""dev"",""CostCenter"":""cc-1042"",""Owner"":""team-payments""}"
Microsoft Azure,Microsoft,Microsoft Azure,INV-2026-05-000001,8a1b2c3d-0000-4a00-9000-000000000001,ExampleCorp MCA - Primary,Microsoft Customer Agreement,22222222-2222-4222-8222-222222222222,staging-platform,Subscription,2026-05-01T00:00:00Z,2026-06-01T00:00:00Z,2026-05-24T00:00:00Z,2026-05-25T00:00:00Z,Tax,,Tax for Azure Functions,One-Time,18.447975,18.447975,18.447975,18.447975,,,,,,,,,,USD,,,Azure Functions,Compute,Serverless Compute,,,,,,,,,,,,,,,,,,,,"{""Environment"":""prod"",""CostCenter"":""cc-1042"",""Owner"":""team-payments""}"
Microsoft Azure,Microsoft,Microsoft Azure,INV-2026-05-000002,8a1b2c3d-0000-4a00-9000-000000000002,ExampleCorp MCA - Secondary,Microsoft Customer Agreement,44444444-4444-4444-8444-444444444444,sandbox-dev,Subscription,2026-05-01T00:00:00Z,2026-06-01T00:00:00Z,2026-05-13T16:00:00Z,2026-05-13T17:00:00Z,Usage,,General Purpose 4 vCore,Usage-Based,0.4574402368,0.4574402368,0.5082669298,0.4574402368,0.5082669298,0.4574402368,Standard,1.0000,Hours,USD,0.4574402368,0.4574402368,0.5082669298,USD,1.0000,Hours,Azure SQL Database,Databases,Relational Databases,AZ-AZUR-1d2403,Database,AZSP-a4417a11,"{""InstanceType"":""GP_Gen5_4"",""CoreCount"":4,""MemorySize"":20,""x_Engine"":""SQLServer""}",/subscriptions/44444444-4444-4444-8444-444444444444/resourceGroups/rg-sandbox-dev/providers/Microsoft.Sql/servers/databases/sqldb-3ef8a2ca,sqldb-3ef8a2ca,SQL Database,eastus,East US,,,,,,,,,,,"{""Environment"":""staging"",""CostCenter"":""cc-3110"",""Owner"":""team-payments""}"
Microsoft Azure,Microsoft,Microsoft Azure,INV-2026-05-000002,8a1b2c3d-0000-4a00-9000-000000000002,ExampleCorp MCA - Secondary,Microsoft Customer Agreement,33333333-3333-4333-8333-333333333333,data-analytics,Subscription,2026-05-01T00:00:00Z,2026-06-01T00:00:00Z,2026-05-13T17:00:00Z,2026-05-13T18:00:00Z,Usage,,Function execution duration,Usage-Based,43.14262402057773,43.14262402057773,47.93614721616589,43.14262402057773,0.0000157123,0.0000141411,Standard,3050867.6143,GB-Seconds,USD,0.0000141411,43.14262402057773,0.0000157123,USD,3050867.6143,GB-Seconds,Azure Functions,Compute,Serverless Compute,AZ-AZUR-5b6c3f,Compute,AZSP-9c0218ce,"{""x_Plan"":""Consumption"",""x_Runtime"":""dotnet8""}",/subscriptions/33333333-3333-4333-8333-333333333333/resourceGroups/rg-data-analytics/providers/Microsoft.Web/sites/func-4640f235,func-4640f235,Function App,eastus,East US,,,,,,,,,,,"{""Environment"":""prod"",""CostCenter"":""cc-2087"",""Owner"":""team-payments""}"
Microsoft Azure,Microsoft,Microsoft Azure,INV-2026-05-000002,8a1b2c3d-0000-4a00-9000-000000000002,ExampleCorp MCA - Secondary,Microsoft Customer Agreement,22222222-2222-4222-8222-222222222222,staging-platform,Subscription,2026-05-01T00:00:00Z,2026-06-01T00:00:00Z,2026-05-13T18:00:00Z,2026-05-13T19:00:00Z,Usage,,Function execution duration,Usage-Based,18.98183901668568,18.98183901668568,21.09090311024352,18.98183901668568,0.0000160892,0.0000144803,Standard,1310873.3256,GB-Seconds,USD,0.0000144803,18.98183901668568,0.0000160892,USD,1310873.3256,GB-Seconds,Azure Functions,Compute,Serverless Compute,AZ-AZUR-9a3e5a,Compute,AZSP-5dc3724e,"{""x_Plan"":""Consumption"",""x_Runtime"":""dotnet8""}",/subscriptions/22222222-2222-4222-8222-222222222222/resourceGroups/rg-staging-platform/providers/Microsoft.Web/sites/func-526f6300,func-526f6300,Function App,westeurope,West Europe,,,,,,,,,,,"{""Environment"":""prod"",""CostCenter"":""cc-3110"",""Owner"":""team-payments""}"
Microsoft Azure,Microsoft,Microsoft Azure,INV-2026-05-000002,8a1b2c3d-0000-4a00-9000-000000000002,ExampleCorp MCA - Secondary,Microsoft Customer Agreement,33333333-3333-4333-8333-333333333333,data-analytics,Subscription,2026-05-01T00:00:00Z,2026-06-01T00:00:00Z,2026-05-13T19:00:00Z,2026-05-13T20:00:00Z,Usage,,Function execution duration,Usage-Based,54.33758209990047,54.33758209990047,60.37496616237051,54.33758209990047,0.0000160923,0.0000144831,Standard,3751792.2337,GB-Seconds,USD,0.0000144831,54.33758209990047,0.0000160923,USD,3751792.2337,GB-Seconds,Azure Functions,Compute,Serverless Compute,AZ-AZUR-f13969,Compute,AZSP-d13a8dd3,"{""x_Plan"":""Consumption"",""x_Runtime"":""dotnet8""}",/subscriptions/33333333-3333-4333-8333-333333333333/resourceGroups/rg-data-analytics/providers/Microsoft.Web/sites/func-da8ddcef,func-da8ddcef,Function App,westus2,West US 2,,,,,,,,,,,"{""Environment"":""prod"",""CostCenter"":""cc-3110"",""Owner"":""team-payments""}"
Microsoft Azure,Microsoft,Microsoft Azure,INV-2026-05-000002,8a1b2c3d-0000-4a00-9000-000000000002,ExampleCorp MCA - Secondary,Microsoft Customer Agreement,44444444-4444-4444-8444-444444444444,sandbox-dev,Subscription,2026-05-01T00:00:00Z,2026-06-01T00:00:00Z,2026-05-13T20:00:00Z,2026-05-13T21:00:00Z,Usage,,General Purpose 4 vCore,Usage-Based,0.4460840875,0.4460840875,0.4956489861,0.4460840875,0.4956489861,0.4460840875,Standard,1.0000,Hours,USD,0.4460840875,0.4460840875,0.4956489861,USD,1.0000,Hours,Azure SQL Database,Databases,Relational Databases,AZ-AZUR-801087,Database,AZSP-592f3913,"{""InstanceType"":""GP_Gen5_4"",""CoreCount"":4,""MemorySize"":20,""x_Engine"":""SQLServer""}",/subscriptions/44444444-4444-4444-8444-444444444444/resourceGroups/rg-sandbox-dev/providers/Microsoft.Sql/servers/databases/sqldb-23ac0bf2,sqldb-23ac0bf2,SQL Database,southeastasia,Southeast Asia,,,,,,,,,,,"{""Environment"":""staging"",""CostCenter"":""cc-3110"",""Owner"":""team-payments""}"
Microsoft Azure,Microsoft,Microsoft Azure,INV-2026-05-000002,8a1b2c3d-0000-4a00-9000-000000000002,ExampleCorp MCA - Secondary,Microsoft Customer Agreement,22222222-2222-4222-8222-222222222222,staging-platform,Subscription,2026-05-01T00:00:00Z,2026-06-01T00:00:00Z,2026-05-13T21:00:00Z,2026-05-13T22:00:00Z,Usage,,Standard_D4s_v5 instance,Usage-Based,0.1722486255,0.1722486255,0.1913873617,0.1722486255,0.1913873617,0.1722486255,Standard,1.0000,Hours,USD,0.1722486255,0.1722486255,0.1913873617,USD,1.0000,Hours,Virtual Machines,Compute,Virtual Machines,AZ-VIRT-720905,Compute,AZSP-d68005e2,"{""InstanceType"":""Standard_D4s_v5"",""InstanceSeries"":""Ddsv5"",""CoreCount"":4,""MemorySize"":16,""OperatingSystem"":""Linux"",""x_Tenancy"":""Shared""}",/subscriptions/22222222-2222-4222-8222-222222222222/resourceGroups/rg-staging-platform/providers/Microsoft.Compute/virtualMachines/vm-bcfc1c3b,vm-bcfc1c3b,Virtual Machine,westeurope,West Europe,westeurope-1,,,,,,,,,,"{""Environment"":""staging"",""CostCenter"":""cc-2087"",""Owner"":""team-platform""}"
Microsoft Azure,Microsoft,Microsoft Azure,INV-2026-05-000001,8a1b2c3d-0000-4a00-9000-000000000001,ExampleCorp MCA - Primary,Microsoft Customer Agreement,33333333-3333-4333-8333-333333333333,data-analytics,Subscription,2026-05-01T00:00:00Z,2026-06-01T00:00:00Z,2026-05-13T22:00:00Z,2026-05-13T23:00:00Z,Usage,,Provisioned throughput,Usage-Based,0.0073483344,0.0073483344,0.008164816,0.0073483344,0.0081648160,0.0073483344,Standard,1.0000,Hours,USD,0.0073483344,0.0073483344,0.0081648160,USD,1.0000,Hours,Azure Cosmos DB,Databases,NoSQL Databases,AZ-AZUR-c9b433,Database,AZSP-4331a91e,"{""x_CapacityMode"":""Provisioned""}",/subscriptions/33333333-3333-4333-8333-333333333333/resourceGroups/rg-data-analytics/providers/Microsoft.DocumentDB/databaseAccounts/cosmos-e55b4e25,cosmos-e55b4e25,Cosmos DB Account,westus2,West US 2,,,,,,,,,,,"{""Environment"":""dev"",""CostCenter"":""cc-2087"",""Owner"":""team-payments""}"
Microsoft Azure,Microsoft,Microsoft Azure,INV-2026-05-000002,8a1b2c3d-0000-4a00-9000-000000000002,ExampleCorp MCA - Secondary,Microsoft Customer Agreement,11111111-1111-4111-8111-111111111111,prod-platform,Subscription,2026-05-01T00:00:00Z,2026-06-01T00:00:00Z,2026-05-13T23:00:00Z,2026-05-14T00:00:00Z,Usage,,AKS node pool hours,Usage-Based,0.1716412593,0.1716412593,0.1907125103,0.1716412593,0.1907125103,0.1716412593,Standard,1.0000,Hours,USD,0.1716412593,0.1716412593,0.1907125103,USD,1.0000,Hours,Azure Kubernetes Service,Compute,Containers,AZ-AZUR-2c168f,Compute,AZSP-c123a208,"{""InstanceType"":""Standard_D4s_v5"",""CoreCount"":4,""MemorySize"":16,""x_NodePool"":""system""}",/subscriptions/11111111-1111-4111-8111-111111111111/resourceGroups/rg-prod-platform/providers/Microsoft.ContainerService/managedClusters/aks-afaf0e67,aks-afaf0e67,Managed Cluster,southeastasia,Southeast Asia,,,,,,,,,,,"{""Environment"":""staging"",""CostCenter"":""cc-2087"",""Owner"":""team-platform""}"
Microsoft Azure,Microsoft,Microsoft Azure,INV-2026-05-000002,8a1b2c3d-0000-4a00-9000-000000000002,ExampleCorp MCA - Secondary,Microsoft Customer Agreement,11111111-1111-4111-8111-111111111111,prod-platform,Subscription,2026-05-01T00:00:00Z,2026-06-01T00:00:00Z,2026-05-05T00:00:00Z,2026-05-06T00:00:00Z,Usage,,VNet peering data transfer,Usage-Based,14.3227533928674,14.3227533928674,15.9141704710131,14.3227533928674,0.0102525258,0.0092272732,Standard,1552.2195,GB,USD,0.0092272732,14.3227533928674,0.0102525258,USD,1552.2195,GB,Virtual Network,Networking,Network Connectivity,AZ-VIRT-7ede7b,Data Transfer,AZSP-68ebe7b0,"{""x_TransferType"":""Peering""}",/subscriptions/11111111-1111-4111-8111-111111111111/resourceGroups/rg-prod-platform/providers/Microsoft.Network/virtualNetworks/vnet-0e9d34f0,vnet-0e9d34f0,Virtual Network,eastus,East US,,,,,,,,,,,"{""Environment"":""prod"",""CostCenter"":""cc-1042"",""Owner"":""team-data""}"
Microsoft Azure,Microsoft,Microsoft Azure,INV-2026-05-000002,8a1b2c3d-0000-4a00-9000-000000000002,ExampleCorp MCA - Secondary,Microsoft Customer Agreement,22222222-2222-4222-8222-222222222222,staging-platform,Subscription,2026-05-01T00:00:00Z,2026-06-01T00:00:00Z,2026-05-14T01:00:00Z,2026-05-14T02:00:00Z,Usage,,General Purpose 4 vCore,Usage-Based,0.4548520301,0.4548520301,0.5053911445,0.4548520301,0.5053911445,0.4548520301,Standard,1.0000,Hours,USD,0.4548520301,0.4548520301,0.5053911445,USD,1.0000,Hours,Azure SQL Database,Databases,Relational Databases,AZ-AZUR-0d4ded,Database,AZSP-b85f18f4,"{""InstanceType"":""GP_Gen5_4"",""CoreCount"":4,""MemorySize"":20,""x_Engine"":""SQLServer""}",/subscriptions/22222222-2222-4222-8222-222222222222/resourceGroups/rg-staging-platform/providers/Microsoft.Sql/servers/databases/sqldb-ca5fa09b,sqldb-ca5fa09b,SQL Database,westeurope,West Europe,,,,,,,,,,,"{""Environment"":""staging"",""CostCenter"":""cc-2087"",""Owner"":""team-platform""}"
Microsoft Azure,Microsoft,Microsoft Azure,INV-2026-05-000001,8a1b2c3d-0000-4a00-9000-000000000001,ExampleCorp MCA - Primary,Microsoft Customer Agreement,11111111-1111-4111-8111-111111111111,prod-platform,Subscription,2026-05-01T00:00:00Z,2026-06-01T00:00:00Z,2026-05-07T00:00:00Z,2026-05-08T00:00:00Z,Tax,,Tax for Azure Blob Storage,One-Time,3.751057,3.751057,3.751057,3.751057,,,,,,,,,,USD,,,Azure Blob Storage,Storage,Object Storage,,,,,,,,,,,,,,,,,,,,"{""Environment"":""prod"",""CostCenter"":""cc-2087"",""Owner"":""team-platform""}"
Microsoft Azure,Microsoft,Microsoft Azure,INV-2026-05-000002,8a1b2c3d-0000-4a00-9000-000000000002,ExampleCorp MCA - Secondary,Microsoft Customer Agreement,33333333-3333-4333-8333-333333333333,data-analytics,Subscription,2026-05-01T00:00:00Z,2026-06-01T00:00:00Z,2026-05-08T00:00:00Z,2026-05-09T00:00:00Z,Usage,,VNet peering data transfer,Usage-Based,40.26493697677668,40.26493697677668,44.73881901279441,40.26493697677668,0.0099612707,0.0089651436,Standard,4491.2763,GB,USD,0.0089651436,40.26493697677668,0.0099612707,USD,4491.2763,GB,Virtual Network,Networking,Network Connectivity,AZ-VIRT-b70d8b,Data Transfer,AZSP-bc01f00f,"{""x_TransferType"":""Peering""}",/subscriptions/33333333-3333-4333-8333-333333333333/resourceGroups/rg-data-analytics/providers/Microsoft.Network/virtualNetworks/vnet-1482d97a,vnet-1482d97a,Virtual Network,eastus,East US,,,,,,,,,,,"{""Environment"":""prod"",""CostCenter"":""cc-2087"",""Owner"":""team-platform""}"
Microsoft Azure,Microsoft,Microsoft Azure,INV-2026-05-000001,8a1b2c3d-0000-4a00-9000-000000000001,ExampleCorp MCA - Primary,Microsoft Customer Agreement,11111111-1111-4111-8111-111111111111,prod-platform,Subscription,2026-05-01T00:00:00Z,2026-06-01T00:00:00Z,2026-05-14T04:00:00Z,2026-05-14T05:00:00Z,Usage,,Standard_D4s_v5 instance,Usage-Based,0.173052104,0.173052104,0.1922801156,0.173052104,0.1922801156,0.1730521040,Standard,1.0000,Hours,USD,0.1730521040,0.173052104,0.1922801156,USD,1.0000,Hours,Virtual Machines,Compute,Virtual Machines,AZ-VIRT-d0cca6,Compute,AZSP-3a8f36f5,"{""InstanceType"":""Standard_D4s_v5"",""InstanceSeries"":""Ddsv5"",""CoreCount"":4,""MemorySize"":16,""OperatingSystem"":""Linux"",""x_Tenancy"":""Shared""}",/subscriptions/11111111-1111-4111-8111-111111111111/resourceGroups/rg-prod-platform/providers/Microsoft.Compute/virtualMachines/vm-20d6e270,vm-20d6e270,Virtual Machine,westus2,West US 2,westus2-1,,,,,,,,,,"{""Environment"":""prod"",""CostCenter"":""cc-3110"",""Owner"":""team-payments""}"
Microsoft Azure,Microsoft,Microsoft Azure,INV-2026-05-000001,8a1b2c3d-0000-4a00-9000-000000000001,ExampleCorp MCA - Primary,Microsoft Customer Agreement,11111111-1111-4111-8111-111111111111,prod-platform,Subscription,2026-05-01T00:00:00Z,2026-06-01T00:00:00Z,2026-05-14T05:00:00Z,2026-05-14T06:00:00Z,Usage,,AKS node pool hours,Usage-Based,0.172378379,0.172378379,0.1915315322,0.172378379,0.1915315322,0.1723783790,Standard,1.0000,Hours,USD,0.1723783790,0.172378379,0.1915315322,USD,1.0000,Hours,Azure Kubernetes Service,Compute,Containers,AZ-AZUR-d67834,Compute,AZSP-ceb1123b,"{""InstanceType"":""Standard_D4s_v5"",""CoreCount"":4,""MemorySize"":16,""x_NodePool"":""system""}",/subscriptions/11111111-1111-4111-8111-111111111111/resourceGroups/rg-prod-platform/providers/Microsoft.ContainerService/managedClusters/aks-63780fac,aks-63780fac,Managed Cluster,eastus,East US,,,,,,,,,,,"{""Environment"":""prod"",""CostCenter"":""cc-3110"",""Owner"":""team-data""}"
Microsoft Azure,Microsoft,Microsoft Azure,INV-2026-05-000002,8a1b2c3d-0000-4a00-9000-000000000002,ExampleCorp MCA - Secondary,Microsoft Customer Agreement,11111111-1111-4111-8111-111111111111,prod-platform,Subscription,2026-05-01T00:00:00Z,2026-06-01T00:00:00Z,2026-05-11T00:00:00Z,2026-05-12T00:00:00Z,Usage,,VNet peering data transfer,Usage-Based,33.82469690008838,33.82469690008838,37.58299664169622,33.82469690008838,0.0097065758,0.0087359182,Standard,3871.9109,GB,USD,0.0087359182,33.82469690008838,0.0097065758,USD,3871.9109,GB,Virtual Network,Networking,Network Connectivity,AZ-VIRT-44ee1f,Data Transfer,AZSP-3134fe6f,"{""x_TransferType"":""Peering""}",/subscriptions/11111111-1111-4111-8111-111111111111/resourceGroups/rg-prod-platform/providers/Microsoft.Network/virtualNetworks/vnet-05be3cf2,vnet-05be3cf2,Virtual Network,eastus,East US,,,,,,,,,,,"{""Environment"":""staging"",""CostCenter"":""cc-1042"",""Owner"":""team-data""}"
Microsoft Azure,Microsoft,Microsoft Azure,INV-2026-05-000002,8a1b2c3d-0000-4a00-9000-000000000002,ExampleCorp MCA - Secondary,Microsoft Customer Agreement,22222222-2222-4222-8222-222222222222,staging-platform,Subscription,2026-05-01T00:00:00Z,2026-06-01T00:00:00Z,2026-05-14T07:00:00Z,2026-05-14T08:00:00Z,Usage,,Standard_D4s_v5 instance,Usage-Based,0.1725428542,0.1725428542,0.1917142824,0.1725428542,0.1917142824,0.1725428542,Standard,1.0000,Hours,EUR,0.1587394259,0.158739425864,0.1763771398,USD,1.0000,Hours,Virtual Machines,Compute,Virtual Machines,AZ-VIRT-8116d9,Compute,AZSP-4306e15d,"{""InstanceType"":""Standard_D4s_v5"",""InstanceSeries"":""Ddsv5"",""CoreCount"":4,""MemorySize"":16,""OperatingSystem"":""Linux"",""x_Tenancy"":""Shared""}",/subscriptions/22222222-2222-4222-8222-222222222222/resourceGroups/rg-staging-platform/providers/Microsoft.Compute/virtualMachines/vm-5bc4d543,vm-5bc4d543,Virtual Machine,westus2,West US 2,westus2-1,,,,,,,,,,"{""Environment"":""staging"",""CostCenter"":""cc-2087"",""Owner"":""team-platform""}"
Microsoft Azure,Microsoft,Microsoft Azure,INV-2026-05-000002,8a1b2c3d-0000-4a00-9000-000000000002,ExampleCorp MCA - Secondary,Microsoft Customer Agreement,22222222-2222-4222-8222-222222222222,staging-platform,Subscription,2026-05-01T00:00:00Z,2026-06-01T00:00:00Z,2026-05-14T08:00:00Z,2026-05-14T09:00:00Z,Usage,,Function execution duration,Usage-Based,19.6808817931212,19.6808817931212,21.8676008145731,19.6808817931212,0.0000159773,0.0000143796,Standard,1368666.8470,GB-Seconds,USD,0.0000143796,19.6808817931212,0.0000159773,USD,1368666.8470,GB-Seconds,Azure Functions,Compute,Serverless Compute,AZ-AZUR-7aefbd,Compute,AZSP-59eaf5f3,"{""x_Plan"":""Consumption"",""x_Runtime"":""dotnet8""}",/subscriptions/22222222-2222-4222-8222-222222222222/resourceGroups/rg-staging-platform/providers/Microsoft.Web/sites/func-aa7f6112,func-aa7f6112,Function App,westus2,West US 2,,,,,,,,,,,"{""Environment"":""staging"",""CostCenter"":""cc-1042"",""Owner"":""team-data""}"
Microsoft Azure,Microsoft,Microsoft Azure,INV-2026-05-000001,8a1b2c3d-0000-4a00-9000-000000000001,ExampleCorp MCA - Primary,Microsoft Customer Agreement,11111111-1111-4111-8111-111111111111,prod-platform,Subscription,2026-05-01T00:00:00Z,2026-06-01T00:00:00Z,2026-05-14T09:00:00Z,2026-05-14T10:00:00Z,Usage,,Standard_D4s_v5 instance,Usage-Based,0.1779063179,0.1779063179,0.1976736865,0.1779063179,0.1976736865,0.1779063179,Standard,1.0000,Hours,USD,0.1779063179,0.1779063179,0.1976736865,USD,1.0000,Hours,Virtual Machines,Compute,Virtual Machines,AZ-VIRT-f3f762,Compute,AZSP-4ae48e1e,"{""InstanceType"":""Standard_D4s_v5"",""InstanceSeries"":""Ddsv5"",""CoreCount"":4,""MemorySize"":16,""OperatingSystem"":""Linux"",""x_Tenancy"":""Shared""}",/subscriptions/11111111-1111-4111-8111-111111111111/resourceGroups/rg-prod-platform/providers/Microsoft.Compute/virtualMachines/vm-0f19be5a,vm-0f19be5a,Virtual Machine,southeastasia,Southeast Asia,southeastasia-2,,,,,,,,,,"{""Environment"":""dev"",""CostCenter"":""cc-1042"",""Owner"":""team-payments""}"
Microsoft Azure,Microsoft,Microsoft Azure,INV-2026-05-000001,8a1b2c3d-0000-4a00-9000-000000000001,ExampleCorp MCA - Primary,Microsoft Customer Agreement,44444444-4444-4444-8444-444444444444,sandbox-dev,Subscription,2026-05-01T00:00:00Z,2026-06-01T00:00:00Z,2026-05-01T00:00:00Z,2026-06-01T00:00:00Z,Usage,,Hot LRS data stored,Usage-Based,60.06527861419036,60.06527861419036,66.73919850036796,60.06527861419036,0.0184664399,0.0166197959,Standard,3614.0804,GB-Months,USD,0.0166197959,60.06527861419036,0.0184664399,USD,3614.0804,GB-Months,Azure Blob Storage,Storage,Object Storage,AZ-AZUR-c00961,Storage,AZSP-c8be86ba,"{""x_StorageClass"":""Hot"",""x_Redundancy"":""LRS""}",/subscriptions/44444444-4444-4444-8444-444444444444/resourceGroups/rg-sandbox-dev/providers/Microsoft.Storage/storageAccounts/storbf7901d0,storbf7901d0,Storage Account,eastus,East US,,,,,,,,,,,"{""Environment"":""prod"",""CostCenter"":""cc-1042"",""Owner"":""team-data""}"
Microsoft Azure,Microsoft,Microsoft Azure,INV-2026-05-000002,8a1b2c3d-0000-4a00-9000-000000000002,ExampleCorp MCA - Secondary,Microsoft Customer Agreement,44444444-4444-4444-8444-444444444444,sandbox-dev,Subscription,2026-05-01T00:00:00Z,2026-06-01T00:00:00Z,2026-05-14T11:00:00Z,2026-05-14T12:00:00Z,Usage,,Standard_D4s_v5 instance,Usage-Based,0.1731414432,0.1731414432,0.1923793813,0.1731414432,0.1923793813,0.1731414432,Standard,1.0000,Hours,USD,0.1731414432,0.1731414432,0.1923793813,USD,1.0000,Hours,Virtual Machines,Compute,Virtual Machines,AZ-VIRT-f4490e,Compute,AZSP-561c97bd,"{""InstanceType"":""Standard_D4s_v5"",""InstanceSeries"":""Ddsv5"",""CoreCount"":4,""MemorySize"":16,""OperatingSystem"":""Linux"",""x_Tenancy"":""Shared""}",/subscriptions/44444444-4444-4444-8444-444444444444/resourceGroups/rg-sandbox-dev/providers/Microsoft.Compute/virtualMachines/vm-065a0958,vm-065a0958,Virtual Machine,eastus,East US,eastus-2,,,,,,,,,,"{""Environment"":""prod"",""CostCenter"":""cc-1042"",""Owner"":""team-payments""}"
Microsoft Azure,Microsoft,Microsoft Azure,INV-2026-05-000002,8a1b2c3d-0000-4a00-9000-000000000002,ExampleCorp MCA - Secondary,Microsoft Customer Agreement,44444444-4444-4444-8444-444444444444,sandbox-dev,Subscription,2026-05-01T00:00:00Z,2026-06-01T00:00:00Z,2026-05-17T00:00:00Z,2026-05-18T00:00:00Z,Tax,,Tax for Azure Monitor,One-Time,7.493094,7.493094,7.493094,7.493094,,,,,,,,,,USD,,,Azure Monitor,Management and Governance,Observability,,,,,,,,,,,,,,,,,,,,"{""Environment"":""staging"",""CostCenter"":""cc-1042"",""Owner"":""team-data""}"
Microsoft Azure,Microsoft,Microsoft Azure,INV-2026-05-000002,8a1b2c3d-0000-4a00-9000-000000000002,ExampleCorp MCA - Secondary,Microsoft Customer Agreement,22222222-2222-4222-8222-222222222222,staging-platform,Subscription,2026-05-01T00:00:00Z,2026-06-01T00:00:00Z,2026-05-14T13:00:00Z,2026-05-14T14:00:00Z,Usage,,AKS node pool hours,Usage-Based,0.1722434535,0.1722434535,0.191381615,0.1722434535,0.1913816150,0.1722434535,Standard,1.0000,Hours,USD,0.1722434535,0.1722434535,0.1913816150,USD,1.0000,Hours,Azure Kubernetes Service,Compute,Containers,AZ-AZUR-27e0fa,Compute,AZSP-c04cfd7d,"{""InstanceType"":""Standard_D4s_v5"",""CoreCount"":4,""MemorySize"":16,""x_NodePool"":""system""}",/subscriptions/22222222-2222-4222-8222-222222222222/resourceGroups/rg-staging-platform/providers/Microsoft.ContainerService/managedClusters/aks-1e986902,aks-1e986902,Managed Cluster,southeastasia,Southeast Asia,,,,,,,,,,,"{""Environment"":""staging"",""CostCenter"":""cc-2087"",""Owner"":""team-platform""}"
Microsoft Azure,Microsoft,Microsoft Azure,INV-2026-05-000002,8a1b2c3d-0000-4a00-9000-000000000002,ExampleCorp MCA - Secondary,Microsoft Customer Agreement,33333333-3333-4333-8333-333333333333,data-analytics,Subscription,2026-05-01T00:00:00Z,2026-06-01T00:00:00Z,2026-05-14T14:00:00Z,2026-05-14T15:00:00Z,Usage,,Standard_D4s_v5 instance,Usage-Based,0.1744420563,0.1744420563,0.193824507,0.1744420563,0.1938245070,0.1744420563,Standard,1.0000,Hours,USD,0.1744420563,0.1744420563,0.1938245070,USD,1.0000,Hours,Virtual Machines,Compute,Virtual Machines,AZ-VIRT-273a56,Compute,AZSP-d748da9c,"{""InstanceType"":""Standard_D4s_v5"",""InstanceSeries"":""Ddsv5"",""CoreCount"":4,""MemorySize"":16,""OperatingSystem"":""Linux"",""x_Tenancy"":""Shared""}",/subscriptions/33333333-3333-4333-8333-333333333333/resourceGroups/rg-data-analytics/providers/Microsoft.Compute/virtualMachines/vm-c5a6cbe4,vm-c5a6cbe4,Virtual Machine,westeurope,West Europe,westeurope-1,,,,,,,,,,"{""Environment"":""staging"",""CostCenter"":""cc-2087"",""Owner"":""team-data""}"
Microsoft Azure,Microsoft,Microsoft Azure,INV-2026-05-000002,8a1b2c3d-0000-4a00-9000-000000000002,ExampleCorp MCA - Secondary,Microsoft Customer Agreement,11111111-1111-4111-8111-111111111111,prod-platform,Subscription,2026-05-01T00:00:00Z,2026-06-01T00:00:00Z,2026-05-20T00:00:00Z,2026-05-21T00:00:00Z,Tax,,Tax for Azure Blob Storage,One-Time,41.843519,41.843519,41.843519,41.843519,,,,,,,,,,USD,,,Azure Blob Storage,Storage,Object Storage,,,,,,,,,,,,,,,,,,,,"{""Environment"":""dev"",""CostCenter"":""cc-3110"",""Owner"":""team-payments""}"
Microsoft Azure,Microsoft,Microsoft Azure,INV-2026-05-000002,8a1b2c3d-0000-4a00-9000-000000000002,ExampleCorp MCA - Secondary,Microsoft Customer Agreement,11111111-1111-4111-8111-111111111111,prod-platform,Subscription,2026-05-01T00:00:00Z,2026-06-01T00:00:00Z,2026-05-14T16:00:00Z,2026-05-14T17:00:00Z,Usage,,Standard_D4s_v5 instance,Usage-Based,0.1689651121,0.1689651121,0.1877390134,0.1689651121,0.1877390134,0.1689651121,Standard,1.0000,Hours,USD,0.1689651121,0.1689651121,0.1877390134,USD,1.0000,Hours,Virtual Machines,Compute,Virtual Machines,AZ-VIRT-d1aa80,Compute,AZSP-1efdfe3d,"{""InstanceType"":""Standard_D4s_v5"",""InstanceSeries"":""Ddsv5"",""CoreCount"":4,""MemorySize"":16,""OperatingSystem"":""Linux"",""x_Tenancy"":""Shared""}",/subscriptions/11111111-1111-4111-8111-111111111111/resourceGroups/rg-prod-platform/providers/Microsoft.Compute/virtualMachines/vm-f538d8ec,vm-f538d8ec,Virtual Machine,southeastasia,Southeast Asia,southeastasia-1,,,,,,,,,,"{""Environment"":""dev"",""CostCenter"":""cc-2087"",""Owner"":""team-platform""}"
Microsoft Azure,Microsoft,Microsoft Azure,INV-2026-05-000002,8a1b2c3d-0000-4a00-9000-000000000002,ExampleCorp MCA - Secondary,Microsoft Customer Agreement,44444444-4444-4444-8444-444444444444,sandbox-dev,Subscription,2026-05-01T00:00:00Z,2026-06-01T00:00:00Z,2026-05-22T00:00:00Z,2026-05-23T00:00:00Z,Usage,,Log data ingested,Usage-Based,327.88978259312808,327.88978259312808,364.3219806590312,327.88978259312808,2.2333763920,2.0100387528,Standard,163.1261,GB,USD,2.0100387528,327.88978259312808,2.2333763920,USD,163.1261,GB,Azure Monitor,Management and Governance,Observability,AZ-AZUR-8fcc6a,Monitoring,AZSP-7f5b8e20,"{""x_DataType"":""Logs""}",/subscriptions/44444444-4444-4444-8444-444444444444/resourceGroups/rg-sandbox-dev/providers/Microsoft.OperationalInsights/workspaces/law-7d02bc13,law-7d02bc13,Log Analytics Workspace,southeastasia,Southeast Asia,,,,,,,,,,,"{""Environment"":""prod"",""CostCenter"":""cc-2087"",""Owner"":""team-platform""}"
Microsoft Azure,Microsoft,Microsoft Azure,INV-2026-05-000001,8a1b2c3d-0000-4a00-9000-000000000001,ExampleCorp MCA - Primary,Microsoft Customer Agreement,11111111-1111-4111-8111-111111111111,prod-platform,Subscription,2026-05-01T00:00:00Z,2026-06-01T00:00:00Z,2026-05-14T18:00:00Z,2026-05-14T19:00:00Z,Usage,,Provisioned throughput,Usage-Based,0.0070988096,0.0070988096,0.0078875662,0.0070988096,0.0078875662,0.0070988096,Standard,1.0000,Hours,EUR,0.0065309048,0.006530904832,0.0072565609,USD,1.0000,Hours,Azure Cosmos DB,Databases,NoSQL Databases,AZ-AZUR-1405e3,Database,AZSP-3f44114c,"{""x_CapacityMode"":""Provisioned""}",/subscriptions/11111111-1111-4111-8111-111111111111/resourceGroups/rg-prod-platform/providers/Microsoft.DocumentDB/databaseAccounts/cosmos-65595f3d,cosmos-65595f3d,Cosmos DB Account,westeurope,West Europe,,,,,,,,,,,"{""Environment"":""staging"",""CostCenter"":""cc-3110"",""Owner"":""team-data""}"
Microsoft Azure,Microsoft,Microsoft Azure,INV-2026-05-000002,8a1b2c3d-0000-4a00-9000-000000000002,ExampleCorp MCA - Secondary,Microsoft Customer Agreement,33333333-3333-4333-8333-333333333333,data-analytics,Subscription,2026-05-01T00:00:00Z,2026-06-01T00:00:00Z,2026-05-14T19:00:00Z,2026-05-14T20:00:00Z,Usage,,Provisioned throughput,Usage-Based,0.0070794703,0.0070794703,0.0078660781,0.0070794703,0.0078660781,0.0070794703,Standard,1.0000,Hours,USD,0.0070794703,0.0070794703,0.0078660781,USD,1.0000,Hours,Azure Cosmos DB,Databases,NoSQL Databases,AZ-AZUR-a09061,Database,AZSP-46271cb1,"{""x_CapacityMode"":""Provisioned""}",/subscriptions/33333333-3333-4333-8333-333333333333/resourceGroups/rg-data-analytics/providers/Microsoft.DocumentDB/databaseAccounts/cosmos-9414dad5,cosmos-9414dad5,Cosmos DB Account,southeastasia,Southeast Asia,,,,,,,,,,,"{""Environment"":""staging"",""CostCenter"":""cc-3110"",""Owner"":""team-platform""}"
Microsoft Azure,Microsoft,Microsoft Azure,INV-2026-05-000001,8a1b2c3d-0000-4a00-9000-000000000001,ExampleCorp MCA - Primary,Microsoft Customer Agreement,22222222-2222-4222-8222-222222222222,staging-platform,Subscription,2026-05-01T00:00:00Z,2026-06-01T00:00:00Z,2026-05-14T20:00:00Z,2026-05-14T21:00:00Z,Usage,,Function execution duration,Usage-Based,13.65053508681115,13.65053508681115,15.16727156312129,13.65053508681115,0.0000162739,0.0000146465,Standard,931999.8011,GB-Seconds,USD,0.0000146465,13.65053508681115,0.0000162739,USD,931999.8011,GB-Seconds,Azure Functions,Compute,Serverless Compute,AZ-AZUR-f9179a,Compute,AZSP-45256718,"{""x_Plan"":""Consumption"",""x_Runtime"":""dotnet8""}",/subscriptions/22222222-2222-4222-8222-222222222222/resourceGroups/rg-staging-platform/providers/Microsoft.Web/sites/func-041f1356,func-041f1356,Function App,eastus,East US,,,,,,,,,,,"{""Environment"":""prod"",""CostCenter"":""cc-1042"",""Owner"":""team-platform""}"
Microsoft Azure,Microsoft,Microsoft Azure,INV-2026-05-000001,8a1b2c3d-0000-4a00-9000-000000000001,ExampleCorp MCA - Primary,Microsoft Customer Agreement,44444444-4444-4444-8444-444444444444,sandbox-dev,Subscription,2026-05-01T00:00:00Z,2026-06-01T00:00:00Z,2026-05-01T00:00:00Z,2026-06-01T00:00:00Z,Usage,,Hot LRS data stored,Usage-Based,42.5506981877315,42.5506981877315,47.2785535980485,42.5506981877315,0.0187196758,0.0168477082,Standard,2525.6075,GB-Months,USD,0.0168477082,42.5506981877315,0.0187196758,USD,2525.6075,GB-Months,Azure Blob Storage,Storage,Object Storage,AZ-AZUR-b9d614,Storage,AZSP-3a0d60d0,"{""x_StorageClass"":""Hot"",""x_Redundancy"":""LRS""}",/subscriptions/44444444-4444-4444-8444-444444444444/resourceGroups/rg-sandbox-dev/providers/Microsoft.Storage/storageAccounts/stor8dc511be,stor8dc511be,Storage Account,westus2,West US 2,,,,,,,,,,,"{""Environment"":""prod"",""CostCenter"":""cc-1042"",""Owner"":""team-platform""}"
Microsoft Azure,Microsoft,Microsoft Azure,INV-2026-05-000001,8a1b2c3d-0000-4a00-9000-000000000001,ExampleCorp MCA - Primary,Microsoft Customer Agreement,33333333-3333-4333-8333-333333333333,data-analytics,Subscription,2026-05-01T00:00:00Z,2026-06-01T00:00:00Z,2026-05-01T00:00:00Z,2026-06-01T00:00:00Z,Usage,,Hot LRS data stored,Usage-Based,110.8580902902758,110.8580902902758,123.17565595324205,110.8580902902758,0.0182099249,0.0163889324,Standard,6764.2045,GB-Months,USD,0.0163889324,110.8580902902758,0.0182099249,USD,6764.2045,GB-Months,Azure Blob Storage,Storage,Object Storage,AZ-AZUR-7025d7,Storage,AZSP-3cf75550,"{""x_StorageClass"":""Hot"",""x_Redundancy"":""LRS""}",/subscriptions/33333333-3333-4333-8333-333333333333/resourceGroups/rg-data-analytics/providers/Microsoft.Storage/storageAccounts/stor17a3cbc0,stor17a3cbc0,Storage Account,westeurope,West Europe,,,,,,,,,,,"{""Environment"":""staging"",""CostCenter"":""cc-3110"",""Owner"":""team-platform""}"
Microsoft Azure,Microsoft,Microsoft Azure,INV-2026-05-000002,8a1b2c3d-0000-4a00-9000-000000000002,ExampleCorp MCA - Secondary,Microsoft Customer Agreement,33333333-3333-4333-8333-333333333333,data-analytics,Subscription,2026-05-01T00:00:00Z,2026-06-01T00:00:00Z,2026-05-14T23:00:00Z,2026-05-15T00:00:00Z,Usage,,AKS node pool hours,Usage-Based,0.1724489461,0.1724489461,0.1916099401,0.1724489461,0.1916099401,0.1724489461,Standard,1.0000,Hours,EUR,0.1586530304,0.158653030412,0.1762811449,USD,1.0000,Hours,Azure Kubernetes Service,Compute,Containers,AZ-AZUR-bfc975,Compute,AZSP-1bfaf103,"{""InstanceType"":""Standard_D4s_v5"",""CoreCount"":4,""MemorySize"":16,""x_NodePool"":""system""}",/subscriptions/33333333-3333-4333-8333-333333333333/resourceGroups/rg-data-analytics/providers/Microsoft.ContainerService/managedClusters/aks-241c390c,aks-241c390c,Managed Cluster,southeastasia,Southeast Asia,,,,,,,,,,,"{""Environment"":""dev"",""CostCenter"":""cc-2087"",""Owner"":""team-payments""}"
Microsoft Azure,Microsoft,Microsoft Azure,INV-2026-05-000001,8a1b2c3d-0000-4a00-9000-000000000001,ExampleCorp MCA - Primary,Microsoft Customer Agreement,22222222-2222-4222-8222-222222222222,staging-platform,Subscription,2026-05-01T00:00:00Z,2026-06-01T00:00:00Z,2026-05-15T00:00:00Z,2026-05-15T01:00:00Z,Usage,,Provisioned throughput,Usage-Based,0.007372733,0.007372733,0.0081919255,0.007372733,0.0081919255,0.0073727330,Standard,1.0000,Hours,USD,0.0073727330,0.007372733,0.0081919255,USD,1.0000,Hours,Azure Cosmos DB,Databases,NoSQL Databases,AZ-AZUR-94fb9a,Database,AZSP-c29ca8f8,"{""x_CapacityMode"":""Provisioned""}",/subscriptions/22222222-2222-4222-8222-222222222222/resourceGroups/rg-staging-platform/providers/Microsoft.DocumentDB/databaseAccounts/cosmos-8c56b224,cosmos-8c56b224,Cosmos DB Account,westus2,West US 2,,,,,,,,,,,"{""Environment"":""staging"",""CostCenter"":""cc-3110"",""Owner"":""team-payments""}"
Microsoft Azure,Microsoft,Microsoft Azure,INV-2026-05-000001,8a1b2c3d-0000-4a00-9000-000000000001,ExampleCorp MCA - Primary,Microsoft Customer Agreement,44444444-4444-4444-8444-444444444444,sandbox-dev,Subscription,2026-05-01T00:00:00Z,2026-06-01T00:00:00Z,2026-05-02T00:00:00Z,2026-05-03T00:00:00Z,Usage,,Log data ingested,Usage-Based,565.44169942987436,565.44169942987436,628.26855491911612,565.44169942987436,2.3531961881,2.1178765693,Standard,266.9852,GB,USD,2.1178765693,565.44169942987436,2.3531961881,USD,266.9852,GB,Azure Monitor,Management and Governance,Observability,AZ-AZUR-50fb45,Monitoring,AZSP-3dff8ad8,"{""x_DataType"":""Logs""}",/subscriptions/44444444-4444-4444-8444-444444444444/resourceGroups/rg-sandbox-dev/providers/Microsoft.OperationalInsights/workspaces/law-626870c1,law-626870c1,Log Analytics Workspace,eastus,East US,,,,,,,,,,,"{""Environment"":""dev"",""CostCenter"":""cc-2087"",""Owner"":""team-data""}"
Microsoft Azure,Microsoft,Microsoft Azure,INV-2026-05-000002,8a1b2c3d-0000-4a00-9000-000000000002,ExampleCorp MCA - Secondary,Microsoft Customer Agreement,44444444-4444-4444-8444-444444444444,sandbox-dev,Subscription,2026-05-01T00:00:00Z,2026-06-01T00:00:00Z,2026-05-01T00:00:00Z,2026-06-01T00:00:00Z,Usage,,Hot LRS data stored,Usage-Based,91.04745158869998,91.04745158869998,101.16383527669419,91.04745158869998,0.0189297927,0.0170368134,Standard,5344.1597,GB-Months,USD,0.0170368134,91.04745158869998,0.0189297927,USD,5344.1597,GB-Months,Azure Blob Storage,Storage,Object Storage,AZ-AZUR-ddaf24,Storage,AZSP-aa0c1237,"{""x_StorageClass"":""Hot"",""x_Redundancy"":""LRS""}",/subscriptions/44444444-4444-4444-8444-444444444444/resourceGroups/rg-sandbox-dev/providers/Microsoft.Storage/storageAccounts/stor6a20a66d,stor6a20a66d,Storage Account,westeurope,West Europe,,,,,,,,,,,"{""Environment"":""prod"",""CostCenter"":""cc-2087"",""Owner"":""team-platform""}"
Microsoft Azure,Microsoft,Microsoft Azure,INV-2026-05-000002,8a1b2c3d-0000-4a00-9000-000000000002,ExampleCorp MCA - Secondary,Microsoft Customer Agreement,33333333-3333-4333-8333-333333333333,data-analytics,Subscription,2026-05-01T00:00:00Z,2026-06-01T00:00:00Z,2026-05-04T00:00:00Z,2026-05-05T00:00:00Z,Usage,,VNet peering data transfer,Usage-Based,27.05914941409512,27.05914941409512,30.0657215712168,27.05914941409512,0.0099648630,0.0089683767,Standard,3017.1736,GB,USD,0.0089683767,27.05914941409512,0.0099648630,USD,3017.1736,GB,Virtual Network,Networking,Network Connectivity,AZ-VIRT-b59a8e,Data Transfer,AZSP-95b40034,"{""x_TransferType"":""Peering""}",/subscriptions/33333333-3333-4333-8333-333333333333/resourceGroups/rg-data-analytics/providers/Microsoft.Network/virtualNetworks/vnet-4603e758,vnet-4603e758,Virtual Network,westeurope,West Europe,,,,,,,,,,,"{""Environment"":""dev"",""CostCenter"":""cc-3110"",""Owner"":""team-data""}"
Microsoft Azure,Microsoft,Microsoft Azure,INV-2026-05-000002,8a1b2c3d-0000-4a00-9000-000000000002,ExampleCorp MCA - Secondary,Microsoft Customer Agreement,11111111-1111-4111-8111-111111111111,prod-platform,Subscription,2026-05-01T00:00:00Z,2026-06-01T00:00:00Z,2026-05-15T04:00:00Z,2026-05-15T05:00:00Z,Usage,,Provisioned throughput,Usage-Based,0.0072405999,0.0072405999,0.008045111,0.0072405999,0.0080451110,0.0072405999,Standard,1.0000,Hours,USD,0.0072405999,0.0072405999,0.0080451110,USD,1.0000,Hours,Azure Cosmos DB,Databases,NoSQL Databases,AZ-AZUR-d96ddb,Database,AZSP-ef4ce8d3,"{""x_CapacityMode"":""Provisioned""}",/subscriptions/11111111-1111-4111-8111-111111111111/resourceGroups/rg-prod-platform/providers/Microsoft.DocumentDB/databaseAccounts/cosmos-1345bc17,cosmos-1345bc17,Cosmos DB Account,westus2,West US 2,,,,,,,,,,,"{""Environment"":""staging"",""CostCenter"":""cc-1042"",""Owner"":""team-data""}"
Microsoft Azure,Microsoft,Microsoft Azure,INV-2026-05-000001,8a1b2c3d-0000-4a00-9000-000000000001,ExampleCorp MCA - Primary,Microsoft Customer Agreement,11111111-1111-4111-8111-111111111111,prod-platform,Subscription,2026-05-01T00:00:00Z,2026-06-01T00:00:00Z,2026-05-15T05:00:00Z,2026-05-15T06:00:00Z,Usage,,Provisioned throughput,Usage-Based,0.0071122155,0.0071122155,0.0079024617,0.0071122155,0.0079024617,0.0071122155,Standard,1.0000,Hours,USD,0.0071122155,0.0071122155,0.0079024617,USD,1.0000,Hours,Azure Cosmos DB,Databases,NoSQL Databases,AZ-AZUR-4524b5,Database,AZSP-a8e78c93,"{""x_CapacityMode"":""Provisioned""}",/subscriptions/11111111-1111-4111-8111-111111111111/resourceGroups/rg-prod-platform/providers/Microsoft.DocumentDB/databaseAccounts/cosmos-330cbbea,cosmos-330cbbea,Cosmos DB Account,southeastasia,Southeast Asia,,,,,,,,,,,"{""Environment"":""staging"",""CostCenter"":""cc-2087"",""Owner"":""team-platform""}"
Microsoft Azure,Microsoft,Microsoft Azure,INV-2026-05-000001,8a1b2c3d-0000-4a00-9000-000000000001,ExampleCorp MCA - Primary,Microsoft Customer Agreement,33333333-3333-4333-8333-333333333333,data-analytics,Subscription,2026-05-01T00:00:00Z,2026-06-01T00:00:00Z,2026-05-15T06:00:00Z,2026-05-15T07:00:00Z,Usage,,Provisioned throughput,Usage-Based,0.0073661563,0.0073661563,0.0081846181,0.0073661563,0.0081846181,0.0073661563,Standard,1.0000,Hours,USD,0.0073661563,0.0073661563,0.0081846181,USD,1.0000,Hours,Azure Cosmos DB,Databases,NoSQL Databases,AZ-AZUR-fea180,Database,AZSP-c3dcbb68,"{""x_CapacityMode"":""Provisioned""}",/subscriptions/33333333-3333-4333-8333-333333333333/resourceGroups/rg-data-analytics/providers/Microsoft.DocumentDB/databaseAccounts/cosmos-65bd7dda,cosmos-65bd7dda,Cosmos DB Account,southeastasia,Southeast Asia,,,,,,,,,,,"{""Environment"":""dev"",""CostCenter"":""cc-1042"",""Owner"":""team-payments""}"
Microsoft Azure,Microsoft,Microsoft Azure,INV-2026-05-000002,8a1b2c3d-0000-4a00-9000-000000000002,ExampleCorp MCA - Secondary,Microsoft Customer Agreement,44444444-4444-4444-8444-444444444444,sandbox-dev,Subscription,2026-05-01T00:00:00Z,2026-06-01T00:00:00Z,2026-05-15T07:00:00Z,2026-05-15T08:00:00Z,Usage,,Standard_D4s_v5 instance,Usage-Based,0.1689243766,0.1689243766,0.1876937518,0.1689243766,0.1876937518,0.1689243766,Standard,1.0000,Hours,USD,0.1689243766,0.1689243766,0.1876937518,USD,1.0000,Hours,Virtual Machines,Compute,Virtual Machines,AZ-VIRT-187305,Compute,AZSP-fcc54c2e,"{""InstanceType"":""Standard_D4s_v5"",""InstanceSeries"":""Ddsv5"",""CoreCount"":4,""MemorySize"":16,""OperatingSystem"":""Linux"",""x_Tenancy"":""Shared""}",/subscriptions/44444444-4444-4444-8444-444444444444/resourceGroups/rg-sandbox-dev/providers/Microsoft.Compute/virtualMachines/vm-ae45f79d,vm-ae45f79d,Virtual Machine,eastus,East US,eastus-1,,,,,,,,,,"{""Environment"":""dev"",""CostCenter"":""cc-2087"",""Owner"":""team-platform""}"
Microsoft Azure,Microsoft,Microsoft Azure,INV-2026-05-000002,8a1b2c3d-0000-4a00-9000-000000000002,ExampleCorp MCA - Secondary,Microsoft Customer Agreement,22222222-2222-4222-8222-222222222222,staging-platform,Subscription,2026-05-01T00:00:00Z,2026-06-01T00:00:00Z,2026-05-15T08:00:00Z,2026-05-15T09:00:00Z,Usage,,Standard_D4s_v5 instance,Usage-Based,0.1743713511,0.1743713511,0.1937459457,0.1743713511,0.1937459457,0.1743713511,Standard,1.0000,Hours,USD,0.1743713511,0.1743713511,0.1937459457,USD,1.0000,Hours,Virtual Machines,Compute,Virtual Machines,AZ-VIRT-1f7e6e,Compute,AZSP-c8b73df5,"{""InstanceType"":""Standard_D4s_v5"",""InstanceSeries"":""Ddsv5"",""CoreCount"":4,""MemorySize"":16,""OperatingSystem"":""Linux"",""x_Tenancy"":""Shared""}",/subscriptions/22222222-2222-4222-8222-222222222222/resourceGroups/rg-staging-platform/providers/Microsoft.Compute/virtualMachines/vm-800bb214,vm-800bb214,Virtual Machine,eastus,East US,eastus-1,,,,,,,,,,"{""Environment"":""staging"",""CostCenter"":""cc-2087"",""Owner"":""team-data""}"
Microsoft Azure,Microsoft,Microsoft Azure,INV-2026-05-000001,8a1b2c3d-0000-4a00-9000-000000000001,ExampleCorp MCA - Primary,Microsoft Customer Agreement,33333333-3333-4333-8333-333333333333,data-analytics,Subscription,2026-05-01T00:00:00Z,2026-06-01T00:00:00Z,2026-05-15T09:00:00Z,2026-05-15T10:00:00Z,Purchase,,"Savings Plan commitment, amortised for the charge period",Recurring,0.128064,0,0.128064,0.128064,1,1,Standard,0.128064,USD,USD,1.0000000000,0,1.0000000000,USD,,,Virtual Machines,Compute,Virtual Machines,AZ-COMMIT-6d4941,Commitment,AZSP-59751664,"{""x_Term"":""P1Y"",""x_PaymentOption"":""NoUpfront""}",/subscriptions/33333333-3333-4333-8333-333333333333/providers/Microsoft.BillingBenefits/savingsPlans/7682d07d5856,savingsPlans-9e04776cba,Savings Plan,westeurope,West Europe,,/subscriptions/33333333-3333-4333-8333-333333333333/providers/Microsoft.BillingBenefits/savingsPlans/7682d07d5856,AzureSavingsPlan-1yr-NoUpfront,Spend,Savings Plan,,0.128064,USD,,,"{""Environment"":""prod"",""CostCenter"":""cc-1042"",""Owner"":""team-payments""}"
Microsoft Azure,Microsoft,Microsoft Azure,INV-2026-05-000001,8a1b2c3d-0000-4a00-9000-000000000001,ExampleCorp MCA - Primary,Microsoft Customer Agreement,33333333-3333-4333-8333-333333333333,data-analytics,Subscription,2026-05-01T00:00:00Z,2026-06-01T00:00:00Z,2026-05-15T09:00:00Z,2026-05-15T10:00:00Z,Usage,,Virtual Machines committed usage,Usage-Based,0,0.128064,0.192,0.1728,0.1920000000,0.1728000000,Committed,1,Hours,USD,0.1728000000,0.128064,0.1920000000,USD,1,Hours,Virtual Machines,Compute,Virtual Machines,AZ-VIRT-7063d8,Compute,AZSP-08742436,"{""InstanceType"":""Standard_D4s_v5"",""InstanceSeries"":""Ddsv5"",""CoreCount"":4,""MemorySize"":16,""OperatingSystem"":""Linux"",""x_Tenancy"":""Shared""}",/subscriptions/33333333-3333-4333-8333-333333333333/resourceGroups/rg-data-analytics/providers/Microsoft.Compute/virtualMachines/vm-0000536738,vm-0000536738,Virtual Machine,westeurope,West Europe,westeurope-1,/subscriptions/33333333-3333-4333-8333-333333333333/providers/Microsoft.BillingBenefits/savingsPlans/7682d07d5856,AzureSavingsPlan-1yr-NoUpfront,Spend,Savings Plan,Used,0.128064,USD,,,"{""Environment"":""staging"",""CostCenter"":""cc-1042"",""Owner"":""team-platform""}"
Microsoft Azure,Microsoft,Microsoft Azure,INV-2026-05-000001,8a1b2c3d-0000-4a00-9000-000000000001,ExampleCorp MCA - Primary,Microsoft Customer Agreement,33333333-3333-4333-8333-333333333333,data-analytics,Subscription,2026-05-01T00:00:00Z,2026-06-01T00:00:00Z,2026-05-15T10:00:00Z,2026-05-15T11:00:00Z,Purchase,,"Savings Plan commitment, amortised for the charge period",Recurring,0.128064,0,0.128064,0.128064,1,1,Standard,0.128064,USD,USD,1.0000000000,0,1.0000000000,USD,,,Virtual Machines,Compute,Virtual Machines,AZ-COMMIT-6d4941,Commitment,AZSP-59751664,"{""x_Term"":""P1Y"",""x_PaymentOption"":""NoUpfront""}",/subscriptions/33333333-3333-4333-8333-333333333333/providers/Microsoft.BillingBenefits/savingsPlans/7682d07d5856,savingsPlans-9e04776cba,Savings Plan,westeurope,West Europe,,/subscriptions/33333333-3333-4333-8333-333333333333/providers/Microsoft.BillingBenefits/savingsPlans/7682d07d5856,AzureSavingsPlan-1yr-NoUpfront,Spend,Savings Plan,,0.128064,USD,,,"{""Environment"":""prod"",""CostCenter"":""cc-1042"",""Owner"":""team-data""}"
Microsoft Azure,Microsoft,Microsoft Azure,INV-2026-05-000001,8a1b2c3d-0000-4a00-9000-000000000001,ExampleCorp MCA - Primary,Microsoft Customer Agreement,33333333-3333-4333-8333-333333333333,data-analytics,Subscription,2026-05-01T00:00:00Z,2026-06-01T00:00:00Z,2026-05-15T10:00:00Z,2026-05-15T11:00:00Z,Usage,,Virtual Machines committed usage,Usage-Based,0,0.128064,0.192,0.1728,0.1920000000,0.1728000000,Committed,1,Hours,USD,0.1728000000,0.128064,0.1920000000,USD,1,Hours,Virtual Machines,Compute,Virtual Machines,AZ-VIRT-070c90,Compute,AZSP-c0f04303,"{""InstanceType"":""Standard_D4s_v5"",""InstanceSeries"":""Ddsv5"",""CoreCount"":4,""MemorySize"":16,""OperatingSystem"":""Linux"",""x_Tenancy"":""Shared""}",/subscriptions/33333333-3333-4333-8333-333333333333/resourceGroups/rg-data-analytics/providers/Microsoft.Compute/virtualMachines/vm-000199b3fa,vm-000199b3fa,Virtual Machine,westeurope,West Europe,westeurope-1,/subscriptions/33333333-3333-4333-8333-333333333333/providers/Microsoft.BillingBenefits/savingsPlans/7682d07d5856,AzureSavingsPlan-1yr-NoUpfront,Spend,Savings Plan,Used,0.128064,USD,,,"{""Environment"":""dev"",""CostCenter"":""cc-2087"",""Owner"":""team-data""}"
Microsoft Azure,Microsoft,Microsoft Azure,INV-2026-05-000001,8a1b2c3d-0000-4a00-9000-000000000001,ExampleCorp MCA - Primary,Microsoft Customer Agreement,33333333-3333-4333-8333-333333333333,data-analytics,Subscription,2026-05-01T00:00:00Z,2026-06-01T00:00:00Z,2026-05-15T11:00:00Z,2026-05-15T12:00:00Z,Purchase,,"Savings Plan commitment, amortised for the charge period",Recurring,0.128064,0,0.128064,0.128064,1,1,Standard,0.128064,USD,USD,1.0000000000,0,1.0000000000,USD,,,Virtual Machines,Compute,Virtual Machines,AZ-COMMIT-6d4941,Commitment,AZSP-59751664,"{""x_Term"":""P1Y"",""x_PaymentOption"":""NoUpfront""}",/subscriptions/33333333-3333-4333-8333-333333333333/providers/Microsoft.BillingBenefits/savingsPlans/7682d07d5856,savingsPlans-9e04776cba,Savings Plan,westeurope,West Europe,,/subscriptions/33333333-3333-4333-8333-333333333333/providers/Microsoft.BillingBenefits/savingsPlans/7682d07d5856,AzureSavingsPlan-1yr-NoUpfront,Spend,Savings Plan,,0.128064,USD,,,"{""Environment"":""prod"",""CostCenter"":""cc-2087"",""Owner"":""team-platform""}"
Microsoft Azure,Microsoft,Microsoft Azure,INV-2026-05-000001,8a1b2c3d-0000-4a00-9000-000000000001,ExampleCorp MCA - Primary,Microsoft Customer Agreement,33333333-3333-4333-8333-333333333333,data-analytics,Subscription,2026-05-01T00:00:00Z,2026-06-01T00:00:00Z,2026-05-15T11:00:00Z,2026-05-15T12:00:00Z,Usage,,Virtual Machines committed usage,Usage-Based,0,0.128064,0.192,0.1728,0.1920000000,0.1728000000,Committed,1,Hours,USD,0.1728000000,0.128064,0.1920000000,USD,1,Hours,Virtual Machines,Compute,Virtual Machines,AZ-VIRT-e8875f,Compute,AZSP-d8fb6567,"{""InstanceType"":""Standard_D4s_v5"",""InstanceSeries"":""Ddsv5"",""CoreCount"":4,""MemorySize"":16,""OperatingSystem"":""Linux"",""x_Tenancy"":""Shared""}",/subscriptions/33333333-3333-4333-8333-333333333333/resourceGroups/rg-data-analytics/providers/Microsoft.Compute/virtualMachines/vm-0002f1f101,vm-0002f1f101,Virtual Machine,westeurope,West Europe,westeurope-1,/subscriptions/33333333-3333-4333-8333-333333333333/providers/Microsoft.BillingBenefits/savingsPlans/7682d07d5856,AzureSavingsPlan-1yr-NoUpfront,Spend,Savings Plan,Used,0.128064,USD,,,"{""Environment"":""dev"",""CostCenter"":""cc-2087"",""Owner"":""team-data""}"
Microsoft Azure,Microsoft,Microsoft Azure,INV-2026-05-000001,8a1b2c3d-0000-4a00-9000-000000000001,ExampleCorp MCA - Primary,Microsoft Customer Agreement,33333333-3333-4333-8333-333333333333,data-analytics,Subscription,2026-05-01T00:00:00Z,2026-06-01T00:00:00Z,2026-05-15T12:00:00Z,2026-05-15T13:00:00Z,Purchase,,"Savings Plan commitment, amortised for the charge period",Recurring,0.128064,0,0.128064,0.128064,1,1,Standard,0.128064,USD,USD,1.0000000000,0,1.0000000000,USD,,,Virtual Machines,Compute,Virtual Machines,AZ-COMMIT-6d4941,Commitment,AZSP-59751664,"{""x_Term"":""P1Y"",""x_PaymentOption"":""NoUpfront""}",/subscriptions/33333333-3333-4333-8333-333333333333/providers/Microsoft.BillingBenefits/savingsPlans/7682d07d5856,savingsPlans-9e04776cba,Savings Plan,westeurope,West Europe,,/subscriptions/33333333-3333-4333-8333-333333333333/providers/Microsoft.BillingBenefits/savingsPlans/7682d07d5856,AzureSavingsPlan-1yr-NoUpfront,Spend,Savings Plan,,0.128064,USD,,,"{""Environment"":""prod"",""CostCenter"":""cc-1042"",""Owner"":""team-payments""}"
Microsoft Azure,Microsoft,Microsoft Azure,INV-2026-05-000001,8a1b2c3d-0000-4a00-9000-000000000001,ExampleCorp MCA - Primary,Microsoft Customer Agreement,33333333-3333-4333-8333-333333333333,data-analytics,Subscription,2026-05-01T00:00:00Z,2026-06-01T00:00:00Z,2026-05-15T12:00:00Z,2026-05-15T13:00:00Z,Usage,,Virtual Machines committed usage,Usage-Based,0,0.128064,0.192,0.1728,0.1920000000,0.1728000000,Committed,1,Hours,USD,0.1728000000,0.128064,0.1920000000,USD,1,Hours,Virtual Machines,Compute,Virtual Machines,AZ-VIRT-316a2e,Compute,AZSP-a4d8ef64,"{""InstanceType"":""Standard_D4s_v5"",""InstanceSeries"":""Ddsv5"",""CoreCount"":4,""MemorySize"":16,""OperatingSystem"":""Linux"",""x_Tenancy"":""Shared""}",/subscriptions/33333333-3333-4333-8333-333333333333/resourceGroups/rg-data-analytics/providers/Microsoft.Compute/virtualMachines/vm-0003759121,vm-0003759121,Virtual Machine,westeurope,West Europe,westeurope-1,/subscriptions/33333333-3333-4333-8333-333333333333/providers/Microsoft.BillingBenefits/savingsPlans/7682d07d5856,AzureSavingsPlan-1yr-NoUpfront,Spend,Savings Plan,Used,0.128064,USD,,,"{""Environment"":""staging"",""CostCenter"":""cc-2087"",""Owner"":""team-payments""}"
Microsoft Azure,Microsoft,Microsoft Azure,INV-2026-05-000001,8a1b2c3d-0000-4a00-9000-000000000001,ExampleCorp MCA - Primary,Microsoft Customer Agreement,33333333-3333-4333-8333-333333333333,data-analytics,Subscription,2026-05-01T00:00:00Z,2026-06-01T00:00:00Z,2026-05-15T13:00:00Z,2026-05-15T14:00:00Z,Purchase,,"Savings Plan commitment, amortised for the charge period",Recurring,0.128064,0,0.128064,0.128064,1,1,Standard,0.128064,USD,USD,1.0000000000,0,1.0000000000,USD,,,Virtual Machines,Compute,Virtual Machines,AZ-COMMIT-6d4941,Commitment,AZSP-59751664,"{""x_Term"":""P1Y"",""x_PaymentOption"":""NoUpfront""}",/subscriptions/33333333-3333-4333-8333-333333333333/providers/Microsoft.BillingBenefits/savingsPlans/7682d07d5856,savingsPlans-9e04776cba,Savings Plan,westeurope,West Europe,,/subscriptions/33333333-3333-4333-8333-333333333333/providers/Microsoft.BillingBenefits/savingsPlans/7682d07d5856,AzureSavingsPlan-1yr-NoUpfront,Spend,Savings Plan,,0.128064,USD,,,"{""Environment"":""prod"",""CostCenter"":""cc-2087"",""Owner"":""team-platform""}"
Microsoft Azure,Microsoft,Microsoft Azure,INV-2026-05-000001,8a1b2c3d-0000-4a00-9000-000000000001,ExampleCorp MCA - Primary,Microsoft Customer Agreement,33333333-3333-4333-8333-333333333333,data-analytics,Subscription,2026-05-01T00:00:00Z,2026-06-01T00:00:00Z,2026-05-15T13:00:00Z,2026-05-15T14:00:00Z,Usage,,Virtual Machines committed usage,Usage-Based,0,0.128064,0.192,0.1728,0.1920000000,0.1728000000,Committed,1,Hours,USD,0.1728000000,0.128064,0.1920000000,USD,1,Hours,Virtual Machines,Compute,Virtual Machines,AZ-VIRT-2a2f72,Compute,AZSP-bee373d9,"{""InstanceType"":""Standard_D4s_v5"",""InstanceSeries"":""Ddsv5"",""CoreCount"":4,""MemorySize"":16,""OperatingSystem"":""Linux"",""x_Tenancy"":""Shared""}",/subscriptions/33333333-3333-4333-8333-333333333333/resourceGroups/rg-data-analytics/providers/Microsoft.Compute/virtualMachines/vm-000471473b,vm-000471473b,Virtual Machine,westeurope,West Europe,westeurope-1,/subscriptions/33333333-3333-4333-8333-333333333333/providers/Microsoft.BillingBenefits/savingsPlans/7682d07d5856,AzureSavingsPlan-1yr-NoUpfront,Spend,Savings Plan,Used,0.128064,USD,,,"{""Environment"":""staging"",""CostCenter"":""cc-1042"",""Owner"":""team-platform""}"
Microsoft Azure,Microsoft,Microsoft Azure,INV-2026-05-000001,8a1b2c3d-0000-4a00-9000-000000000001,ExampleCorp MCA - Primary,Microsoft Customer Agreement,33333333-3333-4333-8333-333333333333,data-analytics,Subscription,2026-05-01T00:00:00Z,2026-06-01T00:00:00Z,2026-05-15T14:00:00Z,2026-05-15T15:00:00Z,Purchase,,"Savings Plan commitment, amortised for the charge period",Recurring,0.128064,0,0.128064,0.128064,1,1,Standard,0.128064,USD,USD,1.0000000000,0,1.0000000000,USD,,,Virtual Machines,Compute,Virtual Machines,AZ-COMMIT-6d4941,Commitment,AZSP-59751664,"{""x_Term"":""P1Y"",""x_PaymentOption"":""NoUpfront""}",/subscriptions/33333333-3333-4333-8333-333333333333/providers/Microsoft.BillingBenefits/savingsPlans/7682d07d5856,savingsPlans-9e04776cba,Savings Plan,westeurope,West Europe,,/subscriptions/33333333-3333-4333-8333-333333333333/providers/Microsoft.BillingBenefits/savingsPlans/7682d07d5856,AzureSavingsPlan-1yr-NoUpfront,Spend,Savings Plan,,0.128064,USD,,,"{""Environment"":""staging"",""CostCenter"":""cc-3110"",""Owner"":""team-payments""}"
Microsoft Azure,Microsoft,Microsoft Azure,INV-2026-05-000001,8a1b2c3d-0000-4a00-9000-000000000001,ExampleCorp MCA - Primary,Microsoft Customer Agreement,33333333-3333-4333-8333-333333333333,data-analytics,Subscription,2026-05-01T00:00:00Z,2026-06-01T00:00:00Z,2026-05-15T14:00:00Z,2026-05-15T15:00:00Z,Usage,,Virtual Machines committed usage,Usage-Based,0,0.128064,0.192,0.1728,0.1920000000,0.1728000000,Committed,1,Hours,USD,0.1728000000,0.128064,0.1920000000,USD,1,Hours,Virtual Machines,Compute,Virtual Machines,AZ-VIRT-5bf06c,Compute,AZSP-f929954d,"{""InstanceType"":""Standard_D4s_v5"",""InstanceSeries"":""Ddsv5"",""CoreCount"":4,""MemorySize"":16,""OperatingSystem"":""Linux"",""x_Tenancy"":""Shared""}",/subscriptions/33333333-3333-4333-8333-333333333333/resourceGroups/rg-data-analytics/providers/Microsoft.Compute/virtualMachines/vm-000560dc57,vm-000560dc57,Virtual Machine,westeurope,West Europe,westeurope-1,/subscriptions/33333333-3333-4333-8333-333333333333/providers/Microsoft.BillingBenefits/savingsPlans/7682d07d5856,AzureSavingsPlan-1yr-NoUpfront,Spend,Savings Plan,Used,0.128064,USD,,,"{""Environment"":""staging"",""CostCenter"":""cc-2087"",""Owner"":""team-platform""}"
Microsoft Azure,Microsoft,Microsoft Azure,INV-2026-05-000001,8a1b2c3d-0000-4a00-9000-000000000001,ExampleCorp MCA - Primary,Microsoft Customer Agreement,33333333-3333-4333-8333-333333333333,data-analytics,Subscription,2026-05-01T00:00:00Z,2026-06-01T00:00:00Z,2026-05-15T15:00:00Z,2026-05-15T16:00:00Z,Purchase,,"Savings Plan commitment, amortised for the charge period",Recurring,0.128064,0,0.128064,0.128064,1,1,Standard,0.128064,USD,USD,1.0000000000,0,1.0000000000,USD,,,Virtual Machines,Compute,Virtual Machines,AZ-COMMIT-6d4941,Commitment,AZSP-59751664,"{""x_Term"":""P1Y"",""x_PaymentOption"":""NoUpfront""}",/subscriptions/33333333-3333-4333-8333-333333333333/providers/Microsoft.BillingBenefits/savingsPlans/7682d07d5856,savingsPlans-9e04776cba,Savings Plan,westeurope,West Europe,,/subscriptions/33333333-3333-4333-8333-333333333333/providers/Microsoft.BillingBenefits/savingsPlans/7682d07d5856,AzureSavingsPlan-1yr-NoUpfront,Spend,Savings Plan,,0.128064,USD,,,"{""Environment"":""dev"",""CostCenter"":""cc-2087"",""Owner"":""team-payments""}"
Microsoft Azure,Microsoft,Microsoft Azure,INV-2026-05-000001,8a1b2c3d-0000-4a00-9000-000000000001,ExampleCorp MCA - Primary,Microsoft Customer Agreement,33333333-3333-4333-8333-333333333333,data-analytics,Subscription,2026-05-01T00:00:00Z,2026-06-01T00:00:00Z,2026-05-15T15:00:00Z,2026-05-15T16:00:00Z,Usage,,Savings Plan unused commitment,Usage-Based,0,0.128064,0.128064,0.128064,1,1,Committed,0.128064,USD,USD,1.0000000000,0.128064,1.0000000000,USD,,,Virtual Machines,Compute,Virtual Machines,AZ-COMMIT-6d4941,Commitment,AZSP-59751664,"{""x_Term"":""P1Y"",""x_PaymentOption"":""NoUpfront""}",/subscriptions/33333333-3333-4333-8333-333333333333/providers/Microsoft.BillingBenefits/savingsPlans/7682d07d5856,savingsPlans-9e04776cba,Savings Plan,westeurope,West Europe,,/subscriptions/33333333-3333-4333-8333-333333333333/providers/Microsoft.BillingBenefits/savingsPlans/7682d07d5856,AzureSavingsPlan-1yr-NoUpfront,Spend,Savings Plan,Unused,0.128064,USD,,,"{""Environment"":""prod"",""CostCenter"":""cc-1042"",""Owner"":""team-platform""}"
Microsoft Azure,Microsoft,Microsoft Azure,INV-2026-05-000001,8a1b2c3d-0000-4a00-9000-000000000001,ExampleCorp MCA - Primary,Microsoft Customer Agreement,33333333-3333-4333-8333-333333333333,data-analytics,Subscription,2026-05-01T00:00:00Z,2026-06-01T00:00:00Z,2026-05-24T00:00:00Z,2026-05-25T00:00:00Z,Purchase,,Virtual Machines subscription fee,Recurring,436.726978,0,436.726978,436.726978,436.726978,436.726978,Standard,1,Units,USD,436.7269780000,0,436.7269780000,USD,,,Virtual Machines,Compute,Virtual Machines,AZ-VIRT-14b27a,Compute,AZSP-18315054,"{""InstanceType"":""Standard_D4s_v5"",""InstanceSeries"":""Ddsv5"",""CoreCount"":4,""MemorySize"":16,""OperatingSystem"":""Linux"",""x_Tenancy"":""Shared""}",/subscriptions/33333333-3333-4333-8333-333333333333/resourceGroups/rg-data-analytics/providers/Microsoft.Compute/virtualMachines/vm-38cbc1db,vm-38cbc1db,Virtual Machine,westus2,West US 2,,,,,,,,,,,"{""Environment"":""staging"",""CostCenter"":""cc-3110"",""Owner"":""team-platform""}"
Microsoft Azure,Microsoft,Microsoft Azure,INV-2026-05-000002,8a1b2c3d-0000-4a00-9000-000000000002,ExampleCorp MCA - Secondary,Microsoft Customer Agreement,22222222-2222-4222-8222-222222222222,staging-platform,Subscription,2026-05-01T00:00:00Z,2026-06-01T00:00:00Z,2026-05-16T00:00:00Z,2026-05-16T01:00:00Z,Usage,,AKS node pool hours,Usage-Based,0.1771083764,0.1771083764,0.1967870849,0.1771083764,0.1967870849,0.1771083764,Standard,1.0000,Hours,USD,0.1771083764,0.1771083764,0.1967870849,USD,1.0000,Hours,Azure Kubernetes Service,Compute,Containers,AZ-AZUR-d27e4a,Compute,AZSP-9b2a3650,"{""InstanceType"":""Standard_D4s_v5"",""CoreCount"":4,""MemorySize"":16,""x_NodePool"":""system""}",/subscriptions/22222222-2222-4222-8222-222222222222/resourceGroups/rg-staging-platform/providers/Microsoft.ContainerService/managedClusters/aks-77c3373e,aks-77c3373e,Managed Cluster,eastus,East US,,,,,,,,,,,"{""Environment"":""prod"",""CostCenter"":""cc-3110"",""Owner"":""team-payments""}"
Microsoft Azure,Microsoft,Microsoft Azure,INV-2026-05-000002,8a1b2c3d-0000-4a00-9000-000000000002,ExampleCorp MCA - Secondary,Microsoft Customer Agreement,11111111-1111-4111-8111-111111111111,prod-platform,Subscription,2026-05-01T00:00:00Z,2026-06-01T00:00:00Z,2026-05-26T00:00:00Z,2026-05-27T00:00:00Z,Usage,,VNet peering data transfer,Usage-Based,17.06556173621278,17.06556173621278,18.96173522141848,17.06556173621278,0.0102673052,0.0092405747,Standard,1846.8074,GB,USD,0.0092405747,17.06556173621278,0.0102673052,USD,1846.8074,GB,Virtual Network,Networking,Network Connectivity,AZ-VIRT-aa7c63,Data Transfer,AZSP-a9c6a4aa,"{""x_TransferType"":""Peering""}",/subscriptions/11111111-1111-4111-8111-111111111111/resourceGroups/rg-prod-platform/providers/Microsoft.Network/virtualNetworks/vnet-252e6550,vnet-252e6550,Virtual Network,eastus,East US,,,,,,,,,,,"{""Environment"":""dev"",""CostCenter"":""cc-1042"",""Owner"":""team-payments""}"
Microsoft Azure,Microsoft,Microsoft Azure,INV-2026-05-000001,8a1b2c3d-0000-4a00-9000-000000000001,ExampleCorp MCA - Primary,Microsoft Customer Agreement,44444444-4444-4444-8444-444444444444,sandbox-dev,Subscription,2026-05-01T00:00:00Z,2026-06-01T00:00:00Z,2026-05-16T02:00:00Z,2026-05-16T03:00:00Z,Usage,,General Purpose 4 vCore,Usage-Based,0.464087355,0.464087355,0.5156526167,0.464087355,0.5156526167,0.4640873550,Standard,1.0000,Hours,USD,0.4640873550,0.464087355,0.5156526167,USD,1.0000,Hours,Azure SQL Database,Databases,Relational Databases,AZ-AZUR-aad3c4,Database,AZSP-bb5276f8,"{""InstanceType"":""GP_Gen5_4"",""CoreCount"":4,""MemorySize"":20,""x_Engine"":""SQLServer""}",/subscriptions/44444444-4444-4444-8444-444444444444/resourceGroups/rg-sandbox-dev/providers/Microsoft.Sql/servers/databases/sqldb-42dca3dc,sqldb-42dca3dc,SQL Database,westus2,West US 2,,,,,,,,,,,"{""Environment"":""dev"",""CostCenter"":""cc-2087"",""Owner"":""team-payments""}"
Microsoft Azure,Microsoft,Microsoft Azure,INV-2026-05-000002,8a1b2c3d-0000-4a00-9000-000000000002,ExampleCorp MCA - Secondary,Microsoft Customer Agreement,44444444-4444-4444-8444-444444444444,sandbox-dev,Subscription,2026-05-01T00:00:00Z,2026-06-01T00:00:00Z,2026-05-01T00:00:00Z,2026-06-01T00:00:00Z,Usage,,Hot LRS data stored,Usage-Based,35.7196125138804,35.7196125138804,39.68845844275872,35.7196125138804,0.0187646856,0.0168882170,Standard,2115.0612,GB-Months,USD,0.0168882170,35.7196125138804,0.0187646856,USD,2115.0612,GB-Months,Azure Blob Storage,Storage,Object Storage,AZ-AZUR-2e1a66,Storage,AZSP-2d5a5843,"{""x_StorageClass"":""Hot"",""x_Redundancy"":""LRS""}",/subscriptions/44444444-4444-4444-8444-444444444444/resourceGroups/rg-sandbox-dev/providers/Microsoft.Storage/storageAccounts/stor2018cba6,stor2018cba6,Storage Account,westeurope,West Europe,,,,,,,,,,,"{""Environment"":""prod"",""CostCenter"":""cc-2087"",""Owner"":""team-platform""}"
Microsoft Azure,Microsoft,Microsoft Azure,INV-2026-05-000001,8a1b2c3d-0000-4a00-9000-000000000001,ExampleCorp MCA - Primary,Microsoft Customer Agreement,11111111-1111-4111-8111-111111111111,prod-platform,Subscription,2026-05-01T00:00:00Z,2026-06-01T00:00:00Z,2026-05-01T00:00:00Z,2026-06-01T00:00:00Z,Usage,,Hot LRS data stored,Usage-Based,108.14203245366687,108.14203245366687,120.15781376260863,108.14203245366687,0.0178489921,0.0160640929,Standard,6731.9103,GB-Months,USD,0.0160640929,108.14203245366687,0.0178489921,USD,6731.9103,GB-Months,Azure Blob Storage,Storage,Object Storage,AZ-AZUR-21307a,Storage,AZSP-d2933dc3,"{""x_StorageClass"":""Hot"",""x_Redundancy"":""LRS""}",/subscriptions/11111111-1111-4111-8111-111111111111/resourceGroups/rg-prod-platform/providers/Microsoft.Storage/storageAccounts/stor1bb3fb26,stor1bb3fb26,Storage Account,southeastasia,Southeast Asia,,,,,,,,,,,"{""Environment"":""dev"",""CostCenter"":""cc-3110"",""Owner"":""team-platform""}"
Microsoft Azure,Microsoft,Microsoft Azure,INV-2026-05-000001,8a1b2c3d-0000-4a00-9000-000000000001,ExampleCorp MCA - Primary,Microsoft Customer Agreement,44444444-4444-4444-8444-444444444444,sandbox-dev,Subscription,2026-05-01T00:00:00Z,2026-06-01T00:00:00Z,2026-05-02T00:00:00Z,2026-05-03T00:00:00Z,Usage,,VNet peering data transfer,Usage-Based,11.40133973639392,11.40133973639392,12.66815520778592,11.40133973639392,0.0102604004,0.0092343604,Standard,1234.6648,GB,USD,0.0092343604,11.40133973639392,0.0102604004,USD,1234.6648,GB,Virtual Network,Networking,Network Connectivity,AZ-VIRT-ce1ad4,Data Transfer,AZSP-ea2cd48f,"{""x_TransferType"":""Peering""}",/subscriptions/44444444-4444-4444-8444-444444444444/resourceGroups/rg-sandbox-dev/providers/Microsoft.Network/virtualNetworks/vnet-ca3cf0b3,vnet-ca3cf0b3,Virtual Network,southeastasia,Southeast Asia,,,,,,,,,,,"{""Environment"":""prod"",""CostCenter"":""cc-2087"",""Owner"":""team-platform""}"
Microsoft Azure,Microsoft,Microsoft Azure,INV-2026-05-000002,8a1b2c3d-0000-4a00-9000-000000000002,ExampleCorp MCA - Secondary,Microsoft Customer Agreement,11111111-1111-4111-8111-111111111111,prod-platform,Subscription,2026-05-01T00:00:00Z,2026-06-01T00:00:00Z,2026-05-03T00:00:00Z,2026-05-04T00:00:00Z,Usage,,VNet peering data transfer,Usage-Based,8.76865796096688,8.76865796096688,9.74295326782512,8.76865796096688,0.0097799842,0.0088019858,Standard,996.2136,GB,USD,0.0088019858,8.76865796096688,0.0097799842,USD,996.2136,GB,Virtual Network,Networking,Network Connectivity,AZ-VIRT-080723,Data Transfer,AZSP-6b4be173,"{""x_TransferType"":""Peering""}",/subscriptions/11111111-1111-4111-8111-111111111111/resourceGroups/rg-prod-platform/providers/Microsoft.Network/virtualNetworks/vnet-d60d82e6,vnet-d60d82e6,Virtual Network,eastus,East US,,,,,,,,,,,"{""Environment"":""dev"",""CostCenter"":""cc-1042"",""Owner"":""team-data""}"
Microsoft Azure,Microsoft,Microsoft Azure,INV-2026-05-000001,8a1b2c3d-0000-4a00-9000-000000000001,ExampleCorp MCA - Primary,Microsoft Customer Agreement,33333333-3333-4333-8333-333333333333,data-analytics,Subscription,2026-05-01T00:00:00Z,2026-06-01T00:00:00Z,2026-05-16T07:00:00Z,2026-05-16T08:00:00Z,Usage,,Provisioned throughput,Usage-Based,0.0074059399,0.0074059399,0.0082288221,0.0074059399,0.0082288221,0.0074059399,Standard,1.0000,Hours,USD,0.0074059399,0.0074059399,0.0082288221,USD,1.0000,Hours,Azure Cosmos DB,Databases,NoSQL Databases,AZ-AZUR-5f28bb,Database,AZSP-35a090ba,"{""x_CapacityMode"":""Provisioned""}",/subscriptions/33333333-3333-4333-8333-333333333333/resourceGroups/rg-data-analytics/providers/Microsoft.DocumentDB/databaseAccounts/cosmos-6fc638ab,cosmos-6fc638ab,Cosmos DB Account,westeurope,West Europe,,,,,,,,,,,"{""Environment"":""dev"",""CostCenter"":""cc-1042"",""Owner"":""team-platform""}"
Microsoft Azure,Microsoft,Microsoft Azure,INV-2026-05-000002,8a1b2c3d-0000-4a00-9000-000000000002,ExampleCorp MCA - Secondary,Microsoft Customer Agreement,22222222-2222-4222-8222-222222222222,staging-platform,Subscription,2026-05-01T00:00:00Z,2026-06-01T00:00:00Z,2026-05-05T00:00:00Z,2026-05-06T00:00:00Z,Usage,,VNet peering data transfer,Usage-Based,27.82745498393325,27.82745498393325,30.9193944265925,27.82745498393325,0.0101636750,0.0091473075,Standard,3042.1471,GB,USD,0.0091473075,27.82745498393325,0.0101636750,USD,3042.1471,GB,Virtual Network,Networking,Network Connectivity,AZ-VIRT-04b897,Data Transfer,AZSP-199c6c44,"{""x_TransferType"":""Peering""}",/subscriptions/22222222-2222-4222-8222-222222222222/resourceGroups/rg-staging-platform/providers/Microsoft.Network/virtualNetworks/vnet-98756188,vnet-98756188,Virtual Network,eastus,East US,,,,,,,,,,,"{""Environment"":""prod"",""CostCenter"":""cc-1042"",""Owner"":""team-payments""}"
Microsoft Azure,Microsoft,Microsoft Azure,INV-2026-05-000001,8a1b2c3d-0000-4a00-9000-000000000001,ExampleCorp MCA - Primary,Microsoft Customer Agreement,33333333-3333-4333-8333-333333333333,data-analytics,Subscription,2026-05-01T00:00:00Z,2026-06-01T00:00:00Z,2026-05-16T09:00:00Z,2026-05-16T10:00:00Z,Usage,,AKS node pool hours,Usage-Based,0.1737404637,0.1737404637,0.1930449597,0.1737404637,0.1930449597,0.1737404637,Standard,1.0000,Hours,USD,0.1737404637,0.1737404637,0.1930449597,USD,1.0000,Hours,Azure Kubernetes Service,Compute,Containers,AZ-AZUR-575d0b,Compute,AZSP-547216b0,"{""InstanceType"":""Standard_D4s_v5"",""CoreCount"":4,""MemorySize"":16,""x_NodePool"":""system""}",/subscriptions/33333333-3333-4333-8333-333333333333/resourceGroups/rg-data-analytics/providers/Microsoft.ContainerService/managedClusters/aks-ea667421,aks-ea667421,Managed Cluster,westeurope,West Europe,,,,,,,,,,,"{""Environment"":""staging"",""CostCenter"":""cc-1042"",""Owner"":""team-payments""}"
Microsoft Azure,Microsoft,Microsoft Azure,INV-2026-05-000001,8a1b2c3d-0000-4a00-9000-000000000001,ExampleCorp MCA - Primary,Microsoft Customer Agreement,22222222-2222-4222-8222-222222222222,staging-platform,Subscription,2026-05-01T00:00:00Z,2026-06-01T00:00:00Z,2026-05-16T10:00:00Z,2026-05-16T11:00:00Z,Usage,,General Purpose 4 vCore,Usage-Based,0.443523924,0.443523924,0.49280436,0.443523924,0.4928043600,0.4435239240,Standard,1.0000,Hours,USD,0.4435239240,0.443523924,0.4928043600,USD,1.0000,Hours,Azure SQL Database,Databases,Relational Databases,AZ-AZUR-ce4b4b,Database,AZSP-dc4a3b87,"{""InstanceType"":""GP_Gen5_4"",""CoreCount"":4,""MemorySize"":20,""x_Engine"":""SQLServer""}",/subscriptions/22222222-2222-4222-8222-222222222222/resourceGroups/rg-staging-platform/providers/Microsoft.Sql/servers/databases/sqldb-b390442c,sqldb-b390442c,SQL Database,westeurope,West Europe,,,,,,,,,,,"{""Environment"":""dev"",""CostCenter"":""cc-1042"",""Owner"":""team-data""}"
Microsoft Azure,Microsoft,Microsoft Azure,INV-2026-05-000001,8a1b2c3d-0000-4a00-9000-000000000001,ExampleCorp MCA - Primary,Microsoft Customer Agreement,44444444-4444-4444-8444-444444444444,sandbox-dev,Subscription,2026-05-01T00:00:00Z,2026-06-01T00:00:00Z,2026-05-16T11:00:00Z,2026-05-16T12:00:00Z,Usage,,AKS node pool hours,Usage-Based,0.1770483976,0.1770483976,0.1967204418,0.1770483976,0.1967204418,0.1770483976,Standard,1.0000,Hours,EUR,0.1628845258,0.162884525792,0.1809828065,USD,1.0000,Hours,Azure Kubernetes Service,Compute,Containers,AZ-AZUR-907978,Compute,AZSP-f599681c,"{""InstanceType"":""Standard_D4s_v5"",""CoreCount"":4,""MemorySize"":16,""x_NodePool"":""system""}",/subscriptions/44444444-4444-4444-8444-444444444444/resourceGroups/rg-sandbox-dev/providers/Microsoft.ContainerService/managedClusters/aks-95dc1568,aks-95dc1568,Managed Cluster,southeastasia,Southeast Asia,,,,,,,,,,,"{""Environment"":""dev"",""CostCenter"":""cc-1042"",""Owner"":""team-payments""}"
Microsoft Azure,Microsoft,Microsoft Azure,INV-2026-05-000002,8a1b2c3d-0000-4a00-9000-000000000002,ExampleCorp MCA - Secondary,Microsoft Customer Agreement,44444444-4444-4444-8444-444444444444,sandbox-dev,Subscription,2026-05-01T00:00:00Z,2026-06-01T00:00:00Z,2026-05-01T00:00:00Z,2026-06-01T00:00:00Z,Usage,,Hot LRS data stored,Usage-Based,78.962754941175,78.962754941175,87.7363945343683,78.962754941175,0.0188334167,0.0169500750,Standard,4658.5490,GB-Months,USD,0.0169500750,78.962754941175,0.0188334167,USD,4658.5490,GB-Months,Azure Blob Storage,Storage,Object Storage,AZ-AZUR-00f80b,Storage,AZSP-77eb5a36,"{""x_StorageClass"":""Hot"",""x_Redundancy"":""LRS""}",/subscriptions/44444444-4444-4444-8444-444444444444/resourceGroups/rg-sandbox-dev/providers/Microsoft.Storage/storageAccounts/storf98229d6,storf98229d6,Storage Account,southeastasia,Southeast Asia,,,,,,,,,,,"{""Environment"":""staging"",""CostCenter"":""cc-2087"",""Owner"":""team-data""}"
Microsoft Azure,Microsoft,Microsoft Azure,INV-2026-05-000001,8a1b2c3d-0000-4a00-9000-000000000001,ExampleCorp MCA - Primary,Microsoft Customer Agreement,33333333-3333-4333-8333-333333333333,data-analytics,Subscription,2026-05-01T00:00:00Z,2026-06-01T00:00:00Z,2026-05-16T13:00:00Z,2026-05-16T14:00:00Z,Usage,,Standard_D4s_v5 instance,Usage-Based,0.1762558853,0.1762558853,0.1958398726,0.1762558853,0.1958398726,0.1762558853,Standard,1.0000,Hours,USD,0.1762558853,0.1762558853,0.1958398726,USD,1.0000,Hours,Virtual Machines,Compute,Virtual Machines,AZ-VIRT-b55006,Compute,AZSP-9b1c7398,"{""InstanceType"":""Standard_D4s_v5"",""InstanceSeries"":""Ddsv5"",""CoreCount"":4,""MemorySize"":16,""OperatingSystem"":""Linux"",""x_Tenancy"":""Shared""}",/subscriptions/33333333-3333-4333-8333-333333333333/resourceGroups/rg-data-analytics/providers/Microsoft.Compute/virtualMachines/vm-c22c0848,vm-c22c0848,Virtual Machine,westeurope,West Europe,westeurope-2,,,,,,,,,,"{""Environment"":""dev"",""CostCenter"":""cc-1042"",""Owner"":""team-platform""}"
Microsoft Azure,Microsoft,Microsoft Azure,INV-2026-05-000002,8a1b2c3d-0000-4a00-9000-000000000002,ExampleCorp MCA - Secondary,Microsoft Customer Agreement,22222222-2222-4222-8222-222222222222,staging-platform,Subscription,2026-05-01T00:00:00Z,2026-06-01T00:00:00Z,2026-05-16T14:00:00Z,2026-05-16T15:00:00Z,Usage,,Function execution duration,Usage-Based,44.05033853406872,44.05033853406872,48.94478608439861,44.05033853406872,0.0000157591,0.0000141832,Standard,3105810.9971,GB-Seconds,USD,0.0000141832,44.05033853406872,0.0000157591,USD,3105810.9971,GB-Seconds,Azure Functions,Compute,Serverless Compute,AZ-AZUR-10ead7,Compute,AZSP-5a50781c,"{""x_Plan"":""Consumption"",""x_Runtime"":""dotnet8""}",/subscriptions/22222222-2222-4222-8222-222222222222/resourceGroups/rg-staging-platform/providers/Microsoft.Web/sites/func-e246050f,func-e246050f,Function App,southeastasia,Southeast Asia,,,,,,,,,,,"{""Environment"":""dev"",""CostCenter"":""cc-3110"",""Owner"":""team-platform""}"
Microsoft Azure,Microsoft,Microsoft Azure,INV-2026-05-000001,8a1b2c3d-0000-4a00-9000-000000000001,ExampleCorp MCA - Primary,Microsoft Customer Agreement,22222222-2222-4222-8222-222222222222,staging-platform,Subscription,2026-05-01T00:00:00Z,2026-06-01T00:00:00Z,2026-05-12T00:00:00Z,2026-05-13T00:00:00Z,Usage,,VNet peering data transfer,Usage-Based,33.32458013011456,33.32458013011456,37.02731121481786,33.32458013011456,0.0100676551,0.0090608896,Standard,3677.8486,GB,USD,0.0090608896,33.32458013011456,0.0100676551,USD,3677.8486,GB,Virtual Network,Networking,Network Connectivity,AZ-VIRT-de0606,Data Transfer,AZSP-495845d2,"{""x_TransferType"":""Peering""}",/subscriptions/22222222-2222-4222-8222-222222222222/resourceGroups/rg-staging-platform/providers/Microsoft.Network/virtualNetworks/vnet-e5c896dc,vnet-e5c896dc,Virtual Network,southeastasia,Southeast Asia,,,,,,,,,,,"{""Environment"":""dev"",""CostCenter"":""cc-3110"",""Owner"":""team-platform""}"
Microsoft Azure,Microsoft,Microsoft Azure,INV-2026-05-000001,8a1b2c3d-0000-4a00-9000-000000000001,ExampleCorp MCA - Primary,Microsoft Customer Agreement,22222222-2222-4222-8222-222222222222,staging-platform,Subscription,2026-05-01T00:00:00Z,2026-06-01T00:00:00Z,2026-05-13T00:00:00Z,2026-05-14T00:00:00Z,Usage,,Log data ingested,Usage-Based,231.27897076965158,231.27897076965158,256.97663418240535,231.27897076965158,2.3417864095,2.1076077686,Standard,109.7353,GB,USD,2.1076077686,231.27897076965158,2.3417864095,USD,109.7353,GB,Azure Monitor,Management and Governance,Observability,AZ-AZUR-5223a6,Monitoring,AZSP-65e59a38,"{""x_DataType"":""Logs""}",/subscriptions/22222222-2222-4222-8222-222222222222/resourceGroups/rg-staging-platform/providers/Microsoft.OperationalInsights/workspaces/law-7f864cea,law-7f864cea,Log Analytics Workspace,westeurope,West Europe,,,,,,,,,,,"{""Environment"":""staging"",""CostCenter"":""cc-3110"",""Owner"":""team-data""}"
Microsoft Azure,Microsoft,Microsoft Azure,INV-2026-05-000001,8a1b2c3d-0000-4a00-9000-000000000001,ExampleCorp MCA - Primary,Microsoft Customer Agreement,33333333-3333-4333-8333-333333333333,data-analytics,Subscription,2026-05-01T00:00:00Z,2026-06-01T00:00:00Z,2026-05-14T00:00:00Z,2026-05-15T00:00:00Z,Usage,,VNet peering data transfer,Usage-Based,8.77021781767411,8.77021781767411,9.74468647507713,8.77021781767411,0.0098477859,0.0088630073,Standard,989.5307,GB,USD,0.0088630073,8.77021781767411,0.0098477859,USD,989.5307,GB,Virtual Network,Networking,Network Connectivity,AZ-VIRT-e4b288,Data Transfer,AZSP-b3e1fc88,"{""x_TransferType"":""Peering""}",/subscriptions/33333333-3333-4333-8333-333333333333/resourceGroups/rg-data-analytics/providers/Microsoft.Network/virtualNetworks/vnet-638f6888,vnet-638f6888,Virtual Network,southeastasia,Southeast Asia,,,,,,,,,,,"{""Environment"":""staging"",""CostCenter"":""cc-3110"",""Owner"":""team-platform""}"
Microsoft Azure,Microsoft,Microsoft Azure,INV-2026-05-000001,8a1b2c3d-0000-4a00-9000-000000000001,ExampleCorp MCA - Primary,Microsoft Customer Agreement,11111111-1111-4111-8111-111111111111,prod-platform,Subscription,2026-05-01T00:00:00Z,2026-06-01T00:00:00Z,2026-05-16T18:00:00Z,2026-05-16T19:00:00Z,Usage,,Function execution duration,Usage-Based,36.84083021962753,36.84083021962753,40.93431295716268,36.84083021962753,0.0000159148,0.0000143233,Standard,2572090.9441,GB-Seconds,USD,0.0000143233,36.84083021962753,0.0000159148,USD,2572090.9441,GB-Seconds,Azure Functions,Compute,Serverless Compute,AZ-AZUR-bb9f55,Compute,AZSP-0ed35218,"{""x_Plan"":""Consumption"",""x_Runtime"":""dotnet8""}",/subscriptions/11111111-1111-4111-8111-111111111111/resourceGroups/rg-prod-platform/providers/Microsoft.Web/sites/func-70b084e4,func-70b084e4,Function App,eastus,East US,,,,,,,,,,,"{""Environment"":""prod"",""CostCenter"":""cc-3110"",""Owner"":""team-data""}"
Microsoft Azure,Microsoft,Microsoft Azure,INV-2026-05-000002,8a1b2c3d-0000-4a00-9000-000000000002,ExampleCorp MCA - Secondary,Microsoft Customer Agreement,33333333-3333-4333-8333-333333333333,data-analytics,Subscription,2026-05-01T00:00:00Z,2026-06-01T00:00:00Z,2026-05-01T00:00:00Z,2026-06-01T00:00:00Z,Usage,,Hot LRS data stored,Usage-Based,11.49364154579059,11.49364154579059,12.77071279089745,11.49364154579059,0.0187899185,0.0169109267,Standard,679.6577,GB-Months,USD,0.0169109267,11.49364154579059,0.0187899185,USD,679.6577,GB-Months,Azure Blob Storage,Storage,Object Storage,AZ-AZUR-abdc41,Storage,AZSP-4bd1ca29,"{""x_StorageClass"":""Hot"",""x_Redundancy"":""LRS""}",/subscriptions/33333333-3333-4333-8333-333333333333/resourceGroups/rg-data-analytics/providers/Microsoft.Storage/storageAccounts/stor50ec9054,stor50ec9054,Storage Account,southeastasia,Southeast Asia,,,,,,,,,,,"{""Environment"":""staging"",""CostCenter"":""cc-3110"",""Owner"":""team-platform""}"
Microsoft Azure,Microsoft,Microsoft Azure,INV-2026-05-000002,8a1b2c3d-0000-4a00-9000-000000000002,ExampleCorp MCA - Secondary,Microsoft Customer Agreement,22222222-2222-4222-8222-222222222222,staging-platform,Subscription,2026-05-01T00:00:00Z,2026-06-01T00:00:00Z,2026-05-01T00:00:00Z,2026-06-01T00:00:00Z,Usage,,Hot LRS data stored,Usage-Based,104.17149355776555,104.17149355776555,115.74610415910409,104.17149355776555,0.0187263017,0.0168536715,Standard,6180.9377,GB-Months,USD,0.0168536715,104.17149355776555,0.0187263017,USD,6180.9377,GB-Months,Azure Blob Storage,Storage,Object Storage,AZ-AZUR-6bb64e,Storage,AZSP-66034d27,"{""x_StorageClass"":""Hot"",""x_Redundancy"":""LRS""}",/subscriptions/22222222-2222-4222-8222-222222222222/resourceGroups/rg-staging-platform/providers/Microsoft.Storage/storageAccounts/stor620d3c0c,stor620d3c0c,Storage Account,eastus,East US,,,,,,,,,,,"{""Environment"":""prod"",""CostCenter"":""cc-2087"",""Owner"":""team-platform""}"
Microsoft Azure,Microsoft,Microsoft Azure,INV-2026-05-000002,8a1b2c3d-0000-4a00-9000-000000000002,ExampleCorp MCA - Secondary,Microsoft Customer Agreement,11111111-1111-4111-8111-111111111111,prod-platform,Subscription,2026-05-01T00:00:00Z,2026-06-01T00:00:00Z,2026-05-16T21:00:00Z,2026-05-16T22:00:00Z,Usage,,Function execution duration,Usage-Based,14.09302615903405,14.09302615903405,15.65890693568855,14.09302615903405,0.0000157901,0.0000142111,Standard,991691.4355,GB-Seconds,USD,0.0000142111,14.09302615903405,0.0000157901,USD,991691.4355,GB-Seconds,Azure Functions,Compute,Serverless Compute,AZ-AZUR-38ee0d,Compute,AZSP-352ba0fb,"{""x_Plan"":""Consumption"",""x_Runtime"":""dotnet8""}",/subscriptions/11111111-1111-4111-8111-111111111111/resourceGroups/rg-prod-platform/providers/Microsoft.Web/sites/func-6bbc2468,func-6bbc2468,Function App,southeastasia,Southeast Asia,,,,,,,,,,,"{""Environment"":""prod"",""CostCenter"":""cc-2087"",""Owner"":""team-platform""}"
Microsoft Azure,Microsoft,Microsoft Azure,INV-2026-05-000001,8a1b2c3d-0000-4a00-9000-000000000001,ExampleCorp MCA - Primary,Microsoft Customer Agreement,33333333-3333-4333-8333-333333333333,data-analytics,Subscription,2026-05-01T00:00:00Z,2026-06-01T00:00:00Z,2026-05-16T22:00:00Z,2026-05-16T23:00:00Z,Usage,,Function execution duration,Usage-Based,33.33166651253024,33.33166651253024,37.03513492305334,33.33166651253024,0.0000164302,0.0000147872,Standard,2254089.1117,GB-Seconds,USD,0.0000147872,33.33166651253024,0.0000164302,USD,2254089.1117,GB-Seconds,Azure Functions,Compute,Serverless Compute,AZ-AZUR-184867,Compute,AZSP-00f805c4,"{""x_Plan"":""Consumption"",""x_Runtime"":""dotnet8""}",/subscriptions/33333333-3333-4333-8333-333333333333/resourceGroups/rg-data-analytics/providers/Microsoft.Web/sites/func-c1681c88,func-c1681c88,Function App,southeastasia,Southeast Asia,,,,,,,,,,,"{""Environment"":""prod"",""CostCenter"":""cc-3110"",""Owner"":""team-payments""}"
Microsoft Azure,Microsoft,Microsoft Azure,INV-2026-05-000002,8a1b2c3d-0000-4a00-9000-000000000002,ExampleCorp MCA - Secondary,Microsoft Customer Agreement,44444444-4444-4444-8444-444444444444,sandbox-dev,Subscription,2026-05-01T00:00:00Z,2026-06-01T00:00:00Z,2026-05-16T23:00:00Z,2026-05-17T00:00:00Z,Usage,,General Purpose 4 vCore,Usage-Based,0.4415177195,0.4415177195,0.4905752439,0.4415177195,0.4905752439,0.4415177195,Standard,1.0000,Hours,USD,0.4415177195,0.4415177195,0.4905752439,USD,1.0000,Hours,Azure SQL Database,Databases,Relational Databases,AZ-AZUR-fa9b9e,Database,AZSP-42607ea3,"{""InstanceType"":""GP_Gen5_4"",""CoreCount"":4,""MemorySize"":20,""x_Engine"":""SQLServer""}",/subscriptions/44444444-4444-4444-8444-444444444444/resourceGroups/rg-sandbox-dev/providers/Microsoft.Sql/servers/databases/sqldb-bae5e5f7,sqldb-bae5e5f7,SQL Database,westus2,West US 2,,,,,,,,,,,"{""Environment"":""dev"",""CostCenter"":""cc-2087"",""Owner"":""team-data""}"
Microsoft Azure,Microsoft,Microsoft Azure,INV-2026-05-000002,8a1b2c3d-0000-4a00-9000-000000000002,ExampleCorp MCA - Secondary,Microsoft Customer Agreement,33333333-3333-4333-8333-333333333333,data-analytics,Subscription,2026-05-01T00:00:00Z,2026-06-01T00:00:00Z,2026-05-21T00:00:00Z,2026-05-22T00:00:00Z,Usage,,Log data ingested,Usage-Based,1010.78491944241632,1010.78491944241632,1123.09435495266424,1010.78491944241632,2.2489630307,2.0240667276,Standard,499.3832,GB,USD,2.0240667276,1010.78491944241632,2.2489630307,USD,499.3832,GB,Azure Monitor,Management and Governance,Observability,AZ-AZUR-e89568,Monitoring,AZSP-67040983,"{""x_DataType"":""Logs""}",/subscriptions/33333333-3333-4333-8333-333333333333/resourceGroups/rg-data-analytics/providers/Microsoft.OperationalInsights/workspaces/law-f6ea19af,law-f6ea19af,Log Analytics Workspace,eastus,East US,,,,,,,,,,,"{""Environment"":""prod"",""CostCenter"":""cc-2087"",""Owner"":""team-data""}"
Microsoft Azure,Microsoft,Microsoft Azure,INV-2026-05-000001,8a1b2c3d-0000-4a00-9000-000000000001,ExampleCorp MCA - Primary,Microsoft Customer Agreement,33333333-3333-4333-8333-333333333333,data-analytics,Subscription,2026-05-01T00:00:00Z,2026-06-01T00:00:00Z,2026-05-22T00:00:00Z,2026-05-23T00:00:00Z,Purchase,,Azure Functions subscription fee,Recurring,482.496261,0,482.496261,482.496261,482.496261,482.496261,Standard,1,Units,USD,482.4962610000,0,482.4962610000,USD,,,Azure Functions,Compute,Serverless Compute,AZ-AZUR-dadb52,Compute,AZSP-1b3627f2,"{""x_Plan"":""Consumption"",""x_Runtime"":""dotnet8""}",/subscriptions/33333333-3333-4333-8333-333333333333/resourceGroups/rg-data-analytics/providers/Microsoft.Web/sites/func-6b9c038e,func-6b9c038e,Function App,westeurope,West Europe,,,,,,,,,,,"{""Environment"":""dev"",""CostCenter"":""cc-1042"",""Owner"":""team-data""}"
Microsoft Azure,Microsoft,Microsoft Azure,INV-2026-05-000001,8a1b2c3d-0000-4a00-9000-000000000001,ExampleCorp MCA - Primary,Microsoft Customer Agreement,22222222-2222-4222-8222-222222222222,staging-platform,Subscription,2026-05-01T00:00:00Z,2026-06-01T00:00:00Z,2026-05-23T00:00:00Z,2026-05-24T00:00:00Z,Tax,,Tax for Azure Functions,One-Time,12.356328,12.356328,12.356328,12.356328,,,,,,,,,,USD,,,Azure Functions,Compute,Serverless Compute,,,,,,,,,,,,,,,,,,,,"{""Environment"":""staging"",""CostCenter"":""cc-2087"",""Owner"":""team-data""}"
Microsoft Azure,Microsoft,Microsoft Azure,INV-2026-05-000001,8a1b2c3d-0000-4a00-9000-000000000001,ExampleCorp MCA - Primary,Microsoft Customer Agreement,11111111-1111-4111-8111-111111111111,prod-platform,Subscription,2026-05-01T00:00:00Z,2026-06-01T00:00:00Z,2026-05-17T03:00:00Z,2026-05-17T04:00:00Z,Usage,,Function execution duration,Usage-Based,32.1200988230962,32.1200988230962,35.6888972123152,32.1200988230962,0.0000156304,0.0000140674,Standard,2283300.3130,GB-Seconds,EUR,0.0000129420,29.550490917248504,0.0000143800,USD,2283300.3130,GB-Seconds,Azure Functions,Compute,Serverless Compute,AZ-AZUR-54deb6,Compute,AZSP-72183747,"{""x_Plan"":""Consumption"",""x_Runtime"":""dotnet8""}",/subscriptions/11111111-1111-4111-8111-111111111111/resourceGroups/rg-prod-platform/providers/Microsoft.Web/sites/func-eea808ca,func-eea808ca,Function App,southeastasia,Southeast Asia,,,,,,,,,,,"{""Environment"":""prod"",""CostCenter"":""cc-3110"",""Owner"":""team-platform""}"
Microsoft Azure,Microsoft,Microsoft Azure,INV-2026-05-000002,8a1b2c3d-0000-4a00-9000-000000000002,ExampleCorp MCA - Secondary,Microsoft Customer Agreement,33333333-3333-4333-8333-333333333333,data-analytics,Subscription,2026-05-01T00:00:00Z,2026-06-01T00:00:00Z,2026-05-17T04:00:00Z,2026-05-17T05:00:00Z,Usage,,Function execution duration,Usage-Based,32.37563803041088,32.37563803041088,35.97303094772848,32.37563803041088,0.0000160196,0.0000144176,Standard,2245563.6188,GB-Seconds,EUR,0.0000132642,29.7855869879780096,0.0000147380,USD,2245563.6188,GB-Seconds,Azure Functions,Compute,Serverless Compute,AZ-AZUR-440d18,Compute,AZSP-8decb5a8,"{""x_Plan"":""Consumption"",""x_Runtime"":""dotnet8""}",/subscriptions/33333333-3333-4333-8333-333333333333/resourceGroups/rg-data-analytics/providers/Microsoft.Web/sites/func-5e215295,func-5e215295,Function App,eastus,East US,,,,,,,,,,,"{""Environment"":""dev"",""CostCenter"":""cc-1042"",""Owner"":""team-payments""}"
Microsoft Azure,Microsoft,Microsoft Azure,INV-2026-05-000002,8a1b2c3d-0000-4a00-9000-000000000002,ExampleCorp MCA - Secondary,Microsoft Customer Agreement,22222222-2222-4222-8222-222222222222,staging-platform,Subscription,2026-05-01T00:00:00Z,2026-06-01T00:00:00Z,2026-05-26T00:00:00Z,2026-05-27T00:00:00Z,Purchase,,Azure Monitor subscription fee,Recurring,99.212708,0,99.212708,99.212708,99.212708,99.212708,Standard,1,Units,USD,99.2127080000,0,99.2127080000,USD,,,Azure Monitor,Management and Governance,Observability,AZ-AZUR-0ee093,Monitoring,AZSP-727f3747,"{""x_DataType"":""Logs""}",/subscriptions/22222222-2222-4222-8222-222222222222/resourceGroups/rg-staging-platform/providers/Microsoft.OperationalInsights/workspaces/law-35453fc8,law-35453fc8,Log Analytics Workspace,southeastasia,Southeast Asia,,,,,,,,,,,"{""Environment"":""prod"",""CostCenter"":""cc-1042"",""Owner"":""team-data""}"
Microsoft Azure,Microsoft,Microsoft Azure,INV-2026-05-000001,8a1b2c3d-0000-4a00-9000-000000000001,ExampleCorp MCA - Primary,Microsoft Customer Agreement,22222222-2222-4222-8222-222222222222,staging-platform,Subscription,2026-05-01T00:00:00Z,2026-06-01T00:00:00Z,2026-05-17T06:00:00Z,2026-05-17T07:00:00Z,Usage,,Provisioned throughput,Usage-Based,0.0071750207,0.0071750207,0.0079722452,0.0071750207,0.0079722452,0.0071750207,Standard,1.0000,Hours,USD,0.0071750207,0.0071750207,0.0079722452,USD,1.0000,Hours,Azure Cosmos DB,Databases,NoSQL Databases,AZ-AZUR-4cea91,Database,AZSP-c3dfdfd3,"{""x_CapacityMode"":""Provisioned""}",/subscriptions/22222222-2222-4222-8222-222222222222/resourceGroups/rg-staging-platform/providers/Microsoft.DocumentDB/databaseAccounts/cosmos-26bb119e,cosmos-26bb119e,Cosmos DB Account,southeastasia,Southeast Asia,,,,,,,,,,,"{""Environment"":""prod"",""CostCenter"":""cc-1042"",""Owner"":""team-payments""}"
Microsoft Azure,Microsoft,Microsoft Azure,INV-2026-05-000001,8a1b2c3d-0000-4a00-9000-000000000001,ExampleCorp MCA - Primary,Microsoft Customer Agreement,33333333-3333-4333-8333-333333333333,data-analytics,Subscription,2026-05-01T00:00:00Z,2026-06-01T00:00:00Z,2026-05-28T00:00:00Z,2026-05-29T00:00:00Z,Usage,,VNet peering data transfer,Usage-Based,12.59076337312257,12.59076337312257,13.9897370812473,12.59076337312257,0.0102414930,0.0092173437,Standard,1365.9861,GB,USD,0.0092173437,12.59076337312257,0.0102414930,USD,1365.9861,GB,Virtual Network,Networking,Network Connectivity,AZ-VIRT-f289f8,Data Transfer,AZSP-4d4e5187,"{""x_TransferType"":""Peering""}",/subscriptions/33333333-3333-4333-8333-333333333333/resourceGroups/rg-data-analytics/providers/Microsoft.Network/virtualNetworks/vnet-5672afa5,vnet-5672afa5,Virtual Network,westus2,West US 2,,,,,,,,,,,"{""Environment"":""staging"",""CostCenter"":""cc-1042"",""Owner"":""team-payments""}"
Microsoft Azure,Microsoft,Microsoft Azure,INV-2026-05-000002,8a1b2c3d-0000-4a00-9000-000000000002,ExampleCorp MCA - Secondary,Microsoft Customer Agreement,33333333-3333-4333-8333-333333333333,data-analytics,Subscription,2026-05-01T00:00:00Z,2026-06-01T00:00:00Z,2026-05-01T00:00:00Z,2026-06-01T00:00:00Z,Usage,,Hot LRS data stored,Usage-Based,74.27575128877253,74.27575128877253,82.52861244556192,74.27575128877253,0.0188063392,0.0169257053,Standard,4388.3401,GB-Months,USD,0.0169257053,74.27575128877253,0.0188063392,USD,4388.3401,GB-Months,Azure Blob Storage,Storage,Object Storage,AZ-AZUR-3d9983,Storage,AZSP-91c16a88,"{""x_StorageClass"":""Hot"",""x_Redundancy"":""LRS""}",/subscriptions/33333333-3333-4333-8333-333333333333/resourceGroups/rg-data-analytics/providers/Microsoft.Storage/storageAccounts/stor3f2f060a,stor3f2f060a,Storage Account,westeurope,West Europe,,,,,,,,,,,"{""Environment"":""dev"",""CostCenter"":""cc-3110"",""Owner"":""team-platform""}"
Microsoft Azure,Microsoft,Microsoft Azure,INV-2026-05-000002,8a1b2c3d-0000-4a00-9000-000000000002,ExampleCorp MCA - Secondary,Microsoft Customer Agreement,44444444-4444-4444-8444-444444444444,sandbox-dev,Subscription,2026-05-01T00:00:00Z,2026-06-01T00:00:00Z,2026-05-17T09:00:00Z,2026-05-17T10:00:00Z,Usage,,Standard_D4s_v5 instance,Usage-Based,0.1698419691,0.1698419691,0.188713299,0.1698419691,0.1887132990,0.1698419691,Standard,1.0000,Hours,USD,0.1698419691,0.1698419691,0.1887132990,USD,1.0000,Hours,Virtual Machines,Compute,Virtual Machines,AZ-VIRT-547b18,Compute,AZSP-9e51d199,"{""InstanceType"":""Standard_D4s_v5"",""InstanceSeries"":""Ddsv5"",""CoreCount"":4,""MemorySize"":16,""OperatingSystem"":""Linux"",""x_Tenancy"":""Shared""}",/subscriptions/44444444-4444-4444-8444-444444444444/resourceGroups/rg-sandbox-dev/providers/Microsoft.Compute/virtualMachines/vm-779b9c84,vm-779b9c84,Virtual Machine,westeurope,West Europe,westeurope-1,,,,,,,,,,"{""Environment"":""prod"",""CostCenter"":""cc-1042"",""Owner"":""team-data""}"
Microsoft Azure,Microsoft,Microsoft Azure,INV-2026-05-000001,8a1b2c3d-0000-4a00-9000-000000000001,ExampleCorp MCA - Primary,Microsoft Customer Agreement,22222222-2222-4222-8222-222222222222,staging-platform,Subscription,2026-05-01T00:00:00Z,2026-06-01T00:00:00Z,2026-05-17T10:00:00Z,2026-05-17T11:00:00Z,Usage,,Standard_D4s_v5 instance,Usage-Based,0.1766344712,0.1766344712,0.1962605235,0.1766344712,0.1962605235,0.1766344712,Standard,1.0000,Hours,USD,0.1766344712,0.1766344712,0.1962605235,USD,1.0000,Hours,Virtual Machines,Compute,Virtual Machines,AZ-VIRT-bcbbfc,Compute,AZSP-777d8f20,"{""InstanceType"":""Standard_D4s_v5"",""InstanceSeries"":""Ddsv5"",""CoreCount"":4,""MemorySize"":16,""OperatingSystem"":""Linux"",""x_Tenancy"":""Shared""}",/subscriptions/22222222-2222-4222-8222-222222222222/resourceGroups/rg-staging-platform/providers/Microsoft.Compute/virtualMachines/vm-ceb806af,vm-ceb806af,Virtual Machine,westeurope,West Europe,westeurope-2,,,,,,,,,,"{""Environment"":""prod"",""CostCenter"":""cc-2087"",""Owner"":""team-platform""}"
Microsoft Azure,Microsoft,Microsoft Azure,INV-2026-05-000002,8a1b2c3d-0000-4a00-9000-000000000002,ExampleCorp MCA - Secondary,Microsoft Customer Agreement,44444444-4444-4444-8444-444444444444,sandbox-dev,Subscription,2026-05-01T00:00:00Z,2026-06-01T00:00:00Z,2026-05-17T11:00:00Z,2026-05-17T12:00:00Z,Usage,,Provisioned throughput,Usage-Based,0.0073351907,0.0073351907,0.0081502119,0.0073351907,0.0081502119,0.0073351907,Standard,1.0000,Hours,USD,0.0073351907,0.0073351907,0.0081502119,USD,1.0000,Hours,Azure Cosmos DB,Databases,NoSQL Databases,AZ-AZUR-75a000,Database,AZSP-40ea018e,"{""x_CapacityMode"":""Provisioned""}",/subscriptions/44444444-4444-4444-8444-444444444444/resourceGroups/rg-sandbox-dev/providers/Microsoft.DocumentDB/databaseAccounts/cosmos-b3bf8a49,cosmos-b3bf8a49,Cosmos DB Account,southeastasia,Southeast Asia,,,,,,,,,,,"{""Environment"":""staging"",""CostCenter"":""cc-1042"",""Owner"":""team-data""}"
Microsoft Azure,Microsoft,Microsoft Azure,INV-2026-05-000002,8a1b2c3d-0000-4a00-9000-000000000002,ExampleCorp MCA - Secondary,Microsoft Customer Agreement,22222222-2222-4222-8222-222222222222,staging-platform,Subscription,2026-05-01T00:00:00Z,2026-06-01T00:00:00Z,2026-05-17T12:00:00Z,2026-05-17T13:00:00Z,Usage,,Function execution duration,Usage-Based,55.67195087008644,55.67195087008644,61.85763831634908,55.67195087008644,0.0000161962,0.0000145766,Standard,3819268.6134,GB-Seconds,EUR,0.0000134105,51.2181948004795248,0.0000149005,USD,3819268.6134,GB-Seconds,Azure Functions,Compute,Serverless Compute,AZ-AZUR-42f2ec,Compute,AZSP-5e36c3e7,"{""x_Plan"":""Consumption"",""x_Runtime"":""dotnet8""}",/subscriptions/22222222-2222-4222-8222-222222222222/resourceGroups/rg-staging-platform/providers/Microsoft.Web/sites/func-286d6245,func-286d6245,Function App,westeurope,West Europe,,,,,,,,,,,"{""Environment"":""staging"",""CostCenter"":""cc-3110"",""Owner"":""team-data""}"
Microsoft Azure,Microsoft,Microsoft Azure,INV-2026-05-000002,8a1b2c3d-0000-4a00-9000-000000000002,ExampleCorp MCA - Secondary,Microsoft Customer Agreement,22222222-2222-4222-8222-222222222222,staging-platform,Subscription,2026-05-01T00:00:00Z,2026-06-01T00:00:00Z,2026-05-17T13:00:00Z,2026-05-17T14:00:00Z,Usage,,Standard_D4s_v5 instance,Usage-Based,0.1706263031,0.1706263031,0.1895847812,0.1706263031,0.1895847812,0.1706263031,Standard,1.0000,Hours,USD,0.1706263031,0.1706263031,0.1895847812,USD,1.0000,Hours,Virtual Machines,Compute,Virtual Machines,AZ-VIRT-04f460,Compute,AZSP-27c12173,"{""InstanceType"":""Standard_D4s_v5"",""InstanceSeries"":""Ddsv5"",""CoreCount"":4,""MemorySize"":16,""OperatingSystem"":""Linux"",""x_Tenancy"":""Shared""}",/subscriptions/22222222-2222-4222-8222-222222222222/resourceGroups/rg-staging-platform/providers/Microsoft.Compute/virtualMachines/vm-a6c4260a,vm-a6c4260a,Virtual Machine,westeurope,West Europe,westeurope-2,,,,,,,,,,"{""Environment"":""prod"",""CostCenter"":""cc-2087"",""Owner"":""team-payments""}"
Microsoft Azure,Microsoft,Microsoft Azure,INV-2026-05-000001,8a1b2c3d-0000-4a00-9000-000000000001,ExampleCorp MCA - Primary,Microsoft Customer Agreement,22222222-2222-4222-8222-222222222222,staging-platform,Subscription,2026-05-01T00:00:00Z,2026-06-01T00:00:00Z,2026-05-17T14:00:00Z,2026-05-17T15:00:00Z,Usage,,General Purpose 4 vCore,Usage-Based,0.4639951871,0.4639951871,0.5155502079,0.4639951871,0.5155502079,0.4639951871,Standard,1.0000,Hours,USD,0.4639951871,0.4639951871,0.5155502079,USD,1.0000,Hours,Azure SQL Database,Databases,Relational Databases,AZ-AZUR-a4a26a,Database,AZSP-8c46198e,"{""InstanceType"":""GP_Gen5_4"",""CoreCount"":4,""MemorySize"":20,""x_Engine"":""SQLServer""}",/subscriptions/22222222-2222-4222-8222-222222222222/resourceGroups/rg-staging-platform/providers/Microsoft.Sql/servers/databases/sqldb-3bb05c59,sqldb-3bb05c59,SQL Database,westus2,West US 2,,,,,,,,,,,"{""Environment"":""staging"",""CostCenter"":""cc-1042"",""Owner"":""team-platform""}"
Microsoft Azure,Microsoft,Microsoft Azure,INV-2026-05-000002,8a1b2c3d-0000-4a00-9000-000000000002,ExampleCorp MCA - Secondary,Microsoft Customer Agreement,11111111-1111-4111-8111-111111111111,prod-platform,Subscription,2026-05-01T00:00:00Z,2026-06-01T00:00:00Z,2026-05-17T15:00:00Z,2026-05-17T16:00:00Z,Usage,,AKS node pool hours,Usage-Based,0.1738531473,0.1738531473,0.1931701637,0.1738531473,0.1931701637,0.1738531473,Standard,1.0000,Hours,USD,0.1738531473,0.1738531473,0.1931701637,USD,1.0000,Hours,Azure Kubernetes Service,Compute,Containers,AZ-AZUR-08f0f2,Compute,AZSP-3ee78b8c,"{""InstanceType"":""Standard_D4s_v5"",""CoreCount"":4,""MemorySize"":16,""x_NodePool"":""system""}",/subscriptions/11111111-1111-4111-8111-111111111111/resourceGroups/rg-prod-platform/providers/Microsoft.ContainerService/managedClusters/aks-29c57996,aks-29c57996,Managed Cluster,westus2,West US 2,,,,,,,,,,,"{""Environment"":""dev"",""CostCenter"":""cc-3110"",""Owner"":""team-data""}"
Microsoft Azure,Microsoft,Microsoft Azure,INV-2026-05-000001,8a1b2c3d-0000-4a00-9000-000000000001,ExampleCorp MCA - Primary,Microsoft Customer Agreement,22222222-2222-4222-8222-222222222222,staging-platform,Subscription,2026-05-01T00:00:00Z,2026-06-01T00:00:00Z,2026-05-01T00:00:00Z,2026-06-01T00:00:00Z,Usage,,Hot LRS data stored,Usage-Based,81.43199916646223,81.43199916646223,90.47999885450786,81.43199916646223,0.0183338674,0.0165004807,Standard,4935.1289,GB-Months,EUR,0.0151804422,74.9174392331452516,0.0168671580,USD,4935.1289,GB-Months,Azure Blob Storage,Storage,Object Storage,AZ-AZUR-b2ab15,Storage,AZSP-742196cd,"{""x_StorageClass"":""Hot"",""x_Redundancy"":""LRS""}",/subscriptions/22222222-2222-4222-8222-222222222222/resourceGroups/rg-staging-platform/providers/Microsoft.Storage/storageAccounts/storf011062a,storf011062a,Storage Account,westeurope,West Europe,,,,,,,,,,,"{""Environment"":""dev"",""CostCenter"":""cc-3110"",""Owner"":""team-payments""}"
Microsoft Azure,Microsoft,Microsoft Azure,INV-2026-05-000001,8a1b2c3d-0000-4a00-9000-000000000001,ExampleCorp MCA - Primary,Microsoft Customer Agreement,22222222-2222-4222-8222-222222222222,staging-platform,Subscription,2026-05-01T00:00:00Z,2026-06-01T00:00:00Z,2026-05-01T00:00:00Z,2026-06-01T00:00:00Z,Usage,,Hot LRS data stored,Usage-Based,88.88818462394434,88.88818462394434,98.7646492820753,88.88818462394434,0.0182845645,0.0164561081,Standard,5401.5314,GB-Months,USD,0.0164561081,88.88818462394434,0.0182845645,USD,5401.5314,GB-Months,Azure Blob Storage,Storage,Object Storage,AZ-AZUR-0d4299,Storage,AZSP-506c5d40,"{""x_StorageClass"":""Hot"",""x_Redundancy"":""LRS""}",/subscriptions/22222222-2222-4222-8222-222222222222/resourceGroups/rg-staging-platform/providers/Microsoft.Storage/storageAccounts/storf65cf15c,storf65cf15c,Storage Account,westeurope,West Europe,,,,,,,,,,,"{""Environment"":""prod"",""CostCenter"":""cc-2087"",""Owner"":""team-payments""}"
Microsoft Azure,Microsoft,Microsoft Azure,INV-2026-05-000001,8a1b2c3d-0000-4a00-9000-000000000001,ExampleCorp MCA - Primary,Microsoft Customer Agreement,44444444-4444-4444-8444-444444444444,sandbox-dev,Subscription,2026-05-01T00:00:00Z,2026-06-01T00:00:00Z,2026-05-11T00:00:00Z,2026-05-12T00:00:00Z,Usage,,VNet peering data transfer,Usage-Based,20.09346410923104,20.09346410923104,22.3260711090984,20.09346410923104,0.0100529415,0.0090476474,Standard,2220.8496,GB,USD,0.0090476474,20.09346410923104,0.0100529415,USD,2220.8496,GB,Virtual Network,Networking,Network Connectivity,AZ-VIRT-0e2c61,Data Transfer,AZSP-0380fbfd,"{""x_TransferType"":""Peering""}",/subscriptions/44444444-4444-4444-8444-444444444444/resourceGroups/rg-sandbox-dev/providers/Microsoft.Network/virtualNetworks/vnet-fbb76714,vnet-fbb76714,Virtual Network,southeastasia,Southeast Asia,,,,,,,,,,,"{""Environment"":""prod"",""CostCenter"":""cc-3110"",""Owner"":""team-payments""}"
Microsoft Azure,Microsoft,Microsoft Azure,INV-2026-05-000001,8a1b2c3d-0000-4a00-9000-000000000001,ExampleCorp MCA - Primary,Microsoft Customer Agreement,11111111-1111-4111-8111-111111111111,prod-platform,Subscription,2026-05-01T00:00:00Z,2026-06-01T00:00:00Z,2026-05-17T19:00:00Z,2026-05-17T20:00:00Z,Usage,,Function execution duration,Usage-Based,56.57875954377903,56.57875954377903,62.8652883819767,56.57875954377903,0.0000158390,0.0000142551,Standard,3969018.7753,GB-Seconds,USD,0.0000142551,56.57875954377903,0.0000158390,USD,3969018.7753,GB-Seconds,Azure Functions,Compute,Serverless Compute,AZ-AZUR-5629ae,Compute,AZSP-7fb63b92,"{""x_Plan"":""Consumption"",""x_Runtime"":""dotnet8""}",/subscriptions/11111111-1111-4111-8111-111111111111/resourceGroups/rg-prod-platform/providers/Microsoft.Web/sites/func-89994e1f,func-89994e1f,Function App,eastus,East US,,,,,,,,,,,"{""Environment"":""prod"",""CostCenter"":""cc-2087"",""Owner"":""team-payments""}"
Microsoft Azure,Microsoft,Microsoft Azure,INV-2026-05-000002,8a1b2c3d-0000-4a00-9000-000000000002,ExampleCorp MCA - Secondary,Microsoft Customer Agreement,33333333-3333-4333-8333-333333333333,data-analytics,Subscription,2026-05-01T00:00:00Z,2026-06-01T00:00:00Z,2026-05-13T00:00:00Z,2026-05-14T00:00:00Z,Usage,,VNet peering data transfer,Usage-Based,42.26327672412607,42.26327672412607,46.95919615359722,42.26327672412607,0.0101048054,0.0090943249,Standard,4647.2143,GB,USD,0.0090943249,42.26327672412607,0.0101048054,USD,4647.2143,GB,Virtual Network,Networking,Network Connectivity,AZ-VIRT-d38880,Data Transfer,AZSP-9a15a4b1,"{""x_TransferType"":""Peering""}",/subscriptions/33333333-3333-4333-8333-333333333333/resourceGroups/rg-data-analytics/providers/Microsoft.Network/virtualNetworks/vnet-dbfd9919,vnet-dbfd9919,Virtual Network,westus2,West US 2,,,,,,,,,,,"{""Environment"":""staging"",""CostCenter"":""cc-2087"",""Owner"":""team-data""}"
Microsoft Azure,Microsoft,Microsoft Azure,INV-2026-05-000002,8a1b2c3d-0000-4a00-9000-000000000002,ExampleCorp MCA - Secondary,Microsoft Customer Agreement,22222222-2222-4222-8222-222222222222,staging-platform,Subscription,2026-05-01T00:00:00Z,2026-06-01T00:00:00Z,2026-05-17T21:00:00Z,2026-05-17T22:00:00Z,Purchase,,"Reservation commitment, amortised for the charge period",Recurring,0.128064,0,0.128064,0.128064,0.1280640000,0.1280640000,Standard,1,Hours,USD,0.1280640000,0,0.1280640000,USD,,,Virtual Machines,Compute,Virtual Machines,AZ-COMMIT-2b0461,Commitment,AZSP-1bf33d5c,"{""x_Term"":""P1Y"",""x_PaymentOption"":""NoUpfront""}",/subscriptions/22222222-2222-4222-8222-222222222222/providers/Microsoft.BillingBenefits/reservations/67afe6e2f55a,reservations-6c3be4f106,Reservation,eastus,East US,,/subscriptions/22222222-2222-4222-8222-222222222222/providers/Microsoft.BillingBenefits/reservations/67afe6e2f55a,AzureReservation-1yr-NoUpfront,Usage,Reservation,,1,Hours,,,"{""Environment"":""dev"",""CostCenter"":""cc-3110"",""Owner"":""team-platform""}"
Microsoft Azure,Microsoft,Microsoft Azure,INV-2026-05-000002,8a1b2c3d-0000-4a00-9000-000000000002,ExampleCorp MCA - Secondary,Microsoft Customer Agreement,22222222-2222-4222-8222-222222222222,staging-platform,Subscription,2026-05-01T00:00:00Z,2026-06-01T00:00:00Z,2026-05-17T21:00:00Z,2026-05-17T22:00:00Z,Usage,,Virtual Machines committed usage,Usage-Based,0,0.128064,0.192,0.1728,0.1920000000,0.1728000000,Committed,1,Hours,USD,0.1728000000,0.128064,0.1920000000,USD,1,Hours,Virtual Machines,Compute,Virtual Machines,AZ-VIRT-ceeb6d,Compute,AZSP-89790da4,"{""InstanceType"":""Standard_D4s_v5"",""InstanceSeries"":""Ddsv5"",""CoreCount"":4,""MemorySize"":16,""OperatingSystem"":""Linux"",""x_Tenancy"":""Shared""}",/subscriptions/22222222-2222-4222-8222-222222222222/resourceGroups/rg-staging-platform/providers/Microsoft.Compute/virtualMachines/vm-0000ff1814,vm-0000ff1814,Virtual Machine,eastus,East US,eastus-2,/subscriptions/22222222-2222-4222-8222-222222222222/providers/Microsoft.BillingBenefits/reservations/67afe6e2f55a,AzureReservation-1yr-NoUpfront,Usage,Reservation,Used,1,Hours,,,"{""Environment"":""dev"",""CostCenter"":""cc-2087"",""Owner"":""team-platform""}"
Microsoft Azure,Microsoft,Microsoft Azure,INV-2026-05-000002,8a1b2c3d-0000-4a00-9000-000000000002,ExampleCorp MCA - Secondary,Microsoft Customer Agreement,22222222-2222-4222-8222-222222222222,staging-platform,Subscription,2026-05-01T00:00:00Z,2026-06-01T00:00:00Z,2026-05-17T22:00:00Z,2026-05-17T23:00:00Z,Purchase,,"Reservation commitment, amortised for the charge period",Recurring,0.128064,0,0.128064,0.128064,0.1280640000,0.1280640000,Standard,1,Hours,USD,0.1280640000,0,0.1280640000,USD,,,Virtual Machines,Compute,Virtual Machines,AZ-COMMIT-2b0461,Commitment,AZSP-1bf33d5c,"{""x_Term"":""P1Y"",""x_PaymentOption"":""NoUpfront""}",/subscriptions/22222222-2222-4222-8222-222222222222/providers/Microsoft.BillingBenefits/reservations/67afe6e2f55a,reservations-6c3be4f106,Reservation,eastus,East US,,/subscriptions/22222222-2222-4222-8222-222222222222/providers/Microsoft.BillingBenefits/reservations/67afe6e2f55a,AzureReservation-1yr-NoUpfront,Usage,Reservation,,1,Hours,,,"{""Environment"":""prod"",""CostCenter"":""cc-2087"",""Owner"":""team-platform""}"
Microsoft Azure,Microsoft,Microsoft Azure,INV-2026-05-000002,8a1b2c3d-0000-4a00-9000-000000000002,ExampleCorp MCA - Secondary,Microsoft Customer Agreement,22222222-2222-4222-8222-222222222222,staging-platform,Subscription,2026-05-01T00:00:00Z,2026-06-01T00:00:00Z,2026-05-17T22:00:00Z,2026-05-17T23:00:00Z,Usage,,Virtual Machines committed usage,Usage-Based,0,0.128064,0.192,0.1728,0.1920000000,0.1728000000,Committed,1,Hours,USD,0.1728000000,0.128064,0.1920000000,USD,1,Hours,Virtual Machines,Compute,Virtual Machines,AZ-VIRT-aa4e92,Compute,AZSP-38e44a95,"{""InstanceType"":""Standard_D4s_v5"",""InstanceSeries"":""Ddsv5"",""CoreCount"":4,""MemorySize"":16,""OperatingSystem"":""Linux"",""x_Tenancy"":""Shared""}",/subscriptions/22222222-2222-4222-8222-222222222222/resourceGroups/rg-staging-platform/providers/Microsoft.Compute/virtualMachines/vm-0001456dc2,vm-0001456dc2,Virtual Machine,eastus,East US,eastus-2,/subscriptions/22222222-2222-4222-8222-222222222222/providers/Microsoft.BillingBenefits/reservations/67afe6e2f55a,AzureReservation-1yr-NoUpfront,Usage,Reservation,Used,1,Hours,,,"{""Environment"":""prod"",""CostCenter"":""cc-2087"",""Owner"":""team-data""}"
Microsoft Azure,Microsoft,Microsoft Azure,INV-2026-05-000002,8a1b2c3d-0000-4a00-9000-000000000002,ExampleCorp MCA - Secondary,Microsoft Customer Agreement,22222222-2222-4222-8222-222222222222,staging-platform,Subscription,2026-05-01T00:00:00Z,2026-06-01T00:00:00Z,2026-05-17T23:00:00Z,2026-05-18T00:00:00Z,Purchase,,"Reservation commitment, amortised for the charge period",Recurring,0.128064,0,0.128064,0.128064,0.1280640000,0.1280640000,Standard,1,Hours,USD,0.1280640000,0,0.1280640000,USD,,,Virtual Machines,Compute,Virtual Machines,AZ-COMMIT-2b0461,Commitment,AZSP-1bf33d5c,"{""x_Term"":""P1Y"",""x_PaymentOption"":""NoUpfront""}",/subscriptions/22222222-2222-4222-8222-222222222222/providers/Microsoft.BillingBenefits/reservations/67afe6e2f55a,reservations-6c3be4f106,Reservation,eastus,East US,,/subscriptions/22222222-2222-4222-8222-222222222222/providers/Microsoft.BillingBenefits/reservations/67afe6e2f55a,AzureReservation-1yr-NoUpfront,Usage,Reservation,,1,Hours,,,"{""Environment"":""staging"",""CostCenter"":""cc-2087"",""Owner"":""team-data""}"
Microsoft Azure,Microsoft,Microsoft Azure,INV-2026-05-000002,8a1b2c3d-0000-4a00-9000-000000000002,ExampleCorp MCA - Secondary,Microsoft Customer Agreement,22222222-2222-4222-8222-222222222222,staging-platform,Subscription,2026-05-01T00:00:00Z,2026-06-01T00:00:00Z,2026-05-17T23:00:00Z,2026-05-18T00:00:00Z,Usage,,Virtual Machines committed usage,Usage-Based,0,0.128064,0.192,0.1728,0.1920000000,0.1728000000,Committed,1,Hours,USD,0.1728000000,0.128064,0.1920000000,USD,1,Hours,Virtual Machines,Compute,Virtual Machines,AZ-VIRT-196b73,Compute,AZSP-48fac7f4,"{""InstanceType"":""Standard_D4s_v5"",""InstanceSeries"":""Ddsv5"",""CoreCount"":4,""MemorySize"":16,""OperatingSystem"":""Linux"",""x_Tenancy"":""Shared""}",/subscriptions/22222222-2222-4222-8222-222222222222/resourceGroups/rg-staging-platform/providers/Microsoft.Compute/virtualMachines/vm-0002f19376,vm-0002f19376,Virtual Machine,eastus,East US,eastus-2,/subscriptions/22222222-2222-4222-8222-222222222222/providers/Microsoft.BillingBenefits/reservations/67afe6e2f55a,AzureReservation-1yr-NoUpfront,Usage,Reservation,Used,1,Hours,,,"{""Environment"":""staging"",""CostCenter"":""cc-2087"",""Owner"":""team-payments""}"
Microsoft Azure,Microsoft,Microsoft Azure,INV-2026-05-000002,8a1b2c3d-0000-4a00-9000-000000000002,ExampleCorp MCA - Secondary,Microsoft Customer Agreement,22222222-2222-4222-8222-222222222222,staging-platform,Subscription,2026-05-01T00:00:00Z,2026-06-01T00:00:00Z,2026-05-18T00:00:00Z,2026-05-18T01:00:00Z,Purchase,,"Reservation commitment, amortised for the charge period",Recurring,0.128064,0,0.128064,0.128064,0.1280640000,0.1280640000,Standard,1,Hours,USD,0.1280640000,0,0.1280640000,USD,,,Virtual Machines,Compute,Virtual Machines,AZ-COMMIT-2b0461,Commitment,AZSP-1bf33d5c,"{""x_Term"":""P1Y"",""x_PaymentOption"":""NoUpfront""}",/subscriptions/22222222-2222-4222-8222-222222222222/providers/Microsoft.BillingBenefits/reservations/67afe6e2f55a,reservations-6c3be4f106,Reservation,eastus,East US,,/subscriptions/22222222-2222-4222-8222-222222222222/providers/Microsoft.BillingBenefits/reservations/67afe6e2f55a,AzureReservation-1yr-NoUpfront,Usage,Reservation,,1,Hours,,,"{""Environment"":""dev"",""CostCenter"":""cc-2087"",""Owner"":""team-platform""}"
Microsoft Azure,Microsoft,Microsoft Azure,INV-2026-05-000002,8a1b2c3d-0000-4a00-9000-000000000002,ExampleCorp MCA - Secondary,Microsoft Customer Agreement,22222222-2222-4222-8222-222222222222,staging-platform,Subscription,2026-05-01T00:00:00Z,2026-06-01T00:00:00Z,2026-05-18T00:00:00Z,2026-05-18T01:00:00Z,Usage,,Virtual Machines committed usage,Usage-Based,0,0.128064,0.192,0.1728,0.1920000000,0.1728000000,Committed,1,Hours,USD,0.1728000000,0.128064,0.1920000000,USD,1,Hours,Virtual Machines,Compute,Virtual Machines,AZ-VIRT-47eec3,Compute,AZSP-4422a220,"{""InstanceType"":""Standard_D4s_v5"",""InstanceSeries"":""Ddsv5"",""CoreCount"":4,""MemorySize"":16,""OperatingSystem"":""Linux"",""x_Tenancy"":""Shared""}",/subscriptions/22222222-2222-4222-8222-222222222222/resourceGroups/rg-staging-platform/providers/Microsoft.Compute/virtualMachines/vm-0003a414d1,vm-0003a414d1,Virtual Machine,eastus,East US,eastus-2,/subscriptions/22222222-2222-4222-8222-222222222222/providers/Microsoft.BillingBenefits/reservations/67afe6e2f55a,AzureReservation-1yr-NoUpfront,Usage,Reservation,Used,1,Hours,,,"{""Environment"":""prod"",""CostCenter"":""cc-2087"",""Owner"":""team-platform""}"
Microsoft Azure,Microsoft,Microsoft Azure,INV-2026-05-000002,8a1b2c3d-0000-4a00-9000-000000000002,ExampleCorp MCA - Secondary,Microsoft Customer Agreement,22222222-2222-4222-8222-222222222222,staging-platform,Subscription,2026-05-01T00:00:00Z,2026-06-01T00:00:00Z,2026-05-18T01:00:00Z,2026-05-18T02:00:00Z,Purchase,,"Reservation commitment, amortised for the charge period",Recurring,0.128064,0,0.128064,0.128064,0.1280640000,0.1280640000,Standard,1,Hours,USD,0.1280640000,0,0.1280640000,USD,,,Virtual Machines,Compute,Virtual Machines,AZ-COMMIT-2b0461,Commitment,AZSP-1bf33d5c,"{""x_Term"":""P1Y"",""x_PaymentOption"":""NoUpfront""}",/subscriptions/22222222-2222-4222-8222-222222222222/providers/Microsoft.BillingBenefits/reservations/67afe6e2f55a,reservations-6c3be4f106,Reservation,eastus,East US,,/subscriptions/22222222-2222-4222-8222-222222222222/providers/Microsoft.BillingBenefits/reservations/67afe6e2f55a,AzureReservation-1yr-NoUpfront,Usage,Reservation,,1,Hours,,,"{""Environment"":""dev"",""CostCenter"":""cc-2087"",""Owner"":""team-data""}"
Microsoft Azure,Microsoft,Microsoft Azure,INV-2026-05-000002,8a1b2c3d-0000-4a00-9000-000000000002,ExampleCorp MCA - Secondary,Microsoft Customer Agreement,22222222-2222-4222-8222-222222222222,staging-platform,Subscription,2026-05-01T00:00:00Z,2026-06-01T00:00:00Z,2026-05-18T01:00:00Z,2026-05-18T02:00:00Z,Usage,,Virtual Machines committed usage,Usage-Based,0,0.128064,0.192,0.1728,0.1920000000,0.1728000000,Committed,1,Hours,USD,0.1728000000,0.128064,0.1920000000,USD,1,Hours,Virtual Machines,Compute,Virtual Machines,AZ-VIRT-20cbb6,Compute,AZSP-1f0e7030,"{""InstanceType"":""Standard_D4s_v5"",""InstanceSeries"":""Ddsv5"",""CoreCount"":4,""MemorySize"":16,""OperatingSystem"":""Linux"",""x_Tenancy"":""Shared""}",/subscriptions/22222222-2222-4222-8222-222222222222/resourceGroups/rg-staging-platform/providers/Microsoft.Compute/virtualMachines/vm-0004d0ba9a,vm-0004d0ba9a,Virtual Machine,eastus,East US,eastus-2,/subscriptions/22222222-2222-4222-8222-222222222222/providers/Microsoft.BillingBenefits/reservations/67afe6e2f55a,AzureReservation-1yr-NoUpfront,Usage,Reservation,Used,1,Hours,,,"{""Environment"":""dev"",""CostCenter"":""cc-2087"",""Owner"":""team-payments""}"
Microsoft Azure,Microsoft,Microsoft Azure,INV-2026-05-000002,8a1b2c3d-0000-4a00-9000-000000000002,ExampleCorp MCA - Secondary,Microsoft Customer Agreement,22222222-2222-4222-8222-222222222222,staging-platform,Subscription,2026-05-01T00:00:00Z,2026-06-01T00:00:00Z,2026-05-18T02:00:00Z,2026-05-18T03:00:00Z,Purchase,,"Reservation commitment, amortised for the charge period",Recurring,0.128064,0,0.128064,0.128064,0.1280640000,0.1280640000,Standard,1,Hours,USD,0.1280640000,0,0.1280640000,USD,,,Virtual Machines,Compute,Virtual Machines,AZ-COMMIT-2b0461,Commitment,AZSP-1bf33d5c,"{""x_Term"":""P1Y"",""x_PaymentOption"":""NoUpfront""}",/subscriptions/22222222-2222-4222-8222-222222222222/providers/Microsoft.BillingBenefits/reservations/67afe6e2f55a,reservations-6c3be4f106,Reservation,eastus,East US,,/subscriptions/22222222-2222-4222-8222-222222222222/providers/Microsoft.BillingBenefits/reservations/67afe6e2f55a,AzureReservation-1yr-NoUpfront,Usage,Reservation,,1,Hours,,,"{""Environment"":""staging"",""CostCenter"":""cc-3110"",""Owner"":""team-payments""}"
Microsoft Azure,Microsoft,Microsoft Azure,INV-2026-05-000002,8a1b2c3d-0000-4a00-9000-000000000002,ExampleCorp MCA - Secondary,Microsoft Customer Agreement,22222222-2222-4222-8222-222222222222,staging-platform,Subscription,2026-05-01T00:00:00Z,2026-06-01T00:00:00Z,2026-05-18T02:00:00Z,2026-05-18T03:00:00Z,Usage,,Virtual Machines committed usage,Usage-Based,0,0.128064,0.192,0.1728,0.1920000000,0.1728000000,Committed,1,Hours,USD,0.1728000000,0.128064,0.1920000000,USD,1,Hours,Virtual Machines,Compute,Virtual Machines,AZ-VIRT-47ea1c,Compute,AZSP-f1e40bfb,"{""InstanceType"":""Standard_D4s_v5"",""InstanceSeries"":""Ddsv5"",""CoreCount"":4,""MemorySize"":16,""OperatingSystem"":""Linux"",""x_Tenancy"":""Shared""}",/subscriptions/22222222-2222-4222-8222-222222222222/resourceGroups/rg-staging-platform/providers/Microsoft.Compute/virtualMachines/vm-00058888b3,vm-00058888b3,Virtual Machine,eastus,East US,eastus-2,/subscriptions/22222222-2222-4222-8222-222222222222/providers/Microsoft.BillingBenefits/reservations/67afe6e2f55a,AzureReservation-1yr-NoUpfront,Usage,Reservation,Used,1,Hours,,,"{""Environment"":""prod"",""CostCenter"":""cc-2087"",""Owner"":""team-platform""}"
Microsoft Azure,Microsoft,Microsoft Azure,INV-2026-05-000002,8a1b2c3d-0000-4a00-9000-000000000002,ExampleCorp MCA - Secondary,Microsoft Customer Agreement,22222222-2222-4222-8222-222222222222,staging-platform,Subscription,2026-05-01T00:00:00Z,2026-06-01T00:00:00Z,2026-05-18T03:00:00Z,2026-05-18T04:00:00Z,Purchase,,"Reservation commitment, amortised for the charge period",Recurring,0.128064,0,0.128064,0.128064,0.1280640000,0.1280640000,Standard,1,Hours,USD,0.1280640000,0,0.1280640000,USD,,,Virtual Machines,Compute,Virtual Machines,AZ-COMMIT-2b0461,Commitment,AZSP-1bf33d5c,"{""x_Term"":""P1Y"",""x_PaymentOption"":""NoUpfront""}",/subscriptions/22222222-2222-4222-8222-222222222222/providers/Microsoft.BillingBenefits/reservations/67afe6e2f55a,reservations-6c3be4f106,Reservation,eastus,East US,,/subscriptions/22222222-2222-4222-8222-222222222222/providers/Microsoft.BillingBenefits/reservations/67afe6e2f55a,AzureReservation-1yr-NoUpfront,Usage,Reservation,,1,Hours,,,"{""Environment"":""dev"",""CostCenter"":""cc-3110"",""Owner"":""team-payments""}"
Microsoft Azure,Microsoft,Microsoft Azure,INV-2026-05-000002,8a1b2c3d-0000-4a00-9000-000000000002,ExampleCorp MCA - Secondary,Microsoft Customer Agreement,22222222-2222-4222-8222-222222222222,staging-platform,Subscription,2026-05-01T00:00:00Z,2026-06-01T00:00:00Z,2026-05-18T03:00:00Z,2026-05-18T04:00:00Z,Usage,,Virtual Machines committed usage,Usage-Based,0,0.128064,0.192,0.1728,0.1920000000,0.1728000000,Committed,1,Hours,USD,0.1728000000,0.128064,0.1920000000,USD,1,Hours,Virtual Machines,Compute,Virtual Machines,AZ-VIRT-c3ce62,Compute,AZSP-173c5269,"{""InstanceType"":""Standard_D4s_v5"",""InstanceSeries"":""Ddsv5"",""CoreCount"":4,""MemorySize"":16,""OperatingSystem"":""Linux"",""x_Tenancy"":""Shared""}",/subscriptions/22222222-2222-4222-8222-222222222222/resourceGroups/rg-staging-platform/providers/Microsoft.Compute/virtualMachines/vm-0006b89c95,vm-0006b89c95,Virtual Machine,eastus,East US,eastus-2,/subscriptions/22222222-2222-4222-8222-222222222222/providers/Microsoft.BillingBenefits/reservations/67afe6e2f55a,AzureReservation-1yr-NoUpfront,Usage,Reservation,Used,1,Hours,,,"{""Environment"":""dev"",""CostCenter"":""cc-2087"",""Owner"":""team-platform""}"
Microsoft Azure,Microsoft,Microsoft Azure,INV-2026-05-000002,8a1b2c3d-0000-4a00-9000-000000000002,ExampleCorp MCA - Secondary,Microsoft Customer Agreement,22222222-2222-4222-8222-222222222222,staging-platform,Subscription,2026-05-01T00:00:00Z,2026-06-01T00:00:00Z,2026-05-18T04:00:00Z,2026-05-18T05:00:00Z,Purchase,,"Reservation commitment, amortised for the charge period",Recurring,0.128064,0,0.128064,0.128064,0.1280640000,0.1280640000,Standard,1,Hours,USD,0.1280640000,0,0.1280640000,USD,,,Virtual Machines,Compute,Virtual Machines,AZ-COMMIT-2b0461,Commitment,AZSP-1bf33d5c,"{""x_Term"":""P1Y"",""x_PaymentOption"":""NoUpfront""}",/subscriptions/22222222-2222-4222-8222-222222222222/providers/Microsoft.BillingBenefits/reservations/67afe6e2f55a,reservations-6c3be4f106,Reservation,eastus,East US,,/subscriptions/22222222-2222-4222-8222-222222222222/providers/Microsoft.BillingBenefits/reservations/67afe6e2f55a,AzureReservation-1yr-NoUpfront,Usage,Reservation,,1,Hours,,,"{""Environment"":""staging"",""CostCenter"":""cc-3110"",""Owner"":""team-payments""}"
Microsoft Azure,Microsoft,Microsoft Azure,INV-2026-05-000002,8a1b2c3d-0000-4a00-9000-000000000002,ExampleCorp MCA - Secondary,Microsoft Customer Agreement,22222222-2222-4222-8222-222222222222,staging-platform,Subscription,2026-05-01T00:00:00Z,2026-06-01T00:00:00Z,2026-05-18T04:00:00Z,2026-05-18T05:00:00Z,Usage,,Reservation unused commitment,Usage-Based,0,0.128064,0.128064,0.128064,0.1280640000,0.1280640000,Committed,1,Hours,USD,0.1280640000,0.128064,0.1280640000,USD,,,Virtual Machines,Compute,Virtual Machines,AZ-COMMIT-2b0461,Commitment,AZSP-1bf33d5c,"{""x_Term"":""P1Y"",""x_PaymentOption"":""NoUpfront""}",/subscriptions/22222222-2222-4222-8222-222222222222/providers/Microsoft.BillingBenefits/reservations/67afe6e2f55a,reservations-6c3be4f106,Reservation,eastus,East US,,/subscriptions/22222222-2222-4222-8222-222222222222/providers/Microsoft.BillingBenefits/reservations/67afe6e2f55a,AzureReservation-1yr-NoUpfront,Usage,Reservation,Unused,1,Hours,,,"{""Environment"":""prod"",""CostCenter"":""cc-3110"",""Owner"":""team-payments""}"
Microsoft Azure,Microsoft,Microsoft Azure,INV-2026-05-000001,8a1b2c3d-0000-4a00-9000-000000000001,ExampleCorp MCA - Primary,Microsoft Customer Agreement,33333333-3333-4333-8333-333333333333,data-analytics,Subscription,2026-05-01T00:00:00Z,2026-06-01T00:00:00Z,2026-05-18T13:00:00Z,2026-05-18T14:00:00Z,Usage,,Function execution duration,Usage-Based,19.58237129808192,19.58237129808192,21.75825036704544,19.58237129808192,0.0000161076,0.0000144968,Standard,1350806.4744,GB-Seconds,USD,0.0000144968,19.58237129808192,0.0000161076,USD,1350806.4744,GB-Seconds,Azure Functions,Compute,Serverless Compute,AZ-AZUR-7c86b8,Compute,AZSP-bf7e638f,"{""x_Plan"":""Consumption"",""x_Runtime"":""dotnet8""}",/subscriptions/33333333-3333-4333-8333-333333333333/resourceGroups/rg-data-analytics/providers/Microsoft.Web/sites/func-3133904c,func-3133904c,Function App,westus2,West US 2,,,,,,,,,,,"{""Environment"":""staging"",""CostCenter"":""cc-2087"",""Owner"":""team-platform""}"
Microsoft Azure,Microsoft,Microsoft Azure,INV-2026-05-000002,8a1b2c3d-0000-4a00-9000-000000000002,ExampleCorp MCA - Secondary,Microsoft Customer Agreement,11111111-1111-4111-8111-111111111111,prod-platform,Subscription,2026-05-01T00:00:00Z,2026-06-01T00:00:00Z,2026-05-18T14:00:00Z,2026-05-18T15:00:00Z,Usage,,Function execution duration,Usage-Based,26.97679465063134,26.97679465063134,29.97427842310282,26.97679465063134,0.0000160777,0.0000144699,Standard,1864338.7066,GB-Seconds,USD,0.0000144699,26.97679465063134,0.0000160777,USD,1864338.7066,GB-Seconds,Azure Functions,Compute,Serverless Compute,AZ-AZUR-c88694,Compute,AZSP-55a84c70,"{""x_Plan"":""Consumption"",""x_Runtime"":""dotnet8""}",/subscriptions/11111111-1111-4111-8111-111111111111/resourceGroups/rg-prod-platform/providers/Microsoft.Web/sites/func-d9e251cb,func-d9e251cb,Function App,westeurope,West Europe,,,,,,,,,,,"{""Environment"":""dev"",""CostCenter"":""cc-1042"",""Owner"":""team-platform""}"
Microsoft Azure,Microsoft,Microsoft Azure,INV-2026-05-000002,8a1b2c3d-0000-4a00-9000-000000000002,ExampleCorp MCA - Secondary,Microsoft Customer Agreement,11111111-1111-4111-8111-111111111111,prod-platform,Subscription,2026-05-01T00:00:00Z,2026-06-01T00:00:00Z,2026-05-18T15:00:00Z,2026-05-18T16:00:00Z,Usage,,Provisioned throughput,Usage-Based,0.0069922403,0.0069922403,0.0077691559,0.0069922403,0.0077691559,0.0069922403,Standard,1.0000,Hours,EUR,0.0064328611,0.006432861076,0.0071476234,USD,1.0000,Hours,Azure Cosmos DB,Databases,NoSQL Databases,AZ-AZUR-664bb2,Database,AZSP-301a9ac2,"{""x_CapacityMode"":""Provisioned""}",/subscriptions/11111111-1111-4111-8111-111111111111/resourceGroups/rg-prod-platform/providers/Microsoft.DocumentDB/databaseAccounts/cosmos-07d86dea,cosmos-07d86dea,Cosmos DB Account,southeastasia,Southeast Asia,,,,,,,,,,,"{""Environment"":""staging"",""CostCenter"":""cc-2087"",""Owner"":""team-payments""}"
Microsoft Azure,Microsoft,Microsoft Azure,INV-2026-05-000002,8a1b2c3d-0000-4a00-9000-000000000002,ExampleCorp MCA - Secondary,Microsoft Customer Agreement,22222222-2222-4222-8222-222222222222,staging-platform,Subscription,2026-05-01T00:00:00Z,2026-06-01T00:00:00Z,2026-05-18T16:00:00Z,2026-05-18T17:00:00Z,Usage,,General Purpose 4 vCore,Usage-Based,0.4451760296,0.4451760296,0.4946400329,0.4451760296,0.4946400329,0.4451760296,Standard,1.0000,Hours,USD,0.4451760296,0.4451760296,0.4946400329,USD,1.0000,Hours,Azure SQL Database,Databases,Relational Databases,AZ-AZUR-1a1ba8,Database,AZSP-202aa462,"{""InstanceType"":""GP_Gen5_4"",""CoreCount"":4,""MemorySize"":20,""x_Engine"":""SQLServer""}",/subscriptions/22222222-2222-4222-8222-222222222222/resourceGroups/rg-staging-platform/providers/Microsoft.Sql/servers/databases/sqldb-893a97be,sqldb-893a97be,SQL Database,westeurope,West Europe,,,,,,,,,,,"{""Environment"":""dev"",""CostCenter"":""cc-2087"",""Owner"":""team-data""}"
Microsoft Azure,Microsoft,Microsoft Azure,INV-2026-05-000002,8a1b2c3d-0000-4a00-9000-000000000002,ExampleCorp MCA - Secondary,Microsoft Customer Agreement,33333333-3333-4333-8333-333333333333,data-analytics,Subscription,2026-05-01T00:00:00Z,2026-06-01T00:00:00Z,2026-05-06T00:00:00Z,2026-05-07T00:00:00Z,Usage,,VNet peering data transfer,Usage-Based,5.15720603922736,5.15720603922736,5.73022892596397,5.15720603922736,0.0097789031,0.0088010128,Standard,585.9787,GB,USD,0.0088010128,5.15720603922736,0.0097789031,USD,585.9787,GB,Virtual Network,Networking,Network Connectivity,AZ-VIRT-254dac,Data Transfer,AZSP-c7218016,"{""x_TransferType"":""Peering""}",/subscriptions/33333333-3333-4333-8333-333333333333/resourceGroups/rg-data-analytics/providers/Microsoft.Network/virtualNetworks/vnet-51452b9b,vnet-51452b9b,Virtual Network,eastus,East US,,,,,,,,,,,"{""Environment"":""prod"",""CostCenter"":""cc-2087"",""Owner"":""team-payments""}"
Microsoft Azure,Microsoft,Microsoft Azure,INV-2026-05-000001,8a1b2c3d-0000-4a00-9000-000000000001,ExampleCorp MCA - Primary,Microsoft Customer Agreement,11111111-1111-4111-8111-111111111111,prod-platform,Subscription,2026-05-01T00:00:00Z,2026-06-01T00:00:00Z,2026-05-18T18:00:00Z,2026-05-18T19:00:00Z,Usage,,Provisioned throughput,Usage-Based,0.007181508,0.007181508,0.0079794533,0.007181508,0.0079794533,0.0071815080,Standard,1.0000,Hours,USD,0.0071815080,0.007181508,0.0079794533,USD,1.0000,Hours,Azure Cosmos DB,Databases,NoSQL Databases,AZ-AZUR-c81ff4,Database,AZSP-8f4475da,"{""x_CapacityMode"":""Provisioned""}",/subscriptions/11111111-1111-4111-8111-111111111111/resourceGroups/rg-prod-platform/providers/Microsoft.DocumentDB/databaseAccounts/cosmos-d4132831,cosmos-d4132831,Cosmos DB Account,westeurope,West Europe,,,,,,,,,,,"{""Environment"":""prod"",""CostCenter"":""cc-1042"",""Owner"":""team-platform""}"
Microsoft Azure,Microsoft,Microsoft Azure,INV-2026-05-000001,8a1b2c3d-0000-4a00-9000-000000000001,ExampleCorp MCA - Primary,Microsoft Customer Agreement,44444444-4444-4444-8444-444444444444,sandbox-dev,Subscription,2026-05-01T00:00:00Z,2026-06-01T00:00:00Z,2026-05-18T19:00:00Z,2026-05-18T20:00:00Z,Usage,,AKS node pool hours,Usage-Based,0.1761824534,0.1761824534,0.1957582816,0.1761824534,0.1957582816,0.1761824534,Standard,1.0000,Hours,USD,0.1761824534,0.1761824534,0.1957582816,USD,1.0000,Hours,Azure Kubernetes Service,Compute,Containers,AZ-AZUR-31cb01,Compute,AZSP-9aacab11,"{""InstanceType"":""Standard_D4s_v5"",""CoreCount"":4,""MemorySize"":16,""x_NodePool"":""system""}",/subscriptions/44444444-4444-4444-8444-444444444444/resourceGroups/rg-sandbox-dev/providers/Microsoft.ContainerService/managedClusters/aks-dcb7b68b,aks-dcb7b68b,Managed Cluster,southeastasia,Southeast Asia,,,,,,,,,,,"{""Environment"":""prod"",""CostCenter"":""cc-1042"",""Owner"":""team-platform""}"
Microsoft Azure,Microsoft,Microsoft Azure,INV-2026-05-000002,8a1b2c3d-0000-4a00-9000-000000000002,ExampleCorp MCA - Secondary,Microsoft Customer Agreement,33333333-3333-4333-8333-333333333333,data-analytics,Subscription,2026-05-01T00:00:00Z,2026-06-01T00:00:00Z,2026-05-18T20:00:00Z,2026-05-18T21:00:00Z,Usage,,Function execution duration,Usage-Based,31.32795612457252,31.32795612457252,34.80886412102414,31.32795612457252,0.0000161269,0.0000145142,Standard,2158434.9206,GB-Seconds,USD,0.0000145142,31.32795612457252,0.0000161269,USD,2158434.9206,GB-Seconds,Azure Functions,Compute,Serverless Compute,AZ-AZUR-194b15,Compute,AZSP-d4686b3e,"{""x_Plan"":""Consumption"",""x_Runtime"":""dotnet8""}",/subscriptions/33333333-3333-4333-8333-333333333333/resourceGroups/rg-data-analytics/providers/Microsoft.Web/sites/func-25144225,func-25144225,Function App,westeurope,West Europe,,,,,,,,,,,"{""Environment"":""dev"",""CostCenter"":""cc-3110"",""Owner"":""team-payments""}"
Microsoft Azure,Microsoft,Microsoft Azure,INV-2026-05-000001,8a1b2c3d-0000-4a00-9000-000000000001,ExampleCorp MCA - Primary,Microsoft Customer Agreement,44444444-4444-4444-8444-444444444444,sandbox-dev,Subscription,2026-05-01T00:00:00Z,2026-06-01T00:00:00Z,2026-05-10T00:00:00Z,2026-05-11T00:00:00Z,Purchase,,Azure Cosmos DB subscription fee,Recurring,292.775031,0,292.775031,292.775031,292.775031,292.775031,Standard,1,Units,USD,292.7750310000,0,292.7750310000,USD,,,Azure Cosmos DB,Databases,NoSQL Databases,AZ-AZUR-d0adf3,Database,AZSP-8bc82eae,"{""x_CapacityMode"":""Provisioned""}",/subscriptions/44444444-4444-4444-8444-444444444444/resourceGroups/rg-sandbox-dev/providers/Microsoft.DocumentDB/databaseAccounts/cosmos-bdb74e55,cosmos-bdb74e55,Cosmos DB Account,westeurope,West Europe,,,,,,,,,,,"{""Environment"":""staging"",""CostCenter"":""cc-2087"",""Owner"":""team-data""}"
Microsoft Azure,Microsoft,Microsoft Azure,INV-2026-05-000001,8a1b2c3d-0000-4a00-9000-000000000001,ExampleCorp MCA - Primary,Microsoft Customer Agreement,44444444-4444-4444-8444-444444444444,sandbox-dev,Subscription,2026-05-01T00:00:00Z,2026-06-01T00:00:00Z,2026-05-11T00:00:00Z,2026-05-12T00:00:00Z,Tax,,Tax for Virtual Network,One-Time,9.094869,9.094869,9.094869,9.094869,,,,,,,,,,USD,,,Virtual Network,Networking,Network Connectivity,,,,,,,,,,,,,,,,,,,,"{""Environment"":""prod"",""CostCenter"":""cc-3110"",""Owner"":""team-platform""}"
Microsoft Azure,Microsoft,Microsoft Azure,INV-2026-05-000001,8a1b2c3d-0000-4a00-9000-000000000001,ExampleCorp MCA - Primary,Microsoft Customer Agreement,11111111-1111-4111-8111-111111111111,prod-platform,Subscription,2026-05-01T00:00:00Z,2026-06-01T00:00:00Z,2026-05-12T00:00:00Z,2026-05-13T00:00:00Z,Usage,,Log data ingested,Usage-Based,91.32965125516648,91.32965125516648,101.47739028304163,91.32965125516648,2.3653686551,2.1288317896,Standard,42.9013,GB,EUR,1.9585252464,84.0232791547531616,2.1761391627,USD,42.9013,GB,Azure Monitor,Management and Governance,Observability,AZ-AZUR-acfe01,Monitoring,AZSP-6b39bad1,"{""x_DataType"":""Logs""}",/subscriptions/11111111-1111-4111-8111-111111111111/resourceGroups/rg-prod-platform/providers/Microsoft.OperationalInsights/workspaces/law-493a5713,law-493a5713,Log Analytics Workspace,eastus,East US,,,,,,,,,,,"{""Environment"":""staging"",""CostCenter"":""cc-3110"",""Owner"":""team-data""}"
Microsoft Azure,Microsoft,Microsoft Azure,INV-2026-05-000002,8a1b2c3d-0000-4a00-9000-000000000002,ExampleCorp MCA - Secondary,Microsoft Customer Agreement,33333333-3333-4333-8333-333333333333,data-analytics,Subscription,2026-05-01T00:00:00Z,2026-06-01T00:00:00Z,2026-05-19T00:00:00Z,2026-05-19T01:00:00Z,Usage,,Standard_D4s_v5 instance,Usage-Based,0.174125731,0.174125731,0.1934730344,0.174125731,0.1934730344,0.1741257310,Standard,1.0000,Hours,USD,0.1741257310,0.174125731,0.1934730344,USD,1.0000,Hours,Virtual Machines,Compute,Virtual Machines,AZ-VIRT-2b31da,Compute,AZSP-16882cf9,"{""InstanceType"":""Standard_D4s_v5"",""InstanceSeries"":""Ddsv5"",""CoreCount"":4,""MemorySize"":16,""OperatingSystem"":""Linux"",""x_Tenancy"":""Shared""}",/subscriptions/33333333-3333-4333-8333-333333333333/resourceGroups/rg-data-analytics/providers/Microsoft.Compute/virtualMachines/vm-80d7687e,vm-80d7687e,Virtual Machine,westus2,West US 2,westus2-1,,,,,,,,,,"{""Environment"":""staging"",""CostCenter"":""cc-1042"",""Owner"":""team-data""}"
Microsoft Azure,Microsoft,Microsoft Azure,INV-2026-05-000002,8a1b2c3d-0000-4a00-9000-000000000002,ExampleCorp MCA - Secondary,Microsoft Customer Agreement,11111111-1111-4111-8111-111111111111,prod-platform,Subscription,2026-05-01T00:00:00Z,2026-06-01T00:00:00Z,2026-05-19T01:00:00Z,2026-05-19T02:00:00Z,Purchase,,"Reservation commitment, amortised for the charge period",Recurring,0.128064,0,0.128064,0.128064,0.1280640000,0.1280640000,Standard,1,Hours,USD,0.1280640000,0,0.1280640000,USD,,,Virtual Machines,Compute,Virtual Machines,AZ-COMMIT-9793a8,Commitment,AZSP-7b1ce7d4,"{""x_Term"":""P1Y"",""x_PaymentOption"":""NoUpfront""}",/subscriptions/11111111-1111-4111-8111-111111111111/providers/Microsoft.BillingBenefits/reservations/bd52b6dfc9e3,reservations-ba2f60cbdb,Reservation,westeurope,West Europe,,/subscriptions/11111111-1111-4111-8111-111111111111/providers/Microsoft.BillingBenefits/reservations/bd52b6dfc9e3,AzureReservation-1yr-NoUpfront,Usage,Reservation,,1,Hours,,,"{""Environment"":""dev"",""CostCenter"":""cc-3110"",""Owner"":""team-payments""}"
Microsoft Azure,Microsoft,Microsoft Azure,INV-2026-05-000002,8a1b2c3d-0000-4a00-9000-000000000002,ExampleCorp MCA - Secondary,Microsoft Customer Agreement,11111111-1111-4111-8111-111111111111,prod-platform,Subscription,2026-05-01T00:00:00Z,2026-06-01T00:00:00Z,2026-05-19T01:00:00Z,2026-05-19T02:00:00Z,Usage,,Virtual Machines committed usage,Usage-Based,0,0.128064,0.192,0.1728,0.1920000000,0.1728000000,Committed,1,Hours,USD,0.1728000000,0.128064,0.1920000000,USD,1,Hours,Virtual Machines,Compute,Virtual Machines,AZ-VIRT-b6e116,Compute,AZSP-21487db2,"{""InstanceType"":""Standard_D4s_v5"",""InstanceSeries"":""Ddsv5"",""CoreCount"":4,""MemorySize"":16,""OperatingSystem"":""Linux"",""x_Tenancy"":""Shared""}",/subscriptions/11111111-1111-4111-8111-111111111111/resourceGroups/rg-prod-platform/providers/Microsoft.Compute/virtualMachines/vm-0000154a45,vm-0000154a45,Virtual Machine,westeurope,West Europe,westeurope-1,/subscriptions/11111111-1111-4111-8111-111111111111/providers/Microsoft.BillingBenefits/reservations/bd52b6dfc9e3,AzureReservation-1yr-NoUpfront,Usage,Reservation,Used,1,Hours,,,"{""Environment"":""dev"",""CostCenter"":""cc-3110"",""Owner"":""team-platform""}"
Microsoft Azure,Microsoft,Microsoft Azure,INV-2026-05-000002,8a1b2c3d-0000-4a00-9000-000000000002,ExampleCorp MCA - Secondary,Microsoft Customer Agreement,11111111-1111-4111-8111-111111111111,prod-platform,Subscription,2026-05-01T00:00:00Z,2026-06-01T00:00:00Z,2026-05-19T02:00:00Z,2026-05-19T03:00:00Z,Purchase,,"Reservation commitment, amortised for the charge period",Recurring,0.128064,0,0.128064,0.128064,0.1280640000,0.1280640000,Standard,1,Hours,USD,0.1280640000,0,0.1280640000,USD,,,Virtual Machines,Compute,Virtual Machines,AZ-COMMIT-9793a8,Commitment,AZSP-7b1ce7d4,"{""x_Term"":""P1Y"",""x_PaymentOption"":""NoUpfront""}",/subscriptions/11111111-1111-4111-8111-111111111111/providers/Microsoft.BillingBenefits/reservations/bd52b6dfc9e3,reservations-ba2f60cbdb,Reservation,westeurope,West Europe,,/subscriptions/11111111-1111-4111-8111-111111111111/providers/Microsoft.BillingBenefits/reservations/bd52b6dfc9e3,AzureReservation-1yr-NoUpfront,Usage,Reservation,,1,Hours,,,"{""Environment"":""staging"",""CostCenter"":""cc-3110"",""Owner"":""team-platform""}"
Microsoft Azure,Microsoft,Microsoft Azure,INV-2026-05-000002,8a1b2c3d-0000-4a00-9000-000000000002,ExampleCorp MCA - Secondary,Microsoft Customer Agreement,11111111-1111-4111-8111-111111111111,prod-platform,Subscription,2026-05-01T00:00:00Z,2026-06-01T00:00:00Z,2026-05-19T02:00:00Z,2026-05-19T03:00:00Z,Usage,,Virtual Machines committed usage,Usage-Based,0,0.128064,0.192,0.1728,0.1920000000,0.1728000000,Committed,1,Hours,USD,0.1728000000,0.128064,0.1920000000,USD,1,Hours,Virtual Machines,Compute,Virtual Machines,AZ-VIRT-7df76d,Compute,AZSP-17bf7b5b,"{""InstanceType"":""Standard_D4s_v5"",""InstanceSeries"":""Ddsv5"",""CoreCount"":4,""MemorySize"":16,""OperatingSystem"":""Linux"",""x_Tenancy"":""Shared""}",/subscriptions/11111111-1111-4111-8111-111111111111/resourceGroups/rg-prod-platform/providers/Microsoft.Compute/virtualMachines/vm-000143070d,vm-000143070d,Virtual Machine,westeurope,West Europe,westeurope-1,/subscriptions/11111111-1111-4111-8111-111111111111/providers/Microsoft.BillingBenefits/reservations/bd52b6dfc9e3,AzureReservation-1yr-NoUpfront,Usage,Reservation,Used,1,Hours,,,"{""Environment"":""prod"",""CostCenter"":""cc-1042"",""Owner"":""team-data""}"
Microsoft Azure,Microsoft,Microsoft Azure,INV-2026-05-000002,8a1b2c3d-0000-4a00-9000-000000000002,ExampleCorp MCA - Secondary,Microsoft Customer Agreement,11111111-1111-4111-8111-111111111111,prod-platform,Subscription,2026-05-01T00:00:00Z,2026-06-01T00:00:00Z,2026-05-19T03:00:00Z,2026-05-19T04:00:00Z,Purchase,,"Reservation commitment, amortised for the charge period",Recurring,0.128064,0,0.128064,0.128064,0.1280640000,0.1280640000,Standard,1,Hours,USD,0.1280640000,0,0.1280640000,USD,,,Virtual Machines,Compute,Virtual Machines,AZ-COMMIT-9793a8,Commitment,AZSP-7b1ce7d4,"{""x_Term"":""P1Y"",""x_PaymentOption"":""NoUpfront""}",/subscriptions/11111111-1111-4111-8111-111111111111/providers/Microsoft.BillingBenefits/reservations/bd52b6dfc9e3,reservations-ba2f60cbdb,Reservation,westeurope,West Europe,,/subscriptions/11111111-1111-4111-8111-111111111111/providers/Microsoft.BillingBenefits/reservations/bd52b6dfc9e3,AzureReservation-1yr-NoUpfront,Usage,Reservation,,1,Hours,,,"{""Environment"":""staging"",""CostCenter"":""cc-2087"",""Owner"":""team-platform""}"
Microsoft Azure,Microsoft,Microsoft Azure,INV-2026-05-000002,8a1b2c3d-0000-4a00-9000-000000000002,ExampleCorp MCA - Secondary,Microsoft Customer Agreement,11111111-1111-4111-8111-111111111111,prod-platform,Subscription,2026-05-01T00:00:00Z,2026-06-01T00:00:00Z,2026-05-19T03:00:00Z,2026-05-19T04:00:00Z,Usage,,Virtual Machines committed usage,Usage-Based,0,0.128064,0.192,0.1728,0.1920000000,0.1728000000,Committed,1,Hours,USD,0.1728000000,0.128064,0.1920000000,USD,1,Hours,Virtual Machines,Compute,Virtual Machines,AZ-VIRT-13bc9a,Compute,AZSP-2dbbffcc,"{""InstanceType"":""Standard_D4s_v5"",""InstanceSeries"":""Ddsv5"",""CoreCount"":4,""MemorySize"":16,""OperatingSystem"":""Linux"",""x_Tenancy"":""Shared""}",/subscriptions/11111111-1111-4111-8111-111111111111/resourceGroups/rg-prod-platform/providers/Microsoft.Compute/virtualMachines/vm-000269cc35,vm-000269cc35,Virtual Machine,westeurope,West Europe,westeurope-1,/subscriptions/11111111-1111-4111-8111-111111111111/providers/Microsoft.BillingBenefits/reservations/bd52b6dfc9e3,AzureReservation-1yr-NoUpfront,Usage,Reservation,Used,1,Hours,,,"{""Environment"":""dev"",""CostCenter"":""cc-3110"",""Owner"":""team-payments""}"
Microsoft Azure,Microsoft,Microsoft Azure,INV-2026-05-000002,8a1b2c3d-0000-4a00-9000-000000000002,ExampleCorp MCA - Secondary,Microsoft Customer Agreement,11111111-1111-4111-8111-111111111111,prod-platform,Subscription,2026-05-01T00:00:00Z,2026-06-01T00:00:00Z,2026-05-19T04:00:00Z,2026-05-19T05:00:00Z,Purchase,,"Reservation commitment, amortised for the charge period",Recurring,0.128064,0,0.128064,0.128064,0.1280640000,0.1280640000,Standard,1,Hours,USD,0.1280640000,0,0.1280640000,USD,,,Virtual Machines,Compute,Virtual Machines,AZ-COMMIT-9793a8,Commitment,AZSP-7b1ce7d4,"{""x_Term"":""P1Y"",""x_PaymentOption"":""NoUpfront""}",/subscriptions/11111111-1111-4111-8111-111111111111/providers/Microsoft.BillingBenefits/reservations/bd52b6dfc9e3,reservations-ba2f60cbdb,Reservation,westeurope,West Europe,,/subscriptions/11111111-1111-4111-8111-111111111111/providers/Microsoft.BillingBenefits/reservations/bd52b6dfc9e3,AzureReservation-1yr-NoUpfront,Usage,Reservation,,1,Hours,,,"{""Environment"":""dev"",""CostCenter"":""cc-3110"",""Owner"":""team-payments""}"
Microsoft Azure,Microsoft,Microsoft Azure,INV-2026-05-000002,8a1b2c3d-0000-4a00-9000-000000000002,ExampleCorp MCA - Secondary,Microsoft Customer Agreement,11111111-1111-4111-8111-111111111111,prod-platform,Subscription,2026-05-01T00:00:00Z,2026-06-01T00:00:00Z,2026-05-19T04:00:00Z,2026-05-19T05:00:00Z,Usage,,Virtual Machines committed usage,Usage-Based,0,0.128064,0.192,0.1728,0.1920000000,0.1728000000,Committed,1,Hours,USD,0.1728000000,0.128064,0.1920000000,USD,1,Hours,Virtual Machines,Compute,Virtual Machines,AZ-VIRT-d06391,Compute,AZSP-ec2600d2,"{""InstanceType"":""Standard_D4s_v5"",""InstanceSeries"":""Ddsv5"",""CoreCount"":4,""MemorySize"":16,""OperatingSystem"":""Linux"",""x_Tenancy"":""Shared""}",/subscriptions/11111111-1111-4111-8111-111111111111/resourceGroups/rg-prod-platform/providers/Microsoft.Compute/virtualMachines/vm-0003974e5c,vm-0003974e5c,Virtual Machine,westeurope,West Europe,westeurope-1,/subscriptions/11111111-1111-4111-8111-111111111111/providers/Microsoft.BillingBenefits/reservations/bd52b6dfc9e3,AzureReservation-1yr-NoUpfront,Usage,Reservation,Used,1,Hours,,,"{""Environment"":""staging"",""CostCenter"":""cc-2087"",""Owner"":""team-data""}"
Microsoft Azure,Microsoft,Microsoft Azure,INV-2026-05-000002,8a1b2c3d-0000-4a00-9000-000000000002,ExampleCorp MCA - Secondary,Microsoft Customer Agreement,11111111-1111-4111-8111-111111111111,prod-platform,Subscription,2026-05-01T00:00:00Z,2026-06-01T00:00:00Z,2026-05-19T05:00:00Z,2026-05-19T06:00:00Z,Purchase,,"Reservation commitment, amortised for the charge period",Recurring,0.128064,0,0.128064,0.128064,0.1280640000,0.1280640000,Standard,1,Hours,USD,0.1280640000,0,0.1280640000,USD,,,Virtual Machines,Compute,Virtual Machines,AZ-COMMIT-9793a8,Commitment,AZSP-7b1ce7d4,"{""x_Term"":""P1Y"",""x_PaymentOption"":""NoUpfront""}",/subscriptions/11111111-1111-4111-8111-111111111111/providers/Microsoft.BillingBenefits/reservations/bd52b6dfc9e3,reservations-ba2f60cbdb,Reservation,westeurope,West Europe,,/subscriptions/11111111-1111-4111-8111-111111111111/providers/Microsoft.BillingBenefits/reservations/bd52b6dfc9e3,AzureReservation-1yr-NoUpfront,Usage,Reservation,,1,Hours,,,"{""Environment"":""prod"",""CostCenter"":""cc-2087"",""Owner"":""team-data""}"
Microsoft Azure,Microsoft,Microsoft Azure,INV-2026-05-000002,8a1b2c3d-0000-4a00-9000-000000000002,ExampleCorp MCA - Secondary,Microsoft Customer Agreement,11111111-1111-4111-8111-111111111111,prod-platform,Subscription,2026-05-01T00:00:00Z,2026-06-01T00:00:00Z,2026-05-19T05:00:00Z,2026-05-19T06:00:00Z,Usage,,Virtual Machines committed usage,Usage-Based,0,0.128064,0.192,0.1728,0.1920000000,0.1728000000,Committed,1,Hours,USD,0.1728000000,0.128064,0.1920000000,USD,1,Hours,Virtual Machines,Compute,Virtual Machines,AZ-VIRT-3c5ec1,Compute,AZSP-f63e4307,"{""InstanceType"":""Standard_D4s_v5"",""InstanceSeries"":""Ddsv5"",""CoreCount"":4,""MemorySize"":16,""OperatingSystem"":""Linux"",""x_Tenancy"":""Shared""}",/subscriptions/11111111-1111-4111-8111-111111111111/resourceGroups/rg-prod-platform/providers/Microsoft.Compute/virtualMachines/vm-0004354ca5,vm-0004354ca5,Virtual Machine,westeurope,West Europe,westeurope-1,/subscriptions/11111111-1111-4111-8111-111111111111/providers/Microsoft.BillingBenefits/reservations/bd52b6dfc9e3,AzureReservation-1yr-NoUpfront,Usage,Reservation,Used,1,Hours,,,"{""Environment"":""staging"",""CostCenter"":""cc-2087"",""Owner"":""team-platform""}"
Microsoft Azure,Microsoft,Microsoft Azure,INV-2026-05-000002,8a1b2c3d-0000-4a00-9000-000000000002,ExampleCorp MCA - Secondary,Microsoft Customer Agreement,11111111-1111-4111-8111-111111111111,prod-platform,Subscription,2026-05-01T00:00:00Z,2026-06-01T00:00:00Z,2026-05-19T06:00:00Z,2026-05-19T07:00:00Z,Purchase,,"Reservation commitment, amortised for the charge period",Recurring,0.128064,0,0.128064,0.128064,0.1280640000,0.1280640000,Standard,1,Hours,USD,0.1280640000,0,0.1280640000,USD,,,Virtual Machines,Compute,Virtual Machines,AZ-COMMIT-9793a8,Commitment,AZSP-7b1ce7d4,"{""x_Term"":""P1Y"",""x_PaymentOption"":""NoUpfront""}",/subscriptions/11111111-1111-4111-8111-111111111111/providers/Microsoft.BillingBenefits/reservations/bd52b6dfc9e3,reservations-ba2f60cbdb,Reservation,westeurope,West Europe,,/subscriptions/11111111-1111-4111-8111-111111111111/providers/Microsoft.BillingBenefits/reservations/bd52b6dfc9e3,AzureReservation-1yr-NoUpfront,Usage,Reservation,,1,Hours,,,"{""Environment"":""prod"",""CostCenter"":""cc-3110"",""Owner"":""team-data""}"
Microsoft Azure,Microsoft,Microsoft Azure,INV-2026-05-000002,8a1b2c3d-0000-4a00-9000-000000000002,ExampleCorp MCA - Secondary,Microsoft Customer Agreement,11111111-1111-4111-8111-111111111111,prod-platform,Subscription,2026-05-01T00:00:00Z,2026-06-01T00:00:00Z,2026-05-19T06:00:00Z,2026-05-19T07:00:00Z,Usage,,Virtual Machines committed usage,Usage-Based,0,0.128064,0.192,0.1728,0.1920000000,0.1728000000,Committed,1,Hours,USD,0.1728000000,0.128064,0.1920000000,USD,1,Hours,Virtual Machines,Compute,Virtual Machines,AZ-VIRT-4e995b,Compute,AZSP-6b8dbe84,"{""InstanceType"":""Standard_D4s_v5"",""InstanceSeries"":""Ddsv5"",""CoreCount"":4,""MemorySize"":16,""OperatingSystem"":""Linux"",""x_Tenancy"":""Shared""}",/subscriptions/11111111-1111-4111-8111-111111111111/resourceGroups/rg-prod-platform/providers/Microsoft.Compute/virtualMachines/vm-0005e9ac52,vm-0005e9ac52,Virtual Machine,westeurope,West Europe,westeurope-1,/subscriptions/11111111-1111-4111-8111-111111111111/providers/Microsoft.BillingBenefits/reservations/bd52b6dfc9e3,AzureReservation-1yr-NoUpfront,Usage,Reservation,Used,1,Hours,,,"{""Environment"":""prod"",""CostCenter"":""cc-3110"",""Owner"":""team-payments""}"
Microsoft Azure,Microsoft,Microsoft Azure,INV-2026-05-000002,8a1b2c3d-0000-4a00-9000-000000000002,ExampleCorp MCA - Secondary,Microsoft Customer Agreement,11111111-1111-4111-8111-111111111111,prod-platform,Subscription,2026-05-01T00:00:00Z,2026-06-01T00:00:00Z,2026-05-19T07:00:00Z,2026-05-19T08:00:00Z,Purchase,,"Reservation commitment, amortised for the charge period",Recurring,0.128064,0,0.128064,0.128064,0.1280640000,0.1280640000,Standard,1,Hours,USD,0.1280640000,0,0.1280640000,USD,,,Virtual Machines,Compute,Virtual Machines,AZ-COMMIT-9793a8,Commitment,AZSP-7b1ce7d4,"{""x_Term"":""P1Y"",""x_PaymentOption"":""NoUpfront""}",/subscriptions/11111111-1111-4111-8111-111111111111/providers/Microsoft.BillingBenefits/reservations/bd52b6dfc9e3,reservations-ba2f60cbdb,Reservation,westeurope,West Europe,,/subscriptions/11111111-1111-4111-8111-111111111111/providers/Microsoft.BillingBenefits/reservations/bd52b6dfc9e3,AzureReservation-1yr-NoUpfront,Usage,Reservation,,1,Hours,,,"{""Environment"":""prod"",""CostCenter"":""cc-3110"",""Owner"":""team-payments""}"
Microsoft Azure,Microsoft,Microsoft Azure,INV-2026-05-000002,8a1b2c3d-0000-4a00-9000-000000000002,ExampleCorp MCA - Secondary,Microsoft Customer Agreement,11111111-1111-4111-8111-111111111111,prod-platform,Subscription,2026-05-01T00:00:00Z,2026-06-01T00:00:00Z,2026-05-19T07:00:00Z,2026-05-19T08:00:00Z,Usage,,Virtual Machines committed usage,Usage-Based,0,0.128064,0.192,0.1728,0.1920000000,0.1728000000,Committed,1,Hours,USD,0.1728000000,0.128064,0.1920000000,USD,1,Hours,Virtual Machines,Compute,Virtual Machines,AZ-VIRT-22dc3f,Compute,AZSP-0a329a7d,"{""InstanceType"":""Standard_D4s_v5"",""InstanceSeries"":""Ddsv5"",""CoreCount"":4,""MemorySize"":16,""OperatingSystem"":""Linux"",""x_Tenancy"":""Shared""}",/subscriptions/11111111-1111-4111-8111-111111111111/resourceGroups/rg-prod-platform/providers/Microsoft.Compute/virtualMachines/vm-0006c32d4f,vm-0006c32d4f,Virtual Machine,westeurope,West Europe,westeurope-1,/subscriptions/11111111-1111-4111-8111-111111111111/providers/Microsoft.BillingBenefits/reservations/bd52b6dfc9e3,AzureReservation-1yr-NoUpfront,Usage,Reservation,Used,1,Hours,,,"{""Environment"":""prod"",""CostCenter"":""cc-1042"",""Owner"":""team-platform""}"
Microsoft Azure,Microsoft,Microsoft Azure,INV-2026-05-000002,8a1b2c3d-0000-4a00-9000-000000000002,ExampleCorp MCA - Secondary,Microsoft Customer Agreement,11111111-1111-4111-8111-111111111111,prod-platform,Subscription,2026-05-01T00:00:00Z,2026-06-01T00:00:00Z,2026-05-19T08:00:00Z,2026-05-19T09:00:00Z,Purchase,,"Reservation commitment, amortised for the charge period",Recurring,0.128064,0,0.128064,0.128064,0.1280640000,0.1280640000,Standard,1,Hours,USD,0.1280640000,0,0.1280640000,USD,,,Virtual Machines,Compute,Virtual Machines,AZ-COMMIT-9793a8,Commitment,AZSP-7b1ce7d4,"{""x_Term"":""P1Y"",""x_PaymentOption"":""NoUpfront""}",/subscriptions/11111111-1111-4111-8111-111111111111/providers/Microsoft.BillingBenefits/reservations/bd52b6dfc9e3,reservations-ba2f60cbdb,Reservation,westeurope,West Europe,,/subscriptions/11111111-1111-4111-8111-111111111111/providers/Microsoft.BillingBenefits/reservations/bd52b6dfc9e3,AzureReservation-1yr-NoUpfront,Usage,Reservation,,1,Hours,,,"{""Environment"":""staging"",""CostCenter"":""cc-3110"",""Owner"":""team-platform""}"
Microsoft Azure,Microsoft,Microsoft Azure,INV-2026-05-000002,8a1b2c3d-0000-4a00-9000-000000000002,ExampleCorp MCA - Secondary,Microsoft Customer Agreement,11111111-1111-4111-8111-111111111111,prod-platform,Subscription,2026-05-01T00:00:00Z,2026-06-01T00:00:00Z,2026-05-19T08:00:00Z,2026-05-19T09:00:00Z,Usage,,Virtual Machines committed usage,Usage-Based,0,0.128064,0.192,0.1728,0.1920000000,0.1728000000,Committed,1,Hours,USD,0.1728000000,0.128064,0.1920000000,USD,1,Hours,Virtual Machines,Compute,Virtual Machines,AZ-VIRT-af1dac,Compute,AZSP-0226a888,"{""InstanceType"":""Standard_D4s_v5"",""InstanceSeries"":""Ddsv5"",""CoreCount"":4,""MemorySize"":16,""OperatingSystem"":""Linux"",""x_Tenancy"":""Shared""}",/subscriptions/11111111-1111-4111-8111-111111111111/resourceGroups/rg-prod-platform/providers/Microsoft.Compute/virtualMachines/vm-0007818bd6,vm-0007818bd6,Virtual Machine,westeurope,West Europe,westeurope-1,/subscriptions/11111111-1111-4111-8111-111111111111/providers/Microsoft.BillingBenefits/reservations/bd52b6dfc9e3,AzureReservation-1yr-NoUpfront,Usage,Reservation,Used,1,Hours,,,"{""Environment"":""staging"",""CostCenter"":""cc-2087"",""Owner"":""team-payments""}"
Microsoft Azure,Microsoft,Microsoft Azure,INV-2026-05-000002,8a1b2c3d-0000-4a00-9000-000000000002,ExampleCorp MCA - Secondary,Microsoft Customer Agreement,11111111-1111-4111-8111-111111111111,prod-platform,Subscription,2026-05-01T00:00:00Z,2026-06-01T00:00:00Z,2026-05-19T09:00:00Z,2026-05-19T10:00:00Z,Purchase,,"Reservation commitment, amortised for the charge period",Recurring,0.128064,0,0.128064,0.128064,0.1280640000,0.1280640000,Standard,1,Hours,USD,0.1280640000,0,0.1280640000,USD,,,Virtual Machines,Compute,Virtual Machines,AZ-COMMIT-9793a8,Commitment,AZSP-7b1ce7d4,"{""x_Term"":""P1Y"",""x_PaymentOption"":""NoUpfront""}",/subscriptions/11111111-1111-4111-8111-111111111111/providers/Microsoft.BillingBenefits/reservations/bd52b6dfc9e3,reservations-ba2f60cbdb,Reservation,westeurope,West Europe,,/subscriptions/11111111-1111-4111-8111-111111111111/providers/Microsoft.BillingBenefits/reservations/bd52b6dfc9e3,AzureReservation-1yr-NoUpfront,Usage,Reservation,,1,Hours,,,"{""Environment"":""dev"",""CostCenter"":""cc-3110"",""Owner"":""team-data""}"
Microsoft Azure,Microsoft,Microsoft Azure,INV-2026-05-000002,8a1b2c3d-0000-4a00-9000-000000000002,ExampleCorp MCA - Secondary,Microsoft Customer Agreement,11111111-1111-4111-8111-111111111111,prod-platform,Subscription,2026-05-01T00:00:00Z,2026-06-01T00:00:00Z,2026-05-19T09:00:00Z,2026-05-19T10:00:00Z,Usage,,Virtual Machines committed usage,Usage-Based,0,0.128064,0.192,0.1728,0.1920000000,0.1728000000,Committed,1,Hours,USD,0.1728000000,0.128064,0.1920000000,USD,1,Hours,Virtual Machines,Compute,Virtual Machines,AZ-VIRT-5acceb,Compute,AZSP-f163bd1d,"{""InstanceType"":""Standard_D4s_v5"",""InstanceSeries"":""Ddsv5"",""CoreCount"":4,""MemorySize"":16,""OperatingSystem"":""Linux"",""x_Tenancy"":""Shared""}",/subscriptions/11111111-1111-4111-8111-111111111111/resourceGroups/rg-prod-platform/providers/Microsoft.Compute/virtualMachines/vm-000805baba,vm-000805baba,Virtual Machine,westeurope,West Europe,westeurope-1,/subscriptions/11111111-1111-4111-8111-111111111111/providers/Microsoft.BillingBenefits/reservations/bd52b6dfc9e3,AzureReservation-1yr-NoUpfront,Usage,Reservation,Used,1,Hours,,,"{""Environment"":""staging"",""CostCenter"":""cc-2087"",""Owner"":""team-payments""}"
Microsoft Azure,Microsoft,Microsoft Azure,INV-2026-05-000002,8a1b2c3d-0000-4a00-9000-000000000002,ExampleCorp MCA - Secondary,Microsoft Customer Agreement,11111111-1111-4111-8111-111111111111,prod-platform,Subscription,2026-05-01T00:00:00Z,2026-06-01T00:00:00Z,2026-05-19T10:00:00Z,2026-05-19T11:00:00Z,Purchase,,"Reservation commitment, amortised for the charge period",Recurring,0.128064,0,0.128064,0.128064,0.1280640000,0.1280640000,Standard,1,Hours,USD,0.1280640000,0,0.1280640000,USD,,,Virtual Machines,Compute,Virtual Machines,AZ-COMMIT-9793a8,Commitment,AZSP-7b1ce7d4,"{""x_Term"":""P1Y"",""x_PaymentOption"":""NoUpfront""}",/subscriptions/11111111-1111-4111-8111-111111111111/providers/Microsoft.BillingBenefits/reservations/bd52b6dfc9e3,reservations-ba2f60cbdb,Reservation,westeurope,West Europe,,/subscriptions/11111111-1111-4111-8111-111111111111/providers/Microsoft.BillingBenefits/reservations/bd52b6dfc9e3,AzureReservation-1yr-NoUpfront,Usage,Reservation,,1,Hours,,,"{""Environment"":""prod"",""CostCenter"":""cc-1042"",""Owner"":""team-platform""}"
Microsoft Azure,Microsoft,Microsoft Azure,INV-2026-05-000002,8a1b2c3d-0000-4a00-9000-000000000002,ExampleCorp MCA - Secondary,Microsoft Customer Agreement,11111111-1111-4111-8111-111111111111,prod-platform,Subscription,2026-05-01T00:00:00Z,2026-06-01T00:00:00Z,2026-05-19T10:00:00Z,2026-05-19T11:00:00Z,Usage,,Reservation unused commitment,Usage-Based,0,0.128064,0.128064,0.128064,0.1280640000,0.1280640000,Committed,1,Hours,USD,0.1280640000,0.128064,0.1280640000,USD,,,Virtual Machines,Compute,Virtual Machines,AZ-COMMIT-9793a8,Commitment,AZSP-7b1ce7d4,"{""x_Term"":""P1Y"",""x_PaymentOption"":""NoUpfront""}",/subscriptions/11111111-1111-4111-8111-111111111111/providers/Microsoft.BillingBenefits/reservations/bd52b6dfc9e3,reservations-ba2f60cbdb,Reservation,westeurope,West Europe,,/subscriptions/11111111-1111-4111-8111-111111111111/providers/Microsoft.BillingBenefits/reservations/bd52b6dfc9e3,AzureReservation-1yr-NoUpfront,Usage,Reservation,Unused,1,Hours,,,"{""Environment"":""prod"",""CostCenter"":""cc-1042"",""Owner"":""team-payments""}"
Microsoft Azure,Microsoft,Microsoft Azure,INV-2026-05-000002,8a1b2c3d-0000-4a00-9000-000000000002,ExampleCorp MCA - Secondary,Microsoft Customer Agreement,11111111-1111-4111-8111-111111111111,prod-platform,Subscription,2026-05-01T00:00:00Z,2026-06-01T00:00:00Z,2026-05-19T11:00:00Z,2026-05-19T12:00:00Z,Purchase,,"Reservation commitment, amortised for the charge period",Recurring,0.128064,0,0.128064,0.128064,0.1280640000,0.1280640000,Standard,1,Hours,USD,0.1280640000,0,0.1280640000,USD,,,Virtual Machines,Compute,Virtual Machines,AZ-COMMIT-9793a8,Commitment,AZSP-7b1ce7d4,"{""x_Term"":""P1Y"",""x_PaymentOption"":""NoUpfront""}",/subscriptions/11111111-1111-4111-8111-111111111111/providers/Microsoft.BillingBenefits/reservations/bd52b6dfc9e3,reservations-ba2f60cbdb,Reservation,westeurope,West Europe,,/subscriptions/11111111-1111-4111-8111-111111111111/providers/Microsoft.BillingBenefits/reservations/bd52b6dfc9e3,AzureReservation-1yr-NoUpfront,Usage,Reservation,,1,Hours,,,"{""Environment"":""staging"",""CostCenter"":""cc-3110"",""Owner"":""team-data""}"
Microsoft Azure,Microsoft,Microsoft Azure,INV-2026-05-000002,8a1b2c3d-0000-4a00-9000-000000000002,ExampleCorp MCA - Secondary,Microsoft Customer Agreement,11111111-1111-4111-8111-111111111111,prod-platform,Subscription,2026-05-01T00:00:00Z,2026-06-01T00:00:00Z,2026-05-19T11:00:00Z,2026-05-19T12:00:00Z,Usage,,Reservation unused commitment,Usage-Based,0,0.128064,0.128064,0.128064,0.1280640000,0.1280640000,Committed,1,Hours,USD,0.1280640000,0.128064,0.1280640000,USD,,,Virtual Machines,Compute,Virtual Machines,AZ-COMMIT-9793a8,Commitment,AZSP-7b1ce7d4,"{""x_Term"":""P1Y"",""x_PaymentOption"":""NoUpfront""}",/subscriptions/11111111-1111-4111-8111-111111111111/providers/Microsoft.BillingBenefits/reservations/bd52b6dfc9e3,reservations-ba2f60cbdb,Reservation,westeurope,West Europe,,/subscriptions/11111111-1111-4111-8111-111111111111/providers/Microsoft.BillingBenefits/reservations/bd52b6dfc9e3,AzureReservation-1yr-NoUpfront,Usage,Reservation,Unused,1,Hours,,,"{""Environment"":""dev"",""CostCenter"":""cc-3110"",""Owner"":""team-payments""}"
Microsoft Azure,Microsoft,Microsoft Azure,INV-2026-05-000002,8a1b2c3d-0000-4a00-9000-000000000002,ExampleCorp MCA - Secondary,Microsoft Customer Agreement,33333333-3333-4333-8333-333333333333,data-analytics,Subscription,2026-05-01T00:00:00Z,2026-06-01T00:00:00Z,2026-05-19T23:00:00Z,2026-05-20T00:00:00Z,Usage,,General Purpose 4 vCore,Usage-Based,0.4490247925,0.4490247925,0.4989164361,0.4490247925,0.4989164361,0.4490247925,Standard,1.0000,Hours,USD,0.4490247925,0.4490247925,0.4989164361,USD,1.0000,Hours,Azure SQL Database,Databases,Relational Databases,AZ-AZUR-72ff38,Database,AZSP-1dfcfdc8,"{""InstanceType"":""GP_Gen5_4"",""CoreCount"":4,""MemorySize"":20,""x_Engine"":""SQLServer""}",/subscriptions/33333333-3333-4333-8333-333333333333/resourceGroups/rg-data-analytics/providers/Microsoft.Sql/servers/databases/sqldb-c89006d8,sqldb-c89006d8,SQL Database,westus2,West US 2,,,,,,,,,,,"{""Environment"":""dev"",""CostCenter"":""cc-3110"",""Owner"":""team-data""}"
Microsoft Azure,Microsoft,Microsoft Azure,INV-2026-05-000002,8a1b2c3d-0000-4a00-9000-000000000002,ExampleCorp MCA - Secondary,Microsoft Customer Agreement,22222222-2222-4222-8222-222222222222,staging-platform,Subscription,2026-05-01T00:00:00Z,2026-06-01T00:00:00Z,2026-05-20T00:00:00Z,2026-05-20T01:00:00Z,Usage,,Standard_D4s_v5 instance,Usage-Based,0.1715901501,0.1715901501,0.1906557223,0.1715901501,0.1906557223,0.1715901501,Standard,1.0000,Hours,USD,0.1715901501,0.1715901501,0.1906557223,USD,1.0000,Hours,Virtual Machines,Compute,Virtual Machines,AZ-VIRT-c84007,Compute,AZSP-c01aa62e,"{""InstanceType"":""Standard_D4s_v5"",""InstanceSeries"":""Ddsv5"",""CoreCount"":4,""MemorySize"":16,""OperatingSystem"":""Linux"",""x_Tenancy"":""Shared""}",/subscriptions/22222222-2222-4222-8222-222222222222/resourceGroups/rg-staging-platform/providers/Microsoft.Compute/virtualMachines/vm-19dd6bcb,vm-19dd6bcb,Virtual Machine,southeastasia,Southeast Asia,southeastasia-2,,,,,,,,,,"{""Environment"":""dev"",""CostCenter"":""cc-1042"",""Owner"":""team-payments""}"
Microsoft Azure,Microsoft,Microsoft Azure,INV-2026-05-000002,8a1b2c3d-0000-4a00-9000-000000000002,ExampleCorp MCA - Secondary,Microsoft Customer Agreement,33333333-3333-4333-8333-333333333333,data-analytics,Subscription,2026-05-01T00:00:00Z,2026-06-01T00:00:00Z,2026-05-10T00:00:00Z,2026-05-11T00:00:00Z,Tax,,Tax for Azure Blob Storage,One-Time,39.612210,39.612210,39.612210,39.612210,,,,,,,,,,USD,,,Azure Blob Storage,Storage,Object Storage,,,,,,,,,,,,,,,,,,,,"{""Environment"":""staging"",""CostCenter"":""cc-2087"",""Owner"":""team-data""}"
Microsoft Azure,Microsoft,Microsoft Azure,INV-2026-05-000001,8a1b2c3d-0000-4a00-9000-000000000001,ExampleCorp MCA - Primary,Microsoft Customer Agreement,44444444-4444-4444-8444-444444444444,sandbox-dev,Subscription,2026-05-01T00:00:00Z,2026-06-01T00:00:00Z,2026-05-01T00:00:00Z,2026-06-01T00:00:00Z,Usage,,Hot LRS data stored,Usage-Based,101.90499133045966,101.90499133045966,113.22776787676676,101.90499133045966,0.0187642154,0.0168877939,Standard,6034.2394,GB-Months,USD,0.0168877939,101.90499133045966,0.0187642154,USD,6034.2394,GB-Months,Azure Blob Storage,Storage,Object Storage,AZ-AZUR-44ee53,Storage,AZSP-044fd45a,"{""x_StorageClass"":""Hot"",""x_Redundancy"":""LRS""}",/subscriptions/44444444-4444-4444-8444-444444444444/resourceGroups/rg-sandbox-dev/providers/Microsoft.Storage/storageAccounts/storc9c9e17c,storc9c9e17c,Storage Account,southeastasia,Southeast Asia,,,,,,,,,,,"{""Environment"":""prod"",""CostCenter"":""cc-1042"",""Owner"":""team-data""}"
Microsoft Azure,Microsoft,Microsoft Azure,INV-2026-05-000002,8a1b2c3d-0000-4a00-9000-000000000002,ExampleCorp MCA - Secondary,Microsoft Customer Agreement,22222222-2222-4222-8222-222222222222,staging-platform,Subscription,2026-05-01T00:00:00Z,2026-06-01T00:00:00Z,2026-05-20T03:00:00Z,2026-05-20T04:00:00Z,Usage,,Standard_D4s_v5 instance,Usage-Based,0.172326786,0.172326786,0.1914742067,0.172326786,0.1914742067,0.1723267860,Standard,1.0000,Hours,USD,0.1723267860,0.172326786,0.1914742067,USD,1.0000,Hours,Virtual Machines,Compute,Virtual Machines,AZ-VIRT-d743e7,Compute,AZSP-04477977,"{""InstanceType"":""Standard_D4s_v5"",""InstanceSeries"":""Ddsv5"",""CoreCount"":4,""MemorySize"":16,""OperatingSystem"":""Linux"",""x_Tenancy"":""Shared""}",/subscriptions/22222222-2222-4222-8222-222222222222/resourceGroups/rg-staging-platform/providers/Microsoft.Compute/virtualMachines/vm-a18f1372,vm-a18f1372,Virtual Machine,eastus,East US,eastus-1,,,,,,,,,,"{""Environment"":""dev"",""CostCenter"":""cc-2087"",""Owner"":""team-platform""}"
Microsoft Azure,Microsoft,Microsoft Azure,INV-2026-05-000002,8a1b2c3d-0000-4a00-9000-000000000002,ExampleCorp MCA - Secondary,Microsoft Customer Agreement,44444444-4444-4444-8444-444444444444,sandbox-dev,Subscription,2026-05-01T00:00:00Z,2026-06-01T00:00:00Z,2026-05-20T04:00:00Z,2026-05-20T05:00:00Z,Usage,,Provisioned throughput,Usage-Based,0.0070904231,0.0070904231,0.0078782479,0.0070904231,0.0078782479,0.0070904231,Standard,1.0000,Hours,USD,0.0070904231,0.0070904231,0.0078782479,USD,1.0000,Hours,Azure Cosmos DB,Databases,NoSQL Databases,AZ-AZUR-811640,Database,AZSP-8a574407,"{""x_CapacityMode"":""Provisioned""}",/subscriptions/44444444-4444-4444-8444-444444444444/resourceGroups/rg-sandbox-dev/providers/Microsoft.DocumentDB/databaseAccounts/cosmos-0fe4ddbd,cosmos-0fe4ddbd,Cosmos DB Account,eastus,East US,,,,,,,,,,,"{""Environment"":""prod"",""CostCenter"":""cc-2087"",""Owner"":""team-payments""}"
Microsoft Azure,Microsoft,Microsoft Azure,INV-2026-05-000001,8a1b2c3d-0000-4a00-9000-000000000001,ExampleCorp MCA - Primary,Microsoft Customer Agreement,11111111-1111-4111-8111-111111111111,prod-platform,Subscription,2026-05-01T00:00:00Z,2026-06-01T00:00:00Z,2026-05-20T05:00:00Z,2026-05-20T06:00:00Z,Usage,,Standard_D4s_v5 instance,Usage-Based,0.1709892785,0.1709892785,0.1899880872,0.1709892785,0.1899880872,0.1709892785,Standard,1.0000,Hours,EUR,0.1573101362,0.15731013622,0.1747890402,USD,1.0000,Hours,Virtual Machines,Compute,Virtual Machines,AZ-VIRT-302e0a,Compute,AZSP-4188bfbb,"{""InstanceType"":""Standard_D4s_v5"",""InstanceSeries"":""Ddsv5"",""CoreCount"":4,""MemorySize"":16,""OperatingSystem"":""Linux"",""x_Tenancy"":""Shared""}",/subscriptions/11111111-1111-4111-8111-111111111111/resourceGroups/rg-prod-platform/providers/Microsoft.Compute/virtualMachines/vm-ff7a0d55,vm-ff7a0d55,Virtual Machine,westeurope,West Europe,westeurope-2,,,,,,,,,,"{""Environment"":""dev"",""CostCenter"":""cc-2087"",""Owner"":""team-platform""}"
Microsoft Azure,Microsoft,Microsoft Azure,INV-2026-05-000001,8a1b2c3d-0000-4a00-9000-000000000001,ExampleCorp MCA - Primary,Microsoft Customer Agreement,22222222-2222-4222-8222-222222222222,staging-platform,Subscription,2026-05-01T00:00:00Z,2026-06-01T00:00:00Z,2026-05-20T06:00:00Z,2026-05-20T07:00:00Z,Usage,,General Purpose 4 vCore,Usage-Based,0.4671319351,0.4671319351,0.5190354834,0.4671319351,0.5190354834,0.4671319351,Standard,1.0000,Hours,USD,0.4671319351,0.4671319351,0.5190354834,USD,1.0000,Hours,Azure SQL Database,Databases,Relational Databases,AZ-AZUR-ea38a1,Database,AZSP-174c2483,"{""InstanceType"":""GP_Gen5_4"",""CoreCount"":4,""MemorySize"":20,""x_Engine"":""SQLServer""}",/subscriptions/22222222-2222-4222-8222-222222222222/resourceGroups/rg-staging-platform/providers/Microsoft.Sql/servers/databases/sqldb-49cc6edb,sqldb-49cc6edb,SQL Database,eastus,East US,,,,,,,,,,,"{""Environment"":""dev"",""CostCenter"":""cc-2087"",""Owner"":""team-payments""}"
Microsoft Azure,Microsoft,Microsoft Azure,INV-2026-05-000002,8a1b2c3d-0000-4a00-9000-000000000002,ExampleCorp MCA - Secondary,Microsoft Customer Agreement,33333333-3333-4333-8333-333333333333,data-analytics,Subscription,2026-05-01T00:00:00Z,2026-06-01T00:00:00Z,2026-05-16T00:00:00Z,2026-05-17T00:00:00Z,Usage,,Log data ingested,Usage-Based,183.3582546089849,183.3582546089849,203.73139401395116,183.3582546089849,2.2819734406,2.0537760965,Standard,89.2786,GB,USD,2.0537760965,183.3582546089849,2.2819734406,USD,89.2786,GB,Azure Monitor,Management and Governance,Observability,AZ-AZUR-71e5c5,Monitoring,AZSP-a1e789ee,"{""x_DataType"":""Logs""}",/subscriptions/33333333-3333-4333-8333-333333333333/resourceGroups/rg-data-analytics/providers/Microsoft.OperationalInsights/workspaces/law-28d26b63,law-28d26b63,Log Analytics Workspace,westus2,West US 2,,,,,,,,,,,"{""Environment"":""prod"",""CostCenter"":""cc-1042"",""Owner"":""team-platform""}"
Microsoft Azure,Microsoft,Microsoft Azure,INV-2026-05-000002,8a1b2c3d-0000-4a00-9000-000000000002,ExampleCorp MCA - Secondary,Microsoft Customer Agreement,44444444-4444-4444-8444-444444444444,sandbox-dev,Subscription,2026-05-01T00:00:00Z,2026-06-01T00:00:00Z,2026-05-17T00:00:00Z,2026-05-18T00:00:00Z,Usage,,VNet peering data transfer,Usage-Based,44.27951444218115,44.27951444218115,49.19946038134096,44.27951444218115,0.0099418672,0.0089476805,Standard,4948.7143,GB,USD,0.0089476805,44.27951444218115,0.0099418672,USD,4948.7143,GB,Virtual Network,Networking,Network Connectivity,AZ-VIRT-64e495,Data Transfer,AZSP-f3c70f40,"{""x_TransferType"":""Peering""}",/subscriptions/44444444-4444-4444-8444-444444444444/resourceGroups/rg-sandbox-dev/providers/Microsoft.Network/virtualNetworks/vnet-5b6e8058,vnet-5b6e8058,Virtual Network,eastus,East US,,,,,,,,,,,"{""Environment"":""prod"",""CostCenter"":""cc-3110"",""Owner"":""team-data""}"
Microsoft Azure,Microsoft,Microsoft Azure,INV-2026-05-000002,8a1b2c3d-0000-4a00-9000-000000000002,ExampleCorp MCA - Secondary,Microsoft Customer Agreement,33333333-3333-4333-8333-333333333333,data-analytics,Subscription,2026-05-01T00:00:00Z,2026-06-01T00:00:00Z,2026-05-20T09:00:00Z,2026-05-20T10:00:00Z,Usage,,Function execution duration,Usage-Based,6.11532686115714,6.11532686115714,6.79479305831614,6.11532686115714,0.0000155503,0.0000139953,Standard,436955.7538,GB-Seconds,USD,0.0000139953,6.11532686115714,0.0000155503,USD,436955.7538,GB-Seconds,Azure Functions,Compute,Serverless Compute,AZ-AZUR-0dd8c2,Compute,AZSP-ededb17f,"{""x_Plan"":""Consumption"",""x_Runtime"":""dotnet8""}",/subscriptions/33333333-3333-4333-8333-333333333333/resourceGroups/rg-data-analytics/providers/Microsoft.Web/sites/func-3ce57463,func-3ce57463,Function App,southeastasia,Southeast Asia,,,,,,,,,,,"{""Environment"":""dev"",""CostCenter"":""cc-2087"",""Owner"":""team-platform""}"
Microsoft Azure,Microsoft,Microsoft Azure,INV-2026-05-000001,8a1b2c3d-0000-4a00-9000-000000000001,ExampleCorp MCA - Primary,Microsoft Customer Agreement,33333333-3333-4333-8333-333333333333,data-analytics,Subscription,2026-05-01T00:00:00Z,2026-06-01T00:00:00Z,2026-05-19T00:00:00Z,2026-05-20T00:00:00Z,Purchase,,Virtual Machines subscription fee,Recurring,145.280602,0,145.280602,145.280602,145.280602,145.280602,Standard,1,Units,USD,145.2806020000,0,145.2806020000,USD,,,Virtual Machines,Compute,Virtual Machines,AZ-VIRT-5fa371,Compute,AZSP-8f185f6f,"{""InstanceType"":""Standard_D4s_v5"",""InstanceSeries"":""Ddsv5"",""CoreCount"":4,""MemorySize"":16,""OperatingSystem"":""Linux"",""x_Tenancy"":""Shared""}",/subscriptions/33333333-3333-4333-8333-333333333333/resourceGroups/rg-data-analytics/providers/Microsoft.Compute/virtualMachines/vm-fb6685ef,vm-fb6685ef,Virtual Machine,southeastasia,Southeast Asia,,,,,,,,,,,"{""Environment"":""dev"",""CostCenter"":""cc-1042"",""Owner"":""team-data""}"
Microsoft Azure,Microsoft,Microsoft Azure,INV-2026-05-000002,8a1b2c3d-0000-4a00-9000-000000000002,ExampleCorp MCA - Secondary,Microsoft Customer Agreement,33333333-3333-4333-8333-333333333333,data-analytics,Subscription,2026-05-01T00:00:00Z,2026-06-01T00:00:00Z,2026-05-20T11:00:00Z,2026-05-20T12:00:00Z,Usage,,Provisioned throughput,Usage-Based,0.0072715514,0.0072715514,0.0080795015,0.0072715514,0.0080795015,0.0072715514,Standard,1.0000,Hours,USD,0.0072715514,0.0072715514,0.0080795015,USD,1.0000,Hours,Azure Cosmos DB,Databases,NoSQL Databases,AZ-AZUR-18801e,Database,AZSP-33f9ca10,"{""x_CapacityMode"":""Provisioned""}",/subscriptions/33333333-3333-4333-8333-333333333333/resourceGroups/rg-data-analytics/providers/Microsoft.DocumentDB/databaseAccounts/cosmos-75b3623a,cosmos-75b3623a,Cosmos DB Account,southeastasia,Southeast Asia,,,,,,,,,,,"{""Environment"":""dev"",""CostCenter"":""cc-1042"",""Owner"":""team-payments""}"
Microsoft Azure,Microsoft,Microsoft Azure,INV-2026-05-000001,8a1b2c3d-0000-4a00-9000-000000000001,ExampleCorp MCA - Primary,Microsoft Customer Agreement,11111111-1111-4111-8111-111111111111,prod-platform,Subscription,2026-05-01T00:00:00Z,2026-06-01T00:00:00Z,2026-05-01T00:00:00Z,2026-06-01T00:00:00Z,Usage,,Hot LRS data stored,Usage-Based,48.32015355806283,48.32015355806283,53.68905937832922,48.32015355806283,0.0182667834,0.0164401051,Standard,2939.1633,GB-Months,USD,0.0164401051,48.32015355806283,0.0182667834,USD,2939.1633,GB-Months,Azure Blob Storage,Storage,Object Storage,AZ-AZUR-eb0359,Storage,AZSP-89637211,"{""x_StorageClass"":""Hot"",""x_Redundancy"":""LRS""}",/subscriptions/11111111-1111-4111-8111-111111111111/resourceGroups/rg-prod-platform/providers/Microsoft.Storage/storageAccounts/stor43b6bbc0,stor43b6bbc0,Storage Account,westus2,West US 2,,,,,,,,,,,"{""Environment"":""prod"",""CostCenter"":""cc-2087"",""Owner"":""team-platform""}"
Microsoft Azure,Microsoft,Microsoft Azure,INV-2026-05-000001,8a1b2c3d-0000-4a00-9000-000000000001,ExampleCorp MCA - Primary,Microsoft Customer Agreement,44444444-4444-4444-8444-444444444444,sandbox-dev,Subscription,2026-05-01T00:00:00Z,2026-06-01T00:00:00Z,2026-05-20T13:00:00Z,2026-05-20T14:00:00Z,Usage,,Function execution duration,Usage-Based,37.9010268024255,37.9010268024255,42.112252002695,37.9010268024255,0.0000160300,0.0000144270,Standard,2627089.9565,GB-Seconds,USD,0.0000144270,37.9010268024255,0.0000160300,USD,2627089.9565,GB-Seconds,Azure Functions,Compute,Serverless Compute,AZ-AZUR-721721,Compute,AZSP-5003921e,"{""x_Plan"":""Consumption"",""x_Runtime"":""dotnet8""}",/subscriptions/44444444-4444-4444-8444-444444444444/resourceGroups/rg-sandbox-dev/providers/Microsoft.Web/sites/func-4e447688,func-4e447688,Function App,eastus,East US,,,,,,,,,,,"{""Environment"":""prod"",""CostCenter"":""cc-1042"",""Owner"":""team-payments""}"
Microsoft Azure,Microsoft,Microsoft Azure,INV-2026-05-000002,8a1b2c3d-0000-4a00-9000-000000000002,ExampleCorp MCA - Secondary,Microsoft Customer Agreement,33333333-3333-4333-8333-333333333333,data-analytics,Subscription,2026-05-01T00:00:00Z,2026-06-01T00:00:00Z,2026-05-23T00:00:00Z,2026-05-24T00:00:00Z,Usage,,VNet peering data transfer,Usage-Based,19.4251414078813,19.4251414078813,21.58349042956015,19.4251414078813,0.0101439691,0.0091295722,Standard,2127.7165,GB,USD,0.0091295722,19.4251414078813,0.0101439691,USD,2127.7165,GB,Virtual Network,Networking,Network Connectivity,AZ-VIRT-c04cfc,Data Transfer,AZSP-8e03a05f,"{""x_TransferType"":""Peering""}",/subscriptions/33333333-3333-4333-8333-333333333333/resourceGroups/rg-data-analytics/providers/Microsoft.Network/virtualNetworks/vnet-4c2e7087,vnet-4c2e7087,Virtual Network,eastus,East US,,,,,,,,,,,"{""Environment"":""staging"",""CostCenter"":""cc-1042"",""Owner"":""team-data""}"
Microsoft Azure,Microsoft,Microsoft Azure,INV-2026-05-000001,8a1b2c3d-0000-4a00-9000-000000000001,ExampleCorp MCA - Primary,Microsoft Customer Agreement,22222222-2222-4222-8222-222222222222,staging-platform,Subscription,2026-05-01T00:00:00Z,2026-06-01T00:00:00Z,2026-05-01T00:00:00Z,2026-06-01T00:00:00Z,Usage,,Hot LRS data stored,Usage-Based,29.53568053569968,29.53568053569968,32.81742273934112,29.53568053569968,0.0186747334,0.0168072601,Standard,1757.3168,GB-Months,USD,0.0168072601,29.53568053569968,0.0186747334,USD,1757.3168,GB-Months,Azure Blob Storage,Storage,Object Storage,AZ-AZUR-ed9347,Storage,AZSP-086da78c,"{""x_StorageClass"":""Hot"",""x_Redundancy"":""LRS""}",/subscriptions/22222222-2222-4222-8222-222222222222/resourceGroups/rg-staging-platform/providers/Microsoft.Storage/storageAccounts/stor2d5c77e8,stor2d5c77e8,Storage Account,southeastasia,Southeast Asia,,,,,,,,,,,"{""Environment"":""dev"",""CostCenter"":""cc-1042"",""Owner"":""team-platform""}"
Microsoft Azure,Microsoft,Microsoft Azure,INV-2026-05-000002,8a1b2c3d-0000-4a00-9000-000000000002,ExampleCorp MCA - Secondary,Microsoft Customer Agreement,44444444-4444-4444-8444-444444444444,sandbox-dev,Subscription,2026-05-01T00:00:00Z,2026-06-01T00:00:00Z,2026-05-20T16:00:00Z,2026-05-20T17:00:00Z,Usage,,AKS node pool hours,Usage-Based,0.1753662182,0.1753662182,0.1948513536,0.1753662182,0.1948513536,0.1753662182,Standard,1.0000,Hours,USD,0.1753662182,0.1753662182,0.1948513536,USD,1.0000,Hours,Azure Kubernetes Service,Compute,Containers,AZ-AZUR-3a4ce4,Compute,AZSP-55e8c2a6,"{""InstanceType"":""Standard_D4s_v5"",""CoreCount"":4,""MemorySize"":16,""x_NodePool"":""system""}",/subscriptions/44444444-4444-4444-8444-444444444444/resourceGroups/rg-sandbox-dev/providers/Microsoft.ContainerService/managedClusters/aks-6afae6ce,aks-6afae6ce,Managed Cluster,southeastasia,Southeast Asia,,,,,,,,,,,"{""Environment"":""prod"",""CostCenter"":""cc-3110"",""Owner"":""team-data""}"
Microsoft Azure,Microsoft,Microsoft Azure,INV-2026-05-000001,8a1b2c3d-0000-4a00-9000-000000000001,ExampleCorp MCA - Primary,Microsoft Customer Agreement,11111111-1111-4111-8111-111111111111,prod-platform,Subscription,2026-05-01T00:00:00Z,2026-06-01T00:00:00Z,2026-05-26T00:00:00Z,2026-05-27T00:00:00Z,Purchase,,Azure Blob Storage subscription fee,Recurring,592.095835,0,592.095835,592.095835,592.095835,592.095835,Standard,1,Units,USD,592.0958350000,0,592.0958350000,USD,,,Azure Blob Storage,Storage,Object Storage,AZ-AZUR-892c1e,Storage,AZSP-8bccce3c,"{""x_StorageClass"":""Hot"",""x_Redundancy"":""LRS""}",/subscriptions/11111111-1111-4111-8111-111111111111/resourceGroups/rg-prod-platform/providers/Microsoft.Storage/storageAccounts/storec7b8969,storec7b8969,Storage Account,westeurope,West Europe,,,,,,,,,,,"{""Environment"":""dev"",""CostCenter"":""cc-2087"",""Owner"":""team-payments""}"
Microsoft Azure,Microsoft,Microsoft Azure,INV-2026-05-000002,8a1b2c3d-0000-4a00-9000-000000000002,ExampleCorp MCA - Secondary,Microsoft Customer Agreement,22222222-2222-4222-8222-222222222222,staging-platform,Subscription,2026-05-01T00:00:00Z,2026-06-01T00:00:00Z,2026-05-20T18:00:00Z,2026-05-20T19:00:00Z,Usage,,Function execution duration,Usage-Based,43.49105343497122,43.49105343497122,48.32326128660704,43.49105343497122,0.0000163424,0.0000147082,Standard,2956925.6221,GB-Seconds,USD,0.0000147082,43.49105343497122,0.0000163424,USD,2956925.6221,GB-Seconds,Azure Functions,Compute,Serverless Compute,AZ-AZUR-d2b6e7,Compute,AZSP-b7cdd947,"{""x_Plan"":""Consumption"",""x_Runtime"":""dotnet8""}",/subscriptions/22222222-2222-4222-8222-222222222222/resourceGroups/rg-staging-platform/providers/Microsoft.Web/sites/func-80b811cf,func-80b811cf,Function App,westus2,West US 2,,,,,,,,,,,"{""Environment"":""staging"",""CostCenter"":""cc-3110"",""Owner"":""team-data""}"
Microsoft Azure,Microsoft,Microsoft Azure,INV-2026-05-000002,8a1b2c3d-0000-4a00-9000-000000000002,ExampleCorp MCA - Secondary,Microsoft Customer Agreement,44444444-4444-4444-8444-444444444444,sandbox-dev,Subscription,2026-05-01T00:00:00Z,2026-06-01T00:00:00Z,2026-05-28T00:00:00Z,2026-05-29T00:00:00Z,Purchase,,Virtual Network subscription fee,Recurring,146.567431,0,146.567431,146.567431,146.567431,146.567431,Standard,1,Units,USD,146.5674310000,0,146.5674310000,USD,,,Virtual Network,Networking,Network Connectivity,AZ-VIRT-c5da66,Data Transfer,AZSP-4ae9641f,"{""x_TransferType"":""Peering""}",/subscriptions/44444444-4444-4444-8444-444444444444/resourceGroups/rg-sandbox-dev/providers/Microsoft.Network/virtualNetworks/vnet-481a8bf8,vnet-481a8bf8,Virtual Network,southeastasia,Southeast Asia,,,,,,,,,,,"{""Environment"":""prod"",""CostCenter"":""cc-1042"",""Owner"":""team-platform""}"
Microsoft Azure,Microsoft,Microsoft Azure,INV-2026-05-000002,8a1b2c3d-0000-4a00-9000-000000000002,ExampleCorp MCA - Secondary,Microsoft Customer Agreement,11111111-1111-4111-8111-111111111111,prod-platform,Subscription,2026-05-01T00:00:00Z,2026-06-01T00:00:00Z,2026-05-20T20:00:00Z,2026-05-20T21:00:00Z,Usage,,AKS node pool hours,Usage-Based,0.1741272524,0.1741272524,0.1934747249,0.1741272524,0.1934747249,0.1741272524,Standard,1.0000,Hours,USD,0.1741272524,0.1741272524,0.1934747249,USD,1.0000,Hours,Azure Kubernetes Service,Compute,Containers,AZ-AZUR-89a934,Compute,AZSP-16ef4704,"{""InstanceType"":""Standard_D4s_v5"",""CoreCount"":4,""MemorySize"":16,""x_NodePool"":""system""}",/subscriptions/11111111-1111-4111-8111-111111111111/resourceGroups/rg-prod-platform/providers/Microsoft.ContainerService/managedClusters/aks-b948c6ab,aks-b948c6ab,Managed Cluster,eastus,East US,,,,,,,,,,,"{""Environment"":""prod"",""CostCenter"":""cc-1042"",""Owner"":""team-payments""}"
Microsoft Azure,Microsoft,Microsoft Azure,INV-2026-05-000001,8a1b2c3d-0000-4a00-9000-000000000001,ExampleCorp MCA - Primary,Microsoft Customer Agreement,44444444-4444-4444-8444-444444444444,sandbox-dev,Subscription,2026-05-01T00:00:00Z,2026-06-01T00:00:00Z,2026-05-02T00:00:00Z,2026-05-03T00:00:00Z,Purchase,,Azure SQL Database subscription fee,Recurring,107.585099,0,107.585099,107.585099,107.585099,107.585099,Standard,1,Units,USD,107.5850990000,0,107.5850990000,USD,,,Azure SQL Database,Databases,Relational Databases,AZ-AZUR-4b23ad,Database,AZSP-b759db52,"{""InstanceType"":""GP_Gen5_4"",""CoreCount"":4,""MemorySize"":20,""x_Engine"":""SQLServer""}",/subscriptions/44444444-4444-4444-8444-444444444444/resourceGroups/rg-sandbox-dev/providers/Microsoft.Sql/servers/databases/sqldb-73b3d9b9,sqldb-73b3d9b9,SQL Database,eastus,East US,,,,,,,,,,,"{""Environment"":""staging"",""CostCenter"":""cc-2087"",""Owner"":""team-payments""}"
Microsoft Azure,Microsoft,Microsoft Azure,INV-2026-05-000002,8a1b2c3d-0000-4a00-9000-000000000002,ExampleCorp MCA - Secondary,Microsoft Customer Agreement,22222222-2222-4222-8222-222222222222,staging-platform,Subscription,2026-05-01T00:00:00Z,2026-06-01T00:00:00Z,2026-05-20T22:00:00Z,2026-05-20T23:00:00Z,Usage,,AKS node pool hours,Usage-Based,0.170530306,0.170530306,0.1894781178,0.170530306,0.1894781178,0.1705303060,Standard,1.0000,Hours,USD,0.1705303060,0.170530306,0.1894781178,USD,1.0000,Hours,Azure Kubernetes Service,Compute,Containers,AZ-AZUR-ce81b3,Compute,AZSP-ad212b9e,"{""InstanceType"":""Standard_D4s_v5"",""CoreCount"":4,""MemorySize"":16,""x_NodePool"":""system""}",/subscriptions/22222222-2222-4222-8222-222222222222/resourceGroups/rg-staging-platform/providers/Microsoft.ContainerService/managedClusters/aks-1ab862c3,aks-1ab862c3,Managed Cluster,southeastasia,Southeast Asia,,,,,,,,,,,"{""Environment"":""prod"",""CostCenter"":""cc-1042"",""Owner"":""team-data""}"
Microsoft Azure,Microsoft,Microsoft Azure,INV-2026-05-000001,8a1b2c3d-0000-4a00-9000-000000000001,ExampleCorp MCA - Primary,Microsoft Customer Agreement,11111111-1111-4111-8111-111111111111,prod-platform,Subscription,2026-05-01T00:00:00Z,2026-06-01T00:00:00Z,2026-05-04T00:00:00Z,2026-05-05T00:00:00Z,Tax,,Tax for Azure SQL Database,One-Time,39.386734,39.386734,39.386734,39.386734,,,,,,,,,,USD,,,Azure SQL Database,Databases,Relational Databases,,,,,,,,,,,,,,,,,,,,"{""Environment"":""staging"",""CostCenter"":""cc-1042"",""Owner"":""team-data""}"
Microsoft Azure,Microsoft,Microsoft Azure,INV-2026-05-000001,8a1b2c3d-0000-4a00-9000-000000000001,ExampleCorp MCA - Primary,Microsoft Customer Agreement,33333333-3333-4333-8333-333333333333,data-analytics,Subscription,2026-05-01T00:00:00Z,2026-06-01T00:00:00Z,2026-05-21T00:00:00Z,2026-05-21T01:00:00Z,Usage,,AKS node pool hours,Usage-Based,0.1759145131,0.1759145131,0.1954605701,0.1759145131,0.1954605701,0.1759145131,Standard,1.0000,Hours,USD,0.1759145131,0.1759145131,0.1954605701,USD,1.0000,Hours,Azure Kubernetes Service,Compute,Containers,AZ-AZUR-e79c75,Compute,AZSP-076815df,"{""InstanceType"":""Standard_D4s_v5"",""CoreCount"":4,""MemorySize"":16,""x_NodePool"":""system""}",/subscriptions/33333333-3333-4333-8333-333333333333/resourceGroups/rg-data-analytics/providers/Microsoft.ContainerService/managedClusters/aks-64ef73b6,aks-64ef73b6,Managed Cluster,westus2,West US 2,,,,,,,,,,,"{""Environment"":""prod"",""CostCenter"":""cc-2087"",""Owner"":""team-payments""}"
Microsoft Azure,Microsoft,Microsoft Azure,INV-2026-05-000002,8a1b2c3d-0000-4a00-9000-000000000002,ExampleCorp MCA - Secondary,Microsoft Customer Agreement,44444444-4444-4444-8444-444444444444,sandbox-dev,Subscription,2026-05-01T00:00:00Z,2026-06-01T00:00:00Z,2026-05-21T01:00:00Z,2026-05-21T02:00:00Z,Usage,,General Purpose 4 vCore,Usage-Based,0.4657778648,0.4657778648,0.5175309609,0.4657778648,0.5175309609,0.4657778648,Standard,1.0000,Hours,EUR,0.4285156356,0.428515635616,0.4761284840,USD,1.0000,Hours,Azure SQL Database,Databases,Relational Databases,AZ-AZUR-4505c4,Database,AZSP-86592bb7,"{""InstanceType"":""GP_Gen5_4"",""CoreCount"":4,""MemorySize"":20,""x_Engine"":""SQLServer""}",/subscriptions/44444444-4444-4444-8444-444444444444/resourceGroups/rg-sandbox-dev/providers/Microsoft.Sql/servers/databases/sqldb-f77cd8de,sqldb-f77cd8de,SQL Database,westeurope,West Europe,,,,,,,,,,,"{""Environment"":""prod"",""CostCenter"":""cc-3110"",""Owner"":""team-data""}"
Microsoft Azure,Microsoft,Microsoft Azure,INV-2026-05-000001,8a1b2c3d-0000-4a00-9000-000000000001,ExampleCorp MCA - Primary,Microsoft Customer Agreement,33333333-3333-4333-8333-333333333333,data-analytics,Subscription,2026-05-01T00:00:00Z,2026-06-01T00:00:00Z,2026-05-21T02:00:00Z,2026-05-21T03:00:00Z,Usage,,Standard_D4s_v5 instance,Usage-Based,0.1705680665,0.1705680665,0.1895200739,0.1705680665,0.1895200739,0.1705680665,Standard,1.0000,Hours,USD,0.1705680665,0.1705680665,0.1895200739,USD,1.0000,Hours,Virtual Machines,Compute,Virtual Machines,AZ-VIRT-3564d4,Compute,AZSP-3d5f81eb,"{""InstanceType"":""Standard_D4s_v5"",""InstanceSeries"":""Ddsv5"",""CoreCount"":4,""MemorySize"":16,""OperatingSystem"":""Linux"",""x_Tenancy"":""Shared""}",/subscriptions/33333333-3333-4333-8333-333333333333/resourceGroups/rg-data-analytics/providers/Microsoft.Compute/virtualMachines/vm-5f833ba5,vm-5f833ba5,Virtual Machine,westeurope,West Europe,westeurope-1,,,,,,,,,,"{""Environment"":""dev"",""CostCenter"":""cc-2087"",""Owner"":""team-data""}"
Microsoft Azure,Microsoft,Microsoft Azure,INV-2026-05-000002,8a1b2c3d-0000-4a00-9000-000000000002,ExampleCorp MCA - Secondary,Microsoft Customer Agreement,22222222-2222-4222-8222-222222222222,staging-platform,Subscription,2026-05-01T00:00:00Z,2026-06-01T00:00:00Z,2026-05-08T00:00:00Z,2026-05-09T00:00:00Z,Usage,,VNet peering data transfer,Usage-Based,41.53961046886893,41.53961046886893,46.15512284452104,41.53961046886893,0.0101217368,0.0091095631,Standard,4560.0003,GB,USD,0.0091095631,41.53961046886893,0.0101217368,USD,4560.0003,GB,Virtual Network,Networking,Network Connectivity,AZ-VIRT-606dc3,Data Transfer,AZSP-bd8fc80d,"{""x_TransferType"":""Peering""}",/subscriptions/22222222-2222-4222-8222-222222222222/resourceGroups/rg-staging-platform/providers/Microsoft.Network/virtualNetworks/vnet-e7492ad5,vnet-e7492ad5,Virtual Network,eastus,East US,,,,,,,,,,,"{""Environment"":""staging"",""CostCenter"":""cc-2087"",""Owner"":""team-platform""}"
Microsoft Azure,Microsoft,Microsoft Azure,INV-2026-05-000002,8a1b2c3d-0000-4a00-9000-000000000002,ExampleCorp MCA - Secondary,Microsoft Customer Agreement,11111111-1111-4111-8111-111111111111,prod-platform,Subscription,2026-05-01T00:00:00Z,2026-06-01T00:00:00Z,2026-05-09T00:00:00Z,2026-05-10T00:00:00Z,Tax,,Tax for Virtual Network,One-Time,43.977524,43.977524,43.977524,43.977524,,,,,,,,,,USD,,,Virtual Network,Networking,Network Connectivity,,,,,,,,,,,,,,,,,,,,"{""Environment"":""prod"",""CostCenter"":""cc-3110"",""Owner"":""team-payments""}"
Microsoft Azure,Microsoft,Microsoft Azure,INV-2026-05-000001,8a1b2c3d-0000-4a00-9000-000000000001,ExampleCorp MCA - Primary,Microsoft Customer Agreement,22222222-2222-4222-8222-222222222222,staging-platform,Subscription,2026-05-01T00:00:00Z,2026-06-01T00:00:00Z,2026-05-10T00:00:00Z,2026-05-11T00:00:00Z,Usage,,Log data ingested,Usage-Based,878.929728189821,878.929728189821,976.588586858662,878.929728189821,2.2944543074,2.0650088767,Standard,425.6300,GB,USD,2.0650088767,878.929728189821,2.2944543074,USD,425.6300,GB,Azure Monitor,Management and Governance,Observability,AZ-AZUR-01440e,Monitoring,AZSP-59653eda,"{""x_DataType"":""Logs""}",/subscriptions/22222222-2222-4222-8222-222222222222/resourceGroups/rg-staging-platform/providers/Microsoft.OperationalInsights/workspaces/law-6fc0c9ee,law-6fc0c9ee,Log Analytics Workspace,southeastasia,Southeast Asia,,,,,,,,,,,"{""Environment"":""dev"",""CostCenter"":""cc-1042"",""Owner"":""team-platform""}"
Microsoft Azure,Microsoft,Microsoft Azure,INV-2026-05-000002,8a1b2c3d-0000-4a00-9000-000000000002,ExampleCorp MCA - Secondary,Microsoft Customer Agreement,44444444-4444-4444-8444-444444444444,sandbox-dev,Subscription,2026-05-01T00:00:00Z,2026-06-01T00:00:00Z,2026-05-21T06:00:00Z,2026-05-21T07:00:00Z,Purchase,,"Savings Plan commitment, amortised for the charge period",Recurring,0.128064,0,0.128064,0.128064,1,1,Standard,0.128064,USD,USD,1.0000000000,0,1.0000000000,USD,,,Virtual Machines,Compute,Virtual Machines,AZ-COMMIT-00a636,Commitment,AZSP-8b053ee7,"{""x_Term"":""P1Y"",""x_PaymentOption"":""NoUpfront""}",/subscriptions/44444444-4444-4444-8444-444444444444/providers/Microsoft.BillingBenefits/savingsPlans/6d1c4c852f8c,savingsPlans-fc3b858816,Savings Plan,southeastasia,Southeast Asia,,/subscriptions/44444444-4444-4444-8444-444444444444/providers/Microsoft.BillingBenefits/savingsPlans/6d1c4c852f8c,AzureSavingsPlan-1yr-NoUpfront,Spend,Savings Plan,,0.128064,USD,,,"{""Environment"":""staging"",""CostCenter"":""cc-1042"",""Owner"":""team-payments""}"
Microsoft Azure,Microsoft,Microsoft Azure,INV-2026-05-000002,8a1b2c3d-0000-4a00-9000-000000000002,ExampleCorp MCA - Secondary,Microsoft Customer Agreement,44444444-4444-4444-8444-444444444444,sandbox-dev,Subscription,2026-05-01T00:00:00Z,2026-06-01T00:00:00Z,2026-05-21T06:00:00Z,2026-05-21T07:00:00Z,Usage,,Virtual Machines committed usage,Usage-Based,0,0.128064,0.192,0.1728,0.1920000000,0.1728000000,Committed,1,Hours,USD,0.1728000000,0.128064,0.1920000000,USD,1,Hours,Virtual Machines,Compute,Virtual Machines,AZ-VIRT-a534dc,Compute,AZSP-aa41cc9b,"{""InstanceType"":""Standard_D4s_v5"",""InstanceSeries"":""Ddsv5"",""CoreCount"":4,""MemorySize"":16,""OperatingSystem"":""Linux"",""x_Tenancy"":""Shared""}",/subscriptions/44444444-4444-4444-8444-444444444444/resourceGroups/rg-sandbox-dev/providers/Microsoft.Compute/virtualMachines/vm-0000d4f1b7,vm-0000d4f1b7,Virtual Machine,southeastasia,Southeast Asia,southeastasia-1,/subscriptions/44444444-4444-4444-8444-444444444444/providers/Microsoft.BillingBenefits/savingsPlans/6d1c4c852f8c,AzureSavingsPlan-1yr-NoUpfront,Spend,Savings Plan,Used,0.128064,USD,,,"{""Environment"":""staging"",""CostCenter"":""cc-1042"",""Owner"":""team-payments""}"
Microsoft Azure,Microsoft,Microsoft Azure,INV-2026-05-000002,8a1b2c3d-0000-4a00-9000-000000000002,ExampleCorp MCA - Secondary,Microsoft Customer Agreement,44444444-4444-4444-8444-444444444444,sandbox-dev,Subscription,2026-05-01T00:00:00Z,2026-06-01T00:00:00Z,2026-05-21T07:00:00Z,2026-05-21T08:00:00Z,Purchase,,"Savings Plan commitment, amortised for the charge period",Recurring,0.128064,0,0.128064,0.128064,1,1,Standard,0.128064,USD,USD,1.0000000000,0,1.0000000000,USD,,,Virtual Machines,Compute,Virtual Machines,AZ-COMMIT-00a636,Commitment,AZSP-8b053ee7,"{""x_Term"":""P1Y"",""x_PaymentOption"":""NoUpfront""}",/subscriptions/44444444-4444-4444-8444-444444444444/providers/Microsoft.BillingBenefits/savingsPlans/6d1c4c852f8c,savingsPlans-fc3b858816,Savings Plan,southeastasia,Southeast Asia,,/subscriptions/44444444-4444-4444-8444-444444444444/providers/Microsoft.BillingBenefits/savingsPlans/6d1c4c852f8c,AzureSavingsPlan-1yr-NoUpfront,Spend,Savings Plan,,0.128064,USD,,,"{""Environment"":""staging"",""CostCenter"":""cc-1042"",""Owner"":""team-platform""}"
Microsoft Azure,Microsoft,Microsoft Azure,INV-2026-05-000002,8a1b2c3d-0000-4a00-9000-000000000002,ExampleCorp MCA - Secondary,Microsoft Customer Agreement,44444444-4444-4444-8444-444444444444,sandbox-dev,Subscription,2026-05-01T00:00:00Z,2026-06-01T00:00:00Z,2026-05-21T07:00:00Z,2026-05-21T08:00:00Z,Usage,,Virtual Machines committed usage,Usage-Based,0,0.128064,0.192,0.1728,0.1920000000,0.1728000000,Committed,1,Hours,USD,0.1728000000,0.128064,0.1920000000,USD,1,Hours,Virtual Machines,Compute,Virtual Machines,AZ-VIRT-2b31c2,Compute,AZSP-583bc74b,"{""InstanceType"":""Standard_D4s_v5"",""InstanceSeries"":""Ddsv5"",""CoreCount"":4,""MemorySize"":16,""OperatingSystem"":""Linux"",""x_Tenancy"":""Shared""}",/subscriptions/44444444-4444-4444-8444-444444444444/resourceGroups/rg-sandbox-dev/providers/Microsoft.Compute/virtualMachines/vm-00019a9d96,vm-00019a9d96,Virtual Machine,southeastasia,Southeast Asia,southeastasia-1,/subscriptions/44444444-4444-4444-8444-444444444444/providers/Microsoft.BillingBenefits/savingsPlans/6d1c4c852f8c,AzureSavingsPlan-1yr-NoUpfront,Spend,Savings Plan,Used,0.128064,USD,,,"{""Environment"":""dev"",""CostCenter"":""cc-1042"",""Owner"":""team-data""}"
Microsoft Azure,Microsoft,Microsoft Azure,INV-2026-05-000002,8a1b2c3d-0000-4a00-9000-000000000002,ExampleCorp MCA - Secondary,Microsoft Customer Agreement,44444444-4444-4444-8444-444444444444,sandbox-dev,Subscription,2026-05-01T00:00:00Z,2026-06-01T00:00:00Z,2026-05-21T08:00:00Z,2026-05-21T09:00:00Z,Purchase,,"Savings Plan commitment, amortised for the charge period",Recurring,0.128064,0,0.128064,0.128064,1,1,Standard,0.128064,USD,USD,1.0000000000,0,1.0000000000,USD,,,Virtual Machines,Compute,Virtual Machines,AZ-COMMIT-00a636,Commitment,AZSP-8b053ee7,"{""x_Term"":""P1Y"",""x_PaymentOption"":""NoUpfront""}",/subscriptions/44444444-4444-4444-8444-444444444444/providers/Microsoft.BillingBenefits/savingsPlans/6d1c4c852f8c,savingsPlans-fc3b858816,Savings Plan,southeastasia,Southeast Asia,,/subscriptions/44444444-4444-4444-8444-444444444444/providers/Microsoft.BillingBenefits/savingsPlans/6d1c4c852f8c,AzureSavingsPlan-1yr-NoUpfront,Spend,Savings Plan,,0.128064,USD,,,"{""Environment"":""dev"",""CostCenter"":""cc-1042"",""Owner"":""team-payments""}"
Microsoft Azure,Microsoft,Microsoft Azure,INV-2026-05-000002,8a1b2c3d-0000-4a00-9000-000000000002,ExampleCorp MCA - Secondary,Microsoft Customer Agreement,44444444-4444-4444-8444-444444444444,sandbox-dev,Subscription,2026-05-01T00:00:00Z,2026-06-01T00:00:00Z,2026-05-21T08:00:00Z,2026-05-21T09:00:00Z,Usage,,Virtual Machines committed usage,Usage-Based,0,0.128064,0.192,0.1728,0.1920000000,0.1728000000,Committed,1,Hours,USD,0.1728000000,0.128064,0.1920000000,USD,1,Hours,Virtual Machines,Compute,Virtual Machines,AZ-VIRT-42eabb,Compute,AZSP-5fcb933d,"{""InstanceType"":""Standard_D4s_v5"",""InstanceSeries"":""Ddsv5"",""CoreCount"":4,""MemorySize"":16,""OperatingSystem"":""Linux"",""x_Tenancy"":""Shared""}",/subscriptions/44444444-4444-4444-8444-444444444444/resourceGroups/rg-sandbox-dev/providers/Microsoft.Compute/virtualMachines/vm-00025ee337,vm-00025ee337,Virtual Machine,southeastasia,Southeast Asia,southeastasia-1,/subscriptions/44444444-4444-4444-8444-444444444444/providers/Microsoft.BillingBenefits/savingsPlans/6d1c4c852f8c,AzureSavingsPlan-1yr-NoUpfront,Spend,Savings Plan,Used,0.128064,USD,,,"{""Environment"":""dev"",""CostCenter"":""cc-2087"",""Owner"":""team-payments""}"
Microsoft Azure,Microsoft,Microsoft Azure,INV-2026-05-000002,8a1b2c3d-0000-4a00-9000-000000000002,ExampleCorp MCA - Secondary,Microsoft Customer Agreement,44444444-4444-4444-8444-444444444444,sandbox-dev,Subscription,2026-05-01T00:00:00Z,2026-06-01T00:00:00Z,2026-05-21T09:00:00Z,2026-05-21T10:00:00Z,Purchase,,"Savings Plan commitment, amortised for the charge period",Recurring,0.128064,0,0.128064,0.128064,1,1,Standard,0.128064,USD,USD,1.0000000000,0,1.0000000000,USD,,,Virtual Machines,Compute,Virtual Machines,AZ-COMMIT-00a636,Commitment,AZSP-8b053ee7,"{""x_Term"":""P1Y"",""x_PaymentOption"":""NoUpfront""}",/subscriptions/44444444-4444-4444-8444-444444444444/providers/Microsoft.BillingBenefits/savingsPlans/6d1c4c852f8c,savingsPlans-fc3b858816,Savings Plan,southeastasia,Southeast Asia,,/subscriptions/44444444-4444-4444-8444-444444444444/providers/Microsoft.BillingBenefits/savingsPlans/6d1c4c852f8c,AzureSavingsPlan-1yr-NoUpfront,Spend,Savings Plan,,0.128064,USD,,,"{""Environment"":""dev"",""CostCenter"":""cc-3110"",""Owner"":""team-data""}"
Microsoft Azure,Microsoft,Microsoft Azure,INV-2026-05-000002,8a1b2c3d-0000-4a00-9000-000000000002,ExampleCorp MCA - Secondary,Microsoft Customer Agreement,44444444-4444-4444-8444-444444444444,sandbox-dev,Subscription,2026-05-01T00:00:00Z,2026-06-01T00:00:00Z,2026-05-21T09:00:00Z,2026-05-21T10:00:00Z,Usage,,Virtual Machines committed usage,Usage-Based,0,0.128064,0.192,0.1728,0.1920000000,0.1728000000,Committed,1,Hours,USD,0.1728000000,0.128064,0.1920000000,USD,1,Hours,Virtual Machines,Compute,Virtual Machines,AZ-VIRT-13ff84,Compute,AZSP-302e109d,"{""InstanceType"":""Standard_D4s_v5"",""InstanceSeries"":""Ddsv5"",""CoreCount"":4,""MemorySize"":16,""OperatingSystem"":""Linux"",""x_Tenancy"":""Shared""}",/subscriptions/44444444-4444-4444-8444-444444444444/resourceGroups/rg-sandbox-dev/providers/Microsoft.Compute/virtualMachines/vm-00036bbeff,vm-00036bbeff,Virtual Machine,southeastasia,Southeast Asia,southeastasia-1,/subscriptions/44444444-4444-4444-8444-444444444444/providers/Microsoft.BillingBenefits/savingsPlans/6d1c4c852f8c,AzureSavingsPlan-1yr-NoUpfront,Spend,Savings Plan,Used,0.128064,USD,,,"{""Environment"":""dev"",""CostCenter"":""cc-3110"",""Owner"":""team-payments""}"
Microsoft Azure,Microsoft,Microsoft Azure,INV-2026-05-000002,8a1b2c3d-0000-4a00-9000-000000000002,ExampleCorp MCA - Secondary,Microsoft Customer Agreement,44444444-4444-4444-8444-444444444444,sandbox-dev,Subscription,2026-05-01T00:00:00Z,2026-06-01T00:00:00Z,2026-05-21T10:00:00Z,2026-05-21T11:00:00Z,Purchase,,"Savings Plan commitment, amortised for the charge period",Recurring,0.128064,0,0.128064,0.128064,1,1,Standard,0.128064,USD,USD,1.0000000000,0,1.0000000000,USD,,,Virtual Machines,Compute,Virtual Machines,AZ-COMMIT-00a636,Commitment,AZSP-8b053ee7,"{""x_Term"":""P1Y"",""x_PaymentOption"":""NoUpfront""}",/subscriptions/44444444-4444-4444-8444-444444444444/providers/Microsoft.BillingBenefits/savingsPlans/6d1c4c852f8c,savingsPlans-fc3b858816,Savings Plan,southeastasia,Southeast Asia,,/subscriptions/44444444-4444-4444-8444-444444444444/providers/Microsoft.BillingBenefits/savingsPlans/6d1c4c852f8c,AzureSavingsPlan-1yr-NoUpfront,Spend,Savings Plan,,0.128064,USD,,,"{""Environment"":""staging"",""CostCenter"":""cc-3110"",""Owner"":""team-payments""}"
Microsoft Azure,Microsoft,Microsoft Azure,INV-2026-05-000002,8a1b2c3d-0000-4a00-9000-000000000002,ExampleCorp MCA - Secondary,Microsoft Customer Agreement,44444444-4444-4444-8444-444444444444,sandbox-dev,Subscription,2026-05-01T00:00:00Z,2026-06-01T00:00:00Z,2026-05-21T10:00:00Z,2026-05-21T11:00:00Z,Usage,,Virtual Machines committed usage,Usage-Based,0,0.128064,0.192,0.1728,0.1920000000,0.1728000000,Committed,1,Hours,USD,0.1728000000,0.128064,0.1920000000,USD,1,Hours,Virtual Machines,Compute,Virtual Machines,AZ-VIRT-e0f63f,Compute,AZSP-0cf9924d,"{""InstanceType"":""Standard_D4s_v5"",""InstanceSeries"":""Ddsv5"",""CoreCount"":4,""MemorySize"":16,""OperatingSystem"":""Linux"",""x_Tenancy"":""Shared""}",/subscriptions/44444444-4444-4444-8444-444444444444/resourceGroups/rg-sandbox-dev/providers/Microsoft.Compute/virtualMachines/vm-00049bb797,vm-00049bb797,Virtual Machine,southeastasia,Southeast Asia,southeastasia-1,/subscriptions/44444444-4444-4444-8444-444444444444/providers/Microsoft.BillingBenefits/savingsPlans/6d1c4c852f8c,AzureSavingsPlan-1yr-NoUpfront,Spend,Savings Plan,Used,0.128064,USD,,,"{""Environment"":""dev"",""CostCenter"":""cc-2087"",""Owner"":""team-data""}"
Microsoft Azure,Microsoft,Microsoft Azure,INV-2026-05-000002,8a1b2c3d-0000-4a00-9000-000000000002,ExampleCorp MCA - Secondary,Microsoft Customer Agreement,44444444-4444-4444-8444-444444444444,sandbox-dev,Subscription,2026-05-01T00:00:00Z,2026-06-01T00:00:00Z,2026-05-21T11:00:00Z,2026-05-21T12:00:00Z,Purchase,,"Savings Plan commitment, amortised for the charge period",Recurring,0.128064,0,0.128064,0.128064,1,1,Standard,0.128064,USD,USD,1.0000000000,0,1.0000000000,USD,,,Virtual Machines,Compute,Virtual Machines,AZ-COMMIT-00a636,Commitment,AZSP-8b053ee7,"{""x_Term"":""P1Y"",""x_PaymentOption"":""NoUpfront""}",/subscriptions/44444444-4444-4444-8444-444444444444/providers/Microsoft.BillingBenefits/savingsPlans/6d1c4c852f8c,savingsPlans-fc3b858816,Savings Plan,southeastasia,Southeast Asia,,/subscriptions/44444444-4444-4444-8444-444444444444/providers/Microsoft.BillingBenefits/savingsPlans/6d1c4c852f8c,AzureSavingsPlan-1yr-NoUpfront,Spend,Savings Plan,,0.128064,USD,,,"{""Environment"":""dev"",""CostCenter"":""cc-1042"",""Owner"":""team-platform""}"
Microsoft Azure,Microsoft,Microsoft Azure,INV-2026-05-000002,8a1b2c3d-0000-4a00-9000-000000000002,ExampleCorp MCA - Secondary,Microsoft Customer Agreement,44444444-4444-4444-8444-444444444444,sandbox-dev,Subscription,2026-05-01T00:00:00Z,2026-06-01T00:00:00Z,2026-05-21T11:00:00Z,2026-05-21T12:00:00Z,Usage,,Virtual Machines committed usage,Usage-Based,0,0.128064,0.192,0.1728,0.1920000000,0.1728000000,Committed,1,Hours,USD,0.1728000000,0.128064,0.1920000000,USD,1,Hours,Virtual Machines,Compute,Virtual Machines,AZ-VIRT-187938,Compute,AZSP-3440cfb1,"{""InstanceType"":""Standard_D4s_v5"",""InstanceSeries"":""Ddsv5"",""CoreCount"":4,""MemorySize"":16,""OperatingSystem"":""Linux"",""x_Tenancy"":""Shared""}",/subscriptions/44444444-4444-4444-8444-444444444444/resourceGroups/rg-sandbox-dev/providers/Microsoft.Compute/virtualMachines/vm-0005097be2,vm-0005097be2,Virtual Machine,southeastasia,Southeast Asia,southeastasia-1,/subscriptions/44444444-4444-4444-8444-444444444444/providers/Microsoft.BillingBenefits/savingsPlans/6d1c4c852f8c,AzureSavingsPlan-1yr-NoUpfront,Spend,Savings Plan,Used,0.128064,USD,,,"{""Environment"":""prod"",""CostCenter"":""cc-3110"",""Owner"":""team-platform""}"
Microsoft Azure,Microsoft,Microsoft Azure,INV-2026-05-000002,8a1b2c3d-0000-4a00-9000-000000000002,ExampleCorp MCA - Secondary,Microsoft Customer Agreement,44444444-4444-4444-8444-444444444444,sandbox-dev,Subscription,2026-05-01T00:00:00Z,2026-06-01T00:00:00Z,2026-05-21T12:00:00Z,2026-05-21T13:00:00Z,Purchase,,"Savings Plan commitment, amortised for the charge period",Recurring,0.128064,0,0.128064,0.128064,1,1,Standard,0.128064,USD,USD,1.0000000000,0,1.0000000000,USD,,,Virtual Machines,Compute,Virtual Machines,AZ-COMMIT-00a636,Commitment,AZSP-8b053ee7,"{""x_Term"":""P1Y"",""x_PaymentOption"":""NoUpfront""}",/subscriptions/44444444-4444-4444-8444-444444444444/providers/Microsoft.BillingBenefits/savingsPlans/6d1c4c852f8c,savingsPlans-fc3b858816,Savings Plan,southeastasia,Southeast Asia,,/subscriptions/44444444-4444-4444-8444-444444444444/providers/Microsoft.BillingBenefits/savingsPlans/6d1c4c852f8c,AzureSavingsPlan-1yr-NoUpfront,Spend,Savings Plan,,0.128064,USD,,,"{""Environment"":""prod"",""CostCenter"":""cc-1042"",""Owner"":""team-payments""}"
Microsoft Azure,Microsoft,Microsoft Azure,INV-2026-05-000002,8a1b2c3d-0000-4a00-9000-000000000002,ExampleCorp MCA - Secondary,Microsoft Customer Agreement,44444444-4444-4444-8444-444444444444,sandbox-dev,Subscription,2026-05-01T00:00:00Z,2026-06-01T00:00:00Z,2026-05-21T12:00:00Z,2026-05-21T13:00:00Z,Usage,,Virtual Machines committed usage,Usage-Based,0,0.128064,0.192,0.1728,0.1920000000,0.1728000000,Committed,1,Hours,USD,0.1728000000,0.128064,0.1920000000,USD,1,Hours,Virtual Machines,Compute,Virtual Machines,AZ-VIRT-e1f858,Compute,AZSP-a69a9213,"{""InstanceType"":""Standard_D4s_v5"",""InstanceSeries"":""Ddsv5"",""CoreCount"":4,""MemorySize"":16,""OperatingSystem"":""Linux"",""x_Tenancy"":""Shared""}",/subscriptions/44444444-4444-4444-8444-444444444444/resourceGroups/rg-sandbox-dev/providers/Microsoft.Compute/virtualMachines/vm-0006a2e80c,vm-0006a2e80c,Virtual Machine,southeastasia,Southeast Asia,southeastasia-1,/subscriptions/44444444-4444-4444-8444-444444444444/providers/Microsoft.BillingBenefits/savingsPlans/6d1c4c852f8c,AzureSavingsPlan-1yr-NoUpfront,Spend,Savings Plan,Used,0.128064,USD,,,"{""Environment"":""dev"",""CostCenter"":""cc-2087"",""Owner"":""team-data""}"
Microsoft Azure,Microsoft,Microsoft Azure,INV-2026-05-000002,8a1b2c3d-0000-4a00-9000-000000000002,ExampleCorp MCA - Secondary,Microsoft Customer Agreement,44444444-4444-4444-8444-444444444444,sandbox-dev,Subscription,2026-05-01T00:00:00Z,2026-06-01T00:00:00Z,2026-05-21T13:00:00Z,2026-05-21T14:00:00Z,Purchase,,"Savings Plan commitment, amortised for the charge period",Recurring,0.128064,0,0.128064,0.128064,1,1,Standard,0.128064,USD,USD,1.0000000000,0,1.0000000000,USD,,,Virtual Machines,Compute,Virtual Machines,AZ-COMMIT-00a636,Commitment,AZSP-8b053ee7,"{""x_Term"":""P1Y"",""x_PaymentOption"":""NoUpfront""}",/subscriptions/44444444-4444-4444-8444-444444444444/providers/Microsoft.BillingBenefits/savingsPlans/6d1c4c852f8c,savingsPlans-fc3b858816,Savings Plan,southeastasia,Southeast Asia,,/subscriptions/44444444-4444-4444-8444-444444444444/providers/Microsoft.BillingBenefits/savingsPlans/6d1c4c852f8c,AzureSavingsPlan-1yr-NoUpfront,Spend,Savings Plan,,0.128064,USD,,,"{""Environment"":""prod"",""CostCenter"":""cc-3110"",""Owner"":""team-payments""}"
Microsoft Azure,Microsoft,Microsoft Azure,INV-2026-05-000002,8a1b2c3d-0000-4a00-9000-000000000002,ExampleCorp MCA - Secondary,Microsoft Customer Agreement,44444444-4444-4444-8444-444444444444,sandbox-dev,Subscription,2026-05-01T00:00:00Z,2026-06-01T00:00:00Z,2026-05-21T13:00:00Z,2026-05-21T14:00:00Z,Usage,,Virtual Machines committed usage,Usage-Based,0,0.128064,0.192,0.1728,0.1920000000,0.1728000000,Committed,1,Hours,USD,0.1728000000,0.128064,0.1920000000,USD,1,Hours,Virtual Machines,Compute,Virtual Machines,AZ-VIRT-7458fd,Compute,AZSP-dc95e6c7,"{""InstanceType"":""Standard_D4s_v5"",""InstanceSeries"":""Ddsv5"",""CoreCount"":4,""MemorySize"":16,""OperatingSystem"":""Linux"",""x_Tenancy"":""Shared""}",/subscriptions/44444444-4444-4444-8444-444444444444/resourceGroups/rg-sandbox-dev/providers/Microsoft.Compute/virtualMachines/vm-0007489f32,vm-0007489f32,Virtual Machine,southeastasia,Southeast Asia,southeastasia-1,/subscriptions/44444444-4444-4444-8444-444444444444/providers/Microsoft.BillingBenefits/savingsPlans/6d1c4c852f8c,AzureSavingsPlan-1yr-NoUpfront,Spend,Savings Plan,Used,0.128064,USD,,,"{""Environment"":""prod"",""CostCenter"":""cc-2087"",""Owner"":""team-payments""}"
Microsoft Azure,Microsoft,Microsoft Azure,INV-2026-05-000002,8a1b2c3d-0000-4a00-9000-000000000002,ExampleCorp MCA - Secondary,Microsoft Customer Agreement,44444444-4444-4444-8444-444444444444,sandbox-dev,Subscription,2026-05-01T00:00:00Z,2026-06-01T00:00:00Z,2026-05-21T14:00:00Z,2026-05-21T15:00:00Z,Purchase,,"Savings Plan commitment, amortised for the charge period",Recurring,0.128064,0,0.128064,0.128064,1,1,Standard,0.128064,USD,USD,1.0000000000,0,1.0000000000,USD,,,Virtual Machines,Compute,Virtual Machines,AZ-COMMIT-00a636,Commitment,AZSP-8b053ee7,"{""x_Term"":""P1Y"",""x_PaymentOption"":""NoUpfront""}",/subscriptions/44444444-4444-4444-8444-444444444444/providers/Microsoft.BillingBenefits/savingsPlans/6d1c4c852f8c,savingsPlans-fc3b858816,Savings Plan,southeastasia,Southeast Asia,,/subscriptions/44444444-4444-4444-8444-444444444444/providers/Microsoft.BillingBenefits/savingsPlans/6d1c4c852f8c,AzureSavingsPlan-1yr-NoUpfront,Spend,Savings Plan,,0.128064,USD,,,"{""Environment"":""staging"",""CostCenter"":""cc-2087"",""Owner"":""team-payments""}"
Microsoft Azure,Microsoft,Microsoft Azure,INV-2026-05-000002,8a1b2c3d-0000-4a00-9000-000000000002,ExampleCorp MCA - Secondary,Microsoft Customer Agreement,44444444-4444-4444-8444-444444444444,sandbox-dev,Subscription,2026-05-01T00:00:00Z,2026-06-01T00:00:00Z,2026-05-21T14:00:00Z,2026-05-21T15:00:00Z,Usage,,Virtual Machines committed usage,Usage-Based,0,0.128064,0.192,0.1728,0.1920000000,0.1728000000,Committed,1,Hours,USD,0.1728000000,0.128064,0.1920000000,USD,1,Hours,Virtual Machines,Compute,Virtual Machines,AZ-VIRT-5cbd45,Compute,AZSP-7aad1a6a,"{""InstanceType"":""Standard_D4s_v5"",""InstanceSeries"":""Ddsv5"",""CoreCount"":4,""MemorySize"":16,""OperatingSystem"":""Linux"",""x_Tenancy"":""Shared""}",/subscriptions/44444444-4444-4444-8444-444444444444/resourceGroups/rg-sandbox-dev/providers/Microsoft.Compute/virtualMachines/vm-000864d67c,vm-000864d67c,Virtual Machine,southeastasia,Southeast Asia,southeastasia-1,/subscriptions/44444444-4444-4444-8444-444444444444/providers/Microsoft.BillingBenefits/savingsPlans/6d1c4c852f8c,AzureSavingsPlan-1yr-NoUpfront,Spend,Savings Plan,Used,0.128064,USD,,,"{""Environment"":""staging"",""CostCenter"":""cc-1042"",""Owner"":""team-platform""}"
Microsoft Azure,Microsoft,Microsoft Azure,INV-2026-05-000002,8a1b2c3d-0000-4a00-9000-000000000002,ExampleCorp MCA - Secondary,Microsoft Customer Agreement,44444444-4444-4444-8444-444444444444,sandbox-dev,Subscription,2026-05-01T00:00:00Z,2026-06-01T00:00:00Z,2026-05-21T15:00:00Z,2026-05-21T16:00:00Z,Purchase,,"Savings Plan commitment, amortised for the charge period",Recurring,0.128064,0,0.128064,0.128064,1,1,Standard,0.128064,USD,USD,1.0000000000,0,1.0000000000,USD,,,Virtual Machines,Compute,Virtual Machines,AZ-COMMIT-00a636,Commitment,AZSP-8b053ee7,"{""x_Term"":""P1Y"",""x_PaymentOption"":""NoUpfront""}",/subscriptions/44444444-4444-4444-8444-444444444444/providers/Microsoft.BillingBenefits/savingsPlans/6d1c4c852f8c,savingsPlans-fc3b858816,Savings Plan,southeastasia,Southeast Asia,,/subscriptions/44444444-4444-4444-8444-444444444444/providers/Microsoft.BillingBenefits/savingsPlans/6d1c4c852f8c,AzureSavingsPlan-1yr-NoUpfront,Spend,Savings Plan,,0.128064,USD,,,"{""Environment"":""prod"",""CostCenter"":""cc-2087"",""Owner"":""team-data""}"
Microsoft Azure,Microsoft,Microsoft Azure,INV-2026-05-000002,8a1b2c3d-0000-4a00-9000-000000000002,ExampleCorp MCA - Secondary,Microsoft Customer Agreement,44444444-4444-4444-8444-444444444444,sandbox-dev,Subscription,2026-05-01T00:00:00Z,2026-06-01T00:00:00Z,2026-05-21T15:00:00Z,2026-05-21T16:00:00Z,Usage,,Savings Plan unused commitment,Usage-Based,0,0.128064,0.128064,0.128064,1,1,Committed,0.128064,USD,USD,1.0000000000,0.128064,1.0000000000,USD,,,Virtual Machines,Compute,Virtual Machines,AZ-COMMIT-00a636,Commitment,AZSP-8b053ee7,"{""x_Term"":""P1Y"",""x_PaymentOption"":""NoUpfront""}",/subscriptions/44444444-4444-4444-8444-444444444444/providers/Microsoft.BillingBenefits/savingsPlans/6d1c4c852f8c,savingsPlans-fc3b858816,Savings Plan,southeastasia,Southeast Asia,,/subscriptions/44444444-4444-4444-8444-444444444444/providers/Microsoft.BillingBenefits/savingsPlans/6d1c4c852f8c,AzureSavingsPlan-1yr-NoUpfront,Spend,Savings Plan,Unused,0.128064,USD,,,"{""Environment"":""staging"",""CostCenter"":""cc-2087"",""Owner"":""team-data""}"
Microsoft Azure,Microsoft,Microsoft Azure,INV-2026-05-000002,8a1b2c3d-0000-4a00-9000-000000000002,ExampleCorp MCA - Secondary,Microsoft Customer Agreement,44444444-4444-4444-8444-444444444444,sandbox-dev,Subscription,2026-05-01T00:00:00Z,2026-06-01T00:00:00Z,2026-05-21T16:00:00Z,2026-05-21T17:00:00Z,Purchase,,"Savings Plan commitment, amortised for the charge period",Recurring,0.128064,0,0.128064,0.128064,1,1,Standard,0.128064,USD,USD,1.0000000000,0,1.0000000000,USD,,,Virtual Machines,Compute,Virtual Machines,AZ-COMMIT-00a636,Commitment,AZSP-8b053ee7,"{""x_Term"":""P1Y"",""x_PaymentOption"":""NoUpfront""}",/subscriptions/44444444-4444-4444-8444-444444444444/providers/Microsoft.BillingBenefits/savingsPlans/6d1c4c852f8c,savingsPlans-fc3b858816,Savings Plan,southeastasia,Southeast Asia,,/subscriptions/44444444-4444-4444-8444-444444444444/providers/Microsoft.BillingBenefits/savingsPlans/6d1c4c852f8c,AzureSavingsPlan-1yr-NoUpfront,Spend,Savings Plan,,0.128064,USD,,,"{""Environment"":""prod"",""CostCenter"":""cc-2087"",""Owner"":""team-payments""}"
Microsoft Azure,Microsoft,Microsoft Azure,INV-2026-05-000002,8a1b2c3d-0000-4a00-9000-000000000002,ExampleCorp MCA - Secondary,Microsoft Customer Agreement,44444444-4444-4444-8444-444444444444,sandbox-dev,Subscription,2026-05-01T00:00:00Z,2026-06-01T00:00:00Z,2026-05-21T16:00:00Z,2026-05-21T17:00:00Z,Usage,,Savings Plan unused commitment,Usage-Based,0,0.128064,0.128064,0.128064,1,1,Committed,0.128064,USD,USD,1.0000000000,0.128064,1.0000000000,USD,,,Virtual Machines,Compute,Virtual Machines,AZ-COMMIT-00a636,Commitment,AZSP-8b053ee7,"{""x_Term"":""P1Y"",""x_PaymentOption"":""NoUpfront""}",/subscriptions/44444444-4444-4444-8444-444444444444/providers/Microsoft.BillingBenefits/savingsPlans/6d1c4c852f8c,savingsPlans-fc3b858816,Savings Plan,southeastasia,Southeast Asia,,/subscriptions/44444444-4444-4444-8444-444444444444/providers/Microsoft.BillingBenefits/savingsPlans/6d1c4c852f8c,AzureSavingsPlan-1yr-NoUpfront,Spend,Savings Plan,Unused,0.128064,USD,,,"{""Environment"":""prod"",""CostCenter"":""cc-1042"",""Owner"":""team-payments""}"
Microsoft Azure,Microsoft,Microsoft Azure,INV-2026-05-000002,8a1b2c3d-0000-4a00-9000-000000000002,ExampleCorp MCA - Secondary,Microsoft Customer Agreement,44444444-4444-4444-8444-444444444444,sandbox-dev,Subscription,2026-05-01T00:00:00Z,2026-06-01T00:00:00Z,2026-05-21T17:00:00Z,2026-05-21T18:00:00Z,Purchase,,"Savings Plan commitment, amortised for the charge period",Recurring,0.128064,0,0.128064,0.128064,1,1,Standard,0.128064,USD,USD,1.0000000000,0,1.0000000000,USD,,,Virtual Machines,Compute,Virtual Machines,AZ-COMMIT-00a636,Commitment,AZSP-8b053ee7,"{""x_Term"":""P1Y"",""x_PaymentOption"":""NoUpfront""}",/subscriptions/44444444-4444-4444-8444-444444444444/providers/Microsoft.BillingBenefits/savingsPlans/6d1c4c852f8c,savingsPlans-fc3b858816,Savings Plan,southeastasia,Southeast Asia,,/subscriptions/44444444-4444-4444-8444-444444444444/providers/Microsoft.BillingBenefits/savingsPlans/6d1c4c852f8c,AzureSavingsPlan-1yr-NoUpfront,Spend,Savings Plan,,0.128064,USD,,,"{""Environment"":""staging"",""CostCenter"":""cc-1042"",""Owner"":""team-payments""}"
Microsoft Azure,Microsoft,Microsoft Azure,INV-2026-05-000002,8a1b2c3d-0000-4a00-9000-000000000002,ExampleCorp MCA - Secondary,Microsoft Customer Agreement,44444444-4444-4444-8444-444444444444,sandbox-dev,Subscription,2026-05-01T00:00:00Z,2026-06-01T00:00:00Z,2026-05-21T17:00:00Z,2026-05-21T18:00:00Z,Usage,,Savings Plan unused commitment,Usage-Based,0,0.128064,0.128064,0.128064,1,1,Committed,0.128064,USD,USD,1.0000000000,0.128064,1.0000000000,USD,,,Virtual Machines,Compute,Virtual Machines,AZ-COMMIT-00a636,Commitment,AZSP-8b053ee7,"{""x_Term"":""P1Y"",""x_PaymentOption"":""NoUpfront""}",/subscriptions/44444444-4444-4444-8444-444444444444/providers/Microsoft.BillingBenefits/savingsPlans/6d1c4c852f8c,savingsPlans-fc3b858816,Savings Plan,southeastasia,Southeast Asia,,/subscriptions/44444444-4444-4444-8444-444444444444/providers/Microsoft.BillingBenefits/savingsPlans/6d1c4c852f8c,AzureSavingsPlan-1yr-NoUpfront,Spend,Savings Plan,Unused,0.128064,USD,,,"{""Environment"":""prod"",""CostCenter"":""cc-2087"",""Owner"":""team-data""}"
Microsoft Azure,Microsoft,Microsoft Azure,INV-2026-05-000002,8a1b2c3d-0000-4a00-9000-000000000002,ExampleCorp MCA - Secondary,Microsoft Customer Agreement,22222222-2222-4222-8222-222222222222,staging-platform,Subscription,2026-05-01T00:00:00Z,2026-06-01T00:00:00Z,2026-05-22T06:00:00Z,2026-05-22T07:00:00Z,Usage,,Provisioned throughput,Usage-Based,0.007293245,0.007293245,0.0081036055,0.007293245,0.0081036055,0.0072932450,Standard,1.0000,Hours,USD,0.0072932450,0.007293245,0.0081036055,USD,1.0000,Hours,Azure Cosmos DB,Databases,NoSQL Databases,AZ-AZUR-1a1f8f,Database,AZSP-25a97a3e,"{""x_CapacityMode"":""Provisioned""}",/subscriptions/22222222-2222-4222-8222-222222222222/resourceGroups/rg-staging-platform/providers/Microsoft.DocumentDB/databaseAccounts/cosmos-279c97bb,cosmos-279c97bb,Cosmos DB Account,westeurope,West Europe,,,,,,,,,,,"{""Environment"":""dev"",""CostCenter"":""cc-3110"",""Owner"":""team-data""}"
Microsoft Azure,Microsoft,Microsoft Azure,INV-2026-05-000001,8a1b2c3d-0000-4a00-9000-000000000001,ExampleCorp MCA - Primary,Microsoft Customer Agreement,22222222-2222-4222-8222-222222222222,staging-platform,Subscription,2026-05-01T00:00:00Z,2026-06-01T00:00:00Z,2026-05-08T00:00:00Z,2026-05-09T00:00:00Z,Tax,,Tax for Azure Functions,One-Time,8.075955,8.075955,8.075955,8.075955,,,,,,,,,,USD,,,Azure Functions,Compute,Serverless Compute,,,,,,,,,,,,,,,,,,,,"{""Environment"":""prod"",""CostCenter"":""cc-3110"",""Owner"":""team-payments""}"
Microsoft Azure,Microsoft,Microsoft Azure,INV-2026-05-000002,8a1b2c3d-0000-4a00-9000-000000000002,ExampleCorp MCA - Secondary,Microsoft Customer Agreement,22222222-2222-4222-8222-222222222222,staging-platform,Subscription,2026-05-01T00:00:00Z,2026-06-01T00:00:00Z,2026-05-09T00:00:00Z,2026-05-10T00:00:00Z,Usage,,VNet peering data transfer,Usage-Based,22.7146420938736,22.7146420938736,25.23849110102632,22.7146420938736,0.0098061244,0.0088255120,Standard,2573.7478,GB,EUR,0.0081194710,20.897470726363712,0.0090216344,USD,2573.7478,GB,Virtual Network,Networking,Network Connectivity,AZ-VIRT-917a78,Data Transfer,AZSP-8b61b576,"{""x_TransferType"":""Peering""}",/subscriptions/22222222-2222-4222-8222-222222222222/resourceGroups/rg-staging-platform/providers/Microsoft.Network/virtualNetworks/vnet-908249c3,vnet-908249c3,Virtual Network,westeurope,West Europe,,,,,,,,,,,"{""Environment"":""dev"",""CostCenter"":""cc-2087"",""Owner"":""team-platform""}"
Microsoft Azure,Microsoft,Microsoft Azure,INV-2026-05-000002,8a1b2c3d-0000-4a00-9000-000000000002,ExampleCorp MCA - Secondary,Microsoft Customer Agreement,44444444-4444-4444-8444-444444444444,sandbox-dev,Subscription,2026-05-01T00:00:00Z,2026-06-01T00:00:00Z,2026-05-10T00:00:00Z,2026-05-11T00:00:00Z,Tax,,Tax for Azure Kubernetes Service,One-Time,34.639265,34.639265,34.639265,34.639265,,,,,,,,,,USD,,,Azure Kubernetes Service,Compute,Containers,,,,,,,,,,,,,,,,,,,,"{""Environment"":""prod"",""CostCenter"":""cc-3110"",""Owner"":""team-platform""}"
Microsoft Azure,Microsoft,Microsoft Azure,INV-2026-05-000002,8a1b2c3d-0000-4a00-9000-000000000002,ExampleCorp MCA - Secondary,Microsoft Customer Agreement,44444444-4444-4444-8444-444444444444,sandbox-dev,Subscription,2026-05-01T00:00:00Z,2026-06-01T00:00:00Z,2026-05-11T00:00:00Z,2026-05-12T00:00:00Z,Usage,,VNet peering data transfer,Usage-Based,13.35701590677333,13.35701590677333,14.84112871854774,13.35701590677333,0.0098808514,0.0088927663,Standard,1502.0091,GB,USD,0.0088927663,13.35701590677333,0.0098808514,USD,1502.0091,GB,Virtual Network,Networking,Network Connectivity,AZ-VIRT-3dd43b,Data Transfer,AZSP-e304ccaf,"{""x_TransferType"":""Peering""}",/subscriptions/44444444-4444-4444-8444-444444444444/resourceGroups/rg-sandbox-dev/providers/Microsoft.Network/virtualNetworks/vnet-f208b8ab,vnet-f208b8ab,Virtual Network,southeastasia,Southeast Asia,,,,,,,,,,,"{""Environment"":""dev"",""CostCenter"":""cc-2087"",""Owner"":""team-data""}"
Microsoft Azure,Microsoft,Microsoft Azure,INV-2026-05-000002,8a1b2c3d-0000-4a00-9000-000000000002,ExampleCorp MCA - Secondary,Microsoft Customer Agreement,44444444-4444-4444-8444-444444444444,sandbox-dev,Subscription,2026-05-01T00:00:00Z,2026-06-01T00:00:00Z,2026-05-12T00:00:00Z,2026-05-13T00:00:00Z,Usage,,VNet peering data transfer,Usage-Based,22.0028519466162,22.0028519466162,24.44761332882594,22.0028519466162,0.0099124378,0.0089211940,Standard,2466.3573,GB,USD,0.0089211940,22.0028519466162,0.0099124378,USD,2466.3573,GB,Virtual Network,Networking,Network Connectivity,AZ-VIRT-774f2a,Data Transfer,AZSP-6ab7f934,"{""x_TransferType"":""Peering""}",/subscriptions/44444444-4444-4444-8444-444444444444/resourceGroups/rg-sandbox-dev/providers/Microsoft.Network/virtualNetworks/vnet-f9360ee9,vnet-f9360ee9,Virtual Network,westus2,West US 2,,,,,,,,,,,"{""Environment"":""dev"",""CostCenter"":""cc-2087"",""Owner"":""team-platform""}"
Microsoft Azure,Microsoft,Microsoft Azure,INV-2026-05-000001,8a1b2c3d-0000-4a00-9000-000000000001,ExampleCorp MCA - Primary,Microsoft Customer Agreement,33333333-3333-4333-8333-333333333333,data-analytics,Subscription,2026-05-01T00:00:00Z,2026-06-01T00:00:00Z,2026-05-13T00:00:00Z,2026-05-14T00:00:00Z,Tax,,Tax for Azure Cosmos DB,One-Time,22.225072,22.225072,22.225072,22.225072,,,,,,,,,,USD,,,Azure Cosmos DB,Databases,NoSQL Databases,,,,,,,,,,,,,,,,,,,,"{""Environment"":""dev"",""CostCenter"":""cc-3110"",""Owner"":""team-data""}"
Microsoft Azure,Microsoft,Microsoft Azure,INV-2026-05-000002,8a1b2c3d-0000-4a00-9000-000000000002,ExampleCorp MCA - Secondary,Microsoft Customer Agreement,22222222-2222-4222-8222-222222222222,staging-platform,Subscription,2026-05-01T00:00:00Z,2026-06-01T00:00:00Z,2026-05-01T00:00:00Z,2026-06-01T00:00:00Z,Usage,,Hot LRS data stored,Usage-Based,38.0406264668586,38.0406264668586,42.26736271512924,38.0406264668586,0.0181855461,0.0163669915,Standard,2324.2284,GB-Months,USD,0.0163669915,38.0406264668586,0.0181855461,USD,2324.2284,GB-Months,Azure Blob Storage,Storage,Object Storage,AZ-AZUR-d1c363,Storage,AZSP-0e658dde,"{""x_StorageClass"":""Hot"",""x_Redundancy"":""LRS""}",/subscriptions/22222222-2222-4222-8222-222222222222/resourceGroups/rg-staging-platform/providers/Microsoft.Storage/storageAccounts/stor45b53cd4,stor45b53cd4,Storage Account,eastus,East US,,,,,,,,,,,"{""Environment"":""staging"",""CostCenter"":""cc-2087"",""Owner"":""team-payments""}"
Microsoft Azure,Microsoft,Microsoft Azure,INV-2026-05-000002,8a1b2c3d-0000-4a00-9000-000000000002,ExampleCorp MCA - Secondary,Microsoft Customer Agreement,22222222-2222-4222-8222-222222222222,staging-platform,Subscription,2026-05-01T00:00:00Z,2026-06-01T00:00:00Z,2026-05-22T14:00:00Z,2026-05-22T15:00:00Z,Usage,,Function execution duration,Usage-Based,10.39609063640322,10.39609063640322,11.5512118182258,10.39609063640322,0.0000161490,0.0000145341,Standard,715289.6042,GB-Seconds,USD,0.0000145341,10.39609063640322,0.0000161490,USD,715289.6042,GB-Seconds,Azure Functions,Compute,Serverless Compute,AZ-AZUR-033e13,Compute,AZSP-a5beb758,"{""x_Plan"":""Consumption"",""x_Runtime"":""dotnet8""}",/subscriptions/22222222-2222-4222-8222-222222222222/resourceGroups/rg-staging-platform/providers/Microsoft.Web/sites/func-e8c1a331,func-e8c1a331,Function App,eastus,East US,,,,,,,,,,,"{""Environment"":""staging"",""CostCenter"":""cc-2087"",""Owner"":""team-payments""}"
Microsoft Azure,Microsoft,Microsoft Azure,INV-2026-05-000001,8a1b2c3d-0000-4a00-9000-000000000001,ExampleCorp MCA - Primary,Microsoft Customer Agreement,22222222-2222-4222-8222-222222222222,staging-platform,Subscription,2026-05-01T00:00:00Z,2026-06-01T00:00:00Z,2026-05-16T00:00:00Z,2026-05-17T00:00:00Z,Tax,,Tax for Azure Cosmos DB,One-Time,46.435306,46.435306,46.435306,46.435306,,,,,,,,,,USD,,,Azure Cosmos DB,Databases,NoSQL Databases,,,,,,,,,,,,,,,,,,,,"{""Environment"":""staging"",""CostCenter"":""cc-2087"",""Owner"":""team-data""}"
Microsoft Azure,Microsoft,Microsoft Azure,INV-2026-05-000001,8a1b2c3d-0000-4a00-9000-000000000001,ExampleCorp MCA - Primary,Microsoft Customer Agreement,33333333-3333-4333-8333-333333333333,data-analytics,Subscription,2026-05-01T00:00:00Z,2026-06-01T00:00:00Z,2026-05-01T00:00:00Z,2026-06-01T00:00:00Z,Usage,,Hot LRS data stored,Usage-Based,68.2001096337344,68.2001096337344,75.77789954629776,68.2001096337344,0.0180138711,0.0162124840,Standard,4206.6416,GB-Months,USD,0.0162124840,68.2001096337344,0.0180138711,USD,4206.6416,GB-Months,Azure Blob Storage,Storage,Object Storage,AZ-AZUR-4c4906,Storage,AZSP-098bef76,"{""x_StorageClass"":""Hot"",""x_Redundancy"":""LRS""}",/subscriptions/33333333-3333-4333-8333-333333333333/resourceGroups/rg-data-analytics/providers/Microsoft.Storage/storageAccounts/stor884b799b,stor884b799b,Storage Account,eastus,East US,,,,,,,,,,,"{""Environment"":""staging"",""CostCenter"":""cc-2087"",""Owner"":""team-payments""}"
Microsoft Azure,Microsoft,Microsoft Azure,INV-2026-05-000001,8a1b2c3d-0000-4a00-9000-000000000001,ExampleCorp MCA - Primary,Microsoft Customer Agreement,11111111-1111-4111-8111-111111111111,prod-platform,Subscription,2026-05-01T00:00:00Z,2026-06-01T00:00:00Z,2026-05-18T00:00:00Z,2026-05-19T00:00:00Z,Usage,,Log data ingested,Usage-Based,117.64528909600432,117.64528909600432,130.71698788572144,117.64528909600432,2.2833140238,2.0549826214,Standard,57.2488,GB,USD,2.0549826214,117.64528909600432,2.2833140238,USD,57.2488,GB,Azure Monitor,Management and Governance,Observability,AZ-AZUR-93bea5,Monitoring,AZSP-27e9e172,"{""x_DataType"":""Logs""}",/subscriptions/11111111-1111-4111-8111-111111111111/resourceGroups/rg-prod-platform/providers/Microsoft.OperationalInsights/workspaces/law-586c8c7b,law-586c8c7b,Log Analytics Workspace,southeastasia,Southeast Asia,,,,,,,,,,,"{""Environment"":""dev"",""CostCenter"":""cc-3110"",""Owner"":""team-payments""}"
Microsoft Azure,Microsoft,Microsoft Azure,INV-2026-05-000001,8a1b2c3d-0000-4a00-9000-000000000001,ExampleCorp MCA - Primary,Microsoft Customer Agreement,11111111-1111-4111-8111-111111111111,prod-platform,Subscription,2026-05-01T00:00:00Z,2026-06-01T00:00:00Z,2026-05-01T00:00:00Z,2026-06-01T00:00:00Z,Usage,,Hot LRS data stored,Usage-Based,48.6586445693054,48.6586445693054,54.06516056834762,48.6586445693054,0.0187100822,0.0168390740,Standard,2889.6271,GB-Months,USD,0.0168390740,48.6586445693054,0.0187100822,USD,2889.6271,GB-Months,Azure Blob Storage,Storage,Object Storage,AZ-AZUR-df348c,Storage,AZSP-446bad67,"{""x_StorageClass"":""Hot"",""x_Redundancy"":""LRS""}",/subscriptions/11111111-1111-4111-8111-111111111111/resourceGroups/rg-prod-platform/providers/Microsoft.Storage/storageAccounts/storea317188,storea317188,Storage Account,southeastasia,Southeast Asia,,,,,,,,,,,"{""Environment"":""staging"",""CostCenter"":""cc-1042"",""Owner"":""team-data""}"
Microsoft Azure,Microsoft,Microsoft Azure,INV-2026-05-000001,8a1b2c3d-0000-4a00-9000-000000000001,ExampleCorp MCA - Primary,Microsoft Customer Agreement,44444444-4444-4444-8444-444444444444,sandbox-dev,Subscription,2026-05-01T00:00:00Z,2026-06-01T00:00:00Z,2026-05-20T00:00:00Z,2026-05-21T00:00:00Z,Purchase,,Azure SQL Database subscription fee,Recurring,57.011924,0,57.011924,57.011924,57.011924,57.011924,Standard,1,Units,USD,57.0119240000,0,57.0119240000,USD,,,Azure SQL Database,Databases,Relational Databases,AZ-AZUR-8f7b10,Database,AZSP-d7796452,"{""InstanceType"":""GP_Gen5_4"",""CoreCount"":4,""MemorySize"":20,""x_Engine"":""SQLServer""}",/subscriptions/44444444-4444-4444-8444-444444444444/resourceGroups/rg-sandbox-dev/providers/Microsoft.Sql/servers/databases/sqldb-ecf009e6,sqldb-ecf009e6,SQL Database,westus2,West US 2,,,,,,,,,,,"{""Environment"":""prod"",""CostCenter"":""cc-1042"",""Owner"":""team-platform""}"
Microsoft Azure,Microsoft,Microsoft Azure,INV-2026-05-000001,8a1b2c3d-0000-4a00-9000-000000000001,ExampleCorp MCA - Primary,Microsoft Customer Agreement,33333333-3333-4333-8333-333333333333,data-analytics,Subscription,2026-05-01T00:00:00Z,2026-06-01T00:00:00Z,2026-05-22T20:00:00Z,2026-05-22T21:00:00Z,Usage,,AKS node pool hours,Usage-Based,0.1692150553,0.1692150553,0.1880167281,0.1692150553,0.1880167281,0.1692150553,Standard,1.0000,Hours,EUR,0.1556778509,0.155677850876,0.1729753899,USD,1.0000,Hours,Azure Kubernetes Service,Compute,Containers,AZ-AZUR-b23b9d,Compute,AZSP-d7a9346d,"{""InstanceType"":""Standard_D4s_v5"",""CoreCount"":4,""MemorySize"":16,""x_NodePool"":""system""}",/subscriptions/33333333-3333-4333-8333-333333333333/resourceGroups/rg-data-analytics/providers/Microsoft.ContainerService/managedClusters/aks-f7896227,aks-f7896227,Managed Cluster,southeastasia,Southeast Asia,,,,,,,,,,,"{""Environment"":""dev"",""CostCenter"":""cc-3110"",""Owner"":""team-payments""}"
Microsoft Azure,Microsoft,Microsoft Azure,INV-2026-05-000002,8a1b2c3d-0000-4a00-9000-000000000002,ExampleCorp MCA - Secondary,Microsoft Customer Agreement,33333333-3333-4333-8333-333333333333,data-analytics,Subscription,2026-05-01T00:00:00Z,2026-06-01T00:00:00Z,2026-05-22T21:00:00Z,2026-05-22T22:00:00Z,Usage,,AKS node pool hours,Usage-Based,0.1751073366,0.1751073366,0.1945637073,0.1751073366,0.1945637073,0.1751073366,Standard,1.0000,Hours,USD,0.1751073366,0.1751073366,0.1945637073,USD,1.0000,Hours,Azure Kubernetes Service,Compute,Containers,AZ-AZUR-7b2dd8,Compute,AZSP-594a0b3f,"{""InstanceType"":""Standard_D4s_v5"",""CoreCount"":4,""MemorySize"":16,""x_NodePool"":""system""}",/subscriptions/33333333-3333-4333-8333-333333333333/resourceGroups/rg-data-analytics/providers/Microsoft.ContainerService/managedClusters/aks-93495125,aks-93495125,Managed Cluster,westus2,West US 2,,,,,,,,,,,"{""Environment"":""prod"",""CostCenter"":""cc-1042"",""Owner"":""team-data""}"
Microsoft Azure,Microsoft,Microsoft Azure,INV-2026-05-000002,8a1b2c3d-0000-4a00-9000-000000000002,ExampleCorp MCA - Secondary,Microsoft Customer Agreement,33333333-3333-4333-8333-333333333333,data-analytics,Subscription,2026-05-01T00:00:00Z,2026-06-01T00:00:00Z,2026-05-22T22:00:00Z,2026-05-22T23:00:00Z,Usage,,Standard_D4s_v5 instance,Usage-Based,0.1758187396,0.1758187396,0.1953541551,0.1758187396,0.1953541551,0.1758187396,Standard,1.0000,Hours,USD,0.1758187396,0.1758187396,0.1953541551,USD,1.0000,Hours,Virtual Machines,Compute,Virtual Machines,AZ-VIRT-daecf7,Compute,AZSP-e1115d98,"{""InstanceType"":""Standard_D4s_v5"",""InstanceSeries"":""Ddsv5"",""CoreCount"":4,""MemorySize"":16,""OperatingSystem"":""Linux"",""x_Tenancy"":""Shared""}",/subscriptions/33333333-3333-4333-8333-333333333333/resourceGroups/rg-data-analytics/providers/Microsoft.Compute/virtualMachines/vm-797e29b4,vm-797e29b4,Virtual Machine,westus2,West US 2,westus2-2,,,,,,,,,,"{""Environment"":""dev"",""CostCenter"":""cc-3110"",""Owner"":""team-platform""}"
Microsoft Azure,Microsoft,Microsoft Azure,INV-2026-05-000001,8a1b2c3d-0000-4a00-9000-000000000001,ExampleCorp MCA - Primary,Microsoft Customer Agreement,11111111-1111-4111-8111-111111111111,prod-platform,Subscription,2026-05-01T00:00:00Z,2026-06-01T00:00:00Z,2026-05-24T00:00:00Z,2026-05-25T00:00:00Z,Tax,,Tax for Azure Cosmos DB,One-Time,14.693802,14.693802,14.693802,14.693802,,,,,,,,,,USD,,,Azure Cosmos DB,Databases,NoSQL Databases,,,,,,,,,,,,,,,,,,,,"{""Environment"":""dev"",""CostCenter"":""cc-2087"",""Owner"":""team-data""}"
Microsoft Azure,Microsoft,Microsoft Azure,INV-2026-05-000001,8a1b2c3d-0000-4a00-9000-000000000001,ExampleCorp MCA - Primary,Microsoft Customer Agreement,22222222-2222-4222-8222-222222222222,staging-platform,Subscription,2026-05-01T00:00:00Z,2026-06-01T00:00:00Z,2026-05-25T00:00:00Z,2026-05-26T00:00:00Z,Usage,,Log data ingested,Usage-Based,695.94413597314163,695.94413597314163,773.27126217718978,695.94413597314163,2.2625440454,2.0362896409,Standard,341.7707,GB,USD,2.0362896409,695.94413597314163,2.2625440454,USD,341.7707,GB,Azure Monitor,Management and Governance,Observability,AZ-AZUR-2cf52b,Monitoring,AZSP-2ae017b4,"{""x_DataType"":""Logs""}",/subscriptions/22222222-2222-4222-8222-222222222222/resourceGroups/rg-staging-platform/providers/Microsoft.OperationalInsights/workspaces/law-271b6eb0,law-271b6eb0,Log Analytics Workspace,westeurope,West Europe,,,,,,,,,,,"{""Environment"":""staging"",""CostCenter"":""cc-3110"",""Owner"":""team-platform""}"
Microsoft Azure,Microsoft,Microsoft Azure,INV-2026-05-000001,8a1b2c3d-0000-4a00-9000-000000000001,ExampleCorp MCA - Primary,Microsoft Customer Agreement,33333333-3333-4333-8333-333333333333,data-analytics,Subscription,2026-05-01T00:00:00Z,2026-06-01T00:00:00Z,2026-05-23T01:00:00Z,2026-05-23T02:00:00Z,Usage,,Function execution duration,Usage-Based,34.23724966317664,34.23724966317664,38.04144097032736,34.23724966317664,0.0000161158,0.0000145042,Standard,2360505.8992,GB-Seconds,USD,0.0000145042,34.23724966317664,0.0000161158,USD,2360505.8992,GB-Seconds,Azure Functions,Compute,Serverless Compute,AZ-AZUR-554d3e,Compute,AZSP-9d967998,"{""x_Plan"":""Consumption"",""x_Runtime"":""dotnet8""}",/subscriptions/33333333-3333-4333-8333-333333333333/resourceGroups/rg-data-analytics/providers/Microsoft.Web/sites/func-a61105e7,func-a61105e7,Function App,eastus,East US,,,,,,,,,,,"{""Environment"":""prod"",""CostCenter"":""cc-3110"",""Owner"":""team-data""}"
Microsoft Azure,Microsoft,Microsoft Azure,INV-2026-05-000002,8a1b2c3d-0000-4a00-9000-000000000002,ExampleCorp MCA - Secondary,Microsoft Customer Agreement,44444444-4444-4444-8444-444444444444,sandbox-dev,Subscription,2026-05-01T00:00:00Z,2026-06-01T00:00:00Z,2026-05-27T00:00:00Z,2026-05-28T00:00:00Z,Usage,,VNet peering data transfer,Usage-Based,34.45350445115425,34.45350445115425,38.28167140384125,34.45350445115425,0.0101977245,0.0091779521,Standard,3753.9425,GB,USD,0.0091779521,34.45350445115425,0.0101977245,USD,3753.9425,GB,Virtual Network,Networking,Network Connectivity,AZ-VIRT-8362de,Data Transfer,AZSP-0eace955,"{""x_TransferType"":""Peering""}",/subscriptions/44444444-4444-4444-8444-444444444444/resourceGroups/rg-sandbox-dev/providers/Microsoft.Network/virtualNetworks/vnet-dab2e526,vnet-dab2e526,Virtual Network,eastus,East US,,,,,,,,,,,"{""Environment"":""dev"",""CostCenter"":""cc-2087"",""Owner"":""team-platform""}"
Microsoft Azure,Microsoft,Microsoft Azure,INV-2026-05-000001,8a1b2c3d-0000-4a00-9000-000000000001,ExampleCorp MCA - Primary,Microsoft Customer Agreement,44444444-4444-4444-8444-444444444444,sandbox-dev,Subscription,2026-05-01T00:00:00Z,2026-06-01T00:00:00Z,2026-05-28T00:00:00Z,2026-05-29T00:00:00Z,Tax,,Tax for Virtual Network,One-Time,36.525998,36.525998,36.525998,36.525998,,,,,,,,,,USD,,,Virtual Network,Networking,Network Connectivity,,,,,,,,,,,,,,,,,,,,"{""Environment"":""prod"",""CostCenter"":""cc-1042"",""Owner"":""team-payments""}"
Microsoft Azure,Microsoft,Microsoft Azure,INV-2026-05-000001,8a1b2c3d-0000-4a00-9000-000000000001,ExampleCorp MCA - Primary,Microsoft Customer Agreement,44444444-4444-4444-8444-444444444444,sandbox-dev,Subscription,2026-05-01T00:00:00Z,2026-06-01T00:00:00Z,2026-05-23T04:00:00Z,2026-05-23T05:00:00Z,Usage,,Function execution duration,Usage-Based,43.7764600460736,43.7764600460736,48.640511162304,43.7764600460736,0.0000157600,0.0000141840,Standard,3086326.8504,GB-Seconds,EUR,0.0000130493,40.274343242387712,0.0000144992,USD,3086326.8504,GB-Seconds,Azure Functions,Compute,Serverless Compute,AZ-AZUR-305579,Compute,AZSP-b37dc62f,"{""x_Plan"":""Consumption"",""x_Runtime"":""dotnet8""}",/subscriptions/44444444-4444-4444-8444-444444444444/resourceGroups/rg-sandbox-dev/providers/Microsoft.Web/sites/func-6c6861bf,func-6c6861bf,Function App,southeastasia,Southeast Asia,,,,,,,,,,,"{""Environment"":""dev"",""CostCenter"":""cc-2087"",""Owner"":""team-platform""}"
Microsoft Azure,Microsoft,Microsoft Azure,INV-2026-05-000001,8a1b2c3d-0000-4a00-9000-000000000001,ExampleCorp MCA - Primary,Microsoft Customer Agreement,11111111-1111-4111-8111-111111111111,prod-platform,Subscription,2026-05-01T00:00:00Z,2026-06-01T00:00:00Z,2026-05-02T00:00:00Z,2026-05-03T00:00:00Z,Tax,,Tax for Azure Cosmos DB,One-Time,29.066234,29.066234,29.066234,29.066234,,,,,,,,,,USD,,,Azure Cosmos DB,Databases,NoSQL Databases,,,,,,,,,,,,,,,,,,,,"{""Environment"":""dev"",""CostCenter"":""cc-3110"",""Owner"":""team-payments""}"
Microsoft Azure,Microsoft,Microsoft Azure,INV-2026-05-000002,8a1b2c3d-0000-4a00-9000-000000000002,ExampleCorp MCA - Secondary,Microsoft Customer Agreement,11111111-1111-4111-8111-111111111111,prod-platform,Subscription,2026-05-01T00:00:00Z,2026-06-01T00:00:00Z,2026-05-03T00:00:00Z,2026-05-04T00:00:00Z,Usage,,VNet peering data transfer,Usage-Based,26.04788984261376,26.04788984261376,28.94209979219136,26.04788984261376,0.0097640351,0.0087876316,Standard,2964.1536,GB,USD,0.0087876316,26.04788984261376,0.0097640351,USD,2964.1536,GB,Virtual Network,Networking,Network Connectivity,AZ-VIRT-8ce135,Data Transfer,AZSP-e5814ee1,"{""x_TransferType"":""Peering""}",/subscriptions/11111111-1111-4111-8111-111111111111/resourceGroups/rg-prod-platform/providers/Microsoft.Network/virtualNetworks/vnet-043e12c7,vnet-043e12c7,Virtual Network,westus2,West US 2,,,,,,,,,,,"{""Environment"":""dev"",""CostCenter"":""cc-1042"",""Owner"":""team-payments""}"
Microsoft Azure,Microsoft,Microsoft Azure,INV-2026-05-000002,8a1b2c3d-0000-4a00-9000-000000000002,ExampleCorp MCA - Secondary,Microsoft Customer Agreement,11111111-1111-4111-8111-111111111111,prod-platform,Subscription,2026-05-01T00:00:00Z,2026-06-01T00:00:00Z,2026-05-23T07:00:00Z,2026-05-23T08:00:00Z,Usage,,AKS node pool hours,Usage-Based,0.1778841335,0.1778841335,0.1976490372,0.1778841335,0.1976490372,0.1778841335,Standard,1.0000,Hours,USD,0.1778841335,0.1778841335,0.1976490372,USD,1.0000,Hours,Azure Kubernetes Service,Compute,Containers,AZ-AZUR-966513,Compute,AZSP-b4220522,"{""InstanceType"":""Standard_D4s_v5"",""CoreCount"":4,""MemorySize"":16,""x_NodePool"":""system""}",/subscriptions/11111111-1111-4111-8111-111111111111/resourceGroups/rg-prod-platform/providers/Microsoft.ContainerService/managedClusters/aks-727f45be,aks-727f45be,Managed Cluster,westus2,West US 2,,,,,,,,,,,"{""Environment"":""staging"",""CostCenter"":""cc-3110"",""Owner"":""team-platform""}"
Microsoft Azure,Microsoft,Microsoft Azure,INV-2026-05-000002,8a1b2c3d-0000-4a00-9000-000000000002,ExampleCorp MCA - Secondary,Microsoft Customer Agreement,44444444-4444-4444-8444-444444444444,sandbox-dev,Subscription,2026-05-01T00:00:00Z,2026-06-01T00:00:00Z,2026-05-05T00:00:00Z,2026-05-06T00:00:00Z,Purchase,,Azure Monitor subscription fee,Recurring,795.350530,0,795.350530,795.350530,795.350530,795.350530,Standard,1,Units,USD,795.3505300000,0,795.3505300000,USD,,,Azure Monitor,Management and Governance,Observability,AZ-AZUR-70dd1c,Monitoring,AZSP-46160a88,"{""x_DataType"":""Logs""}",/subscriptions/44444444-4444-4444-8444-444444444444/resourceGroups/rg-sandbox-dev/providers/Microsoft.OperationalInsights/workspaces/law-84f986df,law-84f986df,Log Analytics Workspace,westeurope,West Europe,,,,,,,,,,,"{""Environment"":""prod"",""CostCenter"":""cc-2087"",""Owner"":""team-payments""}"
Microsoft Azure,Microsoft,Microsoft Azure,INV-2026-05-000001,8a1b2c3d-0000-4a00-9000-000000000001,ExampleCorp MCA - Primary,Microsoft Customer Agreement,44444444-4444-4444-8444-444444444444,sandbox-dev,Subscription,2026-05-01T00:00:00Z,2026-06-01T00:00:00Z,2026-05-23T09:00:00Z,2026-05-23T10:00:00Z,Usage,,General Purpose 4 vCore,Usage-Based,0.4541335008,0.4541335008,0.5045927787,0.4541335008,0.5045927787,0.4541335008,Standard,1.0000,Hours,USD,0.4541335008,0.4541335008,0.5045927787,USD,1.0000,Hours,Azure SQL Database,Databases,Relational Databases,AZ-AZUR-7af501,Database,AZSP-b9553af8,"{""InstanceType"":""GP_Gen5_4"",""CoreCount"":4,""MemorySize"":20,""x_Engine"":""SQLServer""}",/subscriptions/44444444-4444-4444-8444-444444444444/resourceGroups/rg-sandbox-dev/providers/Microsoft.Sql/servers/databases/sqldb-d2b9ac2d,sqldb-d2b9ac2d,SQL Database,westus2,West US 2,,,,,,,,,,,"{""Environment"":""prod"",""CostCenter"":""cc-3110"",""Owner"":""team-payments""}"
Microsoft Azure,Microsoft,Microsoft Azure,INV-2026-05-000001,8a1b2c3d-0000-4a00-9000-000000000001,ExampleCorp MCA - Primary,Microsoft Customer Agreement,22222222-2222-4222-8222-222222222222,staging-platform,Subscription,2026-05-01T00:00:00Z,2026-06-01T00:00:00Z,2026-05-01T00:00:00Z,2026-06-01T00:00:00Z,Usage,,Hot LRS data stored,Usage-Based,132.34430868740466,132.34430868740466,147.04923213680997,132.34430868740466,0.0187145607,0.0168431046,Standard,7857.4771,GB-Months,USD,0.0168431046,132.34430868740466,0.0187145607,USD,7857.4771,GB-Months,Azure Blob Storage,Storage,Object Storage,AZ-AZUR-a80bd9,Storage,AZSP-abbebd4f,"{""x_StorageClass"":""Hot"",""x_Redundancy"":""LRS""}",/subscriptions/22222222-2222-4222-8222-222222222222/resourceGroups/rg-staging-platform/providers/Microsoft.Storage/storageAccounts/stor9cc48031,stor9cc48031,Storage Account,southeastasia,Southeast Asia,,,,,,,,,,,"{""Environment"":""prod"",""CostCenter"":""cc-2087"",""Owner"":""team-data""}"
Microsoft Azure,Microsoft,Microsoft Azure,INV-2026-05-000001,8a1b2c3d-0000-4a00-9000-000000000001,ExampleCorp MCA - Primary,Microsoft Customer Agreement,11111111-1111-4111-8111-111111111111,prod-platform,Subscription,2026-05-01T00:00:00Z,2026-06-01T00:00:00Z,2026-05-23T11:00:00Z,2026-05-23T12:00:00Z,Usage,,Standard_D4s_v5 instance,Usage-Based,0.1677256024,0.1677256024,0.1863617804,0.1677256024,0.1863617804,0.1677256024,Standard,1.0000,Hours,USD,0.1677256024,0.1677256024,0.1863617804,USD,1.0000,Hours,Virtual Machines,Compute,Virtual Machines,AZ-VIRT-7d13a0,Compute,AZSP-7de82d66,"{""InstanceType"":""Standard_D4s_v5"",""InstanceSeries"":""Ddsv5"",""CoreCount"":4,""MemorySize"":16,""OperatingSystem"":""Linux"",""x_Tenancy"":""Shared""}",/subscriptions/11111111-1111-4111-8111-111111111111/resourceGroups/rg-prod-platform/providers/Microsoft.Compute/virtualMachines/vm-e8e67e33,vm-e8e67e33,Virtual Machine,westus2,West US 2,westus2-2,,,,,,,,,,"{""Environment"":""dev"",""CostCenter"":""cc-3110"",""Owner"":""team-payments""}"
Microsoft Azure,Microsoft,Microsoft Azure,INV-2026-05-000002,8a1b2c3d-0000-4a00-9000-000000000002,ExampleCorp MCA - Secondary,Microsoft Customer Agreement,33333333-3333-4333-8333-333333333333,data-analytics,Subscription,2026-05-01T00:00:00Z,2026-06-01T00:00:00Z,2026-05-09T00:00:00Z,2026-05-10T00:00:00Z,Usage,,VNet peering data transfer,Usage-Based,17.293848866048,17.293848866048,19.2153877166536,17.293848866048,0.0097366756,0.0087630080,Standard,1973.5060,GB,USD,0.0087630080,17.293848866048,0.0097366756,USD,1973.5060,GB,Virtual Network,Networking,Network Connectivity,AZ-VIRT-14909f,Data Transfer,AZSP-8c679ee5,"{""x_TransferType"":""Peering""}",/subscriptions/33333333-3333-4333-8333-333333333333/resourceGroups/rg-data-analytics/providers/Microsoft.Network/virtualNetworks/vnet-15366a55,vnet-15366a55,Virtual Network,westus2,West US 2,,,,,,,,,,,"{""Environment"":""dev"",""CostCenter"":""cc-2087"",""Owner"":""team-data""}"
Microsoft Azure,Microsoft,Microsoft Azure,INV-2026-05-000001,8a1b2c3d-0000-4a00-9000-000000000001,ExampleCorp MCA - Primary,Microsoft Customer Agreement,33333333-3333-4333-8333-333333333333,data-analytics,Subscription,2026-05-01T00:00:00Z,2026-06-01T00:00:00Z,2026-05-23T13:00:00Z,2026-05-23T14:00:00Z,Usage,,Function execution duration,Usage-Based,40.41841072585152,40.41841072585152,44.90922121939164,40.41841072585152,0.0000160924,0.0000144832,Standard,2790709.9761,GB-Seconds,USD,0.0000144832,40.41841072585152,0.0000160924,USD,2790709.9761,GB-Seconds,Azure Functions,Compute,Serverless Compute,AZ-AZUR-15f8cd,Compute,AZSP-a59255ec,"{""x_Plan"":""Consumption"",""x_Runtime"":""dotnet8""}",/subscriptions/33333333-3333-4333-8333-333333333333/resourceGroups/rg-data-analytics/providers/Microsoft.Web/sites/func-16e836d9,func-16e836d9,Function App,eastus,East US,,,,,,,,,,,"{""Environment"":""prod"",""CostCenter"":""cc-1042"",""Owner"":""team-payments""}"
Microsoft Azure,Microsoft,Microsoft Azure,INV-2026-05-000002,8a1b2c3d-0000-4a00-9000-000000000002,ExampleCorp MCA - Secondary,Microsoft Customer Agreement,33333333-3333-4333-8333-333333333333,data-analytics,Subscription,2026-05-01T00:00:00Z,2026-06-01T00:00:00Z,2026-05-23T14:00:00Z,2026-05-23T15:00:00Z,Usage,,AKS node pool hours,Usage-Based,0.1741756113,0.1741756113,0.193528457,0.1741756113,0.1935284570,0.1741756113,Standard,1.0000,Hours,USD,0.1741756113,0.1741756113,0.1935284570,USD,1.0000,Hours,Azure Kubernetes Service,Compute,Containers,AZ-AZUR-fa831a,Compute,AZSP-1168790e,"{""InstanceType"":""Standard_D4s_v5"",""CoreCount"":4,""MemorySize"":16,""x_NodePool"":""system""}",/subscriptions/33333333-3333-4333-8333-333333333333/resourceGroups/rg-data-analytics/providers/Microsoft.ContainerService/managedClusters/aks-8da6859e,aks-8da6859e,Managed Cluster,eastus,East US,,,,,,,,,,,"{""Environment"":""dev"",""CostCenter"":""cc-3110"",""Owner"":""team-payments""}"
Microsoft Azure,Microsoft,Microsoft Azure,INV-2026-05-000002,8a1b2c3d-0000-4a00-9000-000000000002,ExampleCorp MCA - Secondary,Microsoft Customer Agreement,33333333-3333-4333-8333-333333333333,data-analytics,Subscription,2026-05-01T00:00:00Z,2026-06-01T00:00:00Z,2026-05-12T00:00:00Z,2026-05-13T00:00:00Z,Usage,,Log data ingested,Usage-Based,145.28434583835575,145.28434583835575,161.4270509283341,145.28434583835575,2.2616274394,2.0354646955,Standard,71.3765,GB,USD,2.0354646955,145.28434583835575,2.2616274394,USD,71.3765,GB,Azure Monitor,Management and Governance,Observability,AZ-AZUR-f802ee,Monitoring,AZSP-5060d1c2,"{""x_DataType"":""Logs""}",/subscriptions/33333333-3333-4333-8333-333333333333/resourceGroups/rg-data-analytics/providers/Microsoft.OperationalInsights/workspaces/law-4202319f,law-4202319f,Log Analytics Workspace,eastus,East US,,,,,,,,,,,"{""Environment"":""dev"",""CostCenter"":""cc-3110"",""Owner"":""team-platform""}"
Microsoft Azure,Microsoft,Microsoft Azure,INV-2026-05-000001,8a1b2c3d-0000-4a00-9000-000000000001,ExampleCorp MCA - Primary,Microsoft Customer Agreement,11111111-1111-4111-8111-111111111111,prod-platform,Subscription,2026-05-01T00:00:00Z,2026-06-01T00:00:00Z,2026-05-23T16:00:00Z,2026-05-23T17:00:00Z,Usage,,Provisioned throughput,Usage-Based,0.007017833,0.007017833,0.0077975922,0.007017833,0.0077975922,0.0070178330,Standard,1.0000,Hours,USD,0.0070178330,0.007017833,0.0077975922,USD,1.0000,Hours,Azure Cosmos DB,Databases,NoSQL Databases,AZ-AZUR-49d7ee,Database,AZSP-ccf8bdb2,"{""x_CapacityMode"":""Provisioned""}",/subscriptions/11111111-1111-4111-8111-111111111111/resourceGroups/rg-prod-platform/providers/Microsoft.DocumentDB/databaseAccounts/cosmos-0b4dfb4d,cosmos-0b4dfb4d,Cosmos DB Account,westeurope,West Europe,,,,,,,,,,,"{""Environment"":""staging"",""CostCenter"":""cc-2087"",""Owner"":""team-data""}"
Microsoft Azure,Microsoft,Microsoft Azure,INV-2026-05-000002,8a1b2c3d-0000-4a00-9000-000000000002,ExampleCorp MCA - Secondary,Microsoft Customer Agreement,22222222-2222-4222-8222-222222222222,staging-platform,Subscription,2026-05-01T00:00:00Z,2026-06-01T00:00:00Z,2026-05-14T00:00:00Z,2026-05-15T00:00:00Z,Usage,,VNet peering data transfer,Usage-Based,17.05427411834348,17.05427411834348,18.94919342293136,17.05427411834348,0.0100512212,0.0090460991,Standard,1885.2628,GB,USD,0.0090460991,17.05427411834348,0.0100512212,USD,1885.2628,GB,Virtual Network,Networking,Network Connectivity,AZ-VIRT-c1a65e,Data Transfer,AZSP-5da7a15f,"{""x_TransferType"":""Peering""}",/subscriptions/22222222-2222-4222-8222-222222222222/resourceGroups/rg-staging-platform/providers/Microsoft.Network/virtualNetworks/vnet-53b57055,vnet-53b57055,Virtual Network,westus2,West US 2,,,,,,,,,,,"{""Environment"":""staging"",""CostCenter"":""cc-1042"",""Owner"":""team-payments""}"
Microsoft Azure,Microsoft,Microsoft Azure,INV-2026-05-000002,8a1b2c3d-0000-4a00-9000-000000000002,ExampleCorp MCA - Secondary,Microsoft Customer Agreement,11111111-1111-4111-8111-111111111111,prod-platform,Subscription,2026-05-01T00:00:00Z,2026-06-01T00:00:00Z,2026-05-15T00:00:00Z,2026-05-16T00:00:00Z,Tax,,Tax for Azure SQL Database,One-Time,35.069188,35.069188,35.069188,35.069188,,,,,,,,,,USD,,,Azure SQL Database,Databases,Relational Databases,,,,,,,,,,,,,,,,,,,,"{""Environment"":""staging"",""CostCenter"":""cc-2087"",""Owner"":""team-data""}"
Microsoft Azure,Microsoft,Microsoft Azure,INV-2026-05-000002,8a1b2c3d-0000-4a00-9000-000000000002,ExampleCorp MCA - Secondary,Microsoft Customer Agreement,33333333-3333-4333-8333-333333333333,data-analytics,Subscription,2026-05-01T00:00:00Z,2026-06-01T00:00:00Z,2026-05-23T19:00:00Z,2026-05-23T20:00:00Z,Usage,,Provisioned throughput,Usage-Based,0.0073572128,0.0073572128,0.0081746809,0.0073572128,0.0081746809,0.0073572128,Standard,1.0000,Hours,USD,0.0073572128,0.0073572128,0.0081746809,USD,1.0000,Hours,Azure Cosmos DB,Databases,NoSQL Databases,AZ-AZUR-6803ba,Database,AZSP-189c385d,"{""x_CapacityMode"":""Provisioned""}",/subscriptions/33333333-3333-4333-8333-333333333333/resourceGroups/rg-data-analytics/providers/Microsoft.DocumentDB/databaseAccounts/cosmos-23a69df4,cosmos-23a69df4,Cosmos DB Account,westus2,West US 2,,,,,,,,,,,"{""Environment"":""dev"",""CostCenter"":""cc-2087"",""Owner"":""team-platform""}"
Microsoft Azure,Microsoft,Microsoft Azure,INV-2026-05-000001,8a1b2c3d-0000-4a00-9000-000000000001,ExampleCorp MCA - Primary,Microsoft Customer Agreement,22222222-2222-4222-8222-222222222222,staging-platform,Subscription,2026-05-01T00:00:00Z,2026-06-01T00:00:00Z,2026-05-23T20:00:00Z,2026-05-23T21:00:00Z,Usage,,General Purpose 4 vCore,Usage-Based,0.4596808598,0.4596808598,0.5107565109,0.4596808598,0.5107565109,0.4596808598,Standard,1.0000,Hours,USD,0.4596808598,0.4596808598,0.5107565109,USD,1.0000,Hours,Azure SQL Database,Databases,Relational Databases,AZ-AZUR-32130c,Database,AZSP-c6cd0299,"{""InstanceType"":""GP_Gen5_4"",""CoreCount"":4,""MemorySize"":20,""x_Engine"":""SQLServer""}",/subscriptions/22222222-2222-4222-8222-222222222222/resourceGroups/rg-staging-platform/providers/Microsoft.Sql/servers/databases/sqldb-6e5ae06d,sqldb-6e5ae06d,SQL Database,eastus,East US,,,,,,,,,,,"{""Environment"":""dev"",""CostCenter"":""cc-1042"",""Owner"":""team-data""}"
Microsoft Azure,Microsoft,Microsoft Azure,INV-2026-05-000002,8a1b2c3d-0000-4a00-9000-000000000002,ExampleCorp MCA - Secondary,Microsoft Customer Agreement,44444444-4444-4444-8444-444444444444,sandbox-dev,Subscription,2026-05-01T00:00:00Z,2026-06-01T00:00:00Z,2026-05-23T21:00:00Z,2026-05-23T22:00:00Z,Usage,,Provisioned throughput,Usage-Based,0.007260548,0.007260548,0.0080672756,0.007260548,0.0080672756,0.0072605480,Standard,1.0000,Hours,USD,0.0072605480,0.007260548,0.0080672756,USD,1.0000,Hours,Azure Cosmos DB,Databases,NoSQL Databases,AZ-AZUR-f2b248,Database,AZSP-bfb3d25f,"{""x_CapacityMode"":""Provisioned""}",/subscriptions/44444444-4444-4444-8444-444444444444/resourceGroups/rg-sandbox-dev/providers/Microsoft.DocumentDB/databaseAccounts/cosmos-26f8a6ea,cosmos-26f8a6ea,Cosmos DB Account,westeurope,West Europe,,,,,,,,,,,"{""Environment"":""staging"",""CostCenter"":""cc-2087"",""Owner"":""team-platform""}"
Microsoft Azure,Microsoft,Microsoft Azure,INV-2026-05-000001,8a1b2c3d-0000-4a00-9000-000000000001,ExampleCorp MCA - Primary,Microsoft Customer Agreement,33333333-3333-4333-8333-333333333333,data-analytics,Subscription,2026-05-01T00:00:00Z,2026-06-01T00:00:00Z,2026-05-23T22:00:00Z,2026-05-23T23:00:00Z,Usage,,Function execution duration,Usage-Based,32.8265732639812,32.8265732639812,36.4740687511992,32.8265732639812,0.0000164646,0.0000148181,Standard,2215302.4520,GB-Seconds,EUR,0.0000136327,30.200447402862704,0.0000151474,USD,2215302.4520,GB-Seconds,Azure Functions,Compute,Serverless Compute,AZ-AZUR-9e3676,Compute,AZSP-1032bfce,"{""x_Plan"":""Consumption"",""x_Runtime"":""dotnet8""}",/subscriptions/33333333-3333-4333-8333-333333333333/resourceGroups/rg-data-analytics/providers/Microsoft.Web/sites/func-1a1cc9cc,func-1a1cc9cc,Function App,westeurope,West Europe,,,,,,,,,,,"{""Environment"":""staging"",""CostCenter"":""cc-2087"",""Owner"":""team-data""}"
Microsoft Azure,Microsoft,Microsoft Azure,INV-2026-05-000001,8a1b2c3d-0000-4a00-9000-000000000001,ExampleCorp MCA - Primary,Microsoft Customer Agreement,11111111-1111-4111-8111-111111111111,prod-platform,Subscription,2026-05-01T00:00:00Z,2026-06-01T00:00:00Z,2026-05-23T23:00:00Z,2026-05-24T00:00:00Z,Usage,,General Purpose 4 vCore,Usage-Based,0.4580978424,0.4580978424,0.5089976027,0.4580978424,0.5089976027,0.4580978424,Standard,1.0000,Hours,USD,0.4580978424,0.4580978424,0.5089976027,USD,1.0000,Hours,Azure SQL Database,Databases,Relational Databases,AZ-AZUR-93e93f,Database,AZSP-d92dcb1a,"{""InstanceType"":""GP_Gen5_4"",""CoreCount"":4,""MemorySize"":20,""x_Engine"":""SQLServer""}",/subscriptions/11111111-1111-4111-8111-111111111111/resourceGroups/rg-prod-platform/providers/Microsoft.Sql/servers/databases/sqldb-d23be6d2,sqldb-d23be6d2,SQL Database,southeastasia,Southeast Asia,,,,,,,,,,,"{""Environment"":""dev"",""CostCenter"":""cc-3110"",""Owner"":""team-data""}"
Microsoft Azure,Microsoft,Microsoft Azure,INV-2026-05-000002,8a1b2c3d-0000-4a00-9000-000000000002,ExampleCorp MCA - Secondary,Microsoft Customer Agreement,22222222-2222-4222-8222-222222222222,staging-platform,Subscription,2026-05-01T00:00:00Z,2026-06-01T00:00:00Z,2026-05-24T00:00:00Z,2026-05-24T01:00:00Z,Usage,,Provisioned throughput,Usage-Based,0.0073715487,0.0073715487,0.0081906097,0.0073715487,0.0081906097,0.0073715487,Standard,1.0000,Hours,USD,0.0073715487,0.0073715487,0.0081906097,USD,1.0000,Hours,Azure Cosmos DB,Databases,NoSQL Databases,AZ-AZUR-ce29cf,Database,AZSP-0fd815f2,"{""x_CapacityMode"":""Provisioned""}",/subscriptions/22222222-2222-4222-8222-222222222222/resourceGroups/rg-staging-platform/providers/Microsoft.DocumentDB/databaseAccounts/cosmos-7a78f9f1,cosmos-7a78f9f1,Cosmos DB Account,southeastasia,Southeast Asia,,,,,,,,,,,"{""Environment"":""staging"",""CostCenter"":""cc-2087"",""Owner"":""team-data""}"
Microsoft Azure,Microsoft,Microsoft Azure,INV-2026-05-000002,8a1b2c3d-0000-4a00-9000-000000000002,ExampleCorp MCA - Secondary,Microsoft Customer Agreement,33333333-3333-4333-8333-333333333333,data-analytics,Subscription,2026-05-01T00:00:00Z,2026-06-01T00:00:00Z,2026-05-24T01:00:00Z,2026-05-24T02:00:00Z,Usage,,Function execution duration,Usage-Based,21.73499728812516,21.73499728812516,24.14998041802161,21.73499728812516,0.0000161951,0.0000145756,Standard,1491190.5711,GB-Seconds,USD,0.0000145756,21.73499728812516,0.0000161951,USD,1491190.5711,GB-Seconds,Azure Functions,Compute,Serverless Compute,AZ-AZUR-c61b3f,Compute,AZSP-2376f534,"{""x_Plan"":""Consumption"",""x_Runtime"":""dotnet8""}",/subscriptions/33333333-3333-4333-8333-333333333333/resourceGroups/rg-data-analytics/providers/Microsoft.Web/sites/func-06d009d3,func-06d009d3,Function App,westeurope,West Europe,,,,,,,,,,,"{""Environment"":""prod"",""CostCenter"":""cc-2087"",""Owner"":""team-data""}"
Microsoft Azure,Microsoft,Microsoft Azure,INV-2026-05-000002,8a1b2c3d-0000-4a00-9000-000000000002,ExampleCorp MCA - Secondary,Microsoft Customer Agreement,22222222-2222-4222-8222-222222222222,staging-platform,Subscription,2026-05-01T00:00:00Z,2026-06-01T00:00:00Z,2026-05-23T00:00:00Z,2026-05-24T00:00:00Z,Usage,,Log data ingested,Usage-Based,434.15772447582246,434.15772447582246,482.39747164659399,434.15772447582246,2.3677378887,2.1309640998,Standard,203.7377,GB,USD,2.1309640998,434.15772447582246,2.3677378887,USD,203.7377,GB,Azure Monitor,Management and Governance,Observability,AZ-AZUR-2a5c89,Monitoring,AZSP-d08b3663,"{""x_DataType"":""Logs""}",/subscriptions/22222222-2222-4222-8222-222222222222/resourceGroups/rg-staging-platform/providers/Microsoft.OperationalInsights/workspaces/law-47d6f0b5,law-47d6f0b5,Log Analytics Workspace,eastus,East US,,,,,,,,,,,"{""Environment"":""dev"",""CostCenter"":""cc-1042"",""Owner"":""team-payments""}"
Microsoft Azure,Microsoft,Microsoft Azure,INV-2026-05-000002,8a1b2c3d-0000-4a00-9000-000000000002,ExampleCorp MCA - Secondary,Microsoft Customer Agreement,22222222-2222-4222-8222-222222222222,staging-platform,Subscription,2026-05-01T00:00:00Z,2026-06-01T00:00:00Z,2026-05-24T03:00:00Z,2026-05-24T04:00:00Z,Usage,,AKS node pool hours,Usage-Based,0.1779651257,0.1779651257,0.1977390286,0.1779651257,0.1977390286,0.1779651257,Standard,1.0000,Hours,EUR,0.1637279156,0.163727915644,0.1819199063,USD,1.0000,Hours,Azure Kubernetes Service,Compute,Containers,AZ-AZUR-bc2959,Compute,AZSP-e81cc763,"{""InstanceType"":""Standard_D4s_v5"",""CoreCount"":4,""MemorySize"":16,""x_NodePool"":""system""}",/subscriptions/22222222-2222-4222-8222-222222222222/resourceGroups/rg-staging-platform/providers/Microsoft.ContainerService/managedClusters/aks-d8409e80,aks-d8409e80,Managed Cluster,westus2,West US 2,,,,,,,,,,,"{""Environment"":""prod"",""CostCenter"":""cc-3110"",""Owner"":""team-payments""}"
Microsoft Azure,Microsoft,Microsoft Azure,INV-2026-05-000001,8a1b2c3d-0000-4a00-9000-000000000001,ExampleCorp MCA - Primary,Microsoft Customer Agreement,33333333-3333-4333-8333-333333333333,data-analytics,Subscription,2026-05-01T00:00:00Z,2026-06-01T00:00:00Z,2026-05-24T04:00:00Z,2026-05-24T05:00:00Z,Usage,,Function execution duration,Usage-Based,52.51797690147552,52.51797690147552,58.35318377856352,52.51797690147552,0.0000157003,0.0000141303,Standard,3716692.2784,GB-Seconds,EUR,0.0000129999,48.3165387493574784,0.0000144443,USD,3716692.2784,GB-Seconds,Azure Functions,Compute,Serverless Compute,AZ-AZUR-732045,Compute,AZSP-0eb82196,"{""x_Plan"":""Consumption"",""x_Runtime"":""dotnet8""}",/subscriptions/33333333-3333-4333-8333-333333333333/resourceGroups/rg-data-analytics/providers/Microsoft.Web/sites/func-d1c87082,func-d1c87082,Function App,westeurope,West Europe,,,,,,,,,,,"{""Environment"":""dev"",""CostCenter"":""cc-2087"",""Owner"":""team-payments""}"
Microsoft Azure,Microsoft,Microsoft Azure,INV-2026-05-000002,8a1b2c3d-0000-4a00-9000-000000000002,ExampleCorp MCA - Secondary,Microsoft Customer Agreement,33333333-3333-4333-8333-333333333333,data-analytics,Subscription,2026-05-01T00:00:00Z,2026-06-01T00:00:00Z,2026-05-26T00:00:00Z,2026-05-27T00:00:00Z,Tax,,Tax for Azure Kubernetes Service,One-Time,19.283922,19.283922,19.283922,19.283922,,,,,,,,,,USD,,,Azure Kubernetes Service,Compute,Containers,,,,,,,,,,,,,,,,,,,,"{""Environment"":""staging"",""CostCenter"":""cc-1042"",""Owner"":""team-platform""}"
Microsoft Azure,Microsoft,Microsoft Azure,INV-2026-05-000002,8a1b2c3d-0000-4a00-9000-000000000002,ExampleCorp MCA - Secondary,Microsoft Customer Agreement,33333333-3333-4333-8333-333333333333,data-analytics,Subscription,2026-05-01T00:00:00Z,2026-06-01T00:00:00Z,2026-05-24T06:00:00Z,2026-05-24T07:00:00Z,Usage,,General Purpose 4 vCore,Usage-Based,0.4622724765,0.4622724765,0.513636085,0.4622724765,0.5136360850,0.4622724765,Standard,1.0000,Hours,USD,0.4622724765,0.4622724765,0.5136360850,USD,1.0000,Hours,Azure SQL Database,Databases,Relational Databases,AZ-AZUR-09d9ec,Database,AZSP-999ba8a4,"{""InstanceType"":""GP_Gen5_4"",""CoreCount"":4,""MemorySize"":20,""x_Engine"":""SQLServer""}",/subscriptions/33333333-3333-4333-8333-333333333333/resourceGroups/rg-data-analytics/providers/Microsoft.Sql/servers/databases/sqldb-fbfb6961,sqldb-fbfb6961,SQL Database,westus2,West US 2,,,,,,,,,,,"{""Environment"":""staging"",""CostCenter"":""cc-2087"",""Owner"":""team-data""}"
Microsoft Azure,Microsoft,Microsoft Azure,INV-2026-05-000001,8a1b2c3d-0000-4a00-9000-000000000001,ExampleCorp MCA - Primary,Microsoft Customer Agreement,44444444-4444-4444-8444-444444444444,sandbox-dev,Subscription,2026-05-01T00:00:00Z,2026-06-01T00:00:00Z,2026-05-24T07:00:00Z,2026-05-24T08:00:00Z,Usage,,Function execution duration,Usage-Based,2.25588234274872,2.25588234274872,2.50654105950388,2.25588234274872,0.0000163087,0.0000146778,Standard,153693.4924,GB-Seconds,USD,0.0000146778,2.25588234274872,0.0000163087,USD,153693.4924,GB-Seconds,Azure Functions,Compute,Serverless Compute,AZ-AZUR-e143c9,Compute,AZSP-17188ac4,"{""x_Plan"":""Consumption"",""x_Runtime"":""dotnet8""}",/subscriptions/44444444-4444-4444-8444-444444444444/resourceGroups/rg-sandbox-dev/providers/Microsoft.Web/sites/func-412af623,func-412af623,Function App,westeurope,West Europe,,,,,,,,,,,"{""Environment"":""staging"",""CostCenter"":""cc-1042"",""Owner"":""team-payments""}"
Microsoft Azure,Microsoft,Microsoft Azure,INV-2026-05-000002,8a1b2c3d-0000-4a00-9000-000000000002,ExampleCorp MCA - Secondary,Microsoft Customer Agreement,33333333-3333-4333-8333-333333333333,data-analytics,Subscription,2026-05-01T00:00:00Z,2026-06-01T00:00:00Z,2026-05-01T00:00:00Z,2026-06-01T00:00:00Z,Usage,,Hot LRS data stored,Usage-Based,109.75190920604944,109.75190920604944,121.94656549198024,109.75190920604944,0.0185281804,0.0166753624,Standard,6581.6806,GB-Months,USD,0.0166753624,109.75190920604944,0.0185281804,USD,6581.6806,GB-Months,Azure Blob Storage,Storage,Object Storage,AZ-AZUR-96c958,Storage,AZSP-55548c67,"{""x_StorageClass"":""Hot"",""x_Redundancy"":""LRS""}",/subscriptions/33333333-3333-4333-8333-333333333333/resourceGroups/rg-data-analytics/providers/Microsoft.Storage/storageAccounts/stor7873131d,stor7873131d,Storage Account,southeastasia,Southeast Asia,,,,,,,,,,,"{""Environment"":""staging"",""CostCenter"":""cc-2087"",""Owner"":""team-payments""}"
Microsoft Azure,Microsoft,Microsoft Azure,INV-2026-05-000001,8a1b2c3d-0000-4a00-9000-000000000001,ExampleCorp MCA - Primary,Microsoft Customer Agreement,22222222-2222-4222-8222-222222222222,staging-platform,Subscription,2026-05-01T00:00:00Z,2026-06-01T00:00:00Z,2026-05-24T09:00:00Z,2026-05-24T10:00:00Z,Usage,,Standard_D4s_v5 instance,Usage-Based,0.1715413857,0.1715413857,0.1906015397,0.1715413857,0.1906015397,0.1715413857,Standard,1.0000,Hours,USD,0.1715413857,0.1715413857,0.1906015397,USD,1.0000,Hours,Virtual Machines,Compute,Virtual Machines,AZ-VIRT-257505,Compute,AZSP-9d52cc84,"{""InstanceType"":""Standard_D4s_v5"",""InstanceSeries"":""Ddsv5"",""CoreCount"":4,""MemorySize"":16,""OperatingSystem"":""Linux"",""x_Tenancy"":""Shared""}",/subscriptions/22222222-2222-4222-8222-222222222222/resourceGroups/rg-staging-platform/providers/Microsoft.Compute/virtualMachines/vm-8f708429,vm-8f708429,Virtual Machine,westus2,West US 2,westus2-1,,,,,,,,,,"{""Environment"":""prod"",""CostCenter"":""cc-3110"",""Owner"":""team-data""}"
Microsoft Azure,Microsoft,Microsoft Azure,INV-2026-05-000001,8a1b2c3d-0000-4a00-9000-000000000001,ExampleCorp MCA - Primary,Microsoft Customer Agreement,11111111-1111-4111-8111-111111111111,prod-platform,Subscription,2026-05-01T00:00:00Z,2026-06-01T00:00:00Z,2026-05-03T00:00:00Z,2026-05-04T00:00:00Z,Tax,,Tax for Azure Cosmos DB,One-Time,12.552443,12.552443,12.552443,12.552443,,,,,,,,,,USD,,,Azure Cosmos DB,Databases,NoSQL Databases,,,,,,,,,,,,,,,,,,,,"{""Environment"":""staging"",""CostCenter"":""cc-1042"",""Owner"":""team-platform""}"
Microsoft Azure,Microsoft,Microsoft Azure,INV-2026-05-000001,8a1b2c3d-0000-4a00-9000-000000000001,ExampleCorp MCA - Primary,Microsoft Customer Agreement,44444444-4444-4444-8444-444444444444,sandbox-dev,Subscription,2026-05-01T00:00:00Z,2026-06-01T00:00:00Z,2026-05-24T11:00:00Z,2026-05-24T12:00:00Z,Usage,,Function execution duration,Usage-Based,12.4055543623115,12.4055543623115,13.7839879534004,12.4055543623115,0.0000158456,0.0000142610,Standard,869893.7215,GB-Seconds,USD,0.0000142610,12.4055543623115,0.0000158456,USD,869893.7215,GB-Seconds,Azure Functions,Compute,Serverless Compute,AZ-AZUR-15a730,Compute,AZSP-1470350d,"{""x_Plan"":""Consumption"",""x_Runtime"":""dotnet8""}",/subscriptions/44444444-4444-4444-8444-444444444444/resourceGroups/rg-sandbox-dev/providers/Microsoft.Web/sites/func-a1029060,func-a1029060,Function App,westeurope,West Europe,,,,,,,,,,,"{""Environment"":""staging"",""CostCenter"":""cc-2087"",""Owner"":""team-platform""}"
Microsoft Azure,Microsoft,Microsoft Azure,INV-2026-05-000001,8a1b2c3d-0000-4a00-9000-000000000001,ExampleCorp MCA - Primary,Microsoft Customer Agreement,11111111-1111-4111-8111-111111111111,prod-platform,Subscription,2026-05-01T00:00:00Z,2026-06-01T00:00:00Z,2026-05-01T00:00:00Z,2026-06-01T00:00:00Z,Usage,,Hot LRS data stored,Usage-Based,11.59775663645908,11.59775663645908,12.88639625482478,11.59775663645908,0.0181070651,0.0162963586,Standard,711.6778,GB-Months,EUR,0.0149926499,10.6699361055423536,0.0166584999,USD,711.6778,GB-Months,Azure Blob Storage,Storage,Object Storage,AZ-AZUR-236514,Storage,AZSP-df5315d2,"{""x_StorageClass"":""Hot"",""x_Redundancy"":""LRS""}",/subscriptions/11111111-1111-4111-8111-111111111111/resourceGroups/rg-prod-platform/providers/Microsoft.Storage/storageAccounts/storcda29e6c,storcda29e6c,Storage Account,westeurope,West Europe,,,,,,,,,,,"{""Environment"":""prod"",""CostCenter"":""cc-1042"",""Owner"":""team-platform""}"
Microsoft Azure,Microsoft,Microsoft Azure,INV-2026-05-000001,8a1b2c3d-0000-4a00-9000-000000000001,ExampleCorp MCA - Primary,Microsoft Customer Agreement,33333333-3333-4333-8333-333333333333,data-analytics,Subscription,2026-05-01T00:00:00Z,2026-06-01T00:00:00Z,2026-05-01T00:00:00Z,2026-06-01T00:00:00Z,Usage,,Hot LRS data stored,Usage-Based,88.01961194272256,88.01961194272256,97.79956859410436,88.01961194272256,0.0188050204,0.0169245184,Standard,5200.7159,GB-Months,USD,0.0169245184,88.01961194272256,0.0188050204,USD,5200.7159,GB-Months,Azure Blob Storage,Storage,Object Storage,AZ-AZUR-016b71,Storage,AZSP-a040a4dc,"{""x_StorageClass"":""Hot"",""x_Redundancy"":""LRS""}",/subscriptions/33333333-3333-4333-8333-333333333333/resourceGroups/rg-data-analytics/providers/Microsoft.Storage/storageAccounts/stor52f70e25,stor52f70e25,Storage Account,westeurope,West Europe,,,,,,,,,,,"{""Environment"":""prod"",""CostCenter"":""cc-1042"",""Owner"":""team-platform""}"
Microsoft Azure,Microsoft,Microsoft Azure,INV-2026-05-000001,8a1b2c3d-0000-4a00-9000-000000000001,ExampleCorp MCA - Primary,Microsoft Customer Agreement,33333333-3333-4333-8333-333333333333,data-analytics,Subscription,2026-05-01T00:00:00Z,2026-06-01T00:00:00Z,2026-05-07T00:00:00Z,2026-05-08T00:00:00Z,Purchase,,Azure Blob Storage subscription fee,Recurring,457.428250,0,457.428250,457.428250,457.428250,457.428250,Standard,1,Units,USD,457.4282500000,0,457.4282500000,USD,,,Azure Blob Storage,Storage,Object Storage,AZ-AZUR-b323d1,Storage,AZSP-febf0235,"{""x_StorageClass"":""Hot"",""x_Redundancy"":""LRS""}",/subscriptions/33333333-3333-4333-8333-333333333333/resourceGroups/rg-data-analytics/providers/Microsoft.Storage/storageAccounts/stor9bfa8605,stor9bfa8605,Storage Account,southeastasia,Southeast Asia,,,,,,,,,,,"{""Environment"":""dev"",""CostCenter"":""cc-1042"",""Owner"":""team-platform""}"
Microsoft Azure,Microsoft,Microsoft Azure,INV-2026-05-000001,8a1b2c3d-0000-4a00-9000-000000000001,ExampleCorp MCA - Primary,Microsoft Customer Agreement,11111111-1111-4111-8111-111111111111,prod-platform,Subscription,2026-05-01T00:00:00Z,2026-06-01T00:00:00Z,2026-05-24T15:00:00Z,2026-05-24T16:00:00Z,Usage,,General Purpose 4 vCore,Usage-Based,0.4641202411,0.4641202411,0.5156891568,0.4641202411,0.5156891568,0.4641202411,Standard,1.0000,Hours,EUR,0.4269906218,0.426990621812,0.4744340243,USD,1.0000,Hours,Azure SQL Database,Databases,Relational Databases,AZ-AZUR-a700d3,Database,AZSP-8d3a24db,"{""InstanceType"":""GP_Gen5_4"",""CoreCount"":4,""MemorySize"":20,""x_Engine"":""SQLServer""}",/subscriptions/11111111-1111-4111-8111-111111111111/resourceGroups/rg-prod-platform/providers/Microsoft.Sql/servers/databases/sqldb-93a41649,sqldb-93a41649,SQL Database,southeastasia,Southeast Asia,,,,,,,,,,,"{""Environment"":""prod"",""CostCenter"":""cc-2087"",""Owner"":""team-data""}"
Microsoft Azure,Microsoft,Microsoft Azure,INV-2026-05-000002,8a1b2c3d-0000-4a00-9000-000000000002,ExampleCorp MCA - Secondary,Microsoft Customer Agreement,44444444-4444-4444-8444-444444444444,sandbox-dev,Subscription,2026-05-01T00:00:00Z,2026-06-01T00:00:00Z,2026-05-09T00:00:00Z,2026-05-10T00:00:00Z,Usage,,VNet peering data transfer,Usage-Based,3.14838082954624,3.14838082954624,3.49820092939582,3.14838082954624,0.0101250418,0.0091125376,Standard,345.4999,GB,USD,0.0091125376,3.14838082954624,0.0101250418,USD,345.4999,GB,Virtual Network,Networking,Network Connectivity,AZ-VIRT-98fec5,Data Transfer,AZSP-ba3bbfb0,"{""x_TransferType"":""Peering""}",/subscriptions/44444444-4444-4444-8444-444444444444/resourceGroups/rg-sandbox-dev/providers/Microsoft.Network/virtualNetworks/vnet-2ce59297,vnet-2ce59297,Virtual Network,westeurope,West Europe,,,,,,,,,,,"{""Environment"":""dev"",""CostCenter"":""cc-1042"",""Owner"":""team-data""}"
Microsoft Azure,Microsoft,Microsoft Azure,INV-2026-05-000002,8a1b2c3d-0000-4a00-9000-000000000002,ExampleCorp MCA - Secondary,Microsoft Customer Agreement,33333333-3333-4333-8333-333333333333,data-analytics,Subscription,2026-05-01T00:00:00Z,2026-06-01T00:00:00Z,2026-05-01T00:00:00Z,2026-06-01T00:00:00Z,Usage,,Hot LRS data stored,Usage-Based,110.47634401081348,110.47634401081348,122.75149327068502,110.47634401081348,0.0182674171,0.0164406754,Standard,6719.6962,GB-Months,USD,0.0164406754,110.47634401081348,0.0182674171,USD,6719.6962,GB-Months,Azure Blob Storage,Storage,Object Storage,AZ-AZUR-0b0c80,Storage,AZSP-20450b59,"{""x_StorageClass"":""Hot"",""x_Redundancy"":""LRS""}",/subscriptions/33333333-3333-4333-8333-333333333333/resourceGroups/rg-data-analytics/providers/Microsoft.Storage/storageAccounts/storf9b1a500,storf9b1a500,Storage Account,westus2,West US 2,,,,,,,,,,,"{""Environment"":""prod"",""CostCenter"":""cc-3110"",""Owner"":""team-data""}"
Microsoft Azure,Microsoft,Microsoft Azure,INV-2026-05-000001,8a1b2c3d-0000-4a00-9000-000000000001,ExampleCorp MCA - Primary,Microsoft Customer Agreement,11111111-1111-4111-8111-111111111111,prod-platform,Subscription,2026-05-01T00:00:00Z,2026-06-01T00:00:00Z,2026-05-24T18:00:00Z,2026-05-24T19:00:00Z,Usage,,General Purpose 4 vCore,Usage-Based,0.4567025607,0.4567025607,0.5074472897,0.4567025607,0.5074472897,0.4567025607,Standard,1.0000,Hours,USD,0.4567025607,0.4567025607,0.5074472897,USD,1.0000,Hours,Azure SQL Database,Databases,Relational Databases,AZ-AZUR-5f0610,Database,AZSP-d811191c,"{""InstanceType"":""GP_Gen5_4"",""CoreCount"":4,""MemorySize"":20,""x_Engine"":""SQLServer""}",/subscriptions/11111111-1111-4111-8111-111111111111/resourceGroups/rg-prod-platform/providers/Microsoft.Sql/servers/databases/sqldb-005eaa34,sqldb-005eaa34,SQL Database,westus2,West US 2,,,,,,,,,,,"{""Environment"":""dev"",""CostCenter"":""cc-2087"",""Owner"":""team-data""}"
Microsoft Azure,Microsoft,Microsoft Azure,INV-2026-05-000001,8a1b2c3d-0000-4a00-9000-000000000001,ExampleCorp MCA - Primary,Microsoft Customer Agreement,44444444-4444-4444-8444-444444444444,sandbox-dev,Subscription,2026-05-01T00:00:00Z,2026-06-01T00:00:00Z,2026-05-24T19:00:00Z,2026-05-24T20:00:00Z,Usage,,AKS node pool hours,Usage-Based,0.1762668149,0.1762668149,0.1958520165,0.1762668149,0.1958520165,0.1762668149,Standard,1.0000,Hours,USD,0.1762668149,0.1762668149,0.1958520165,USD,1.0000,Hours,Azure Kubernetes Service,Compute,Containers,AZ-AZUR-8928d6,Compute,AZSP-ee37b469,"{""InstanceType"":""Standard_D4s_v5"",""CoreCount"":4,""MemorySize"":16,""x_NodePool"":""system""}",/subscriptions/44444444-4444-4444-8444-444444444444/resourceGroups/rg-sandbox-dev/providers/Microsoft.ContainerService/managedClusters/aks-aa9e1694,aks-aa9e1694,Managed Cluster,westeurope,West Europe,,,,,,,,,,,"{""Environment"":""prod"",""CostCenter"":""cc-1042"",""Owner"":""team-platform""}"
Microsoft Azure,Microsoft,Microsoft Azure,INV-2026-05-000002,8a1b2c3d-0000-4a00-9000-000000000002,ExampleCorp MCA - Secondary,Microsoft Customer Agreement,44444444-4444-4444-8444-444444444444,sandbox-dev,Subscription,2026-05-01T00:00:00Z,2026-06-01T00:00:00Z,2026-05-13T00:00:00Z,2026-05-14T00:00:00Z,Usage,,Log data ingested,Usage-Based,635.63786030961171,635.63786030961171,706.2642892329019,635.63786030961171,2.2636973410,2.0373276069,Standard,311.9959,GB,USD,2.0373276069,635.63786030961171,2.2636973410,USD,311.9959,GB,Azure Monitor,Management and Governance,Observability,AZ-AZUR-1703b6,Monitoring,AZSP-ca00b0d1,"{""x_DataType"":""Logs""}",/subscriptions/44444444-4444-4444-8444-444444444444/resourceGroups/rg-sandbox-dev/providers/Microsoft.OperationalInsights/workspaces/law-c63911b2,law-c63911b2,Log Analytics Workspace,eastus,East US,,,,,,,,,,,"{""Environment"":""dev"",""CostCenter"":""cc-2087"",""Owner"":""team-data""}"
Microsoft Azure,Microsoft,Microsoft Azure,INV-2026-05-000001,8a1b2c3d-0000-4a00-9000-000000000001,ExampleCorp MCA - Primary,Microsoft Customer Agreement,44444444-4444-4444-8444-444444444444,sandbox-dev,Subscription,2026-05-01T00:00:00Z,2026-06-01T00:00:00Z,2026-05-14T00:00:00Z,2026-05-15T00:00:00Z,Tax,,Tax for Virtual Machines,One-Time,5.508022,5.508022,5.508022,5.508022,,,,,,,,,,USD,,,Virtual Machines,Compute,Virtual Machines,,,,,,,,,,,,,,,,,,,,"{""Environment"":""dev"",""CostCenter"":""cc-1042"",""Owner"":""team-data""}"
Microsoft Azure,Microsoft,Microsoft Azure,INV-2026-05-000002,8a1b2c3d-0000-4a00-9000-000000000002,ExampleCorp MCA - Secondary,Microsoft Customer Agreement,33333333-3333-4333-8333-333333333333,data-analytics,Subscription,2026-05-01T00:00:00Z,2026-06-01T00:00:00Z,2026-05-24T22:00:00Z,2026-05-24T23:00:00Z,Usage,,Standard_D4s_v5 instance,Usage-Based,0.1728548331,0.1728548331,0.1920609257,0.1728548331,0.1920609257,0.1728548331,Standard,1.0000,Hours,USD,0.1728548331,0.1728548331,0.1920609257,USD,1.0000,Hours,Virtual Machines,Compute,Virtual Machines,AZ-VIRT-077a97,Compute,AZSP-b8c595d9,"{""InstanceType"":""Standard_D4s_v5"",""InstanceSeries"":""Ddsv5"",""CoreCount"":4,""MemorySize"":16,""OperatingSystem"":""Linux"",""x_Tenancy"":""Shared""}",/subscriptions/33333333-3333-4333-8333-333333333333/resourceGroups/rg-data-analytics/providers/Microsoft.Compute/virtualMachines/vm-66aa066c,vm-66aa066c,Virtual Machine,westeurope,West Europe,westeurope-1,,,,,,,,,,"{""Environment"":""prod"",""CostCenter"":""cc-1042"",""Owner"":""team-data""}"
Microsoft Azure,Microsoft,Microsoft Azure,INV-2026-05-000002,8a1b2c3d-0000-4a00-9000-000000000002,ExampleCorp MCA - Secondary,Microsoft Customer Agreement,33333333-3333-4333-8333-333333333333,data-analytics,Subscription,2026-05-01T00:00:00Z,2026-06-01T00:00:00Z,2026-05-24T23:00:00Z,2026-05-25T00:00:00Z,Usage,,Function execution duration,Usage-Based,35.05361435629238,35.05361435629238,38.94848707345626,35.05361435629238,0.0000162219,0.0000145997,Standard,2400981.8254,GB-Seconds,USD,0.0000145997,35.05361435629238,0.0000162219,USD,2400981.8254,GB-Seconds,Azure Functions,Compute,Serverless Compute,AZ-AZUR-3e339c,Compute,AZSP-2f153757,"{""x_Plan"":""Consumption"",""x_Runtime"":""dotnet8""}",/subscriptions/33333333-3333-4333-8333-333333333333/resourceGroups/rg-data-analytics/providers/Microsoft.Web/sites/func-b8f7009c,func-b8f7009c,Function App,westeurope,West Europe,,,,,,,,,,,"{""Environment"":""dev"",""CostCenter"":""cc-2087"",""Owner"":""team-data""}"
Microsoft Azure,Microsoft,Microsoft Azure,INV-2026-05-000001,8a1b2c3d-0000-4a00-9000-000000000001,ExampleCorp MCA - Primary,Microsoft Customer Agreement,22222222-2222-4222-8222-222222222222,staging-platform,Subscription,2026-05-01T00:00:00Z,2026-06-01T00:00:00Z,2026-05-25T00:00:00Z,2026-05-25T01:00:00Z,Usage,,Provisioned throughput,Usage-Based,0.0073998761,0.0073998761,0.0082220846,0.0073998761,0.0082220846,0.0073998761,Standard,1.0000,Hours,USD,0.0073998761,0.0073998761,0.0082220846,USD,1.0000,Hours,Azure Cosmos DB,Databases,NoSQL Databases,AZ-AZUR-babcd9,Database,AZSP-87d6b317,"{""x_CapacityMode"":""Provisioned""}",/subscriptions/22222222-2222-4222-8222-222222222222/resourceGroups/rg-staging-platform/providers/Microsoft.DocumentDB/databaseAccounts/cosmos-9e2791b6,cosmos-9e2791b6,Cosmos DB Account,southeastasia,Southeast Asia,,,,,,,,,,,"{""Environment"":""staging"",""CostCenter"":""cc-2087"",""Owner"":""team-platform""}"
Microsoft Azure,Microsoft,Microsoft Azure,INV-2026-05-000001,8a1b2c3d-0000-4a00-9000-000000000001,ExampleCorp MCA - Primary,Microsoft Customer Agreement,33333333-3333-4333-8333-333333333333,data-analytics,Subscription,2026-05-01T00:00:00Z,2026-06-01T00:00:00Z,2026-05-18T00:00:00Z,2026-05-19T00:00:00Z,Tax,,Tax for Azure Blob Storage,One-Time,23.490800,23.490800,23.490800,23.490800,,,,,,,,,,USD,,,Azure Blob Storage,Storage,Object Storage,,,,,,,,,,,,,,,,,,,,"{""Environment"":""staging"",""CostCenter"":""cc-3110"",""Owner"":""team-platform""}"
Microsoft Azure,Microsoft,Microsoft Azure,INV-2026-05-000001,8a1b2c3d-0000-4a00-9000-000000000001,ExampleCorp MCA - Primary,Microsoft Customer Agreement,33333333-3333-4333-8333-333333333333,data-analytics,Subscription,2026-05-01T00:00:00Z,2026-06-01T00:00:00Z,2026-05-19T00:00:00Z,2026-05-20T00:00:00Z,Usage,,VNet peering data transfer,Usage-Based,13.2652323015788,13.2652323015788,14.73914698567048,13.2652323015788,0.0101822261,0.0091640035,Standard,1447.5368,GB,USD,0.0091640035,13.2652323015788,0.0101822261,USD,1447.5368,GB,Virtual Network,Networking,Network Connectivity,AZ-VIRT-0893b0,Data Transfer,AZSP-e1ea769e,"{""x_TransferType"":""Peering""}",/subscriptions/33333333-3333-4333-8333-333333333333/resourceGroups/rg-data-analytics/providers/Microsoft.Network/virtualNetworks/vnet-28f96168,vnet-28f96168,Virtual Network,westus2,West US 2,,,,,,,,,,,"{""Environment"":""prod"",""CostCenter"":""cc-3110"",""Owner"":""team-payments""}"
Microsoft Azure,Microsoft,Microsoft Azure,INV-2026-05-000001,8a1b2c3d-0000-4a00-9000-000000000001,ExampleCorp MCA - Primary,Microsoft Customer Agreement,44444444-4444-4444-8444-444444444444,sandbox-dev,Subscription,2026-05-01T00:00:00Z,2026-06-01T00:00:00Z,2026-05-25T03:00:00Z,2026-05-25T04:00:00Z,Usage,,Provisioned throughput,Usage-Based,0.0072867391,0.0072867391,0.0080963768,0.0072867391,0.0080963768,0.0072867391,Standard,1.0000,Hours,USD,0.0072867391,0.0072867391,0.0080963768,USD,1.0000,Hours,Azure Cosmos DB,Databases,NoSQL Databases,AZ-AZUR-1d4fbb,Database,AZSP-7ded9a64,"{""x_CapacityMode"":""Provisioned""}",/subscriptions/44444444-4444-4444-8444-444444444444/resourceGroups/rg-sandbox-dev/providers/Microsoft.DocumentDB/databaseAccounts/cosmos-e5e89433,cosmos-e5e89433,Cosmos DB Account,westus2,West US 2,,,,,,,,,,,"{""Environment"":""staging"",""CostCenter"":""cc-3110"",""Owner"":""team-data""}"
Microsoft Azure,Microsoft,Microsoft Azure,INV-2026-05-000002,8a1b2c3d-0000-4a00-9000-000000000002,ExampleCorp MCA - Secondary,Microsoft Customer Agreement,33333333-3333-4333-8333-333333333333,data-analytics,Subscription,2026-05-01T00:00:00Z,2026-06-01T00:00:00Z,2026-05-21T00:00:00Z,2026-05-22T00:00:00Z,Purchase,,Virtual Machines subscription fee,Recurring,605.483913,0,605.483913,605.483913,605.483913,605.483913,Standard,1,Units,USD,605.4839130000,0,605.4839130000,USD,,,Virtual Machines,Compute,Virtual Machines,AZ-VIRT-cc6faf,Compute,AZSP-40d71083,"{""InstanceType"":""Standard_D4s_v5"",""InstanceSeries"":""Ddsv5"",""CoreCount"":4,""MemorySize"":16,""OperatingSystem"":""Linux"",""x_Tenancy"":""Shared""}",/subscriptions/33333333-3333-4333-8333-333333333333/resourceGroups/rg-data-analytics/providers/Microsoft.Compute/virtualMachines/vm-e3a86a7c,vm-e3a86a7c,Virtual Machine,westeurope,West Europe,,,,,,,,,,,"{""Environment"":""prod"",""CostCenter"":""cc-1042"",""Owner"":""team-data""}"
Microsoft Azure,Microsoft,Microsoft Azure,INV-2026-05-000001,8a1b2c3d-0000-4a00-9000-000000000001,ExampleCorp MCA - Primary,Microsoft Customer Agreement,22222222-2222-4222-8222-222222222222,staging-platform,Subscription,2026-05-01T00:00:00Z,2026-06-01T00:00:00Z,2026-05-22T00:00:00Z,2026-05-23T00:00:00Z,Tax,,Tax for Azure Monitor,One-Time,28.228210,28.228210,28.228210,28.228210,,,,,,,,,,USD,,,Azure Monitor,Management and Governance,Observability,,,,,,,,,,,,,,,,,,,,"{""Environment"":""prod"",""CostCenter"":""cc-3110"",""Owner"":""team-platform""}"
Microsoft Azure,Microsoft,Microsoft Azure,INV-2026-05-000001,8a1b2c3d-0000-4a00-9000-000000000001,ExampleCorp MCA - Primary,Microsoft Customer Agreement,22222222-2222-4222-8222-222222222222,staging-platform,Subscription,2026-05-01T00:00:00Z,2026-06-01T00:00:00Z,2026-05-23T00:00:00Z,2026-05-24T00:00:00Z,Usage,,VNet peering data transfer,Usage-Based,8.6157373871802,8.6157373871802,9.57304158412056,8.6157373871802,0.0099387106,0.0089448395,Standard,963.2076,GB,EUR,0.0082292523,7.926478396205784,0.0091436138,USD,963.2076,GB,Virtual Network,Networking,Network Connectivity,AZ-VIRT-7405f1,Data Transfer,AZSP-871dafb7,"{""x_TransferType"":""Peering""}",/subscriptions/22222222-2222-4222-8222-222222222222/resourceGroups/rg-staging-platform/providers/Microsoft.Network/virtualNetworks/vnet-6e7499ec,vnet-6e7499ec,Virtual Network,eastus,East US,,,,,,,,,,,"{""Environment"":""staging"",""CostCenter"":""cc-3110"",""Owner"":""team-payments""}"
Microsoft Azure,Microsoft,Microsoft Azure,INV-2026-05-000001,8a1b2c3d-0000-4a00-9000-000000000001,ExampleCorp MCA - Primary,Microsoft Customer Agreement,22222222-2222-4222-8222-222222222222,staging-platform,Subscription,2026-05-01T00:00:00Z,2026-06-01T00:00:00Z,2026-05-25T07:00:00Z,2026-05-25T08:00:00Z,Usage,,Function execution duration,Usage-Based,48.66612545807859,48.66612545807859,54.07358777379727,48.66612545807859,0.0000156677,0.0000141009,Standard,3451277.9651,GB-Seconds,EUR,0.0000129728,44.7728354214323028,0.0000144143,USD,3451277.9651,GB-Seconds,Azure Functions,Compute,Serverless Compute,AZ-AZUR-b6a690,Compute,AZSP-10eee502,"{""x_Plan"":""Consumption"",""x_Runtime"":""dotnet8""}",/subscriptions/22222222-2222-4222-8222-222222222222/resourceGroups/rg-staging-platform/providers/Microsoft.Web/sites/func-28cd6377,func-28cd6377,Function App,westeurope,West Europe,,,,,,,,,,,"{""Environment"":""prod"",""CostCenter"":""cc-2087"",""Owner"":""team-platform""}"
Microsoft Azure,Microsoft,Microsoft Azure,INV-2026-05-000001,8a1b2c3d-0000-4a00-9000-000000000001,ExampleCorp MCA - Primary,Microsoft Customer Agreement,44444444-4444-4444-8444-444444444444,sandbox-dev,Subscription,2026-05-01T00:00:00Z,2026-06-01T00:00:00Z,2026-05-25T08:00:00Z,2026-05-25T09:00:00Z,Usage,,Function execution duration,Usage-Based,9.0460508517853,9.0460508517853,10.05115355846622,9.0460508517853,0.0000158922,0.0000143030,Standard,632458.2851,GB-Seconds,EUR,0.0000131588,8.322366783642476,0.0000146208,USD,632458.2851,GB-Seconds,Azure Functions,Compute,Serverless Compute,AZ-AZUR-7aa505,Compute,AZSP-4268328e,"{""x_Plan"":""Consumption"",""x_Runtime"":""dotnet8""}",/subscriptions/44444444-4444-4444-8444-444444444444/resourceGroups/rg-sandbox-dev/providers/Microsoft.Web/sites/func-c5f31299,func-c5f31299,Function App,southeastasia,Southeast Asia,,,,,,,,,,,"{""Environment"":""prod"",""CostCenter"":""cc-3110"",""Owner"":""team-data""}"
Microsoft Azure,Microsoft,Microsoft Azure,INV-2026-05-000001,8a1b2c3d-0000-4a00-9000-000000000001,ExampleCorp MCA - Primary,Microsoft Customer Agreement,11111111-1111-4111-8111-111111111111,prod-platform,Subscription,2026-05-01T00:00:00Z,2026-06-01T00:00:00Z,2026-05-26T00:00:00Z,2026-05-27T00:00:00Z,Usage,,VNet peering data transfer,Usage-Based,38.07805499439102,38.07805499439102,42.30895008564144,38.07805499439102,0.0102336088,0.0092102479,Standard,4134.3138,GB,USD,0.0092102479,38.07805499439102,0.0102336088,USD,4134.3138,GB,Virtual Network,Networking,Network Connectivity,AZ-VIRT-e45019,Data Transfer,AZSP-ab29127f,"{""x_TransferType"":""Peering""}",/subscriptions/11111111-1111-4111-8111-111111111111/resourceGroups/rg-prod-platform/providers/Microsoft.Network/virtualNetworks/vnet-ad313fce,vnet-ad313fce,Virtual Network,westus2,West US 2,,,,,,,,,,,"{""Environment"":""dev"",""CostCenter"":""cc-1042"",""Owner"":""team-platform""}"
Microsoft Azure,Microsoft,Microsoft Azure,INV-2026-05-000002,8a1b2c3d-0000-4a00-9000-000000000002,ExampleCorp MCA - Secondary,Microsoft Customer Agreement,22222222-2222-4222-8222-222222222222,staging-platform,Subscription,2026-05-01T00:00:00Z,2026-06-01T00:00:00Z,2026-05-25T10:00:00Z,2026-05-25T11:00:00Z,Usage,,Function execution duration,Usage-Based,32.4822161290232,32.4822161290232,36.0912498821008,32.4822161290232,0.0000158234,0.0000142411,Standard,2280878.3120,GB-Seconds,USD,0.0000142411,32.4822161290232,0.0000158234,USD,2280878.3120,GB-Seconds,Azure Functions,Compute,Serverless Compute,AZ-AZUR-224cca,Compute,AZSP-91230c1a,"{""x_Plan"":""Consumption"",""x_Runtime"":""dotnet8""}",/subscriptions/22222222-2222-4222-8222-222222222222/resourceGroups/rg-staging-platform/providers/Microsoft.Web/sites/func-cd043efa,func-cd043efa,Function App,southeastasia,Southeast Asia,,,,,,,,,,,"{""Environment"":""dev"",""CostCenter"":""cc-1042"",""Owner"":""team-platform""}"
Microsoft Azure,Microsoft,Microsoft Azure,INV-2026-05-000001,8a1b2c3d-0000-4a00-9000-000000000001,ExampleCorp MCA - Primary,Microsoft Customer Agreement,33333333-3333-4333-8333-333333333333,data-analytics,Subscription,2026-05-01T00:00:00Z,2026-06-01T00:00:00Z,2026-05-25T11:00:00Z,2026-05-25T12:00:00Z,Usage,,AKS node pool hours,Usage-Based,0.1730263835,0.1730263835,0.1922515372,0.1730263835,0.1922515372,0.1730263835,Standard,1.0000,Hours,USD,0.1730263835,0.1730263835,0.1922515372,USD,1.0000,Hours,Azure Kubernetes Service,Compute,Containers,AZ-AZUR-f2d6ca,Compute,AZSP-ead19972,"{""InstanceType"":""Standard_D4s_v5"",""CoreCount"":4,""MemorySize"":16,""x_NodePool"":""system""}",/subscriptions/33333333-3333-4333-8333-333333333333/resourceGroups/rg-data-analytics/providers/Microsoft.ContainerService/managedClusters/aks-1cd17680,aks-1cd17680,Managed Cluster,westeurope,West Europe,,,,,,,,,,,"{""Environment"":""dev"",""CostCenter"":""cc-2087"",""Owner"":""team-platform""}"
Microsoft Azure,Microsoft,Microsoft Azure,INV-2026-05-000002,8a1b2c3d-0000-4a00-9000-000000000002,ExampleCorp MCA - Secondary,Microsoft Customer Agreement,44444444-4444-4444-8444-444444444444,sandbox-dev,Subscription,2026-05-01T00:00:00Z,2026-06-01T00:00:00Z,2026-05-01T00:00:00Z,2026-06-01T00:00:00Z,Usage,,Hot LRS data stored,Usage-Based,19.15336507768227,19.15336507768227,21.28151670252498,19.15336507768227,0.0187461934,0.0168715741,Standard,1135.2447,GB-Months,USD,0.0168715741,19.15336507768227,0.0187461934,USD,1135.2447,GB-Months,Azure Blob Storage,Storage,Object Storage,AZ-AZUR-774fef,Storage,AZSP-db3a6b08,"{""x_StorageClass"":""Hot"",""x_Redundancy"":""LRS""}",/subscriptions/44444444-4444-4444-8444-444444444444/resourceGroups/rg-sandbox-dev/providers/Microsoft.Storage/storageAccounts/stord1065894,stord1065894,Storage Account,westus2,West US 2,,,,,,,,,,,"{""Environment"":""staging"",""CostCenter"":""cc-2087"",""Owner"":""team-platform""}"
Microsoft Azure,Microsoft,Microsoft Azure,INV-2026-05-000001,8a1b2c3d-0000-4a00-9000-000000000001,ExampleCorp MCA - Primary,Microsoft Customer Agreement,22222222-2222-4222-8222-222222222222,staging-platform,Subscription,2026-05-01T00:00:00Z,2026-06-01T00:00:00Z,2026-05-02T00:00:00Z,2026-05-03T00:00:00Z,Purchase,,Azure Kubernetes Service subscription fee,Recurring,377.116117,0,377.116117,377.116117,377.116117,377.116117,Standard,1,Units,USD,377.1161170000,0,377.1161170000,USD,,,Azure Kubernetes Service,Compute,Containers,AZ-AZUR-c4c924,Compute,AZSP-89ab6434,"{""InstanceType"":""Standard_D4s_v5"",""CoreCount"":4,""MemorySize"":16,""x_NodePool"":""system""}",/subscriptions/22222222-2222-4222-8222-222222222222/resourceGroups/rg-staging-platform/providers/Microsoft.ContainerService/managedClusters/aks-2da8ffec,aks-2da8ffec,Managed Cluster,eastus,East US,,,,,,,,,,,"{""Environment"":""prod"",""CostCenter"":""cc-1042"",""Owner"":""team-platform""}"
Microsoft Azure,Microsoft,Microsoft Azure,INV-2026-05-000001,8a1b2c3d-0000-4a00-9000-000000000001,ExampleCorp MCA - Primary,Microsoft Customer Agreement,33333333-3333-4333-8333-333333333333,data-analytics,Subscription,2026-05-01T00:00:00Z,2026-06-01T00:00:00Z,2026-05-03T00:00:00Z,2026-05-04T00:00:00Z,Usage,,Log data ingested,Usage-Based,535.92163902191406,535.92163902191406,595.46848779064008,535.92163902191406,2.3040014664,2.0736013198,Standard,258.4497,GB,USD,2.0736013198,535.92163902191406,2.3040014664,USD,258.4497,GB,Azure Monitor,Management and Governance,Observability,AZ-AZUR-99010a,Monitoring,AZSP-2456e8ca,"{""x_DataType"":""Logs""}",/subscriptions/33333333-3333-4333-8333-333333333333/resourceGroups/rg-data-analytics/providers/Microsoft.OperationalInsights/workspaces/law-6ccb0d34,law-6ccb0d34,Log Analytics Workspace,westus2,West US 2,,,,,,,,,,,"{""Environment"":""staging"",""CostCenter"":""cc-3110"",""Owner"":""team-platform""}"
Microsoft Azure,Microsoft,Microsoft Azure,INV-2026-05-000002,8a1b2c3d-0000-4a00-9000-000000000002,ExampleCorp MCA - Secondary,Microsoft Customer Agreement,33333333-3333-4333-8333-333333333333,data-analytics,Subscription,2026-05-01T00:00:00Z,2026-06-01T00:00:00Z,2026-05-01T00:00:00Z,2026-06-01T00:00:00Z,Usage,,Hot LRS data stored,Usage-Based,125.2152449933924,125.2152449933924,139.1280500789382,125.2152449933924,0.0179168709,0.0161251838,Standard,7765.1980,GB-Months,EUR,0.0148351691,115.198025393921008,0.0164835212,USD,7765.1980,GB-Months,Azure Blob Storage,Storage,Object Storage,AZ-AZUR-5c5355,Storage,AZSP-bf1ee455,"{""x_StorageClass"":""Hot"",""x_Redundancy"":""LRS""}",/subscriptions/33333333-3333-4333-8333-333333333333/resourceGroups/rg-data-analytics/providers/Microsoft.Storage/storageAccounts/stor6bdb5f69,stor6bdb5f69,Storage Account,westeurope,West Europe,,,,,,,,,,,"{""Environment"":""staging"",""CostCenter"":""cc-1042"",""Owner"":""team-data""}"
Microsoft Azure,Microsoft,Microsoft Azure,INV-2026-05-000001,8a1b2c3d-0000-4a00-9000-000000000001,ExampleCorp MCA - Primary,Microsoft Customer Agreement,44444444-4444-4444-8444-444444444444,sandbox-dev,Subscription,2026-05-01T00:00:00Z,2026-06-01T00:00:00Z,2026-05-05T00:00:00Z,2026-05-06T00:00:00Z,Tax,,Tax for Azure Kubernetes Service,One-Time,9.529642,9.529642,9.529642,9.529642,,,,,,,,,,USD,,,Azure Kubernetes Service,Compute,Containers,,,,,,,,,,,,,,,,,,,,"{""Environment"":""staging"",""CostCenter"":""cc-2087"",""Owner"":""team-payments""}"
Microsoft Azure,Microsoft,Microsoft Azure,INV-2026-05-000002,8a1b2c3d-0000-4a00-9000-000000000002,ExampleCorp MCA - Secondary,Microsoft Customer Agreement,33333333-3333-4333-8333-333333333333,data-analytics,Subscription,2026-05-01T00:00:00Z,2026-06-01T00:00:00Z,2026-05-25T17:00:00Z,2026-05-25T18:00:00Z,Usage,,AKS node pool hours,Usage-Based,0.1699807442,0.1699807442,0.1888674936,0.1699807442,0.1888674936,0.1699807442,Standard,1.0000,Hours,USD,0.1699807442,0.1699807442,0.1888674936,USD,1.0000,Hours,Azure Kubernetes Service,Compute,Containers,AZ-AZUR-c6a2fd,Compute,AZSP-1dd74ea5,"{""InstanceType"":""Standard_D4s_v5"",""CoreCount"":4,""MemorySize"":16,""x_NodePool"":""system""}",/subscriptions/33333333-3333-4333-8333-333333333333/resourceGroups/rg-data-analytics/providers/Microsoft.ContainerService/managedClusters/aks-6f5e26c3,aks-6f5e26c3,Managed Cluster,southeastasia,Southeast Asia,,,,,,,,,,,"{""Environment"":""staging"",""CostCenter"":""cc-2087"",""Owner"":""team-payments""}"
Microsoft Azure,Microsoft,Microsoft Azure,INV-2026-05-000001,8a1b2c3d-0000-4a00-9000-000000000001,ExampleCorp MCA - Primary,Microsoft Customer Agreement,11111111-1111-4111-8111-111111111111,prod-platform,Subscription,2026-05-01T00:00:00Z,2026-06-01T00:00:00Z,2026-05-25T18:00:00Z,2026-05-25T19:00:00Z,Usage,,Standard_D4s_v5 instance,Usage-Based,0.1757938298,0.1757938298,0.1953264775,0.1757938298,0.1953264775,0.1757938298,Standard,1.0000,Hours,USD,0.1757938298,0.1757938298,0.1953264775,USD,1.0000,Hours,Virtual Machines,Compute,Virtual Machines,AZ-VIRT-2380bb,Compute,AZSP-753cf11a,"{""InstanceType"":""Standard_D4s_v5"",""InstanceSeries"":""Ddsv5"",""CoreCount"":4,""MemorySize"":16,""OperatingSystem"":""Linux"",""x_Tenancy"":""Shared""}",/subscriptions/11111111-1111-4111-8111-111111111111/resourceGroups/rg-prod-platform/providers/Microsoft.Compute/virtualMachines/vm-849e550c,vm-849e550c,Virtual Machine,eastus,East US,eastus-1,,,,,,,,,,"{""Environment"":""prod"",""CostCenter"":""cc-2087"",""Owner"":""team-data""}"
Microsoft Azure,Microsoft,Microsoft Azure,INV-2026-05-000002,8a1b2c3d-0000-4a00-9000-000000000002,ExampleCorp MCA - Secondary,Microsoft Customer Agreement,11111111-1111-4111-8111-111111111111,prod-platform,Subscription,2026-05-01T00:00:00Z,2026-06-01T00:00:00Z,2026-05-01T00:00:00Z,2026-06-01T00:00:00Z,Usage,,Hot LRS data stored,Usage-Based,123.39273444391404,123.39273444391404,137.1030382710156,123.39273444391404,0.0181604310,0.0163443879,Standard,7549.5476,GB-Months,USD,0.0163443879,123.39273444391404,0.0181604310,USD,7549.5476,GB-Months,Azure Blob Storage,Storage,Object Storage,AZ-AZUR-4fad5f,Storage,AZSP-e7de4fad,"{""x_StorageClass"":""Hot"",""x_Redundancy"":""LRS""}",/subscriptions/11111111-1111-4111-8111-111111111111/resourceGroups/rg-prod-platform/providers/Microsoft.Storage/storageAccounts/stor807b4d17,stor807b4d17,Storage Account,eastus,East US,,,,,,,,,,,"{""Environment"":""prod"",""CostCenter"":""cc-2087"",""Owner"":""team-platform""}"
Microsoft Azure,Microsoft,Microsoft Azure,INV-2026-05-000001,8a1b2c3d-0000-4a00-9000-000000000001,ExampleCorp MCA - Primary,Microsoft Customer Agreement,33333333-3333-4333-8333-333333333333,data-analytics,Subscription,2026-05-01T00:00:00Z,2026-06-01T00:00:00Z,2026-05-09T00:00:00Z,2026-05-10T00:00:00Z,Usage,,Log data ingested,Usage-Based,983.66317796670665,983.66317796670665,1092.95908660824694,983.66317796670665,2.2670321294,2.0403289165,Standard,482.1101,GB,USD,2.0403289165,983.66317796670665,2.2670321294,USD,482.1101,GB,Azure Monitor,Management and Governance,Observability,AZ-AZUR-af914c,Monitoring,AZSP-2542831c,"{""x_DataType"":""Logs""}",/subscriptions/33333333-3333-4333-8333-333333333333/resourceGroups/rg-data-analytics/providers/Microsoft.OperationalInsights/workspaces/law-181eda55,law-181eda55,Log Analytics Workspace,westus2,West US 2,,,,,,,,,,,"{""Environment"":""staging"",""CostCenter"":""cc-1042"",""Owner"":""team-data""}"
Microsoft Azure,Microsoft,Microsoft Azure,INV-2026-05-000001,8a1b2c3d-0000-4a00-9000-000000000001,ExampleCorp MCA - Primary,Microsoft Customer Agreement,11111111-1111-4111-8111-111111111111,prod-platform,Subscription,2026-05-01T00:00:00Z,2026-06-01T00:00:00Z,2026-05-01T00:00:00Z,2026-06-01T00:00:00Z,Usage,,Hot LRS data stored,Usage-Based,9.9930075631386,9.9930075631386,11.10334174350555,9.9930075631386,0.0184551409,0.0166096268,Standard,601.6395,GB-Months,USD,0.0166096268,9.9930075631386,0.0184551409,USD,601.6395,GB-Months,Azure Blob Storage,Storage,Object Storage,AZ-AZUR-51d83a,Storage,AZSP-5564d812,"{""x_StorageClass"":""Hot"",""x_Redundancy"":""LRS""}",/subscriptions/11111111-1111-4111-8111-111111111111/resourceGroups/rg-prod-platform/providers/Microsoft.Storage/storageAccounts/store3171241,store3171241,Storage Account,southeastasia,Southeast Asia,,,,,,,,,,,"{""Environment"":""dev"",""CostCenter"":""cc-2087"",""Owner"":""team-payments""}"
Microsoft Azure,Microsoft,Microsoft Azure,INV-2026-05-000001,8a1b2c3d-0000-4a00-9000-000000000001,ExampleCorp MCA - Primary,Microsoft Customer Agreement,44444444-4444-4444-8444-444444444444,sandbox-dev,Subscription,2026-05-01T00:00:00Z,2026-06-01T00:00:00Z,2026-05-25T22:00:00Z,2026-05-25T23:00:00Z,Usage,,AKS node pool hours,Usage-Based,0.1756641304,0.1756641304,0.1951823671,0.1756641304,0.1951823671,0.1756641304,Standard,1.0000,Hours,USD,0.1756641304,0.1756641304,0.1951823671,USD,1.0000,Hours,Azure Kubernetes Service,Compute,Containers,AZ-AZUR-da462c,Compute,AZSP-f9121d38,"{""InstanceType"":""Standard_D4s_v5"",""CoreCount"":4,""MemorySize"":16,""x_NodePool"":""system""}",/subscriptions/44444444-4444-4444-8444-444444444444/resourceGroups/rg-sandbox-dev/providers/Microsoft.ContainerService/managedClusters/aks-4e727dd9,aks-4e727dd9,Managed Cluster,westeurope,West Europe,,,,,,,,,,,"{""Environment"":""staging"",""CostCenter"":""cc-2087"",""Owner"":""team-data""}"
Microsoft Azure,Microsoft,Microsoft Azure,INV-2026-05-000001,8a1b2c3d-0000-4a00-9000-000000000001,ExampleCorp MCA - Primary,Microsoft Customer Agreement,44444444-4444-4444-8444-444444444444,sandbox-dev,Subscription,2026-05-01T00:00:00Z,2026-06-01T00:00:00Z,2026-05-12T00:00:00Z,2026-05-13T00:00:00Z,Usage,,Log data ingested,Usage-Based,861.408973439291,861.408973439291,957.121081608468,861.408973439291,2.2979546268,2.0681591641,Standard,416.5100,GB,USD,2.0681591641,861.408973439291,2.2979546268,USD,416.5100,GB,Azure Monitor,Management and Governance,Observability,AZ-AZUR-6bd8ef,Monitoring,AZSP-0ca814f6,"{""x_DataType"":""Logs""}",/subscriptions/44444444-4444-4444-8444-444444444444/resourceGroups/rg-sandbox-dev/providers/Microsoft.OperationalInsights/workspaces/law-2b88b5d5,law-2b88b5d5,Log Analytics Workspace,westus2,West US 2,,,,,,,,,,,"{""Environment"":""dev"",""CostCenter"":""cc-1042"",""Owner"":""team-platform""}"
Microsoft Azure,Microsoft,Microsoft Azure,INV-2026-05-000002,8a1b2c3d-0000-4a00-9000-000000000002,ExampleCorp MCA - Secondary,Microsoft Customer Agreement,44444444-4444-4444-8444-444444444444,sandbox-dev,Subscription,2026-05-01T00:00:00Z,2026-06-01T00:00:00Z,2026-05-26T00:00:00Z,2026-05-26T01:00:00Z,Usage,,Standard_D4s_v5 instance,Usage-Based,0.1724474277,0.1724474277,0.191608253,0.1724474277,0.1916082530,0.1724474277,Standard,1.0000,Hours,USD,0.1724474277,0.1724474277,0.1916082530,USD,1.0000,Hours,Virtual Machines,Compute,Virtual Machines,AZ-VIRT-c90715,Compute,AZSP-d4acdf38,"{""InstanceType"":""Standard_D4s_v5"",""InstanceSeries"":""Ddsv5"",""CoreCount"":4,""MemorySize"":16,""OperatingSystem"":""Linux"",""x_Tenancy"":""Shared""}",/subscriptions/44444444-4444-4444-8444-444444444444/resourceGroups/rg-sandbox-dev/providers/Microsoft.Compute/virtualMachines/vm-a72614e7,vm-a72614e7,Virtual Machine,eastus,East US,eastus-1,,,,,,,,,,"{""Environment"":""dev"",""CostCenter"":""cc-3110"",""Owner"":""team-data""}"
Microsoft Azure,Microsoft,Microsoft Azure,INV-2026-05-000001,8a1b2c3d-0000-4a00-9000-000000000001,ExampleCorp MCA - Primary,Microsoft Customer Agreement,44444444-4444-4444-8444-444444444444,sandbox-dev,Subscription,2026-05-01T00:00:00Z,2026-06-01T00:00:00Z,2026-05-14T00:00:00Z,2026-05-15T00:00:00Z,Usage,,VNet peering data transfer,Usage-Based,29.4308096720664,29.4308096720664,32.7008996724618,29.4308096720664,0.0098647569,0.0088782812,Standard,3314.9220,GB,EUR,0.0081680187,27.076344898301088,0.0090755763,USD,3314.9220,GB,Virtual Network,Networking,Network Connectivity,AZ-VIRT-828e92,Data Transfer,AZSP-a9ca760e,"{""x_TransferType"":""Peering""}",/subscriptions/44444444-4444-4444-8444-444444444444/resourceGroups/rg-sandbox-dev/providers/Microsoft.Network/virtualNetworks/vnet-c5f2cdfc,vnet-c5f2cdfc,Virtual Network,southeastasia,Southeast Asia,,,,,,,,,,,"{""Environment"":""staging"",""CostCenter"":""cc-3110"",""Owner"":""team-platform""}"
Microsoft Azure,Microsoft,Microsoft Azure,INV-2026-05-000002,8a1b2c3d-0000-4a00-9000-000000000002,ExampleCorp MCA - Secondary,Microsoft Customer Agreement,11111111-1111-4111-8111-111111111111,prod-platform,Subscription,2026-05-01T00:00:00Z,2026-06-01T00:00:00Z,2026-05-26T02:00:00Z,2026-05-26T03:00:00Z,Usage,,General Purpose 4 vCore,Usage-Based,0.4446098347,0.4446098347,0.4940109274,0.4446098347,0.4940109274,0.4446098347,Standard,1.0000,Hours,USD,0.4446098347,0.4446098347,0.4940109274,USD,1.0000,Hours,Azure SQL Database,Databases,Relational Databases,AZ-AZUR-fe1ac3,Database,AZSP-01be402e,"{""InstanceType"":""GP_Gen5_4"",""CoreCount"":4,""MemorySize"":20,""x_Engine"":""SQLServer""}",/subscriptions/11111111-1111-4111-8111-111111111111/resourceGroups/rg-prod-platform/providers/Microsoft.Sql/servers/databases/sqldb-21deeee4,sqldb-21deeee4,SQL Database,eastus,East US,,,,,,,,,,,"{""Environment"":""prod"",""CostCenter"":""cc-1042"",""Owner"":""team-platform""}"
Microsoft Azure,Microsoft,Microsoft Azure,INV-2026-05-000002,8a1b2c3d-0000-4a00-9000-000000000002,ExampleCorp MCA - Secondary,Microsoft Customer Agreement,44444444-4444-4444-8444-444444444444,sandbox-dev,Subscription,2026-05-01T00:00:00Z,2026-06-01T00:00:00Z,2026-05-16T00:00:00Z,2026-05-17T00:00:00Z,Usage,,Log data ingested,Usage-Based,448.60811096407051,448.60811096407051,498.45345662430501,448.60811096407051,2.2698234501,2.0428411051,Standard,219.6001,GB,USD,2.0428411051,448.60811096407051,2.2698234501,USD,219.6001,GB,Azure Monitor,Management and Governance,Observability,AZ-AZUR-d3c3ce,Monitoring,AZSP-0f0c45cb,"{""x_DataType"":""Logs""}",/subscriptions/44444444-4444-4444-8444-444444444444/resourceGroups/rg-sandbox-dev/providers/Microsoft.OperationalInsights/workspaces/law-eddbf31e,law-eddbf31e,Log Analytics Workspace,westeurope,West Europe,,,,,,,,,,,"{""Environment"":""staging"",""CostCenter"":""cc-1042"",""Owner"":""team-data""}"
Microsoft Azure,Microsoft,Microsoft Azure,INV-2026-05-000001,8a1b2c3d-0000-4a00-9000-000000000001,ExampleCorp MCA - Primary,Microsoft Customer Agreement,44444444-4444-4444-8444-444444444444,sandbox-dev,Subscription,2026-05-01T00:00:00Z,2026-06-01T00:00:00Z,2026-05-17T00:00:00Z,2026-05-18T00:00:00Z,Purchase,,Azure SQL Database subscription fee,Recurring,378.535410,0,378.535410,378.535410,378.535410,378.535410,Standard,1,Units,USD,378.5354100000,0,378.5354100000,USD,,,Azure SQL Database,Databases,Relational Databases,AZ-AZUR-d8ca74,Database,AZSP-4fb3a1af,"{""InstanceType"":""GP_Gen5_4"",""CoreCount"":4,""MemorySize"":20,""x_Engine"":""SQLServer""}",/subscriptions/44444444-4444-4444-8444-444444444444/resourceGroups/rg-sandbox-dev/providers/Microsoft.Sql/servers/databases/sqldb-9f553626,sqldb-9f553626,SQL Database,westeurope,West Europe,,,,,,,,,,,"{""Environment"":""staging"",""CostCenter"":""cc-2087"",""Owner"":""team-platform""}"
Microsoft Azure,Microsoft,Microsoft Azure,INV-2026-05-000001,8a1b2c3d-0000-4a00-9000-000000000001,ExampleCorp MCA - Primary,Microsoft Customer Agreement,22222222-2222-4222-8222-222222222222,staging-platform,Subscription,2026-05-01T00:00:00Z,2026-06-01T00:00:00Z,2026-05-26T05:00:00Z,2026-05-26T06:00:00Z,Usage,,General Purpose 4 vCore,Usage-Based,0.442635006,0.442635006,0.4918166733,0.442635006,0.4918166733,0.4426350060,Standard,1.0000,Hours,USD,0.4426350060,0.442635006,0.4918166733,USD,1.0000,Hours,Azure SQL Database,Databases,Relational Databases,AZ-AZUR-d5c7e1,Database,AZSP-02970a09,"{""InstanceType"":""GP_Gen5_4"",""CoreCount"":4,""MemorySize"":20,""x_Engine"":""SQLServer""}",/subscriptions/22222222-2222-4222-8222-222222222222/resourceGroups/rg-staging-platform/providers/Microsoft.Sql/servers/databases/sqldb-7e02f5b5,sqldb-7e02f5b5,SQL Database,eastus,East US,,,,,,,,,,,"{""Environment"":""prod"",""CostCenter"":""cc-3110"",""Owner"":""team-payments""}"
Microsoft Azure,Microsoft,Microsoft Azure,INV-2026-05-000001,8a1b2c3d-0000-4a00-9000-000000000001,ExampleCorp MCA - Primary,Microsoft Customer Agreement,11111111-1111-4111-8111-111111111111,prod-platform,Subscription,2026-05-01T00:00:00Z,2026-06-01T00:00:00Z,2026-05-26T06:00:00Z,2026-05-26T07:00:00Z,Usage,,Standard_D4s_v5 instance,Usage-Based,0.1689139078,0.1689139078,0.1876821198,0.1689139078,0.1876821198,0.1689139078,Standard,1.0000,Hours,USD,0.1689139078,0.1689139078,0.1876821198,USD,1.0000,Hours,Virtual Machines,Compute,Virtual Machines,AZ-VIRT-f7e24f,Compute,AZSP-fec85586,"{""InstanceType"":""Standard_D4s_v5"",""InstanceSeries"":""Ddsv5"",""CoreCount"":4,""MemorySize"":16,""OperatingSystem"":""Linux"",""x_Tenancy"":""Shared""}",/subscriptions/11111111-1111-4111-8111-111111111111/resourceGroups/rg-prod-platform/providers/Microsoft.Compute/virtualMachines/vm-f9fe0bf3,vm-f9fe0bf3,Virtual Machine,eastus,East US,eastus-3,,,,,,,,,,"{""Environment"":""prod"",""CostCenter"":""cc-1042"",""Owner"":""team-platform""}"
Microsoft Azure,Microsoft,Microsoft Azure,INV-2026-05-000002,8a1b2c3d-0000-4a00-9000-000000000002,ExampleCorp MCA - Secondary,Microsoft Customer Agreement,22222222-2222-4222-8222-222222222222,staging-platform,Subscription,2026-05-01T00:00:00Z,2026-06-01T00:00:00Z,2026-05-26T07:00:00Z,2026-05-26T08:00:00Z,Usage,,Provisioned throughput,Usage-Based,0.0072550445,0.0072550445,0.0080611606,0.0072550445,0.0080611606,0.0072550445,Standard,1.0000,Hours,USD,0.0072550445,0.0072550445,0.0080611606,USD,1.0000,Hours,Azure Cosmos DB,Databases,NoSQL Databases,AZ-AZUR-8c869a,Database,AZSP-b3a2674d,"{""x_CapacityMode"":""Provisioned""}",/subscriptions/22222222-2222-4222-8222-222222222222/resourceGroups/rg-staging-platform/providers/Microsoft.DocumentDB/databaseAccounts/cosmos-018ea40b,cosmos-018ea40b,Cosmos DB Account,eastus,East US,,,,,,,,,,,"{""Environment"":""dev"",""CostCenter"":""cc-2087"",""Owner"":""team-payments""}"
Microsoft Azure,Microsoft,Microsoft Azure,INV-2026-05-000001,8a1b2c3d-0000-4a00-9000-000000000001,ExampleCorp MCA - Primary,Microsoft Customer Agreement,33333333-3333-4333-8333-333333333333,data-analytics,Subscription,2026-05-01T00:00:00Z,2026-06-01T00:00:00Z,2026-05-21T00:00:00Z,2026-05-22T00:00:00Z,Tax,,Tax for Azure Monitor,One-Time,21.198031,21.198031,21.198031,21.198031,,,,,,,,,,USD,,,Azure Monitor,Management and Governance,Observability,,,,,,,,,,,,,,,,,,,,"{""Environment"":""prod"",""CostCenter"":""cc-2087"",""Owner"":""team-data""}"
Microsoft Azure,Microsoft,Microsoft Azure,INV-2026-05-000001,8a1b2c3d-0000-4a00-9000-000000000001,ExampleCorp MCA - Primary,Microsoft Customer Agreement,22222222-2222-4222-8222-222222222222,staging-platform,Subscription,2026-05-01T00:00:00Z,2026-06-01T00:00:00Z,2026-05-22T00:00:00Z,2026-05-23T00:00:00Z,Purchase,,Azure Functions subscription fee,Recurring,765.111783,0,765.111783,765.111783,765.111783,765.111783,Standard,1,Units,USD,765.1117830000,0,765.1117830000,USD,,,Azure Functions,Compute,Serverless Compute,AZ-AZUR-932898,Compute,AZSP-8a08dbe4,"{""x_Plan"":""Consumption"",""x_Runtime"":""dotnet8""}",/subscriptions/22222222-2222-4222-8222-222222222222/resourceGroups/rg-staging-platform/providers/Microsoft.Web/sites/func-5a5025e5,func-5a5025e5,Function App,southeastasia,Southeast Asia,,,,,,,,,,,"{""Environment"":""staging"",""CostCenter"":""cc-2087"",""Owner"":""team-data""}"
Microsoft Azure,Microsoft,Microsoft Azure,INV-2026-05-000001,8a1b2c3d-0000-4a00-9000-000000000001,ExampleCorp MCA - Primary,Microsoft Customer Agreement,33333333-3333-4333-8333-333333333333,data-analytics,Subscription,2026-05-01T00:00:00Z,2026-06-01T00:00:00Z,2026-05-01T00:00:00Z,2026-06-01T00:00:00Z,Usage,,Hot LRS data stored,Usage-Based,122.19446136860788,122.19446136860788,135.77162332512205,122.19446136860788,0.0180548315,0.0162493484,Standard,7519.9607,GB-Months,USD,0.0162493484,122.19446136860788,0.0180548315,USD,7519.9607,GB-Months,Azure Blob Storage,Storage,Object Storage,AZ-AZUR-dafa4d,Storage,AZSP-03934548,"{""x_StorageClass"":""Hot"",""x_Redundancy"":""LRS""}",/subscriptions/33333333-3333-4333-8333-333333333333/resourceGroups/rg-data-analytics/providers/Microsoft.Storage/storageAccounts/stor55800239,stor55800239,Storage Account,westus2,West US 2,,,,,,,,,,,"{""Environment"":""dev"",""CostCenter"":""cc-2087"",""Owner"":""team-payments""}"
Microsoft Azure,Microsoft,Microsoft Azure,INV-2026-05-000001,8a1b2c3d-0000-4a00-9000-000000000001,ExampleCorp MCA - Primary,Microsoft Customer Agreement,11111111-1111-4111-8111-111111111111,prod-platform,Subscription,2026-05-01T00:00:00Z,2026-06-01T00:00:00Z,2026-05-26T11:00:00Z,2026-05-26T12:00:00Z,Usage,,Function execution duration,Usage-Based,2.54354324001814,2.54354324001814,2.82615526566104,2.54354324001814,0.0000161452,0.0000145307,Standard,175046.1602,GB-Seconds,USD,0.0000145307,2.54354324001814,0.0000161452,USD,175046.1602,GB-Seconds,Azure Functions,Compute,Serverless Compute,AZ-AZUR-9fe0ec,Compute,AZSP-7a57d98c,"{""x_Plan"":""Consumption"",""x_Runtime"":""dotnet8""}",/subscriptions/11111111-1111-4111-8111-111111111111/resourceGroups/rg-prod-platform/providers/Microsoft.Web/sites/func-f3b61194,func-f3b61194,Function App,eastus,East US,,,,,,,,,,,"{""Environment"":""staging"",""CostCenter"":""cc-1042"",""Owner"":""team-platform""}"
Microsoft Azure,Microsoft,Microsoft Azure,INV-2026-05-000001,8a1b2c3d-0000-4a00-9000-000000000001,ExampleCorp MCA - Primary,Microsoft Customer Agreement,33333333-3333-4333-8333-333333333333,data-analytics,Subscription,2026-05-01T00:00:00Z,2026-06-01T00:00:00Z,2026-05-26T12:00:00Z,2026-05-26T13:00:00Z,Usage,,Function execution duration,Usage-Based,15.1427145761815,15.1427145761815,16.8252144322945,15.1427145761815,0.0000155882,0.0000140294,Standard,1079355.8225,GB-Seconds,EUR,0.0000129070,13.93129741008698,0.0000143411,USD,1079355.8225,GB-Seconds,Azure Functions,Compute,Serverless Compute,AZ-AZUR-cda8e2,Compute,AZSP-81699e3b,"{""x_Plan"":""Consumption"",""x_Runtime"":""dotnet8""}",/subscriptions/33333333-3333-4333-8333-333333333333/resourceGroups/rg-data-analytics/providers/Microsoft.Web/sites/func-2806d921,func-2806d921,Function App,eastus,East US,,,,,,,,,,,"{""Environment"":""staging"",""CostCenter"":""cc-2087"",""Owner"":""team-data""}"
Microsoft Azure,Microsoft,Microsoft Azure,INV-2026-05-000001,8a1b2c3d-0000-4a00-9000-000000000001,ExampleCorp MCA - Primary,Microsoft Customer Agreement,44444444-4444-4444-8444-444444444444,sandbox-dev,Subscription,2026-05-01T00:00:00Z,2026-06-01T00:00:00Z,2026-05-01T00:00:00Z,2026-06-01T00:00:00Z,Usage,,Hot LRS data stored,Usage-Based,98.63327644026324,98.63327644026324,109.59252950735376,98.63327644026324,0.0188375908,0.0169538317,Standard,5817.7572,GB-Months,USD,0.0169538317,98.63327644026324,0.0188375908,USD,5817.7572,GB-Months,Azure Blob Storage,Storage,Object Storage,AZ-AZUR-843ed9,Storage,AZSP-4c1ecdf2,"{""x_StorageClass"":""Hot"",""x_Redundancy"":""LRS""}",/subscriptions/44444444-4444-4444-8444-444444444444/resourceGroups/rg-sandbox-dev/providers/Microsoft.Storage/storageAccounts/stor9c393f62,stor9c393f62,Storage Account,southeastasia,Southeast Asia,,,,,,,,,,,"{""Environment"":""prod"",""CostCenter"":""cc-1042"",""Owner"":""team-platform""}"
Microsoft Azure,Microsoft,Microsoft Azure,INV-2026-05-000001,8a1b2c3d-0000-4a00-9000-000000000001,ExampleCorp MCA - Primary,Microsoft Customer Agreement,44444444-4444-4444-8444-444444444444,sandbox-dev,Subscription,2026-05-01T00:00:00Z,2026-06-01T00:00:00Z,2026-05-26T14:00:00Z,2026-05-26T15:00:00Z,Usage,,Provisioned throughput,Usage-Based,0.0073496425,0.0073496425,0.0081662694,0.0073496425,0.0081662694,0.0073496425,Standard,1.0000,Hours,EUR,0.0067616711,0.0067616711,0.0075129678,USD,1.0000,Hours,Azure Cosmos DB,Databases,NoSQL Databases,AZ-AZUR-d7b3b8,Database,AZSP-98c59807,"{""x_CapacityMode"":""Provisioned""}",/subscriptions/44444444-4444-4444-8444-444444444444/resourceGroups/rg-sandbox-dev/providers/Microsoft.DocumentDB/databaseAccounts/cosmos-741ff074,cosmos-741ff074,Cosmos DB Account,westus2,West US 2,,,,,,,,,,,"{""Environment"":""prod"",""CostCenter"":""cc-2087"",""Owner"":""team-payments""}"
Microsoft Azure,Microsoft,Microsoft Azure,INV-2026-05-000002,8a1b2c3d-0000-4a00-9000-000000000002,ExampleCorp MCA - Secondary,Microsoft Customer Agreement,44444444-4444-4444-8444-444444444444,sandbox-dev,Subscription,2026-05-01T00:00:00Z,2026-06-01T00:00:00Z,2026-05-28T00:00:00Z,2026-05-29T00:00:00Z,Purchase,,Azure Monitor subscription fee,Recurring,57.851538,0,57.851538,57.851538,57.851538,57.851538,Standard,1,Units,USD,57.8515380000,0,57.8515380000,USD,,,Azure Monitor,Management and Governance,Observability,AZ-AZUR-c9f914,Monitoring,AZSP-effb4c28,"{""x_DataType"":""Logs""}",/subscriptions/44444444-4444-4444-8444-444444444444/resourceGroups/rg-sandbox-dev/providers/Microsoft.OperationalInsights/workspaces/law-2ecb79b1,law-2ecb79b1,Log Analytics Workspace,southeastasia,Southeast Asia,,,,,,,,,,,"{""Environment"":""staging"",""CostCenter"":""cc-2087"",""Owner"":""team-platform""}"
Microsoft Azure,Microsoft,Microsoft Azure,INV-2026-05-000002,8a1b2c3d-0000-4a00-9000-000000000002,ExampleCorp MCA - Secondary,Microsoft Customer Agreement,33333333-3333-4333-8333-333333333333,data-analytics,Subscription,2026-05-01T00:00:00Z,2026-06-01T00:00:00Z,2026-05-26T16:00:00Z,2026-05-26T17:00:00Z,Usage,,Provisioned throughput,Usage-Based,0.0073719761,0.0073719761,0.0081910845,0.0073719761,0.0081910845,0.0073719761,Standard,1.0000,Hours,USD,0.0073719761,0.0073719761,0.0081910845,USD,1.0000,Hours,Azure Cosmos DB,Databases,NoSQL Databases,AZ-AZUR-9d6bbd,Database,AZSP-5c3ba118,"{""x_CapacityMode"":""Provisioned""}",/subscriptions/33333333-3333-4333-8333-333333333333/resourceGroups/rg-data-analytics/providers/Microsoft.DocumentDB/databaseAccounts/cosmos-fe4804c9,cosmos-fe4804c9,Cosmos DB Account,westeurope,West Europe,,,,,,,,,,,"{""Environment"":""prod"",""CostCenter"":""cc-1042"",""Owner"":""team-payments""}"
Microsoft Azure,Microsoft,Microsoft Azure,INV-2026-05-000001,8a1b2c3d-0000-4a00-9000-000000000001,ExampleCorp MCA - Primary,Microsoft Customer Agreement,33333333-3333-4333-8333-333333333333,data-analytics,Subscription,2026-05-01T00:00:00Z,2026-06-01T00:00:00Z,2026-05-26T17:00:00Z,2026-05-26T18:00:00Z,Usage,,General Purpose 4 vCore,Usage-Based,0.4582653278,0.4582653278,0.5091836975,0.4582653278,0.5091836975,0.4582653278,Standard,1.0000,Hours,USD,0.4582653278,0.4582653278,0.5091836975,USD,1.0000,Hours,Azure SQL Database,Databases,Relational Databases,AZ-AZUR-538394,Database,AZSP-a79490d3,"{""InstanceType"":""GP_Gen5_4"",""CoreCount"":4,""MemorySize"":20,""x_Engine"":""SQLServer""}",/subscriptions/33333333-3333-4333-8333-333333333333/resourceGroups/rg-data-analytics/providers/Microsoft.Sql/servers/databases/sqldb-62774b53,sqldb-62774b53,SQL Database,eastus,East US,,,,,,,,,,,"{""Environment"":""staging"",""CostCenter"":""cc-2087"",""Owner"":""team-payments""}"
Microsoft Azure,Microsoft,Microsoft Azure,INV-2026-05-000001,8a1b2c3d-0000-4a00-9000-000000000001,ExampleCorp MCA - Primary,Microsoft Customer Agreement,44444444-4444-4444-8444-444444444444,sandbox-dev,Subscription,2026-05-01T00:00:00Z,2026-06-01T00:00:00Z,2026-05-26T18:00:00Z,2026-05-26T19:00:00Z,Usage,,AKS node pool hours,Usage-Based,0.1710587017,0.1710587017,0.1900652241,0.1710587017,0.1900652241,0.1710587017,Standard,1.0000,Hours,USD,0.1710587017,0.1710587017,0.1900652241,USD,1.0000,Hours,Azure Kubernetes Service,Compute,Containers,AZ-AZUR-6ae414,Compute,AZSP-7a1a80a4,"{""InstanceType"":""Standard_D4s_v5"",""CoreCount"":4,""MemorySize"":16,""x_NodePool"":""system""}",/subscriptions/44444444-4444-4444-8444-444444444444/resourceGroups/rg-sandbox-dev/providers/Microsoft.ContainerService/managedClusters/aks-c0b66f27,aks-c0b66f27,Managed Cluster,westeurope,West Europe,,,,,,,,,,,"{""Environment"":""dev"",""CostCenter"":""cc-3110"",""Owner"":""team-platform""}"
Microsoft Azure,Microsoft,Microsoft Azure,INV-2026-05-000001,8a1b2c3d-0000-4a00-9000-000000000001,ExampleCorp MCA - Primary,Microsoft Customer Agreement,33333333-3333-4333-8333-333333333333,data-analytics,Subscription,2026-05-01T00:00:00Z,2026-06-01T00:00:00Z,2026-05-04T00:00:00Z,2026-05-05T00:00:00Z,Usage,,VNet peering data transfer,Usage-Based,5.49054100046244,5.49054100046244,6.10060113147186,5.49054100046244,0.0102460887,0.0092214798,Standard,595.4078,GB,USD,0.0092214798,5.49054100046244,0.0102460887,USD,595.4078,GB,Virtual Network,Networking,Network Connectivity,AZ-VIRT-430451,Data Transfer,AZSP-905de85d,"{""x_TransferType"":""Peering""}",/subscriptions/33333333-3333-4333-8333-333333333333/resourceGroups/rg-data-analytics/providers/Microsoft.Network/virtualNetworks/vnet-4780ff4b,vnet-4780ff4b,Virtual Network,westeurope,West Europe,,,,,,,,,,,"{""Environment"":""staging"",""CostCenter"":""cc-2087"",""Owner"":""team-data""}"
Microsoft Azure,Microsoft,Microsoft Azure,INV-2026-05-000002,8a1b2c3d-0000-4a00-9000-000000000002,ExampleCorp MCA - Secondary,Microsoft Customer Agreement,33333333-3333-4333-8333-333333333333,data-analytics,Subscription,2026-05-01T00:00:00Z,2026-06-01T00:00:00Z,2026-05-01T00:00:00Z,2026-06-01T00:00:00Z,Usage,,Hot LRS data stored,Usage-Based,86.1197489255174,86.1197489255174,95.68860980208012,86.1197489255174,0.0184646322,0.0166181690,Standard,5182.2646,GB-Months,USD,0.0166181690,86.1197489255174,0.0184646322,USD,5182.2646,GB-Months,Azure Blob Storage,Storage,Object Storage,AZ-AZUR-350a3d,Storage,AZSP-1a74befa,"{""x_StorageClass"":""Hot"",""x_Redundancy"":""LRS""}",/subscriptions/33333333-3333-4333-8333-333333333333/resourceGroups/rg-data-analytics/providers/Microsoft.Storage/storageAccounts/storc8d8d7f6,storc8d8d7f6,Storage Account,westeurope,West Europe,,,,,,,,,,,"{""Environment"":""staging"",""CostCenter"":""cc-3110"",""Owner"":""team-payments""}"
Microsoft Azure,Microsoft,Microsoft Azure,INV-2026-05-000001,8a1b2c3d-0000-4a00-9000-000000000001,ExampleCorp MCA - Primary,Microsoft Customer Agreement,22222222-2222-4222-8222-222222222222,staging-platform,Subscription,2026-05-01T00:00:00Z,2026-06-01T00:00:00Z,2026-05-26T21:00:00Z,2026-05-26T22:00:00Z,Usage,,Provisioned throughput,Usage-Based,0.0073180171,0.0073180171,0.0081311301,0.0073180171,0.0081311301,0.0073180171,Standard,1.0000,Hours,USD,0.0073180171,0.0073180171,0.0081311301,USD,1.0000,Hours,Azure Cosmos DB,Databases,NoSQL Databases,AZ-AZUR-0db4eb,Database,AZSP-cb3d5f32,"{""x_CapacityMode"":""Provisioned""}",/subscriptions/22222222-2222-4222-8222-222222222222/resourceGroups/rg-staging-platform/providers/Microsoft.DocumentDB/databaseAccounts/cosmos-7ee11e8b,cosmos-7ee11e8b,Cosmos DB Account,westeurope,West Europe,,,,,,,,,,,"{""Environment"":""dev"",""CostCenter"":""cc-2087"",""Owner"":""team-data""}"
Microsoft Azure,Microsoft,Microsoft Azure,INV-2026-05-000002,8a1b2c3d-0000-4a00-9000-000000000002,ExampleCorp MCA - Secondary,Microsoft Customer Agreement,22222222-2222-4222-8222-222222222222,staging-platform,Subscription,2026-05-01T00:00:00Z,2026-06-01T00:00:00Z,2026-05-01T00:00:00Z,2026-06-01T00:00:00Z,Usage,,Hot LRS data stored,Usage-Based,74.91281168081927,74.91281168081927,83.23645761994538,74.91281168081927,0.0187965266,0.0169168739,Standard,4428.2893,GB-Months,USD,0.0169168739,74.91281168081927,0.0187965266,USD,4428.2893,GB-Months,Azure Blob Storage,Storage,Object Storage,AZ-AZUR-a401d7,Storage,AZSP-9dcf5954,"{""x_StorageClass"":""Hot"",""x_Redundancy"":""LRS""}",/subscriptions/22222222-2222-4222-8222-222222222222/resourceGroups/rg-staging-platform/providers/Microsoft.Storage/storageAccounts/stor40a2939d,stor40a2939d,Storage Account,southeastasia,Southeast Asia,,,,,,,,,,,"{""Environment"":""dev"",""CostCenter"":""cc-3110"",""Owner"":""team-data""}"
Microsoft Azure,Microsoft,Microsoft Azure,INV-2026-05-000002,8a1b2c3d-0000-4a00-9000-000000000002,ExampleCorp MCA - Secondary,Microsoft Customer Agreement,44444444-4444-4444-8444-444444444444,sandbox-dev,Subscription,2026-05-01T00:00:00Z,2026-06-01T00:00:00Z,2026-05-01T00:00:00Z,2026-06-01T00:00:00Z,Usage,,Hot LRS data stored,Usage-Based,58.3391272145515,58.3391272145515,64.8212522654525,58.3391272145515,0.0184524265,0.0166071839,Standard,3512.8850,GB-Months,EUR,0.0152786092,53.67199703738738,0.0169762324,USD,3512.8850,GB-Months,Azure Blob Storage,Storage,Object Storage,AZ-AZUR-52b27a,Storage,AZSP-3acbf78f,"{""x_StorageClass"":""Hot"",""x_Redundancy"":""LRS""}",/subscriptions/44444444-4444-4444-8444-444444444444/resourceGroups/rg-sandbox-dev/providers/Microsoft.Storage/storageAccounts/stor1afea3ef,stor1afea3ef,Storage Account,westeurope,West Europe,,,,,,,,,,,"{""Environment"":""staging"",""CostCenter"":""cc-1042"",""Owner"":""team-payments""}"
Microsoft Azure,Microsoft,Microsoft Azure,INV-2026-05-000001,8a1b2c3d-0000-4a00-9000-000000000001,ExampleCorp MCA - Primary,Microsoft Customer Agreement,22222222-2222-4222-8222-222222222222,staging-platform,Subscription,2026-05-01T00:00:00Z,2026-06-01T00:00:00Z,2026-05-27T00:00:00Z,2026-05-27T01:00:00Z,Usage,,Standard_D4s_v5 instance,Usage-Based,0.1764302257,0.1764302257,0.1960335841,0.1764302257,0.1960335841,0.1764302257,Standard,1.0000,Hours,USD,0.1764302257,0.1764302257,0.1960335841,USD,1.0000,Hours,Virtual Machines,Compute,Virtual Machines,AZ-VIRT-8cb032,Compute,AZSP-55793b7a,"{""InstanceType"":""Standard_D4s_v5"",""InstanceSeries"":""Ddsv5"",""CoreCount"":4,""MemorySize"":16,""OperatingSystem"":""Linux"",""x_Tenancy"":""Shared""}",/subscriptions/22222222-2222-4222-8222-222222222222/resourceGroups/rg-staging-platform/providers/Microsoft.Compute/virtualMachines/vm-ea1dc7ce,vm-ea1dc7ce,Virtual Machine,westeurope,West Europe,westeurope-2,,,,,,,,,,"{""Environment"":""dev"",""CostCenter"":""cc-1042"",""Owner"":""team-data""}"
Microsoft Azure,Microsoft,Microsoft Azure,INV-2026-05-000002,8a1b2c3d-0000-4a00-9000-000000000002,ExampleCorp MCA - Secondary,Microsoft Customer Agreement,44444444-4444-4444-8444-444444444444,sandbox-dev,Subscription,2026-05-01T00:00:00Z,2026-06-01T00:00:00Z,2026-05-10T00:00:00Z,2026-05-11T00:00:00Z,Purchase,,Azure Cosmos DB subscription fee,Recurring,320.996738,0,320.996738,320.996738,320.996738,320.996738,Standard,1,Units,USD,320.9967380000,0,320.9967380000,USD,,,Azure Cosmos DB,Databases,NoSQL Databases,AZ-AZUR-321211,Database,AZSP-0e9e1145,"{""x_CapacityMode"":""Provisioned""}",/subscriptions/44444444-4444-4444-8444-444444444444/resourceGroups/rg-sandbox-dev/providers/Microsoft.DocumentDB/databaseAccounts/cosmos-52c0100e,cosmos-52c0100e,Cosmos DB Account,eastus,East US,,,,,,,,,,,"{""Environment"":""staging"",""CostCenter"":""cc-1042"",""Owner"":""team-data""}"
Microsoft Azure,Microsoft,Microsoft Azure,INV-2026-05-000001,8a1b2c3d-0000-4a00-9000-000000000001,ExampleCorp MCA - Primary,Microsoft Customer Agreement,11111111-1111-4111-8111-111111111111,prod-platform,Subscription,2026-05-01T00:00:00Z,2026-06-01T00:00:00Z,2026-05-01T00:00:00Z,2026-06-01T00:00:00Z,Usage,,Hot LRS data stored,Usage-Based,130.66740082344358,130.66740082344358,145.18600074265312,130.66740082344358,0.0187269392,0.0168542453,Standard,7752.7886,GB-Months,USD,0.0168542453,130.66740082344358,0.0187269392,USD,7752.7886,GB-Months,Azure Blob Storage,Storage,Object Storage,AZ-AZUR-0f8ef5,Storage,AZSP-43d85021,"{""x_StorageClass"":""Hot"",""x_Redundancy"":""LRS""}",/subscriptions/11111111-1111-4111-8111-111111111111/resourceGroups/rg-prod-platform/providers/Microsoft.Storage/storageAccounts/stora921167c,stora921167c,Storage Account,westeurope,West Europe,,,,,,,,,,,"{""Environment"":""staging"",""CostCenter"":""cc-3110"",""Owner"":""team-payments""}"
Microsoft Azure,Microsoft,Microsoft Azure,INV-2026-05-000002,8a1b2c3d-0000-4a00-9000-000000000002,ExampleCorp MCA - Secondary,Microsoft Customer Agreement,44444444-4444-4444-8444-444444444444,sandbox-dev,Subscription,2026-05-01T00:00:00Z,2026-06-01T00:00:00Z,2026-05-27T03:00:00Z,2026-05-27T04:00:00Z,Usage,,General Purpose 4 vCore,Usage-Based,0.4490417373,0.4490417373,0.4989352637,0.4490417373,0.4989352637,0.4490417373,Standard,1.0000,Hours,USD,0.4490417373,0.4490417373,0.4989352637,USD,1.0000,Hours,Azure SQL Database,Databases,Relational Databases,AZ-AZUR-6893ce,Database,AZSP-6fcf10b6,"{""InstanceType"":""GP_Gen5_4"",""CoreCount"":4,""MemorySize"":20,""x_Engine"":""SQLServer""}",/subscriptions/44444444-4444-4444-8444-444444444444/resourceGroups/rg-sandbox-dev/providers/Microsoft.Sql/servers/databases/sqldb-82e7b8d4,sqldb-82e7b8d4,SQL Database,westus2,West US 2,,,,,,,,,,,"{""Environment"":""dev"",""CostCenter"":""cc-3110"",""Owner"":""team-data""}"
Microsoft Azure,Microsoft,Microsoft Azure,INV-2026-05-000002,8a1b2c3d-0000-4a00-9000-000000000002,ExampleCorp MCA - Secondary,Microsoft Customer Agreement,44444444-4444-4444-8444-444444444444,sandbox-dev,Subscription,2026-05-01T00:00:00Z,2026-06-01T00:00:00Z,2026-05-13T00:00:00Z,2026-05-14T00:00:00Z,Usage,,Log data ingested,Usage-Based,296.16033518488333,296.16033518488333,329.06703909745432,296.16033518488333,2.3292180808,2.0962962727,Standard,141.2779,GB,USD,2.0962962727,296.16033518488333,2.3292180808,USD,141.2779,GB,Azure Monitor,Management and Governance,Observability,AZ-AZUR-71702b,Monitoring,AZSP-083ed517,"{""x_DataType"":""Logs""}",/subscriptions/44444444-4444-4444-8444-444444444444/resourceGroups/rg-sandbox-dev/providers/Microsoft.OperationalInsights/workspaces/law-8f39cc24,law-8f39cc24,Log Analytics Workspace,southeastasia,Southeast Asia,,,,,,,,,,,"{""Environment"":""staging"",""CostCenter"":""cc-2087"",""Owner"":""team-data""}"
Microsoft Azure,Microsoft,Microsoft Azure,INV-2026-05-000001,8a1b2c3d-0000-4a00-9000-000000000001,ExampleCorp MCA - Primary,Microsoft Customer Agreement,33333333-3333-4333-8333-333333333333,data-analytics,Subscription,2026-05-01T00:00:00Z,2026-06-01T00:00:00Z,2026-05-27T05:00:00Z,2026-05-27T06:00:00Z,Usage,,Provisioned throughput,Usage-Based,0.0073051439,0.0073051439,0.0081168266,0.0073051439,0.0081168266,0.0073051439,Standard,1.0000,Hours,USD,0.0073051439,0.0073051439,0.0081168266,USD,1.0000,Hours,Azure Cosmos DB,Databases,NoSQL Databases,AZ-AZUR-099927,Database,AZSP-7c233626,"{""x_CapacityMode"":""Provisioned""}",/subscriptions/33333333-3333-4333-8333-333333333333/resourceGroups/rg-data-analytics/providers/Microsoft.DocumentDB/databaseAccounts/cosmos-0f8e5f04,cosmos-0f8e5f04,Cosmos DB Account,eastus,East US,,,,,,,,,,,"{""Environment"":""dev"",""CostCenter"":""cc-3110"",""Owner"":""team-payments""}"
Microsoft Azure,Microsoft,Microsoft Azure,INV-2026-05-000001,8a1b2c3d-0000-4a00-9000-000000000001,ExampleCorp MCA - Primary,Microsoft Customer Agreement,11111111-1111-4111-8111-111111111111,prod-platform,Subscription,2026-05-01T00:00:00Z,2026-06-01T00:00:00Z,2026-05-27T06:00:00Z,2026-05-27T07:00:00Z,Purchase,,"Savings Plan commitment, amortised for the charge period",Recurring,0.128064,0,0.128064,0.128064,1,1,Standard,0.128064,USD,USD,1.0000000000,0,1.0000000000,USD,,,Virtual Machines,Compute,Virtual Machines,AZ-COMMIT-0a50c5,Commitment,AZSP-9fe3f2e9,"{""x_Term"":""P1Y"",""x_PaymentOption"":""NoUpfront""}",/subscriptions/11111111-1111-4111-8111-111111111111/providers/Microsoft.BillingBenefits/savingsPlans/e2093723d9c6,savingsPlans-f34efd6dc5,Savings Plan,southeastasia,Southeast Asia,,/subscriptions/11111111-1111-4111-8111-111111111111/providers/Microsoft.BillingBenefits/savingsPlans/e2093723d9c6,AzureSavingsPlan-1yr-NoUpfront,Spend,Savings Plan,,0.128064,USD,,,"{""Environment"":""staging"",""CostCenter"":""cc-2087"",""Owner"":""team-platform""}"
Microsoft Azure,Microsoft,Microsoft Azure,INV-2026-05-000001,8a1b2c3d-0000-4a00-9000-000000000001,ExampleCorp MCA - Primary,Microsoft Customer Agreement,11111111-1111-4111-8111-111111111111,prod-platform,Subscription,2026-05-01T00:00:00Z,2026-06-01T00:00:00Z,2026-05-27T06:00:00Z,2026-05-27T07:00:00Z,Usage,,Virtual Machines committed usage,Usage-Based,0,0.128064,0.192,0.1728,0.1920000000,0.1728000000,Committed,1,Hours,USD,0.1728000000,0.128064,0.1920000000,USD,1,Hours,Virtual Machines,Compute,Virtual Machines,AZ-VIRT-1061d0,Compute,AZSP-d7852826,"{""InstanceType"":""Standard_D4s_v5"",""InstanceSeries"":""Ddsv5"",""CoreCount"":4,""MemorySize"":16,""OperatingSystem"":""Linux"",""x_Tenancy"":""Shared""}",/subscriptions/11111111-1111-4111-8111-111111111111/resourceGroups/rg-prod-platform/providers/Microsoft.Compute/virtualMachines/vm-00001b74bc,vm-00001b74bc,Virtual Machine,southeastasia,Southeast Asia,southeastasia-2,/subscriptions/11111111-1111-4111-8111-111111111111/providers/Microsoft.BillingBenefits/savingsPlans/e2093723d9c6,AzureSavingsPlan-1yr-NoUpfront,Spend,Savings Plan,Used,0.128064,USD,,,"{""Environment"":""staging"",""CostCenter"":""cc-3110"",""Owner"":""team-payments""}"
Microsoft Azure,Microsoft,Microsoft Azure,INV-2026-05-000001,8a1b2c3d-0000-4a00-9000-000000000001,ExampleCorp MCA - Primary,Microsoft Customer Agreement,11111111-1111-4111-8111-111111111111,prod-platform,Subscription,2026-05-01T00:00:00Z,2026-06-01T00:00:00Z,2026-05-27T07:00:00Z,2026-05-27T08:00:00Z,Purchase,,"Savings Plan commitment, amortised for the charge period",Recurring,0.128064,0,0.128064,0.128064,1,1,Standard,0.128064,USD,USD,1.0000000000,0,1.0000000000,USD,,,Virtual Machines,Compute,Virtual Machines,AZ-COMMIT-0a50c5,Commitment,AZSP-9fe3f2e9,"{""x_Term"":""P1Y"",""x_PaymentOption"":""NoUpfront""}",/subscriptions/11111111-1111-4111-8111-111111111111/providers/Microsoft.BillingBenefits/savingsPlans/e2093723d9c6,savingsPlans-f34efd6dc5,Savings Plan,southeastasia,Southeast Asia,,/subscriptions/11111111-1111-4111-8111-111111111111/providers/Microsoft.BillingBenefits/savingsPlans/e2093723d9c6,AzureSavingsPlan-1yr-NoUpfront,Spend,Savings Plan,,0.128064,USD,,,"{""Environment"":""prod"",""CostCenter"":""cc-3110"",""Owner"":""team-payments""}"
Microsoft Azure,Microsoft,Microsoft Azure,INV-2026-05-000001,8a1b2c3d-0000-4a00-9000-000000000001,ExampleCorp MCA - Primary,Microsoft Customer Agreement,11111111-1111-4111-8111-111111111111,prod-platform,Subscription,2026-05-01T00:00:00Z,2026-06-01T00:00:00Z,2026-05-27T07:00:00Z,2026-05-27T08:00:00Z,Usage,,Virtual Machines committed usage,Usage-Based,0,0.128064,0.192,0.1728,0.1920000000,0.1728000000,Committed,1,Hours,USD,0.1728000000,0.128064,0.1920000000,USD,1,Hours,Virtual Machines,Compute,Virtual Machines,AZ-VIRT-30eb1c,Compute,AZSP-438e1875,"{""InstanceType"":""Standard_D4s_v5"",""InstanceSeries"":""Ddsv5"",""CoreCount"":4,""MemorySize"":16,""OperatingSystem"":""Linux"",""x_Tenancy"":""Shared""}",/subscriptions/11111111-1111-4111-8111-111111111111/resourceGroups/rg-prod-platform/providers/Microsoft.Compute/virtualMachines/vm-000137921a,vm-000137921a,Virtual Machine,southeastasia,Southeast Asia,southeastasia-2,/subscriptions/11111111-1111-4111-8111-111111111111/providers/Microsoft.BillingBenefits/savingsPlans/e2093723d9c6,AzureSavingsPlan-1yr-NoUpfront,Spend,Savings Plan,Used,0.128064,USD,,,"{""Environment"":""prod"",""CostCenter"":""cc-2087"",""Owner"":""team-platform""}"
Microsoft Azure,Microsoft,Microsoft Azure,INV-2026-05-000001,8a1b2c3d-0000-4a00-9000-000000000001,ExampleCorp MCA - Primary,Microsoft Customer Agreement,11111111-1111-4111-8111-111111111111,prod-platform,Subscription,2026-05-01T00:00:00Z,2026-06-01T00:00:00Z,2026-05-27T08:00:00Z,2026-05-27T09:00:00Z,Purchase,,"Savings Plan commitment, amortised for the charge period",Recurring,0.128064,0,0.128064,0.128064,1,1,Standard,0.128064,USD,USD,1.0000000000,0,1.0000000000,USD,,,Virtual Machines,Compute,Virtual Machines,AZ-COMMIT-0a50c5,Commitment,AZSP-9fe3f2e9,"{""x_Term"":""P1Y"",""x_PaymentOption"":""NoUpfront""}",/subscriptions/11111111-1111-4111-8111-111111111111/providers/Microsoft.BillingBenefits/savingsPlans/e2093723d9c6,savingsPlans-f34efd6dc5,Savings Plan,southeastasia,Southeast Asia,,/subscriptions/11111111-1111-4111-8111-111111111111/providers/Microsoft.BillingBenefits/savingsPlans/e2093723d9c6,AzureSavingsPlan-1yr-NoUpfront,Spend,Savings Plan,,0.128064,USD,,,"{""Environment"":""staging"",""CostCenter"":""cc-3110"",""Owner"":""team-payments""}"
Microsoft Azure,Microsoft,Microsoft Azure,INV-2026-05-000001,8a1b2c3d-0000-4a00-9000-000000000001,ExampleCorp MCA - Primary,Microsoft Customer Agreement,11111111-1111-4111-8111-111111111111,prod-platform,Subscription,2026-05-01T00:00:00Z,2026-06-01T00:00:00Z,2026-05-27T08:00:00Z,2026-05-27T09:00:00Z,Usage,,Virtual Machines committed usage,Usage-Based,0,0.128064,0.192,0.1728,0.1920000000,0.1728000000,Committed,1,Hours,USD,0.1728000000,0.128064,0.1920000000,USD,1,Hours,Virtual Machines,Compute,Virtual Machines,AZ-VIRT-cc3f8a,Compute,AZSP-0d6d95b8,"{""InstanceType"":""Standard_D4s_v5"",""InstanceSeries"":""Ddsv5"",""CoreCount"":4,""MemorySize"":16,""OperatingSystem"":""Linux"",""x_Tenancy"":""Shared""}",/subscriptions/11111111-1111-4111-8111-111111111111/resourceGroups/rg-prod-platform/providers/Microsoft.Compute/virtualMachines/vm-0002663653,vm-0002663653,Virtual Machine,southeastasia,Southeast Asia,southeastasia-2,/subscriptions/11111111-1111-4111-8111-111111111111/providers/Microsoft.BillingBenefits/savingsPlans/e2093723d9c6,AzureSavingsPlan-1yr-NoUpfront,Spend,Savings Plan,Used,0.128064,USD,,,"{""Environment"":""staging"",""CostCenter"":""cc-1042"",""Owner"":""team-platform""}"
Microsoft Azure,Microsoft,Microsoft Azure,INV-2026-05-000001,8a1b2c3d-0000-4a00-9000-000000000001,ExampleCorp MCA - Primary,Microsoft Customer Agreement,11111111-1111-4111-8111-111111111111,prod-platform,Subscription,2026-05-01T00:00:00Z,2026-06-01T00:00:00Z,2026-05-27T09:00:00Z,2026-05-27T10:00:00Z,Purchase,,"Savings Plan commitment, amortised for the charge period",Recurring,0.128064,0,0.128064,0.128064,1,1,Standard,0.128064,USD,USD,1.0000000000,0,1.0000000000,USD,,,Virtual Machines,Compute,Virtual Machines,AZ-COMMIT-0a50c5,Commitment,AZSP-9fe3f2e9,"{""x_Term"":""P1Y"",""x_PaymentOption"":""NoUpfront""}",/subscriptions/11111111-1111-4111-8111-111111111111/providers/Microsoft.BillingBenefits/savingsPlans/e2093723d9c6,savingsPlans-f34efd6dc5,Savings Plan,southeastasia,Southeast Asia,,/subscriptions/11111111-1111-4111-8111-111111111111/providers/Microsoft.BillingBenefits/savingsPlans/e2093723d9c6,AzureSavingsPlan-1yr-NoUpfront,Spend,Savings Plan,,0.128064,USD,,,"{""Environment"":""prod"",""CostCenter"":""cc-1042"",""Owner"":""team-data""}"
Microsoft Azure,Microsoft,Microsoft Azure,INV-2026-05-000001,8a1b2c3d-0000-4a00-9000-000000000001,ExampleCorp MCA - Primary,Microsoft Customer Agreement,11111111-1111-4111-8111-111111111111,prod-platform,Subscription,2026-05-01T00:00:00Z,2026-06-01T00:00:00Z,2026-05-27T09:00:00Z,2026-05-27T10:00:00Z,Usage,,Virtual Machines committed usage,Usage-Based,0,0.128064,0.192,0.1728,0.1920000000,0.1728000000,Committed,1,Hours,USD,0.1728000000,0.128064,0.1920000000,USD,1,Hours,Virtual Machines,Compute,Virtual Machines,AZ-VIRT-fd739e,Compute,AZSP-c09e8e7c,"{""InstanceType"":""Standard_D4s_v5"",""InstanceSeries"":""Ddsv5"",""CoreCount"":4,""MemorySize"":16,""OperatingSystem"":""Linux"",""x_Tenancy"":""Shared""}",/subscriptions/11111111-1111-4111-8111-111111111111/resourceGroups/rg-prod-platform/providers/Microsoft.Compute/virtualMachines/vm-000353aae6,vm-000353aae6,Virtual Machine,southeastasia,Southeast Asia,southeastasia-2,/subscriptions/11111111-1111-4111-8111-111111111111/providers/Microsoft.BillingBenefits/savingsPlans/e2093723d9c6,AzureSavingsPlan-1yr-NoUpfront,Spend,Savings Plan,Used,0.128064,USD,,,"{""Environment"":""staging"",""CostCenter"":""cc-1042"",""Owner"":""team-platform""}"
Microsoft Azure,Microsoft,Microsoft Azure,INV-2026-05-000001,8a1b2c3d-0000-4a00-9000-000000000001,ExampleCorp MCA - Primary,Microsoft Customer Agreement,11111111-1111-4111-8111-111111111111,prod-platform,Subscription,2026-05-01T00:00:00Z,2026-06-01T00:00:00Z,2026-05-27T10:00:00Z,2026-05-27T11:00:00Z,Purchase,,"Savings Plan commitment, amortised for the charge period",Recurring,0.128064,0,0.128064,0.128064,1,1,Standard,0.128064,USD,USD,1.0000000000,0,1.0000000000,USD,,,Virtual Machines,Compute,Virtual Machines,AZ-COMMIT-0a50c5,Commitment,AZSP-9fe3f2e9,"{""x_Term"":""P1Y"",""x_PaymentOption"":""NoUpfront""}",/subscriptions/11111111-1111-4111-8111-111111111111/providers/Microsoft.BillingBenefits/savingsPlans/e2093723d9c6,savingsPlans-f34efd6dc5,Savings Plan,southeastasia,Southeast Asia,,/subscriptions/11111111-1111-4111-8111-111111111111/providers/Microsoft.BillingBenefits/savingsPlans/e2093723d9c6,AzureSavingsPlan-1yr-NoUpfront,Spend,Savings Plan,,0.128064,USD,,,"{""Environment"":""prod"",""CostCenter"":""cc-1042"",""Owner"":""team-payments""}"
Microsoft Azure,Microsoft,Microsoft Azure,INV-2026-05-000001,8a1b2c3d-0000-4a00-9000-000000000001,ExampleCorp MCA - Primary,Microsoft Customer Agreement,11111111-1111-4111-8111-111111111111,prod-platform,Subscription,2026-05-01T00:00:00Z,2026-06-01T00:00:00Z,2026-05-27T10:00:00Z,2026-05-27T11:00:00Z,Usage,,Virtual Machines committed usage,Usage-Based,0,0.128064,0.192,0.1728,0.1920000000,0.1728000000,Committed,1,Hours,USD,0.1728000000,0.128064,0.1920000000,USD,1,Hours,Virtual Machines,Compute,Virtual Machines,AZ-VIRT-83f525,Compute,AZSP-cc0f82c1,"{""InstanceType"":""Standard_D4s_v5"",""InstanceSeries"":""Ddsv5"",""CoreCount"":4,""MemorySize"":16,""OperatingSystem"":""Linux"",""x_Tenancy"":""Shared""}",/subscriptions/11111111-1111-4111-8111-111111111111/resourceGroups/rg-prod-platform/providers/Microsoft.Compute/virtualMachines/vm-00040f43ea,vm-00040f43ea,Virtual Machine,southeastasia,Southeast Asia,southeastasia-2,/subscriptions/11111111-1111-4111-8111-111111111111/providers/Microsoft.BillingBenefits/savingsPlans/e2093723d9c6,AzureSavingsPlan-1yr-NoUpfront,Spend,Savings Plan,Used,0.128064,USD,,,"{""Environment"":""dev"",""CostCenter"":""cc-3110"",""Owner"":""team-data""}"
Microsoft Azure,Microsoft,Microsoft Azure,INV-2026-05-000001,8a1b2c3d-0000-4a00-9000-000000000001,ExampleCorp MCA - Primary,Microsoft Customer Agreement,11111111-1111-4111-8111-111111111111,prod-platform,Subscription,2026-05-01T00:00:00Z,2026-06-01T00:00:00Z,2026-05-27T11:00:00Z,2026-05-27T12:00:00Z,Purchase,,"Savings Plan commitment, amortised for the charge period",Recurring,0.128064,0,0.128064,0.128064,1,1,Standard,0.128064,USD,USD,1.0000000000,0,1.0000000000,USD,,,Virtual Machines,Compute,Virtual Machines,AZ-COMMIT-0a50c5,Commitment,AZSP-9fe3f2e9,"{""x_Term"":""P1Y"",""x_PaymentOption"":""NoUpfront""}",/subscriptions/11111111-1111-4111-8111-111111111111/providers/Microsoft.BillingBenefits/savingsPlans/e2093723d9c6,savingsPlans-f34efd6dc5,Savings Plan,southeastasia,Southeast Asia,,/subscriptions/11111111-1111-4111-8111-111111111111/providers/Microsoft.BillingBenefits/savingsPlans/e2093723d9c6,AzureSavingsPlan-1yr-NoUpfront,Spend,Savings Plan,,0.128064,USD,,,"{""Environment"":""staging"",""CostCenter"":""cc-2087"",""Owner"":""team-platform""}"
Microsoft Azure,Microsoft,Microsoft Azure,INV-2026-05-000001,8a1b2c3d-0000-4a00-9000-000000000001,ExampleCorp MCA - Primary,Microsoft Customer Agreement,11111111-1111-4111-8111-111111111111,prod-platform,Subscription,2026-05-01T00:00:00Z,2026-06-01T00:00:00Z,2026-05-27T11:00:00Z,2026-05-27T12:00:00Z,Usage,,Savings Plan unused commitment,Usage-Based,0,0.128064,0.128064,0.128064,1,1,Committed,0.128064,USD,USD,1.0000000000,0.128064,1.0000000000,USD,,,Virtual Machines,Compute,Virtual Machines,AZ-COMMIT-0a50c5,Commitment,AZSP-9fe3f2e9,"{""x_Term"":""P1Y"",""x_PaymentOption"":""NoUpfront""}",/subscriptions/11111111-1111-4111-8111-111111111111/providers/Microsoft.BillingBenefits/savingsPlans/e2093723d9c6,savingsPlans-f34efd6dc5,Savings Plan,southeastasia,Southeast Asia,,/subscriptions/11111111-1111-4111-8111-111111111111/providers/Microsoft.BillingBenefits/savingsPlans/e2093723d9c6,AzureSavingsPlan-1yr-NoUpfront,Spend,Savings Plan,Unused,0.128064,USD,,,"{""Environment"":""dev"",""CostCenter"":""cc-2087"",""Owner"":""team-platform""}"
Microsoft Azure,Microsoft,Microsoft Azure,INV-2026-05-000001,8a1b2c3d-0000-4a00-9000-000000000001,ExampleCorp MCA - Primary,Microsoft Customer Agreement,11111111-1111-4111-8111-111111111111,prod-platform,Subscription,2026-05-01T00:00:00Z,2026-06-01T00:00:00Z,2026-05-27T12:00:00Z,2026-05-27T13:00:00Z,Purchase,,"Savings Plan commitment, amortised for the charge period",Recurring,0.128064,0,0.128064,0.128064,1,1,Standard,0.128064,USD,USD,1.0000000000,0,1.0000000000,USD,,,Virtual Machines,Compute,Virtual Machines,AZ-COMMIT-0a50c5,Commitment,AZSP-9fe3f2e9,"{""x_Term"":""P1Y"",""x_PaymentOption"":""NoUpfront""}",/subscriptions/11111111-1111-4111-8111-111111111111/providers/Microsoft.BillingBenefits/savingsPlans/e2093723d9c6,savingsPlans-f34efd6dc5,Savings Plan,southeastasia,Southeast Asia,,/subscriptions/11111111-1111-4111-8111-111111111111/providers/Microsoft.BillingBenefits/savingsPlans/e2093723d9c6,AzureSavingsPlan-1yr-NoUpfront,Spend,Savings Plan,,0.128064,USD,,,"{""Environment"":""prod"",""CostCenter"":""cc-1042"",""Owner"":""team-data""}"
Microsoft Azure,Microsoft,Microsoft Azure,INV-2026-05-000001,8a1b2c3d-0000-4a00-9000-000000000001,ExampleCorp MCA - Primary,Microsoft Customer Agreement,11111111-1111-4111-8111-111111111111,prod-platform,Subscription,2026-05-01T00:00:00Z,2026-06-01T00:00:00Z,2026-05-27T12:00:00Z,2026-05-27T13:00:00Z,Usage,,Savings Plan unused commitment,Usage-Based,0,0.128064,0.128064,0.128064,1,1,Committed,0.128064,USD,USD,1.0000000000,0.128064,1.0000000000,USD,,,Virtual Machines,Compute,Virtual Machines,AZ-COMMIT-0a50c5,Commitment,AZSP-9fe3f2e9,"{""x_Term"":""P1Y"",""x_PaymentOption"":""NoUpfront""}",/subscriptions/11111111-1111-4111-8111-111111111111/providers/Microsoft.BillingBenefits/savingsPlans/e2093723d9c6,savingsPlans-f34efd6dc5,Savings Plan,southeastasia,Southeast Asia,,/subscriptions/11111111-1111-4111-8111-111111111111/providers/Microsoft.BillingBenefits/savingsPlans/e2093723d9c6,AzureSavingsPlan-1yr-NoUpfront,Spend,Savings Plan,Unused,0.128064,USD,,,"{""Environment"":""prod"",""CostCenter"":""cc-1042"",""Owner"":""team-platform""}"
Microsoft Azure,Microsoft,Microsoft Azure,INV-2026-05-000001,8a1b2c3d-0000-4a00-9000-000000000001,ExampleCorp MCA - Primary,Microsoft Customer Agreement,11111111-1111-4111-8111-111111111111,prod-platform,Subscription,2026-05-01T00:00:00Z,2026-06-01T00:00:00Z,2026-05-27T13:00:00Z,2026-05-27T14:00:00Z,Purchase,,"Savings Plan commitment, amortised for the charge period",Recurring,0.128064,0,0.128064,0.128064,1,1,Standard,0.128064,USD,USD,1.0000000000,0,1.0000000000,USD,,,Virtual Machines,Compute,Virtual Machines,AZ-COMMIT-0a50c5,Commitment,AZSP-9fe3f2e9,"{""x_Term"":""P1Y"",""x_PaymentOption"":""NoUpfront""}",/subscriptions/11111111-1111-4111-8111-111111111111/providers/Microsoft.BillingBenefits/savingsPlans/e2093723d9c6,savingsPlans-f34efd6dc5,Savings Plan,southeastasia,Southeast Asia,,/subscriptions/11111111-1111-4111-8111-111111111111/providers/Microsoft.BillingBenefits/savingsPlans/e2093723d9c6,AzureSavingsPlan-1yr-NoUpfront,Spend,Savings Plan,,0.128064,USD,,,"{""Environment"":""staging"",""CostCenter"":""cc-2087"",""Owner"":""team-platform""}"
Microsoft Azure,Microsoft,Microsoft Azure,INV-2026-05-000001,8a1b2c3d-0000-4a00-9000-000000000001,ExampleCorp MCA - Primary,Microsoft Customer Agreement,11111111-1111-4111-8111-111111111111,prod-platform,Subscription,2026-05-01T00:00:00Z,2026-06-01T00:00:00Z,2026-05-27T13:00:00Z,2026-05-27T14:00:00Z,Usage,,Savings Plan unused commitment,Usage-Based,0,0.128064,0.128064,0.128064,1,1,Committed,0.128064,USD,USD,1.0000000000,0.128064,1.0000000000,USD,,,Virtual Machines,Compute,Virtual Machines,AZ-COMMIT-0a50c5,Commitment,AZSP-9fe3f2e9,"{""x_Term"":""P1Y"",""x_PaymentOption"":""NoUpfront""}",/subscriptions/11111111-1111-4111-8111-111111111111/providers/Microsoft.BillingBenefits/savingsPlans/e2093723d9c6,savingsPlans-f34efd6dc5,Savings Plan,southeastasia,Southeast Asia,,/subscriptions/11111111-1111-4111-8111-111111111111/providers/Microsoft.BillingBenefits/savingsPlans/e2093723d9c6,AzureSavingsPlan-1yr-NoUpfront,Spend,Savings Plan,Unused,0.128064,USD,,,"{""Environment"":""dev"",""CostCenter"":""cc-1042"",""Owner"":""team-platform""}"
Microsoft Azure,Microsoft,Microsoft Azure,INV-2026-05-000001,8a1b2c3d-0000-4a00-9000-000000000001,ExampleCorp MCA - Primary,Microsoft Customer Agreement,33333333-3333-4333-8333-333333333333,data-analytics,Subscription,2026-05-01T00:00:00Z,2026-06-01T00:00:00Z,2026-05-27T22:00:00Z,2026-05-27T23:00:00Z,Purchase,,"Reservation commitment, amortised for the charge period",Recurring,0.128064,0,0.128064,0.128064,0.1280640000,0.1280640000,Standard,1,Hours,USD,0.1280640000,0,0.1280640000,USD,,,Virtual Machines,Compute,Virtual Machines,AZ-COMMIT-372606,Commitment,AZSP-cb84dbc4,"{""x_Term"":""P1Y"",""x_PaymentOption"":""NoUpfront""}",/subscriptions/33333333-3333-4333-8333-333333333333/providers/Microsoft.BillingBenefits/reservations/f0575ee8654e,reservations-b879dbca28,Reservation,westeurope,West Europe,,/subscriptions/33333333-3333-4333-8333-333333333333/providers/Microsoft.BillingBenefits/reservations/f0575ee8654e,AzureReservation-1yr-NoUpfront,Usage,Reservation,,1,Hours,,,"{""Environment"":""prod"",""CostCenter"":""cc-1042"",""Owner"":""team-platform""}"
Microsoft Azure,Microsoft,Microsoft Azure,INV-2026-05-000001,8a1b2c3d-0000-4a00-9000-000000000001,ExampleCorp MCA - Primary,Microsoft Customer Agreement,33333333-3333-4333-8333-333333333333,data-analytics,Subscription,2026-05-01T00:00:00Z,2026-06-01T00:00:00Z,2026-05-27T22:00:00Z,2026-05-27T23:00:00Z,Usage,,Virtual Machines committed usage,Usage-Based,0,0.128064,0.192,0.1728,0.1920000000,0.1728000000,Committed,1,Hours,USD,0.1728000000,0.128064,0.1920000000,USD,1,Hours,Virtual Machines,Compute,Virtual Machines,AZ-VIRT-ca5670,Compute,AZSP-a5273c40,"{""InstanceType"":""Standard_D4s_v5"",""InstanceSeries"":""Ddsv5"",""CoreCount"":4,""MemorySize"":16,""OperatingSystem"":""Linux"",""x_Tenancy"":""Shared""}",/subscriptions/33333333-3333-4333-8333-333333333333/resourceGroups/rg-data-analytics/providers/Microsoft.Compute/virtualMachines/vm-0000b1a12a,vm-0000b1a12a,Virtual Machine,westeurope,West Europe,westeurope-1,/subscriptions/33333333-3333-4333-8333-333333333333/providers/Microsoft.BillingBenefits/reservations/f0575ee8654e,AzureReservation-1yr-NoUpfront,Usage,Reservation,Used,1,Hours,,,"{""Environment"":""dev"",""CostCenter"":""cc-2087"",""Owner"":""team-data""}"
Microsoft Azure,Microsoft,Microsoft Azure,INV-2026-05-000001,8a1b2c3d-0000-4a00-9000-000000000001,ExampleCorp MCA - Primary,Microsoft Customer Agreement,33333333-3333-4333-8333-333333333333,data-analytics,Subscription,2026-05-01T00:00:00Z,2026-06-01T00:00:00Z,2026-05-27T23:00:00Z,2026-05-28T00:00:00Z,Purchase,,"Reservation commitment, amortised for the charge period",Recurring,0.128064,0,0.128064,0.128064,0.1280640000,0.1280640000,Standard,1,Hours,USD,0.1280640000,0,0.1280640000,USD,,,Virtual Machines,Compute,Virtual Machines,AZ-COMMIT-372606,Commitment,AZSP-cb84dbc4,"{""x_Term"":""P1Y"",""x_PaymentOption"":""NoUpfront""}",/subscriptions/33333333-3333-4333-8333-333333333333/providers/Microsoft.BillingBenefits/reservations/f0575ee8654e,reservations-b879dbca28,Reservation,westeurope,West Europe,,/subscriptions/33333333-3333-4333-8333-333333333333/providers/Microsoft.BillingBenefits/reservations/f0575ee8654e,AzureReservation-1yr-NoUpfront,Usage,Reservation,,1,Hours,,,"{""Environment"":""dev"",""CostCenter"":""cc-3110"",""Owner"":""team-platform""}"
Microsoft Azure,Microsoft,Microsoft Azure,INV-2026-05-000001,8a1b2c3d-0000-4a00-9000-000000000001,ExampleCorp MCA - Primary,Microsoft Customer Agreement,33333333-3333-4333-8333-333333333333,data-analytics,Subscription,2026-05-01T00:00:00Z,2026-06-01T00:00:00Z,2026-05-27T23:00:00Z,2026-05-28T00:00:00Z,Usage,,Virtual Machines committed usage,Usage-Based,0,0.128064,0.192,0.1728,0.1920000000,0.1728000000,Committed,1,Hours,USD,0.1728000000,0.128064,0.1920000000,USD,1,Hours,Virtual Machines,Compute,Virtual Machines,AZ-VIRT-f46dc9,Compute,AZSP-9ff2bcfe,"{""InstanceType"":""Standard_D4s_v5"",""InstanceSeries"":""Ddsv5"",""CoreCount"":4,""MemorySize"":16,""OperatingSystem"":""Linux"",""x_Tenancy"":""Shared""}",/subscriptions/33333333-3333-4333-8333-333333333333/resourceGroups/rg-data-analytics/providers/Microsoft.Compute/virtualMachines/vm-0001e95645,vm-0001e95645,Virtual Machine,westeurope,West Europe,westeurope-1,/subscriptions/33333333-3333-4333-8333-333333333333/providers/Microsoft.BillingBenefits/reservations/f0575ee8654e,AzureReservation-1yr-NoUpfront,Usage,Reservation,Used,1,Hours,,,"{""Environment"":""prod"",""CostCenter"":""cc-2087"",""Owner"":""team-platform""}"
Microsoft Azure,Microsoft,Microsoft Azure,INV-2026-05-000001,8a1b2c3d-0000-4a00-9000-000000000001,ExampleCorp MCA - Primary,Microsoft Customer Agreement,33333333-3333-4333-8333-333333333333,data-analytics,Subscription,2026-05-01T00:00:00Z,2026-06-01T00:00:00Z,2026-05-28T00:00:00Z,2026-05-28T01:00:00Z,Purchase,,"Reservation commitment, amortised for the charge period",Recurring,0.128064,0,0.128064,0.128064,0.1280640000,0.1280640000,Standard,1,Hours,USD,0.1280640000,0,0.1280640000,USD,,,Virtual Machines,Compute,Virtual Machines,AZ-COMMIT-372606,Commitment,AZSP-cb84dbc4,"{""x_Term"":""P1Y"",""x_PaymentOption"":""NoUpfront""}",/subscriptions/33333333-3333-4333-8333-333333333333/providers/Microsoft.BillingBenefits/reservations/f0575ee8654e,reservations-b879dbca28,Reservation,westeurope,West Europe,,/subscriptions/33333333-3333-4333-8333-333333333333/providers/Microsoft.BillingBenefits/reservations/f0575ee8654e,AzureReservation-1yr-NoUpfront,Usage,Reservation,,1,Hours,,,"{""Environment"":""dev"",""CostCenter"":""cc-2087"",""Owner"":""team-data""}"
Microsoft Azure,Microsoft,Microsoft Azure,INV-2026-05-000001,8a1b2c3d-0000-4a00-9000-000000000001,ExampleCorp MCA - Primary,Microsoft Customer Agreement,33333333-3333-4333-8333-333333333333,data-analytics,Subscription,2026-05-01T00:00:00Z,2026-06-01T00:00:00Z,2026-05-28T00:00:00Z,2026-05-28T01:00:00Z,Usage,,Virtual Machines committed usage,Usage-Based,0,0.128064,0.192,0.1728,0.1920000000,0.1728000000,Committed,1,Hours,USD,0.1728000000,0.128064,0.1920000000,USD,1,Hours,Virtual Machines,Compute,Virtual Machines,AZ-VIRT-da6f01,Compute,AZSP-66c3d97a,"{""InstanceType"":""Standard_D4s_v5"",""InstanceSeries"":""Ddsv5"",""CoreCount"":4,""MemorySize"":16,""OperatingSystem"":""Linux"",""x_Tenancy"":""Shared""}",/subscriptions/33333333-3333-4333-8333-333333333333/resourceGroups/rg-data-analytics/providers/Microsoft.Compute/virtualMachines/vm-00024afc7c,vm-00024afc7c,Virtual Machine,westeurope,West Europe,westeurope-1,/subscriptions/33333333-3333-4333-8333-333333333333/providers/Microsoft.BillingBenefits/reservations/f0575ee8654e,AzureReservation-1yr-NoUpfront,Usage,Reservation,Used,1,Hours,,,"{""Environment"":""staging"",""CostCenter"":""cc-3110"",""Owner"":""team-platform""}"
Microsoft Azure,Microsoft,Microsoft Azure,INV-2026-05-000001,8a1b2c3d-0000-4a00-9000-000000000001,ExampleCorp MCA - Primary,Microsoft Customer Agreement,33333333-3333-4333-8333-333333333333,data-analytics,Subscription,2026-05-01T00:00:00Z,2026-06-01T00:00:00Z,2026-05-28T01:00:00Z,2026-05-28T02:00:00Z,Purchase,,"Reservation commitment, amortised for the charge period",Recurring,0.128064,0,0.128064,0.128064,0.1280640000,0.1280640000,Standard,1,Hours,USD,0.1280640000,0,0.1280640000,USD,,,Virtual Machines,Compute,Virtual Machines,AZ-COMMIT-372606,Commitment,AZSP-cb84dbc4,"{""x_Term"":""P1Y"",""x_PaymentOption"":""NoUpfront""}",/subscriptions/33333333-3333-4333-8333-333333333333/providers/Microsoft.BillingBenefits/reservations/f0575ee8654e,reservations-b879dbca28,Reservation,westeurope,West Europe,,/subscriptions/33333333-3333-4333-8333-333333333333/providers/Microsoft.BillingBenefits/reservations/f0575ee8654e,AzureReservation-1yr-NoUpfront,Usage,Reservation,,1,Hours,,,"{""Environment"":""staging"",""CostCenter"":""cc-2087"",""Owner"":""team-data""}"
Microsoft Azure,Microsoft,Microsoft Azure,INV-2026-05-000001,8a1b2c3d-0000-4a00-9000-000000000001,ExampleCorp MCA - Primary,Microsoft Customer Agreement,33333333-3333-4333-8333-333333333333,data-analytics,Subscription,2026-05-01T00:00:00Z,2026-06-01T00:00:00Z,2026-05-28T01:00:00Z,2026-05-28T02:00:00Z,Usage,,Virtual Machines committed usage,Usage-Based,0,0.128064,0.192,0.1728,0.1920000000,0.1728000000,Committed,1,Hours,USD,0.1728000000,0.128064,0.1920000000,USD,1,Hours,Virtual Machines,Compute,Virtual Machines,AZ-VIRT-09444c,Compute,AZSP-705ba9b5,"{""InstanceType"":""Standard_D4s_v5"",""InstanceSeries"":""Ddsv5"",""CoreCount"":4,""MemorySize"":16,""OperatingSystem"":""Linux"",""x_Tenancy"":""Shared""}",/subscriptions/33333333-3333-4333-8333-333333333333/resourceGroups/rg-data-analytics/providers/Microsoft.Compute/virtualMachines/vm-0003d2f4ce,vm-0003d2f4ce,Virtual Machine,westeurope,West Europe,westeurope-1,/subscriptions/33333333-3333-4333-8333-333333333333/providers/Microsoft.BillingBenefits/reservations/f0575ee8654e,AzureReservation-1yr-NoUpfront,Usage,Reservation,Used,1,Hours,,,"{""Environment"":""staging"",""CostCenter"":""cc-3110"",""Owner"":""team-platform""}"
Microsoft Azure,Microsoft,Microsoft Azure,INV-2026-05-000001,8a1b2c3d-0000-4a00-9000-000000000001,ExampleCorp MCA - Primary,Microsoft Customer Agreement,33333333-3333-4333-8333-333333333333,data-analytics,Subscription,2026-05-01T00:00:00Z,2026-06-01T00:00:00Z,2026-05-28T02:00:00Z,2026-05-28T03:00:00Z,Purchase,,"Reservation commitment, amortised for the charge period",Recurring,0.128064,0,0.128064,0.128064,0.1280640000,0.1280640000,Standard,1,Hours,USD,0.1280640000,0,0.1280640000,USD,,,Virtual Machines,Compute,Virtual Machines,AZ-COMMIT-372606,Commitment,AZSP-cb84dbc4,"{""x_Term"":""P1Y"",""x_PaymentOption"":""NoUpfront""}",/subscriptions/33333333-3333-4333-8333-333333333333/providers/Microsoft.BillingBenefits/reservations/f0575ee8654e,reservations-b879dbca28,Reservation,westeurope,West Europe,,/subscriptions/33333333-3333-4333-8333-333333333333/providers/Microsoft.BillingBenefits/reservations/f0575ee8654e,AzureReservation-1yr-NoUpfront,Usage,Reservation,,1,Hours,,,"{""Environment"":""staging"",""CostCenter"":""cc-3110"",""Owner"":""team-data""}"
Microsoft Azure,Microsoft,Microsoft Azure,INV-2026-05-000001,8a1b2c3d-0000-4a00-9000-000000000001,ExampleCorp MCA - Primary,Microsoft Customer Agreement,33333333-3333-4333-8333-333333333333,data-analytics,Subscription,2026-05-01T00:00:00Z,2026-06-01T00:00:00Z,2026-05-28T02:00:00Z,2026-05-28T03:00:00Z,Usage,,Virtual Machines committed usage,Usage-Based,0,0.128064,0.192,0.1728,0.1920000000,0.1728000000,Committed,1,Hours,USD,0.1728000000,0.128064,0.1920000000,USD,1,Hours,Virtual Machines,Compute,Virtual Machines,AZ-VIRT-abf78e,Compute,AZSP-e31078f0,"{""InstanceType"":""Standard_D4s_v5"",""InstanceSeries"":""Ddsv5"",""CoreCount"":4,""MemorySize"":16,""OperatingSystem"":""Linux"",""x_Tenancy"":""Shared""}",/subscriptions/33333333-3333-4333-8333-333333333333/resourceGroups/rg-data-analytics/providers/Microsoft.Compute/virtualMachines/vm-00041435d9,vm-00041435d9,Virtual Machine,westeurope,West Europe,westeurope-1,/subscriptions/33333333-3333-4333-8333-333333333333/providers/Microsoft.BillingBenefits/reservations/f0575ee8654e,AzureReservation-1yr-NoUpfront,Usage,Reservation,Used,1,Hours,,,"{""Environment"":""staging"",""CostCenter"":""cc-1042"",""Owner"":""team-payments""}"
Microsoft Azure,Microsoft,Microsoft Azure,INV-2026-05-000001,8a1b2c3d-0000-4a00-9000-000000000001,ExampleCorp MCA - Primary,Microsoft Customer Agreement,33333333-3333-4333-8333-333333333333,data-analytics,Subscription,2026-05-01T00:00:00Z,2026-06-01T00:00:00Z,2026-05-28T03:00:00Z,2026-05-28T04:00:00Z,Purchase,,"Reservation commitment, amortised for the charge period",Recurring,0.128064,0,0.128064,0.128064,0.1280640000,0.1280640000,Standard,1,Hours,USD,0.1280640000,0,0.1280640000,USD,,,Virtual Machines,Compute,Virtual Machines,AZ-COMMIT-372606,Commitment,AZSP-cb84dbc4,"{""x_Term"":""P1Y"",""x_PaymentOption"":""NoUpfront""}",/subscriptions/33333333-3333-4333-8333-333333333333/providers/Microsoft.BillingBenefits/reservations/f0575ee8654e,reservations-b879dbca28,Reservation,westeurope,West Europe,,/subscriptions/33333333-3333-4333-8333-333333333333/providers/Microsoft.BillingBenefits/reservations/f0575ee8654e,AzureReservation-1yr-NoUpfront,Usage,Reservation,,1,Hours,,,"{""Environment"":""prod"",""CostCenter"":""cc-3110"",""Owner"":""team-platform""}"
Microsoft Azure,Microsoft,Microsoft Azure,INV-2026-05-000001,8a1b2c3d-0000-4a00-9000-000000000001,ExampleCorp MCA - Primary,Microsoft Customer Agreement,33333333-3333-4333-8333-333333333333,data-analytics,Subscription,2026-05-01T00:00:00Z,2026-06-01T00:00:00Z,2026-05-28T03:00:00Z,2026-05-28T04:00:00Z,Usage,,Virtual Machines committed usage,Usage-Based,0,0.128064,0.192,0.1728,0.1920000000,0.1728000000,Committed,1,Hours,USD,0.1728000000,0.128064,0.1920000000,USD,1,Hours,Virtual Machines,Compute,Virtual Machines,AZ-VIRT-d441a5,Compute,AZSP-d471e33b,"{""InstanceType"":""Standard_D4s_v5"",""InstanceSeries"":""Ddsv5"",""CoreCount"":4,""MemorySize"":16,""OperatingSystem"":""Linux"",""x_Tenancy"":""Shared""}",/subscriptions/33333333-3333-4333-8333-333333333333/resourceGroups/rg-data-analytics/providers/Microsoft.Compute/virtualMachines/vm-000599a62b,vm-000599a62b,Virtual Machine,westeurope,West Europe,westeurope-1,/subscriptions/33333333-3333-4333-8333-333333333333/providers/Microsoft.BillingBenefits/reservations/f0575ee8654e,AzureReservation-1yr-NoUpfront,Usage,Reservation,Used,1,Hours,,,"{""Environment"":""dev"",""CostCenter"":""cc-2087"",""Owner"":""team-platform""}"
Microsoft Azure,Microsoft,Microsoft Azure,INV-2026-05-000001,8a1b2c3d-0000-4a00-9000-000000000001,ExampleCorp MCA - Primary,Microsoft Customer Agreement,33333333-3333-4333-8333-333333333333,data-analytics,Subscription,2026-05-01T00:00:00Z,2026-06-01T00:00:00Z,2026-05-28T04:00:00Z,2026-05-28T05:00:00Z,Purchase,,"Reservation commitment, amortised for the charge period",Recurring,0.128064,0,0.128064,0.128064,0.1280640000,0.1280640000,Standard,1,Hours,USD,0.1280640000,0,0.1280640000,USD,,,Virtual Machines,Compute,Virtual Machines,AZ-COMMIT-372606,Commitment,AZSP-cb84dbc4,"{""x_Term"":""P1Y"",""x_PaymentOption"":""NoUpfront""}",/subscriptions/33333333-3333-4333-8333-333333333333/providers/Microsoft.BillingBenefits/reservations/f0575ee8654e,reservations-b879dbca28,Reservation,westeurope,West Europe,,/subscriptions/33333333-3333-4333-8333-333333333333/providers/Microsoft.BillingBenefits/reservations/f0575ee8654e,AzureReservation-1yr-NoUpfront,Usage,Reservation,,1,Hours,,,"{""Environment"":""staging"",""CostCenter"":""cc-1042"",""Owner"":""team-payments""}"
Microsoft Azure,Microsoft,Microsoft Azure,INV-2026-05-000001,8a1b2c3d-0000-4a00-9000-000000000001,ExampleCorp MCA - Primary,Microsoft Customer Agreement,33333333-3333-4333-8333-333333333333,data-analytics,Subscription,2026-05-01T00:00:00Z,2026-06-01T00:00:00Z,2026-05-28T04:00:00Z,2026-05-28T05:00:00Z,Usage,,Reservation unused commitment,Usage-Based,0,0.128064,0.128064,0.128064,0.1280640000,0.1280640000,Committed,1,Hours,USD,0.1280640000,0.128064,0.1280640000,USD,,,Virtual Machines,Compute,Virtual Machines,AZ-COMMIT-372606,Commitment,AZSP-cb84dbc4,"{""x_Term"":""P1Y"",""x_PaymentOption"":""NoUpfront""}",/subscriptions/33333333-3333-4333-8333-333333333333/providers/Microsoft.BillingBenefits/reservations/f0575ee8654e,reservations-b879dbca28,Reservation,westeurope,West Europe,,/subscriptions/33333333-3333-4333-8333-333333333333/providers/Microsoft.BillingBenefits/reservations/f0575ee8654e,AzureReservation-1yr-NoUpfront,Usage,Reservation,Unused,1,Hours,,,"{""Environment"":""dev"",""CostCenter"":""cc-1042"",""Owner"":""team-platform""}"
Microsoft Azure,Microsoft,Microsoft Azure,INV-2026-05-000001,8a1b2c3d-0000-4a00-9000-000000000001,ExampleCorp MCA - Primary,Microsoft Customer Agreement,11111111-1111-4111-8111-111111111111,prod-platform,Subscription,2026-05-01T00:00:00Z,2026-06-01T00:00:00Z,2026-05-28T12:00:00Z,2026-05-28T13:00:00Z,Usage,,Standard_D4s_v5 instance,Usage-Based,0.1752581901,0.1752581901,0.1947313223,0.1752581901,0.1947313223,0.1752581901,Standard,1.0000,Hours,USD,0.1752581901,0.1752581901,0.1947313223,USD,1.0000,Hours,Virtual Machines,Compute,Virtual Machines,AZ-VIRT-c54d03,Compute,AZSP-f803f2c2,"{""InstanceType"":""Standard_D4s_v5"",""InstanceSeries"":""Ddsv5"",""CoreCount"":4,""MemorySize"":16,""OperatingSystem"":""Linux"",""x_Tenancy"":""Shared""}",/subscriptions/11111111-1111-4111-8111-111111111111/resourceGroups/rg-prod-platform/providers/Microsoft.Compute/virtualMachines/vm-323f4f29,vm-323f4f29,Virtual Machine,westus2,West US 2,westus2-2,,,,,,,,,,"{""Environment"":""prod"",""CostCenter"":""cc-2087"",""Owner"":""team-payments""}"
Microsoft Azure,Microsoft,Microsoft Azure,INV-2026-05-000002,8a1b2c3d-0000-4a00-9000-000000000002,ExampleCorp MCA - Secondary,Microsoft Customer Agreement,44444444-4444-4444-8444-444444444444,sandbox-dev,Subscription,2026-05-01T00:00:00Z,2026-06-01T00:00:00Z,2026-05-28T13:00:00Z,2026-05-28T14:00:00Z,Usage,,Provisioned throughput,Usage-Based,0.0072676163,0.0072676163,0.0080751292,0.0072676163,0.0080751292,0.0072676163,Standard,1.0000,Hours,EUR,0.0066862070,0.006686206996,0.0074291189,USD,1.0000,Hours,Azure Cosmos DB,Databases,NoSQL Databases,AZ-AZUR-708dac,Database,AZSP-3606c488,"{""x_CapacityMode"":""Provisioned""}",/subscriptions/44444444-4444-4444-8444-444444444444/resourceGroups/rg-sandbox-dev/providers/Microsoft.DocumentDB/databaseAccounts/cosmos-9a1c0721,cosmos-9a1c0721,Cosmos DB Account,southeastasia,Southeast Asia,,,,,,,,,,,"{""Environment"":""dev"",""CostCenter"":""cc-3110"",""Owner"":""team-platform""}"
Microsoft Azure,Microsoft,Microsoft Azure,INV-2026-05-000002,8a1b2c3d-0000-4a00-9000-000000000002,ExampleCorp MCA - Secondary,Microsoft Customer Agreement,22222222-2222-4222-8222-222222222222,staging-platform,Subscription,2026-05-01T00:00:00Z,2026-06-01T00:00:00Z,2026-05-28T14:00:00Z,2026-05-28T15:00:00Z,Usage,,Provisioned throughput,Usage-Based,0.0073423479,0.0073423479,0.0081581643,0.0073423479,0.0081581643,0.0073423479,Standard,1.0000,Hours,USD,0.0073423479,0.0073423479,0.0081581643,USD,1.0000,Hours,Azure Cosmos DB,Databases,NoSQL Databases,AZ-AZUR-3a2831,Database,AZSP-d80e03b7,"{""x_CapacityMode"":""Provisioned""}",/subscriptions/22222222-2222-4222-8222-222222222222/resourceGroups/rg-staging-platform/providers/Microsoft.DocumentDB/databaseAccounts/cosmos-be54ccdd,cosmos-be54ccdd,Cosmos DB Account,westus2,West US 2,,,,,,,,,,,"{""Environment"":""staging"",""CostCenter"":""cc-2087"",""Owner"":""team-payments""}"
Microsoft Azure,Microsoft,Microsoft Azure,INV-2026-05-000002,8a1b2c3d-0000-4a00-9000-000000000002,ExampleCorp MCA - Secondary,Microsoft Customer Agreement,11111111-1111-4111-8111-111111111111,prod-platform,Subscription,2026-05-01T00:00:00Z,2026-06-01T00:00:00Z,2026-05-28T15:00:00Z,2026-05-28T16:00:00Z,Usage,,General Purpose 4 vCore,Usage-Based,0.4463125506,0.4463125506,0.495902834,0.4463125506,0.4959028340,0.4463125506,Standard,1.0000,Hours,USD,0.4463125506,0.4463125506,0.4959028340,USD,1.0000,Hours,Azure SQL Database,Databases,Relational Databases,AZ-AZUR-fd9005,Database,AZSP-71174896,"{""InstanceType"":""GP_Gen5_4"",""CoreCount"":4,""MemorySize"":20,""x_Engine"":""SQLServer""}",/subscriptions/11111111-1111-4111-8111-111111111111/resourceGroups/rg-prod-platform/providers/Microsoft.Sql/servers/databases/sqldb-f219985a,sqldb-f219985a,SQL Database,southeastasia,Southeast Asia,,,,,,,,,,,"{""Environment"":""staging"",""CostCenter"":""cc-2087"",""Owner"":""team-platform""}"
Microsoft Azure,Microsoft,Microsoft Azure,INV-2026-05-000001,8a1b2c3d-0000-4a00-9000-000000000001,ExampleCorp MCA - Primary,Microsoft Customer Agreement,22222222-2222-4222-8222-222222222222,staging-platform,Subscription,2026-05-01T00:00:00Z,2026-06-01T00:00:00Z,2026-05-28T16:00:00Z,2026-05-28T17:00:00Z,Usage,,Standard_D4s_v5 instance,Usage-Based,0.1732172657,0.1732172657,0.1924636286,0.1732172657,0.1924636286,0.1732172657,Standard,1.0000,Hours,USD,0.1732172657,0.1732172657,0.1924636286,USD,1.0000,Hours,Virtual Machines,Compute,Virtual Machines,AZ-VIRT-4151e3,Compute,AZSP-a4a062ba,"{""InstanceType"":""Standard_D4s_v5"",""InstanceSeries"":""Ddsv5"",""CoreCount"":4,""MemorySize"":16,""OperatingSystem"":""Linux"",""x_Tenancy"":""Shared""}",/subscriptions/22222222-2222-4222-8222-222222222222/resourceGroups/rg-staging-platform/providers/Microsoft.Compute/virtualMachines/vm-289e4b06,vm-289e4b06,Virtual Machine,westeurope,West Europe,westeurope-2,,,,,,,,,,"{""Environment"":""dev"",""CostCenter"":""cc-2087"",""Owner"":""team-data""}"
Microsoft Azure,Microsoft,Microsoft Azure,INV-2026-05-000002,8a1b2c3d-0000-4a00-9000-000000000002,ExampleCorp MCA - Secondary,Microsoft Customer Agreement,11111111-1111-4111-8111-111111111111,prod-platform,Subscription,2026-05-01T00:00:00Z,2026-06-01T00:00:00Z,2026-05-22T00:00:00Z,2026-05-23T00:00:00Z,Purchase,,Azure Kubernetes Service subscription fee,Recurring,127.681293,0,127.681293,127.681293,127.681293,127.681293,Standard,1,Units,USD,127.6812930000,0,127.6812930000,USD,,,Azure Kubernetes Service,Compute,Containers,AZ-AZUR-edbc4c,Compute,AZSP-00812dac,"{""InstanceType"":""Standard_D4s_v5"",""CoreCount"":4,""MemorySize"":16,""x_NodePool"":""system""}",/subscriptions/11111111-1111-4111-8111-111111111111/resourceGroups/rg-prod-platform/providers/Microsoft.ContainerService/managedClusters/aks-c2688a28,aks-c2688a28,Managed Cluster,westus2,West US 2,,,,,,,,,,,"{""Environment"":""staging"",""CostCenter"":""cc-2087"",""Owner"":""team-payments""}"
Microsoft Azure,Microsoft,Microsoft Azure,INV-2026-05-000001,8a1b2c3d-0000-4a00-9000-000000000001,ExampleCorp MCA - Primary,Microsoft Customer Agreement,11111111-1111-4111-8111-111111111111,prod-platform,Subscription,2026-05-01T00:00:00Z,2026-06-01T00:00:00Z,2026-05-23T00:00:00Z,2026-05-24T00:00:00Z,Tax,,Tax for Virtual Machines,One-Time,1.322126,1.322126,1.322126,1.322126,,,,,,,,,,USD,,,Virtual Machines,Compute,Virtual Machines,,,,,,,,,,,,,,,,,,,,"{""Environment"":""dev"",""CostCenter"":""cc-2087"",""Owner"":""team-platform""}"
Microsoft Azure,Microsoft,Microsoft Azure,INV-2026-05-000002,8a1b2c3d-0000-4a00-9000-000000000002,ExampleCorp MCA - Secondary,Microsoft Customer Agreement,33333333-3333-4333-8333-333333333333,data-analytics,Subscription,2026-05-01T00:00:00Z,2026-06-01T00:00:00Z,2026-05-28T19:00:00Z,2026-05-28T20:00:00Z,Usage,,AKS node pool hours,Usage-Based,0.1745020424,0.1745020424,0.1938911582,0.1745020424,0.1938911582,0.1745020424,Standard,1.0000,Hours,USD,0.1745020424,0.1745020424,0.1938911582,USD,1.0000,Hours,Azure Kubernetes Service,Compute,Containers,AZ-AZUR-a127cc,Compute,AZSP-3f96105c,"{""InstanceType"":""Standard_D4s_v5"",""CoreCount"":4,""MemorySize"":16,""x_NodePool"":""system""}",/subscriptions/33333333-3333-4333-8333-333333333333/resourceGroups/rg-data-analytics/providers/Microsoft.ContainerService/managedClusters/aks-f21da2da,aks-f21da2da,Managed Cluster,westeurope,West Europe,,,,,,,,,,,"{""Environment"":""staging"",""CostCenter"":""cc-1042"",""Owner"":""team-data""}"
Microsoft Azure,Microsoft,Microsoft Azure,INV-2026-05-000002,8a1b2c3d-0000-4a00-9000-000000000002,ExampleCorp MCA - Secondary,Microsoft Customer Agreement,44444444-4444-4444-8444-444444444444,sandbox-dev,Subscription,2026-05-01T00:00:00Z,2026-06-01T00:00:00Z,2026-05-25T00:00:00Z,2026-05-26T00:00:00Z,Usage,,Log data ingested,Usage-Based,185.45000447620665,185.45000447620665,206.0555605291185,185.45000447620665,2.3457014150,2.1111312735,Standard,87.8439,GB,USD,2.1111312735,185.45000447620665,2.3457014150,USD,87.8439,GB,Azure Monitor,Management and Governance,Observability,AZ-AZUR-1eb22b,Monitoring,AZSP-3736fb21,"{""x_DataType"":""Logs""}",/subscriptions/44444444-4444-4444-8444-444444444444/resourceGroups/rg-sandbox-dev/providers/Microsoft.OperationalInsights/workspaces/law-a9f3313a,law-a9f3313a,Log Analytics Workspace,eastus,East US,,,,,,,,,,,"{""Environment"":""dev"",""CostCenter"":""cc-2087"",""Owner"":""team-payments""}"
Microsoft Azure,Microsoft,Microsoft Azure,INV-2026-05-000001,8a1b2c3d-0000-4a00-9000-000000000001,ExampleCorp MCA - Primary,Microsoft Customer Agreement,11111111-1111-4111-8111-111111111111,prod-platform,Subscription,2026-05-01T00:00:00Z,2026-06-01T00:00:00Z,2026-05-26T00:00:00Z,2026-05-27T00:00:00Z,Purchase,,Azure Blob Storage subscription fee,Recurring,587.225037,0,587.225037,587.225037,587.225037,587.225037,Standard,1,Units,USD,587.2250370000,0,587.2250370000,USD,,,Azure Blob Storage,Storage,Object Storage,AZ-AZUR-ba0c3f,Storage,AZSP-aedc1e02,"{""x_StorageClass"":""Hot"",""x_Redundancy"":""LRS""}",/subscriptions/11111111-1111-4111-8111-111111111111/resourceGroups/rg-prod-platform/providers/Microsoft.Storage/storageAccounts/stor3a96f1b9,stor3a96f1b9,Storage Account,westeurope,West Europe,,,,,,,,,,,"{""Environment"":""staging"",""CostCenter"":""cc-1042"",""Owner"":""team-payments""}"
Microsoft Azure,Microsoft,Microsoft Azure,INV-2026-05-000001,8a1b2c3d-0000-4a00-9000-000000000001,ExampleCorp MCA - Primary,Microsoft Customer Agreement,11111111-1111-4111-8111-111111111111,prod-platform,Subscription,2026-05-01T00:00:00Z,2026-06-01T00:00:00Z,2026-05-28T22:00:00Z,2026-05-28T23:00:00Z,Usage,,Standard_D4s_v5 instance,Usage-Based,0.1680648854,0.1680648854,0.1867387615,0.1680648854,0.1867387615,0.1680648854,Standard,1.0000,Hours,USD,0.1680648854,0.1680648854,0.1867387615,USD,1.0000,Hours,Virtual Machines,Compute,Virtual Machines,AZ-VIRT-bc4485,Compute,AZSP-ad63abd4,"{""InstanceType"":""Standard_D4s_v5"",""InstanceSeries"":""Ddsv5"",""CoreCount"":4,""MemorySize"":16,""OperatingSystem"":""Linux"",""x_Tenancy"":""Shared""}",/subscriptions/11111111-1111-4111-8111-111111111111/resourceGroups/rg-prod-platform/providers/Microsoft.Compute/virtualMachines/vm-35c6849a,vm-35c6849a,Virtual Machine,eastus,East US,eastus-3,,,,,,,,,,"{""Environment"":""staging"",""CostCenter"":""cc-2087"",""Owner"":""team-platform""}"
Microsoft Azure,Microsoft,Microsoft Azure,INV-2026-05-000002,8a1b2c3d-0000-4a00-9000-000000000002,ExampleCorp MCA - Secondary,Microsoft Customer Agreement,33333333-3333-4333-8333-333333333333,data-analytics,Subscription,2026-05-01T00:00:00Z,2026-06-01T00:00:00Z,2026-05-28T23:00:00Z,2026-05-29T00:00:00Z,Usage,,AKS node pool hours,Usage-Based,0.1720564688,0.1720564688,0.1911738542,0.1720564688,0.1911738542,0.1720564688,Standard,1.0000,Hours,USD,0.1720564688,0.1720564688,0.1911738542,USD,1.0000,Hours,Azure Kubernetes Service,Compute,Containers,AZ-AZUR-cdb1f1,Compute,AZSP-6ed0e3fd,"{""InstanceType"":""Standard_D4s_v5"",""CoreCount"":4,""MemorySize"":16,""x_NodePool"":""system""}",/subscriptions/33333333-3333-4333-8333-333333333333/resourceGroups/rg-data-analytics/providers/Microsoft.ContainerService/managedClusters/aks-e245f1e3,aks-e245f1e3,Managed Cluster,eastus,East US,,,,,,,,,,,"{""Environment"":""prod"",""CostCenter"":""cc-3110"",""Owner"":""team-platform""}"
Microsoft Azure,Microsoft,Microsoft Azure,INV-2026-05-000001,8a1b2c3d-0000-4a00-9000-000000000001,ExampleCorp MCA - Primary,Microsoft Customer Agreement,22222222-2222-4222-8222-222222222222,staging-platform,Subscription,2026-05-01T00:00:00Z,2026-06-01T00:00:00Z,2026-05-01T00:00:00Z,2026-05-02T00:00:00Z,Usage,,Log data ingested,Usage-Based,540.17819265219528,540.17819265219528,600.19799182690248,540.17819265219528,2.2555219203,2.0299697283,Standard,266.1016,GB,USD,2.0299697283,540.17819265219528,2.2555219203,USD,266.1016,GB,Azure Monitor,Management and Governance,Observability,AZ-AZUR-690e79,Monitoring,AZSP-5bda8dce,"{""x_DataType"":""Logs""}",/subscriptions/22222222-2222-4222-8222-222222222222/resourceGroups/rg-staging-platform/providers/Microsoft.OperationalInsights/workspaces/law-2db57ded,law-2db57ded,Log Analytics Workspace,southeastasia,Southeast Asia,,,,,,,,,,,"{""Environment"":""prod"",""CostCenter"":""cc-2087"",""Owner"":""team-data""}"
Microsoft Azure,Microsoft,Microsoft Azure,INV-2026-05-000001,8a1b2c3d-0000-4a00-9000-000000000001,ExampleCorp MCA - Primary,Microsoft Customer Agreement,22222222-2222-4222-8222-222222222222,staging-platform,Subscription,2026-05-01T00:00:00Z,2026-06-01T00:00:00Z,2026-05-02T00:00:00Z,2026-05-03T00:00:00Z,Usage,,Log data ingested,Usage-Based,867.07625581044742,867.07625581044742,963.41806201619647,867.07625581044742,2.3330686349,2.0997617714,Standard,412.9403,GB,USD,2.0997617714,867.07625581044742,2.3330686349,USD,412.9403,GB,Azure Monitor,Management and Governance,Observability,AZ-AZUR-a97e43,Monitoring,AZSP-9004c293,"{""x_DataType"":""Logs""}",/subscriptions/22222222-2222-4222-8222-222222222222/resourceGroups/rg-staging-platform/providers/Microsoft.OperationalInsights/workspaces/law-f554549d,law-f554549d,Log Analytics Workspace,westeurope,West Europe,,,,,,,,,,,"{""Environment"":""dev"",""CostCenter"":""cc-2087"",""Owner"":""team-data""}"
Microsoft Azure,Microsoft,Microsoft Azure,INV-2026-05-000002,8a1b2c3d-0000-4a00-9000-000000000002,ExampleCorp MCA - Secondary,Microsoft Customer Agreement,22222222-2222-4222-8222-222222222222,staging-platform,Subscription,2026-05-01T00:00:00Z,2026-06-01T00:00:00Z,2026-05-01T02:00:00Z,2026-05-01T03:00:00Z,Usage,,AKS node pool hours,Usage-Based,0.1772919177,0.1772919177,0.1969910197,0.1772919177,0.1969910197,0.1772919177,Standard,1.0000,Hours,USD,0.1772919177,0.1772919177,0.1969910197,USD,1.0000,Hours,Azure Kubernetes Service,Compute,Containers,AZ-AZUR-8323e9,Compute,AZSP-d0484027,"{""InstanceType"":""Standard_D4s_v5"",""CoreCount"":4,""MemorySize"":16,""x_NodePool"":""system""}",/subscriptions/22222222-2222-4222-8222-222222222222/resourceGroups/rg-staging-platform/providers/Microsoft.ContainerService/managedClusters/aks-4b3e03df,aks-4b3e03df,Managed Cluster,eastus,East US,,,,,,,,,,,"{""Environment"":""staging"",""CostCenter"":""cc-3110"",""Owner"":""team-data""}"
Microsoft Azure,Microsoft,Microsoft Azure,INV-2026-05-000001,8a1b2c3d-0000-4a00-9000-000000000001,ExampleCorp MCA - Primary,Microsoft Customer Agreement,11111111-1111-4111-8111-111111111111,prod-platform,Subscription,2026-05-01T00:00:00Z,2026-06-01T00:00:00Z,2026-05-04T00:00:00Z,2026-05-05T00:00:00Z,Usage,,Log data ingested,Usage-Based,11.59646334739572,11.59646334739572,12.88495927482204,11.59646334739572,2.3056615981,2.0750954383,Standard,5.5884,GB,USD,2.0750954383,11.59646334739572,2.3056615981,USD,5.5884,GB,Azure Monitor,Management and Governance,Observability,AZ-AZUR-3a8f9b,Monitoring,AZSP-ae31be91,"{""x_DataType"":""Logs""}",/subscriptions/11111111-1111-4111-8111-111111111111/resourceGroups/rg-prod-platform/providers/Microsoft.OperationalInsights/workspaces/law-94cc761e,law-94cc761e,Log Analytics Workspace,eastus,East US,,,,,,,,,,,"{""Environment"":""prod"",""CostCenter"":""cc-3110"",""Owner"":""team-data""}"
Microsoft Azure,Microsoft,Microsoft Azure,INV-2026-05-000001,8a1b2c3d-0000-4a00-9000-000000000001,ExampleCorp MCA - Primary,Microsoft Customer Agreement,33333333-3333-4333-8333-333333333333,data-analytics,Subscription,2026-05-01T00:00:00Z,2026-06-01T00:00:00Z,2026-05-05T00:00:00Z,2026-05-06T00:00:00Z,Usage,,VNet peering data transfer,Usage-Based,6.5757636718725,6.5757636718725,7.3064040561925,6.5757636718725,0.0102910723,0.0092619651,Standard,709.9750,GB,USD,0.0092619651,6.5757636718725,0.0102910723,USD,709.9750,GB,Virtual Network,Networking,Network Connectivity,AZ-VIRT-bdb465,Data Transfer,AZSP-0e4b2df2,"{""x_TransferType"":""Peering""}",/subscriptions/33333333-3333-4333-8333-333333333333/resourceGroups/rg-data-analytics/providers/Microsoft.Network/virtualNetworks/vnet-5a551d8a,vnet-5a551d8a,Virtual Network,eastus,East US,,,,,,,,,,,"{""Environment"":""prod"",""CostCenter"":""cc-1042"",""Owner"":""team-data""}"
Microsoft Azure,Microsoft,Microsoft Azure,INV-2026-05-000001,8a1b2c3d-0000-4a00-9000-000000000001,ExampleCorp MCA - Primary,Microsoft Customer Agreement,33333333-3333-4333-8333-333333333333,data-analytics,Subscription,2026-05-01T00:00:00Z,2026-06-01T00:00:00Z,2026-05-01T05:00:00Z,2026-05-01T06:00:00Z,Usage,,General Purpose 4 vCore,Usage-Based,0.4454864268,0.4454864268,0.4949849187,0.4454864268,0.4949849187,0.4454864268,Standard,1.0000,Hours,EUR,0.4098475127,0.409847512656,0.4553861252,USD,1.0000,Hours,Azure SQL Database,Databases,Relational Databases,AZ-AZUR-d8b8cf,Database,AZSP-3605eec7,"{""InstanceType"":""GP_Gen5_4"",""CoreCount"":4,""MemorySize"":20,""x_Engine"":""SQLServer""}",/subscriptions/33333333-3333-4333-8333-333333333333/resourceGroups/rg-data-analytics/providers/Microsoft.Sql/servers/databases/sqldb-2c1bb86f,sqldb-2c1bb86f,SQL Database,eastus,East US,,,,,,,,,,,"{""Environment"":""dev"",""CostCenter"":""cc-1042"",""Owner"":""team-data""}"
Microsoft Azure,Microsoft,Microsoft Azure,INV-2026-05-000002,8a1b2c3d-0000-4a00-9000-000000000002,ExampleCorp MCA - Secondary,Microsoft Customer Agreement,44444444-4444-4444-8444-444444444444,sandbox-dev,Subscription,2026-05-01T00:00:00Z,2026-06-01T00:00:00Z,2026-05-01T06:00:00Z,2026-05-01T07:00:00Z,Purchase,,"Savings Plan commitment, amortised for the charge period",Recurring,0.128064,0,0.128064,0.128064,1,1,Standard,0.128064,USD,USD,1.0000000000,0,1.0000000000,USD,,,Virtual Machines,Compute,Virtual Machines,AZ-COMMIT-558d41,Commitment,AZSP-8ec51060,"{""x_Term"":""P1Y"",""x_PaymentOption"":""NoUpfront""}",/subscriptions/44444444-4444-4444-8444-444444444444/providers/Microsoft.BillingBenefits/savingsPlans/2e6366458799,savingsPlans-f3e7656f51,Savings Plan,westeurope,West Europe,,/subscriptions/44444444-4444-4444-8444-444444444444/providers/Microsoft.BillingBenefits/savingsPlans/2e6366458799,AzureSavingsPlan-1yr-NoUpfront,Spend,Savings Plan,,0.128064,USD,,,"{""Environment"":""dev"",""CostCenter"":""cc-1042"",""Owner"":""team-data""}"
Microsoft Azure,Microsoft,Microsoft Azure,INV-2026-05-000002,8a1b2c3d-0000-4a00-9000-000000000002,ExampleCorp MCA - Secondary,Microsoft Customer Agreement,44444444-4444-4444-8444-444444444444,sandbox-dev,Subscription,2026-05-01T00:00:00Z,2026-06-01T00:00:00Z,2026-05-01T06:00:00Z,2026-05-01T07:00:00Z,Usage,,Virtual Machines committed usage,Usage-Based,0,0.128064,0.192,0.1728,0.1920000000,0.1728000000,Committed,1,Hours,USD,0.1728000000,0.128064,0.1920000000,USD,1,Hours,Virtual Machines,Compute,Virtual Machines,AZ-VIRT-2721e1,Compute,AZSP-a9a2100b,"{""InstanceType"":""Standard_D4s_v5"",""InstanceSeries"":""Ddsv5"",""CoreCount"":4,""MemorySize"":16,""OperatingSystem"":""Linux"",""x_Tenancy"":""Shared""}",/subscriptions/44444444-4444-4444-8444-444444444444/resourceGroups/rg-sandbox-dev/providers/Microsoft.Compute/virtualMachines/vm-00008323d9,vm-00008323d9,Virtual Machine,westeurope,West Europe,westeurope-2,/subscriptions/44444444-4444-4444-8444-444444444444/providers/Microsoft.BillingBenefits/savingsPlans/2e6366458799,AzureSavingsPlan-1yr-NoUpfront,Spend,Savings Plan,Used,0.128064,USD,,,"{""Environment"":""prod"",""CostCenter"":""cc-1042"",""Owner"":""team-payments""}"
Microsoft Azure,Microsoft,Microsoft Azure,INV-2026-05-000002,8a1b2c3d-0000-4a00-9000-000000000002,ExampleCorp MCA - Secondary,Microsoft Customer Agreement,44444444-4444-4444-8444-444444444444,sandbox-dev,Subscription,2026-05-01T00:00:00Z,2026-06-01T00:00:00Z,2026-05-01T07:00:00Z,2026-05-01T08:00:00Z,Purchase,,"Savings Plan commitment, amortised for the charge period",Recurring,0.128064,0,0.128064,0.128064,1,1,Standard,0.128064,USD,USD,1.0000000000,0,1.0000000000,USD,,,Virtual Machines,Compute,Virtual Machines,AZ-COMMIT-558d41,Commitment,AZSP-8ec51060,"{""x_Term"":""P1Y"",""x_PaymentOption"":""NoUpfront""}",/subscriptions/44444444-4444-4444-8444-444444444444/providers/Microsoft.BillingBenefits/savingsPlans/2e6366458799,savingsPlans-f3e7656f51,Savings Plan,westeurope,West Europe,,/subscriptions/44444444-4444-4444-8444-444444444444/providers/Microsoft.BillingBenefits/savingsPlans/2e6366458799,AzureSavingsPlan-1yr-NoUpfront,Spend,Savings Plan,,0.128064,USD,,,"{""Environment"":""prod"",""CostCenter"":""cc-2087"",""Owner"":""team-data""}"
Microsoft Azure,Microsoft,Microsoft Azure,INV-2026-05-000002,8a1b2c3d-0000-4a00-9000-000000000002,ExampleCorp MCA - Secondary,Microsoft Customer Agreement,44444444-4444-4444-8444-444444444444,sandbox-dev,Subscription,2026-05-01T00:00:00Z,2026-06-01T00:00:00Z,2026-05-01T07:00:00Z,2026-05-01T08:00:00Z,Usage,,Virtual Machines committed usage,Usage-Based,0,0.128064,0.192,0.1728,0.1920000000,0.1728000000,Committed,1,Hours,USD,0.1728000000,0.128064,0.1920000000,USD,1,Hours,Virtual Machines,Compute,Virtual Machines,AZ-VIRT-ca2c39,Compute,AZSP-d2f40dcf,"{""InstanceType"":""Standard_D4s_v5"",""InstanceSeries"":""Ddsv5"",""CoreCount"":4,""MemorySize"":16,""OperatingSystem"":""Linux"",""x_Tenancy"":""Shared""}",/subscriptions/44444444-4444-4444-8444-444444444444/resourceGroups/rg-sandbox-dev/providers/Microsoft.Compute/virtualMachines/vm-0001782b72,vm-0001782b72,Virtual Machine,westeurope,West Europe,westeurope-2,/subscriptions/44444444-4444-4444-8444-444444444444/providers/Microsoft.BillingBenefits/savingsPlans/2e6366458799,AzureSavingsPlan-1yr-NoUpfront,Spend,Savings Plan,Used,0.128064,USD,,,"{""Environment"":""staging"",""CostCenter"":""cc-1042"",""Owner"":""team-payments""}"
Microsoft Azure,Microsoft,Microsoft Azure,INV-2026-05-000002,8a1b2c3d-0000-4a00-9000-000000000002,ExampleCorp MCA - Secondary,Microsoft Customer Agreement,44444444-4444-4444-8444-444444444444,sandbox-dev,Subscription,2026-05-01T00:00:00Z,2026-06-01T00:00:00Z,2026-05-01T08:00:00Z,2026-05-01T09:00:00Z,Purchase,,"Savings Plan commitment, amortised for the charge period",Recurring,0.128064,0,0.128064,0.128064,1,1,Standard,0.128064,USD,USD,1.0000000000,0,1.0000000000,USD,,,Virtual Machines,Compute,Virtual Machines,AZ-COMMIT-558d41,Commitment,AZSP-8ec51060,"{""x_Term"":""P1Y"",""x_PaymentOption"":""NoUpfront""}",/subscriptions/44444444-4444-4444-8444-444444444444/providers/Microsoft.BillingBenefits/savingsPlans/2e6366458799,savingsPlans-f3e7656f51,Savings Plan,westeurope,West Europe,,/subscriptions/44444444-4444-4444-8444-444444444444/providers/Microsoft.BillingBenefits/savingsPlans/2e6366458799,AzureSavingsPlan-1yr-NoUpfront,Spend,Savings Plan,,0.128064,USD,,,"{""Environment"":""staging"",""CostCenter"":""cc-3110"",""Owner"":""team-payments""}"
Microsoft Azure,Microsoft,Microsoft Azure,INV-2026-05-000002,8a1b2c3d-0000-4a00-9000-000000000002,ExampleCorp MCA - Secondary,Microsoft Customer Agreement,44444444-4444-4444-8444-444444444444,sandbox-dev,Subscription,2026-05-01T00:00:00Z,2026-06-01T00:00:00Z,2026-05-01T08:00:00Z,2026-05-01T09:00:00Z,Usage,,Virtual Machines committed usage,Usage-Based,0,0.128064,0.192,0.1728,0.1920000000,0.1728000000,Committed,1,Hours,USD,0.1728000000,0.128064,0.1920000000,USD,1,Hours,Virtual Machines,Compute,Virtual Machines,AZ-VIRT-e3893a,Compute,AZSP-d9ab9ce1,"{""InstanceType"":""Standard_D4s_v5"",""InstanceSeries"":""Ddsv5"",""CoreCount"":4,""MemorySize"":16,""OperatingSystem"":""Linux"",""x_Tenancy"":""Shared""}",/subscriptions/44444444-4444-4444-8444-444444444444/resourceGroups/rg-sandbox-dev/providers/Microsoft.Compute/virtualMachines/vm-0002dc657d,vm-0002dc657d,Virtual Machine,westeurope,West Europe,westeurope-2,/subscriptions/44444444-4444-4444-8444-444444444444/providers/Microsoft.BillingBenefits/savingsPlans/2e6366458799,AzureSavingsPlan-1yr-NoUpfront,Spend,Savings Plan,Used,0.128064,USD,,,"{""Environment"":""staging"",""CostCenter"":""cc-3110"",""Owner"":""team-data""}"
Microsoft Azure,Microsoft,Microsoft Azure,INV-2026-05-000002,8a1b2c3d-0000-4a00-9000-000000000002,ExampleCorp MCA - Secondary,Microsoft Customer Agreement,44444444-4444-4444-8444-444444444444,sandbox-dev,Subscription,2026-05-01T00:00:00Z,2026-06-01T00:00:00Z,2026-05-01T09:00:00Z,2026-05-01T10:00:00Z,Purchase,,"Savings Plan commitment, amortised for the charge period",Recurring,0.128064,0,0.128064,0.128064,1,1,Standard,0.128064,USD,USD,1.0000000000,0,1.0000000000,USD,,,Virtual Machines,Compute,Virtual Machines,AZ-COMMIT-558d41,Commitment,AZSP-8ec51060,"{""x_Term"":""P1Y"",""x_PaymentOption"":""NoUpfront""}",/subscriptions/44444444-4444-4444-8444-444444444444/providers/Microsoft.BillingBenefits/savingsPlans/2e6366458799,savingsPlans-f3e7656f51,Savings Plan,westeurope,West Europe,,/subscriptions/44444444-4444-4444-8444-444444444444/providers/Microsoft.BillingBenefits/savingsPlans/2e6366458799,AzureSavingsPlan-1yr-NoUpfront,Spend,Savings Plan,,0.128064,USD,,,"{""Environment"":""dev"",""CostCenter"":""cc-2087"",""Owner"":""team-payments""}"
Microsoft Azure,Microsoft,Microsoft Azure,INV-2026-05-000002,8a1b2c3d-0000-4a00-9000-000000000002,ExampleCorp MCA - Secondary,Microsoft Customer Agreement,44444444-4444-4444-8444-444444444444,sandbox-dev,Subscription,2026-05-01T00:00:00Z,2026-06-01T00:00:00Z,2026-05-01T09:00:00Z,2026-05-01T10:00:00Z,Usage,,Virtual Machines committed usage,Usage-Based,0,0.128064,0.192,0.1728,0.1920000000,0.1728000000,Committed,1,Hours,USD,0.1728000000,0.128064,0.1920000000,USD,1,Hours,Virtual Machines,Compute,Virtual Machines,AZ-VIRT-f9476b,Compute,AZSP-85be31da,"{""InstanceType"":""Standard_D4s_v5"",""InstanceSeries"":""Ddsv5"",""CoreCount"":4,""MemorySize"":16,""OperatingSystem"":""Linux"",""x_Tenancy"":""Shared""}",/subscriptions/44444444-4444-4444-8444-444444444444/resourceGroups/rg-sandbox-dev/providers/Microsoft.Compute/virtualMachines/vm-0003401507,vm-0003401507,Virtual Machine,westeurope,West Europe,westeurope-2,/subscriptions/44444444-4444-4444-8444-444444444444/providers/Microsoft.BillingBenefits/savingsPlans/2e6366458799,AzureSavingsPlan-1yr-NoUpfront,Spend,Savings Plan,Used,0.128064,USD,,,"{""Environment"":""prod"",""CostCenter"":""cc-1042"",""Owner"":""team-platform""}"
Microsoft Azure,Microsoft,Microsoft Azure,INV-2026-05-000002,8a1b2c3d-0000-4a00-9000-000000000002,ExampleCorp MCA - Secondary,Microsoft Customer Agreement,44444444-4444-4444-8444-444444444444,sandbox-dev,Subscription,2026-05-01T00:00:00Z,2026-06-01T00:00:00Z,2026-05-01T10:00:00Z,2026-05-01T11:00:00Z,Purchase,,"Savings Plan commitment, amortised for the charge period",Recurring,0.128064,0,0.128064,0.128064,1,1,Standard,0.128064,USD,USD,1.0000000000,0,1.0000000000,USD,,,Virtual Machines,Compute,Virtual Machines,AZ-COMMIT-558d41,Commitment,AZSP-8ec51060,"{""x_Term"":""P1Y"",""x_PaymentOption"":""NoUpfront""}",/subscriptions/44444444-4444-4444-8444-444444444444/providers/Microsoft.BillingBenefits/savingsPlans/2e6366458799,savingsPlans-f3e7656f51,Savings Plan,westeurope,West Europe,,/subscriptions/44444444-4444-4444-8444-444444444444/providers/Microsoft.BillingBenefits/savingsPlans/2e6366458799,AzureSavingsPlan-1yr-NoUpfront,Spend,Savings Plan,,0.128064,USD,,,"{""Environment"":""prod"",""CostCenter"":""cc-1042"",""Owner"":""team-data""}"
Microsoft Azure,Microsoft,Microsoft Azure,INV-2026-05-000002,8a1b2c3d-0000-4a00-9000-000000000002,ExampleCorp MCA - Secondary,Microsoft Customer Agreement,44444444-4444-4444-8444-444444444444,sandbox-dev,Subscription,2026-05-01T00:00:00Z,2026-06-01T00:00:00Z,2026-05-01T10:00:00Z,2026-05-01T11:00:00Z,Usage,,Virtual Machines committed usage,Usage-Based,0,0.128064,0.192,0.1728,0.1920000000,0.1728000000,Committed,1,Hours,USD,0.1728000000,0.128064,0.1920000000,USD,1,Hours,Virtual Machines,Compute,Virtual Machines,AZ-VIRT-bd08e6,Compute,AZSP-c143020c,"{""InstanceType"":""Standard_D4s_v5"",""InstanceSeries"":""Ddsv5"",""CoreCount"":4,""MemorySize"":16,""OperatingSystem"":""Linux"",""x_Tenancy"":""Shared""}",/subscriptions/44444444-4444-4444-8444-444444444444/resourceGroups/rg-sandbox-dev/providers/Microsoft.Compute/virtualMachines/vm-000491e6dc,vm-000491e6dc,Virtual Machine,westeurope,West Europe,westeurope-2,/subscriptions/44444444-4444-4444-8444-444444444444/providers/Microsoft.BillingBenefits/savingsPlans/2e6366458799,AzureSavingsPlan-1yr-NoUpfront,Spend,Savings Plan,Used,0.128064,USD,,,"{""Environment"":""dev"",""CostCenter"":""cc-1042"",""Owner"":""team-platform""}"
Microsoft Azure,Microsoft,Microsoft Azure,INV-2026-05-000002,8a1b2c3d-0000-4a00-9000-000000000002,ExampleCorp MCA - Secondary,Microsoft Customer Agreement,44444444-4444-4444-8444-444444444444,sandbox-dev,Subscription,2026-05-01T00:00:00Z,2026-06-01T00:00:00Z,2026-05-01T11:00:00Z,2026-05-01T12:00:00Z,Purchase,,"Savings Plan commitment, amortised for the charge period",Recurring,0.128064,0,0.128064,0.128064,1,1,Standard,0.128064,USD,USD,1.0000000000,0,1.0000000000,USD,,,Virtual Machines,Compute,Virtual Machines,AZ-COMMIT-558d41,Commitment,AZSP-8ec51060,"{""x_Term"":""P1Y"",""x_PaymentOption"":""NoUpfront""}",/subscriptions/44444444-4444-4444-8444-444444444444/providers/Microsoft.BillingBenefits/savingsPlans/2e6366458799,savingsPlans-f3e7656f51,Savings Plan,westeurope,West Europe,,/subscriptions/44444444-4444-4444-8444-444444444444/providers/Microsoft.BillingBenefits/savingsPlans/2e6366458799,AzureSavingsPlan-1yr-NoUpfront,Spend,Savings Plan,,0.128064,USD,,,"{""Environment"":""dev"",""CostCenter"":""cc-2087"",""Owner"":""team-payments""}"
Microsoft Azure,Microsoft,Microsoft Azure,INV-2026-05-000002,8a1b2c3d-0000-4a00-9000-000000000002,ExampleCorp MCA - Secondary,Microsoft Customer Agreement,44444444-4444-4444-8444-444444444444,sandbox-dev,Subscription,2026-05-01T00:00:00Z,2026-06-01T00:00:00Z,2026-05-01T11:00:00Z,2026-05-01T12:00:00Z,Usage,,Savings Plan unused commitment,Usage-Based,0,0.128064,0.128064,0.128064,1,1,Committed,0.128064,USD,USD,1.0000000000,0.128064,1.0000000000,USD,,,Virtual Machines,Compute,Virtual Machines,AZ-COMMIT-558d41,Commitment,AZSP-8ec51060,"{""x_Term"":""P1Y"",""x_PaymentOption"":""NoUpfront""}",/subscriptions/44444444-4444-4444-8444-444444444444/providers/Microsoft.BillingBenefits/savingsPlans/2e6366458799,savingsPlans-f3e7656f51,Savings Plan,westeurope,West Europe,,/subscriptions/44444444-4444-4444-8444-444444444444/providers/Microsoft.BillingBenefits/savingsPlans/2e6366458799,AzureSavingsPlan-1yr-NoUpfront,Spend,Savings Plan,Unused,0.128064,USD,,,"{""Environment"":""staging"",""CostCenter"":""cc-3110"",""Owner"":""team-platform""}"
Microsoft Azure,Microsoft,Microsoft Azure,INV-2026-05-000002,8a1b2c3d-0000-4a00-9000-000000000002,ExampleCorp MCA - Secondary,Microsoft Customer Agreement,44444444-4444-4444-8444-444444444444,sandbox-dev,Subscription,2026-05-01T00:00:00Z,2026-06-01T00:00:00Z,2026-05-01T12:00:00Z,2026-05-01T13:00:00Z,Purchase,,"Savings Plan commitment, amortised for the charge period",Recurring,0.128064,0,0.128064,0.128064,1,1,Standard,0.128064,USD,USD,1.0000000000,0,1.0000000000,USD,,,Virtual Machines,Compute,Virtual Machines,AZ-COMMIT-558d41,Commitment,AZSP-8ec51060,"{""x_Term"":""P1Y"",""x_PaymentOption"":""NoUpfront""}",/subscriptions/44444444-4444-4444-8444-444444444444/providers/Microsoft.BillingBenefits/savingsPlans/2e6366458799,savingsPlans-f3e7656f51,Savings Plan,westeurope,West Europe,,/subscriptions/44444444-4444-4444-8444-444444444444/providers/Microsoft.BillingBenefits/savingsPlans/2e6366458799,AzureSavingsPlan-1yr-NoUpfront,Spend,Savings Plan,,0.128064,USD,,,"{""Environment"":""staging"",""CostCenter"":""cc-3110"",""Owner"":""team-platform""}"
Microsoft Azure,Microsoft,Microsoft Azure,INV-2026-05-000002,8a1b2c3d-0000-4a00-9000-000000000002,ExampleCorp MCA - Secondary,Microsoft Customer Agreement,44444444-4444-4444-8444-444444444444,sandbox-dev,Subscription,2026-05-01T00:00:00Z,2026-06-01T00:00:00Z,2026-05-01T12:00:00Z,2026-05-01T13:00:00Z,Usage,,Savings Plan unused commitment,Usage-Based,0,0.128064,0.128064,0.128064,1,1,Committed,0.128064,USD,USD,1.0000000000,0.128064,1.0000000000,USD,,,Virtual Machines,Compute,Virtual Machines,AZ-COMMIT-558d41,Commitment,AZSP-8ec51060,"{""x_Term"":""P1Y"",""x_PaymentOption"":""NoUpfront""}",/subscriptions/44444444-4444-4444-8444-444444444444/providers/Microsoft.BillingBenefits/savingsPlans/2e6366458799,savingsPlans-f3e7656f51,Savings Plan,westeurope,West Europe,,/subscriptions/44444444-4444-4444-8444-444444444444/providers/Microsoft.BillingBenefits/savingsPlans/2e6366458799,AzureSavingsPlan-1yr-NoUpfront,Spend,Savings Plan,Unused,0.128064,USD,,,"{""Environment"":""dev"",""CostCenter"":""cc-2087"",""Owner"":""team-data""}"
Microsoft Azure,Microsoft,Microsoft Azure,INV-2026-05-000002,8a1b2c3d-0000-4a00-9000-000000000002,ExampleCorp MCA - Secondary,Microsoft Customer Agreement,44444444-4444-4444-8444-444444444444,sandbox-dev,Subscription,2026-05-01T00:00:00Z,2026-06-01T00:00:00Z,2026-05-01T13:00:00Z,2026-05-01T14:00:00Z,Purchase,,"Savings Plan commitment, amortised for the charge period",Recurring,0.128064,0,0.128064,0.128064,1,1,Standard,0.128064,USD,USD,1.0000000000,0,1.0000000000,USD,,,Virtual Machines,Compute,Virtual Machines,AZ-COMMIT-558d41,Commitment,AZSP-8ec51060,"{""x_Term"":""P1Y"",""x_PaymentOption"":""NoUpfront""}",/subscriptions/44444444-4444-4444-8444-444444444444/providers/Microsoft.BillingBenefits/savingsPlans/2e6366458799,savingsPlans-f3e7656f51,Savings Plan,westeurope,West Europe,,/subscriptions/44444444-4444-4444-8444-444444444444/providers/Microsoft.BillingBenefits/savingsPlans/2e6366458799,AzureSavingsPlan-1yr-NoUpfront,Spend,Savings Plan,,0.128064,USD,,,"{""Environment"":""staging"",""CostCenter"":""cc-2087"",""Owner"":""team-platform""}"
Microsoft Azure,Microsoft,Microsoft Azure,INV-2026-05-000002,8a1b2c3d-0000-4a00-9000-000000000002,ExampleCorp MCA - Secondary,Microsoft Customer Agreement,44444444-4444-4444-8444-444444444444,sandbox-dev,Subscription,2026-05-01T00:00:00Z,2026-06-01T00:00:00Z,2026-05-01T13:00:00Z,2026-05-01T14:00:00Z,Usage,,Savings Plan unused commitment,Usage-Based,0,0.128064,0.128064,0.128064,1,1,Committed,0.128064,USD,USD,1.0000000000,0.128064,1.0000000000,USD,,,Virtual Machines,Compute,Virtual Machines,AZ-COMMIT-558d41,Commitment,AZSP-8ec51060,"{""x_Term"":""P1Y"",""x_PaymentOption"":""NoUpfront""}",/subscriptions/44444444-4444-4444-8444-444444444444/providers/Microsoft.BillingBenefits/savingsPlans/2e6366458799,savingsPlans-f3e7656f51,Savings Plan,westeurope,West Europe,,/subscriptions/44444444-4444-4444-8444-444444444444/providers/Microsoft.BillingBenefits/savingsPlans/2e6366458799,AzureSavingsPlan-1yr-NoUpfront,Spend,Savings Plan,Unused,0.128064,USD,,,"{""Environment"":""dev"",""CostCenter"":""cc-2087"",""Owner"":""team-payments""}"
Microsoft Azure,Microsoft,Microsoft Azure,INV-2026-05-000002,8a1b2c3d-0000-4a00-9000-000000000002,ExampleCorp MCA - Secondary,Microsoft Customer Agreement,22222222-2222-4222-8222-222222222222,staging-platform,Subscription,2026-05-01T00:00:00Z,2026-06-01T00:00:00Z,2026-05-23T00:00:00Z,2026-05-24T00:00:00Z,Tax,,Tax for Azure SQL Database,One-Time,13.954568,13.954568,13.954568,13.954568,,,,,,,,,,USD,,,Azure SQL Database,Databases,Relational Databases,,,,,,,,,,,,,,,,,,,,"{""Environment"":""prod"",""CostCenter"":""cc-3110"",""Owner"":""team-payments""}"
Microsoft Azure,Microsoft,Microsoft Azure,INV-2026-05-000001,8a1b2c3d-0000-4a00-9000-000000000001,ExampleCorp MCA - Primary,Microsoft Customer Agreement,11111111-1111-4111-8111-111111111111,prod-platform,Subscription,2026-05-01T00:00:00Z,2026-06-01T00:00:00Z,2026-05-24T00:00:00Z,2026-05-25T00:00:00Z,Tax,,Tax for Azure Kubernetes Service,One-Time,10.705374,10.705374,10.705374,10.705374,,,,,,,,,,USD,,,Azure Kubernetes Service,Compute,Containers,,,,,,,,,,,,,,,,,,,,"{""Environment"":""staging"",""CostCenter"":""cc-3110"",""Owner"":""team-payments""}"
Microsoft Azure,Microsoft,Microsoft Azure,INV-2026-05-000002,8a1b2c3d-0000-4a00-9000-000000000002,ExampleCorp MCA - Secondary,Microsoft Customer Agreement,22222222-2222-4222-8222-222222222222,staging-platform,Subscription,2026-05-01T00:00:00Z,2026-06-01T00:00:00Z,2026-05-01T00:00:00Z,2026-06-01T00:00:00Z,Usage,,Hot LRS data stored,Usage-Based,20.54779016771776,20.54779016771776,22.830877895652,20.54779016771776,0.0185222475,0.0166700228,Standard,1232.6192,GB-Months,USD,0.0166700228,20.54779016771776,0.0185222475,USD,1232.6192,GB-Months,Azure Blob Storage,Storage,Object Storage,AZ-AZUR-ccb607,Storage,AZSP-b9b90842,"{""x_StorageClass"":""Hot"",""x_Redundancy"":""LRS""}",/subscriptions/22222222-2222-4222-8222-222222222222/resourceGroups/rg-staging-platform/providers/Microsoft.Storage/storageAccounts/stored66fffe,stored66fffe,Storage Account,eastus,East US,,,,,,,,,,,"{""Environment"":""staging"",""CostCenter"":""cc-3110"",""Owner"":""team-payments""}"
Microsoft Azure,Microsoft,Microsoft Azure,INV-2026-05-000001,8a1b2c3d-0000-4a00-9000-000000000001,ExampleCorp MCA - Primary,Microsoft Customer Agreement,11111111-1111-4111-8111-111111111111,prod-platform,Subscription,2026-05-01T00:00:00Z,2026-06-01T00:00:00Z,2026-05-26T00:00:00Z,2026-05-27T00:00:00Z,Tax,,Tax for Azure Blob Storage,One-Time,4.052525,4.052525,4.052525,4.052525,,,,,,,,,,USD,,,Azure Blob Storage,Storage,Object Storage,,,,,,,,,,,,,,,,,,,,"{""Environment"":""prod"",""CostCenter"":""cc-3110"",""Owner"":""team-platform""}"
Microsoft Azure,Microsoft,Microsoft Azure,INV-2026-05-000001,8a1b2c3d-0000-4a00-9000-000000000001,ExampleCorp MCA - Primary,Microsoft Customer Agreement,33333333-3333-4333-8333-333333333333,data-analytics,Subscription,2026-05-01T00:00:00Z,2026-06-01T00:00:00Z,2026-05-02T02:00:00Z,2026-05-02T03:00:00Z,Usage,,General Purpose 4 vCore,Usage-Based,0.4428799525,0.4428799525,0.4920888361,0.4428799525,0.4920888361,0.4428799525,Standard,1.0000,Hours,USD,0.4428799525,0.4428799525,0.4920888361,USD,1.0000,Hours,Azure SQL Database,Databases,Relational Databases,AZ-AZUR-812853,Database,AZSP-f6963269,"{""InstanceType"":""GP_Gen5_4"",""CoreCount"":4,""MemorySize"":20,""x_Engine"":""SQLServer""}",/subscriptions/33333333-3333-4333-8333-333333333333/resourceGroups/rg-data-analytics/providers/Microsoft.Sql/servers/databases/sqldb-234591e6,sqldb-234591e6,SQL Database,eastus,East US,,,,,,,,,,,"{""Environment"":""prod"",""CostCenter"":""cc-3110"",""Owner"":""team-data""}"
Microsoft Azure,Microsoft,Microsoft Azure,INV-2026-05-000002,8a1b2c3d-0000-4a00-9000-000000000002,ExampleCorp MCA - Secondary,Microsoft Customer Agreement,22222222-2222-4222-8222-222222222222,staging-platform,Subscription,2026-05-01T00:00:00Z,2026-06-01T00:00:00Z,2026-05-02T03:00:00Z,2026-05-02T04:00:00Z,Usage,,General Purpose 4 vCore,Usage-Based,0.4516030373,0.4516030373,0.5017811526,0.4516030373,0.5017811526,0.4516030373,Standard,1.0000,Hours,USD,0.4516030373,0.4516030373,0.5017811526,USD,1.0000,Hours,Azure SQL Database,Databases,Relational Databases,AZ-AZUR-7eccef,Database,AZSP-b2f264aa,"{""InstanceType"":""GP_Gen5_4"",""CoreCount"":4,""MemorySize"":20,""x_Engine"":""SQLServer""}",/subscriptions/22222222-2222-4222-8222-222222222222/resourceGroups/rg-staging-platform/providers/Microsoft.Sql/servers/databases/sqldb-d8139b0c,sqldb-d8139b0c,SQL Database,westus2,West US 2,,,,,,,,,,,"{""Environment"":""staging"",""CostCenter"":""cc-2087"",""Owner"":""team-platform""}"
Microsoft Azure,Microsoft,Microsoft Azure,INV-2026-05-000002,8a1b2c3d-0000-4a00-9000-000000000002,ExampleCorp MCA - Secondary,Microsoft Customer Agreement,22222222-2222-4222-8222-222222222222,staging-platform,Subscription,2026-05-01T00:00:00Z,2026-06-01T00:00:00Z,2026-05-02T04:00:00Z,2026-05-02T05:00:00Z,Usage,,Standard_D4s_v5 instance,Usage-Based,0.1688711524,0.1688711524,0.1876346138,0.1688711524,0.1876346138,0.1688711524,Standard,1.0000,Hours,USD,0.1688711524,0.1688711524,0.1876346138,USD,1.0000,Hours,Virtual Machines,Compute,Virtual Machines,AZ-VIRT-2c8c75,Compute,AZSP-4501a1af,"{""InstanceType"":""Standard_D4s_v5"",""InstanceSeries"":""Ddsv5"",""CoreCount"":4,""MemorySize"":16,""OperatingSystem"":""Linux"",""x_Tenancy"":""Shared""}",/subscriptions/22222222-2222-4222-8222-222222222222/resourceGroups/rg-staging-platform/providers/Microsoft.Compute/virtualMachines/vm-2cecffde,vm-2cecffde,Virtual Machine,westus2,West US 2,westus2-1,,,,,,,,,,"{""Environment"":""dev"",""CostCenter"":""cc-3110"",""Owner"":""team-platform""}"
Microsoft Azure,Microsoft,Microsoft Azure,INV-2026-05-000002,8a1b2c3d-0000-4a00-9000-000000000002,ExampleCorp MCA - Secondary,Microsoft Customer Agreement,11111111-1111-4111-8111-111111111111,prod-platform,Subscription,2026-05-01T00:00:00Z,2026-06-01T00:00:00Z,2026-05-02T00:00:00Z,2026-05-03T00:00:00Z,Usage,,Log data ingested,Usage-Based,113.11917076691808,113.11917076691808,125.68796751639504,113.11917076691808,2.3248168364,2.0923351528,Standard,54.0636,GB,USD,2.0923351528,113.11917076691808,2.3248168364,USD,54.0636,GB,Azure Monitor,Management and Governance,Observability,AZ-AZUR-940eeb,Monitoring,AZSP-9b164064,"{""x_DataType"":""Logs""}",/subscriptions/11111111-1111-4111-8111-111111111111/resourceGroups/rg-prod-platform/providers/Microsoft.OperationalInsights/workspaces/law-e91dfd1f,law-e91dfd1f,Log Analytics Workspace,southeastasia,Southeast Asia,,,,,,,,,,,"{""Environment"":""staging"",""CostCenter"":""cc-3110"",""Owner"":""team-payments""}"
Microsoft Azure,Microsoft,Microsoft Azure,INV-2026-05-000002,8a1b2c3d-0000-4a00-9000-000000000002,ExampleCorp MCA - Secondary,Microsoft Customer Agreement,22222222-2222-4222-8222-222222222222,staging-platform,Subscription,2026-05-01T00:00:00Z,2026-06-01T00:00:00Z,2026-05-02T06:00:00Z,2026-05-02T07:00:00Z,Usage,,Standard_D4s_v5 instance,Usage-Based,0.1704658929,0.1704658929,0.1894065477,0.1704658929,0.1894065477,0.1704658929,Standard,1.0000,Hours,USD,0.1704658929,0.1704658929,0.1894065477,USD,1.0000,Hours,Virtual Machines,Compute,Virtual Machines,AZ-VIRT-172ba4,Compute,AZSP-4a11f653,"{""InstanceType"":""Standard_D4s_v5"",""InstanceSeries"":""Ddsv5"",""CoreCount"":4,""MemorySize"":16,""OperatingSystem"":""Linux"",""x_Tenancy"":""Shared""}",/subscriptions/22222222-2222-4222-8222-222222222222/resourceGroups/rg-staging-platform/providers/Microsoft.Compute/virtualMachines/vm-6fba01c0,vm-6fba01c0,Virtual Machine,westeurope,West Europe,westeurope-2,,,,,,,,,,"{""Environment"":""prod"",""CostCenter"":""cc-3110"",""Owner"":""team-data""}"
Microsoft Azure,Microsoft,Microsoft Azure,INV-2026-05-000001,8a1b2c3d-0000-4a00-9000-000000000001,ExampleCorp MCA - Primary,Microsoft Customer Agreement,44444444-4444-4444-8444-444444444444,sandbox-dev,Subscription,2026-05-01T00:00:00Z,2026-06-01T00:00:00Z,2026-05-01T00:00:00Z,2026-06-01T00:00:00Z,Usage,,Hot LRS data stored,Usage-Based,115.60575755659395,115.60575755659395,128.45084134889265,115.60575755659395,0.0187469905,0.0168722915,Standard,6851.8113,GB-Months,EUR,0.0155225082,106.357296952066434,0.0172472313,USD,6851.8113,GB-Months,Azure Blob Storage,Storage,Object Storage,AZ-AZUR-569c44,Storage,AZSP-2cd13181,"{""x_StorageClass"":""Hot"",""x_Redundancy"":""LRS""}",/subscriptions/44444444-4444-4444-8444-444444444444/resourceGroups/rg-sandbox-dev/providers/Microsoft.Storage/storageAccounts/storf2e09c49,storf2e09c49,Storage Account,eastus,East US,,,,,,,,,,,"{""Environment"":""staging"",""CostCenter"":""cc-1042"",""Owner"":""team-platform""}"
Microsoft Azure,Microsoft,Microsoft Azure,INV-2026-05-000001,8a1b2c3d-0000-4a00-9000-000000000001,ExampleCorp MCA - Primary,Microsoft Customer Agreement,22222222-2222-4222-8222-222222222222,staging-platform,Subscription,2026-05-01T00:00:00Z,2026-06-01T00:00:00Z,2026-05-05T00:00:00Z,2026-05-06T00:00:00Z,Usage,,VNet peering data transfer,Usage-Based,32.81138935236349,32.81138935236349,36.45709935924924,32.81138935236349,0.0102752748,0.0092477473,Standard,3548.0413,GB,USD,0.0092477473,32.81138935236349,0.0102752748,USD,3548.0413,GB,Virtual Network,Networking,Network Connectivity,AZ-VIRT-36b113,Data Transfer,AZSP-4e8d8616,"{""x_TransferType"":""Peering""}",/subscriptions/22222222-2222-4222-8222-222222222222/resourceGroups/rg-staging-platform/providers/Microsoft.Network/virtualNetworks/vnet-d4736a11,vnet-d4736a11,Virtual Network,eastus,East US,,,,,,,,,,,"{""Environment"":""prod"",""CostCenter"":""cc-2087"",""Owner"":""team-platform""}"
Microsoft Azure,Microsoft,Microsoft Azure,INV-2026-05-000002,8a1b2c3d-0000-4a00-9000-000000000002,ExampleCorp MCA - Secondary,Microsoft Customer Agreement,33333333-3333-4333-8333-333333333333,data-analytics,Subscription,2026-05-01T00:00:00Z,2026-06-01T00:00:00Z,2026-05-02T09:00:00Z,2026-05-02T10:00:00Z,Usage,,Standard_D4s_v5 instance,Usage-Based,0.1718891735,0.1718891735,0.1909879705,0.1718891735,0.1909879705,0.1718891735,Standard,1.0000,Hours,USD,0.1718891735,0.1718891735,0.1909879705,USD,1.0000,Hours,Virtual Machines,Compute,Virtual Machines,AZ-VIRT-d75cef,Compute,AZSP-bc5f6f09,"{""InstanceType"":""Standard_D4s_v5"",""InstanceSeries"":""Ddsv5"",""CoreCount"":4,""MemorySize"":16,""OperatingSystem"":""Linux"",""x_Tenancy"":""Shared""}",/subscriptions/33333333-3333-4333-8333-333333333333/resourceGroups/rg-data-analytics/providers/Microsoft.Compute/virtualMachines/vm-f8e882b8,vm-f8e882b8,Virtual Machine,westeurope,West Europe,westeurope-1,,,,,,,,,,"{""Environment"":""staging"",""CostCenter"":""cc-3110"",""Owner"":""team-payments""}"
Microsoft Azure,Microsoft,Microsoft Azure,INV-2026-05-000002,8a1b2c3d-0000-4a00-9000-000000000002,ExampleCorp MCA - Secondary,Microsoft Customer Agreement,44444444-4444-4444-8444-444444444444,sandbox-dev,Subscription,2026-05-01T00:00:00Z,2026-06-01T00:00:00Z,2026-05-02T10:00:00Z,2026-05-02T11:00:00Z,Usage,,Standard_D4s_v5 instance,Usage-Based,0.1738919985,0.1738919985,0.1932133317,0.1738919985,0.1932133317,0.1738919985,Standard,1.0000,Hours,USD,0.1738919985,0.1738919985,0.1932133317,USD,1.0000,Hours,Virtual Machines,Compute,Virtual Machines,AZ-VIRT-ebbb7e,Compute,AZSP-41ac0193,"{""InstanceType"":""Standard_D4s_v5"",""InstanceSeries"":""Ddsv5"",""CoreCount"":4,""MemorySize"":16,""OperatingSystem"":""Linux"",""x_Tenancy"":""Shared""}",/subscriptions/44444444-4444-4444-8444-444444444444/resourceGroups/rg-sandbox-dev/providers/Microsoft.Compute/virtualMachines/vm-21cebd67,vm-21cebd67,Virtual Machine,westus2,West US 2,westus2-1,,,,,,,,,,"{""Environment"":""dev"",""CostCenter"":""cc-1042"",""Owner"":""team-platform""}"
Microsoft Azure,Microsoft,Microsoft Azure,INV-2026-05-000002,8a1b2c3d-0000-4a00-9000-000000000002,ExampleCorp MCA - Secondary,Microsoft Customer Agreement,44444444-4444-4444-8444-444444444444,sandbox-dev,Subscription,2026-05-01T00:00:00Z,2026-06-01T00:00:00Z,2026-05-08T00:00:00Z,2026-05-09T00:00:00Z,Usage,,VNet peering data transfer,Usage-Based,12.4892997134892,12.4892997134892,13.8769996347846,12.4892997134892,0.0098691273,0.0088822146,Standard,1406.1020,GB,USD,0.0088822146,12.4892997134892,0.0098691273,USD,1406.1020,GB,Virtual Network,Networking,Network Connectivity,AZ-VIRT-66300e,Data Transfer,AZSP-52213a49,"{""x_TransferType"":""Peering""}",/subscriptions/44444444-4444-4444-8444-444444444444/resourceGroups/rg-sandbox-dev/providers/Microsoft.Network/virtualNetworks/vnet-7d422d14,vnet-7d422d14,Virtual Network,southeastasia,Southeast Asia,,,,,,,,,,,"{""Environment"":""dev"",""CostCenter"":""cc-1042"",""Owner"":""team-data""}"
Microsoft Azure,Microsoft,Microsoft Azure,INV-2026-05-000002,8a1b2c3d-0000-4a00-9000-000000000002,ExampleCorp MCA - Secondary,Microsoft Customer Agreement,22222222-2222-4222-8222-222222222222,staging-platform,Subscription,2026-05-01T00:00:00Z,2026-06-01T00:00:00Z,2026-05-01T00:00:00Z,2026-06-01T00:00:00Z,Usage,,Hot LRS data stored,Usage-Based,8.78668682799291,8.78668682799291,9.76298534624943,8.78668682799291,0.0178935723,0.0161042151,Standard,545.6141,GB-Months,USD,0.0161042151,8.78668682799291,0.0178935723,USD,545.6141,GB-Months,Azure Blob Storage,Storage,Object Storage,AZ-AZUR-d04110,Storage,AZSP-8676bf22,"{""x_StorageClass"":""Hot"",""x_Redundancy"":""LRS""}",/subscriptions/22222222-2222-4222-8222-222222222222/resourceGroups/rg-staging-platform/providers/Microsoft.Storage/storageAccounts/storbf543227,storbf543227,Storage Account,southeastasia,Southeast Asia,,,,,,,,,,,"{""Environment"":""prod"",""CostCenter"":""cc-2087"",""Owner"":""team-platform""}"
Microsoft Azure,Microsoft,Microsoft Azure,INV-2026-05-000002,8a1b2c3d-0000-4a00-9000-000000000002,ExampleCorp MCA - Secondary,Microsoft Customer Agreement,44444444-4444-4444-8444-444444444444,sandbox-dev,Subscription,2026-05-01T00:00:00Z,2026-06-01T00:00:00Z,2026-05-10T00:00:00Z,2026-05-11T00:00:00Z,Tax,,Tax for Virtual Network,One-Time,5.007536,5.007536,5.007536,5.007536,,,,,,,,,,USD,,,Virtual Network,Networking,Network Connectivity,,,,,,,,,,,,,,,,,,,,"{""Environment"":""staging"",""CostCenter"":""cc-1042"",""Owner"":""team-payments""}"
Microsoft Azure,Microsoft,Microsoft Azure,INV-2026-05-000002,8a1b2c3d-0000-4a00-9000-000000000002,ExampleCorp MCA - Secondary,Microsoft Customer Agreement,11111111-1111-4111-8111-111111111111,prod-platform,Subscription,2026-05-01T00:00:00Z,2026-06-01T00:00:00Z,2026-05-02T14:00:00Z,2026-05-02T15:00:00Z,Usage,,Provisioned throughput,Usage-Based,0.0070058656,0.0070058656,0.0077842951,0.0070058656,0.0077842951,0.0070058656,Standard,1.0000,Hours,USD,0.0070058656,0.0070058656,0.0077842951,USD,1.0000,Hours,Azure Cosmos DB,Databases,NoSQL Databases,AZ-AZUR-97db6c,Database,AZSP-81e2d7f2,"{""x_CapacityMode"":""Provisioned""}",/subscriptions/11111111-1111-4111-8111-111111111111/resourceGroups/rg-prod-platform/providers/Microsoft.DocumentDB/databaseAccounts/cosmos-f89be8dd,cosmos-f89be8dd,Cosmos DB Account,westeurope,West Europe,,,,,,,,,,,"{""Environment"":""staging"",""CostCenter"":""cc-1042"",""Owner"":""team-data""}"
Microsoft Azure,Microsoft,Microsoft Azure,INV-2026-05-000002,8a1b2c3d-0000-4a00-9000-000000000002,ExampleCorp MCA - Secondary,Microsoft Customer Agreement,33333333-3333-4333-8333-333333333333,data-analytics,Subscription,2026-05-01T00:00:00Z,2026-06-01T00:00:00Z,2026-05-02T15:00:00Z,2026-05-02T16:00:00Z,Usage,,AKS node pool hours,Usage-Based,0.1711910103,0.1711910103,0.1902122337,0.1711910103,0.1902122337,0.1711910103,Standard,1.0000,Hours,USD,0.1711910103,0.1711910103,0.1902122337,USD,1.0000,Hours,Azure Kubernetes Service,Compute,Containers,AZ-AZUR-731ded,Compute,AZSP-4ae2871c,"{""InstanceType"":""Standard_D4s_v5"",""CoreCount"":4,""MemorySize"":16,""x_NodePool"":""system""}",/subscriptions/33333333-3333-4333-8333-333333333333/resourceGroups/rg-data-analytics/providers/Microsoft.ContainerService/managedClusters/aks-ea5ff0ec,aks-ea5ff0ec,Managed Cluster,westus2,West US 2,,,,,,,,,,,"{""Environment"":""staging"",""CostCenter"":""cc-1042"",""Owner"":""team-platform""}"
Microsoft Azure,Microsoft,Microsoft Azure,INV-2026-05-000002,8a1b2c3d-0000-4a00-9000-000000000002,ExampleCorp MCA - Secondary,Microsoft Customer Agreement,22222222-2222-4222-8222-222222222222,staging-platform,Subscription,2026-05-01T00:00:00Z,2026-06-01T00:00:00Z,2026-05-01T00:00:00Z,2026-06-01T00:00:00Z,Usage,,Hot LRS data stored,Usage-Based,28.26434549789808,28.26434549789808,31.40482838659192,28.26434549789808,0.0188298487,0.0169468638,Standard,1667.8216,GB-Months,USD,0.0169468638,28.26434549789808,0.0188298487,USD,1667.8216,GB-Months,Azure Blob Storage,Storage,Object Storage,AZ-AZUR-70afe9,Storage,AZSP-35fc7f40,"{""x_StorageClass"":""Hot"",""x_Redundancy"":""LRS""}",/subscriptions/22222222-2222-4222-8222-222222222222/resourceGroups/rg-staging-platform/providers/Microsoft.Storage/storageAccounts/stor83ea8327,stor83ea8327,Storage Account,eastus,East US,,,,,,,,,,,"{""Environment"":""staging"",""CostCenter"":""cc-3110"",""Owner"":""team-payments""}"
Microsoft Azure,Microsoft,Microsoft Azure,INV-2026-05-000001,8a1b2c3d-0000-4a00-9000-000000000001,ExampleCorp MCA - Primary,Microsoft Customer Agreement,44444444-4444-4444-8444-444444444444,sandbox-dev,Subscription,2026-05-01T00:00:00Z,2026-06-01T00:00:00Z,2026-05-14T00:00:00Z,2026-05-15T00:00:00Z,Tax,,Tax for Azure Cosmos DB,One-Time,27.569263,27.569263,27.569263,27.569263,,,,,,,,,,USD,,,Azure Cosmos DB,Databases,NoSQL Databases,,,,,,,,,,,,,,,,,,,,"{""Environment"":""prod"",""CostCenter"":""cc-3110"",""Owner"":""team-payments""}"
Microsoft Azure,Microsoft,Microsoft Azure,INV-2026-05-000001,8a1b2c3d-0000-4a00-9000-000000000001,ExampleCorp MCA - Primary,Microsoft Customer Agreement,33333333-3333-4333-8333-333333333333,data-analytics,Subscription,2026-05-01T00:00:00Z,2026-06-01T00:00:00Z,2026-05-15T00:00:00Z,2026-05-16T00:00:00Z,Usage,,Log data ingested,Usage-Based,526.5981964815609,526.5981964815609,585.1091071988343,526.5981964815609,2.2417715781,2.0175944203,Standard,261.0030,GB,USD,2.0175944203,526.5981964815609,2.2417715781,USD,261.0030,GB,Azure Monitor,Management and Governance,Observability,AZ-AZUR-a3a264,Monitoring,AZSP-0fed706a,"{""x_DataType"":""Logs""}",/subscriptions/33333333-3333-4333-8333-333333333333/resourceGroups/rg-data-analytics/providers/Microsoft.OperationalInsights/workspaces/law-dc5ac30b,law-dc5ac30b,Log Analytics Workspace,westus2,West US 2,,,,,,,,,,,"{""Environment"":""staging"",""CostCenter"":""cc-1042"",""Owner"":""team-platform""}"
Microsoft Azure,Microsoft,Microsoft Azure,INV-2026-05-000001,8a1b2c3d-0000-4a00-9000-000000000001,ExampleCorp MCA - Primary,Microsoft Customer Agreement,11111111-1111-4111-8111-111111111111,prod-platform,Subscription,2026-05-01T00:00:00Z,2026-06-01T00:00:00Z,2026-05-16T00:00:00Z,2026-05-17T00:00:00Z,Usage,,Log data ingested,Usage-Based,102.23393412333275,102.23393412333275,113.59326013423125,102.23393412333275,2.2497056025,2.0247350423,Standard,50.4925,GB,USD,2.0247350423,102.23393412333275,2.2497056025,USD,50.4925,GB,Azure Monitor,Management and Governance,Observability,AZ-AZUR-6755b4,Monitoring,AZSP-b9b7f331,"{""x_DataType"":""Logs""}",/subscriptions/11111111-1111-4111-8111-111111111111/resourceGroups/rg-prod-platform/providers/Microsoft.OperationalInsights/workspaces/law-fa3d6cd6,law-fa3d6cd6,Log Analytics Workspace,southeastasia,Southeast Asia,,,,,,,,,,,"{""Environment"":""dev"",""CostCenter"":""cc-3110"",""Owner"":""team-data""}"
Microsoft Azure,Microsoft,Microsoft Azure,INV-2026-05-000002,8a1b2c3d-0000-4a00-9000-000000000002,ExampleCorp MCA - Secondary,Microsoft Customer Agreement,44444444-4444-4444-8444-444444444444,sandbox-dev,Subscription,2026-05-01T00:00:00Z,2026-06-01T00:00:00Z,2026-05-02T20:00:00Z,2026-05-02T21:00:00Z,Usage,,Provisioned throughput,Usage-Based,0.0071032393,0.0071032393,0.0078924881,0.0071032393,0.0078924881,0.0071032393,Standard,1.0000,Hours,USD,0.0071032393,0.0071032393,0.0078924881,USD,1.0000,Hours,Azure Cosmos DB,Databases,NoSQL Databases,AZ-AZUR-bc8a50,Database,AZSP-22268a47,"{""x_CapacityMode"":""Provisioned""}",/subscriptions/44444444-4444-4444-8444-444444444444/resourceGroups/rg-sandbox-dev/providers/Microsoft.DocumentDB/databaseAccounts/cosmos-f136626d,cosmos-f136626d,Cosmos DB Account,eastus,East US,,,,,,,,,,,"{""Environment"":""staging"",""CostCenter"":""cc-2087"",""Owner"":""team-payments""}"
Microsoft Azure,Microsoft,Microsoft Azure,INV-2026-05-000002,8a1b2c3d-0000-4a00-9000-000000000002,ExampleCorp MCA - Secondary,Microsoft Customer Agreement,44444444-4444-4444-8444-444444444444,sandbox-dev,Subscription,2026-05-01T00:00:00Z,2026-06-01T00:00:00Z,2026-05-02T21:00:00Z,2026-05-02T22:00:00Z,Usage,,General Purpose 4 vCore,Usage-Based,0.4577477059,0.4577477059,0.5086085621,0.4577477059,0.5086085621,0.4577477059,Standard,1.0000,Hours,USD,0.4577477059,0.4577477059,0.5086085621,USD,1.0000,Hours,Azure SQL Database,Databases,Relational Databases,AZ-AZUR-fbc647,Database,AZSP-cc6d897c,"{""InstanceType"":""GP_Gen5_4"",""CoreCount"":4,""MemorySize"":20,""x_Engine"":""SQLServer""}",/subscriptions/44444444-4444-4444-8444-444444444444/resourceGroups/rg-sandbox-dev/providers/Microsoft.Sql/servers/databases/sqldb-b409ba7c,sqldb-b409ba7c,SQL Database,southeastasia,Southeast Asia,,,,,,,,,,,"{""Environment"":""prod"",""CostCenter"":""cc-2087"",""Owner"":""team-data""}"
Microsoft Azure,Microsoft,Microsoft Azure,INV-2026-05-000001,8a1b2c3d-0000-4a00-9000-000000000001,ExampleCorp MCA - Primary,Microsoft Customer Agreement,33333333-3333-4333-8333-333333333333,data-analytics,Subscription,2026-05-01T00:00:00Z,2026-06-01T00:00:00Z,2026-05-02T22:00:00Z,2026-05-02T23:00:00Z,Usage,,Function execution duration,Usage-Based,36.04125160893293,36.04125160893293,40.04580714375949,36.04125160893293,0.0000159041,0.0000143137,Standard,2517954.9389,GB-Seconds,USD,0.0000143137,36.04125160893293,0.0000159041,USD,2517954.9389,GB-Seconds,Azure Functions,Compute,Serverless Compute,AZ-AZUR-75ef3b,Compute,AZSP-97f1c5e3,"{""x_Plan"":""Consumption"",""x_Runtime"":""dotnet8""}",/subscriptions/33333333-3333-4333-8333-333333333333/resourceGroups/rg-data-analytics/providers/Microsoft.Web/sites/func-10921c0b,func-10921c0b,Function App,westeurope,West Europe,,,,,,,,,,,"{""Environment"":""prod"",""CostCenter"":""cc-2087"",""Owner"":""team-platform""}"
Microsoft Azure,Microsoft,Microsoft Azure,INV-2026-05-000001,8a1b2c3d-0000-4a00-9000-000000000001,ExampleCorp MCA - Primary,Microsoft Customer Agreement,22222222-2222-4222-8222-222222222222,staging-platform,Subscription,2026-05-01T00:00:00Z,2026-06-01T00:00:00Z,2026-05-02T23:00:00Z,2026-05-03T00:00:00Z,Usage,,Function execution duration,Usage-Based,27.0493806888836,27.0493806888836,30.05490866527636,27.0493806888836,0.0000161978,0.0000145780,Standard,1855493.2562,GB-Seconds,USD,0.0000145780,27.0493806888836,0.0000161978,USD,1855493.2562,GB-Seconds,Azure Functions,Compute,Serverless Compute,AZ-AZUR-f9022c,Compute,AZSP-7267ffb1,"{""x_Plan"":""Consumption"",""x_Runtime"":""dotnet8""}",/subscriptions/22222222-2222-4222-8222-222222222222/resourceGroups/rg-staging-platform/providers/Microsoft.Web/sites/func-72a33422,func-72a33422,Function App,eastus,East US,,,,,,,,,,,"{""Environment"":""staging"",""CostCenter"":""cc-2087"",""Owner"":""team-platform""}"
Microsoft Azure,Microsoft,Microsoft Azure,INV-2026-05-000002,8a1b2c3d-0000-4a00-9000-000000000002,ExampleCorp MCA - Secondary,Microsoft Customer Agreement,44444444-4444-4444-8444-444444444444,sandbox-dev,Subscription,2026-05-01T00:00:00Z,2026-06-01T00:00:00Z,2026-05-21T00:00:00Z,2026-05-22T00:00:00Z,Tax,,Tax for Azure Functions,One-Time,4.366443,4.366443,4.366443,4.366443,,,,,,,,,,USD,,,Azure Functions,Compute,Serverless Compute,,,,,,,,,,,,,,,,,,,,"{""Environment"":""staging"",""CostCenter"":""cc-2087"",""Owner"":""team-payments""}"
Microsoft Azure,Microsoft,Microsoft Azure,INV-2026-05-000001,8a1b2c3d-0000-4a00-9000-000000000001,ExampleCorp MCA - Primary,Microsoft Customer Agreement,33333333-3333-4333-8333-333333333333,data-analytics,Subscription,2026-05-01T00:00:00Z,2026-06-01T00:00:00Z,2026-05-22T00:00:00Z,2026-05-23T00:00:00Z,Usage,,Log data ingested,Usage-Based,370.72516840647342,370.72516840647342,411.91685379087483,370.72516840647342,2.3254940487,2.0929446438,Standard,177.1309,GB,EUR,1.9255090723,341.0671549339555464,2.1394545248,USD,177.1309,GB,Azure Monitor,Management and Governance,Observability,AZ-AZUR-f45ce4,Monitoring,AZSP-3314a5ec,"{""x_DataType"":""Logs""}",/subscriptions/33333333-3333-4333-8333-333333333333/resourceGroups/rg-data-analytics/providers/Microsoft.OperationalInsights/workspaces/law-c75a33f5,law-c75a33f5,Log Analytics Workspace,westeurope,West Europe,,,,,,,,,,,"{""Environment"":""staging"",""CostCenter"":""cc-2087"",""Owner"":""team-platform""}"
Microsoft Azure,Microsoft,Microsoft Azure,INV-2026-05-000001,8a1b2c3d-0000-4a00-9000-000000000001,ExampleCorp MCA - Primary,Microsoft Customer Agreement,22222222-2222-4222-8222-222222222222,staging-platform,Subscription,2026-05-01T00:00:00Z,2026-06-01T00:00:00Z,2026-05-03T02:00:00Z,2026-05-03T03:00:00Z,Usage,,Function execution duration,Usage-Based,40.84341291598744,40.84341291598744,45.38160177438996,40.84341291598744,0.0000158229,0.0000142406,Standard,2868096.3524,GB-Seconds,USD,0.0000142406,40.84341291598744,0.0000158229,USD,2868096.3524,GB-Seconds,Azure Functions,Compute,Serverless Compute,AZ-AZUR-01608d,Compute,AZSP-e707f7dc,"{""x_Plan"":""Consumption"",""x_Runtime"":""dotnet8""}",/subscriptions/22222222-2222-4222-8222-222222222222/resourceGroups/rg-staging-platform/providers/Microsoft.Web/sites/func-fd9d98ad,func-fd9d98ad,Function App,westeurope,West Europe,,,,,,,,,,,"{""Environment"":""prod"",""CostCenter"":""cc-1042"",""Owner"":""team-platform""}"
Microsoft Azure,Microsoft,Microsoft Azure,INV-2026-05-000002,8a1b2c3d-0000-4a00-9000-000000000002,ExampleCorp MCA - Secondary,Microsoft Customer Agreement,22222222-2222-4222-8222-222222222222,staging-platform,Subscription,2026-05-01T00:00:00Z,2026-06-01T00:00:00Z,2026-05-01T00:00:00Z,2026-06-01T00:00:00Z,Usage,,Hot LRS data stored,Usage-Based,98.443349382282,98.443349382282,109.38149958335052,98.443349382282,0.0180249556,0.0162224600,Standard,6068.3367,GB-Months,USD,0.0162224600,98.443349382282,0.0180249556,USD,6068.3367,GB-Months,Azure Blob Storage,Storage,Object Storage,AZ-AZUR-64493a,Storage,AZSP-6904435b,"{""x_StorageClass"":""Hot"",""x_Redundancy"":""LRS""}",/subscriptions/22222222-2222-4222-8222-222222222222/resourceGroups/rg-staging-platform/providers/Microsoft.Storage/storageAccounts/stor4c950500,stor4c950500,Storage Account,southeastasia,Southeast Asia,,,,,,,,,,,"{""Environment"":""prod"",""CostCenter"":""cc-3110"",""Owner"":""team-data""}"
Microsoft Azure,Microsoft,Microsoft Azure,INV-2026-05-000001,8a1b2c3d-0000-4a00-9000-000000000001,ExampleCorp MCA - Primary,Microsoft Customer Agreement,33333333-3333-4333-8333-333333333333,data-analytics,Subscription,2026-05-01T00:00:00Z,2026-06-01T00:00:00Z,2026-05-01T00:00:00Z,2026-06-01T00:00:00Z,Usage,,Hot LRS data stored,Usage-Based,30.42093040249888,30.42093040249888,33.8010336812031,30.42093040249888,0.0189009795,0.0170108816,Standard,1788.3218,GB-Months,USD,0.0170108816,30.42093040249888,0.0189009795,USD,1788.3218,GB-Months,Azure Blob Storage,Storage,Object Storage,AZ-AZUR-8fd947,Storage,AZSP-fa438394,"{""x_StorageClass"":""Hot"",""x_Redundancy"":""LRS""}",/subscriptions/33333333-3333-4333-8333-333333333333/resourceGroups/rg-data-analytics/providers/Microsoft.Storage/storageAccounts/storff3cd36d,storff3cd36d,Storage Account,eastus,East US,,,,,,,,,,,"{""Environment"":""prod"",""CostCenter"":""cc-2087"",""Owner"":""team-payments""}"
Microsoft Azure,Microsoft,Microsoft Azure,INV-2026-05-000002,8a1b2c3d-0000-4a00-9000-000000000002,ExampleCorp MCA - Secondary,Microsoft Customer Agreement,11111111-1111-4111-8111-111111111111,prod-platform,Subscription,2026-05-01T00:00:00Z,2026-06-01T00:00:00Z,2026-05-26T00:00:00Z,2026-05-27T00:00:00Z,Usage,,Log data ingested,Usage-Based,225.736984621254,225.736984621254,250.81887180014895,225.736984621254,2.2395641911,2.0156077720,Standard,111.9945,GB,USD,2.0156077720,225.736984621254,2.2395641911,USD,111.9945,GB,Azure Monitor,Management and Governance,Observability,AZ-AZUR-c1f8db,Monitoring,AZSP-e1203511,"{""x_DataType"":""Logs""}",/subscriptions/11111111-1111-4111-8111-111111111111/resourceGroups/rg-prod-platform/providers/Microsoft.OperationalInsights/workspaces/law-5cdbbda6,law-5cdbbda6,Log Analytics Workspace,westus2,West US 2,,,,,,,,,,,"{""Environment"":""dev"",""CostCenter"":""cc-2087"",""Owner"":""team-platform""}"
Microsoft Azure,Microsoft,Microsoft Azure,INV-2026-05-000001,8a1b2c3d-0000-4a00-9000-000000000001,ExampleCorp MCA - Primary,Microsoft Customer Agreement,44444444-4444-4444-8444-444444444444,sandbox-dev,Subscription,2026-05-01T00:00:00Z,2026-06-01T00:00:00Z,2026-05-03T06:00:00Z,2026-05-03T07:00:00Z,Usage,,Provisioned throughput,Usage-Based,0.006994168,0.006994168,0.0077712978,0.006994168,0.0077712978,0.0069941680,Standard,1.0000,Hours,USD,0.0069941680,0.006994168,0.0077712978,USD,1.0000,Hours,Azure Cosmos DB,Databases,NoSQL Databases,AZ-AZUR-0c956b,Database,AZSP-d043b029,"{""x_CapacityMode"":""Provisioned""}",/subscriptions/44444444-4444-4444-8444-444444444444/resourceGroups/rg-sandbox-dev/providers/Microsoft.DocumentDB/databaseAccounts/cosmos-a9381783,cosmos-a9381783,Cosmos DB Account,westeurope,West Europe,,,,,,,,,,,"{""Environment"":""prod"",""CostCenter"":""cc-1042"",""Owner"":""team-platform""}"
Microsoft Azure,Microsoft,Microsoft Azure,INV-2026-05-000001,8a1b2c3d-0000-4a00-9000-000000000001,ExampleCorp MCA - Primary,Microsoft Customer Agreement,22222222-2222-4222-8222-222222222222,staging-platform,Subscription,2026-05-01T00:00:00Z,2026-06-01T00:00:00Z,2026-05-03T07:00:00Z,2026-05-03T08:00:00Z,Usage,,General Purpose 4 vCore,Usage-Based,0.4463438534,0.4463438534,0.4959376149,0.4463438534,0.4959376149,0.4463438534,Standard,1.0000,Hours,USD,0.4463438534,0.4463438534,0.4959376149,USD,1.0000,Hours,Azure SQL Database,Databases,Relational Databases,AZ-AZUR-a9b67c,Database,AZSP-1ef73e6d,"{""InstanceType"":""GP_Gen5_4"",""CoreCount"":4,""MemorySize"":20,""x_Engine"":""SQLServer""}",/subscriptions/22222222-2222-4222-8222-222222222222/resourceGroups/rg-staging-platform/providers/Microsoft.Sql/servers/databases/sqldb-b2472d89,sqldb-b2472d89,SQL Database,southeastasia,Southeast Asia,,,,,,,,,,,"{""Environment"":""prod"",""CostCenter"":""cc-2087"",""Owner"":""team-platform""}"
Microsoft Azure,Microsoft,Microsoft Azure,INV-2026-05-000002,8a1b2c3d-0000-4a00-9000-000000000002,ExampleCorp MCA - Secondary,Microsoft Customer Agreement,33333333-3333-4333-8333-333333333333,data-analytics,Subscription,2026-05-01T00:00:00Z,2026-06-01T00:00:00Z,2026-05-03T08:00:00Z,2026-05-03T09:00:00Z,Usage,,Provisioned throughput,Usage-Based,0.0071944124,0.0071944124,0.0079937916,0.0071944124,0.0079937916,0.0071944124,Standard,1.0000,Hours,EUR,0.0066188594,0.006618859408,0.0073542883,USD,1.0000,Hours,Azure Cosmos DB,Databases,NoSQL Databases,AZ-AZUR-207193,Database,AZSP-b489c6f9,"{""x_CapacityMode"":""Provisioned""}",/subscriptions/33333333-3333-4333-8333-333333333333/resourceGroups/rg-data-analytics/providers/Microsoft.DocumentDB/databaseAccounts/cosmos-2d31eb8f,cosmos-2d31eb8f,Cosmos DB Account,eastus,East US,,,,,,,,,,,"{""Environment"":""prod"",""CostCenter"":""cc-3110"",""Owner"":""team-data""}"
Microsoft Azure,Microsoft,Microsoft Azure,INV-2026-05-000002,8a1b2c3d-0000-4a00-9000-000000000002,ExampleCorp MCA - Secondary,Microsoft Customer Agreement,22222222-2222-4222-8222-222222222222,staging-platform,Subscription,2026-05-01T00:00:00Z,2026-06-01T00:00:00Z,2026-05-02T00:00:00Z,2026-05-03T00:00:00Z,Usage,,Log data ingested,Usage-Based,802.9247658272658,802.9247658272658,892.1386286842881,802.9247658272658,2.3463933193,2.1117539874,Standard,380.2170,GB,USD,2.1117539874,802.9247658272658,2.3463933193,USD,380.2170,GB,Azure Monitor,Management and Governance,Observability,AZ-AZUR-fd6087,Monitoring,AZSP-0594831c,"{""x_DataType"":""Logs""}",/subscriptions/22222222-2222-4222-8222-222222222222/resourceGroups/rg-staging-platform/providers/Microsoft.OperationalInsights/workspaces/law-a4a62540,law-a4a62540,Log Analytics Workspace,southeastasia,Southeast Asia,,,,,,,,,,,"{""Environment"":""prod"",""CostCenter"":""cc-1042"",""Owner"":""team-platform""}"
Microsoft Azure,Microsoft,Microsoft Azure,INV-2026-05-000001,8a1b2c3d-0000-4a00-9000-000000000001,ExampleCorp MCA - Primary,Microsoft Customer Agreement,44444444-4444-4444-8444-444444444444,sandbox-dev,Subscription,2026-05-01T00:00:00Z,2026-06-01T00:00:00Z,2026-05-01T00:00:00Z,2026-06-01T00:00:00Z,Usage,,Hot LRS data stored,Usage-Based,47.13565918495252,47.13565918495252,52.37295451956568,47.13565918495252,0.0178528834,0.0160675951,Standard,2933.5852,GB-Months,USD,0.0160675951,47.13565918495252,0.0178528834,USD,2933.5852,GB-Months,Azure Blob Storage,Storage,Object Storage,AZ-AZUR-e70307,Storage,AZSP-3dfae130,"{""x_StorageClass"":""Hot"",""x_Redundancy"":""LRS""}",/subscriptions/44444444-4444-4444-8444-444444444444/resourceGroups/rg-sandbox-dev/providers/Microsoft.Storage/storageAccounts/stor346cd1e4,stor346cd1e4,Storage Account,eastus,East US,,,,,,,,,,,"{""Environment"":""prod"",""CostCenter"":""cc-1042"",""Owner"":""team-payments""}"
Microsoft Azure,Microsoft,Microsoft Azure,INV-2026-05-000002,8a1b2c3d-0000-4a00-9000-000000000002,ExampleCorp MCA - Secondary,Microsoft Customer Agreement,33333333-3333-4333-8333-333333333333,data-analytics,Subscription,2026-05-01T00:00:00Z,2026-06-01T00:00:00Z,2026-05-04T00:00:00Z,2026-05-05T00:00:00Z,Usage,,VNet peering data transfer,Usage-Based,28.0859161479844,28.0859161479844,31.20657346223191,28.0859161479844,0.0097594711,0.0087835240,Standard,3197.5681,GB,USD,0.0087835240,28.0859161479844,0.0097594711,USD,3197.5681,GB,Virtual Network,Networking,Network Connectivity,AZ-VIRT-a4f455,Data Transfer,AZSP-c51549a2,"{""x_TransferType"":""Peering""}",/subscriptions/33333333-3333-4333-8333-333333333333/resourceGroups/rg-data-analytics/providers/Microsoft.Network/virtualNetworks/vnet-2c7a791c,vnet-2c7a791c,Virtual Network,eastus,East US,,,,,,,,,,,"{""Environment"":""staging"",""CostCenter"":""cc-1042"",""Owner"":""team-data""}"
Microsoft Azure,Microsoft,Microsoft Azure,INV-2026-05-000001,8a1b2c3d-0000-4a00-9000-000000000001,ExampleCorp MCA - Primary,Microsoft Customer Agreement,33333333-3333-4333-8333-333333333333,data-analytics,Subscription,2026-05-01T00:00:00Z,2026-06-01T00:00:00Z,2026-05-03T12:00:00Z,2026-05-03T13:00:00Z,Usage,,Standard_D4s_v5 instance,Usage-Based,0.1681306475,0.1681306475,0.1868118306,0.1681306475,0.1868118306,0.1681306475,Standard,1.0000,Hours,USD,0.1681306475,0.1681306475,0.1868118306,USD,1.0000,Hours,Virtual Machines,Compute,Virtual Machines,AZ-VIRT-5ccdc0,Compute,AZSP-2109b1f0,"{""InstanceType"":""Standard_D4s_v5"",""InstanceSeries"":""Ddsv5"",""CoreCount"":4,""MemorySize"":16,""OperatingSystem"":""Linux"",""x_Tenancy"":""Shared""}",/subscriptions/33333333-3333-4333-8333-333333333333/resourceGroups/rg-data-analytics/providers/Microsoft.Compute/virtualMachines/vm-591380aa,vm-591380aa,Virtual Machine,westus2,West US 2,westus2-1,,,,,,,,,,"{""Environment"":""prod"",""CostCenter"":""cc-1042"",""Owner"":""team-platform""}"
Microsoft Azure,Microsoft,Microsoft Azure,INV-2026-05-000001,8a1b2c3d-0000-4a00-9000-000000000001,ExampleCorp MCA - Primary,Microsoft Customer Agreement,22222222-2222-4222-8222-222222222222,staging-platform,Subscription,2026-05-01T00:00:00Z,2026-06-01T00:00:00Z,2026-05-03T13:00:00Z,2026-05-03T14:00:00Z,Usage,,Function execution duration,Usage-Based,3.60294494384947,3.60294494384947,4.00325793467565,3.60294494384947,0.0000156345,0.0000140711,Standard,256052.8277,GB-Seconds,USD,0.0000140711,3.60294494384947,0.0000156345,USD,256052.8277,GB-Seconds,Azure Functions,Compute,Serverless Compute,AZ-AZUR-cd3db6,Compute,AZSP-8bff872c,"{""x_Plan"":""Consumption"",""x_Runtime"":""dotnet8""}",/subscriptions/22222222-2222-4222-8222-222222222222/resourceGroups/rg-staging-platform/providers/Microsoft.Web/sites/func-e8d9cebf,func-e8d9cebf,Function App,westus2,West US 2,,,,,,,,,,,"{""Environment"":""dev"",""CostCenter"":""cc-2087"",""Owner"":""team-payments""}"
Microsoft Azure,Microsoft,Microsoft Azure,INV-2026-05-000001,8a1b2c3d-0000-4a00-9000-000000000001,ExampleCorp MCA - Primary,Microsoft Customer Agreement,11111111-1111-4111-8111-111111111111,prod-platform,Subscription,2026-05-01T00:00:00Z,2026-06-01T00:00:00Z,2026-05-03T14:00:00Z,2026-05-03T15:00:00Z,Usage,,Standard_D4s_v5 instance,Usage-Based,0.1676235233,0.1676235233,0.1862483592,0.1676235233,0.1862483592,0.1676235233,Standard,1.0000,Hours,USD,0.1676235233,0.1676235233,0.1862483592,USD,1.0000,Hours,Virtual Machines,Compute,Virtual Machines,AZ-VIRT-8a6cea,Compute,AZSP-48c436ab,"{""InstanceType"":""Standard_D4s_v5"",""InstanceSeries"":""Ddsv5"",""CoreCount"":4,""MemorySize"":16,""OperatingSystem"":""Linux"",""x_Tenancy"":""Shared""}",/subscriptions/11111111-1111-4111-8111-111111111111/resourceGroups/rg-prod-platform/providers/Microsoft.Compute/virtualMachines/vm-865cc4ce,vm-865cc4ce,Virtual Machine,westeurope,West Europe,westeurope-2,,,,,,,,,,"{""Environment"":""dev"",""CostCenter"":""cc-1042"",""Owner"":""team-payments""}"
Microsoft Azure,Microsoft,Microsoft Azure,INV-2026-05-000001,8a1b2c3d-0000-4a00-9000-000000000001,ExampleCorp MCA - Primary,Microsoft Customer Agreement,11111111-1111-4111-8111-111111111111,prod-platform,Subscription,2026-05-01T00:00:00Z,2026-06-01T00:00:00Z,2026-05-03T15:00:00Z,2026-05-03T16:00:00Z,Usage,,General Purpose 4 vCore,Usage-Based,0.4472077548,0.4472077548,0.4968975053,0.4472077548,0.4968975053,0.4472077548,Standard,1.0000,Hours,USD,0.4472077548,0.4472077548,0.4968975053,USD,1.0000,Hours,Azure SQL Database,Databases,Relational Databases,AZ-AZUR-d76af6,Database,AZSP-a6b2578f,"{""InstanceType"":""GP_Gen5_4"",""CoreCount"":4,""MemorySize"":20,""x_Engine"":""SQLServer""}",/subscriptions/11111111-1111-4111-8111-111111111111/resourceGroups/rg-prod-platform/providers/Microsoft.Sql/servers/databases/sqldb-c331f1f2,sqldb-c331f1f2,SQL Database,westus2,West US 2,,,,,,,,,,,"{""Environment"":""dev"",""CostCenter"":""cc-1042"",""Owner"":""team-payments""}"
Microsoft Azure,Microsoft,Microsoft Azure,INV-2026-05-000002,8a1b2c3d-0000-4a00-9000-000000000002,ExampleCorp MCA - Secondary,Microsoft Customer Agreement,33333333-3333-4333-8333-333333333333,data-analytics,Subscription,2026-05-01T00:00:00Z,2026-06-01T00:00:00Z,2026-05-03T16:00:00Z,2026-05-03T17:00:00Z,Purchase,,"Reservation commitment, amortised for the charge period",Recurring,0.128064,0,0.128064,0.128064,0.1280640000,0.1280640000,Standard,1,Hours,USD,0.1280640000,0,0.1280640000,USD,,,Virtual Machines,Compute,Virtual Machines,AZ-COMMIT-d84d85,Commitment,AZSP-ab2c0162,"{""x_Term"":""P1Y"",""x_PaymentOption"":""NoUpfront""}",/subscriptions/33333333-3333-4333-8333-333333333333/providers/Microsoft.BillingBenefits/reservations/312e13c0c030,reservations-68b1af89f1,Reservation,westeurope,West Europe,,/subscriptions/33333333-3333-4333-8333-333333333333/providers/Microsoft.BillingBenefits/reservations/312e13c0c030,AzureReservation-1yr-NoUpfront,Usage,Reservation,,1,Hours,,,"{""Environment"":""prod"",""CostCenter"":""cc-2087"",""Owner"":""team-data""}"
Microsoft Azure,Microsoft,Microsoft Azure,INV-2026-05-000002,8a1b2c3d-0000-4a00-9000-000000000002,ExampleCorp MCA - Secondary,Microsoft Customer Agreement,33333333-3333-4333-8333-333333333333,data-analytics,Subscription,2026-05-01T00:00:00Z,2026-06-01T00:00:00Z,2026-05-03T16:00:00Z,2026-05-03T17:00:00Z,Usage,,Virtual Machines committed usage,Usage-Based,0,0.128064,0.192,0.1728,0.1920000000,0.1728000000,Committed,1,Hours,USD,0.1728000000,0.128064,0.1920000000,USD,1,Hours,Virtual Machines,Compute,Virtual Machines,AZ-VIRT-e6a51c,Compute,AZSP-e217c755,"{""InstanceType"":""Standard_D4s_v5"",""InstanceSeries"":""Ddsv5"",""CoreCount"":4,""MemorySize"":16,""OperatingSystem"":""Linux"",""x_Tenancy"":""Shared""}",/subscriptions/33333333-3333-4333-8333-333333333333/resourceGroups/rg-data-analytics/providers/Microsoft.Compute/virtualMachines/vm-0000243491,vm-0000243491,Virtual Machine,westeurope,West Europe,westeurope-1,/subscriptions/33333333-3333-4333-8333-333333333333/providers/Microsoft.BillingBenefits/reservations/312e13c0c030,AzureReservation-1yr-NoUpfront,Usage,Reservation,Used,1,Hours,,,"{""Environment"":""dev"",""CostCenter"":""cc-1042"",""Owner"":""team-platform""}"
Microsoft Azure,Microsoft,Microsoft Azure,INV-2026-05-000002,8a1b2c3d-0000-4a00-9000-000000000002,ExampleCorp MCA - Secondary,Microsoft Customer Agreement,33333333-3333-4333-8333-333333333333,data-analytics,Subscription,2026-05-01T00:00:00Z,2026-06-01T00:00:00Z,2026-05-03T17:00:00Z,2026-05-03T18:00:00Z,Purchase,,"Reservation commitment, amortised for the charge period",Recurring,0.128064,0,0.128064,0.128064,0.1280640000,0.1280640000,Standard,1,Hours,USD,0.1280640000,0,0.1280640000,USD,,,Virtual Machines,Compute,Virtual Machines,AZ-COMMIT-d84d85,Commitment,AZSP-ab2c0162,"{""x_Term"":""P1Y"",""x_PaymentOption"":""NoUpfront""}",/subscriptions/33333333-3333-4333-8333-333333333333/providers/Microsoft.BillingBenefits/reservations/312e13c0c030,reservations-68b1af89f1,Reservation,westeurope,West Europe,,/subscriptions/33333333-3333-4333-8333-333333333333/providers/Microsoft.BillingBenefits/reservations/312e13c0c030,AzureReservation-1yr-NoUpfront,Usage,Reservation,,1,Hours,,,"{""Environment"":""staging"",""CostCenter"":""cc-1042"",""Owner"":""team-data""}"
Microsoft Azure,Microsoft,Microsoft Azure,INV-2026-05-000002,8a1b2c3d-0000-4a00-9000-000000000002,ExampleCorp MCA - Secondary,Microsoft Customer Agreement,33333333-3333-4333-8333-333333333333,data-analytics,Subscription,2026-05-01T00:00:00Z,2026-06-01T00:00:00Z,2026-05-03T17:00:00Z,2026-05-03T18:00:00Z,Usage,,Virtual Machines committed usage,Usage-Based,0,0.128064,0.192,0.1728,0.1920000000,0.1728000000,Committed,1,Hours,USD,0.1728000000,0.128064,0.1920000000,USD,1,Hours,Virtual Machines,Compute,Virtual Machines,AZ-VIRT-6546f1,Compute,AZSP-03299f85,"{""InstanceType"":""Standard_D4s_v5"",""InstanceSeries"":""Ddsv5"",""CoreCount"":4,""MemorySize"":16,""OperatingSystem"":""Linux"",""x_Tenancy"":""Shared""}",/subscriptions/33333333-3333-4333-8333-333333333333/resourceGroups/rg-data-analytics/providers/Microsoft.Compute/virtualMachines/vm-00019d9365,vm-00019d9365,Virtual Machine,westeurope,West Europe,westeurope-1,/subscriptions/33333333-3333-4333-8333-333333333333/providers/Microsoft.BillingBenefits/reservations/312e13c0c030,AzureReservation-1yr-NoUpfront,Usage,Reservation,Used,1,Hours,,,"{""Environment"":""dev"",""CostCenter"":""cc-2087"",""Owner"":""team-data""}"
Microsoft Azure,Microsoft,Microsoft Azure,INV-2026-05-000002,8a1b2c3d-0000-4a00-9000-000000000002,ExampleCorp MCA - Secondary,Microsoft Customer Agreement,33333333-3333-4333-8333-333333333333,data-analytics,Subscription,2026-05-01T00:00:00Z,2026-06-01T00:00:00Z,2026-05-03T18:00:00Z,2026-05-03T19:00:00Z,Purchase,,"Reservation commitment, amortised for the charge period",Recurring,0.128064,0,0.128064,0.128064,0.1280640000,0.1280640000,Standard,1,Hours,USD,0.1280640000,0,0.1280640000,USD,,,Virtual Machines,Compute,Virtual Machines,AZ-COMMIT-d84d85,Commitment,AZSP-ab2c0162,"{""x_Term"":""P1Y"",""x_PaymentOption"":""NoUpfront""}",/subscriptions/33333333-3333-4333-8333-333333333333/providers/Microsoft.BillingBenefits/reservations/312e13c0c030,reservations-68b1af89f1,Reservation,westeurope,West Europe,,/subscriptions/33333333-3333-4333-8333-333333333333/providers/Microsoft.BillingBenefits/reservations/312e13c0c030,AzureReservation-1yr-NoUpfront,Usage,Reservation,,1,Hours,,,"{""Environment"":""dev"",""CostCenter"":""cc-3110"",""Owner"":""team-data""}"
Microsoft Azure,Microsoft,Microsoft Azure,INV-2026-05-000002,8a1b2c3d-0000-4a00-9000-000000000002,ExampleCorp MCA - Secondary,Microsoft Customer Agreement,33333333-3333-4333-8333-333333333333,data-analytics,Subscription,2026-05-01T00:00:00Z,2026-06-01T00:00:00Z,2026-05-03T18:00:00Z,2026-05-03T19:00:00Z,Usage,,Virtual Machines committed usage,Usage-Based,0,0.128064,0.192,0.1728,0.1920000000,0.1728000000,Committed,1,Hours,USD,0.1728000000,0.128064,0.1920000000,USD,1,Hours,Virtual Machines,Compute,Virtual Machines,AZ-VIRT-47deac,Compute,AZSP-b8dad5eb,"{""InstanceType"":""Standard_D4s_v5"",""InstanceSeries"":""Ddsv5"",""CoreCount"":4,""MemorySize"":16,""OperatingSystem"":""Linux"",""x_Tenancy"":""Shared""}",/subscriptions/33333333-3333-4333-8333-333333333333/resourceGroups/rg-data-analytics/providers/Microsoft.Compute/virtualMachines/vm-0002414421,vm-0002414421,Virtual Machine,westeurope,West Europe,westeurope-1,/subscriptions/33333333-3333-4333-8333-333333333333/providers/Microsoft.BillingBenefits/reservations/312e13c0c030,AzureReservation-1yr-NoUpfront,Usage,Reservation,Used,1,Hours,,,"{""Environment"":""prod"",""CostCenter"":""cc-2087"",""Owner"":""team-data""}"
Microsoft Azure,Microsoft,Microsoft Azure,INV-2026-05-000002,8a1b2c3d-0000-4a00-9000-000000000002,ExampleCorp MCA - Secondary,Microsoft Customer Agreement,33333333-3333-4333-8333-333333333333,data-analytics,Subscription,2026-05-01T00:00:00Z,2026-06-01T00:00:00Z,2026-05-03T19:00:00Z,2026-05-03T20:00:00Z,Purchase,,"Reservation commitment, amortised for the charge period",Recurring,0.128064,0,0.128064,0.128064,0.1280640000,0.1280640000,Standard,1,Hours,USD,0.1280640000,0,0.1280640000,USD,,,Virtual Machines,Compute,Virtual Machines,AZ-COMMIT-d84d85,Commitment,AZSP-ab2c0162,"{""x_Term"":""P1Y"",""x_PaymentOption"":""NoUpfront""}",/subscriptions/33333333-3333-4333-8333-333333333333/providers/Microsoft.BillingBenefits/reservations/312e13c0c030,reservations-68b1af89f1,Reservation,westeurope,West Europe,,/subscriptions/33333333-3333-4333-8333-333333333333/providers/Microsoft.BillingBenefits/reservations/312e13c0c030,AzureReservation-1yr-NoUpfront,Usage,Reservation,,1,Hours,,,"{""Environment"":""staging"",""CostCenter"":""cc-2087"",""Owner"":""team-data""}"
Microsoft Azure,Microsoft,Microsoft Azure,INV-2026-05-000002,8a1b2c3d-0000-4a00-9000-000000000002,ExampleCorp MCA - Secondary,Microsoft Customer Agreement,33333333-3333-4333-8333-333333333333,data-analytics,Subscription,2026-05-01T00:00:00Z,2026-06-01T00:00:00Z,2026-05-03T19:00:00Z,2026-05-03T20:00:00Z,Usage,,Virtual Machines committed usage,Usage-Based,0,0.128064,0.192,0.1728,0.1920000000,0.1728000000,Committed,1,Hours,USD,0.1728000000,0.128064,0.1920000000,USD,1,Hours,Virtual Machines,Compute,Virtual Machines,AZ-VIRT-2014c0,Compute,AZSP-6d6ce5d8,"{""InstanceType"":""Standard_D4s_v5"",""InstanceSeries"":""Ddsv5"",""CoreCount"":4,""MemorySize"":16,""OperatingSystem"":""Linux"",""x_Tenancy"":""Shared""}",/subscriptions/33333333-3333-4333-8333-333333333333/resourceGroups/rg-data-analytics/providers/Microsoft.Compute/virtualMachines/vm-000318c1d7,vm-000318c1d7,Virtual Machine,westeurope,West Europe,westeurope-1,/subscriptions/33333333-3333-4333-8333-333333333333/providers/Microsoft.BillingBenefits/reservations/312e13c0c030,AzureReservation-1yr-NoUpfront,Usage,Reservation,Used,1,Hours,,,"{""Environment"":""staging"",""CostCenter"":""cc-3110"",""Owner"":""team-payments""}"
Microsoft Azure,Microsoft,Microsoft Azure,INV-2026-05-000002,8a1b2c3d-0000-4a00-9000-000000000002,ExampleCorp MCA - Secondary,Microsoft Customer Agreement,33333333-3333-4333-8333-333333333333,data-analytics,Subscription,2026-05-01T00:00:00Z,2026-06-01T00:00:00Z,2026-05-03T20:00:00Z,2026-05-03T21:00:00Z,Purchase,,"Reservation commitment, amortised for the charge period",Recurring,0.128064,0,0.128064,0.128064,0.1280640000,0.1280640000,Standard,1,Hours,USD,0.1280640000,0,0.1280640000,USD,,,Virtual Machines,Compute,Virtual Machines,AZ-COMMIT-d84d85,Commitment,AZSP-ab2c0162,"{""x_Term"":""P1Y"",""x_PaymentOption"":""NoUpfront""}",/subscriptions/33333333-3333-4333-8333-333333333333/providers/Microsoft.BillingBenefits/reservations/312e13c0c030,reservations-68b1af89f1,Reservation,westeurope,West Europe,,/subscriptions/33333333-3333-4333-8333-333333333333/providers/Microsoft.BillingBenefits/reservations/312e13c0c030,AzureReservation-1yr-NoUpfront,Usage,Reservation,,1,Hours,,,"{""Environment"":""dev"",""CostCenter"":""cc-1042"",""Owner"":""team-payments""}"
Microsoft Azure,Microsoft,Microsoft Azure,INV-2026-05-000002,8a1b2c3d-0000-4a00-9000-000000000002,ExampleCorp MCA - Secondary,Microsoft Customer Agreement,33333333-3333-4333-8333-333333333333,data-analytics,Subscription,2026-05-01T00:00:00Z,2026-06-01T00:00:00Z,2026-05-03T20:00:00Z,2026-05-03T21:00:00Z,Usage,,Virtual Machines committed usage,Usage-Based,0,0.128064,0.192,0.1728,0.1920000000,0.1728000000,Committed,1,Hours,USD,0.1728000000,0.128064,0.1920000000,USD,1,Hours,Virtual Machines,Compute,Virtual Machines,AZ-VIRT-bdaf16,Compute,AZSP-9431bedf,"{""InstanceType"":""Standard_D4s_v5"",""InstanceSeries"":""Ddsv5"",""CoreCount"":4,""MemorySize"":16,""OperatingSystem"":""Linux"",""x_Tenancy"":""Shared""}",/subscriptions/33333333-3333-4333-8333-333333333333/resourceGroups/rg-data-analytics/providers/Microsoft.Compute/virtualMachines/vm-0004127108,vm-0004127108,Virtual Machine,westeurope,West Europe,westeurope-1,/subscriptions/33333333-3333-4333-8333-333333333333/providers/Microsoft.BillingBenefits/reservations/312e13c0c030,AzureReservation-1yr-NoUpfront,Usage,Reservation,Used,1,Hours,,,"{""Environment"":""prod"",""CostCenter"":""cc-2087"",""Owner"":""team-platform""}"
Microsoft Azure,Microsoft,Microsoft Azure,INV-2026-05-000002,8a1b2c3d-0000-4a00-9000-000000000002,ExampleCorp MCA - Secondary,Microsoft Customer Agreement,33333333-3333-4333-8333-333333333333,data-analytics,Subscription,2026-05-01T00:00:00Z,2026-06-01T00:00:00Z,2026-05-03T21:00:00Z,2026-05-03T22:00:00Z,Purchase,,"Reservation commitment, amortised for the charge period",Recurring,0.128064,0,0.128064,0.128064,0.1280640000,0.1280640000,Standard,1,Hours,USD,0.1280640000,0,0.1280640000,USD,,,Virtual Machines,Compute,Virtual Machines,AZ-COMMIT-d84d85,Commitment,AZSP-ab2c0162,"{""x_Term"":""P1Y"",""x_PaymentOption"":""NoUpfront""}",/subscriptions/33333333-3333-4333-8333-333333333333/providers/Microsoft.BillingBenefits/reservations/312e13c0c030,reservations-68b1af89f1,Reservation,westeurope,West Europe,,/subscriptions/33333333-3333-4333-8333-333333333333/providers/Microsoft.BillingBenefits/reservations/312e13c0c030,AzureReservation-1yr-NoUpfront,Usage,Reservation,,1,Hours,,,"{""Environment"":""staging"",""CostCenter"":""cc-1042"",""Owner"":""team-payments""}"
Microsoft Azure,Microsoft,Microsoft Azure,INV-2026-05-000002,8a1b2c3d-0000-4a00-9000-000000000002,ExampleCorp MCA - Secondary,Microsoft Customer Agreement,33333333-3333-4333-8333-333333333333,data-analytics,Subscription,2026-05-01T00:00:00Z,2026-06-01T00:00:00Z,2026-05-03T21:00:00Z,2026-05-03T22:00:00Z,Usage,,Virtual Machines committed usage,Usage-Based,0,0.128064,0.192,0.1728,0.1920000000,0.1728000000,Committed,1,Hours,USD,0.1728000000,0.128064,0.1920000000,USD,1,Hours,Virtual Machines,Compute,Virtual Machines,AZ-VIRT-78996d,Compute,AZSP-793e2d88,"{""InstanceType"":""Standard_D4s_v5"",""InstanceSeries"":""Ddsv5"",""CoreCount"":4,""MemorySize"":16,""OperatingSystem"":""Linux"",""x_Tenancy"":""Shared""}",/subscriptions/33333333-3333-4333-8333-333333333333/resourceGroups/rg-data-analytics/providers/Microsoft.Compute/virtualMachines/vm-00053ce571,vm-00053ce571,Virtual Machine,westeurope,West Europe,westeurope-1,/subscriptions/33333333-3333-4333-8333-333333333333/providers/Microsoft.BillingBenefits/reservations/312e13c0c030,AzureReservation-1yr-NoUpfront,Usage,Reservation,Used,1,Hours,,,"{""Environment"":""prod"",""CostCenter"":""cc-3110"",""Owner"":""team-payments""}"
Microsoft Azure,Microsoft,Microsoft Azure,INV-2026-05-000002,8a1b2c3d-0000-4a00-9000-000000000002,ExampleCorp MCA - Secondary,Microsoft Customer Agreement,33333333-3333-4333-8333-333333333333,data-analytics,Subscription,2026-05-01T00:00:00Z,2026-06-01T00:00:00Z,2026-05-03T22:00:00Z,2026-05-03T23:00:00Z,Purchase,,"Reservation commitment, amortised for the charge period",Recurring,0.128064,0,0.128064,0.128064,0.1280640000,0.1280640000,Standard,1,Hours,USD,0.1280640000,0,0.1280640000,USD,,,Virtual Machines,Compute,Virtual Machines,AZ-COMMIT-d84d85,Commitment,AZSP-ab2c0162,"{""x_Term"":""P1Y"",""x_PaymentOption"":""NoUpfront""}",/subscriptions/33333333-3333-4333-8333-333333333333/providers/Microsoft.BillingBenefits/reservations/312e13c0c030,reservations-68b1af89f1,Reservation,westeurope,West Europe,,/subscriptions/33333333-3333-4333-8333-333333333333/providers/Microsoft.BillingBenefits/reservations/312e13c0c030,AzureReservation-1yr-NoUpfront,Usage,Reservation,,1,Hours,,,"{""Environment"":""dev"",""CostCenter"":""cc-2087"",""Owner"":""team-payments""}"
Microsoft Azure,Microsoft,Microsoft Azure,INV-2026-05-000002,8a1b2c3d-0000-4a00-9000-000000000002,ExampleCorp MCA - Secondary,Microsoft Customer Agreement,33333333-3333-4333-8333-333333333333,data-analytics,Subscription,2026-05-01T00:00:00Z,2026-06-01T00:00:00Z,2026-05-03T22:00:00Z,2026-05-03T23:00:00Z,Usage,,Virtual Machines committed usage,Usage-Based,0,0.128064,0.192,0.1728,0.1920000000,0.1728000000,Committed,1,Hours,USD,0.1728000000,0.128064,0.1920000000,USD,1,Hours,Virtual Machines,Compute,Virtual Machines,AZ-VIRT-72d8d0,Compute,AZSP-1da1c701,"{""InstanceType"":""Standard_D4s_v5"",""InstanceSeries"":""Ddsv5"",""CoreCount"":4,""MemorySize"":16,""OperatingSystem"":""Linux"",""x_Tenancy"":""Shared""}",/subscriptions/33333333-3333-4333-8333-333333333333/resourceGroups/rg-data-analytics/providers/Microsoft.Compute/virtualMachines/vm-000663a59d,vm-000663a59d,Virtual Machine,westeurope,West Europe,westeurope-1,/subscriptions/33333333-3333-4333-8333-333333333333/providers/Microsoft.BillingBenefits/reservations/312e13c0c030,AzureReservation-1yr-NoUpfront,Usage,Reservation,Used,1,Hours,,,"{""Environment"":""staging"",""CostCenter"":""cc-3110"",""Owner"":""team-platform""}"
Microsoft Azure,Microsoft,Microsoft Azure,INV-2026-05-000002,8a1b2c3d-0000-4a00-9000-000000000002,ExampleCorp MCA - Secondary,Microsoft Customer Agreement,33333333-3333-4333-8333-333333333333,data-analytics,Subscription,2026-05-01T00:00:00Z,2026-06-01T00:00:00Z,2026-05-03T23:00:00Z,2026-05-04T00:00:00Z,Purchase,,"Reservation commitment, amortised for the charge period",Recurring,0.128064,0,0.128064,0.128064,0.1280640000,0.1280640000,Standard,1,Hours,USD,0.1280640000,0,0.1280640000,USD,,,Virtual Machines,Compute,Virtual Machines,AZ-COMMIT-d84d85,Commitment,AZSP-ab2c0162,"{""x_Term"":""P1Y"",""x_PaymentOption"":""NoUpfront""}",/subscriptions/33333333-3333-4333-8333-333333333333/providers/Microsoft.BillingBenefits/reservations/312e13c0c030,reservations-68b1af89f1,Reservation,westeurope,West Europe,,/subscriptions/33333333-3333-4333-8333-333333333333/providers/Microsoft.BillingBenefits/reservations/312e13c0c030,AzureReservation-1yr-NoUpfront,Usage,Reservation,,1,Hours,,,"{""Environment"":""prod"",""CostCenter"":""cc-3110"",""Owner"":""team-platform""}"
Microsoft Azure,Microsoft,Microsoft Azure,INV-2026-05-000002,8a1b2c3d-0000-4a00-9000-000000000002,ExampleCorp MCA - Secondary,Microsoft Customer Agreement,33333333-3333-4333-8333-333333333333,data-analytics,Subscription,2026-05-01T00:00:00Z,2026-06-01T00:00:00Z,2026-05-03T23:00:00Z,2026-05-04T00:00:00Z,Usage,,Reservation unused commitment,Usage-Based,0,0.128064,0.128064,0.128064,0.1280640000,0.1280640000,Committed,1,Hours,USD,0.1280640000,0.128064,0.1280640000,USD,,,Virtual Machines,Compute,Virtual Machines,AZ-COMMIT-d84d85,Commitment,AZSP-ab2c0162,"{""x_Term"":""P1Y"",""x_PaymentOption"":""NoUpfront""}",/subscriptions/33333333-3333-4333-8333-333333333333/providers/Microsoft.BillingBenefits/reservations/312e13c0c030,reservations-68b1af89f1,Reservation,westeurope,West Europe,,/subscriptions/33333333-3333-4333-8333-333333333333/providers/Microsoft.BillingBenefits/reservations/312e13c0c030,AzureReservation-1yr-NoUpfront,Usage,Reservation,Unused,1,Hours,,,"{""Environment"":""dev"",""CostCenter"":""cc-1042"",""Owner"":""team-platform""}"
Microsoft Azure,Microsoft,Microsoft Azure,INV-2026-05-000002,8a1b2c3d-0000-4a00-9000-000000000002,ExampleCorp MCA - Secondary,Microsoft Customer Agreement,33333333-3333-4333-8333-333333333333,data-analytics,Subscription,2026-05-01T00:00:00Z,2026-06-01T00:00:00Z,2026-05-04T00:00:00Z,2026-05-04T01:00:00Z,Purchase,,"Reservation commitment, amortised for the charge period",Recurring,0.128064,0,0.128064,0.128064,0.1280640000,0.1280640000,Standard,1,Hours,USD,0.1280640000,0,0.1280640000,USD,,,Virtual Machines,Compute,Virtual Machines,AZ-COMMIT-d84d85,Commitment,AZSP-ab2c0162,"{""x_Term"":""P1Y"",""x_PaymentOption"":""NoUpfront""}",/subscriptions/33333333-3333-4333-8333-333333333333/providers/Microsoft.BillingBenefits/reservations/312e13c0c030,reservations-68b1af89f1,Reservation,westeurope,West Europe,,/subscriptions/33333333-3333-4333-8333-333333333333/providers/Microsoft.BillingBenefits/reservations/312e13c0c030,AzureReservation-1yr-NoUpfront,Usage,Reservation,,1,Hours,,,"{""Environment"":""prod"",""CostCenter"":""cc-1042"",""Owner"":""team-platform""}"
Microsoft Azure,Microsoft,Microsoft Azure,INV-2026-05-000002,8a1b2c3d-0000-4a00-9000-000000000002,ExampleCorp MCA - Secondary,Microsoft Customer Agreement,33333333-3333-4333-8333-333333333333,data-analytics,Subscription,2026-05-01T00:00:00Z,2026-06-01T00:00:00Z,2026-05-04T00:00:00Z,2026-05-04T01:00:00Z,Usage,,Reservation unused commitment,Usage-Based,0,0.128064,0.128064,0.128064,0.1280640000,0.1280640000,Committed,1,Hours,USD,0.1280640000,0.128064,0.1280640000,USD,,,Virtual Machines,Compute,Virtual Machines,AZ-COMMIT-d84d85,Commitment,AZSP-ab2c0162,"{""x_Term"":""P1Y"",""x_PaymentOption"":""NoUpfront""}",/subscriptions/33333333-3333-4333-8333-333333333333/providers/Microsoft.BillingBenefits/reservations/312e13c0c030,reservations-68b1af89f1,Reservation,westeurope,West Europe,,/subscriptions/33333333-3333-4333-8333-333333333333/providers/Microsoft.BillingBenefits/reservations/312e13c0c030,AzureReservation-1yr-NoUpfront,Usage,Reservation,Unused,1,Hours,,,"{""Environment"":""staging"",""CostCenter"":""cc-1042"",""Owner"":""team-platform""}"
Microsoft Azure,Microsoft,Microsoft Azure,INV-2026-05-000001,8a1b2c3d-0000-4a00-9000-000000000001,ExampleCorp MCA - Primary,Microsoft Customer Agreement,44444444-4444-4444-8444-444444444444,sandbox-dev,Subscription,2026-05-01T00:00:00Z,2026-06-01T00:00:00Z,2026-05-04T10:00:00Z,2026-05-04T11:00:00Z,Usage,,Standard_D4s_v5 instance,Usage-Based,0.176902886,0.176902886,0.1965587622,0.176902886,0.1965587622,0.1769028860,Standard,1.0000,Hours,USD,0.1769028860,0.176902886,0.1965587622,USD,1.0000,Hours,Virtual Machines,Compute,Virtual Machines,AZ-VIRT-792231,Compute,AZSP-c21a3ea0,"{""InstanceType"":""Standard_D4s_v5"",""InstanceSeries"":""Ddsv5"",""CoreCount"":4,""MemorySize"":16,""OperatingSystem"":""Linux"",""x_Tenancy"":""Shared""}",/subscriptions/44444444-4444-4444-8444-444444444444/resourceGroups/rg-sandbox-dev/providers/Microsoft.Compute/virtualMachines/vm-7fbcb847,vm-7fbcb847,Virtual Machine,westus2,West US 2,westus2-2,,,,,,,,,,"{""Environment"":""staging"",""CostCenter"":""cc-1042"",""Owner"":""team-data""}"
Microsoft Azure,Microsoft,Microsoft Azure,INV-2026-05-000002,8a1b2c3d-0000-4a00-9000-000000000002,ExampleCorp MCA - Secondary,Microsoft Customer Agreement,44444444-4444-4444-8444-444444444444,sandbox-dev,Subscription,2026-05-01T00:00:00Z,2026-06-01T00:00:00Z,2026-05-28T00:00:00Z,2026-05-29T00:00:00Z,Usage,,VNet peering data transfer,Usage-Based,15.31654897754354,15.31654897754354,17.01838771468176,15.31654897754354,0.0099145992,0.0089231393,Standard,1716.4978,GB,USD,0.0089231393,15.31654897754354,0.0099145992,USD,1716.4978,GB,Virtual Network,Networking,Network Connectivity,AZ-VIRT-f0467c,Data Transfer,AZSP-d2ef21d8,"{""x_TransferType"":""Peering""}",/subscriptions/44444444-4444-4444-8444-444444444444/resourceGroups/rg-sandbox-dev/providers/Microsoft.Network/virtualNetworks/vnet-dc55a245,vnet-dc55a245,Virtual Network,westeurope,West Europe,,,,,,,,,,,"{""Environment"":""staging"",""CostCenter"":""cc-3110"",""Owner"":""team-payments""}"
Microsoft Azure,Microsoft,Microsoft Azure,INV-2026-05-000002,8a1b2c3d-0000-4a00-9000-000000000002,ExampleCorp MCA - Secondary,Microsoft Customer Agreement,22222222-2222-4222-8222-222222222222,staging-platform,Subscription,2026-05-01T00:00:00Z,2026-06-01T00:00:00Z,2026-05-01T00:00:00Z,2026-05-02T00:00:00Z,Tax,,Tax for Azure Monitor,One-Time,3.021576,3.021576,3.021576,3.021576,,,,,,,,,,USD,,,Azure Monitor,Management and Governance,Observability,,,,,,,,,,,,,,,,,,,,"{""Environment"":""dev"",""CostCenter"":""cc-1042"",""Owner"":""team-data""}"
Microsoft Azure,Microsoft,Microsoft Azure,INV-2026-05-000001,8a1b2c3d-0000-4a00-9000-000000000001,ExampleCorp MCA - Primary,Microsoft Customer Agreement,33333333-3333-4333-8333-333333333333,data-analytics,Subscription,2026-05-01T00:00:00Z,2026-06-01T00:00:00Z,2026-05-04T13:00:00Z,2026-05-04T14:00:00Z,Usage,,General Purpose 4 vCore,Usage-Based,0.460256466,0.460256466,0.5113960733,0.460256466,0.5113960733,0.4602564660,Standard,1.0000,Hours,USD,0.4602564660,0.460256466,0.5113960733,USD,1.0000,Hours,Azure SQL Database,Databases,Relational Databases,AZ-AZUR-833ee9,Database,AZSP-797e3e47,"{""InstanceType"":""GP_Gen5_4"",""CoreCount"":4,""MemorySize"":20,""x_Engine"":""SQLServer""}",/subscriptions/33333333-3333-4333-8333-333333333333/resourceGroups/rg-data-analytics/providers/Microsoft.Sql/servers/databases/sqldb-9928e3c3,sqldb-9928e3c3,SQL Database,eastus,East US,,,,,,,,,,,"{""Environment"":""dev"",""CostCenter"":""cc-3110"",""Owner"":""team-platform""}"
Microsoft Azure,Microsoft,Microsoft Azure,INV-2026-05-000001,8a1b2c3d-0000-4a00-9000-000000000001,ExampleCorp MCA - Primary,Microsoft Customer Agreement,22222222-2222-4222-8222-222222222222,staging-platform,Subscription,2026-05-01T00:00:00Z,2026-06-01T00:00:00Z,2026-05-03T00:00:00Z,2026-05-04T00:00:00Z,Tax,,Tax for Azure Kubernetes Service,One-Time,26.480329,26.480329,26.480329,26.480329,,,,,,,,,,USD,,,Azure Kubernetes Service,Compute,Containers,,,,,,,,,,,,,,,,,,,,"{""Environment"":""dev"",""CostCenter"":""cc-1042"",""Owner"":""team-payments""}"
Microsoft Azure,Microsoft,Microsoft Azure,INV-2026-05-000001,8a1b2c3d-0000-4a00-9000-000000000001,ExampleCorp MCA - Primary,Microsoft Customer Agreement,44444444-4444-4444-8444-444444444444,sandbox-dev,Subscription,2026-05-01T00:00:00Z,2026-06-01T00:00:00Z,2026-05-04T00:00:00Z,2026-05-05T00:00:00Z,Tax,,Tax for Azure Kubernetes Service,One-Time,43.772307,43.772307,43.772307,43.772307,,,,,,,,,,USD,,,Azure Kubernetes Service,Compute,Containers,,,,,,,,,,,,,,,,,,,,"{""Environment"":""dev"",""CostCenter"":""cc-2087"",""Owner"":""team-platform""}"
Microsoft Azure,Microsoft,Microsoft Azure,INV-2026-05-000001,8a1b2c3d-0000-4a00-9000-000000000001,ExampleCorp MCA - Primary,Microsoft Customer Agreement,44444444-4444-4444-8444-444444444444,sandbox-dev,Subscription,2026-05-01T00:00:00Z,2026-06-01T00:00:00Z,2026-05-05T00:00:00Z,2026-05-06T00:00:00Z,Purchase,,Virtual Network subscription fee,Recurring,350.044682,0,350.044682,350.044682,350.044682,350.044682,Standard,1,Units,USD,350.0446820000,0,350.0446820000,USD,,,Virtual Network,Networking,Network Connectivity,AZ-VIRT-7d4bd0,Data Transfer,AZSP-f8818a0d,"{""x_TransferType"":""Peering""}",/subscriptions/44444444-4444-4444-8444-444444444444/resourceGroups/rg-sandbox-dev/providers/Microsoft.Network/virtualNetworks/vnet-f7ca93fb,vnet-f7ca93fb,Virtual Network,westus2,West US 2,,,,,,,,,,,"{""Environment"":""dev"",""CostCenter"":""cc-2087"",""Owner"":""team-payments""}"
Microsoft Azure,Microsoft,Microsoft Azure,INV-2026-05-000002,8a1b2c3d-0000-4a00-9000-000000000002,ExampleCorp MCA - Secondary,Microsoft Customer Agreement,11111111-1111-4111-8111-111111111111,prod-platform,Subscription,2026-05-01T00:00:00Z,2026-06-01T00:00:00Z,2026-05-04T17:00:00Z,2026-05-04T18:00:00Z,Usage,,General Purpose 4 vCore,Usage-Based,0.4617826594,0.4617826594,0.5130918438,0.4617826594,0.5130918438,0.4617826594,Standard,1.0000,Hours,USD,0.4617826594,0.4617826594,0.5130918438,USD,1.0000,Hours,Azure SQL Database,Databases,Relational Databases,AZ-AZUR-fb2b33,Database,AZSP-976e091b,"{""InstanceType"":""GP_Gen5_4"",""CoreCount"":4,""MemorySize"":20,""x_Engine"":""SQLServer""}",/subscriptions/11111111-1111-4111-8111-111111111111/resourceGroups/rg-prod-platform/providers/Microsoft.Sql/servers/databases/sqldb-88df638f,sqldb-88df638f,SQL Database,westus2,West US 2,,,,,,,,,,,"{""Environment"":""staging"",""CostCenter"":""cc-1042"",""Owner"":""team-data""}"
Microsoft Azure,Microsoft,Microsoft Azure,INV-2026-05-000001,8a1b2c3d-0000-4a00-9000-000000000001,ExampleCorp MCA - Primary,Microsoft Customer Agreement,22222222-2222-4222-8222-222222222222,staging-platform,Subscription,2026-05-01T00:00:00Z,2026-06-01T00:00:00Z,2026-05-07T00:00:00Z,2026-05-08T00:00:00Z,Usage,,VNet peering data transfer,Usage-Based,0.4502080618056,0.4502080618056,0.50023118144076,0.4502080618056,0.0100644467,0.0090580020,Standard,49.7028,GB,USD,0.0090580020,0.4502080618056,0.0100644467,USD,49.7028,GB,Virtual Network,Networking,Network Connectivity,AZ-VIRT-e46283,Data Transfer,AZSP-97873881,"{""x_TransferType"":""Peering""}",/subscriptions/22222222-2222-4222-8222-222222222222/resourceGroups/rg-staging-platform/providers/Microsoft.Network/virtualNetworks/vnet-a3c0a1e4,vnet-a3c0a1e4,Virtual Network,westus2,West US 2,,,,,,,,,,,"{""Environment"":""dev"",""CostCenter"":""cc-1042"",""Owner"":""team-data""}"
Microsoft Azure,Microsoft,Microsoft Azure,INV-2026-05-000001,8a1b2c3d-0000-4a00-9000-000000000001,ExampleCorp MCA - Primary,Microsoft Customer Agreement,33333333-3333-4333-8333-333333333333,data-analytics,Subscription,2026-05-01T00:00:00Z,2026-06-01T00:00:00Z,2026-05-08T00:00:00Z,2026-05-09T00:00:00Z,Usage,,VNet peering data transfer,Usage-Based,11.27681993361701,11.27681993361701,12.52979991214053,11.27681993361701,0.0098733441,0.0088860097,Standard,1269.0533,GB,USD,0.0088860097,11.27681993361701,0.0098733441,USD,1269.0533,GB,Virtual Network,Networking,Network Connectivity,AZ-VIRT-efd18a,Data Transfer,AZSP-dc717ed1,"{""x_TransferType"":""Peering""}",/subscriptions/33333333-3333-4333-8333-333333333333/resourceGroups/rg-data-analytics/providers/Microsoft.Network/virtualNetworks/vnet-9a323a55,vnet-9a323a55,Virtual Network,eastus,East US,,,,,,,,,,,"{""Environment"":""prod"",""CostCenter"":""cc-1042"",""Owner"":""team-data""}"
Microsoft Azure,Microsoft,Microsoft Azure,INV-2026-05-000001,8a1b2c3d-0000-4a00-9000-000000000001,ExampleCorp MCA - Primary,Microsoft Customer Agreement,22222222-2222-4222-8222-222222222222,staging-platform,Subscription,2026-05-01T00:00:00Z,2026-06-01T00:00:00Z,2026-05-04T20:00:00Z,2026-05-04T21:00:00Z,Usage,,Provisioned throughput,Usage-Based,0.007037797,0.007037797,0.0078197744,0.007037797,0.0078197744,0.0070377970,Standard,1.0000,Hours,USD,0.0070377970,0.007037797,0.0078197744,USD,1.0000,Hours,Azure Cosmos DB,Databases,NoSQL Databases,AZ-AZUR-92e0f8,Database,AZSP-3b730cf6,"{""x_CapacityMode"":""Provisioned""}",/subscriptions/22222222-2222-4222-8222-222222222222/resourceGroups/rg-staging-platform/providers/Microsoft.DocumentDB/databaseAccounts/cosmos-680675db,cosmos-680675db,Cosmos DB Account,eastus,East US,,,,,,,,,,,"{""Environment"":""dev"",""CostCenter"":""cc-1042"",""Owner"":""team-payments""}"
Microsoft Azure,Microsoft,Microsoft Azure,INV-2026-05-000001,8a1b2c3d-0000-4a00-9000-000000000001,ExampleCorp MCA - Primary,Microsoft Customer Agreement,11111111-1111-4111-8111-111111111111,prod-platform,Subscription,2026-05-01T00:00:00Z,2026-06-01T00:00:00Z,2026-05-10T00:00:00Z,2026-05-11T00:00:00Z,Purchase,,Azure Functions subscription fee,Recurring,178.512940,0,178.512940,178.512940,178.512940,178.512940,Standard,1,Units,USD,178.5129400000,0,178.5129400000,USD,,,Azure Functions,Compute,Serverless Compute,AZ-AZUR-d4616d,Compute,AZSP-2d58cff0,"{""x_Plan"":""Consumption"",""x_Runtime"":""dotnet8""}",/subscriptions/11111111-1111-4111-8111-111111111111/resourceGroups/rg-prod-platform/providers/Microsoft.Web/sites/func-434ab8ef,func-434ab8ef,Function App,westus2,West US 2,,,,,,,,,,,"{""Environment"":""prod"",""CostCenter"":""cc-1042"",""Owner"":""team-data""}"
Microsoft Azure,Microsoft,Microsoft Azure,INV-2026-05-000002,8a1b2c3d-0000-4a00-9000-000000000002,ExampleCorp MCA - Secondary,Microsoft Customer Agreement,33333333-3333-4333-8333-333333333333,data-analytics,Subscription,2026-05-01T00:00:00Z,2026-06-01T00:00:00Z,2026-05-04T22:00:00Z,2026-05-04T23:00:00Z,Usage,,AKS node pool hours,Usage-Based,0.1698026729,0.1698026729,0.1886696365,0.1698026729,0.1886696365,0.1698026729,Standard,1.0000,Hours,USD,0.1698026729,0.1698026729,0.1886696365,USD,1.0000,Hours,Azure Kubernetes Service,Compute,Containers,AZ-AZUR-9de826,Compute,AZSP-8ea879dc,"{""InstanceType"":""Standard_D4s_v5"",""CoreCount"":4,""MemorySize"":16,""x_NodePool"":""system""}",/subscriptions/33333333-3333-4333-8333-333333333333/resourceGroups/rg-data-analytics/providers/Microsoft.ContainerService/managedClusters/aks-af0af710,aks-af0af710,Managed Cluster,eastus,East US,,,,,,,,,,,"{""Environment"":""staging"",""CostCenter"":""cc-1042"",""Owner"":""team-payments""}"
Microsoft Azure,Microsoft,Microsoft Azure,INV-2026-05-000001,8a1b2c3d-0000-4a00-9000-000000000001,ExampleCorp MCA - Primary,Microsoft Customer Agreement,44444444-4444-4444-8444-444444444444,sandbox-dev,Subscription,2026-05-01T00:00:00Z,2026-06-01T00:00:00Z,2026-05-04T23:00:00Z,2026-05-05T00:00:00Z,Usage,,Provisioned throughput,Usage-Based,0.0070537136,0.0070537136,0.0078374596,0.0070537136,0.0078374596,0.0070537136,Standard,1.0000,Hours,USD,0.0070537136,0.0070537136,0.0078374596,USD,1.0000,Hours,Azure Cosmos DB,Databases,NoSQL Databases,AZ-AZUR-0f9007,Database,AZSP-6765902a,"{""x_CapacityMode"":""Provisioned""}",/subscriptions/44444444-4444-4444-8444-444444444444/resourceGroups/rg-sandbox-dev/providers/Microsoft.DocumentDB/databaseAccounts/cosmos-e020ee3e,cosmos-e020ee3e,Cosmos DB Account,westeurope,West Europe,,,,,,,,,,,"{""Environment"":""dev"",""CostCenter"":""cc-2087"",""Owner"":""team-platform""}"
Microsoft Azure,Microsoft,Microsoft Azure,INV-2026-05-000001,8a1b2c3d-0000-4a00-9000-000000000001,ExampleCorp MCA - Primary,Microsoft Customer Agreement,22222222-2222-4222-8222-222222222222,staging-platform,Subscription,2026-05-01T00:00:00Z,2026-06-01T00:00:00Z,2026-05-05T00:00:00Z,2026-05-05T01:00:00Z,Usage,,AKS node pool hours,Usage-Based,0.1721590474,0.1721590474,0.1912878304,0.1721590474,0.1912878304,0.1721590474,Standard,1.0000,Hours,USD,0.1721590474,0.1721590474,0.1912878304,USD,1.0000,Hours,Azure Kubernetes Service,Compute,Containers,AZ-AZUR-b0fa1d,Compute,AZSP-3b5e9b40,"{""InstanceType"":""Standard_D4s_v5"",""CoreCount"":4,""MemorySize"":16,""x_NodePool"":""system""}",/subscriptions/22222222-2222-4222-8222-222222222222/resourceGroups/rg-staging-platform/providers/Microsoft.ContainerService/managedClusters/aks-89584899,aks-89584899,Managed Cluster,westus2,West US 2,,,,,,,,,,,"{""Environment"":""dev"",""CostCenter"":""cc-2087"",""Owner"":""team-platform""}"
Microsoft Azure,Microsoft,Microsoft Azure,INV-2026-05-000001,8a1b2c3d-0000-4a00-9000-000000000001,ExampleCorp MCA - Primary,Microsoft Customer Agreement,11111111-1111-4111-8111-111111111111,prod-platform,Subscription,2026-05-01T00:00:00Z,2026-06-01T00:00:00Z,2026-05-05T01:00:00Z,2026-05-05T02:00:00Z,Usage,,Standard_D4s_v5 instance,Usage-Based,0.1685176044,0.1685176044,0.1872417827,0.1685176044,0.1872417827,0.1685176044,Standard,1.0000,Hours,USD,0.1685176044,0.1685176044,0.1872417827,USD,1.0000,Hours,Virtual Machines,Compute,Virtual Machines,AZ-VIRT-f5a2fb,Compute,AZSP-ebcce536,"{""InstanceType"":""Standard_D4s_v5"",""InstanceSeries"":""Ddsv5"",""CoreCount"":4,""MemorySize"":16,""OperatingSystem"":""Linux"",""x_Tenancy"":""Shared""}",/subscriptions/11111111-1111-4111-8111-111111111111/resourceGroups/rg-prod-platform/providers/Microsoft.Compute/virtualMachines/vm-8c344279,vm-8c344279,Virtual Machine,westus2,West US 2,westus2-2,,,,,,,,,,"{""Environment"":""prod"",""CostCenter"":""cc-2087"",""Owner"":""team-payments""}"
Microsoft Azure,Microsoft,Microsoft Azure,INV-2026-05-000002,8a1b2c3d-0000-4a00-9000-000000000002,ExampleCorp MCA - Secondary,Microsoft Customer Agreement,44444444-4444-4444-8444-444444444444,sandbox-dev,Subscription,2026-05-01T00:00:00Z,2026-06-01T00:00:00Z,2026-05-15T00:00:00Z,2026-05-16T00:00:00Z,Usage,,VNet peering data transfer,Usage-Based,28.6137601155974,28.6137601155974,31.79306683005515,28.6137601155974,0.0101083649,0.0090975284,Standard,3145.2235,GB,USD,0.0090975284,28.6137601155974,0.0101083649,USD,3145.2235,GB,Virtual Network,Networking,Network Connectivity,AZ-VIRT-7be410,Data Transfer,AZSP-89552345,"{""x_TransferType"":""Peering""}",/subscriptions/44444444-4444-4444-8444-444444444444/resourceGroups/rg-sandbox-dev/providers/Microsoft.Network/virtualNetworks/vnet-3af2f7c0,vnet-3af2f7c0,Virtual Network,westus2,West US 2,,,,,,,,,,,"{""Environment"":""prod"",""CostCenter"":""cc-3110"",""Owner"":""team-platform""}"
Microsoft Azure,Microsoft,Microsoft Azure,INV-2026-05-000001,8a1b2c3d-0000-4a00-9000-000000000001,ExampleCorp MCA - Primary,Microsoft Customer Agreement,33333333-3333-4333-8333-333333333333,data-analytics,Subscription,2026-05-01T00:00:00Z,2026-06-01T00:00:00Z,2026-05-05T03:00:00Z,2026-05-05T04:00:00Z,Usage,,Function execution duration,Usage-Based,44.10332057111615,44.10332057111615,49.0038243925997,44.10332057111615,0.0000161486,0.0000145337,Standard,3034555.5895,GB-Seconds,USD,0.0000145337,44.10332057111615,0.0000161486,USD,3034555.5895,GB-Seconds,Azure Functions,Compute,Serverless Compute,AZ-AZUR-9d4ad3,Compute,AZSP-1208bc29,"{""x_Plan"":""Consumption"",""x_Runtime"":""dotnet8""}",/subscriptions/33333333-3333-4333-8333-333333333333/resourceGroups/rg-data-analytics/providers/Microsoft.Web/sites/func-649a7f41,func-649a7f41,Function App,eastus,East US,,,,,,,,,,,"{""Environment"":""dev"",""CostCenter"":""cc-3110"",""Owner"":""team-data""}"
Microsoft Azure,Microsoft,Microsoft Azure,INV-2026-05-000001,8a1b2c3d-0000-4a00-9000-000000000001,ExampleCorp MCA - Primary,Microsoft Customer Agreement,11111111-1111-4111-8111-111111111111,prod-platform,Subscription,2026-05-01T00:00:00Z,2026-06-01T00:00:00Z,2026-05-01T00:00:00Z,2026-06-01T00:00:00Z,Usage,,Hot LRS data stored,Usage-Based,46.99496382145856,46.99496382145856,52.21662643763008,46.99496382145856,0.0189249041,0.0170324137,Standard,2759.1488,GB-Months,USD,0.0170324137,46.99496382145856,0.0189249041,USD,2759.1488,GB-Months,Azure Blob Storage,Storage,Object Storage,AZ-AZUR-96665a,Storage,AZSP-eed86602,"{""x_StorageClass"":""Hot"",""x_Redundancy"":""LRS""}",/subscriptions/11111111-1111-4111-8111-111111111111/resourceGroups/rg-prod-platform/providers/Microsoft.Storage/storageAccounts/storcdbc691a,storcdbc691a,Storage Account,westeurope,West Europe,,,,,,,,,,,"{""Environment"":""dev"",""CostCenter"":""cc-1042"",""Owner"":""team-data""}"
Microsoft Azure,Microsoft,Microsoft Azure,INV-2026-05-000002,8a1b2c3d-0000-4a00-9000-000000000002,ExampleCorp MCA - Secondary,Microsoft Customer Agreement,44444444-4444-4444-8444-444444444444,sandbox-dev,Subscription,2026-05-01T00:00:00Z,2026-06-01T00:00:00Z,2026-05-18T00:00:00Z,2026-05-19T00:00:00Z,Usage,,Log data ingested,Usage-Based,365.73883192662122,365.73883192662122,406.37647991462726,365.73883192662122,2.3512490282,2.1161241254,Standard,172.8343,GB,USD,2.1161241254,365.73883192662122,2.3512490282,USD,172.8343,GB,Azure Monitor,Management and Governance,Observability,AZ-AZUR-5c0a69,Monitoring,AZSP-a9f1c9d3,"{""x_DataType"":""Logs""}",/subscriptions/44444444-4444-4444-8444-444444444444/resourceGroups/rg-sandbox-dev/providers/Microsoft.OperationalInsights/workspaces/law-7798a17a,law-7798a17a,Log Analytics Workspace,eastus,East US,,,,,,,,,,,"{""Environment"":""prod"",""CostCenter"":""cc-2087"",""Owner"":""team-payments""}"
Microsoft Azure,Microsoft,Microsoft Azure,INV-2026-05-000001,8a1b2c3d-0000-4a00-9000-000000000001,ExampleCorp MCA - Primary,Microsoft Customer Agreement,11111111-1111-4111-8111-111111111111,prod-platform,Subscription,2026-05-01T00:00:00Z,2026-06-01T00:00:00Z,2026-05-01T00:00:00Z,2026-06-01T00:00:00Z,Usage,,Hot LRS data stored,Usage-Based,122.10994172767362,122.10994172767362,135.67771278158321,122.10994172767362,0.0181509673,0.0163358706,Standard,7474.9577,GB-Months,USD,0.0163358706,122.10994172767362,0.0181509673,USD,7474.9577,GB-Months,Azure Blob Storage,Storage,Object Storage,AZ-AZUR-bb9a32,Storage,AZSP-a0449555,"{""x_StorageClass"":""Hot"",""x_Redundancy"":""LRS""}",/subscriptions/11111111-1111-4111-8111-111111111111/resourceGroups/rg-prod-platform/providers/Microsoft.Storage/storageAccounts/storb5dd8db7,storb5dd8db7,Storage Account,westus2,West US 2,,,,,,,,,,,"{""Environment"":""prod"",""CostCenter"":""cc-3110"",""Owner"":""team-platform""}"
Microsoft Azure,Microsoft,Microsoft Azure,INV-2026-05-000001,8a1b2c3d-0000-4a00-9000-000000000001,ExampleCorp MCA - Primary,Microsoft Customer Agreement,22222222-2222-4222-8222-222222222222,staging-platform,Subscription,2026-05-01T00:00:00Z,2026-06-01T00:00:00Z,2026-05-05T07:00:00Z,2026-05-05T08:00:00Z,Usage,,Provisioned throughput,Usage-Based,0.0071699573,0.0071699573,0.0079666192,0.0071699573,0.0079666192,0.0071699573,Standard,1.0000,Hours,USD,0.0071699573,0.0071699573,0.0079666192,USD,1.0000,Hours,Azure Cosmos DB,Databases,NoSQL Databases,AZ-AZUR-1c04d1,Database,AZSP-80f9686f,"{""x_CapacityMode"":""Provisioned""}",/subscriptions/22222222-2222-4222-8222-222222222222/resourceGroups/rg-staging-platform/providers/Microsoft.DocumentDB/databaseAccounts/cosmos-0f879b9a,cosmos-0f879b9a,Cosmos DB Account,southeastasia,Southeast Asia,,,,,,,,,,,"{""Environment"":""prod"",""CostCenter"":""cc-2087"",""Owner"":""team-data""}"
Microsoft Azure,Microsoft,Microsoft Azure,INV-2026-05-000002,8a1b2c3d-0000-4a00-9000-000000000002,ExampleCorp MCA - Secondary,Microsoft Customer Agreement,33333333-3333-4333-8333-333333333333,data-analytics,Subscription,2026-05-01T00:00:00Z,2026-06-01T00:00:00Z,2026-05-05T08:00:00Z,2026-05-05T09:00:00Z,Usage,,General Purpose 4 vCore,Usage-Based,0.4609245266,0.4609245266,0.5121383629,0.4609245266,0.5121383629,0.4609245266,Standard,1.0000,Hours,USD,0.4609245266,0.4609245266,0.5121383629,USD,1.0000,Hours,Azure SQL Database,Databases,Relational Databases,AZ-AZUR-04bbd7,Database,AZSP-e632e46e,"{""InstanceType"":""GP_Gen5_4"",""CoreCount"":4,""MemorySize"":20,""x_Engine"":""SQLServer""}",/subscriptions/33333333-3333-4333-8333-333333333333/resourceGroups/rg-data-analytics/providers/Microsoft.Sql/servers/databases/sqldb-38f100f7,sqldb-38f100f7,SQL Database,westeurope,West Europe,,,,,,,,,,,"{""Environment"":""prod"",""CostCenter"":""cc-3110"",""Owner"":""team-payments""}"
Microsoft Azure,Microsoft,Microsoft Azure,INV-2026-05-000002,8a1b2c3d-0000-4a00-9000-000000000002,ExampleCorp MCA - Secondary,Microsoft Customer Agreement,44444444-4444-4444-8444-444444444444,sandbox-dev,Subscription,2026-05-01T00:00:00Z,2026-06-01T00:00:00Z,2026-05-22T00:00:00Z,2026-05-23T00:00:00Z,Usage,,Log data ingested,Usage-Based,914.52887456507952,914.52887456507952,1016.14319397129408,914.52887456507952,2.2369316308,2.0132384677,Standard,454.2576,GB,USD,2.0132384677,914.52887456507952,2.2369316308,USD,454.2576,GB,Azure Monitor,Management and Governance,Observability,AZ-AZUR-a33290,Monitoring,AZSP-6db94eea,"{""x_DataType"":""Logs""}",/subscriptions/44444444-4444-4444-8444-444444444444/resourceGroups/rg-sandbox-dev/providers/Microsoft.OperationalInsights/workspaces/law-5ab2478b,law-5ab2478b,Log Analytics Workspace,eastus,East US,,,,,,,,,,,"{""Environment"":""dev"",""CostCenter"":""cc-1042"",""Owner"":""team-data""}"
Microsoft Azure,Microsoft,Microsoft Azure,INV-2026-05-000002,8a1b2c3d-0000-4a00-9000-000000000002,ExampleCorp MCA - Secondary,Microsoft Customer Agreement,33333333-3333-4333-8333-333333333333,data-analytics,Subscription,2026-05-01T00:00:00Z,2026-06-01T00:00:00Z,2026-05-23T00:00:00Z,2026-05-24T00:00:00Z,Usage,,VNet peering data transfer,Usage-Based,30.9755180411258,30.9755180411258,34.4172421166738,30.9755180411258,0.0101138404,0.0091024564,Standard,3402.9845,GB,USD,0.0091024564,30.9755180411258,0.0101138404,USD,3402.9845,GB,Virtual Network,Networking,Network Connectivity,AZ-VIRT-d89ff7,Data Transfer,AZSP-4019c842,"{""x_TransferType"":""Peering""}",/subscriptions/33333333-3333-4333-8333-333333333333/resourceGroups/rg-data-analytics/providers/Microsoft.Network/virtualNetworks/vnet-4c86f44f,vnet-4c86f44f,Virtual Network,westus2,West US 2,,,,,,,,,,,"{""Environment"":""dev"",""CostCenter"":""cc-2087"",""Owner"":""team-data""}"
Microsoft Azure,Microsoft,Microsoft Azure,INV-2026-05-000002,8a1b2c3d-0000-4a00-9000-000000000002,ExampleCorp MCA - Secondary,Microsoft Customer Agreement,33333333-3333-4333-8333-333333333333,data-analytics,Subscription,2026-05-01T00:00:00Z,2026-06-01T00:00:00Z,2026-05-05T11:00:00Z,2026-05-05T12:00:00Z,Usage,,General Purpose 4 vCore,Usage-Based,0.4642848255,0.4642848255,0.5158720283,0.4642848255,0.5158720283,0.4642848255,Standard,1.0000,Hours,USD,0.4642848255,0.4642848255,0.5158720283,USD,1.0000,Hours,Azure SQL Database,Databases,Relational Databases,AZ-AZUR-6ee6de,Database,AZSP-bea18515,"{""InstanceType"":""GP_Gen5_4"",""CoreCount"":4,""MemorySize"":20,""x_Engine"":""SQLServer""}",/subscriptions/33333333-3333-4333-8333-333333333333/resourceGroups/rg-data-analytics/providers/Microsoft.Sql/servers/databases/sqldb-c7e8648c,sqldb-c7e8648c,SQL Database,southeastasia,Southeast Asia,,,,,,,,,,,"{""Environment"":""dev"",""CostCenter"":""cc-1042"",""Owner"":""team-platform""}"
Microsoft Azure,Microsoft,Microsoft Azure,INV-2026-05-000002,8a1b2c3d-0000-4a00-9000-000000000002,ExampleCorp MCA - Secondary,Microsoft Customer Agreement,22222222-2222-4222-8222-222222222222,staging-platform,Subscription,2026-05-01T00:00:00Z,2026-06-01T00:00:00Z,2026-05-05T12:00:00Z,2026-05-05T13:00:00Z,Usage,,General Purpose 4 vCore,Usage-Based,0.4522411933,0.4522411933,0.5024902148,0.4522411933,0.5024902148,0.4522411933,Standard,1.0000,Hours,USD,0.4522411933,0.4522411933,0.5024902148,USD,1.0000,Hours,Azure SQL Database,Databases,Relational Databases,AZ-AZUR-6775a1,Database,AZSP-2e4b607d,"{""InstanceType"":""GP_Gen5_4"",""CoreCount"":4,""MemorySize"":20,""x_Engine"":""SQLServer""}",/subscriptions/22222222-2222-4222-8222-222222222222/resourceGroups/rg-staging-platform/providers/Microsoft.Sql/servers/databases/sqldb-6d56606a,sqldb-6d56606a,SQL Database,southeastasia,Southeast Asia,,,,,,,,,,,"{""Environment"":""staging"",""CostCenter"":""cc-2087"",""Owner"":""team-platform""}"
Microsoft Azure,Microsoft,Microsoft Azure,INV-2026-05-000002,8a1b2c3d-0000-4a00-9000-000000000002,ExampleCorp MCA - Secondary,Microsoft Customer Agreement,22222222-2222-4222-8222-222222222222,staging-platform,Subscription,2026-05-01T00:00:00Z,2026-06-01T00:00:00Z,2026-05-05T13:00:00Z,2026-05-05T14:00:00Z,Usage,,AKS node pool hours,Usage-Based,0.1769004092,0.1769004092,0.1965560102,0.1769004092,0.1965560102,0.1769004092,Standard,1.0000,Hours,USD,0.1769004092,0.1769004092,0.1965560102,USD,1.0000,Hours,Azure Kubernetes Service,Compute,Containers,AZ-AZUR-afce97,Compute,AZSP-1701103f,"{""InstanceType"":""Standard_D4s_v5"",""CoreCount"":4,""MemorySize"":16,""x_NodePool"":""system""}",/subscriptions/22222222-2222-4222-8222-222222222222/resourceGroups/rg-staging-platform/providers/Microsoft.ContainerService/managedClusters/aks-1efdf385,aks-1efdf385,Managed Cluster,westeurope,West Europe,,,,,,,,,,,"{""Environment"":""dev"",""CostCenter"":""cc-3110"",""Owner"":""team-data""}"
Microsoft Azure,Microsoft,Microsoft Azure,INV-2026-05-000001,8a1b2c3d-0000-4a00-9000-000000000001,ExampleCorp MCA - Primary,Microsoft Customer Agreement,22222222-2222-4222-8222-222222222222,staging-platform,Subscription,2026-05-01T00:00:00Z,2026-06-01T00:00:00Z,2026-05-01T00:00:00Z,2026-06-01T00:00:00Z,Usage,,Hot LRS data stored,Usage-Based,18.91976785575798,18.91976785575798,21.02196427115577,18.91976785575798,0.0179402171,0.0161461954,Standard,1171.7787,GB-Months,USD,0.0161461954,18.91976785575798,0.0179402171,USD,1171.7787,GB-Months,Azure Blob Storage,Storage,Object Storage,AZ-AZUR-34d490,Storage,AZSP-edd29b3f,"{""x_StorageClass"":""Hot"",""x_Redundancy"":""LRS""}",/subscriptions/22222222-2222-4222-8222-222222222222/resourceGroups/rg-staging-platform/providers/Microsoft.Storage/storageAccounts/storf36fa95e,storf36fa95e,Storage Account,eastus,East US,,,,,,,,,,,"{""Environment"":""prod"",""CostCenter"":""cc-1042"",""Owner"":""team-payments""}"
Microsoft Azure,Microsoft,Microsoft Azure,INV-2026-05-000001,8a1b2c3d-0000-4a00-9000-000000000001,ExampleCorp MCA - Primary,Microsoft Customer Agreement,22222222-2222-4222-8222-222222222222,staging-platform,Subscription,2026-05-01T00:00:00Z,2026-06-01T00:00:00Z,2026-05-05T15:00:00Z,2026-05-05T16:00:00Z,Usage,,Standard_D4s_v5 instance,Usage-Based,0.1730539337,0.1730539337,0.1922821485,0.1730539337,0.1922821485,0.1730539337,Standard,1.0000,Hours,USD,0.1730539337,0.1730539337,0.1922821485,USD,1.0000,Hours,Virtual Machines,Compute,Virtual Machines,AZ-VIRT-79b730,Compute,AZSP-a9212176,"{""InstanceType"":""Standard_D4s_v5"",""InstanceSeries"":""Ddsv5"",""CoreCount"":4,""MemorySize"":16,""OperatingSystem"":""Linux"",""x_Tenancy"":""Shared""}",/subscriptions/22222222-2222-4222-8222-222222222222/resourceGroups/rg-staging-platform/providers/Microsoft.Compute/virtualMachines/vm-11be80cf,vm-11be80cf,Virtual Machine,eastus,East US,eastus-2,,,,,,,,,,"{""Environment"":""prod"",""CostCenter"":""cc-1042"",""Owner"":""team-data""}"
Microsoft Azure,Microsoft,Microsoft Azure,INV-2026-05-000002,8a1b2c3d-0000-4a00-9000-000000000002,ExampleCorp MCA - Secondary,Microsoft Customer Agreement,33333333-3333-4333-8333-333333333333,data-analytics,Subscription,2026-05-01T00:00:00Z,2026-06-01T00:00:00Z,2026-05-05T16:00:00Z,2026-05-05T17:00:00Z,Usage,,AKS node pool hours,Usage-Based,0.1699190552,0.1699190552,0.1887989502,0.1699190552,0.1887989502,0.1699190552,Standard,1.0000,Hours,USD,0.1699190552,0.1699190552,0.1887989502,USD,1.0000,Hours,Azure Kubernetes Service,Compute,Containers,AZ-AZUR-960620,Compute,AZSP-1b74e5e1,"{""InstanceType"":""Standard_D4s_v5"",""CoreCount"":4,""MemorySize"":16,""x_NodePool"":""system""}",/subscriptions/33333333-3333-4333-8333-333333333333/resourceGroups/rg-data-analytics/providers/Microsoft.ContainerService/managedClusters/aks-da6eaad7,aks-da6eaad7,Managed Cluster,westus2,West US 2,,,,,,,,,,,"{""Environment"":""staging"",""CostCenter"":""cc-3110"",""Owner"":""team-platform""}"
Microsoft Azure,Microsoft,Microsoft Azure,INV-2026-05-000002,8a1b2c3d-0000-4a00-9000-000000000002,ExampleCorp MCA - Secondary,Microsoft Customer Agreement,44444444-4444-4444-8444-444444444444,sandbox-dev,Subscription,2026-05-01T00:00:00Z,2026-06-01T00:00:00Z,2026-05-05T17:00:00Z,2026-05-05T18:00:00Z,Usage,,General Purpose 4 vCore,Usage-Based,0.4464275607,0.4464275607,0.496030623,0.4464275607,0.4960306230,0.4464275607,Standard,1.0000,Hours,USD,0.4464275607,0.4464275607,0.4960306230,USD,1.0000,Hours,Azure SQL Database,Databases,Relational Databases,AZ-AZUR-7296cc,Database,AZSP-92f54eee,"{""InstanceType"":""GP_Gen5_4"",""CoreCount"":4,""MemorySize"":20,""x_Engine"":""SQLServer""}",/subscriptions/44444444-4444-4444-8444-444444444444/resourceGroups/rg-sandbox-dev/providers/Microsoft.Sql/servers/databases/sqldb-71d4f8c6,sqldb-71d4f8c6,SQL Database,southeastasia,Southeast Asia,,,,,,,,,,,"{""Environment"":""dev"",""CostCenter"":""cc-3110"",""Owner"":""team-payments""}"
Microsoft Azure,Microsoft,Microsoft Azure,INV-2026-05-000002,8a1b2c3d-0000-4a00-9000-000000000002,ExampleCorp MCA - Secondary,Microsoft Customer Agreement,44444444-4444-4444-8444-444444444444,sandbox-dev,Subscription,2026-05-01T00:00:00Z,2026-06-01T00:00:00Z,2026-05-03T00:00:00Z,2026-05-04T00:00:00Z,Tax,,Tax for Azure Blob Storage,One-Time,5.433887,5.433887,5.433887,5.433887,,,,,,,,,,USD,,,Azure Blob Storage,Storage,Object Storage,,,,,,,,,,,,,,,,,,,,"{""Environment"":""dev"",""CostCenter"":""cc-2087"",""Owner"":""team-payments""}"
Microsoft Azure,Microsoft,Microsoft Azure,INV-2026-05-000001,8a1b2c3d-0000-4a00-9000-000000000001,ExampleCorp MCA - Primary,Microsoft Customer Agreement,44444444-4444-4444-8444-444444444444,sandbox-dev,Subscription,2026-05-01T00:00:00Z,2026-06-01T00:00:00Z,2026-05-05T19:00:00Z,2026-05-05T20:00:00Z,Usage,,Function execution duration,Usage-Based,26.2908562525303,26.2908562525303,29.2121023167208,26.2908562525303,0.0000163048,0.0000146743,Standard,1791625.9210,GB-Seconds,USD,0.0000146743,26.2908562525303,0.0000163048,USD,1791625.9210,GB-Seconds,Azure Functions,Compute,Serverless Compute,AZ-AZUR-b93e96,Compute,AZSP-7060b176,"{""x_Plan"":""Consumption"",""x_Runtime"":""dotnet8""}",/subscriptions/44444444-4444-4444-8444-444444444444/resourceGroups/rg-sandbox-dev/providers/Microsoft.Web/sites/func-2b2d2966,func-2b2d2966,Function App,westeurope,West Europe,,,,,,,,,,,"{""Environment"":""prod"",""CostCenter"":""cc-2087"",""Owner"":""team-payments""}"
Microsoft Azure,Microsoft,Microsoft Azure,INV-2026-05-000002,8a1b2c3d-0000-4a00-9000-000000000002,ExampleCorp MCA - Secondary,Microsoft Customer Agreement,33333333-3333-4333-8333-333333333333,data-analytics,Subscription,2026-05-01T00:00:00Z,2026-06-01T00:00:00Z,2026-05-01T00:00:00Z,2026-06-01T00:00:00Z,Usage,,Hot LRS data stored,Usage-Based,75.3717620164385,75.3717620164385,83.7464023431489,75.3717620164385,0.0181278078,0.0163150270,Standard,4619.7755,GB-Months,USD,0.0163150270,75.3717620164385,0.0181278078,USD,4619.7755,GB-Months,Azure Blob Storage,Storage,Object Storage,AZ-AZUR-fec6ae,Storage,AZSP-0d0aa29c,"{""x_StorageClass"":""Hot"",""x_Redundancy"":""LRS""}",/subscriptions/33333333-3333-4333-8333-333333333333/resourceGroups/rg-data-analytics/providers/Microsoft.Storage/storageAccounts/stor02a2ad49,stor02a2ad49,Storage Account,westus2,West US 2,,,,,,,,,,,"{""Environment"":""prod"",""CostCenter"":""cc-1042"",""Owner"":""team-data""}"
Microsoft Azure,Microsoft,Microsoft Azure,INV-2026-05-000002,8a1b2c3d-0000-4a00-9000-000000000002,ExampleCorp MCA - Secondary,Microsoft Customer Agreement,11111111-1111-4111-8111-111111111111,prod-platform,Subscription,2026-05-01T00:00:00Z,2026-06-01T00:00:00Z,2026-05-05T21:00:00Z,2026-05-05T22:00:00Z,Usage,,Provisioned throughput,Usage-Based,0.0073011176,0.0073011176,0.0081123529,0.0073011176,0.0081123529,0.0073011176,Standard,1.0000,Hours,USD,0.0073011176,0.0073011176,0.0081123529,USD,1.0000,Hours,Azure Cosmos DB,Databases,NoSQL Databases,AZ-AZUR-25ea9f,Database,AZSP-c13e42f4,"{""x_CapacityMode"":""Provisioned""}",/subscriptions/11111111-1111-4111-8111-111111111111/resourceGroups/rg-prod-platform/providers/Microsoft.DocumentDB/databaseAccounts/cosmos-311889c4,cosmos-311889c4,Cosmos DB Account,westeurope,West Europe,,,,,,,,,,,"{""Environment"":""staging"",""CostCenter"":""cc-2087"",""Owner"":""team-data""}"
Microsoft Azure,Microsoft,Microsoft Azure,INV-2026-05-000002,8a1b2c3d-0000-4a00-9000-000000000002,ExampleCorp MCA - Secondary,Microsoft Customer Agreement,11111111-1111-4111-8111-111111111111,prod-platform,Subscription,2026-05-01T00:00:00Z,2026-06-01T00:00:00Z,2026-05-05T22:00:00Z,2026-05-05T23:00:00Z,Usage,,Provisioned throughput,Usage-Based,0.0070366014,0.0070366014,0.007818446,0.0070366014,0.0078184460,0.0070366014,Standard,1.0000,Hours,USD,0.0070366014,0.0070366014,0.0078184460,USD,1.0000,Hours,Azure Cosmos DB,Databases,NoSQL Databases,AZ-AZUR-8fca8d,Database,AZSP-be91893c,"{""x_CapacityMode"":""Provisioned""}",/subscriptions/11111111-1111-4111-8111-111111111111/resourceGroups/rg-prod-platform/providers/Microsoft.DocumentDB/databaseAccounts/cosmos-0fcbcfa6,cosmos-0fcbcfa6,Cosmos DB Account,westeurope,West Europe,,,,,,,,,,,"{""Environment"":""prod"",""CostCenter"":""cc-1042"",""Owner"":""team-platform""}"
Microsoft Azure,Microsoft,Microsoft Azure,INV-2026-05-000001,8a1b2c3d-0000-4a00-9000-000000000001,ExampleCorp MCA - Primary,Microsoft Customer Agreement,33333333-3333-4333-8333-333333333333,data-analytics,Subscription,2026-05-01T00:00:00Z,2026-06-01T00:00:00Z,2026-05-05T23:00:00Z,2026-05-06T00:00:00Z,Usage,,Function execution duration,Usage-Based,32.58793221925347,32.58793221925347,36.20891458275354,32.58793221925347,0.0000159326,0.0000143393,Standard,2272630.6179,GB-Seconds,USD,0.0000143393,32.58793221925347,0.0000159326,USD,2272630.6179,GB-Seconds,Azure Functions,Compute,Serverless Compute,AZ-AZUR-379607,Compute,AZSP-09c3cbdd,"{""x_Plan"":""Consumption"",""x_Runtime"":""dotnet8""}",/subscriptions/33333333-3333-4333-8333-333333333333/resourceGroups/rg-data-analytics/providers/Microsoft.Web/sites/func-2dfd2f59,func-2dfd2f59,Function App,eastus,East US,,,,,,,,,,,"{""Environment"":""prod"",""CostCenter"":""cc-1042"",""Owner"":""team-payments""}"
Microsoft Azure,Microsoft,Microsoft Azure,INV-2026-05-000001,8a1b2c3d-0000-4a00-9000-000000000001,ExampleCorp MCA - Primary,Microsoft Customer Agreement,33333333-3333-4333-8333-333333333333,data-analytics,Subscription,2026-05-01T00:00:00Z,2026-06-01T00:00:00Z,2026-05-01T00:00:00Z,2026-06-01T00:00:00Z,Usage,,Hot LRS data stored,Usage-Based,21.60699229374312,21.60699229374312,24.00776925823848,21.60699229374312,0.0186243837,0.0167619453,Standard,1289.0504,GB-Months,USD,0.0167619453,21.60699229374312,0.0186243837,USD,1289.0504,GB-Months,Azure Blob Storage,Storage,Object Storage,AZ-AZUR-716095,Storage,AZSP-7c9afe98,"{""x_StorageClass"":""Hot"",""x_Redundancy"":""LRS""}",/subscriptions/33333333-3333-4333-8333-333333333333/resourceGroups/rg-data-analytics/providers/Microsoft.Storage/storageAccounts/storba250bfb,storba250bfb,Storage Account,southeastasia,Southeast Asia,,,,,,,,,,,"{""Environment"":""dev"",""CostCenter"":""cc-2087"",""Owner"":""team-payments""}"
Microsoft Azure,Microsoft,Microsoft Azure,INV-2026-05-000002,8a1b2c3d-0000-4a00-9000-000000000002,ExampleCorp MCA - Secondary,Microsoft Customer Agreement,33333333-3333-4333-8333-333333333333,data-analytics,Subscription,2026-05-01T00:00:00Z,2026-06-01T00:00:00Z,2026-05-06T01:00:00Z,2026-05-06T02:00:00Z,Usage,,AKS node pool hours,Usage-Based,0.1726107836,0.1726107836,0.1917897595,0.1726107836,0.1917897595,0.1726107836,Standard,1.0000,Hours,USD,0.1726107836,0.1726107836,0.1917897595,USD,1.0000,Hours,Azure Kubernetes Service,Compute,Containers,AZ-AZUR-2276d2,Compute,AZSP-4ceb2b14,"{""InstanceType"":""Standard_D4s_v5"",""CoreCount"":4,""MemorySize"":16,""x_NodePool"":""system""}",/subscriptions/33333333-3333-4333-8333-333333333333/resourceGroups/rg-data-analytics/providers/Microsoft.ContainerService/managedClusters/aks-0e4f0785,aks-0e4f0785,Managed Cluster,southeastasia,Southeast Asia,,,,,,,,,,,"{""Environment"":""prod"",""CostCenter"":""cc-2087"",""Owner"":""team-payments""}"
Microsoft Azure,Microsoft,Microsoft Azure,INV-2026-05-000002,8a1b2c3d-0000-4a00-9000-000000000002,ExampleCorp MCA - Secondary,Microsoft Customer Agreement,44444444-4444-4444-8444-444444444444,sandbox-dev,Subscription,2026-05-01T00:00:00Z,2026-06-01T00:00:00Z,2026-05-11T00:00:00Z,2026-05-12T00:00:00Z,Usage,,VNet peering data transfer,Usage-Based,18.695008311668,18.695008311668,20.7722314111982,18.695008311668,0.0099891422,0.0089902280,Standard,2079.4810,GB,USD,0.0089902280,18.695008311668,0.0099891422,USD,2079.4810,GB,Virtual Network,Networking,Network Connectivity,AZ-VIRT-455465,Data Transfer,AZSP-e0a457db,"{""x_TransferType"":""Peering""}",/subscriptions/44444444-4444-4444-8444-444444444444/resourceGroups/rg-sandbox-dev/providers/Microsoft.Network/virtualNetworks/vnet-9cb22eea,vnet-9cb22eea,Virtual Network,westus2,West US 2,,,,,,,,,,,"{""Environment"":""dev"",""CostCenter"":""cc-1042"",""Owner"":""team-platform""}"
Microsoft Azure,Microsoft,Microsoft Azure,INV-2026-05-000001,8a1b2c3d-0000-4a00-9000-000000000001,ExampleCorp MCA - Primary,Microsoft Customer Agreement,33333333-3333-4333-8333-333333333333,data-analytics,Subscription,2026-05-01T00:00:00Z,2026-06-01T00:00:00Z,2026-05-06T03:00:00Z,2026-05-06T04:00:00Z,Usage,,General Purpose 4 vCore,Usage-Based,0.453495452,0.453495452,0.5038838355,0.453495452,0.5038838355,0.4534954520,Standard,1.0000,Hours,USD,0.4534954520,0.453495452,0.5038838355,USD,1.0000,Hours,Azure SQL Database,Databases,Relational Databases,AZ-AZUR-839f17,Database,AZSP-806a5d85,"{""InstanceType"":""GP_Gen5_4"",""CoreCount"":4,""MemorySize"":20,""x_Engine"":""SQLServer""}",/subscriptions/33333333-3333-4333-8333-333333333333/resourceGroups/rg-data-analytics/providers/Microsoft.Sql/servers/databases/sqldb-d7acf755,sqldb-d7acf755,SQL Database,westeurope,West Europe,,,,,,,,,,,"{""Environment"":""dev"",""CostCenter"":""cc-1042"",""Owner"":""team-payments""}"
Microsoft Azure,Microsoft,Microsoft Azure,INV-2026-05-000002,8a1b2c3d-0000-4a00-9000-000000000002,ExampleCorp MCA - Secondary,Microsoft Customer Agreement,33333333-3333-4333-8333-333333333333,data-analytics,Subscription,2026-05-01T00:00:00Z,2026-06-01T00:00:00Z,2026-05-06T04:00:00Z,2026-05-06T05:00:00Z,Usage,,AKS node pool hours,Usage-Based,0.1715392997,0.1715392997,0.1905992219,0.1715392997,0.1905992219,0.1715392997,Standard,1.0000,Hours,EUR,0.1578161557,0.157816155724,0.1753512841,USD,1.0000,Hours,Azure Kubernetes Service,Compute,Containers,AZ-AZUR-636741,Compute,AZSP-7bcad9f3,"{""InstanceType"":""Standard_D4s_v5"",""CoreCount"":4,""MemorySize"":16,""x_NodePool"":""system""}",/subscriptions/33333333-3333-4333-8333-333333333333/resourceGroups/rg-data-analytics/providers/Microsoft.ContainerService/managedClusters/aks-48efc2ca,aks-48efc2ca,Managed Cluster,westeurope,West Europe,,,,,,,,,,,"{""Environment"":""dev"",""CostCenter"":""cc-2087"",""Owner"":""team-payments""}"
Microsoft Azure,Microsoft,Microsoft Azure,INV-2026-05-000001,8a1b2c3d-0000-4a00-9000-000000000001,ExampleCorp MCA - Primary,Microsoft Customer Agreement,33333333-3333-4333-8333-333333333333,data-analytics,Subscription,2026-05-01T00:00:00Z,2026-06-01T00:00:00Z,2026-05-01T00:00:00Z,2026-06-01T00:00:00Z,Usage,,Hot LRS data stored,Usage-Based,26.3565326648988,26.3565326648988,29.285036294332,26.3565326648988,0.0178543300,0.0160688970,Standard,1640.2204,GB-Months,USD,0.0160688970,26.3565326648988,0.0178543300,USD,1640.2204,GB-Months,Azure Blob Storage,Storage,Object Storage,AZ-AZUR-0843fd,Storage,AZSP-b0e8bb2c,"{""x_StorageClass"":""Hot"",""x_Redundancy"":""LRS""}",/subscriptions/33333333-3333-4333-8333-333333333333/resourceGroups/rg-data-analytics/providers/Microsoft.Storage/storageAccounts/stor7552c843,stor7552c843,Storage Account,southeastasia,Southeast Asia,,,,,,,,,,,"{""Environment"":""staging"",""CostCenter"":""cc-2087"",""Owner"":""team-payments""}"
Microsoft Azure,Microsoft,Microsoft Azure,INV-2026-05-000001,8a1b2c3d-0000-4a00-9000-000000000001,ExampleCorp MCA - Primary,Microsoft Customer Agreement,11111111-1111-4111-8111-111111111111,prod-platform,Subscription,2026-05-01T00:00:00Z,2026-06-01T00:00:00Z,2026-05-15T00:00:00Z,2026-05-16T00:00:00Z,Tax,,Tax for Azure Monitor,One-Time,1.608871,1.608871,1.608871,1.608871,,,,,,,,,,USD,,,Azure Monitor,Management and Governance,Observability,,,,,,,,,,,,,,,,,,,,"{""Environment"":""prod"",""CostCenter"":""cc-2087"",""Owner"":""team-payments""}"
Microsoft Azure,Microsoft,Microsoft Azure,INV-2026-05-000002,8a1b2c3d-0000-4a00-9000-000000000002,ExampleCorp MCA - Secondary,Microsoft Customer Agreement,22222222-2222-4222-8222-222222222222,staging-platform,Subscription,2026-05-01T00:00:00Z,2026-06-01T00:00:00Z,2026-05-06T07:00:00Z,2026-05-06T08:00:00Z,Usage,,Provisioned throughput,Usage-Based,0.0070716965,0.0070716965,0.0078574406,0.0070716965,0.0078574406,0.0070716965,Standard,1.0000,Hours,USD,0.0070716965,0.0070716965,0.0078574406,USD,1.0000,Hours,Azure Cosmos DB,Databases,NoSQL Databases,AZ-AZUR-2cc84b,Database,AZSP-615406d2,"{""x_CapacityMode"":""Provisioned""}",/subscriptions/22222222-2222-4222-8222-222222222222/resourceGroups/rg-staging-platform/providers/Microsoft.DocumentDB/databaseAccounts/cosmos-34c98678,cosmos-34c98678,Cosmos DB Account,westus2,West US 2,,,,,,,,,,,"{""Environment"":""prod"",""CostCenter"":""cc-1042"",""Owner"":""team-data""}"
Microsoft Azure,Microsoft,Microsoft Azure,INV-2026-05-000002,8a1b2c3d-0000-4a00-9000-000000000002,ExampleCorp MCA - Secondary,Microsoft Customer Agreement,33333333-3333-4333-8333-333333333333,data-analytics,Subscription,2026-05-01T00:00:00Z,2026-06-01T00:00:00Z,2026-05-17T00:00:00Z,2026-05-18T00:00:00Z,Usage,,Log data ingested,Usage-Based,61.30527347940714,61.30527347940714,68.11697053099665,61.30527347940714,2.2552973215,2.0297675894,Standard,30.2031,GB,USD,2.0297675894,61.30527347940714,2.2552973215,USD,30.2031,GB,Azure Monitor,Management and Governance,Observability,AZ-AZUR-f2e731,Monitoring,AZSP-bdb2e9ae,"{""x_DataType"":""Logs""}",/subscriptions/33333333-3333-4333-8333-333333333333/resourceGroups/rg-data-analytics/providers/Microsoft.OperationalInsights/workspaces/law-d46a0aac,law-d46a0aac,Log Analytics Workspace,southeastasia,Southeast Asia,,,,,,,,,,,"{""Environment"":""prod"",""CostCenter"":""cc-2087"",""Owner"":""team-payments""}"
Microsoft Azure,Microsoft,Microsoft Azure,INV-2026-05-000002,8a1b2c3d-0000-4a00-9000-000000000002,ExampleCorp MCA - Secondary,Microsoft Customer Agreement,44444444-4444-4444-8444-444444444444,sandbox-dev,Subscription,2026-05-01T00:00:00Z,2026-06-01T00:00:00Z,2026-05-06T09:00:00Z,2026-05-06T10:00:00Z,Usage,,AKS node pool hours,Usage-Based,0.1696951748,0.1696951748,0.1885501942,0.1696951748,0.1885501942,0.1696951748,Standard,1.0000,Hours,USD,0.1696951748,0.1696951748,0.1885501942,USD,1.0000,Hours,Azure Kubernetes Service,Compute,Containers,AZ-AZUR-822c13,Compute,AZSP-cf13c6a1,"{""InstanceType"":""Standard_D4s_v5"",""CoreCount"":4,""MemorySize"":16,""x_NodePool"":""system""}",/subscriptions/44444444-4444-4444-8444-444444444444/resourceGroups/rg-sandbox-dev/providers/Microsoft.ContainerService/managedClusters/aks-22439869,aks-22439869,Managed Cluster,southeastasia,Southeast Asia,,,,,,,,,,,"{""Environment"":""dev"",""CostCenter"":""cc-1042"",""Owner"":""team-platform""}"
Microsoft Azure,Microsoft,Microsoft Azure,INV-2026-05-000001,8a1b2c3d-0000-4a00-9000-000000000001,ExampleCorp MCA - Primary,Microsoft Customer Agreement,11111111-1111-4111-8111-111111111111,prod-platform,Subscription,2026-05-01T00:00:00Z,2026-06-01T00:00:00Z,2026-05-01T00:00:00Z,2026-06-01T00:00:00Z,Usage,,Hot LRS data stored,Usage-Based,119.38377859188752,119.38377859188752,132.64864255497792,119.38377859188752,0.0181457304,0.0163311574,Standard,7310.1848,GB-Months,USD,0.0163311574,119.38377859188752,0.0181457304,USD,7310.1848,GB-Months,Azure Blob Storage,Storage,Object Storage,AZ-AZUR-a4e884,Storage,AZSP-90c4696e,"{""x_StorageClass"":""Hot"",""x_Redundancy"":""LRS""}",/subscriptions/11111111-1111-4111-8111-111111111111/resourceGroups/rg-prod-platform/providers/Microsoft.Storage/storageAccounts/store93093b2,store93093b2,Storage Account,southeastasia,Southeast Asia,,,,,,,,,,,"{""Environment"":""prod"",""CostCenter"":""cc-1042"",""Owner"":""team-payments""}"
Microsoft Azure,Microsoft,Microsoft Azure,INV-2026-05-000001,8a1b2c3d-0000-4a00-9000-000000000001,ExampleCorp MCA - Primary,Microsoft Customer Agreement,44444444-4444-4444-8444-444444444444,sandbox-dev,Subscription,2026-05-01T00:00:00Z,2026-06-01T00:00:00Z,2026-05-20T00:00:00Z,2026-05-21T00:00:00Z,Usage,,VNet peering data transfer,Usage-Based,42.69992867538671,42.69992867538671,47.44436508690476,42.69992867538671,0.0097649852,0.0087884867,Standard,4858.6213,GB,USD,0.0087884867,42.69992867538671,0.0097649852,USD,4858.6213,GB,Virtual Network,Networking,Network Connectivity,AZ-VIRT-5f4270,Data Transfer,AZSP-834d863d,"{""x_TransferType"":""Peering""}",/subscriptions/44444444-4444-4444-8444-444444444444/resourceGroups/rg-sandbox-dev/providers/Microsoft.Network/virtualNetworks/vnet-b0f068d1,vnet-b0f068d1,Virtual Network,eastus,East US,,,,,,,,,,,"{""Environment"":""dev"",""CostCenter"":""cc-2087"",""Owner"":""team-data""}"
Microsoft Azure,Microsoft,Microsoft Azure,INV-2026-05-000001,8a1b2c3d-0000-4a00-9000-000000000001,ExampleCorp MCA - Primary,Microsoft Customer Agreement,33333333-3333-4333-8333-333333333333,data-analytics,Subscription,2026-05-01T00:00:00Z,2026-06-01T00:00:00Z,2026-05-21T00:00:00Z,2026-05-22T00:00:00Z,Purchase,,Azure Kubernetes Service subscription fee,Recurring,25.908032,0,25.908032,25.908032,25.908032,25.908032,Standard,1,Units,USD,25.9080320000,0,25.9080320000,USD,,,Azure Kubernetes Service,Compute,Containers,AZ-AZUR-47da60,Compute,AZSP-efa3c2ac,"{""InstanceType"":""Standard_D4s_v5"",""CoreCount"":4,""MemorySize"":16,""x_NodePool"":""system""}",/subscriptions/33333333-3333-4333-8333-333333333333/resourceGroups/rg-data-analytics/providers/Microsoft.ContainerService/managedClusters/aks-6a30a22d,aks-6a30a22d,Managed Cluster,eastus,East US,,,,,,,,,,,"{""Environment"":""prod"",""CostCenter"":""cc-3110"",""Owner"":""team-platform""}"
Microsoft Azure,Microsoft,Microsoft Azure,INV-2026-05-000002,8a1b2c3d-0000-4a00-9000-000000000002,ExampleCorp MCA - Secondary,Microsoft Customer Agreement,11111111-1111-4111-8111-111111111111,prod-platform,Subscription,2026-05-01T00:00:00Z,2026-06-01T00:00:00Z,2026-05-06T13:00:00Z,2026-05-06T14:00:00Z,Usage,,Function execution duration,Usage-Based,21.42473875932105,21.42473875932105,23.8052330812098,21.42473875932105,0.0000164252,0.0000147827,Standard,1449311.6115,GB-Seconds,EUR,0.0000136001,19.710759658575366,0.0000151112,USD,1449311.6115,GB-Seconds,Azure Functions,Compute,Serverless Compute,AZ-AZUR-185812,Compute,AZSP-63f52406,"{""x_Plan"":""Consumption"",""x_Runtime"":""dotnet8""}",/subscriptions/11111111-1111-4111-8111-111111111111/resourceGroups/rg-prod-platform/providers/Microsoft.Web/sites/func-972f26db,func-972f26db,Function App,eastus,East US,,,,,,,,,,,"{""Environment"":""dev"",""CostCenter"":""cc-3110"",""Owner"":""team-data""}"
Microsoft Azure,Microsoft,Microsoft Azure,INV-2026-05-000001,8a1b2c3d-0000-4a00-9000-000000000001,ExampleCorp MCA - Primary,Microsoft Customer Agreement,22222222-2222-4222-8222-222222222222,staging-platform,Subscription,2026-05-01T00:00:00Z,2026-06-01T00:00:00Z,2026-05-06T14:00:00Z,2026-05-06T15:00:00Z,Usage,,AKS node pool hours,Usage-Based,0.1686115114,0.1686115114,0.1873461238,0.1686115114,0.1873461238,0.1686115114,Standard,1.0000,Hours,USD,0.1686115114,0.1686115114,0.1873461238,USD,1.0000,Hours,Azure Kubernetes Service,Compute,Containers,AZ-AZUR-cc10a0,Compute,AZSP-8d80d52b,"{""InstanceType"":""Standard_D4s_v5"",""CoreCount"":4,""MemorySize"":16,""x_NodePool"":""system""}",/subscriptions/22222222-2222-4222-8222-222222222222/resourceGroups/rg-staging-platform/providers/Microsoft.ContainerService/managedClusters/aks-aa1df25b,aks-aa1df25b,Managed Cluster,westus2,West US 2,,,,,,,,,,,"{""Environment"":""prod"",""CostCenter"":""cc-1042"",""Owner"":""team-data""}"
Microsoft Azure,Microsoft,Microsoft Azure,INV-2026-05-000001,8a1b2c3d-0000-4a00-9000-000000000001,ExampleCorp MCA - Primary,Microsoft Customer Agreement,33333333-3333-4333-8333-333333333333,data-analytics,Subscription,2026-05-01T00:00:00Z,2026-06-01T00:00:00Z,2026-05-06T15:00:00Z,2026-05-06T16:00:00Z,Usage,,Function execution duration,Usage-Based,25.54353114137734,25.54353114137734,28.38162228423704,25.54353114137734,0.0000159704,0.0000143734,Standard,1777139.1001,GB-Seconds,EUR,0.0000132235,23.5000486500671528,0.0000146928,USD,1777139.1001,GB-Seconds,Azure Functions,Compute,Serverless Compute,AZ-AZUR-36c5be,Compute,AZSP-7854dbae,"{""x_Plan"":""Consumption"",""x_Runtime"":""dotnet8""}",/subscriptions/33333333-3333-4333-8333-333333333333/resourceGroups/rg-data-analytics/providers/Microsoft.Web/sites/func-ab90c22a,func-ab90c22a,Function App,westeurope,West Europe,,,,,,,,,,,"{""Environment"":""prod"",""CostCenter"":""cc-3110"",""Owner"":""team-payments""}"
Microsoft Azure,Microsoft,Microsoft Azure,INV-2026-05-000001,8a1b2c3d-0000-4a00-9000-000000000001,ExampleCorp MCA - Primary,Microsoft Customer Agreement,33333333-3333-4333-8333-333333333333,data-analytics,Subscription,2026-05-01T00:00:00Z,2026-06-01T00:00:00Z,2026-05-06T16:00:00Z,2026-05-06T17:00:00Z,Usage,,AKS node pool hours,Usage-Based,0.1706713286,0.1706713286,0.1896348095,0.1706713286,0.1896348095,0.1706713286,Standard,1.0000,Hours,USD,0.1706713286,0.1706713286,0.1896348095,USD,1.0000,Hours,Azure Kubernetes Service,Compute,Containers,AZ-AZUR-7a38b7,Compute,AZSP-045fc3de,"{""InstanceType"":""Standard_D4s_v5"",""CoreCount"":4,""MemorySize"":16,""x_NodePool"":""system""}",/subscriptions/33333333-3333-4333-8333-333333333333/resourceGroups/rg-data-analytics/providers/Microsoft.ContainerService/managedClusters/aks-9088c101,aks-9088c101,Managed Cluster,eastus,East US,,,,,,,,,,,"{""Environment"":""staging"",""CostCenter"":""cc-2087"",""Owner"":""team-data""}"
Microsoft Azure,Microsoft,Microsoft Azure,INV-2026-05-000001,8a1b2c3d-0000-4a00-9000-000000000001,ExampleCorp MCA - Primary,Microsoft Customer Agreement,44444444-4444-4444-8444-444444444444,sandbox-dev,Subscription,2026-05-01T00:00:00Z,2026-06-01T00:00:00Z,2026-05-01T00:00:00Z,2026-06-01T00:00:00Z,Usage,,Hot LRS data stored,Usage-Based,51.73818020251488,51.73818020251488,57.4868668916832,51.73818020251488,0.0179074880,0.0161167392,Standard,3210.2139,GB-Months,USD,0.0161167392,51.73818020251488,0.0179074880,USD,3210.2139,GB-Months,Azure Blob Storage,Storage,Object Storage,AZ-AZUR-12b505,Storage,AZSP-3781619f,"{""x_StorageClass"":""Hot"",""x_Redundancy"":""LRS""}",/subscriptions/44444444-4444-4444-8444-444444444444/resourceGroups/rg-sandbox-dev/providers/Microsoft.Storage/storageAccounts/stor7921e014,stor7921e014,Storage Account,westeurope,West Europe,,,,,,,,,,,"{""Environment"":""dev"",""CostCenter"":""cc-3110"",""Owner"":""team-payments""}"
Microsoft Azure,Microsoft,Microsoft Azure,INV-2026-05-000001,8a1b2c3d-0000-4a00-9000-000000000001,ExampleCorp MCA - Primary,Microsoft Customer Agreement,44444444-4444-4444-8444-444444444444,sandbox-dev,Subscription,2026-05-01T00:00:00Z,2026-06-01T00:00:00Z,2026-05-06T18:00:00Z,2026-05-06T19:00:00Z,Usage,,Function execution duration,Usage-Based,39.18566672286574,39.18566672286574,43.53956762294722,39.18566672286574,0.0000155882,0.0000140294,Standard,2793110.6621,GB-Seconds,USD,0.0000140294,39.18566672286574,0.0000155882,USD,2793110.6621,GB-Seconds,Azure Functions,Compute,Serverless Compute,AZ-AZUR-be54a0,Compute,AZSP-c783773c,"{""x_Plan"":""Consumption"",""x_Runtime"":""dotnet8""}",/subscriptions/44444444-4444-4444-8444-444444444444/resourceGroups/rg-sandbox-dev/providers/Microsoft.Web/sites/func-cfad03f1,func-cfad03f1,Function App,eastus,East US,,,,,,,,,,,"{""Environment"":""dev"",""CostCenter"":""cc-3110"",""Owner"":""team-platform""}"
Microsoft Azure,Microsoft,Microsoft Azure,INV-2026-05-000002,8a1b2c3d-0000-4a00-9000-000000000002,ExampleCorp MCA - Secondary,Microsoft Customer Agreement,11111111-1111-4111-8111-111111111111,prod-platform,Subscription,2026-05-01T00:00:00Z,2026-06-01T00:00:00Z,2026-05-06T19:00:00Z,2026-05-06T20:00:00Z,Usage,,Provisioned throughput,Usage-Based,0.0073296851,0.0073296851,0.0081440946,0.0073296851,0.0081440946,0.0073296851,Standard,1.0000,Hours,USD,0.0073296851,0.0073296851,0.0081440946,USD,1.0000,Hours,Azure Cosmos DB,Databases,NoSQL Databases,AZ-AZUR-705bbb,Database,AZSP-ff16d42a,"{""x_CapacityMode"":""Provisioned""}",/subscriptions/11111111-1111-4111-8111-111111111111/resourceGroups/rg-prod-platform/providers/Microsoft.DocumentDB/databaseAccounts/cosmos-fe5a09fb,cosmos-fe5a09fb,Cosmos DB Account,westeurope,West Europe,,,,,,,,,,,"{""Environment"":""prod"",""CostCenter"":""cc-3110"",""Owner"":""team-platform""}"
Microsoft Azure,Microsoft,Microsoft Azure,INV-2026-05-000002,8a1b2c3d-0000-4a00-9000-000000000002,ExampleCorp MCA - Secondary,Microsoft Customer Agreement,44444444-4444-4444-8444-444444444444,sandbox-dev,Subscription,2026-05-01T00:00:00Z,2026-06-01T00:00:00Z,2026-05-06T20:00:00Z,2026-05-06T21:00:00Z,Usage,,Provisioned throughput,Usage-Based,0.007092147,0.007092147,0.0078801633,0.007092147,0.0078801633,0.0070921470,Standard,1.0000,Hours,USD,0.0070921470,0.007092147,0.0078801633,USD,1.0000,Hours,Azure Cosmos DB,Databases,NoSQL Databases,AZ-AZUR-f60f4f,Database,AZSP-a19d6f66,"{""x_CapacityMode"":""Provisioned""}",/subscriptions/44444444-4444-4444-8444-444444444444/resourceGroups/rg-sandbox-dev/providers/Microsoft.DocumentDB/databaseAccounts/cosmos-be9afc41,cosmos-be9afc41,Cosmos DB Account,eastus,East US,,,,,,,,,,,"{""Environment"":""staging"",""CostCenter"":""cc-2087"",""Owner"":""team-payments""}"
Microsoft Azure,Microsoft,Microsoft Azure,INV-2026-05-000001,8a1b2c3d-0000-4a00-9000-000000000001,ExampleCorp MCA - Primary,Microsoft Customer Agreement,22222222-2222-4222-8222-222222222222,staging-platform,Subscription,2026-05-01T00:00:00Z,2026-06-01T00:00:00Z,2026-05-06T21:00:00Z,2026-05-06T22:00:00Z,Usage,,General Purpose 4 vCore,Usage-Based,0.4565589239,0.4565589239,0.5072876932,0.4565589239,0.5072876932,0.4565589239,Standard,1.0000,Hours,USD,0.4565589239,0.4565589239,0.5072876932,USD,1.0000,Hours,Azure SQL Database,Databases,Relational Databases,AZ-AZUR-714430,Database,AZSP-d7c12a70,"{""InstanceType"":""GP_Gen5_4"",""CoreCount"":4,""MemorySize"":20,""x_Engine"":""SQLServer""}",/subscriptions/22222222-2222-4222-8222-222222222222/resourceGroups/rg-staging-platform/providers/Microsoft.Sql/servers/databases/sqldb-7d7304c8,sqldb-7d7304c8,SQL Database,southeastasia,Southeast Asia,,,,,,,,,,,"{""Environment"":""dev"",""CostCenter"":""cc-1042"",""Owner"":""team-platform""}"
Microsoft Azure,Microsoft,Microsoft Azure,INV-2026-05-000002,8a1b2c3d-0000-4a00-9000-000000000002,ExampleCorp MCA - Secondary,Microsoft Customer Agreement,33333333-3333-4333-8333-333333333333,data-analytics,Subscription,2026-05-01T00:00:00Z,2026-06-01T00:00:00Z,2026-05-03T00:00:00Z,2026-05-04T00:00:00Z,Usage,,Log data ingested,Usage-Based,484.2948229958223,484.2948229958223,538.105358884247,484.2948229958223,2.3128847540,2.0815962786,Standard,232.6555,GB,USD,2.0815962786,484.2948229958223,2.3128847540,USD,232.6555,GB,Azure Monitor,Management and Governance,Observability,AZ-AZUR-1ca76a,Monitoring,AZSP-517a54e4,"{""x_DataType"":""Logs""}",/subscriptions/33333333-3333-4333-8333-333333333333/resourceGroups/rg-data-analytics/providers/Microsoft.OperationalInsights/workspaces/law-755cee69,law-755cee69,Log Analytics Workspace,eastus,East US,,,,,,,,,,,"{""Environment"":""dev"",""CostCenter"":""cc-3110"",""Owner"":""team-payments""}"
Microsoft Azure,Microsoft,Microsoft Azure,INV-2026-05-000001,8a1b2c3d-0000-4a00-9000-000000000001,ExampleCorp MCA - Primary,Microsoft Customer Agreement,22222222-2222-4222-8222-222222222222,staging-platform,Subscription,2026-05-01T00:00:00Z,2026-06-01T00:00:00Z,2026-05-06T23:00:00Z,2026-05-07T00:00:00Z,Usage,,Provisioned throughput,Usage-Based,0.0071549606,0.0071549606,0.0079499562,0.0071549606,0.0079499562,0.0071549606,Standard,1.0000,Hours,USD,0.0071549606,0.0071549606,0.0079499562,USD,1.0000,Hours,Azure Cosmos DB,Databases,NoSQL Databases,AZ-AZUR-b2409c,Database,AZSP-c25d55bf,"{""x_CapacityMode"":""Provisioned""}",/subscriptions/22222222-2222-4222-8222-222222222222/resourceGroups/rg-staging-platform/providers/Microsoft.DocumentDB/databaseAccounts/cosmos-56dcf6cd,cosmos-56dcf6cd,Cosmos DB Account,southeastasia,Southeast Asia,,,,,,,,,,,"{""Environment"":""prod"",""CostCenter"":""cc-1042"",""Owner"":""team-data""}"
Microsoft Azure,Microsoft,Microsoft Azure,INV-2026-05-000002,8a1b2c3d-0000-4a00-9000-000000000002,ExampleCorp MCA - Secondary,Microsoft Customer Agreement,33333333-3333-4333-8333-333333333333,data-analytics,Subscription,2026-05-01T00:00:00Z,2026-06-01T00:00:00Z,2026-05-05T00:00:00Z,2026-05-06T00:00:00Z,Purchase,,Virtual Network subscription fee,Recurring,100.776062,0,100.776062,100.776062,100.776062,100.776062,Standard,1,Units,USD,100.7760620000,0,100.7760620000,USD,,,Virtual Network,Networking,Network Connectivity,AZ-VIRT-6fce3b,Data Transfer,AZSP-66b82d98,"{""x_TransferType"":""Peering""}",/subscriptions/33333333-3333-4333-8333-333333333333/resourceGroups/rg-data-analytics/providers/Microsoft.Network/virtualNetworks/vnet-52ec7208,vnet-52ec7208,Virtual Network,southeastasia,Southeast Asia,,,,,,,,,,,"{""Environment"":""staging"",""CostCenter"":""cc-2087"",""Owner"":""team-platform""}"
Microsoft Azure,Microsoft,Microsoft Azure,INV-2026-05-000001,8a1b2c3d-0000-4a00-9000-000000000001,ExampleCorp MCA - Primary,Microsoft Customer Agreement,11111111-1111-4111-8111-111111111111,prod-platform,Subscription,2026-05-01T00:00:00Z,2026-06-01T00:00:00Z,2026-05-06T00:00:00Z,2026-05-07T00:00:00Z,Usage,,VNet peering data transfer,Usage-Based,38.8328481855274,38.8328481855274,43.1476089064598,38.8328481855274,0.0101695124,0.0091525612,Standard,4242.8395,GB,USD,0.0091525612,38.8328481855274,0.0101695124,USD,4242.8395,GB,Virtual Network,Networking,Network Connectivity,AZ-VIRT-2afe85,Data Transfer,AZSP-33b6befe,"{""x_TransferType"":""Peering""}",/subscriptions/11111111-1111-4111-8111-111111111111/resourceGroups/rg-prod-platform/providers/Microsoft.Network/virtualNetworks/vnet-6c3dfd2f,vnet-6c3dfd2f,Virtual Network,southeastasia,Southeast Asia,,,,,,,,,,,"{""Environment"":""prod"",""CostCenter"":""cc-1042"",""Owner"":""team-payments""}"
Microsoft Azure,Microsoft,Microsoft Azure,INV-2026-05-000001,8a1b2c3d-0000-4a00-9000-000000000001,ExampleCorp MCA - Primary,Microsoft Customer Agreement,44444444-4444-4444-8444-444444444444,sandbox-dev,Subscription,2026-05-01T00:00:00Z,2026-06-01T00:00:00Z,2026-05-07T02:00:00Z,2026-05-07T03:00:00Z,Usage,,Standard_D4s_v5 instance,Usage-Based,0.1726085363,0.1726085363,0.1917872626,0.1726085363,0.1917872626,0.1726085363,Standard,1.0000,Hours,USD,0.1726085363,0.1726085363,0.1917872626,USD,1.0000,Hours,Virtual Machines,Compute,Virtual Machines,AZ-VIRT-555651,Compute,AZSP-2e72cd3e,"{""InstanceType"":""Standard_D4s_v5"",""InstanceSeries"":""Ddsv5"",""CoreCount"":4,""MemorySize"":16,""OperatingSystem"":""Linux"",""x_Tenancy"":""Shared""}",/subscriptions/44444444-4444-4444-8444-444444444444/resourceGroups/rg-sandbox-dev/providers/Microsoft.Compute/virtualMachines/vm-32cf81e2,vm-32cf81e2,Virtual Machine,westeurope,West Europe,westeurope-2,,,,,,,,,,"{""Environment"":""prod"",""CostCenter"":""cc-2087"",""Owner"":""team-data""}"
Microsoft Azure,Microsoft,Microsoft Azure,INV-2026-05-000001,8a1b2c3d-0000-4a00-9000-000000000001,ExampleCorp MCA - Primary,Microsoft Customer Agreement,33333333-3333-4333-8333-333333333333,data-analytics,Subscription,2026-05-01T00:00:00Z,2026-06-01T00:00:00Z,2026-05-08T00:00:00Z,2026-05-09T00:00:00Z,Tax,,Tax for Azure Kubernetes Service,One-Time,23.952672,23.952672,23.952672,23.952672,,,,,,,,,,USD,,,Azure Kubernetes Service,Compute,Containers,,,,,,,,,,,,,,,,,,,,"{""Environment"":""prod"",""CostCenter"":""cc-3110"",""Owner"":""team-platform""}"
Microsoft Azure,Microsoft,Microsoft Azure,INV-2026-05-000001,8a1b2c3d-0000-4a00-9000-000000000001,ExampleCorp MCA - Primary,Microsoft Customer Agreement,44444444-4444-4444-8444-444444444444,sandbox-dev,Subscription,2026-05-01T00:00:00Z,2026-06-01T00:00:00Z,2026-05-09T00:00:00Z,2026-05-10T00:00:00Z,Usage,,VNet peering data transfer,Usage-Based,35.25143411962008,35.25143411962008,39.1682601329112,35.25143411962008,0.0099693680,0.0089724312,Standard,3928.8609,GB,USD,0.0089724312,35.25143411962008,0.0099693680,USD,3928.8609,GB,Virtual Network,Networking,Network Connectivity,AZ-VIRT-ad9f4c,Data Transfer,AZSP-1f369153,"{""x_TransferType"":""Peering""}",/subscriptions/44444444-4444-4444-8444-444444444444/resourceGroups/rg-sandbox-dev/providers/Microsoft.Network/virtualNetworks/vnet-8fc42874,vnet-8fc42874,Virtual Network,southeastasia,Southeast Asia,,,,,,,,,,,"{""Environment"":""staging"",""CostCenter"":""cc-2087"",""Owner"":""team-platform""}"
Microsoft Azure,Microsoft,Microsoft Azure,INV-2026-05-000001,8a1b2c3d-0000-4a00-9000-000000000001,ExampleCorp MCA - Primary,Microsoft Customer Agreement,11111111-1111-4111-8111-111111111111,prod-platform,Subscription,2026-05-01T00:00:00Z,2026-06-01T00:00:00Z,2026-05-07T05:00:00Z,2026-05-07T06:00:00Z,Usage,,Standard_D4s_v5 instance,Usage-Based,0.1772048408,0.1772048408,0.1968942675,0.1772048408,0.1968942675,0.1772048408,Standard,1.0000,Hours,USD,0.1772048408,0.1772048408,0.1968942675,USD,1.0000,Hours,Virtual Machines,Compute,Virtual Machines,AZ-VIRT-d34ae5,Compute,AZSP-152a1ec7,"{""InstanceType"":""Standard_D4s_v5"",""InstanceSeries"":""Ddsv5"",""CoreCount"":4,""MemorySize"":16,""OperatingSystem"":""Linux"",""x_Tenancy"":""Shared""}",/subscriptions/11111111-1111-4111-8111-111111111111/resourceGroups/rg-prod-platform/providers/Microsoft.Compute/virtualMachines/vm-7e6b30fa,vm-7e6b30fa,Virtual Machine,southeastasia,Southeast Asia,southeastasia-2,,,,,,,,,,"{""Environment"":""staging"",""CostCenter"":""cc-1042"",""Owner"":""team-platform""}"
Microsoft Azure,Microsoft,Microsoft Azure,INV-2026-05-000002,8a1b2c3d-0000-4a00-9000-000000000002,ExampleCorp MCA - Secondary,Microsoft Customer Agreement,11111111-1111-4111-8111-111111111111,prod-platform,Subscription,2026-05-01T00:00:00Z,2026-06-01T00:00:00Z,2026-05-11T00:00:00Z,2026-05-12T00:00:00Z,Purchase,,Azure Functions subscription fee,Recurring,382.746325,0,382.746325,382.746325,382.746325,382.746325,Standard,1,Units,USD,382.7463250000,0,382.7463250000,USD,,,Azure Functions,Compute,Serverless Compute,AZ-AZUR-08ca1e,Compute,AZSP-13c87dd5,"{""x_Plan"":""Consumption"",""x_Runtime"":""dotnet8""}",/subscriptions/11111111-1111-4111-8111-111111111111/resourceGroups/rg-prod-platform/providers/Microsoft.Web/sites/func-9d4ab594,func-9d4ab594,Function App,southeastasia,Southeast Asia,,,,,,,,,,,"{""Environment"":""dev"",""CostCenter"":""cc-1042"",""Owner"":""team-data""}"
Microsoft Azure,Microsoft,Microsoft Azure,INV-2026-05-000002,8a1b2c3d-0000-4a00-9000-000000000002,ExampleCorp MCA - Secondary,Microsoft Customer Agreement,44444444-4444-4444-8444-444444444444,sandbox-dev,Subscription,2026-05-01T00:00:00Z,2026-06-01T00:00:00Z,2026-05-12T00:00:00Z,2026-05-13T00:00:00Z,Tax,,Tax for Azure Kubernetes Service,One-Time,32.784486,32.784486,32.784486,32.784486,,,,,,,,,,USD,,,Azure Kubernetes Service,Compute,Containers,,,,,,,,,,,,,,,,,,,,"{""Environment"":""staging"",""CostCenter"":""cc-1042"",""Owner"":""team-data""}"
Microsoft Azure,Microsoft,Microsoft Azure,INV-2026-05-000001,8a1b2c3d-0000-4a00-9000-000000000001,ExampleCorp MCA - Primary,Microsoft Customer Agreement,33333333-3333-4333-8333-333333333333,data-analytics,Subscription,2026-05-01T00:00:00Z,2026-06-01T00:00:00Z,2026-05-13T00:00:00Z,2026-05-14T00:00:00Z,Tax,,Tax for Azure Kubernetes Service,One-Time,49.600268,49.600268,49.600268,49.600268,,,,,,,,,,USD,,,Azure Kubernetes Service,Compute,Containers,,,,,,,,,,,,,,,,,,,,"{""Environment"":""prod"",""CostCenter"":""cc-3110"",""Owner"":""team-platform""}"
Microsoft Azure,Microsoft,Microsoft Azure,INV-2026-05-000002,8a1b2c3d-0000-4a00-9000-000000000002,ExampleCorp MCA - Secondary,Microsoft Customer Agreement,11111111-1111-4111-8111-111111111111,prod-platform,Subscription,2026-05-01T00:00:00Z,2026-06-01T00:00:00Z,2026-05-07T09:00:00Z,2026-05-07T10:00:00Z,Purchase,,"Reservation commitment, amortised for the charge period",Recurring,0.128064,0,0.128064,0.128064,0.1280640000,0.1280640000,Standard,1,Hours,USD,0.1280640000,0,0.1280640000,USD,,,Virtual Machines,Compute,Virtual Machines,AZ-COMMIT-61a175,Commitment,AZSP-2435a6a9,"{""x_Term"":""P1Y"",""x_PaymentOption"":""NoUpfront""}",/subscriptions/11111111-1111-4111-8111-111111111111/providers/Microsoft.BillingBenefits/reservations/95bd68021e99,reservations-13f9f5838b,Reservation,westeurope,West Europe,,/subscriptions/11111111-1111-4111-8111-111111111111/providers/Microsoft.BillingBenefits/reservations/95bd68021e99,AzureReservation-1yr-NoUpfront,Usage,Reservation,,1,Hours,,,"{""Environment"":""prod"",""CostCenter"":""cc-3110"",""Owner"":""team-payments""}"
Microsoft Azure,Microsoft,Microsoft Azure,INV-2026-05-000002,8a1b2c3d-0000-4a00-9000-000000000002,ExampleCorp MCA - Secondary,Microsoft Customer Agreement,11111111-1111-4111-8111-111111111111,prod-platform,Subscription,2026-05-01T00:00:00Z,2026-06-01T00:00:00Z,2026-05-07T09:00:00Z,2026-05-07T10:00:00Z,Usage,,Virtual Machines committed usage,Usage-Based,0,0.128064,0.192,0.1728,0.1920000000,0.1728000000,Committed,1,Hours,USD,0.1728000000,0.128064,0.1920000000,USD,1,Hours,Virtual Machines,Compute,Virtual Machines,AZ-VIRT-7a2238,Compute,AZSP-0830bb50,"{""InstanceType"":""Standard_D4s_v5"",""InstanceSeries"":""Ddsv5"",""CoreCount"":4,""MemorySize"":16,""OperatingSystem"":""Linux"",""x_Tenancy"":""Shared""}",/subscriptions/11111111-1111-4111-8111-111111111111/resourceGroups/rg-prod-platform/providers/Microsoft.Compute/virtualMachines/vm-000015f3cb,vm-000015f3cb,Virtual Machine,westeurope,West Europe,westeurope-2,/subscriptions/11111111-1111-4111-8111-111111111111/providers/Microsoft.BillingBenefits/reservations/95bd68021e99,AzureReservation-1yr-NoUpfront,Usage,Reservation,Used,1,Hours,,,"{""Environment"":""prod"",""CostCenter"":""cc-1042"",""Owner"":""team-data""}"
Microsoft Azure,Microsoft,Microsoft Azure,INV-2026-05-000002,8a1b2c3d-0000-4a00-9000-000000000002,ExampleCorp MCA - Secondary,Microsoft Customer Agreement,11111111-1111-4111-8111-111111111111,prod-platform,Subscription,2026-05-01T00:00:00Z,2026-06-01T00:00:00Z,2026-05-07T10:00:00Z,2026-05-07T11:00:00Z,Purchase,,"Reservation commitment, amortised for the charge period",Recurring,0.128064,0,0.128064,0.128064,0.1280640000,0.1280640000,Standard,1,Hours,USD,0.1280640000,0,0.1280640000,USD,,,Virtual Machines,Compute,Virtual Machines,AZ-COMMIT-61a175,Commitment,AZSP-2435a6a9,"{""x_Term"":""P1Y"",""x_PaymentOption"":""NoUpfront""}",/subscriptions/11111111-1111-4111-8111-111111111111/providers/Microsoft.BillingBenefits/reservations/95bd68021e99,reservations-13f9f5838b,Reservation,westeurope,West Europe,,/subscriptions/11111111-1111-4111-8111-111111111111/providers/Microsoft.BillingBenefits/reservations/95bd68021e99,AzureReservation-1yr-NoUpfront,Usage,Reservation,,1,Hours,,,"{""Environment"":""dev"",""CostCenter"":""cc-2087"",""Owner"":""team-payments""}"
Microsoft Azure,Microsoft,Microsoft Azure,INV-2026-05-000002,8a1b2c3d-0000-4a00-9000-000000000002,ExampleCorp MCA - Secondary,Microsoft Customer Agreement,11111111-1111-4111-8111-111111111111,prod-platform,Subscription,2026-05-01T00:00:00Z,2026-06-01T00:00:00Z,2026-05-07T10:00:00Z,2026-05-07T11:00:00Z,Usage,,Virtual Machines committed usage,Usage-Based,0,0.128064,0.192,0.1728,0.1920000000,0.1728000000,Committed,1,Hours,USD,0.1728000000,0.128064,0.1920000000,USD,1,Hours,Virtual Machines,Compute,Virtual Machines,AZ-VIRT-d9c36c,Compute,AZSP-8fbf4053,"{""InstanceType"":""Standard_D4s_v5"",""InstanceSeries"":""Ddsv5"",""CoreCount"":4,""MemorySize"":16,""OperatingSystem"":""Linux"",""x_Tenancy"":""Shared""}",/subscriptions/11111111-1111-4111-8111-111111111111/resourceGroups/rg-prod-platform/providers/Microsoft.Compute/virtualMachines/vm-0001076069,vm-0001076069,Virtual Machine,westeurope,West Europe,westeurope-2,/subscriptions/11111111-1111-4111-8111-111111111111/providers/Microsoft.BillingBenefits/reservations/95bd68021e99,AzureReservation-1yr-NoUpfront,Usage,Reservation,Used,1,Hours,,,"{""Environment"":""dev"",""CostCenter"":""cc-2087"",""Owner"":""team-data""}"
Microsoft Azure,Microsoft,Microsoft Azure,INV-2026-05-000002,8a1b2c3d-0000-4a00-9000-000000000002,ExampleCorp MCA - Secondary,Microsoft Customer Agreement,11111111-1111-4111-8111-111111111111,prod-platform,Subscription,2026-05-01T00:00:00Z,2026-06-01T00:00:00Z,2026-05-07T11:00:00Z,2026-05-07T12:00:00Z,Purchase,,"Reservation commitment, amortised for the charge period",Recurring,0.128064,0,0.128064,0.128064,0.1280640000,0.1280640000,Standard,1,Hours,USD,0.1280640000,0,0.1280640000,USD,,,Virtual Machines,Compute,Virtual Machines,AZ-COMMIT-61a175,Commitment,AZSP-2435a6a9,"{""x_Term"":""P1Y"",""x_PaymentOption"":""NoUpfront""}",/subscriptions/11111111-1111-4111-8111-111111111111/providers/Microsoft.BillingBenefits/reservations/95bd68021e99,reservations-13f9f5838b,Reservation,westeurope,West Europe,,/subscriptions/11111111-1111-4111-8111-111111111111/providers/Microsoft.BillingBenefits/reservations/95bd68021e99,AzureReservation-1yr-NoUpfront,Usage,Reservation,,1,Hours,,,"{""Environment"":""dev"",""CostCenter"":""cc-1042"",""Owner"":""team-payments""}"
Microsoft Azure,Microsoft,Microsoft Azure,INV-2026-05-000002,8a1b2c3d-0000-4a00-9000-000000000002,ExampleCorp MCA - Secondary,Microsoft Customer Agreement,11111111-1111-4111-8111-111111111111,prod-platform,Subscription,2026-05-01T00:00:00Z,2026-06-01T00:00:00Z,2026-05-07T11:00:00Z,2026-05-07T12:00:00Z,Usage,,Virtual Machines committed usage,Usage-Based,0,0.128064,0.192,0.1728,0.1920000000,0.1728000000,Committed,1,Hours,USD,0.1728000000,0.128064,0.1920000000,USD,1,Hours,Virtual Machines,Compute,Virtual Machines,AZ-VIRT-42d5e2,Compute,AZSP-5b3906f8,"{""InstanceType"":""Standard_D4s_v5"",""InstanceSeries"":""Ddsv5"",""CoreCount"":4,""MemorySize"":16,""OperatingSystem"":""Linux"",""x_Tenancy"":""Shared""}",/subscriptions/11111111-1111-4111-8111-111111111111/resourceGroups/rg-prod-platform/providers/Microsoft.Compute/virtualMachines/vm-0002a79caf,vm-0002a79caf,Virtual Machine,westeurope,West Europe,westeurope-2,/subscriptions/11111111-1111-4111-8111-111111111111/providers/Microsoft.BillingBenefits/reservations/95bd68021e99,AzureReservation-1yr-NoUpfront,Usage,Reservation,Used,1,Hours,,,"{""Environment"":""dev"",""CostCenter"":""cc-1042"",""Owner"":""team-payments""}"
Microsoft Azure,Microsoft,Microsoft Azure,INV-2026-05-000002,8a1b2c3d-0000-4a00-9000-000000000002,ExampleCorp MCA - Secondary,Microsoft Customer Agreement,11111111-1111-4111-8111-111111111111,prod-platform,Subscription,2026-05-01T00:00:00Z,2026-06-01T00:00:00Z,2026-05-07T12:00:00Z,2026-05-07T13:00:00Z,Purchase,,"Reservation commitment, amortised for the charge period",Recurring,0.128064,0,0.128064,0.128064,0.1280640000,0.1280640000,Standard,1,Hours,USD,0.1280640000,0,0.1280640000,USD,,,Virtual Machines,Compute,Virtual Machines,AZ-COMMIT-61a175,Commitment,AZSP-2435a6a9,"{""x_Term"":""P1Y"",""x_PaymentOption"":""NoUpfront""}",/subscriptions/11111111-1111-4111-8111-111111111111/providers/Microsoft.BillingBenefits/reservations/95bd68021e99,reservations-13f9f5838b,Reservation,westeurope,West Europe,,/subscriptions/11111111-1111-4111-8111-111111111111/providers/Microsoft.BillingBenefits/reservations/95bd68021e99,AzureReservation-1yr-NoUpfront,Usage,Reservation,,1,Hours,,,"{""Environment"":""staging"",""CostCenter"":""cc-1042"",""Owner"":""team-payments""}"
Microsoft Azure,Microsoft,Microsoft Azure,INV-2026-05-000002,8a1b2c3d-0000-4a00-9000-000000000002,ExampleCorp MCA - Secondary,Microsoft Customer Agreement,11111111-1111-4111-8111-111111111111,prod-platform,Subscription,2026-05-01T00:00:00Z,2026-06-01T00:00:00Z,2026-05-07T12:00:00Z,2026-05-07T13:00:00Z,Usage,,Virtual Machines committed usage,Usage-Based,0,0.128064,0.192,0.1728,0.1920000000,0.1728000000,Committed,1,Hours,USD,0.1728000000,0.128064,0.1920000000,USD,1,Hours,Virtual Machines,Compute,Virtual Machines,AZ-VIRT-efba95,Compute,AZSP-1d9c4c77,"{""InstanceType"":""Standard_D4s_v5"",""InstanceSeries"":""Ddsv5"",""CoreCount"":4,""MemorySize"":16,""OperatingSystem"":""Linux"",""x_Tenancy"":""Shared""}",/subscriptions/11111111-1111-4111-8111-111111111111/resourceGroups/rg-prod-platform/providers/Microsoft.Compute/virtualMachines/vm-0003510d05,vm-0003510d05,Virtual Machine,westeurope,West Europe,westeurope-2,/subscriptions/11111111-1111-4111-8111-111111111111/providers/Microsoft.BillingBenefits/reservations/95bd68021e99,AzureReservation-1yr-NoUpfront,Usage,Reservation,Used,1,Hours,,,"{""Environment"":""staging"",""CostCenter"":""cc-1042"",""Owner"":""team-data""}"
Microsoft Azure,Microsoft,Microsoft Azure,INV-2026-05-000002,8a1b2c3d-0000-4a00-9000-000000000002,ExampleCorp MCA - Secondary,Microsoft Customer Agreement,11111111-1111-4111-8111-111111111111,prod-platform,Subscription,2026-05-01T00:00:00Z,2026-06-01T00:00:00Z,2026-05-07T13:00:00Z,2026-05-07T14:00:00Z,Purchase,,"Reservation commitment, amortised for the charge period",Recurring,0.128064,0,0.128064,0.128064,0.1280640000,0.1280640000,Standard,1,Hours,USD,0.1280640000,0,0.1280640000,USD,,,Virtual Machines,Compute,Virtual Machines,AZ-COMMIT-61a175,Commitment,AZSP-2435a6a9,"{""x_Term"":""P1Y"",""x_PaymentOption"":""NoUpfront""}",/subscriptions/11111111-1111-4111-8111-111111111111/providers/Microsoft.BillingBenefits/reservations/95bd68021e99,reservations-13f9f5838b,Reservation,westeurope,West Europe,,/subscriptions/11111111-1111-4111-8111-111111111111/providers/Microsoft.BillingBenefits/reservations/95bd68021e99,AzureReservation-1yr-NoUpfront,Usage,Reservation,,1,Hours,,,"{""Environment"":""dev"",""CostCenter"":""cc-2087"",""Owner"":""team-data""}"
Microsoft Azure,Microsoft,Microsoft Azure,INV-2026-05-000002,8a1b2c3d-0000-4a00-9000-000000000002,ExampleCorp MCA - Secondary,Microsoft Customer Agreement,11111111-1111-4111-8111-111111111111,prod-platform,Subscription,2026-05-01T00:00:00Z,2026-06-01T00:00:00Z,2026-05-07T13:00:00Z,2026-05-07T14:00:00Z,Usage,,Virtual Machines committed usage,Usage-Based,0,0.128064,0.192,0.1728,0.1920000000,0.1728000000,Committed,1,Hours,USD,0.1728000000,0.128064,0.1920000000,USD,1,Hours,Virtual Machines,Compute,Virtual Machines,AZ-VIRT-d35ed8,Compute,AZSP-f3ce2d72,"{""InstanceType"":""Standard_D4s_v5"",""InstanceSeries"":""Ddsv5"",""CoreCount"":4,""MemorySize"":16,""OperatingSystem"":""Linux"",""x_Tenancy"":""Shared""}",/subscriptions/11111111-1111-4111-8111-111111111111/resourceGroups/rg-prod-platform/providers/Microsoft.Compute/virtualMachines/vm-000419cb20,vm-000419cb20,Virtual Machine,westeurope,West Europe,westeurope-2,/subscriptions/11111111-1111-4111-8111-111111111111/providers/Microsoft.BillingBenefits/reservations/95bd68021e99,AzureReservation-1yr-NoUpfront,Usage,Reservation,Used,1,Hours,,,"{""Environment"":""prod"",""CostCenter"":""cc-3110"",""Owner"":""team-data""}"
Microsoft Azure,Microsoft,Microsoft Azure,INV-2026-05-000002,8a1b2c3d-0000-4a00-9000-000000000002,ExampleCorp MCA - Secondary,Microsoft Customer Agreement,11111111-1111-4111-8111-111111111111,prod-platform,Subscription,2026-05-01T00:00:00Z,2026-06-01T00:00:00Z,2026-05-07T14:00:00Z,2026-05-07T15:00:00Z,Purchase,,"Reservation commitment, amortised for the charge period",Recurring,0.128064,0,0.128064,0.128064,0.1280640000,0.1280640000,Standard,1,Hours,USD,0.1280640000,0,0.1280640000,USD,,,Virtual Machines,Compute,Virtual Machines,AZ-COMMIT-61a175,Commitment,AZSP-2435a6a9,"{""x_Term"":""P1Y"",""x_PaymentOption"":""NoUpfront""}",/subscriptions/11111111-1111-4111-8111-111111111111/providers/Microsoft.BillingBenefits/reservations/95bd68021e99,reservations-13f9f5838b,Reservation,westeurope,West Europe,,/subscriptions/11111111-1111-4111-8111-111111111111/providers/Microsoft.BillingBenefits/reservations/95bd68021e99,AzureReservation-1yr-NoUpfront,Usage,Reservation,,1,Hours,,,"{""Environment"":""staging"",""CostCenter"":""cc-3110"",""Owner"":""team-data""}"
Microsoft Azure,Microsoft,Microsoft Azure,INV-2026-05-000002,8a1b2c3d-0000-4a00-9000-000000000002,ExampleCorp MCA - Secondary,Microsoft Customer Agreement,11111111-1111-4111-8111-111111111111,prod-platform,Subscription,2026-05-01T00:00:00Z,2026-06-01T00:00:00Z,2026-05-07T14:00:00Z,2026-05-07T15:00:00Z,Usage,,Virtual Machines committed usage,Usage-Based,0,0.128064,0.192,0.1728,0.1920000000,0.1728000000,Committed,1,Hours,USD,0.1728000000,0.128064,0.1920000000,USD,1,Hours,Virtual Machines,Compute,Virtual Machines,AZ-VIRT-2274fe,Compute,AZSP-fabc025a,"{""InstanceType"":""Standard_D4s_v5"",""InstanceSeries"":""Ddsv5"",""CoreCount"":4,""MemorySize"":16,""OperatingSystem"":""Linux"",""x_Tenancy"":""Shared""}",/subscriptions/11111111-1111-4111-8111-111111111111/resourceGroups/rg-prod-platform/providers/Microsoft.Compute/virtualMachines/vm-00056d1208,vm-00056d1208,Virtual Machine,westeurope,West Europe,westeurope-2,/subscriptions/11111111-1111-4111-8111-111111111111/providers/Microsoft.BillingBenefits/reservations/95bd68021e99,AzureReservation-1yr-NoUpfront,Usage,Reservation,Used,1,Hours,,,"{""Environment"":""staging"",""CostCenter"":""cc-2087"",""Owner"":""team-data""}"
Microsoft Azure,Microsoft,Microsoft Azure,INV-2026-05-000002,8a1b2c3d-0000-4a00-9000-000000000002,ExampleCorp MCA - Secondary,Microsoft Customer Agreement,11111111-1111-4111-8111-111111111111,prod-platform,Subscription,2026-05-01T00:00:00Z,2026-06-01T00:00:00Z,2026-05-07T15:00:00Z,2026-05-07T16:00:00Z,Purchase,,"Reservation commitment, amortised for the charge period",Recurring,0.128064,0,0.128064,0.128064,0.1280640000,0.1280640000,Standard,1,Hours,USD,0.1280640000,0,0.1280640000,USD,,,Virtual Machines,Compute,Virtual Machines,AZ-COMMIT-61a175,Commitment,AZSP-2435a6a9,"{""x_Term"":""P1Y"",""x_PaymentOption"":""NoUpfront""}",/subscriptions/11111111-1111-4111-8111-111111111111/providers/Microsoft.BillingBenefits/reservations/95bd68021e99,reservations-13f9f5838b,Reservation,westeurope,West Europe,,/subscriptions/11111111-1111-4111-8111-111111111111/providers/Microsoft.BillingBenefits/reservations/95bd68021e99,AzureReservation-1yr-NoUpfront,Usage,Reservation,,1,Hours,,,"{""Environment"":""dev"",""CostCenter"":""cc-3110"",""Owner"":""team-data""}"
Microsoft Azure,Microsoft,Microsoft Azure,INV-2026-05-000002,8a1b2c3d-0000-4a00-9000-000000000002,ExampleCorp MCA - Secondary,Microsoft Customer Agreement,11111111-1111-4111-8111-111111111111,prod-platform,Subscription,2026-05-01T00:00:00Z,2026-06-01T00:00:00Z,2026-05-07T15:00:00Z,2026-05-07T16:00:00Z,Usage,,Virtual Machines committed usage,Usage-Based,0,0.128064,0.192,0.1728,0.1920000000,0.1728000000,Committed,1,Hours,USD,0.1728000000,0.128064,0.1920000000,USD,1,Hours,Virtual Machines,Compute,Virtual Machines,AZ-VIRT-8bec1a,Compute,AZSP-48e924db,"{""InstanceType"":""Standard_D4s_v5"",""InstanceSeries"":""Ddsv5"",""CoreCount"":4,""MemorySize"":16,""OperatingSystem"":""Linux"",""x_Tenancy"":""Shared""}",/subscriptions/11111111-1111-4111-8111-111111111111/resourceGroups/rg-prod-platform/providers/Microsoft.Compute/virtualMachines/vm-0006c38bec,vm-0006c38bec,Virtual Machine,westeurope,West Europe,westeurope-2,/subscriptions/11111111-1111-4111-8111-111111111111/providers/Microsoft.BillingBenefits/reservations/95bd68021e99,AzureReservation-1yr-NoUpfront,Usage,Reservation,Used,1,Hours,,,"{""Environment"":""prod"",""CostCenter"":""cc-3110"",""Owner"":""team-platform""}"
Microsoft Azure,Microsoft,Microsoft Azure,INV-2026-05-000002,8a1b2c3d-0000-4a00-9000-000000000002,ExampleCorp MCA - Secondary,Microsoft Customer Agreement,11111111-1111-4111-8111-111111111111,prod-platform,Subscription,2026-05-01T00:00:00Z,2026-06-01T00:00:00Z,2026-05-07T16:00:00Z,2026-05-07T17:00:00Z,Purchase,,"Reservation commitment, amortised for the charge period",Recurring,0.128064,0,0.128064,0.128064,0.1280640000,0.1280640000,Standard,1,Hours,USD,0.1280640000,0,0.1280640000,USD,,,Virtual Machines,Compute,Virtual Machines,AZ-COMMIT-61a175,Commitment,AZSP-2435a6a9,"{""x_Term"":""P1Y"",""x_PaymentOption"":""NoUpfront""}",/subscriptions/11111111-1111-4111-8111-111111111111/providers/Microsoft.BillingBenefits/reservations/95bd68021e99,reservations-13f9f5838b,Reservation,westeurope,West Europe,,/subscriptions/11111111-1111-4111-8111-111111111111/providers/Microsoft.BillingBenefits/reservations/95bd68021e99,AzureReservation-1yr-NoUpfront,Usage,Reservation,,1,Hours,,,"{""Environment"":""prod"",""CostCenter"":""cc-2087"",""Owner"":""team-data""}"
Microsoft Azure,Microsoft,Microsoft Azure,INV-2026-05-000002,8a1b2c3d-0000-4a00-9000-000000000002,ExampleCorp MCA - Secondary,Microsoft Customer Agreement,11111111-1111-4111-8111-111111111111,prod-platform,Subscription,2026-05-01T00:00:00Z,2026-06-01T00:00:00Z,2026-05-07T16:00:00Z,2026-05-07T17:00:00Z,Usage,,Virtual Machines committed usage,Usage-Based,0,0.128064,0.192,0.1728,0.1920000000,0.1728000000,Committed,1,Hours,USD,0.1728000000,0.128064,0.1920000000,USD,1,Hours,Virtual Machines,Compute,Virtual Machines,AZ-VIRT-0a16b4,Compute,AZSP-d26a78f1,"{""InstanceType"":""Standard_D4s_v5"",""InstanceSeries"":""Ddsv5"",""CoreCount"":4,""MemorySize"":16,""OperatingSystem"":""Linux"",""x_Tenancy"":""Shared""}",/subscriptions/11111111-1111-4111-8111-111111111111/resourceGroups/rg-prod-platform/providers/Microsoft.Compute/virtualMachines/vm-0007dadabe,vm-0007dadabe,Virtual Machine,westeurope,West Europe,westeurope-2,/subscriptions/11111111-1111-4111-8111-111111111111/providers/Microsoft.BillingBenefits/reservations/95bd68021e99,AzureReservation-1yr-NoUpfront,Usage,Reservation,Used,1,Hours,,,"{""Environment"":""prod"",""CostCenter"":""cc-3110"",""Owner"":""team-platform""}"
Microsoft Azure,Microsoft,Microsoft Azure,INV-2026-05-000002,8a1b2c3d-0000-4a00-9000-000000000002,ExampleCorp MCA - Secondary,Microsoft Customer Agreement,11111111-1111-4111-8111-111111111111,prod-platform,Subscription,2026-05-01T00:00:00Z,2026-06-01T00:00:00Z,2026-05-07T17:00:00Z,2026-05-07T18:00:00Z,Purchase,,"Reservation commitment, amortised for the charge period",Recurring,0.128064,0,0.128064,0.128064,0.1280640000,0.1280640000,Standard,1,Hours,USD,0.1280640000,0,0.1280640000,USD,,,Virtual Machines,Compute,Virtual Machines,AZ-COMMIT-61a175,Commitment,AZSP-2435a6a9,"{""x_Term"":""P1Y"",""x_PaymentOption"":""NoUpfront""}",/subscriptions/11111111-1111-4111-8111-111111111111/providers/Microsoft.BillingBenefits/reservations/95bd68021e99,reservations-13f9f5838b,Reservation,westeurope,West Europe,,/subscriptions/11111111-1111-4111-8111-111111111111/providers/Microsoft.BillingBenefits/reservations/95bd68021e99,AzureReservation-1yr-NoUpfront,Usage,Reservation,,1,Hours,,,"{""Environment"":""prod"",""CostCenter"":""cc-1042"",""Owner"":""team-data""}"
Microsoft Azure,Microsoft,Microsoft Azure,INV-2026-05-000002,8a1b2c3d-0000-4a00-9000-000000000002,ExampleCorp MCA - Secondary,Microsoft Customer Agreement,11111111-1111-4111-8111-111111111111,prod-platform,Subscription,2026-05-01T00:00:00Z,2026-06-01T00:00:00Z,2026-05-07T17:00:00Z,2026-05-07T18:00:00Z,Usage,,Reservation unused commitment,Usage-Based,0,0.128064,0.128064,0.128064,0.1280640000,0.1280640000,Committed,1,Hours,USD,0.1280640000,0.128064,0.1280640000,USD,,,Virtual Machines,Compute,Virtual Machines,AZ-COMMIT-61a175,Commitment,AZSP-2435a6a9,"{""x_Term"":""P1Y"",""x_PaymentOption"":""NoUpfront""}",/subscriptions/11111111-1111-4111-8111-111111111111/providers/Microsoft.BillingBenefits/reservations/95bd68021e99,reservations-13f9f5838b,Reservation,westeurope,West Europe,,/subscriptions/11111111-1111-4111-8111-111111111111/providers/Microsoft.BillingBenefits/reservations/95bd68021e99,AzureReservation-1yr-NoUpfront,Usage,Reservation,Unused,1,Hours,,,"{""Environment"":""prod"",""CostCenter"":""cc-2087"",""Owner"":""team-data""}"
Microsoft Azure,Microsoft,Microsoft Azure,INV-2026-05-000002,8a1b2c3d-0000-4a00-9000-000000000002,ExampleCorp MCA - Secondary,Microsoft Customer Agreement,11111111-1111-4111-8111-111111111111,prod-platform,Subscription,2026-05-01T00:00:00Z,2026-06-01T00:00:00Z,2026-05-07T18:00:00Z,2026-05-07T19:00:00Z,Purchase,,"Reservation commitment, amortised for the charge period",Recurring,0.128064,0,0.128064,0.128064,0.1280640000,0.1280640000,Standard,1,Hours,USD,0.1280640000,0,0.1280640000,USD,,,Virtual Machines,Compute,Virtual Machines,AZ-COMMIT-61a175,Commitment,AZSP-2435a6a9,"{""x_Term"":""P1Y"",""x_PaymentOption"":""NoUpfront""}",/subscriptions/11111111-1111-4111-8111-111111111111/providers/Microsoft.BillingBenefits/reservations/95bd68021e99,reservations-13f9f5838b,Reservation,westeurope,West Europe,,/subscriptions/11111111-1111-4111-8111-111111111111/providers/Microsoft.BillingBenefits/reservations/95bd68021e99,AzureReservation-1yr-NoUpfront,Usage,Reservation,,1,Hours,,,"{""Environment"":""prod"",""CostCenter"":""cc-1042"",""Owner"":""team-data""}"
Microsoft Azure,Microsoft,Microsoft Azure,INV-2026-05-000002,8a1b2c3d-0000-4a00-9000-000000000002,ExampleCorp MCA - Secondary,Microsoft Customer Agreement,11111111-1111-4111-8111-111111111111,prod-platform,Subscription,2026-05-01T00:00:00Z,2026-06-01T00:00:00Z,2026-05-07T18:00:00Z,2026-05-07T19:00:00Z,Usage,,Reservation unused commitment,Usage-Based,0,0.128064,0.128064,0.128064,0.1280640000,0.1280640000,Committed,1,Hours,USD,0.1280640000,0.128064,0.1280640000,USD,,,Virtual Machines,Compute,Virtual Machines,AZ-COMMIT-61a175,Commitment,AZSP-2435a6a9,"{""x_Term"":""P1Y"",""x_PaymentOption"":""NoUpfront""}",/subscriptions/11111111-1111-4111-8111-111111111111/providers/Microsoft.BillingBenefits/reservations/95bd68021e99,reservations-13f9f5838b,Reservation,westeurope,West Europe,,/subscriptions/11111111-1111-4111-8111-111111111111/providers/Microsoft.BillingBenefits/reservations/95bd68021e99,AzureReservation-1yr-NoUpfront,Usage,Reservation,Unused,1,Hours,,,"{""Environment"":""prod"",""CostCenter"":""cc-2087"",""Owner"":""team-payments""}"
Microsoft Azure,Microsoft,Microsoft Azure,INV-2026-05-000002,8a1b2c3d-0000-4a00-9000-000000000002,ExampleCorp MCA - Secondary,Microsoft Customer Agreement,11111111-1111-4111-8111-111111111111,prod-platform,Subscription,2026-05-01T00:00:00Z,2026-06-01T00:00:00Z,2026-05-07T19:00:00Z,2026-05-07T20:00:00Z,Purchase,,"Reservation commitment, amortised for the charge period",Recurring,0.128064,0,0.128064,0.128064,0.1280640000,0.1280640000,Standard,1,Hours,USD,0.1280640000,0,0.1280640000,USD,,,Virtual Machines,Compute,Virtual Machines,AZ-COMMIT-61a175,Commitment,AZSP-2435a6a9,"{""x_Term"":""P1Y"",""x_PaymentOption"":""NoUpfront""}",/subscriptions/11111111-1111-4111-8111-111111111111/providers/Microsoft.BillingBenefits/reservations/95bd68021e99,reservations-13f9f5838b,Reservation,westeurope,West Europe,,/subscriptions/11111111-1111-4111-8111-111111111111/providers/Microsoft.BillingBenefits/reservations/95bd68021e99,AzureReservation-1yr-NoUpfront,Usage,Reservation,,1,Hours,,,"{""Environment"":""staging"",""CostCenter"":""cc-1042"",""Owner"":""team-platform""}"
Microsoft Azure,Microsoft,Microsoft Azure,INV-2026-05-000002,8a1b2c3d-0000-4a00-9000-000000000002,ExampleCorp MCA - Secondary,Microsoft Customer Agreement,11111111-1111-4111-8111-111111111111,prod-platform,Subscription,2026-05-01T00:00:00Z,2026-06-01T00:00:00Z,2026-05-07T19:00:00Z,2026-05-07T20:00:00Z,Usage,,Reservation unused commitment,Usage-Based,0,0.128064,0.128064,0.128064,0.1280640000,0.1280640000,Committed,1,Hours,USD,0.1280640000,0.128064,0.1280640000,USD,,,Virtual Machines,Compute,Virtual Machines,AZ-COMMIT-61a175,Commitment,AZSP-2435a6a9,"{""x_Term"":""P1Y"",""x_PaymentOption"":""NoUpfront""}",/subscriptions/11111111-1111-4111-8111-111111111111/providers/Microsoft.BillingBenefits/reservations/95bd68021e99,reservations-13f9f5838b,Reservation,westeurope,West Europe,,/subscriptions/11111111-1111-4111-8111-111111111111/providers/Microsoft.BillingBenefits/reservations/95bd68021e99,AzureReservation-1yr-NoUpfront,Usage,Reservation,Unused,1,Hours,,,"{""Environment"":""dev"",""CostCenter"":""cc-2087"",""Owner"":""team-data""}"
Microsoft Azure,Microsoft,Microsoft Azure,INV-2026-05-000002,8a1b2c3d-0000-4a00-9000-000000000002,ExampleCorp MCA - Secondary,Microsoft Customer Agreement,33333333-3333-4333-8333-333333333333,data-analytics,Subscription,2026-05-01T00:00:00Z,2026-06-01T00:00:00Z,2026-05-08T07:00:00Z,2026-05-08T08:00:00Z,Usage,,Function execution duration,Usage-Based,7.41045451186615,7.41045451186615,8.2338267300108,7.41045451186615,0.0000157512,0.0000141761,Standard,522742.8215,GB-Seconds,USD,0.0000141761,7.41045451186615,0.0000157512,USD,522742.8215,GB-Seconds,Azure Functions,Compute,Serverless Compute,AZ-AZUR-a31256,Compute,AZSP-e4669e41,"{""x_Plan"":""Consumption"",""x_Runtime"":""dotnet8""}",/subscriptions/33333333-3333-4333-8333-333333333333/resourceGroups/rg-data-analytics/providers/Microsoft.Web/sites/func-790e0a39,func-790e0a39,Function App,westeurope,West Europe,,,,,,,,,,,"{""Environment"":""staging"",""CostCenter"":""cc-1042"",""Owner"":""team-platform""}"
Microsoft Azure,Microsoft,Microsoft Azure,INV-2026-05-000002,8a1b2c3d-0000-4a00-9000-000000000002,ExampleCorp MCA - Secondary,Microsoft Customer Agreement,44444444-4444-4444-8444-444444444444,sandbox-dev,Subscription,2026-05-01T00:00:00Z,2026-06-01T00:00:00Z,2026-05-01T00:00:00Z,2026-06-01T00:00:00Z,Usage,,Hot LRS data stored,Usage-Based,96.5742967321387,96.5742967321387,107.30477421014059,96.5742967321387,0.0188294189,0.0169464770,Standard,5698.7831,GB-Months,USD,0.0169464770,96.5742967321387,0.0188294189,USD,5698.7831,GB-Months,Azure Blob Storage,Storage,Object Storage,AZ-AZUR-531e46,Storage,AZSP-a4684e88,"{""x_StorageClass"":""Hot"",""x_Redundancy"":""LRS""}",/subscriptions/44444444-4444-4444-8444-444444444444/resourceGroups/rg-sandbox-dev/providers/Microsoft.Storage/storageAccounts/stor6c3c1795,stor6c3c1795,Storage Account,westeurope,West Europe,,,,,,,,,,,"{""Environment"":""prod"",""CostCenter"":""cc-2087"",""Owner"":""team-platform""}"
Microsoft Azure,Microsoft,Microsoft Azure,INV-2026-05-000002,8a1b2c3d-0000-4a00-9000-000000000002,ExampleCorp MCA - Secondary,Microsoft Customer Agreement,33333333-3333-4333-8333-333333333333,data-analytics,Subscription,2026-05-01T00:00:00Z,2026-06-01T00:00:00Z,2026-05-01T00:00:00Z,2026-06-01T00:00:00Z,Usage,,Hot LRS data stored,Usage-Based,52.42155582083424,52.42155582083424,58.24617309934944,52.42155582083424,0.0185380801,0.0166842721,Standard,3141.9744,GB-Months,USD,0.0166842721,52.42155582083424,0.0185380801,USD,3141.9744,GB-Months,Azure Blob Storage,Storage,Object Storage,AZ-AZUR-b31752,Storage,AZSP-e1054152,"{""x_StorageClass"":""Hot"",""x_Redundancy"":""LRS""}",/subscriptions/33333333-3333-4333-8333-333333333333/resourceGroups/rg-data-analytics/providers/Microsoft.Storage/storageAccounts/stor517f7144,stor517f7144,Storage Account,eastus,East US,,,,,,,,,,,"{""Environment"":""staging"",""CostCenter"":""cc-3110"",""Owner"":""team-payments""}"
Microsoft Azure,Microsoft,Microsoft Azure,INV-2026-05-000002,8a1b2c3d-0000-4a00-9000-000000000002,ExampleCorp MCA - Secondary,Microsoft Customer Agreement,44444444-4444-4444-8444-444444444444,sandbox-dev,Subscription,2026-05-01T00:00:00Z,2026-06-01T00:00:00Z,2026-05-11T00:00:00Z,2026-05-12T00:00:00Z,Tax,,Tax for Virtual Machines,One-Time,40.401690,40.401690,40.401690,40.401690,,,,,,,,,,USD,,,Virtual Machines,Compute,Virtual Machines,,,,,,,,,,,,,,,,,,,,"{""Environment"":""staging"",""CostCenter"":""cc-2087"",""Owner"":""team-platform""}"
Microsoft Azure,Microsoft,Microsoft Azure,INV-2026-05-000002,8a1b2c3d-0000-4a00-9000-000000000002,ExampleCorp MCA - Secondary,Microsoft Customer Agreement,11111111-1111-4111-8111-111111111111,prod-platform,Subscription,2026-05-01T00:00:00Z,2026-06-01T00:00:00Z,2026-05-01T00:00:00Z,2026-06-01T00:00:00Z,Usage,,Hot LRS data stored,Usage-Based,106.8219840990614,106.8219840990614,118.69109373318156,106.8219840990614,0.0182040156,0.0163836140,Standard,6520.0501,GB-Months,USD,0.0163836140,106.8219840990614,0.0182040156,USD,6520.0501,GB-Months,Azure Blob Storage,Storage,Object Storage,AZ-AZUR-669e85,Storage,AZSP-f6e7267b,"{""x_StorageClass"":""Hot"",""x_Redundancy"":""LRS""}",/subscriptions/11111111-1111-4111-8111-111111111111/resourceGroups/rg-prod-platform/providers/Microsoft.Storage/storageAccounts/stor0928c40f,stor0928c40f,Storage Account,southeastasia,Southeast Asia,,,,,,,,,,,"{""Environment"":""dev"",""CostCenter"":""cc-1042"",""Owner"":""team-platform""}"
Microsoft Azure,Microsoft,Microsoft Azure,INV-2026-05-000002,8a1b2c3d-0000-4a00-9000-000000000002,ExampleCorp MCA - Secondary,Microsoft Customer Agreement,33333333-3333-4333-8333-333333333333,data-analytics,Subscription,2026-05-01T00:00:00Z,2026-06-01T00:00:00Z,2026-05-13T00:00:00Z,2026-05-14T00:00:00Z,Tax,,Tax for Azure Functions,One-Time,38.118748,38.118748,38.118748,38.118748,,,,,,,,,,USD,,,Azure Functions,Compute,Serverless Compute,,,,,,,,,,,,,,,,,,,,"{""Environment"":""staging"",""CostCenter"":""cc-1042"",""Owner"":""team-payments""}"
Microsoft Azure,Microsoft,Microsoft Azure,INV-2026-05-000002,8a1b2c3d-0000-4a00-9000-000000000002,ExampleCorp MCA - Secondary,Microsoft Customer Agreement,22222222-2222-4222-8222-222222222222,staging-platform,Subscription,2026-05-01T00:00:00Z,2026-06-01T00:00:00Z,2026-05-08T13:00:00Z,2026-05-08T14:00:00Z,Usage,,AKS node pool hours,Usage-Based,0.1756963615,0.1756963615,0.1952181794,0.1756963615,0.1952181794,0.1756963615,Standard,1.0000,Hours,USD,0.1756963615,0.1756963615,0.1952181794,USD,1.0000,Hours,Azure Kubernetes Service,Compute,Containers,AZ-AZUR-658820,Compute,AZSP-380d4ce8,"{""InstanceType"":""Standard_D4s_v5"",""CoreCount"":4,""MemorySize"":16,""x_NodePool"":""system""}",/subscriptions/22222222-2222-4222-8222-222222222222/resourceGroups/rg-staging-platform/providers/Microsoft.ContainerService/managedClusters/aks-b428396b,aks-b428396b,Managed Cluster,westeurope,West Europe,,,,,,,,,,,"{""Environment"":""staging"",""CostCenter"":""cc-2087"",""Owner"":""team-payments""}"
Microsoft Azure,Microsoft,Microsoft Azure,INV-2026-05-000001,8a1b2c3d-0000-4a00-9000-000000000001,ExampleCorp MCA - Primary,Microsoft Customer Agreement,11111111-1111-4111-8111-111111111111,prod-platform,Subscription,2026-05-01T00:00:00Z,2026-06-01T00:00:00Z,2026-05-15T00:00:00Z,2026-05-16T00:00:00Z,Usage,,Log data ingested,Usage-Based,48.52502415718657,48.52502415718657,53.91669350772033,48.52502415718657,2.2628117121,2.0365305409,Standard,23.8273,GB,USD,2.0365305409,48.52502415718657,2.2628117121,USD,23.8273,GB,Azure Monitor,Management and Governance,Observability,AZ-AZUR-347699,Monitoring,AZSP-871ec337,"{""x_DataType"":""Logs""}",/subscriptions/11111111-1111-4111-8111-111111111111/resourceGroups/rg-prod-platform/providers/Microsoft.OperationalInsights/workspaces/law-1e25c514,law-1e25c514,Log Analytics Workspace,westus2,West US 2,,,,,,,,,,,"{""Environment"":""staging"",""CostCenter"":""cc-3110"",""Owner"":""team-data""}"
Microsoft Azure,Microsoft,Microsoft Azure,INV-2026-05-000002,8a1b2c3d-0000-4a00-9000-000000000002,ExampleCorp MCA - Secondary,Microsoft Customer Agreement,11111111-1111-4111-8111-111111111111,prod-platform,Subscription,2026-05-01T00:00:00Z,2026-06-01T00:00:00Z,2026-05-16T00:00:00Z,2026-05-17T00:00:00Z,Usage,,Log data ingested,Usage-Based,852.37226090891743,852.37226090891743,947.08028987544335,852.37226090891743,2.2529774245,2.0276796821,Standard,420.3683,GB,USD,2.0276796821,852.37226090891743,2.2529774245,USD,420.3683,GB,Azure Monitor,Management and Governance,Observability,AZ-AZUR-a6f701,Monitoring,AZSP-d8af43e6,"{""x_DataType"":""Logs""}",/subscriptions/11111111-1111-4111-8111-111111111111/resourceGroups/rg-prod-platform/providers/Microsoft.OperationalInsights/workspaces/law-6abfa98f,law-6abfa98f,Log Analytics Workspace,westus2,West US 2,,,,,,,,,,,"{""Environment"":""prod"",""CostCenter"":""cc-2087"",""Owner"":""team-payments""}"
Microsoft Azure,Microsoft,Microsoft Azure,INV-2026-05-000001,8a1b2c3d-0000-4a00-9000-000000000001,ExampleCorp MCA - Primary,Microsoft Customer Agreement,33333333-3333-4333-8333-333333333333,data-analytics,Subscription,2026-05-01T00:00:00Z,2026-06-01T00:00:00Z,2026-05-08T16:00:00Z,2026-05-08T17:00:00Z,Usage,,AKS node pool hours,Usage-Based,0.1693768235,0.1693768235,0.1881964706,0.1693768235,0.1881964706,0.1693768235,Standard,1.0000,Hours,USD,0.1693768235,0.1693768235,0.1881964706,USD,1.0000,Hours,Azure Kubernetes Service,Compute,Containers,AZ-AZUR-b82437,Compute,AZSP-50f8bdba,"{""InstanceType"":""Standard_D4s_v5"",""CoreCount"":4,""MemorySize"":16,""x_NodePool"":""system""}",/subscriptions/33333333-3333-4333-8333-333333333333/resourceGroups/rg-data-analytics/providers/Microsoft.ContainerService/managedClusters/aks-4c272855,aks-4c272855,Managed Cluster,westeurope,West Europe,,,,,,,,,,,"{""Environment"":""staging"",""CostCenter"":""cc-3110"",""Owner"":""team-data""}"
Microsoft Azure,Microsoft,Microsoft Azure,INV-2026-05-000001,8a1b2c3d-0000-4a00-9000-000000000001,ExampleCorp MCA - Primary,Microsoft Customer Agreement,22222222-2222-4222-8222-222222222222,staging-platform,Subscription,2026-05-01T00:00:00Z,2026-06-01T00:00:00Z,2026-05-08T17:00:00Z,2026-05-08T18:00:00Z,Usage,,AKS node pool hours,Usage-Based,0.1719498276,0.1719498276,0.191055364,0.1719498276,0.1910553640,0.1719498276,Standard,1.0000,Hours,USD,0.1719498276,0.1719498276,0.1910553640,USD,1.0000,Hours,Azure Kubernetes Service,Compute,Containers,AZ-AZUR-c7c78a,Compute,AZSP-2ecf8d6e,"{""InstanceType"":""Standard_D4s_v5"",""CoreCount"":4,""MemorySize"":16,""x_NodePool"":""system""}",/subscriptions/22222222-2222-4222-8222-222222222222/resourceGroups/rg-staging-platform/providers/Microsoft.ContainerService/managedClusters/aks-5032e1d8,aks-5032e1d8,Managed Cluster,southeastasia,Southeast Asia,,,,,,,,,,,"{""Environment"":""staging"",""CostCenter"":""cc-2087"",""Owner"":""team-payments""}"
Microsoft Azure,Microsoft,Microsoft Azure,INV-2026-05-000001,8a1b2c3d-0000-4a00-9000-000000000001,ExampleCorp MCA - Primary,Microsoft Customer Agreement,11111111-1111-4111-8111-111111111111,prod-platform,Subscription,2026-05-01T00:00:00Z,2026-06-01T00:00:00Z,2026-05-19T00:00:00Z,2026-05-20T00:00:00Z,Usage,,Log data ingested,Usage-Based,580.6168953391443,580.6168953391443,645.12988371934557,580.6168953391443,2.3411840367,2.1070656330,Standard,275.5571,GB,USD,2.1070656330,580.6168953391443,2.3411840367,USD,275.5571,GB,Azure Monitor,Management and Governance,Observability,AZ-AZUR-207835,Monitoring,AZSP-e104267b,"{""x_DataType"":""Logs""}",/subscriptions/11111111-1111-4111-8111-111111111111/resourceGroups/rg-prod-platform/providers/Microsoft.OperationalInsights/workspaces/law-3619d8a3,law-3619d8a3,Log Analytics Workspace,westeurope,West Europe,,,,,,,,,,,"{""Environment"":""staging"",""CostCenter"":""cc-1042"",""Owner"":""team-payments""}"
Microsoft Azure,Microsoft,Microsoft Azure,INV-2026-05-000001,8a1b2c3d-0000-4a00-9000-000000000001,ExampleCorp MCA - Primary,Microsoft Customer Agreement,11111111-1111-4111-8111-111111111111,prod-platform,Subscription,2026-05-01T00:00:00Z,2026-06-01T00:00:00Z,2026-05-20T00:00:00Z,2026-05-21T00:00:00Z,Usage,,VNet peering data transfer,Usage-Based,16.36433280709136,16.36433280709136,18.18259198731599,16.36433280709136,0.0098247271,0.0088422544,Standard,1850.6969,GB,USD,0.0088422544,16.36433280709136,0.0098247271,USD,1850.6969,GB,Virtual Network,Networking,Network Connectivity,AZ-VIRT-961ed8,Data Transfer,AZSP-69a0f9fa,"{""x_TransferType"":""Peering""}",/subscriptions/11111111-1111-4111-8111-111111111111/resourceGroups/rg-prod-platform/providers/Microsoft.Network/virtualNetworks/vnet-7113db76,vnet-7113db76,Virtual Network,eastus,East US,,,,,,,,,,,"{""Environment"":""prod"",""CostCenter"":""cc-3110"",""Owner"":""team-platform""}"
Microsoft Azure,Microsoft,Microsoft Azure,INV-2026-05-000002,8a1b2c3d-0000-4a00-9000-000000000002,ExampleCorp MCA - Secondary,Microsoft Customer Agreement,44444444-4444-4444-8444-444444444444,sandbox-dev,Subscription,2026-05-01T00:00:00Z,2026-06-01T00:00:00Z,2026-05-21T00:00:00Z,2026-05-22T00:00:00Z,Purchase,,Azure Blob Storage subscription fee,Recurring,28.770540,0,28.770540,28.770540,28.770540,28.770540,Standard,1,Units,USD,28.7705400000,0,28.7705400000,USD,,,Azure Blob Storage,Storage,Object Storage,AZ-AZUR-c15082,Storage,AZSP-73fcf02a,"{""x_StorageClass"":""Hot"",""x_Redundancy"":""LRS""}",/subscriptions/44444444-4444-4444-8444-444444444444/resourceGroups/rg-sandbox-dev/providers/Microsoft.Storage/storageAccounts/storfe766a32,storfe766a32,Storage Account,southeastasia,Southeast Asia,,,,,,,,,,,"{""Environment"":""dev"",""CostCenter"":""cc-1042"",""Owner"":""team-platform""}"
Microsoft Azure,Microsoft,Microsoft Azure,INV-2026-05-000002,8a1b2c3d-0000-4a00-9000-000000000002,ExampleCorp MCA - Secondary,Microsoft Customer Agreement,22222222-2222-4222-8222-222222222222,staging-platform,Subscription,2026-05-01T00:00:00Z,2026-06-01T00:00:00Z,2026-05-08T21:00:00Z,2026-05-08T22:00:00Z,Usage,,Provisioned throughput,Usage-Based,0.0070320247,0.0070320247,0.0078133608,0.0070320247,0.0078133608,0.0070320247,Standard,1.0000,Hours,USD,0.0070320247,0.0070320247,0.0078133608,USD,1.0000,Hours,Azure Cosmos DB,Databases,NoSQL Databases,AZ-AZUR-1496d7,Database,AZSP-15e46389,"{""x_CapacityMode"":""Provisioned""}",/subscriptions/22222222-2222-4222-8222-222222222222/resourceGroups/rg-staging-platform/providers/Microsoft.DocumentDB/databaseAccounts/cosmos-d5bda259,cosmos-d5bda259,Cosmos DB Account,westeurope,West Europe,,,,,,,,,,,"{""Environment"":""prod"",""CostCenter"":""cc-3110"",""Owner"":""team-platform""}"
Microsoft Azure,Microsoft,Microsoft Azure,INV-2026-05-000001,8a1b2c3d-0000-4a00-9000-000000000001,ExampleCorp MCA - Primary,Microsoft Customer Agreement,33333333-3333-4333-8333-333333333333,data-analytics,Subscription,2026-05-01T00:00:00Z,2026-06-01T00:00:00Z,2026-05-23T00:00:00Z,2026-05-24T00:00:00Z,Usage,,Log data ingested,Usage-Based,357.30833296815435,357.30833296815435,397.00925884788335,357.30833296815435,2.3541192203,2.1187072983,Standard,168.6445,GB,EUR,1.9492107144,328.723666330702002,2.1657896827,USD,168.6445,GB,Azure Monitor,Management and Governance,Observability,AZ-AZUR-cc01d6,Monitoring,AZSP-f64810a7,"{""x_DataType"":""Logs""}",/subscriptions/33333333-3333-4333-8333-333333333333/resourceGroups/rg-data-analytics/providers/Microsoft.OperationalInsights/workspaces/law-d7b8ba86,law-d7b8ba86,Log Analytics Workspace,westus2,West US 2,,,,,,,,,,,"{""Environment"":""prod"",""CostCenter"":""cc-1042"",""Owner"":""team-platform""}"
Microsoft Azure,Microsoft,Microsoft Azure,INV-2026-05-000001,8a1b2c3d-0000-4a00-9000-000000000001,ExampleCorp MCA - Primary,Microsoft Customer Agreement,44444444-4444-4444-8444-444444444444,sandbox-dev,Subscription,2026-05-01T00:00:00Z,2026-06-01T00:00:00Z,2026-05-24T00:00:00Z,2026-05-25T00:00:00Z,Usage,,VNet peering data transfer,Usage-Based,3.85948908845712,3.85948908845712,4.28832122382288,3.85948908845712,0.0099087237,0.0089178513,Standard,432.7824,GB,USD,0.0089178513,3.85948908845712,0.0099087237,USD,432.7824,GB,Virtual Network,Networking,Network Connectivity,AZ-VIRT-ce8e99,Data Transfer,AZSP-189d0be0,"{""x_TransferType"":""Peering""}",/subscriptions/44444444-4444-4444-8444-444444444444/resourceGroups/rg-sandbox-dev/providers/Microsoft.Network/virtualNetworks/vnet-46a86afa,vnet-46a86afa,Virtual Network,westeurope,West Europe,,,,,,,,,,,"{""Environment"":""dev"",""CostCenter"":""cc-1042"",""Owner"":""team-payments""}"
Microsoft Azure,Microsoft,Microsoft Azure,INV-2026-05-000001,8a1b2c3d-0000-4a00-9000-000000000001,ExampleCorp MCA - Primary,Microsoft Customer Agreement,44444444-4444-4444-8444-444444444444,sandbox-dev,Subscription,2026-05-01T00:00:00Z,2026-06-01T00:00:00Z,2026-05-25T00:00:00Z,2026-05-26T00:00:00Z,Tax,,Tax for Azure Functions,One-Time,15.572049,15.572049,15.572049,15.572049,,,,,,,,,,USD,,,Azure Functions,Compute,Serverless Compute,,,,,,,,,,,,,,,,,,,,"{""Environment"":""staging"",""CostCenter"":""cc-1042"",""Owner"":""team-platform""}"
Microsoft Azure,Microsoft,Microsoft Azure,INV-2026-05-000001,8a1b2c3d-0000-4a00-9000-000000000001,ExampleCorp MCA - Primary,Microsoft Customer Agreement,11111111-1111-4111-8111-111111111111,prod-platform,Subscription,2026-05-01T00:00:00Z,2026-06-01T00:00:00Z,2026-05-09T01:00:00Z,2026-05-09T02:00:00Z,Usage,,Provisioned throughput,Usage-Based,0.0070263469,0.0070263469,0.0078070521,0.0070263469,0.0078070521,0.0070263469,Standard,1.0000,Hours,USD,0.0070263469,0.0070263469,0.0078070521,USD,1.0000,Hours,Azure Cosmos DB,Databases,NoSQL Databases,AZ-AZUR-222c40,Database,AZSP-a07dd681,"{""x_CapacityMode"":""Provisioned""}",/subscriptions/11111111-1111-4111-8111-111111111111/resourceGroups/rg-prod-platform/providers/Microsoft.DocumentDB/databaseAccounts/cosmos-4ab32222,cosmos-4ab32222,Cosmos DB Account,westus2,West US 2,,,,,,,,,,,"{""Environment"":""staging"",""CostCenter"":""cc-3110"",""Owner"":""team-data""}"
Microsoft Azure,Microsoft,Microsoft Azure,INV-2026-05-000002,8a1b2c3d-0000-4a00-9000-000000000002,ExampleCorp MCA - Secondary,Microsoft Customer Agreement,22222222-2222-4222-8222-222222222222,staging-platform,Subscription,2026-05-01T00:00:00Z,2026-06-01T00:00:00Z,2026-05-27T00:00:00Z,2026-05-28T00:00:00Z,Tax,,Tax for Azure Kubernetes Service,One-Time,49.395429,49.395429,49.395429,49.395429,,,,,,,,,,USD,,,Azure Kubernetes Service,Compute,Containers,,,,,,,,,,,,,,,,,,,,"{""Environment"":""prod"",""CostCenter"":""cc-2087"",""Owner"":""team-payments""}"
Microsoft Azure,Microsoft,Microsoft Azure,INV-2026-05-000001,8a1b2c3d-0000-4a00-9000-000000000001,ExampleCorp MCA - Primary,Microsoft Customer Agreement,44444444-4444-4444-8444-444444444444,sandbox-dev,Subscription,2026-05-01T00:00:00Z,2026-06-01T00:00:00Z,2026-05-09T03:00:00Z,2026-05-09T04:00:00Z,Usage,,Standard_D4s_v5 instance,Usage-Based,0.1711277983,0.1711277983,0.1901419981,0.1711277983,0.1901419981,0.1711277983,Standard,1.0000,Hours,USD,0.1711277983,0.1711277983,0.1901419981,USD,1.0000,Hours,Virtual Machines,Compute,Virtual Machines,AZ-VIRT-8c0c23,Compute,AZSP-efd98a80,"{""InstanceType"":""Standard_D4s_v5"",""InstanceSeries"":""Ddsv5"",""CoreCount"":4,""MemorySize"":16,""OperatingSystem"":""Linux"",""x_Tenancy"":""Shared""}",/subscriptions/44444444-4444-4444-8444-444444444444/resourceGroups/rg-sandbox-dev/providers/Microsoft.Compute/virtualMachines/vm-67aeb31a,vm-67aeb31a,Virtual Machine,eastus,East US,eastus-3,,,,,,,,,,"{""Environment"":""staging"",""CostCenter"":""cc-3110"",""Owner"":""team-data""}"
Microsoft Azure,Microsoft,Microsoft Azure,INV-2026-05-000001,8a1b2c3d-0000-4a00-9000-000000000001,ExampleCorp MCA - Primary,Microsoft Customer Agreement,22222222-2222-4222-8222-222222222222,staging-platform,Subscription,2026-05-01T00:00:00Z,2026-06-01T00:00:00Z,2026-05-09T04:00:00Z,2026-05-09T05:00:00Z,Usage,,Function execution duration,Usage-Based,55.8688536387417,55.8688536387417,62.0764616604591,55.8688536387417,0.0000162741,0.0000146467,Standard,3814432.8510,GB-Seconds,USD,0.0000146467,55.8688536387417,0.0000162741,USD,3814432.8510,GB-Seconds,Azure Functions,Compute,Serverless Compute,AZ-AZUR-6d129c,Compute,AZSP-d7a8ab1c,"{""x_Plan"":""Consumption"",""x_Runtime"":""dotnet8""}",/subscriptions/22222222-2222-4222-8222-222222222222/resourceGroups/rg-staging-platform/providers/Microsoft.Web/sites/func-ef1a2c4d,func-ef1a2c4d,Function App,westus2,West US 2,,,,,,,,,,,"{""Environment"":""staging"",""CostCenter"":""cc-3110"",""Owner"":""team-payments""}"
Microsoft Azure,Microsoft,Microsoft Azure,INV-2026-05-000002,8a1b2c3d-0000-4a00-9000-000000000002,ExampleCorp MCA - Secondary,Microsoft Customer Agreement,33333333-3333-4333-8333-333333333333,data-analytics,Subscription,2026-05-01T00:00:00Z,2026-06-01T00:00:00Z,2026-05-09T05:00:00Z,2026-05-09T06:00:00Z,Usage,,General Purpose 4 vCore,Usage-Based,0.4667706952,0.4667706952,0.5186341058,0.4667706952,0.5186341058,0.4667706952,Standard,1.0000,Hours,USD,0.4667706952,0.4667706952,0.5186341058,USD,1.0000,Hours,Azure SQL Database,Databases,Relational Databases,AZ-AZUR-9a4ad7,Database,AZSP-2b48f608,"{""InstanceType"":""GP_Gen5_4"",""CoreCount"":4,""MemorySize"":20,""x_Engine"":""SQLServer""}",/subscriptions/33333333-3333-4333-8333-333333333333/resourceGroups/rg-data-analytics/providers/Microsoft.Sql/servers/databases/sqldb-f8c20a62,sqldb-f8c20a62,SQL Database,eastus,East US,,,,,,,,,,,"{""Environment"":""dev"",""CostCenter"":""cc-2087"",""Owner"":""team-payments""}"
Microsoft Azure,Microsoft,Microsoft Azure,INV-2026-05-000002,8a1b2c3d-0000-4a00-9000-000000000002,ExampleCorp MCA - Secondary,Microsoft Customer Agreement,44444444-4444-4444-8444-444444444444,sandbox-dev,Subscription,2026-05-01T00:00:00Z,2026-06-01T00:00:00Z,2026-05-09T06:00:00Z,2026-05-09T07:00:00Z,Usage,,General Purpose 4 vCore,Usage-Based,0.441975555,0.441975555,0.49108395,0.441975555,0.4910839500,0.4419755550,Standard,1.0000,Hours,USD,0.4419755550,0.441975555,0.4910839500,USD,1.0000,Hours,Azure SQL Database,Databases,Relational Databases,AZ-AZUR-f2c419,Database,AZSP-bd129031,"{""InstanceType"":""GP_Gen5_4"",""CoreCount"":4,""MemorySize"":20,""x_Engine"":""SQLServer""}",/subscriptions/44444444-4444-4444-8444-444444444444/resourceGroups/rg-sandbox-dev/providers/Microsoft.Sql/servers/databases/sqldb-e1df51c3,sqldb-e1df51c3,SQL Database,southeastasia,Southeast Asia,,,,,,,,,,,"{""Environment"":""staging"",""CostCenter"":""cc-2087"",""Owner"":""team-platform""}"
Microsoft Azure,Microsoft,Microsoft Azure,INV-2026-05-000002,8a1b2c3d-0000-4a00-9000-000000000002,ExampleCorp MCA - Secondary,Microsoft Customer Agreement,44444444-4444-4444-8444-444444444444,sandbox-dev,Subscription,2026-05-01T00:00:00Z,2026-06-01T00:00:00Z,2026-05-01T00:00:00Z,2026-06-01T00:00:00Z,Usage,,Hot LRS data stored,Usage-Based,118.69877197571268,118.69877197571268,131.88752433668196,118.69877197571268,0.0181416081,0.0163274473,Standard,7269.8916,GB-Months,USD,0.0163274473,118.69877197571268,0.0181416081,USD,7269.8916,GB-Months,Azure Blob Storage,Storage,Object Storage,AZ-AZUR-9718f3,Storage,AZSP-180f9653,"{""x_StorageClass"":""Hot"",""x_Redundancy"":""LRS""}",/subscriptions/44444444-4444-4444-8444-444444444444/resourceGroups/rg-sandbox-dev/providers/Microsoft.Storage/storageAccounts/storfcaeecce,storfcaeecce,Storage Account,southeastasia,Southeast Asia,,,,,,,,,,,"{""Environment"":""dev"",""CostCenter"":""cc-1042"",""Owner"":""team-platform""}"
Microsoft Azure,Microsoft,Microsoft Azure,INV-2026-05-000001,8a1b2c3d-0000-4a00-9000-000000000001,ExampleCorp MCA - Primary,Microsoft Customer Agreement,22222222-2222-4222-8222-222222222222,staging-platform,Subscription,2026-05-01T00:00:00Z,2026-06-01T00:00:00Z,2026-05-01T00:00:00Z,2026-06-01T00:00:00Z,Usage,,Hot LRS data stored,Usage-Based,128.5741075520096,128.5741075520096,142.86011941764718,128.5741075520096,0.0187659911,0.0168893920,Standard,7612.7138,GB-Months,USD,0.0168893920,128.5741075520096,0.0187659911,USD,7612.7138,GB-Months,Azure Blob Storage,Storage,Object Storage,AZ-AZUR-8fdadd,Storage,AZSP-4a67ec8b,"{""x_StorageClass"":""Hot"",""x_Redundancy"":""LRS""}",/subscriptions/22222222-2222-4222-8222-222222222222/resourceGroups/rg-staging-platform/providers/Microsoft.Storage/storageAccounts/stor917d1bb9,stor917d1bb9,Storage Account,westus2,West US 2,,,,,,,,,,,"{""Environment"":""dev"",""CostCenter"":""cc-3110"",""Owner"":""team-platform""}"
Microsoft Azure,Microsoft,Microsoft Azure,INV-2026-05-000002,8a1b2c3d-0000-4a00-9000-000000000002,ExampleCorp MCA - Secondary,Microsoft Customer Agreement,22222222-2222-4222-8222-222222222222,staging-platform,Subscription,2026-05-01T00:00:00Z,2026-06-01T00:00:00Z,2026-05-09T09:00:00Z,2026-05-09T10:00:00Z,Usage,,Standard_D4s_v5 instance,Usage-Based,0.1738036283,0.1738036283,0.1931151426,0.1738036283,0.1931151426,0.1738036283,Standard,1.0000,Hours,USD,0.1738036283,0.1738036283,0.1931151426,USD,1.0000,Hours,Virtual Machines,Compute,Virtual Machines,AZ-VIRT-fc859c,Compute,AZSP-4aec8a61,"{""InstanceType"":""Standard_D4s_v5"",""InstanceSeries"":""Ddsv5"",""CoreCount"":4,""MemorySize"":16,""OperatingSystem"":""Linux"",""x_Tenancy"":""Shared""}",/subscriptions/22222222-2222-4222-8222-222222222222/resourceGroups/rg-staging-platform/providers/Microsoft.Compute/virtualMachines/vm-b5ccdc9c,vm-b5ccdc9c,Virtual Machine,southeastasia,Southeast Asia,southeastasia-1,,,,,,,,,,"{""Environment"":""prod"",""CostCenter"":""cc-3110"",""Owner"":""team-data""}"
Microsoft Azure,Microsoft,Microsoft Azure,INV-2026-05-000001,8a1b2c3d-0000-4a00-9000-000000000001,ExampleCorp MCA - Primary,Microsoft Customer Agreement,22222222-2222-4222-8222-222222222222,staging-platform,Subscription,2026-05-01T00:00:00Z,2026-06-01T00:00:00Z,2026-05-07T00:00:00Z,2026-05-08T00:00:00Z,Usage,,VNet peering data transfer,Usage-Based,40.83145620965372,40.83145620965372,45.36828447083816,40.83145620965372,0.0097619014,0.0087857113,Standard,4647.4844,GB,USD,0.0087857113,40.83145620965372,0.0097619014,USD,4647.4844,GB,Virtual Network,Networking,Network Connectivity,AZ-VIRT-9f567d,Data Transfer,AZSP-a75da2a2,"{""x_TransferType"":""Peering""}",/subscriptions/22222222-2222-4222-8222-222222222222/resourceGroups/rg-staging-platform/providers/Microsoft.Network/virtualNetworks/vnet-23a8d160,vnet-23a8d160,Virtual Network,westus2,West US 2,,,,,,,,,,,"{""Environment"":""staging"",""CostCenter"":""cc-2087"",""Owner"":""team-data""}"
Microsoft Azure,Microsoft,Microsoft Azure,INV-2026-05-000001,8a1b2c3d-0000-4a00-9000-000000000001,ExampleCorp MCA - Primary,Microsoft Customer Agreement,11111111-1111-4111-8111-111111111111,prod-platform,Subscription,2026-05-01T00:00:00Z,2026-06-01T00:00:00Z,2026-05-08T00:00:00Z,2026-05-09T00:00:00Z,Usage,,VNet peering data transfer,Usage-Based,18.83111523720553,18.83111523720553,20.92346146749334,18.83111523720553,0.0100185986,0.0090167387,Standard,2088.4619,GB,USD,0.0090167387,18.83111523720553,0.0100185986,USD,2088.4619,GB,Virtual Network,Networking,Network Connectivity,AZ-VIRT-80bcd0,Data Transfer,AZSP-c977463d,"{""x_TransferType"":""Peering""}",/subscriptions/11111111-1111-4111-8111-111111111111/resourceGroups/rg-prod-platform/providers/Microsoft.Network/virtualNetworks/vnet-485dbfb8,vnet-485dbfb8,Virtual Network,westeurope,West Europe,,,,,,,,,,,"{""Environment"":""prod"",""CostCenter"":""cc-1042"",""Owner"":""team-platform""}"
Microsoft Azure,Microsoft,Microsoft Azure,INV-2026-05-000001,8a1b2c3d-0000-4a00-9000-000000000001,ExampleCorp MCA - Primary,Microsoft Customer Agreement,22222222-2222-4222-8222-222222222222,staging-platform,Subscription,2026-05-01T00:00:00Z,2026-06-01T00:00:00Z,2026-05-09T12:00:00Z,2026-05-09T13:00:00Z,Usage,,Standard_D4s_v5 instance,Usage-Based,0.170688087,0.170688087,0.18965343,0.170688087,0.1896534300,0.1706880870,Standard,1.0000,Hours,USD,0.1706880870,0.170688087,0.1896534300,USD,1.0000,Hours,Virtual Machines,Compute,Virtual Machines,AZ-VIRT-fb4c76,Compute,AZSP-ff03981c,"{""InstanceType"":""Standard_D4s_v5"",""InstanceSeries"":""Ddsv5"",""CoreCount"":4,""MemorySize"":16,""OperatingSystem"":""Linux"",""x_Tenancy"":""Shared""}",/subscriptions/22222222-2222-4222-8222-222222222222/resourceGroups/rg-staging-platform/providers/Microsoft.Compute/virtualMachines/vm-fbdabee9,vm-fbdabee9,Virtual Machine,westeurope,West Europe,westeurope-1,,,,,,,,,,"{""Environment"":""staging"",""CostCenter"":""cc-2087"",""Owner"":""team-platform""}"
Microsoft Azure,Microsoft,Microsoft Azure,INV-2026-05-000002,8a1b2c3d-0000-4a00-9000-000000000002,ExampleCorp MCA - Secondary,Microsoft Customer Agreement,11111111-1111-4111-8111-111111111111,prod-platform,Subscription,2026-05-01T00:00:00Z,2026-06-01T00:00:00Z,2026-05-09T13:00:00Z,2026-05-09T14:00:00Z,Purchase,,"Savings Plan commitment, amortised for the charge period",Recurring,0.128064,0,0.128064,0.128064,1,1,Standard,0.128064,USD,USD,1.0000000000,0,1.0000000000,USD,,,Virtual Machines,Compute,Virtual Machines,AZ-COMMIT-f35db7,Commitment,AZSP-1a10fd30,"{""x_Term"":""P1Y"",""x_PaymentOption"":""NoUpfront""}",/subscriptions/11111111-1111-4111-8111-111111111111/providers/Microsoft.BillingBenefits/savingsPlans/b2d8409ac86e,savingsPlans-90522aac8d,Savings Plan,westeurope,West Europe,,/subscriptions/11111111-1111-4111-8111-111111111111/providers/Microsoft.BillingBenefits/savingsPlans/b2d8409ac86e,AzureSavingsPlan-1yr-NoUpfront,Spend,Savings Plan,,0.128064,USD,,,"{""Environment"":""staging"",""CostCenter"":""cc-3110"",""Owner"":""team-platform""}"
Microsoft Azure,Microsoft,Microsoft Azure,INV-2026-05-000002,8a1b2c3d-0000-4a00-9000-000000000002,ExampleCorp MCA - Secondary,Microsoft Customer Agreement,11111111-1111-4111-8111-111111111111,prod-platform,Subscription,2026-05-01T00:00:00Z,2026-06-01T00:00:00Z,2026-05-09T13:00:00Z,2026-05-09T14:00:00Z,Usage,,Virtual Machines committed usage,Usage-Based,0,0.128064,0.192,0.1728,0.1920000000,0.1728000000,Committed,1,Hours,USD,0.1728000000,0.128064,0.1920000000,USD,1,Hours,Virtual Machines,Compute,Virtual Machines,AZ-VIRT-a4e095,Compute,AZSP-97c6882c,"{""InstanceType"":""Standard_D4s_v5"",""InstanceSeries"":""Ddsv5"",""CoreCount"":4,""MemorySize"":16,""OperatingSystem"":""Linux"",""x_Tenancy"":""Shared""}",/subscriptions/11111111-1111-4111-8111-111111111111/resourceGroups/rg-prod-platform/providers/Microsoft.Compute/virtualMachines/vm-00006f95e7,vm-00006f95e7,Virtual Machine,westeurope,West Europe,westeurope-2,/subscriptions/11111111-1111-4111-8111-111111111111/providers/Microsoft.BillingBenefits/savingsPlans/b2d8409ac86e,AzureSavingsPlan-1yr-NoUpfront,Spend,Savings Plan,Used,0.128064,USD,,,"{""Environment"":""staging"",""CostCenter"":""cc-3110"",""Owner"":""team-data""}"
Microsoft Azure,Microsoft,Microsoft Azure,INV-2026-05-000002,8a1b2c3d-0000-4a00-9000-000000000002,ExampleCorp MCA - Secondary,Microsoft Customer Agreement,11111111-1111-4111-8111-111111111111,prod-platform,Subscription,2026-05-01T00:00:00Z,2026-06-01T00:00:00Z,2026-05-09T14:00:00Z,2026-05-09T15:00:00Z,Purchase,,"Savings Plan commitment, amortised for the charge period",Recurring,0.128064,0,0.128064,0.128064,1,1,Standard,0.128064,USD,USD,1.0000000000,0,1.0000000000,USD,,,Virtual Machines,Compute,Virtual Machines,AZ-COMMIT-f35db7,Commitment,AZSP-1a10fd30,"{""x_Term"":""P1Y"",""x_PaymentOption"":""NoUpfront""}",/subscriptions/11111111-1111-4111-8111-111111111111/providers/Microsoft.BillingBenefits/savingsPlans/b2d8409ac86e,savingsPlans-90522aac8d,Savings Plan,westeurope,West Europe,,/subscriptions/11111111-1111-4111-8111-111111111111/providers/Microsoft.BillingBenefits/savingsPlans/b2d8409ac86e,AzureSavingsPlan-1yr-NoUpfront,Spend,Savings Plan,,0.128064,USD,,,"{""Environment"":""prod"",""CostCenter"":""cc-2087"",""Owner"":""team-data""}"
Microsoft Azure,Microsoft,Microsoft Azure,INV-2026-05-000002,8a1b2c3d-0000-4a00-9000-000000000002,ExampleCorp MCA - Secondary,Microsoft Customer Agreement,11111111-1111-4111-8111-111111111111,prod-platform,Subscription,2026-05-01T00:00:00Z,2026-06-01T00:00:00Z,2026-05-09T14:00:00Z,2026-05-09T15:00:00Z,Usage,,Virtual Machines committed usage,Usage-Based,0,0.128064,0.192,0.1728,0.1920000000,0.1728000000,Committed,1,Hours,USD,0.1728000000,0.128064,0.1920000000,USD,1,Hours,Virtual Machines,Compute,Virtual Machines,AZ-VIRT-da268e,Compute,AZSP-93d797fd,"{""InstanceType"":""Standard_D4s_v5"",""InstanceSeries"":""Ddsv5"",""CoreCount"":4,""MemorySize"":16,""OperatingSystem"":""Linux"",""x_Tenancy"":""Shared""}",/subscriptions/11111111-1111-4111-8111-111111111111/resourceGroups/rg-prod-platform/providers/Microsoft.Compute/virtualMachines/vm-00010d5552,vm-00010d5552,Virtual Machine,westeurope,West Europe,westeurope-2,/subscriptions/11111111-1111-4111-8111-111111111111/providers/Microsoft.BillingBenefits/savingsPlans/b2d8409ac86e,AzureSavingsPlan-1yr-NoUpfront,Spend,Savings Plan,Used,0.128064,USD,,,"{""Environment"":""prod"",""CostCenter"":""cc-2087"",""Owner"":""team-platform""}"
Microsoft Azure,Microsoft,Microsoft Azure,INV-2026-05-000002,8a1b2c3d-0000-4a00-9000-000000000002,ExampleCorp MCA - Secondary,Microsoft Customer Agreement,11111111-1111-4111-8111-111111111111,prod-platform,Subscription,2026-05-01T00:00:00Z,2026-06-01T00:00:00Z,2026-05-09T15:00:00Z,2026-05-09T16:00:00Z,Purchase,,"Savings Plan commitment, amortised for the charge period",Recurring,0.128064,0,0.128064,0.128064,1,1,Standard,0.128064,USD,USD,1.0000000000,0,1.0000000000,USD,,,Virtual Machines,Compute,Virtual Machines,AZ-COMMIT-f35db7,Commitment,AZSP-1a10fd30,"{""x_Term"":""P1Y"",""x_PaymentOption"":""NoUpfront""}",/subscriptions/11111111-1111-4111-8111-111111111111/providers/Microsoft.BillingBenefits/savingsPlans/b2d8409ac86e,savingsPlans-90522aac8d,Savings Plan,westeurope,West Europe,,/subscriptions/11111111-1111-4111-8111-111111111111/providers/Microsoft.BillingBenefits/savingsPlans/b2d8409ac86e,AzureSavingsPlan-1yr-NoUpfront,Spend,Savings Plan,,0.128064,USD,,,"{""Environment"":""dev"",""CostCenter"":""cc-2087"",""Owner"":""team-payments""}"
Microsoft Azure,Microsoft,Microsoft Azure,INV-2026-05-000002,8a1b2c3d-0000-4a00-9000-000000000002,ExampleCorp MCA - Secondary,Microsoft Customer Agreement,11111111-1111-4111-8111-111111111111,prod-platform,Subscription,2026-05-01T00:00:00Z,2026-06-01T00:00:00Z,2026-05-09T15:00:00Z,2026-05-09T16:00:00Z,Usage,,Virtual Machines committed usage,Usage-Based,0,0.128064,0.192,0.1728,0.1920000000,0.1728000000,Committed,1,Hours,USD,0.1728000000,0.128064,0.1920000000,USD,1,Hours,Virtual Machines,Compute,Virtual Machines,AZ-VIRT-b4253e,Compute,AZSP-3a9d62c0,"{""InstanceType"":""Standard_D4s_v5"",""InstanceSeries"":""Ddsv5"",""CoreCount"":4,""MemorySize"":16,""OperatingSystem"":""Linux"",""x_Tenancy"":""Shared""}",/subscriptions/11111111-1111-4111-8111-111111111111/resourceGroups/rg-prod-platform/providers/Microsoft.Compute/virtualMachines/vm-000262eaa6,vm-000262eaa6,Virtual Machine,westeurope,West Europe,westeurope-2,/subscriptions/11111111-1111-4111-8111-111111111111/providers/Microsoft.BillingBenefits/savingsPlans/b2d8409ac86e,AzureSavingsPlan-1yr-NoUpfront,Spend,Savings Plan,Used,0.128064,USD,,,"{""Environment"":""prod"",""CostCenter"":""cc-2087"",""Owner"":""team-platform""}"
Microsoft Azure,Microsoft,Microsoft Azure,INV-2026-05-000002,8a1b2c3d-0000-4a00-9000-000000000002,ExampleCorp MCA - Secondary,Microsoft Customer Agreement,11111111-1111-4111-8111-111111111111,prod-platform,Subscription,2026-05-01T00:00:00Z,2026-06-01T00:00:00Z,2026-05-09T16:00:00Z,2026-05-09T17:00:00Z,Purchase,,"Savings Plan commitment, amortised for the charge period",Recurring,0.128064,0,0.128064,0.128064,1,1,Standard,0.128064,USD,USD,1.0000000000,0,1.0000000000,USD,,,Virtual Machines,Compute,Virtual Machines,AZ-COMMIT-f35db7,Commitment,AZSP-1a10fd30,"{""x_Term"":""P1Y"",""x_PaymentOption"":""NoUpfront""}",/subscriptions/11111111-1111-4111-8111-111111111111/providers/Microsoft.BillingBenefits/savingsPlans/b2d8409ac86e,savingsPlans-90522aac8d,Savings Plan,westeurope,West Europe,,/subscriptions/11111111-1111-4111-8111-111111111111/providers/Microsoft.BillingBenefits/savingsPlans/b2d8409ac86e,AzureSavingsPlan-1yr-NoUpfront,Spend,Savings Plan,,0.128064,USD,,,"{""Environment"":""dev"",""CostCenter"":""cc-2087"",""Owner"":""team-payments""}"
Microsoft Azure,Microsoft,Microsoft Azure,INV-2026-05-000002,8a1b2c3d-0000-4a00-9000-000000000002,ExampleCorp MCA - Secondary,Microsoft Customer Agreement,11111111-1111-4111-8111-111111111111,prod-platform,Subscription,2026-05-01T00:00:00Z,2026-06-01T00:00:00Z,2026-05-09T16:00:00Z,2026-05-09T17:00:00Z,Usage,,Virtual Machines committed usage,Usage-Based,0,0.128064,0.192,0.1728,0.1920000000,0.1728000000,Committed,1,Hours,USD,0.1728000000,0.128064,0.1920000000,USD,1,Hours,Virtual Machines,Compute,Virtual Machines,AZ-VIRT-412260,Compute,AZSP-de147a91,"{""InstanceType"":""Standard_D4s_v5"",""InstanceSeries"":""Ddsv5"",""CoreCount"":4,""MemorySize"":16,""OperatingSystem"":""Linux"",""x_Tenancy"":""Shared""}",/subscriptions/11111111-1111-4111-8111-111111111111/resourceGroups/rg-prod-platform/providers/Microsoft.Compute/virtualMachines/vm-00033cd9dc,vm-00033cd9dc,Virtual Machine,westeurope,West Europe,westeurope-2,/subscriptions/11111111-1111-4111-8111-111111111111/providers/Microsoft.BillingBenefits/savingsPlans/b2d8409ac86e,AzureSavingsPlan-1yr-NoUpfront,Spend,Savings Plan,Used,0.128064,USD,,,"{""Environment"":""dev"",""CostCenter"":""cc-2087"",""Owner"":""team-payments""}"
Microsoft Azure,Microsoft,Microsoft Azure,INV-2026-05-000002,8a1b2c3d-0000-4a00-9000-000000000002,ExampleCorp MCA - Secondary,Microsoft Customer Agreement,11111111-1111-4111-8111-111111111111,prod-platform,Subscription,2026-05-01T00:00:00Z,2026-06-01T00:00:00Z,2026-05-09T17:00:00Z,2026-05-09T18:00:00Z,Purchase,,"Savings Plan commitment, amortised for the charge period",Recurring,0.128064,0,0.128064,0.128064,1,1,Standard,0.128064,USD,USD,1.0000000000,0,1.0000000000,USD,,,Virtual Machines,Compute,Virtual Machines,AZ-COMMIT-f35db7,Commitment,AZSP-1a10fd30,"{""x_Term"":""P1Y"",""x_PaymentOption"":""NoUpfront""}",/subscriptions/11111111-1111-4111-8111-111111111111/providers/Microsoft.BillingBenefits/savingsPlans/b2d8409ac86e,savingsPlans-90522aac8d,Savings Plan,westeurope,West Europe,,/subscriptions/11111111-1111-4111-8111-111111111111/providers/Microsoft.BillingBenefits/savingsPlans/b2d8409ac86e,AzureSavingsPlan-1yr-NoUpfront,Spend,Savings Plan,,0.128064,USD,,,"{""Environment"":""dev"",""CostCenter"":""cc-3110"",""Owner"":""team-platform""}"
Microsoft Azure,Microsoft,Microsoft Azure,INV-2026-05-000002,8a1b2c3d-0000-4a00-9000-000000000002,ExampleCorp MCA - Secondary,Microsoft Customer Agreement,11111111-1111-4111-8111-111111111111,prod-platform,Subscription,2026-05-01T00:00:00Z,2026-06-01T00:00:00Z,2026-05-09T17:00:00Z,2026-05-09T18:00:00Z,Usage,,Virtual Machines committed usage,Usage-Based,0,0.128064,0.192,0.1728,0.1920000000,0.1728000000,Committed,1,Hours,USD,0.1728000000,0.128064,0.1920000000,USD,1,Hours,Virtual Machines,Compute,Virtual Machines,AZ-VIRT-72944a,Compute,AZSP-0491c4e8,"{""InstanceType"":""Standard_D4s_v5"",""InstanceSeries"":""Ddsv5"",""CoreCount"":4,""MemorySize"":16,""OperatingSystem"":""Linux"",""x_Tenancy"":""Shared""}",/subscriptions/11111111-1111-4111-8111-111111111111/resourceGroups/rg-prod-platform/providers/Microsoft.Compute/virtualMachines/vm-0004eb66d9,vm-0004eb66d9,Virtual Machine,westeurope,West Europe,westeurope-2,/subscriptions/11111111-1111-4111-8111-111111111111/providers/Microsoft.BillingBenefits/savingsPlans/b2d8409ac86e,AzureSavingsPlan-1yr-NoUpfront,Spend,Savings Plan,Used,0.128064,USD,,,"{""Environment"":""dev"",""CostCenter"":""cc-2087"",""Owner"":""team-data""}"
Microsoft Azure,Microsoft,Microsoft Azure,INV-2026-05-000002,8a1b2c3d-0000-4a00-9000-000000000002,ExampleCorp MCA - Secondary,Microsoft Customer Agreement,11111111-1111-4111-8111-111111111111,prod-platform,Subscription,2026-05-01T00:00:00Z,2026-06-01T00:00:00Z,2026-05-09T18:00:00Z,2026-05-09T19:00:00Z,Purchase,,"Savings Plan commitment, amortised for the charge period",Recurring,0.128064,0,0.128064,0.128064,1,1,Standard,0.128064,USD,USD,1.0000000000,0,1.0000000000,USD,,,Virtual Machines,Compute,Virtual Machines,AZ-COMMIT-f35db7,Commitment,AZSP-1a10fd30,"{""x_Term"":""P1Y"",""x_PaymentOption"":""NoUpfront""}",/subscriptions/11111111-1111-4111-8111-111111111111/providers/Microsoft.BillingBenefits/savingsPlans/b2d8409ac86e,savingsPlans-90522aac8d,Savings Plan,westeurope,West Europe,,/subscriptions/11111111-1111-4111-8111-111111111111/providers/Microsoft.BillingBenefits/savingsPlans/b2d8409ac86e,AzureSavingsPlan-1yr-NoUpfront,Spend,Savings Plan,,0.128064,USD,,,"{""Environment"":""prod"",""CostCenter"":""cc-3110"",""Owner"":""team-platform""}"
Microsoft Azure,Microsoft,Microsoft Azure,INV-2026-05-000002,8a1b2c3d-0000-4a00-9000-000000000002,ExampleCorp MCA - Secondary,Microsoft Customer Agreement,11111111-1111-4111-8111-111111111111,prod-platform,Subscription,2026-05-01T00:00:00Z,2026-06-01T00:00:00Z,2026-05-09T18:00:00Z,2026-05-09T19:00:00Z,Usage,,Virtual Machines committed usage,Usage-Based,0,0.128064,0.192,0.1728,0.1920000000,0.1728000000,Committed,1,Hours,USD,0.1728000000,0.128064,0.1920000000,USD,1,Hours,Virtual Machines,Compute,Virtual Machines,AZ-VIRT-4c4fc8,Compute,AZSP-41e7151c,"{""InstanceType"":""Standard_D4s_v5"",""InstanceSeries"":""Ddsv5"",""CoreCount"":4,""MemorySize"":16,""OperatingSystem"":""Linux"",""x_Tenancy"":""Shared""}",/subscriptions/11111111-1111-4111-8111-111111111111/resourceGroups/rg-prod-platform/providers/Microsoft.Compute/virtualMachines/vm-0005f15174,vm-0005f15174,Virtual Machine,westeurope,West Europe,westeurope-2,/subscriptions/11111111-1111-4111-8111-111111111111/providers/Microsoft.BillingBenefits/savingsPlans/b2d8409ac86e,AzureSavingsPlan-1yr-NoUpfront,Spend,Savings Plan,Used,0.128064,USD,,,"{""Environment"":""dev"",""CostCenter"":""cc-1042"",""Owner"":""team-data""}"
Microsoft Azure,Microsoft,Microsoft Azure,INV-2026-05-000002,8a1b2c3d-0000-4a00-9000-000000000002,ExampleCorp MCA - Secondary,Microsoft Customer Agreement,11111111-1111-4111-8111-111111111111,prod-platform,Subscription,2026-05-01T00:00:00Z,2026-06-01T00:00:00Z,2026-05-09T19:00:00Z,2026-05-09T20:00:00Z,Purchase,,"Savings Plan commitment, amortised for the charge period",Recurring,0.128064,0,0.128064,0.128064,1,1,Standard,0.128064,USD,USD,1.0000000000,0,1.0000000000,USD,,,Virtual Machines,Compute,Virtual Machines,AZ-COMMIT-f35db7,Commitment,AZSP-1a10fd30,"{""x_Term"":""P1Y"",""x_PaymentOption"":""NoUpfront""}",/subscriptions/11111111-1111-4111-8111-111111111111/providers/Microsoft.BillingBenefits/savingsPlans/b2d8409ac86e,savingsPlans-90522aac8d,Savings Plan,westeurope,West Europe,,/subscriptions/11111111-1111-4111-8111-111111111111/providers/Microsoft.BillingBenefits/savingsPlans/b2d8409ac86e,AzureSavingsPlan-1yr-NoUpfront,Spend,Savings Plan,,0.128064,USD,,,"{""Environment"":""prod"",""CostCenter"":""cc-2087"",""Owner"":""team-payments""}"
Microsoft Azure,Microsoft,Microsoft Azure,INV-2026-05-000002,8a1b2c3d-0000-4a00-9000-000000000002,ExampleCorp MCA - Secondary,Microsoft Customer Agreement,11111111-1111-4111-8111-111111111111,prod-platform,Subscription,2026-05-01T00:00:00Z,2026-06-01T00:00:00Z,2026-05-09T19:00:00Z,2026-05-09T20:00:00Z,Usage,,Virtual Machines committed usage,Usage-Based,0,0.128064,0.192,0.1728,0.1920000000,0.1728000000,Committed,1,Hours,USD,0.1728000000,0.128064,0.1920000000,USD,1,Hours,Virtual Machines,Compute,Virtual Machines,AZ-VIRT-0d1dbb,Compute,AZSP-21c24d04,"{""InstanceType"":""Standard_D4s_v5"",""InstanceSeries"":""Ddsv5"",""CoreCount"":4,""MemorySize"":16,""OperatingSystem"":""Linux"",""x_Tenancy"":""Shared""}",/subscriptions/11111111-1111-4111-8111-111111111111/resourceGroups/rg-prod-platform/providers/Microsoft.Compute/virtualMachines/vm-0006d0d76f,vm-0006d0d76f,Virtual Machine,westeurope,West Europe,westeurope-2,/subscriptions/11111111-1111-4111-8111-111111111111/providers/Microsoft.BillingBenefits/savingsPlans/b2d8409ac86e,AzureSavingsPlan-1yr-NoUpfront,Spend,Savings Plan,Used,0.128064,USD,,,"{""Environment"":""dev"",""CostCenter"":""cc-2087"",""Owner"":""team-payments""}"
Microsoft Azure,Microsoft,Microsoft Azure,INV-2026-05-000002,8a1b2c3d-0000-4a00-9000-000000000002,ExampleCorp MCA - Secondary,Microsoft Customer Agreement,11111111-1111-4111-8111-111111111111,prod-platform,Subscription,2026-05-01T00:00:00Z,2026-06-01T00:00:00Z,2026-05-09T20:00:00Z,2026-05-09T21:00:00Z,Purchase,,"Savings Plan commitment, amortised for the charge period",Recurring,0.128064,0,0.128064,0.128064,1,1,Standard,0.128064,USD,USD,1.0000000000,0,1.0000000000,USD,,,Virtual Machines,Compute,Virtual Machines,AZ-COMMIT-f35db7,Commitment,AZSP-1a10fd30,"{""x_Term"":""P1Y"",""x_PaymentOption"":""NoUpfront""}",/subscriptions/11111111-1111-4111-8111-111111111111/providers/Microsoft.BillingBenefits/savingsPlans/b2d8409ac86e,savingsPlans-90522aac8d,Savings Plan,westeurope,West Europe,,/subscriptions/11111111-1111-4111-8111-111111111111/providers/Microsoft.BillingBenefits/savingsPlans/b2d8409ac86e,AzureSavingsPlan-1yr-NoUpfront,Spend,Savings Plan,,0.128064,USD,,,"{""Environment"":""prod"",""CostCenter"":""cc-3110"",""Owner"":""team-payments""}"
Microsoft Azure,Microsoft,Microsoft Azure,INV-2026-05-000002,8a1b2c3d-0000-4a00-9000-000000000002,ExampleCorp MCA - Secondary,Microsoft Customer Agreement,11111111-1111-4111-8111-111111111111,prod-platform,Subscription,2026-05-01T00:00:00Z,2026-06-01T00:00:00Z,2026-05-09T20:00:00Z,2026-05-09T21:00:00Z,Usage,,Savings Plan unused commitment,Usage-Based,0,0.128064,0.128064,0.128064,1,1,Committed,0.128064,USD,USD,1.0000000000,0.128064,1.0000000000,USD,,,Virtual Machines,Compute,Virtual Machines,AZ-COMMIT-f35db7,Commitment,AZSP-1a10fd30,"{""x_Term"":""P1Y"",""x_PaymentOption"":""NoUpfront""}",/subscriptions/11111111-1111-4111-8111-111111111111/providers/Microsoft.BillingBenefits/savingsPlans/b2d8409ac86e,savingsPlans-90522aac8d,Savings Plan,westeurope,West Europe,,/subscriptions/11111111-1111-4111-8111-111111111111/providers/Microsoft.BillingBenefits/savingsPlans/b2d8409ac86e,AzureSavingsPlan-1yr-NoUpfront,Spend,Savings Plan,Unused,0.128064,USD,,,"{""Environment"":""staging"",""CostCenter"":""cc-1042"",""Owner"":""team-payments""}"
Microsoft Azure,Microsoft,Microsoft Azure,INV-2026-05-000002,8a1b2c3d-0000-4a00-9000-000000000002,ExampleCorp MCA - Secondary,Microsoft Customer Agreement,11111111-1111-4111-8111-111111111111,prod-platform,Subscription,2026-05-01T00:00:00Z,2026-06-01T00:00:00Z,2026-05-09T21:00:00Z,2026-05-09T22:00:00Z,Purchase,,"Savings Plan commitment, amortised for the charge period",Recurring,0.128064,0,0.128064,0.128064,1,1,Standard,0.128064,USD,USD,1.0000000000,0,1.0000000000,USD,,,Virtual Machines,Compute,Virtual Machines,AZ-COMMIT-f35db7,Commitment,AZSP-1a10fd30,"{""x_Term"":""P1Y"",""x_PaymentOption"":""NoUpfront""}",/subscriptions/11111111-1111-4111-8111-111111111111/providers/Microsoft.BillingBenefits/savingsPlans/b2d8409ac86e,savingsPlans-90522aac8d,Savings Plan,westeurope,West Europe,,/subscriptions/11111111-1111-4111-8111-111111111111/providers/Microsoft.BillingBenefits/savingsPlans/b2d8409ac86e,AzureSavingsPlan-1yr-NoUpfront,Spend,Savings Plan,,0.128064,USD,,,"{""Environment"":""prod"",""CostCenter"":""cc-3110"",""Owner"":""team-data""}"
Microsoft Azure,Microsoft,Microsoft Azure,INV-2026-05-000002,8a1b2c3d-0000-4a00-9000-000000000002,ExampleCorp MCA - Secondary,Microsoft Customer Agreement,11111111-1111-4111-8111-111111111111,prod-platform,Subscription,2026-05-01T00:00:00Z,2026-06-01T00:00:00Z,2026-05-09T21:00:00Z,2026-05-09T22:00:00Z,Usage,,Savings Plan unused commitment,Usage-Based,0,0.128064,0.128064,0.128064,1,1,Committed,0.128064,USD,USD,1.0000000000,0.128064,1.0000000000,USD,,,Virtual Machines,Compute,Virtual Machines,AZ-COMMIT-f35db7,Commitment,AZSP-1a10fd30,"{""x_Term"":""P1Y"",""x_PaymentOption"":""NoUpfront""}",/subscriptions/11111111-1111-4111-8111-111111111111/providers/Microsoft.BillingBenefits/savingsPlans/b2d8409ac86e,savingsPlans-90522aac8d,Savings Plan,westeurope,West Europe,,/subscriptions/11111111-1111-4111-8111-111111111111/providers/Microsoft.BillingBenefits/savingsPlans/b2d8409ac86e,AzureSavingsPlan-1yr-NoUpfront,Spend,Savings Plan,Unused,0.128064,USD,,,"{""Environment"":""dev"",""CostCenter"":""cc-1042"",""Owner"":""team-data""}"
Microsoft Azure,Microsoft,Microsoft Azure,INV-2026-05-000002,8a1b2c3d-0000-4a00-9000-000000000002,ExampleCorp MCA - Secondary,Microsoft Customer Agreement,33333333-3333-4333-8333-333333333333,data-analytics,Subscription,2026-05-01T00:00:00Z,2026-06-01T00:00:00Z,2026-05-28T00:00:00Z,2026-05-29T00:00:00Z,Usage,,Log data ingested,Usage-Based,836.69363103480055,836.69363103480055,929.65959001632475,836.69363103480055,2.3116343645,2.0804709281,Standard,402.1655,GB,USD,2.0804709281,836.69363103480055,2.3116343645,USD,402.1655,GB,Azure Monitor,Management and Governance,Observability,AZ-AZUR-d1ff5f,Monitoring,AZSP-5f06ec9a,"{""x_DataType"":""Logs""}",/subscriptions/33333333-3333-4333-8333-333333333333/resourceGroups/rg-data-analytics/providers/Microsoft.OperationalInsights/workspaces/law-6a33de49,law-6a33de49,Log Analytics Workspace,westus2,West US 2,,,,,,,,,,,"{""Environment"":""staging"",""CostCenter"":""cc-3110"",""Owner"":""team-platform""}"
Microsoft Azure,Microsoft,Microsoft Azure,INV-2026-05-000001,8a1b2c3d-0000-4a00-9000-000000000001,ExampleCorp MCA - Primary,Microsoft Customer Agreement,44444444-4444-4444-8444-444444444444,sandbox-dev,Subscription,2026-05-01T00:00:00Z,2026-06-01T00:00:00Z,2026-05-10T08:00:00Z,2026-05-10T09:00:00Z,Usage,,Function execution duration,Usage-Based,14.96900628172478,14.96900628172478,16.63217162943535,14.96900628172478,0.0000160495,0.0000144446,Standard,1036304.6593,GB-Seconds,USD,0.0000144446,14.96900628172478,0.0000160495,USD,1036304.6593,GB-Seconds,Azure Functions,Compute,Serverless Compute,AZ-AZUR-72cb79,Compute,AZSP-13dfff53,"{""x_Plan"":""Consumption"",""x_Runtime"":""dotnet8""}",/subscriptions/44444444-4444-4444-8444-444444444444/resourceGroups/rg-sandbox-dev/providers/Microsoft.Web/sites/func-f8b80372,func-f8b80372,Function App,eastus,East US,,,,,,,,,,,"{""Environment"":""dev"",""CostCenter"":""cc-3110"",""Owner"":""team-data""}"
Microsoft Azure,Microsoft,Microsoft Azure,INV-2026-05-000001,8a1b2c3d-0000-4a00-9000-000000000001,ExampleCorp MCA - Primary,Microsoft Customer Agreement,33333333-3333-4333-8333-333333333333,data-analytics,Subscription,2026-05-01T00:00:00Z,2026-06-01T00:00:00Z,2026-05-01T00:00:00Z,2026-06-01T00:00:00Z,Usage,,Hot LRS data stored,Usage-Based,6.24936923884587,6.24936923884587,6.94374357778875,6.24936923884587,0.0184321125,0.0165889013,Standard,376.7199,GB-Months,USD,0.0165889013,6.24936923884587,0.0184321125,USD,376.7199,GB-Months,Azure Blob Storage,Storage,Object Storage,AZ-AZUR-4658c6,Storage,AZSP-609a9832,"{""x_StorageClass"":""Hot"",""x_Redundancy"":""LRS""}",/subscriptions/33333333-3333-4333-8333-333333333333/resourceGroups/rg-data-analytics/providers/Microsoft.Storage/storageAccounts/stora985beb3,stora985beb3,Storage Account,westus2,West US 2,,,,,,,,,,,"{""Environment"":""staging"",""CostCenter"":""cc-1042"",""Owner"":""team-platform""}"
Microsoft Azure,Microsoft,Microsoft Azure,INV-2026-05-000002,8a1b2c3d-0000-4a00-9000-000000000002,ExampleCorp MCA - Secondary,Microsoft Customer Agreement,22222222-2222-4222-8222-222222222222,staging-platform,Subscription,2026-05-01T00:00:00Z,2026-06-01T00:00:00Z,2026-05-10T10:00:00Z,2026-05-10T11:00:00Z,Usage,,Provisioned throughput,Usage-Based,0.0072027527,0.0072027527,0.0080030586,0.0072027527,0.0080030586,0.0072027527,Standard,1.0000,Hours,USD,0.0072027527,0.0072027527,0.0080030586,USD,1.0000,Hours,Azure Cosmos DB,Databases,NoSQL Databases,AZ-AZUR-4eb283,Database,AZSP-c88a9157,"{""x_CapacityMode"":""Provisioned""}",/subscriptions/22222222-2222-4222-8222-222222222222/resourceGroups/rg-staging-platform/providers/Microsoft.DocumentDB/databaseAccounts/cosmos-9e8b4b41,cosmos-9e8b4b41,Cosmos DB Account,westeurope,West Europe,,,,,,,,,,,"{""Environment"":""dev"",""CostCenter"":""cc-3110"",""Owner"":""team-platform""}"
Microsoft Azure,Microsoft,Microsoft Azure,INV-2026-05-000001,8a1b2c3d-0000-4a00-9000-000000000001,ExampleCorp MCA - Primary,Microsoft Customer Agreement,33333333-3333-4333-8333-333333333333,data-analytics,Subscription,2026-05-01T00:00:00Z,2026-06-01T00:00:00Z,2026-05-10T11:00:00Z,2026-05-10T12:00:00Z,Purchase,,"Savings Plan commitment, amortised for the charge period",Recurring,0.128064,0,0.128064,0.128064,1,1,Standard,0.128064,USD,USD,1.0000000000,0,1.0000000000,USD,,,Virtual Machines,Compute,Virtual Machines,AZ-COMMIT-2dece9,Commitment,AZSP-b6364048,"{""x_Term"":""P1Y"",""x_PaymentOption"":""NoUpfront""}",/subscriptions/33333333-3333-4333-8333-333333333333/providers/Microsoft.BillingBenefits/savingsPlans/f54f77cf5983,savingsPlans-53d332575b,Savings Plan,eastus,East US,,/subscriptions/33333333-3333-4333-8333-333333333333/providers/Microsoft.BillingBenefits/savingsPlans/f54f77cf5983,AzureSavingsPlan-1yr-NoUpfront,Spend,Savings Plan,,0.128064,USD,,,"{""Environment"":""staging"",""CostCenter"":""cc-3110"",""Owner"":""team-data""}"
Microsoft Azure,Microsoft,Microsoft Azure,INV-2026-05-000001,8a1b2c3d-0000-4a00-9000-000000000001,ExampleCorp MCA - Primary,Microsoft Customer Agreement,33333333-3333-4333-8333-333333333333,data-analytics,Subscription,2026-05-01T00:00:00Z,2026-06-01T00:00:00Z,2026-05-10T11:00:00Z,2026-05-10T12:00:00Z,Usage,,Virtual Machines committed usage,Usage-Based,0,0.128064,0.192,0.1728,0.1920000000,0.1728000000,Committed,1,Hours,USD,0.1728000000,0.128064,0.1920000000,USD,1,Hours,Virtual Machines,Compute,Virtual Machines,AZ-VIRT-39c950,Compute,AZSP-b07cf8a2,"{""InstanceType"":""Standard_D4s_v5"",""InstanceSeries"":""Ddsv5"",""CoreCount"":4,""MemorySize"":16,""OperatingSystem"":""Linux"",""x_Tenancy"":""Shared""}",/subscriptions/33333333-3333-4333-8333-333333333333/resourceGroups/rg-data-analytics/providers/Microsoft.Compute/virtualMachines/vm-00008c1da1,vm-00008c1da1,Virtual Machine,eastus,East US,eastus-1,/subscriptions/33333333-3333-4333-8333-333333333333/providers/Microsoft.BillingBenefits/savingsPlans/f54f77cf5983,AzureSavingsPlan-1yr-NoUpfront,Spend,Savings Plan,Used,0.128064,USD,,,"{""Environment"":""staging"",""CostCenter"":""cc-2087"",""Owner"":""team-payments""}"
Microsoft Azure,Microsoft,Microsoft Azure,INV-2026-05-000001,8a1b2c3d-0000-4a00-9000-000000000001,ExampleCorp MCA - Primary,Microsoft Customer Agreement,33333333-3333-4333-8333-333333333333,data-analytics,Subscription,2026-05-01T00:00:00Z,2026-06-01T00:00:00Z,2026-05-10T12:00:00Z,2026-05-10T13:00:00Z,Purchase,,"Savings Plan commitment, amortised for the charge period",Recurring,0.128064,0,0.128064,0.128064,1,1,Standard,0.128064,USD,USD,1.0000000000,0,1.0000000000,USD,,,Virtual Machines,Compute,Virtual Machines,AZ-COMMIT-2dece9,Commitment,AZSP-b6364048,"{""x_Term"":""P1Y"",""x_PaymentOption"":""NoUpfront""}",/subscriptions/33333333-3333-4333-8333-333333333333/providers/Microsoft.BillingBenefits/savingsPlans/f54f77cf5983,savingsPlans-53d332575b,Savings Plan,eastus,East US,,/subscriptions/33333333-3333-4333-8333-333333333333/providers/Microsoft.BillingBenefits/savingsPlans/f54f77cf5983,AzureSavingsPlan-1yr-NoUpfront,Spend,Savings Plan,,0.128064,USD,,,"{""Environment"":""prod"",""CostCenter"":""cc-2087"",""Owner"":""team-data""}"
Microsoft Azure,Microsoft,Microsoft Azure,INV-2026-05-000001,8a1b2c3d-0000-4a00-9000-000000000001,ExampleCorp MCA - Primary,Microsoft Customer Agreement,33333333-3333-4333-8333-333333333333,data-analytics,Subscription,2026-05-01T00:00:00Z,2026-06-01T00:00:00Z,2026-05-10T12:00:00Z,2026-05-10T13:00:00Z,Usage,,Virtual Machines committed usage,Usage-Based,0,0.128064,0.192,0.1728,0.1920000000,0.1728000000,Committed,1,Hours,USD,0.1728000000,0.128064,0.1920000000,USD,1,Hours,Virtual Machines,Compute,Virtual Machines,AZ-VIRT-945427,Compute,AZSP-1ee23f0b,"{""InstanceType"":""Standard_D4s_v5"",""InstanceSeries"":""Ddsv5"",""CoreCount"":4,""MemorySize"":16,""OperatingSystem"":""Linux"",""x_Tenancy"":""Shared""}",/subscriptions/33333333-3333-4333-8333-333333333333/resourceGroups/rg-data-analytics/providers/Microsoft.Compute/virtualMachines/vm-000187718e,vm-000187718e,Virtual Machine,eastus,East US,eastus-1,/subscriptions/33333333-3333-4333-8333-333333333333/providers/Microsoft.BillingBenefits/savingsPlans/f54f77cf5983,AzureSavingsPlan-1yr-NoUpfront,Spend,Savings Plan,Used,0.128064,USD,,,"{""Environment"":""prod"",""CostCenter"":""cc-3110"",""Owner"":""team-data""}"
Microsoft Azure,Microsoft,Microsoft Azure,INV-2026-05-000001,8a1b2c3d-0000-4a00-9000-000000000001,ExampleCorp MCA - Primary,Microsoft Customer Agreement,33333333-3333-4333-8333-333333333333,data-analytics,Subscription,2026-05-01T00:00:00Z,2026-06-01T00:00:00Z,2026-05-10T13:00:00Z,2026-05-10T14:00:00Z,Purchase,,"Savings Plan commitment, amortised for the charge period",Recurring,0.128064,0,0.128064,0.128064,1,1,Standard,0.128064,USD,USD,1.0000000000,0,1.0000000000,USD,,,Virtual Machines,Compute,Virtual Machines,AZ-COMMIT-2dece9,Commitment,AZSP-b6364048,"{""x_Term"":""P1Y"",""x_PaymentOption"":""NoUpfront""}",/subscriptions/33333333-3333-4333-8333-333333333333/providers/Microsoft.BillingBenefits/savingsPlans/f54f77cf5983,savingsPlans-53d332575b,Savings Plan,eastus,East US,,/subscriptions/33333333-3333-4333-8333-333333333333/providers/Microsoft.BillingBenefits/savingsPlans/f54f77cf5983,AzureSavingsPlan-1yr-NoUpfront,Spend,Savings Plan,,0.128064,USD,,,"{""Environment"":""staging"",""CostCenter"":""cc-1042"",""Owner"":""team-platform""}"
Microsoft Azure,Microsoft,Microsoft Azure,INV-2026-05-000001,8a1b2c3d-0000-4a00-9000-000000000001,ExampleCorp MCA - Primary,Microsoft Customer Agreement,33333333-3333-4333-8333-333333333333,data-analytics,Subscription,2026-05-01T00:00:00Z,2026-06-01T00:00:00Z,2026-05-10T13:00:00Z,2026-05-10T14:00:00Z,Usage,,Virtual Machines committed usage,Usage-Based,0,0.128064,0.192,0.1728,0.1920000000,0.1728000000,Committed,1,Hours,USD,0.1728000000,0.128064,0.1920000000,USD,1,Hours,Virtual Machines,Compute,Virtual Machines,AZ-VIRT-15d531,Compute,AZSP-32d54383,"{""InstanceType"":""Standard_D4s_v5"",""InstanceSeries"":""Ddsv5"",""CoreCount"":4,""MemorySize"":16,""OperatingSystem"":""Linux"",""x_Tenancy"":""Shared""}",/subscriptions/33333333-3333-4333-8333-333333333333/resourceGroups/rg-data-analytics/providers/Microsoft.Compute/virtualMachines/vm-00029421e6,vm-00029421e6,Virtual Machine,eastus,East US,eastus-1,/subscriptions/33333333-3333-4333-8333-333333333333/providers/Microsoft.BillingBenefits/savingsPlans/f54f77cf5983,AzureSavingsPlan-1yr-NoUpfront,Spend,Savings Plan,Used,0.128064,USD,,,"{""Environment"":""dev"",""CostCenter"":""cc-1042"",""Owner"":""team-payments""}"
Microsoft Azure,Microsoft,Microsoft Azure,INV-2026-05-000001,8a1b2c3d-0000-4a00-9000-000000000001,ExampleCorp MCA - Primary,Microsoft Customer Agreement,33333333-3333-4333-8333-333333333333,data-analytics,Subscription,2026-05-01T00:00:00Z,2026-06-01T00:00:00Z,2026-05-10T14:00:00Z,2026-05-10T15:00:00Z,Purchase,,"Savings Plan commitment, amortised for the charge period",Recurring,0.128064,0,0.128064,0.128064,1,1,Standard,0.128064,USD,USD,1.0000000000,0,1.0000000000,USD,,,Virtual Machines,Compute,Virtual Machines,AZ-COMMIT-2dece9,Commitment,AZSP-b6364048,"{""x_Term"":""P1Y"",""x_PaymentOption"":""NoUpfront""}",/subscriptions/33333333-3333-4333-8333-333333333333/providers/Microsoft.BillingBenefits/savingsPlans/f54f77cf5983,savingsPlans-53d332575b,Savings Plan,eastus,East US,,/subscriptions/33333333-3333-4333-8333-333333333333/providers/Microsoft.BillingBenefits/savingsPlans/f54f77cf5983,AzureSavingsPlan-1yr-NoUpfront,Spend,Savings Plan,,0.128064,USD,,,"{""Environment"":""staging"",""CostCenter"":""cc-3110"",""Owner"":""team-platform""}"
Microsoft Azure,Microsoft,Microsoft Azure,INV-2026-05-000001,8a1b2c3d-0000-4a00-9000-000000000001,ExampleCorp MCA - Primary,Microsoft Customer Agreement,33333333-3333-4333-8333-333333333333,data-analytics,Subscription,2026-05-01T00:00:00Z,2026-06-01T00:00:00Z,2026-05-10T14:00:00Z,2026-05-10T15:00:00Z,Usage,,Virtual Machines committed usage,Usage-Based,0,0.128064,0.192,0.1728,0.1920000000,0.1728000000,Committed,1,Hours,USD,0.1728000000,0.128064,0.1920000000,USD,1,Hours,Virtual Machines,Compute,Virtual Machines,AZ-VIRT-f8826e,Compute,AZSP-5cbb8b58,"{""InstanceType"":""Standard_D4s_v5"",""InstanceSeries"":""Ddsv5"",""CoreCount"":4,""MemorySize"":16,""OperatingSystem"":""Linux"",""x_Tenancy"":""Shared""}",/subscriptions/33333333-3333-4333-8333-333333333333/resourceGroups/rg-data-analytics/providers/Microsoft.Compute/virtualMachines/vm-00037b6a4b,vm-00037b6a4b,Virtual Machine,eastus,East US,eastus-1,/subscriptions/33333333-3333-4333-8333-333333333333/providers/Microsoft.BillingBenefits/savingsPlans/f54f77cf5983,AzureSavingsPlan-1yr-NoUpfront,Spend,Savings Plan,Used,0.128064,USD,,,"{""Environment"":""staging"",""CostCenter"":""cc-1042"",""Owner"":""team-platform""}"
Microsoft Azure,Microsoft,Microsoft Azure,INV-2026-05-000001,8a1b2c3d-0000-4a00-9000-000000000001,ExampleCorp MCA - Primary,Microsoft Customer Agreement,33333333-3333-4333-8333-333333333333,data-analytics,Subscription,2026-05-01T00:00:00Z,2026-06-01T00:00:00Z,2026-05-10T15:00:00Z,2026-05-10T16:00:00Z,Purchase,,"Savings Plan commitment, amortised for the charge period",Recurring,0.128064,0,0.128064,0.128064,1,1,Standard,0.128064,USD,USD,1.0000000000,0,1.0000000000,USD,,,Virtual Machines,Compute,Virtual Machines,AZ-COMMIT-2dece9,Commitment,AZSP-b6364048,"{""x_Term"":""P1Y"",""x_PaymentOption"":""NoUpfront""}",/subscriptions/33333333-3333-4333-8333-333333333333/providers/Microsoft.BillingBenefits/savingsPlans/f54f77cf5983,savingsPlans-53d332575b,Savings Plan,eastus,East US,,/subscriptions/33333333-3333-4333-8333-333333333333/providers/Microsoft.BillingBenefits/savingsPlans/f54f77cf5983,AzureSavingsPlan-1yr-NoUpfront,Spend,Savings Plan,,0.128064,USD,,,"{""Environment"":""dev"",""CostCenter"":""cc-2087"",""Owner"":""team-payments""}"
Microsoft Azure,Microsoft,Microsoft Azure,INV-2026-05-000001,8a1b2c3d-0000-4a00-9000-000000000001,ExampleCorp MCA - Primary,Microsoft Customer Agreement,33333333-3333-4333-8333-333333333333,data-analytics,Subscription,2026-05-01T00:00:00Z,2026-06-01T00:00:00Z,2026-05-10T15:00:00Z,2026-05-10T16:00:00Z,Usage,,Virtual Machines committed usage,Usage-Based,0,0.128064,0.192,0.1728,0.1920000000,0.1728000000,Committed,1,Hours,USD,0.1728000000,0.128064,0.1920000000,USD,1,Hours,Virtual Machines,Compute,Virtual Machines,AZ-VIRT-9e42dd,Compute,AZSP-b148aaf3,"{""InstanceType"":""Standard_D4s_v5"",""InstanceSeries"":""Ddsv5"",""CoreCount"":4,""MemorySize"":16,""OperatingSystem"":""Linux"",""x_Tenancy"":""Shared""}",/subscriptions/33333333-3333-4333-8333-333333333333/resourceGroups/rg-data-analytics/providers/Microsoft.Compute/virtualMachines/vm-0004a85051,vm-0004a85051,Virtual Machine,eastus,East US,eastus-1,/subscriptions/33333333-3333-4333-8333-333333333333/providers/Microsoft.BillingBenefits/savingsPlans/f54f77cf5983,AzureSavingsPlan-1yr-NoUpfront,Spend,Savings Plan,Used,0.128064,USD,,,"{""Environment"":""prod"",""CostCenter"":""cc-2087"",""Owner"":""team-platform""}"
Microsoft Azure,Microsoft,Microsoft Azure,INV-2026-05-000001,8a1b2c3d-0000-4a00-9000-000000000001,ExampleCorp MCA - Primary,Microsoft Customer Agreement,33333333-3333-4333-8333-333333333333,data-analytics,Subscription,2026-05-01T00:00:00Z,2026-06-01T00:00:00Z,2026-05-10T16:00:00Z,2026-05-10T17:00:00Z,Purchase,,"Savings Plan commitment, amortised for the charge period",Recurring,0.128064,0,0.128064,0.128064,1,1,Standard,0.128064,USD,USD,1.0000000000,0,1.0000000000,USD,,,Virtual Machines,Compute,Virtual Machines,AZ-COMMIT-2dece9,Commitment,AZSP-b6364048,"{""x_Term"":""P1Y"",""x_PaymentOption"":""NoUpfront""}",/subscriptions/33333333-3333-4333-8333-333333333333/providers/Microsoft.BillingBenefits/savingsPlans/f54f77cf5983,savingsPlans-53d332575b,Savings Plan,eastus,East US,,/subscriptions/33333333-3333-4333-8333-333333333333/providers/Microsoft.BillingBenefits/savingsPlans/f54f77cf5983,AzureSavingsPlan-1yr-NoUpfront,Spend,Savings Plan,,0.128064,USD,,,"{""Environment"":""prod"",""CostCenter"":""cc-1042"",""Owner"":""team-payments""}"
Microsoft Azure,Microsoft,Microsoft Azure,INV-2026-05-000001,8a1b2c3d-0000-4a00-9000-000000000001,ExampleCorp MCA - Primary,Microsoft Customer Agreement,33333333-3333-4333-8333-333333333333,data-analytics,Subscription,2026-05-01T00:00:00Z,2026-06-01T00:00:00Z,2026-05-10T16:00:00Z,2026-05-10T17:00:00Z,Usage,,Virtual Machines committed usage,Usage-Based,0,0.128064,0.192,0.1728,0.1920000000,0.1728000000,Committed,1,Hours,USD,0.1728000000,0.128064,0.1920000000,USD,1,Hours,Virtual Machines,Compute,Virtual Machines,AZ-VIRT-fb5808,Compute,AZSP-989bd266,"{""InstanceType"":""Standard_D4s_v5"",""InstanceSeries"":""Ddsv5"",""CoreCount"":4,""MemorySize"":16,""OperatingSystem"":""Linux"",""x_Tenancy"":""Shared""}",/subscriptions/33333333-3333-4333-8333-333333333333/resourceGroups/rg-data-analytics/providers/Microsoft.Compute/virtualMachines/vm-000535eec1,vm-000535eec1,Virtual Machine,eastus,East US,eastus-1,/subscriptions/33333333-3333-4333-8333-333333333333/providers/Microsoft.BillingBenefits/savingsPlans/f54f77cf5983,AzureSavingsPlan-1yr-NoUpfront,Spend,Savings Plan,Used,0.128064,USD,,,"{""Environment"":""dev"",""CostCenter"":""cc-2087"",""Owner"":""team-platform""}"
Microsoft Azure,Microsoft,Microsoft Azure,INV-2026-05-000001,8a1b2c3d-0000-4a00-9000-000000000001,ExampleCorp MCA - Primary,Microsoft Customer Agreement,33333333-3333-4333-8333-333333333333,data-analytics,Subscription,2026-05-01T00:00:00Z,2026-06-01T00:00:00Z,2026-05-10T17:00:00Z,2026-05-10T18:00:00Z,Purchase,,"Savings Plan commitment, amortised for the charge period",Recurring,0.128064,0,0.128064,0.128064,1,1,Standard,0.128064,USD,USD,1.0000000000,0,1.0000000000,USD,,,Virtual Machines,Compute,Virtual Machines,AZ-COMMIT-2dece9,Commitment,AZSP-b6364048,"{""x_Term"":""P1Y"",""x_PaymentOption"":""NoUpfront""}",/subscriptions/33333333-3333-4333-8333-333333333333/providers/Microsoft.BillingBenefits/savingsPlans/f54f77cf5983,savingsPlans-53d332575b,Savings Plan,eastus,East US,,/subscriptions/33333333-3333-4333-8333-333333333333/providers/Microsoft.BillingBenefits/savingsPlans/f54f77cf5983,AzureSavingsPlan-1yr-NoUpfront,Spend,Savings Plan,,0.128064,USD,,,"{""Environment"":""prod"",""CostCenter"":""cc-3110"",""Owner"":""team-payments""}"
Microsoft Azure,Microsoft,Microsoft Azure,INV-2026-05-000001,8a1b2c3d-0000-4a00-9000-000000000001,ExampleCorp MCA - Primary,Microsoft Customer Agreement,33333333-3333-4333-8333-333333333333,data-analytics,Subscription,2026-05-01T00:00:00Z,2026-06-01T00:00:00Z,2026-05-10T17:00:00Z,2026-05-10T18:00:00Z,Usage,,Virtual Machines committed usage,Usage-Based,0,0.128064,0.192,0.1728,0.1920000000,0.1728000000,Committed,1,Hours,USD,0.1728000000,0.128064,0.1920000000,USD,1,Hours,Virtual Machines,Compute,Virtual Machines,AZ-VIRT-707673,Compute,AZSP-345b5495,"{""InstanceType"":""Standard_D4s_v5"",""InstanceSeries"":""Ddsv5"",""CoreCount"":4,""MemorySize"":16,""OperatingSystem"":""Linux"",""x_Tenancy"":""Shared""}",/subscriptions/33333333-3333-4333-8333-333333333333/resourceGroups/rg-data-analytics/providers/Microsoft.Compute/virtualMachines/vm-000647ff4f,vm-000647ff4f,Virtual Machine,eastus,East US,eastus-1,/subscriptions/33333333-3333-4333-8333-333333333333/providers/Microsoft.BillingBenefits/savingsPlans/f54f77cf5983,AzureSavingsPlan-1yr-NoUpfront,Spend,Savings Plan,Used,0.128064,USD,,,"{""Environment"":""prod"",""CostCenter"":""cc-2087"",""Owner"":""team-payments""}"
Microsoft Azure,Microsoft,Microsoft Azure,INV-2026-05-000001,8a1b2c3d-0000-4a00-9000-000000000001,ExampleCorp MCA - Primary,Microsoft Customer Agreement,33333333-3333-4333-8333-333333333333,data-analytics,Subscription,2026-05-01T00:00:00Z,2026-06-01T00:00:00Z,2026-05-10T18:00:00Z,2026-05-10T19:00:00Z,Purchase,,"Savings Plan commitment, amortised for the charge period",Recurring,0.128064,0,0.128064,0.128064,1,1,Standard,0.128064,USD,USD,1.0000000000,0,1.0000000000,USD,,,Virtual Machines,Compute,Virtual Machines,AZ-COMMIT-2dece9,Commitment,AZSP-b6364048,"{""x_Term"":""P1Y"",""x_PaymentOption"":""NoUpfront""}",/subscriptions/33333333-3333-4333-8333-333333333333/providers/Microsoft.BillingBenefits/savingsPlans/f54f77cf5983,savingsPlans-53d332575b,Savings Plan,eastus,East US,,/subscriptions/33333333-3333-4333-8333-333333333333/providers/Microsoft.BillingBenefits/savingsPlans/f54f77cf5983,AzureSavingsPlan-1yr-NoUpfront,Spend,Savings Plan,,0.128064,USD,,,"{""Environment"":""staging"",""CostCenter"":""cc-3110"",""Owner"":""team-data""}"
Microsoft Azure,Microsoft,Microsoft Azure,INV-2026-05-000001,8a1b2c3d-0000-4a00-9000-000000000001,ExampleCorp MCA - Primary,Microsoft Customer Agreement,33333333-3333-4333-8333-333333333333,data-analytics,Subscription,2026-05-01T00:00:00Z,2026-06-01T00:00:00Z,2026-05-10T18:00:00Z,2026-05-10T19:00:00Z,Usage,,Virtual Machines committed usage,Usage-Based,0,0.128064,0.192,0.1728,0.1920000000,0.1728000000,Committed,1,Hours,USD,0.1728000000,0.128064,0.1920000000,USD,1,Hours,Virtual Machines,Compute,Virtual Machines,AZ-VIRT-8bb1a2,Compute,AZSP-7dc04dc1,"{""InstanceType"":""Standard_D4s_v5"",""InstanceSeries"":""Ddsv5"",""CoreCount"":4,""MemorySize"":16,""OperatingSystem"":""Linux"",""x_Tenancy"":""Shared""}",/subscriptions/33333333-3333-4333-8333-333333333333/resourceGroups/rg-data-analytics/providers/Microsoft.Compute/virtualMachines/vm-0007f28dc8,vm-0007f28dc8,Virtual Machine,eastus,East US,eastus-1,/subscriptions/33333333-3333-4333-8333-333333333333/providers/Microsoft.BillingBenefits/savingsPlans/f54f77cf5983,AzureSavingsPlan-1yr-NoUpfront,Spend,Savings Plan,Used,0.128064,USD,,,"{""Environment"":""prod"",""CostCenter"":""cc-3110"",""Owner"":""team-payments""}"
Microsoft Azure,Microsoft,Microsoft Azure,INV-2026-05-000001,8a1b2c3d-0000-4a00-9000-000000000001,ExampleCorp MCA - Primary,Microsoft Customer Agreement,33333333-3333-4333-8333-333333333333,data-analytics,Subscription,2026-05-01T00:00:00Z,2026-06-01T00:00:00Z,2026-05-10T19:00:00Z,2026-05-10T20:00:00Z,Purchase,,"Savings Plan commitment, amortised for the charge period",Recurring,0.128064,0,0.128064,0.128064,1,1,Standard,0.128064,USD,USD,1.0000000000,0,1.0000000000,USD,,,Virtual Machines,Compute,Virtual Machines,AZ-COMMIT-2dece9,Commitment,AZSP-b6364048,"{""x_Term"":""P1Y"",""x_PaymentOption"":""NoUpfront""}",/subscriptions/33333333-3333-4333-8333-333333333333/providers/Microsoft.BillingBenefits/savingsPlans/f54f77cf5983,savingsPlans-53d332575b,Savings Plan,eastus,East US,,/subscriptions/33333333-3333-4333-8333-333333333333/providers/Microsoft.BillingBenefits/savingsPlans/f54f77cf5983,AzureSavingsPlan-1yr-NoUpfront,Spend,Savings Plan,,0.128064,USD,,,"{""Environment"":""staging"",""CostCenter"":""cc-1042"",""Owner"":""team-platform""}"
Microsoft Azure,Microsoft,Microsoft Azure,INV-2026-05-000001,8a1b2c3d-0000-4a00-9000-000000000001,ExampleCorp MCA - Primary,Microsoft Customer Agreement,33333333-3333-4333-8333-333333333333,data-analytics,Subscription,2026-05-01T00:00:00Z,2026-06-01T00:00:00Z,2026-05-10T19:00:00Z,2026-05-10T20:00:00Z,Usage,,Savings Plan unused commitment,Usage-Based,0,0.128064,0.128064,0.128064,1,1,Committed,0.128064,USD,USD,1.0000000000,0.128064,1.0000000000,USD,,,Virtual Machines,Compute,Virtual Machines,AZ-COMMIT-2dece9,Commitment,AZSP-b6364048,"{""x_Term"":""P1Y"",""x_PaymentOption"":""NoUpfront""}",/subscriptions/33333333-3333-4333-8333-333333333333/providers/Microsoft.BillingBenefits/savingsPlans/f54f77cf5983,savingsPlans-53d332575b,Savings Plan,eastus,East US,,/subscriptions/33333333-3333-4333-8333-333333333333/providers/Microsoft.BillingBenefits/savingsPlans/f54f77cf5983,AzureSavingsPlan-1yr-NoUpfront,Spend,Savings Plan,Unused,0.128064,USD,,,"{""Environment"":""dev"",""CostCenter"":""cc-1042"",""Owner"":""team-data""}"
Microsoft Azure,Microsoft,Microsoft Azure,INV-2026-05-000001,8a1b2c3d-0000-4a00-9000-000000000001,ExampleCorp MCA - Primary,Microsoft Customer Agreement,33333333-3333-4333-8333-333333333333,data-analytics,Subscription,2026-05-01T00:00:00Z,2026-06-01T00:00:00Z,2026-05-10T20:00:00Z,2026-05-10T21:00:00Z,Purchase,,"Savings Plan commitment, amortised for the charge period",Recurring,0.128064,0,0.128064,0.128064,1,1,Standard,0.128064,USD,USD,1.0000000000,0,1.0000000000,USD,,,Virtual Machines,Compute,Virtual Machines,AZ-COMMIT-2dece9,Commitment,AZSP-b6364048,"{""x_Term"":""P1Y"",""x_PaymentOption"":""NoUpfront""}",/subscriptions/33333333-3333-4333-8333-333333333333/providers/Microsoft.BillingBenefits/savingsPlans/f54f77cf5983,savingsPlans-53d332575b,Savings Plan,eastus,East US,,/subscriptions/33333333-3333-4333-8333-333333333333/providers/Microsoft.BillingBenefits/savingsPlans/f54f77cf5983,AzureSavingsPlan-1yr-NoUpfront,Spend,Savings Plan,,0.128064,USD,,,"{""Environment"":""dev"",""CostCenter"":""cc-2087"",""Owner"":""team-platform""}"
Microsoft Azure,Microsoft,Microsoft Azure,INV-2026-05-000001,8a1b2c3d-0000-4a00-9000-000000000001,ExampleCorp MCA - Primary,Microsoft Customer Agreement,33333333-3333-4333-8333-333333333333,data-analytics,Subscription,2026-05-01T00:00:00Z,2026-06-01T00:00:00Z,2026-05-10T20:00:00Z,2026-05-10T21:00:00Z,Usage,,Savings Plan unused commitment,Usage-Based,0,0.128064,0.128064,0.128064,1,1,Committed,0.128064,USD,USD,1.0000000000,0.128064,1.0000000000,USD,,,Virtual Machines,Compute,Virtual Machines,AZ-COMMIT-2dece9,Commitment,AZSP-b6364048,"{""x_Term"":""P1Y"",""x_PaymentOption"":""NoUpfront""}",/subscriptions/33333333-3333-4333-8333-333333333333/providers/Microsoft.BillingBenefits/savingsPlans/f54f77cf5983,savingsPlans-53d332575b,Savings Plan,eastus,East US,,/subscriptions/33333333-3333-4333-8333-333333333333/providers/Microsoft.BillingBenefits/savingsPlans/f54f77cf5983,AzureSavingsPlan-1yr-NoUpfront,Spend,Savings Plan,Unused,0.128064,USD,,,"{""Environment"":""dev"",""CostCenter"":""cc-2087"",""Owner"":""team-payments""}"
Microsoft Azure,Microsoft,Microsoft Azure,INV-2026-05-000002,8a1b2c3d-0000-4a00-9000-000000000002,ExampleCorp MCA - Secondary,Microsoft Customer Agreement,11111111-1111-4111-8111-111111111111,prod-platform,Subscription,2026-05-01T00:00:00Z,2026-06-01T00:00:00Z,2026-05-11T07:00:00Z,2026-05-11T08:00:00Z,Usage,,Function execution duration,Usage-Based,21.09945137195396,21.09945137195396,23.44380207189766,21.09945137195396,0.0000158902,0.0000143012,Standard,1475362.3033,GB-Seconds,USD,0.0000143012,21.09945137195396,0.0000158902,USD,1475362.3033,GB-Seconds,Azure Functions,Compute,Serverless Compute,AZ-AZUR-a2a11b,Compute,AZSP-7bf79fe9,"{""x_Plan"":""Consumption"",""x_Runtime"":""dotnet8""}",/subscriptions/11111111-1111-4111-8111-111111111111/resourceGroups/rg-prod-platform/providers/Microsoft.Web/sites/func-2c1de002,func-2c1de002,Function App,eastus,East US,,,,,,,,,,,"{""Environment"":""staging"",""CostCenter"":""cc-2087"",""Owner"":""team-data""}"
Microsoft Azure,Microsoft,Microsoft Azure,INV-2026-05-000002,8a1b2c3d-0000-4a00-9000-000000000002,ExampleCorp MCA - Secondary,Microsoft Customer Agreement,44444444-4444-4444-8444-444444444444,sandbox-dev,Subscription,2026-05-01T00:00:00Z,2026-06-01T00:00:00Z,2026-05-25T00:00:00Z,2026-05-26T00:00:00Z,Usage,,Log data ingested,Usage-Based,849.0230179816322,849.0230179816322,943.3589088457571,849.0230179816322,2.3064096455,2.0757686810,Standard,409.0162,GB,USD,2.0757686810,849.0230179816322,2.3064096455,USD,409.0162,GB,Azure Monitor,Management and Governance,Observability,AZ-AZUR-452262,Monitoring,AZSP-e2ae6214,"{""x_DataType"":""Logs""}",/subscriptions/44444444-4444-4444-8444-444444444444/resourceGroups/rg-sandbox-dev/providers/Microsoft.OperationalInsights/workspaces/law-fc0c40ad,law-fc0c40ad,Log Analytics Workspace,southeastasia,Southeast Asia,,,,,,,,,,,"{""Environment"":""dev"",""CostCenter"":""cc-1042"",""Owner"":""team-platform""}"
Microsoft Azure,Microsoft,Microsoft Azure,INV-2026-05-000002,8a1b2c3d-0000-4a00-9000-000000000002,ExampleCorp MCA - Secondary,Microsoft Customer Agreement,11111111-1111-4111-8111-111111111111,prod-platform,Subscription,2026-05-01T00:00:00Z,2026-06-01T00:00:00Z,2026-05-11T09:00:00Z,2026-05-11T10:00:00Z,Usage,,Standard_D4s_v5 instance,Usage-Based,0.1700564981,0.1700564981,0.1889516646,0.1700564981,0.1889516646,0.1700564981,Standard,1.0000,Hours,USD,0.1700564981,0.1700564981,0.1889516646,USD,1.0000,Hours,Virtual Machines,Compute,Virtual Machines,AZ-VIRT-2be37a,Compute,AZSP-d570ed16,"{""InstanceType"":""Standard_D4s_v5"",""InstanceSeries"":""Ddsv5"",""CoreCount"":4,""MemorySize"":16,""OperatingSystem"":""Linux"",""x_Tenancy"":""Shared""}",/subscriptions/11111111-1111-4111-8111-111111111111/resourceGroups/rg-prod-platform/providers/Microsoft.Compute/virtualMachines/vm-005fd873,vm-005fd873,Virtual Machine,southeastasia,Southeast Asia,southeastasia-2,,,,,,,,,,"{""Environment"":""prod"",""CostCenter"":""cc-2087"",""Owner"":""team-payments""}"
Microsoft Azure,Microsoft,Microsoft Azure,INV-2026-05-000001,8a1b2c3d-0000-4a00-9000-000000000001,ExampleCorp MCA - Primary,Microsoft Customer Agreement,22222222-2222-4222-8222-222222222222,staging-platform,Subscription,2026-05-01T00:00:00Z,2026-06-01T00:00:00Z,2026-05-11T10:00:00Z,2026-05-11T11:00:00Z,Usage,,General Purpose 4 vCore,Usage-Based,0.4636471937,0.4636471937,0.5151635486,0.4636471937,0.5151635486,0.4636471937,Standard,1.0000,Hours,USD,0.4636471937,0.4636471937,0.5151635486,USD,1.0000,Hours,Azure SQL Database,Databases,Relational Databases,AZ-AZUR-e449bd,Database,AZSP-04c2c41b,"{""InstanceType"":""GP_Gen5_4"",""CoreCount"":4,""MemorySize"":20,""x_Engine"":""SQLServer""}",/subscriptions/22222222-2222-4222-8222-222222222222/resourceGroups/rg-staging-platform/providers/Microsoft.Sql/servers/databases/sqldb-44a57989,sqldb-44a57989,SQL Database,southeastasia,Southeast Asia,,,,,,,,,,,"{""Environment"":""prod"",""CostCenter"":""cc-2087"",""Owner"":""team-platform""}"
Microsoft Azure,Microsoft,Microsoft Azure,INV-2026-05-000001,8a1b2c3d-0000-4a00-9000-000000000001,ExampleCorp MCA - Primary,Microsoft Customer Agreement,22222222-2222-4222-8222-222222222222,staging-platform,Subscription,2026-05-01T00:00:00Z,2026-06-01T00:00:00Z,2026-05-28T00:00:00Z,2026-05-29T00:00:00Z,Usage,,VNet peering data transfer,Usage-Based,4.24391962785564,4.24391962785564,4.71546626931006,4.24391962785564,0.0097404087,0.0087663678,Standard,484.1138,GB,USD,0.0087663678,4.24391962785564,0.0097404087,USD,484.1138,GB,Virtual Network,Networking,Network Connectivity,AZ-VIRT-19fd9c,Data Transfer,AZSP-3c920fcf,"{""x_TransferType"":""Peering""}",/subscriptions/22222222-2222-4222-8222-222222222222/resourceGroups/rg-staging-platform/providers/Microsoft.Network/virtualNetworks/vnet-2f7ccabc,vnet-2f7ccabc,Virtual Network,eastus,East US,,,,,,,,,,,"{""Environment"":""prod"",""CostCenter"":""cc-2087"",""Owner"":""team-platform""}"
Microsoft Azure,Microsoft,Microsoft Azure,INV-2026-05-000001,8a1b2c3d-0000-4a00-9000-000000000001,ExampleCorp MCA - Primary,Microsoft Customer Agreement,44444444-4444-4444-8444-444444444444,sandbox-dev,Subscription,2026-05-01T00:00:00Z,2026-06-01T00:00:00Z,2026-05-01T00:00:00Z,2026-05-02T00:00:00Z,Usage,,VNet peering data transfer,Usage-Based,35.99795587137786,35.99795587137786,39.99772861514637,35.99795587137786,0.0101908393,0.0091717554,Standard,3924.8709,GB,USD,0.0091717554,35.99795587137786,0.0101908393,USD,3924.8709,GB,Virtual Network,Networking,Network Connectivity,AZ-VIRT-d0314b,Data Transfer,AZSP-bed10ae8,"{""x_TransferType"":""Peering""}",/subscriptions/44444444-4444-4444-8444-444444444444/resourceGroups/rg-sandbox-dev/providers/Microsoft.Network/virtualNetworks/vnet-af39fda0,vnet-af39fda0,Virtual Network,eastus,East US,,,,,,,,,,,"{""Environment"":""staging"",""CostCenter"":""cc-2087"",""Owner"":""team-data""}"
Microsoft Azure,Microsoft,Microsoft Azure,INV-2026-05-000002,8a1b2c3d-0000-4a00-9000-000000000002,ExampleCorp MCA - Secondary,Microsoft Customer Agreement,33333333-3333-4333-8333-333333333333,data-analytics,Subscription,2026-05-01T00:00:00Z,2026-06-01T00:00:00Z,2026-05-11T13:00:00Z,2026-05-11T14:00:00Z,Usage,,Function execution duration,Usage-Based,45.58336325529254,45.58336325529254,50.64831962576244,45.58336325529254,0.0000162846,0.0000146561,Standard,3110197.3414,GB-Seconds,USD,0.0000146561,45.58336325529254,0.0000162846,USD,3110197.3414,GB-Seconds,Azure Functions,Compute,Serverless Compute,AZ-AZUR-177e69,Compute,AZSP-5cb32b4e,"{""x_Plan"":""Consumption"",""x_Runtime"":""dotnet8""}",/subscriptions/33333333-3333-4333-8333-333333333333/resourceGroups/rg-data-analytics/providers/Microsoft.Web/sites/func-9c3d628a,func-9c3d628a,Function App,southeastasia,Southeast Asia,,,,,,,,,,,"{""Environment"":""dev"",""CostCenter"":""cc-1042"",""Owner"":""team-data""}"
Microsoft Azure,Microsoft,Microsoft Azure,INV-2026-05-000002,8a1b2c3d-0000-4a00-9000-000000000002,ExampleCorp MCA - Secondary,Microsoft Customer Agreement,44444444-4444-4444-8444-444444444444,sandbox-dev,Subscription,2026-05-01T00:00:00Z,2026-06-01T00:00:00Z,2026-05-01T00:00:00Z,2026-06-01T00:00:00Z,Usage,,Hot LRS data stored,Usage-Based,97.4417186035941,97.4417186035941,108.26857649535228,97.4417186035941,0.0178791606,0.0160912445,Standard,6055.5738,GB-Months,USD,0.0160912445,97.4417186035941,0.0178791606,USD,6055.5738,GB-Months,Azure Blob Storage,Storage,Object Storage,AZ-AZUR-571378,Storage,AZSP-a8978536,"{""x_StorageClass"":""Hot"",""x_Redundancy"":""LRS""}",/subscriptions/44444444-4444-4444-8444-444444444444/resourceGroups/rg-sandbox-dev/providers/Microsoft.Storage/storageAccounts/stor17ffc549,stor17ffc549,Storage Account,eastus,East US,,,,,,,,,,,"{""Environment"":""prod"",""CostCenter"":""cc-3110"",""Owner"":""team-payments""}"
Microsoft Azure,Microsoft,Microsoft Azure,INV-2026-05-000001,8a1b2c3d-0000-4a00-9000-000000000001,ExampleCorp MCA - Primary,Microsoft Customer Agreement,11111111-1111-4111-8111-111111111111,prod-platform,Subscription,2026-05-01T00:00:00Z,2026-06-01T00:00:00Z,2026-05-04T00:00:00Z,2026-05-05T00:00:00Z,Usage,,Log data ingested,Usage-Based,367.48975644612301,367.48975644612301,408.32195161491302,367.48975644612301,2.2377766126,2.0139989513,Standard,182.4677,GB,USD,2.0139989513,367.48975644612301,2.2377766126,USD,182.4677,GB,Azure Monitor,Management and Governance,Observability,AZ-AZUR-d46a95,Monitoring,AZSP-331390d7,"{""x_DataType"":""Logs""}",/subscriptions/11111111-1111-4111-8111-111111111111/resourceGroups/rg-prod-platform/providers/Microsoft.OperationalInsights/workspaces/law-f0199509,law-f0199509,Log Analytics Workspace,westeurope,West Europe,,,,,,,,,,,"{""Environment"":""prod"",""CostCenter"":""cc-1042"",""Owner"":""team-payments""}"
Microsoft Azure,Microsoft,Microsoft Azure,INV-2026-05-000002,8a1b2c3d-0000-4a00-9000-000000000002,ExampleCorp MCA - Secondary,Microsoft Customer Agreement,11111111-1111-4111-8111-111111111111,prod-platform,Subscription,2026-05-01T00:00:00Z,2026-06-01T00:00:00Z,2026-05-01T00:00:00Z,2026-06-01T00:00:00Z,Usage,,Hot LRS data stored,Usage-Based,118.71574072510855,118.71574072510855,131.90637889515074,118.71574072510855,0.0188083606,0.0169275245,Standard,7013.1779,GB-Months,USD,0.0169275245,118.71574072510855,0.0188083606,USD,7013.1779,GB-Months,Azure Blob Storage,Storage,Object Storage,AZ-AZUR-c29c04,Storage,AZSP-f9d96c91,"{""x_StorageClass"":""Hot"",""x_Redundancy"":""LRS""}",/subscriptions/11111111-1111-4111-8111-111111111111/resourceGroups/rg-prod-platform/providers/Microsoft.Storage/storageAccounts/stor3d8be4b0,stor3d8be4b0,Storage Account,westeurope,West Europe,,,,,,,,,,,"{""Environment"":""dev"",""CostCenter"":""cc-3110"",""Owner"":""team-payments""}"
Microsoft Azure,Microsoft,Microsoft Azure,INV-2026-05-000002,8a1b2c3d-0000-4a00-9000-000000000002,ExampleCorp MCA - Secondary,Microsoft Customer Agreement,11111111-1111-4111-8111-111111111111,prod-platform,Subscription,2026-05-01T00:00:00Z,2026-06-01T00:00:00Z,2026-05-01T00:00:00Z,2026-06-01T00:00:00Z,Usage,,Hot LRS data stored,Usage-Based,67.44012086055704,67.44012086055704,74.93346757821962,67.44012086055704,0.0186590191,0.0167931172,Standard,4015.9382,GB-Months,USD,0.0167931172,67.44012086055704,0.0186590191,USD,4015.9382,GB-Months,Azure Blob Storage,Storage,Object Storage,AZ-AZUR-4ee933,Storage,AZSP-a464571d,"{""x_StorageClass"":""Hot"",""x_Redundancy"":""LRS""}",/subscriptions/11111111-1111-4111-8111-111111111111/resourceGroups/rg-prod-platform/providers/Microsoft.Storage/storageAccounts/storedc6a77e,storedc6a77e,Storage Account,westeurope,West Europe,,,,,,,,,,,"{""Environment"":""dev"",""CostCenter"":""cc-1042"",""Owner"":""team-payments""}"
Microsoft Azure,Microsoft,Microsoft Azure,INV-2026-05-000001,8a1b2c3d-0000-4a00-9000-000000000001,ExampleCorp MCA - Primary,Microsoft Customer Agreement,44444444-4444-4444-8444-444444444444,sandbox-dev,Subscription,2026-05-01T00:00:00Z,2026-06-01T00:00:00Z,2026-05-11T18:00:00Z,2026-05-11T19:00:00Z,Usage,,Provisioned throughput,Usage-Based,0.0070551248,0.0070551248,0.0078390275,0.0070551248,0.0078390275,0.0070551248,Standard,1.0000,Hours,USD,0.0070551248,0.0070551248,0.0078390275,USD,1.0000,Hours,Azure Cosmos DB,Databases,NoSQL Databases,AZ-AZUR-b127ef,Database,AZSP-d9a6de04,"{""x_CapacityMode"":""Provisioned""}",/subscriptions/44444444-4444-4444-8444-444444444444/resourceGroups/rg-sandbox-dev/providers/Microsoft.DocumentDB/databaseAccounts/cosmos-30004138,cosmos-30004138,Cosmos DB Account,westus2,West US 2,,,,,,,,,,,"{""Environment"":""dev"",""CostCenter"":""cc-3110"",""Owner"":""team-data""}"
Microsoft Azure,Microsoft,Microsoft Azure,INV-2026-05-000001,8a1b2c3d-0000-4a00-9000-000000000001,ExampleCorp MCA - Primary,Microsoft Customer Agreement,11111111-1111-4111-8111-111111111111,prod-platform,Subscription,2026-05-01T00:00:00Z,2026-06-01T00:00:00Z,2026-05-11T19:00:00Z,2026-05-11T20:00:00Z,Usage,,Provisioned throughput,Usage-Based,0.0072439232,0.0072439232,0.0080488035,0.0072439232,0.0080488035,0.0072439232,Standard,1.0000,Hours,USD,0.0072439232,0.0072439232,0.0080488035,USD,1.0000,Hours,Azure Cosmos DB,Databases,NoSQL Databases,AZ-AZUR-775d99,Database,AZSP-6eb6aad5,"{""x_CapacityMode"":""Provisioned""}",/subscriptions/11111111-1111-4111-8111-111111111111/resourceGroups/rg-prod-platform/providers/Microsoft.DocumentDB/databaseAccounts/cosmos-53bedcbc,cosmos-53bedcbc,Cosmos DB Account,westeurope,West Europe,,,,,,,,,,,"{""Environment"":""staging"",""CostCenter"":""cc-2087"",""Owner"":""team-data""}"
Microsoft Azure,Microsoft,Microsoft Azure,INV-2026-05-000002,8a1b2c3d-0000-4a00-9000-000000000002,ExampleCorp MCA - Secondary,Microsoft Customer Agreement,33333333-3333-4333-8333-333333333333,data-analytics,Subscription,2026-05-01T00:00:00Z,2026-06-01T00:00:00Z,2026-05-11T20:00:00Z,2026-05-11T21:00:00Z,Usage,,Function execution duration,Usage-Based,54.96526623791196,54.96526623791196,61.0725180421244,54.96526623791196,0.0000161560,0.0000145404,Standard,3780175.6649,GB-Seconds,USD,0.0000145404,54.96526623791196,0.0000161560,USD,3780175.6649,GB-Seconds,Azure Functions,Compute,Serverless Compute,AZ-AZUR-dbc8da,Compute,AZSP-b609fee6,"{""x_Plan"":""Consumption"",""x_Runtime"":""dotnet8""}",/subscriptions/33333333-3333-4333-8333-333333333333/resourceGroups/rg-data-analytics/providers/Microsoft.Web/sites/func-fb151f6b,func-fb151f6b,Function App,westus2,West US 2,,,,,,,,,,,"{""Environment"":""staging"",""CostCenter"":""cc-2087"",""Owner"":""team-platform""}"
Microsoft Azure,Microsoft,Microsoft Azure,INV-2026-05-000002,8a1b2c3d-0000-4a00-9000-000000000002,ExampleCorp MCA - Secondary,Microsoft Customer Agreement,22222222-2222-4222-8222-222222222222,staging-platform,Subscription,2026-05-01T00:00:00Z,2026-06-01T00:00:00Z,2026-05-11T21:00:00Z,2026-05-11T22:00:00Z,Purchase,,"Savings Plan commitment, amortised for the charge period",Recurring,0.128064,0,0.128064,0.128064,1,1,Standard,0.128064,USD,USD,1.0000000000,0,1.0000000000,USD,,,Virtual Machines,Compute,Virtual Machines,AZ-COMMIT-269f16,Commitment,AZSP-ca57319d,"{""x_Term"":""P1Y"",""x_PaymentOption"":""NoUpfront""}",/subscriptions/22222222-2222-4222-8222-222222222222/providers/Microsoft.BillingBenefits/savingsPlans/d60232cd602e,savingsPlans-0d0153ec81,Savings Plan,westeurope,West Europe,,/subscriptions/22222222-2222-4222-8222-222222222222/providers/Microsoft.BillingBenefits/savingsPlans/d60232cd602e,AzureSavingsPlan-1yr-NoUpfront,Spend,Savings Plan,,0.128064,USD,,,"{""Environment"":""dev"",""CostCenter"":""cc-1042"",""Owner"":""team-data""}"
Microsoft Azure,Microsoft,Microsoft Azure,INV-2026-05-000002,8a1b2c3d-0000-4a00-9000-000000000002,ExampleCorp MCA - Secondary,Microsoft Customer Agreement,22222222-2222-4222-8222-222222222222,staging-platform,Subscription,2026-05-01T00:00:00Z,2026-06-01T00:00:00Z,2026-05-11T21:00:00Z,2026-05-11T22:00:00Z,Usage,,Virtual Machines committed usage,Usage-Based,0,0.128064,0.192,0.1728,0.1920000000,0.1728000000,Committed,1,Hours,USD,0.1728000000,0.128064,0.1920000000,USD,1,Hours,Virtual Machines,Compute,Virtual Machines,AZ-VIRT-b16ce9,Compute,AZSP-e7832eb0,"{""InstanceType"":""Standard_D4s_v5"",""InstanceSeries"":""Ddsv5"",""CoreCount"":4,""MemorySize"":16,""OperatingSystem"":""Linux"",""x_Tenancy"":""Shared""}",/subscriptions/22222222-2222-4222-8222-222222222222/resourceGroups/rg-staging-platform/providers/Microsoft.Compute/virtualMachines/vm-0000057f77,vm-0000057f77,Virtual Machine,westeurope,West Europe,westeurope-1,/subscriptions/22222222-2222-4222-8222-222222222222/providers/Microsoft.BillingBenefits/savingsPlans/d60232cd602e,AzureSavingsPlan-1yr-NoUpfront,Spend,Savings Plan,Used,0.128064,USD,,,"{""Environment"":""prod"",""CostCenter"":""cc-1042"",""Owner"":""team-payments""}"
Microsoft Azure,Microsoft,Microsoft Azure,INV-2026-05-000002,8a1b2c3d-0000-4a00-9000-000000000002,ExampleCorp MCA - Secondary,Microsoft Customer Agreement,22222222-2222-4222-8222-222222222222,staging-platform,Subscription,2026-05-01T00:00:00Z,2026-06-01T00:00:00Z,2026-05-11T22:00:00Z,2026-05-11T23:00:00Z,Purchase,,"Savings Plan commitment, amortised for the charge period",Recurring,0.128064,0,0.128064,0.128064,1,1,Standard,0.128064,USD,USD,1.0000000000,0,1.0000000000,USD,,,Virtual Machines,Compute,Virtual Machines,AZ-COMMIT-269f16,Commitment,AZSP-ca57319d,"{""x_Term"":""P1Y"",""x_PaymentOption"":""NoUpfront""}",/subscriptions/22222222-2222-4222-8222-222222222222/providers/Microsoft.BillingBenefits/savingsPlans/d60232cd602e,savingsPlans-0d0153ec81,Savings Plan,westeurope,West Europe,,/subscriptions/22222222-2222-4222-8222-222222222222/providers/Microsoft.BillingBenefits/savingsPlans/d60232cd602e,AzureSavingsPlan-1yr-NoUpfront,Spend,Savings Plan,,0.128064,USD,,,"{""Environment"":""staging"",""CostCenter"":""cc-1042"",""Owner"":""team-platform""}"
Microsoft Azure,Microsoft,Microsoft Azure,INV-2026-05-000002,8a1b2c3d-0000-4a00-9000-000000000002,ExampleCorp MCA - Secondary,Microsoft Customer Agreement,22222222-2222-4222-8222-222222222222,staging-platform,Subscription,2026-05-01T00:00:00Z,2026-06-01T00:00:00Z,2026-05-11T22:00:00Z,2026-05-11T23:00:00Z,Usage,,Virtual Machines committed usage,Usage-Based,0,0.128064,0.192,0.1728,0.1920000000,0.1728000000,Committed,1,Hours,USD,0.1728000000,0.128064,0.1920000000,USD,1,Hours,Virtual Machines,Compute,Virtual Machines,AZ-VIRT-fe06c0,Compute,AZSP-919ca161,"{""InstanceType"":""Standard_D4s_v5"",""InstanceSeries"":""Ddsv5"",""CoreCount"":4,""MemorySize"":16,""OperatingSystem"":""Linux"",""x_Tenancy"":""Shared""}",/subscriptions/22222222-2222-4222-8222-222222222222/resourceGroups/rg-staging-platform/providers/Microsoft.Compute/virtualMachines/vm-00011515d0,vm-00011515d0,Virtual Machine,westeurope,West Europe,westeurope-1,/subscriptions/22222222-2222-4222-8222-222222222222/providers/Microsoft.BillingBenefits/savingsPlans/d60232cd602e,AzureSavingsPlan-1yr-NoUpfront,Spend,Savings Plan,Used,0.128064,USD,,,"{""Environment"":""prod"",""CostCenter"":""cc-1042"",""Owner"":""team-data""}"
Microsoft Azure,Microsoft,Microsoft Azure,INV-2026-05-000002,8a1b2c3d-0000-4a00-9000-000000000002,ExampleCorp MCA - Secondary,Microsoft Customer Agreement,22222222-2222-4222-8222-222222222222,staging-platform,Subscription,2026-05-01T00:00:00Z,2026-06-01T00:00:00Z,2026-05-11T23:00:00Z,2026-05-12T00:00:00Z,Purchase,,"Savings Plan commitment, amortised for the charge period",Recurring,0.128064,0,0.128064,0.128064,1,1,Standard,0.128064,USD,USD,1.0000000000,0,1.0000000000,USD,,,Virtual Machines,Compute,Virtual Machines,AZ-COMMIT-269f16,Commitment,AZSP-ca57319d,"{""x_Term"":""P1Y"",""x_PaymentOption"":""NoUpfront""}",/subscriptions/22222222-2222-4222-8222-222222222222/providers/Microsoft.BillingBenefits/savingsPlans/d60232cd602e,savingsPlans-0d0153ec81,Savings Plan,westeurope,West Europe,,/subscriptions/22222222-2222-4222-8222-222222222222/providers/Microsoft.BillingBenefits/savingsPlans/d60232cd602e,AzureSavingsPlan-1yr-NoUpfront,Spend,Savings Plan,,0.128064,USD,,,"{""Environment"":""dev"",""CostCenter"":""cc-3110"",""Owner"":""team-payments""}"
Microsoft Azure,Microsoft,Microsoft Azure,INV-2026-05-000002,8a1b2c3d-0000-4a00-9000-000000000002,ExampleCorp MCA - Secondary,Microsoft Customer Agreement,22222222-2222-4222-8222-222222222222,staging-platform,Subscription,2026-05-01T00:00:00Z,2026-06-01T00:00:00Z,2026-05-11T23:00:00Z,2026-05-12T00:00:00Z,Usage,,Virtual Machines committed usage,Usage-Based,0,0.128064,0.192,0.1728,0.1920000000,0.1728000000,Committed,1,Hours,USD,0.1728000000,0.128064,0.1920000000,USD,1,Hours,Virtual Machines,Compute,Virtual Machines,AZ-VIRT-1f994e,Compute,AZSP-a51893ae,"{""InstanceType"":""Standard_D4s_v5"",""InstanceSeries"":""Ddsv5"",""CoreCount"":4,""MemorySize"":16,""OperatingSystem"":""Linux"",""x_Tenancy"":""Shared""}",/subscriptions/22222222-2222-4222-8222-222222222222/resourceGroups/rg-staging-platform/providers/Microsoft.Compute/virtualMachines/vm-000270786b,vm-000270786b,Virtual Machine,westeurope,West Europe,westeurope-1,/subscriptions/22222222-2222-4222-8222-222222222222/providers/Microsoft.BillingBenefits/savingsPlans/d60232cd602e,AzureSavingsPlan-1yr-NoUpfront,Spend,Savings Plan,Used,0.128064,USD,,,"{""Environment"":""dev"",""CostCenter"":""cc-1042"",""Owner"":""team-platform""}"
Microsoft Azure,Microsoft,Microsoft Azure,INV-2026-05-000002,8a1b2c3d-0000-4a00-9000-000000000002,ExampleCorp MCA - Secondary,Microsoft Customer Agreement,22222222-2222-4222-8222-222222222222,staging-platform,Subscription,2026-05-01T00:00:00Z,2026-06-01T00:00:00Z,2026-05-12T00:00:00Z,2026-05-12T01:00:00Z,Purchase,,"Savings Plan commitment, amortised for the charge period",Recurring,0.128064,0,0.128064,0.128064,1,1,Standard,0.128064,USD,USD,1.0000000000,0,1.0000000000,USD,,,Virtual Machines,Compute,Virtual Machines,AZ-COMMIT-269f16,Commitment,AZSP-ca57319d,"{""x_Term"":""P1Y"",""x_PaymentOption"":""NoUpfront""}",/subscriptions/22222222-2222-4222-8222-222222222222/providers/Microsoft.BillingBenefits/savingsPlans/d60232cd602e,savingsPlans-0d0153ec81,Savings Plan,westeurope,West Europe,,/subscriptions/22222222-2222-4222-8222-222222222222/providers/Microsoft.BillingBenefits/savingsPlans/d60232cd602e,AzureSavingsPlan-1yr-NoUpfront,Spend,Savings Plan,,0.128064,USD,,,"{""Environment"":""staging"",""CostCenter"":""cc-3110"",""Owner"":""team-payments""}"
Microsoft Azure,Microsoft,Microsoft Azure,INV-2026-05-000002,8a1b2c3d-0000-4a00-9000-000000000002,ExampleCorp MCA - Secondary,Microsoft Customer Agreement,22222222-2222-4222-8222-222222222222,staging-platform,Subscription,2026-05-01T00:00:00Z,2026-06-01T00:00:00Z,2026-05-12T00:00:00Z,2026-05-12T01:00:00Z,Usage,,Virtual Machines committed usage,Usage-Based,0,0.128064,0.192,0.1728,0.1920000000,0.1728000000,Committed,1,Hours,USD,0.1728000000,0.128064,0.1920000000,USD,1,Hours,Virtual Machines,Compute,Virtual Machines,AZ-VIRT-a65b2c,Compute,AZSP-11a74a99,"{""InstanceType"":""Standard_D4s_v5"",""InstanceSeries"":""Ddsv5"",""CoreCount"":4,""MemorySize"":16,""OperatingSystem"":""Linux"",""x_Tenancy"":""Shared""}",/subscriptions/22222222-2222-4222-8222-222222222222/resourceGroups/rg-staging-platform/providers/Microsoft.Compute/virtualMachines/vm-0003e5ea39,vm-0003e5ea39,Virtual Machine,westeurope,West Europe,westeurope-1,/subscriptions/22222222-2222-4222-8222-222222222222/providers/Microsoft.BillingBenefits/savingsPlans/d60232cd602e,AzureSavingsPlan-1yr-NoUpfront,Spend,Savings Plan,Used,0.128064,USD,,,"{""Environment"":""staging"",""CostCenter"":""cc-1042"",""Owner"":""team-platform""}"
Microsoft Azure,Microsoft,Microsoft Azure,INV-2026-05-000002,8a1b2c3d-0000-4a00-9000-000000000002,ExampleCorp MCA - Secondary,Microsoft Customer Agreement,22222222-2222-4222-8222-222222222222,staging-platform,Subscription,2026-05-01T00:00:00Z,2026-06-01T00:00:00Z,2026-05-12T01:00:00Z,2026-05-12T02:00:00Z,Purchase,,"Savings Plan commitment, amortised for the charge period",Recurring,0.128064,0,0.128064,0.128064,1,1,Standard,0.128064,USD,USD,1.0000000000,0,1.0000000000,USD,,,Virtual Machines,Compute,Virtual Machines,AZ-COMMIT-269f16,Commitment,AZSP-ca57319d,"{""x_Term"":""P1Y"",""x_PaymentOption"":""NoUpfront""}",/subscriptions/22222222-2222-4222-8222-222222222222/providers/Microsoft.BillingBenefits/savingsPlans/d60232cd602e,savingsPlans-0d0153ec81,Savings Plan,westeurope,West Europe,,/subscriptions/22222222-2222-4222-8222-222222222222/providers/Microsoft.BillingBenefits/savingsPlans/d60232cd602e,AzureSavingsPlan-1yr-NoUpfront,Spend,Savings Plan,,0.128064,USD,,,"{""Environment"":""dev"",""CostCenter"":""cc-3110"",""Owner"":""team-platform""}"
Microsoft Azure,Microsoft,Microsoft Azure,INV-2026-05-000002,8a1b2c3d-0000-4a00-9000-000000000002,ExampleCorp MCA - Secondary,Microsoft Customer Agreement,22222222-2222-4222-8222-222222222222,staging-platform,Subscription,2026-05-01T00:00:00Z,2026-06-01T00:00:00Z,2026-05-12T01:00:00Z,2026-05-12T02:00:00Z,Usage,,Virtual Machines committed usage,Usage-Based,0,0.128064,0.192,0.1728,0.1920000000,0.1728000000,Committed,1,Hours,USD,0.1728000000,0.128064,0.1920000000,USD,1,Hours,Virtual Machines,Compute,Virtual Machines,AZ-VIRT-7471b8,Compute,AZSP-a2660f0e,"{""InstanceType"":""Standard_D4s_v5"",""InstanceSeries"":""Ddsv5"",""CoreCount"":4,""MemorySize"":16,""OperatingSystem"":""Linux"",""x_Tenancy"":""Shared""}",/subscriptions/22222222-2222-4222-8222-222222222222/resourceGroups/rg-staging-platform/providers/Microsoft.Compute/virtualMachines/vm-0004a80ac5,vm-0004a80ac5,Virtual Machine,westeurope,West Europe,westeurope-1,/subscriptions/22222222-2222-4222-8222-222222222222/providers/Microsoft.BillingBenefits/savingsPlans/d60232cd602e,AzureSavingsPlan-1yr-NoUpfront,Spend,Savings Plan,Used,0.128064,USD,,,"{""Environment"":""staging"",""CostCenter"":""cc-1042"",""Owner"":""team-payments""}"
Microsoft Azure,Microsoft,Microsoft Azure,INV-2026-05-000002,8a1b2c3d-0000-4a00-9000-000000000002,ExampleCorp MCA - Secondary,Microsoft Customer Agreement,22222222-2222-4222-8222-222222222222,staging-platform,Subscription,2026-05-01T00:00:00Z,2026-06-01T00:00:00Z,2026-05-12T02:00:00Z,2026-05-12T03:00:00Z,Purchase,,"Savings Plan commitment, amortised for the charge period",Recurring,0.128064,0,0.128064,0.128064,1,1,Standard,0.128064,USD,USD,1.0000000000,0,1.0000000000,USD,,,Virtual Machines,Compute,Virtual Machines,AZ-COMMIT-269f16,Commitment,AZSP-ca57319d,"{""x_Term"":""P1Y"",""x_PaymentOption"":""NoUpfront""}",/subscriptions/22222222-2222-4222-8222-222222222222/providers/Microsoft.BillingBenefits/savingsPlans/d60232cd602e,savingsPlans-0d0153ec81,Savings Plan,westeurope,West Europe,,/subscriptions/22222222-2222-4222-8222-222222222222/providers/Microsoft.BillingBenefits/savingsPlans/d60232cd602e,AzureSavingsPlan-1yr-NoUpfront,Spend,Savings Plan,,0.128064,USD,,,"{""Environment"":""staging"",""CostCenter"":""cc-1042"",""Owner"":""team-data""}"
Microsoft Azure,Microsoft,Microsoft Azure,INV-2026-05-000002,8a1b2c3d-0000-4a00-9000-000000000002,ExampleCorp MCA - Secondary,Microsoft Customer Agreement,22222222-2222-4222-8222-222222222222,staging-platform,Subscription,2026-05-01T00:00:00Z,2026-06-01T00:00:00Z,2026-05-12T02:00:00Z,2026-05-12T03:00:00Z,Usage,,Virtual Machines committed usage,Usage-Based,0,0.128064,0.192,0.1728,0.1920000000,0.1728000000,Committed,1,Hours,USD,0.1728000000,0.128064,0.1920000000,USD,1,Hours,Virtual Machines,Compute,Virtual Machines,AZ-VIRT-217947,Compute,AZSP-59f021a7,"{""InstanceType"":""Standard_D4s_v5"",""InstanceSeries"":""Ddsv5"",""CoreCount"":4,""MemorySize"":16,""OperatingSystem"":""Linux"",""x_Tenancy"":""Shared""}",/subscriptions/22222222-2222-4222-8222-222222222222/resourceGroups/rg-staging-platform/providers/Microsoft.Compute/virtualMachines/vm-00052d33b1,vm-00052d33b1,Virtual Machine,westeurope,West Europe,westeurope-1,/subscriptions/22222222-2222-4222-8222-222222222222/providers/Microsoft.BillingBenefits/savingsPlans/d60232cd602e,AzureSavingsPlan-1yr-NoUpfront,Spend,Savings Plan,Used,0.128064,USD,,,"{""Environment"":""staging"",""CostCenter"":""cc-2087"",""Owner"":""team-platform""}"
Microsoft Azure,Microsoft,Microsoft Azure,INV-2026-05-000002,8a1b2c3d-0000-4a00-9000-000000000002,ExampleCorp MCA - Secondary,Microsoft Customer Agreement,22222222-2222-4222-8222-222222222222,staging-platform,Subscription,2026-05-01T00:00:00Z,2026-06-01T00:00:00Z,2026-05-12T03:00:00Z,2026-05-12T04:00:00Z,Purchase,,"Savings Plan commitment, amortised for the charge period",Recurring,0.128064,0,0.128064,0.128064,1,1,Standard,0.128064,USD,USD,1.0000000000,0,1.0000000000,USD,,,Virtual Machines,Compute,Virtual Machines,AZ-COMMIT-269f16,Commitment,AZSP-ca57319d,"{""x_Term"":""P1Y"",""x_PaymentOption"":""NoUpfront""}",/subscriptions/22222222-2222-4222-8222-222222222222/providers/Microsoft.BillingBenefits/savingsPlans/d60232cd602e,savingsPlans-0d0153ec81,Savings Plan,westeurope,West Europe,,/subscriptions/22222222-2222-4222-8222-222222222222/providers/Microsoft.BillingBenefits/savingsPlans/d60232cd602e,AzureSavingsPlan-1yr-NoUpfront,Spend,Savings Plan,,0.128064,USD,,,"{""Environment"":""prod"",""CostCenter"":""cc-1042"",""Owner"":""team-data""}"
Microsoft Azure,Microsoft,Microsoft Azure,INV-2026-05-000002,8a1b2c3d-0000-4a00-9000-000000000002,ExampleCorp MCA - Secondary,Microsoft Customer Agreement,22222222-2222-4222-8222-222222222222,staging-platform,Subscription,2026-05-01T00:00:00Z,2026-06-01T00:00:00Z,2026-05-12T03:00:00Z,2026-05-12T04:00:00Z,Usage,,Savings Plan unused commitment,Usage-Based,0,0.128064,0.128064,0.128064,1,1,Committed,0.128064,USD,USD,1.0000000000,0.128064,1.0000000000,USD,,,Virtual Machines,Compute,Virtual Machines,AZ-COMMIT-269f16,Commitment,AZSP-ca57319d,"{""x_Term"":""P1Y"",""x_PaymentOption"":""NoUpfront""}",/subscriptions/22222222-2222-4222-8222-222222222222/providers/Microsoft.BillingBenefits/savingsPlans/d60232cd602e,savingsPlans-0d0153ec81,Savings Plan,westeurope,West Europe,,/subscriptions/22222222-2222-4222-8222-222222222222/providers/Microsoft.BillingBenefits/savingsPlans/d60232cd602e,AzureSavingsPlan-1yr-NoUpfront,Spend,Savings Plan,Unused,0.128064,USD,,,"{""Environment"":""staging"",""CostCenter"":""cc-2087"",""Owner"":""team-data""}"
Microsoft Azure,Microsoft,Microsoft Azure,INV-2026-05-000002,8a1b2c3d-0000-4a00-9000-000000000002,ExampleCorp MCA - Secondary,Microsoft Customer Agreement,22222222-2222-4222-8222-222222222222,staging-platform,Subscription,2026-05-01T00:00:00Z,2026-06-01T00:00:00Z,2026-05-12T11:00:00Z,2026-05-12T12:00:00Z,Usage,,Provisioned throughput,Usage-Based,0.0073625039,0.0073625039,0.0081805599,0.0073625039,0.0081805599,0.0073625039,Standard,1.0000,Hours,USD,0.0073625039,0.0073625039,0.0081805599,USD,1.0000,Hours,Azure Cosmos DB,Databases,NoSQL Databases,AZ-AZUR-2765c7,Database,AZSP-2b0e9ed3,"{""x_CapacityMode"":""Provisioned""}",/subscriptions/22222222-2222-4222-8222-222222222222/resourceGroups/rg-staging-platform/providers/Microsoft.DocumentDB/databaseAccounts/cosmos-a374e4ba,cosmos-a374e4ba,Cosmos DB Account,westus2,West US 2,,,,,,,,,,,"{""Environment"":""staging"",""CostCenter"":""cc-3110"",""Owner"":""team-payments""}"
Microsoft Azure,Microsoft,Microsoft Azure,INV-2026-05-000001,8a1b2c3d-0000-4a00-9000-000000000001,ExampleCorp MCA - Primary,Microsoft Customer Agreement,44444444-4444-4444-8444-444444444444,sandbox-dev,Subscription,2026-05-01T00:00:00Z,2026-06-01T00:00:00Z,2026-05-12T12:00:00Z,2026-05-12T13:00:00Z,Usage,,General Purpose 4 vCore,Usage-Based,0.4560512279,0.4560512279,0.5067235866,0.4560512279,0.5067235866,0.4560512279,Standard,1.0000,Hours,USD,0.4560512279,0.4560512279,0.5067235866,USD,1.0000,Hours,Azure SQL Database,Databases,Relational Databases,AZ-AZUR-f9224e,Database,AZSP-f30a76ba,"{""InstanceType"":""GP_Gen5_4"",""CoreCount"":4,""MemorySize"":20,""x_Engine"":""SQLServer""}",/subscriptions/44444444-4444-4444-8444-444444444444/resourceGroups/rg-sandbox-dev/providers/Microsoft.Sql/servers/databases/sqldb-cf967e5c,sqldb-cf967e5c,SQL Database,westeurope,West Europe,,,,,,,,,,,"{""Environment"":""dev"",""CostCenter"":""cc-1042"",""Owner"":""team-payments""}"
Microsoft Azure,Microsoft,Microsoft Azure,INV-2026-05-000001,8a1b2c3d-0000-4a00-9000-000000000001,ExampleCorp MCA - Primary,Microsoft Customer Agreement,11111111-1111-4111-8111-111111111111,prod-platform,Subscription,2026-05-01T00:00:00Z,2026-06-01T00:00:00Z,2026-05-26T00:00:00Z,2026-05-27T00:00:00Z,Tax,,Tax for Azure Cosmos DB,One-Time,43.937540,43.937540,43.937540,43.937540,,,,,,,,,,USD,,,Azure Cosmos DB,Databases,NoSQL Databases,,,,,,,,,,,,,,,,,,,,"{""Environment"":""staging"",""CostCenter"":""cc-2087"",""Owner"":""team-payments""}"
Microsoft Azure,Microsoft,Microsoft Azure,INV-2026-05-000001,8a1b2c3d-0000-4a00-9000-000000000001,ExampleCorp MCA - Primary,Microsoft Customer Agreement,11111111-1111-4111-8111-111111111111,prod-platform,Subscription,2026-05-01T00:00:00Z,2026-06-01T00:00:00Z,2026-05-12T14:00:00Z,2026-05-12T15:00:00Z,Usage,,AKS node pool hours,Usage-Based,0.1747264793,0.1747264793,0.1941405326,0.1747264793,0.1941405326,0.1747264793,Standard,1.0000,Hours,USD,0.1747264793,0.1747264793,0.1941405326,USD,1.0000,Hours,Azure Kubernetes Service,Compute,Containers,AZ-AZUR-b8834c,Compute,AZSP-41656601,"{""InstanceType"":""Standard_D4s_v5"",""CoreCount"":4,""MemorySize"":16,""x_NodePool"":""system""}",/subscriptions/11111111-1111-4111-8111-111111111111/resourceGroups/rg-prod-platform/providers/Microsoft.ContainerService/managedClusters/aks-756cf159,aks-756cf159,Managed Cluster,southeastasia,Southeast Asia,,,,,,,,,,,"{""Environment"":""dev"",""CostCenter"":""cc-1042"",""Owner"":""team-platform""}"
Microsoft Azure,Microsoft,Microsoft Azure,INV-2026-05-000001,8a1b2c3d-0000-4a00-9000-000000000001,ExampleCorp MCA - Primary,Microsoft Customer Agreement,33333333-3333-4333-8333-333333333333,data-analytics,Subscription,2026-05-01T00:00:00Z,2026-06-01T00:00:00Z,2026-05-12T15:00:00Z,2026-05-12T16:00:00Z,Usage,,Standard_D4s_v5 instance,Usage-Based,0.1687261874,0.1687261874,0.1874735415,0.1687261874,0.1874735415,0.1687261874,Standard,1.0000,Hours,USD,0.1687261874,0.1687261874,0.1874735415,USD,1.0000,Hours,Virtual Machines,Compute,Virtual Machines,AZ-VIRT-1c3606,Compute,AZSP-23b6c2f9,"{""InstanceType"":""Standard_D4s_v5"",""InstanceSeries"":""Ddsv5"",""CoreCount"":4,""MemorySize"":16,""OperatingSystem"":""Linux"",""x_Tenancy"":""Shared""}",/subscriptions/33333333-3333-4333-8333-333333333333/resourceGroups/rg-data-analytics/providers/Microsoft.Compute/virtualMachines/vm-af82480a,vm-af82480a,Virtual Machine,eastus,East US,eastus-3,,,,,,,,,,"{""Environment"":""prod"",""CostCenter"":""cc-1042"",""Owner"":""team-data""}"
Microsoft Azure,Microsoft,Microsoft Azure,INV-2026-05-000002,8a1b2c3d-0000-4a00-9000-000000000002,ExampleCorp MCA - Secondary,Microsoft Customer Agreement,22222222-2222-4222-8222-222222222222,staging-platform,Subscription,2026-05-01T00:00:00Z,2026-06-01T00:00:00Z,2026-05-01T00:00:00Z,2026-05-02T00:00:00Z,Purchase,,Virtual Machines subscription fee,Recurring,480.483708,0,480.483708,480.483708,480.483708,480.483708,Standard,1,Units,USD,480.4837080000,0,480.4837080000,USD,,,Virtual Machines,Compute,Virtual Machines,AZ-VIRT-5da603,Compute,AZSP-a44cb188,"{""InstanceType"":""Standard_D4s_v5"",""InstanceSeries"":""Ddsv5"",""CoreCount"":4,""MemorySize"":16,""OperatingSystem"":""Linux"",""x_Tenancy"":""Shared""}",/subscriptions/22222222-2222-4222-8222-222222222222/resourceGroups/rg-staging-platform/providers/Microsoft.Compute/virtualMachines/vm-88e150b9,vm-88e150b9,Virtual Machine,southeastasia,Southeast Asia,,,,,,,,,,,"{""Environment"":""staging"",""CostCenter"":""cc-2087"",""Owner"":""team-data""}"
Microsoft Azure,Microsoft,Microsoft Azure,INV-2026-05-000001,8a1b2c3d-0000-4a00-9000-000000000001,ExampleCorp MCA - Primary,Microsoft Customer Agreement,22222222-2222-4222-8222-222222222222,staging-platform,Subscription,2026-05-01T00:00:00Z,2026-06-01T00:00:00Z,2026-05-02T00:00:00Z,2026-05-03T00:00:00Z,Usage,,VNet peering data transfer,Usage-Based,39.06699275155986,39.06699275155986,43.4077697239554,39.06699275155986,0.0098027630,0.0088224867,Standard,4428.1158,GB,EUR,0.0081166878,35.9416333314350712,0.0090185420,USD,4428.1158,GB,Virtual Network,Networking,Network Connectivity,AZ-VIRT-6eb4e9,Data Transfer,AZSP-b35cd27e,"{""x_TransferType"":""Peering""}",/subscriptions/22222222-2222-4222-8222-222222222222/resourceGroups/rg-staging-platform/providers/Microsoft.Network/virtualNetworks/vnet-12dfe90c,vnet-12dfe90c,Virtual Network,westus2,West US 2,,,,,,,,,,,"{""Environment"":""staging"",""CostCenter"":""cc-3110"",""Owner"":""team-payments""}"
Microsoft Azure,Microsoft,Microsoft Azure,INV-2026-05-000002,8a1b2c3d-0000-4a00-9000-000000000002,ExampleCorp MCA - Secondary,Microsoft Customer Agreement,44444444-4444-4444-8444-444444444444,sandbox-dev,Subscription,2026-05-01T00:00:00Z,2026-06-01T00:00:00Z,2026-05-12T18:00:00Z,2026-05-12T19:00:00Z,Usage,,Function execution duration,Usage-Based,41.0339647341315,41.0339647341315,45.593294149035,41.0339647341315,0.0000162860,0.0000146574,Standard,2799539.1225,GB-Seconds,EUR,0.0000134848,37.75124755540098,0.0000149831,USD,2799539.1225,GB-Seconds,Azure Functions,Compute,Serverless Compute,AZ-AZUR-9c854a,Compute,AZSP-12faddbf,"{""x_Plan"":""Consumption"",""x_Runtime"":""dotnet8""}",/subscriptions/44444444-4444-4444-8444-444444444444/resourceGroups/rg-sandbox-dev/providers/Microsoft.Web/sites/func-f1952a28,func-f1952a28,Function App,eastus,East US,,,,,,,,,,,"{""Environment"":""dev"",""CostCenter"":""cc-1042"",""Owner"":""team-platform""}"
Microsoft Azure,Microsoft,Microsoft Azure,INV-2026-05-000002,8a1b2c3d-0000-4a00-9000-000000000002,ExampleCorp MCA - Secondary,Microsoft Customer Agreement,22222222-2222-4222-8222-222222222222,staging-platform,Subscription,2026-05-01T00:00:00Z,2026-06-01T00:00:00Z,2026-05-04T00:00:00Z,2026-05-05T00:00:00Z,Usage,,VNet peering data transfer,Usage-Based,23.74924927285963,23.74924927285963,26.38805480717328,23.74924927285963,0.0098469648,0.0088622683,Standard,2679.8161,GB,USD,0.0088622683,23.74924927285963,0.0098469648,USD,2679.8161,GB,Virtual Network,Networking,Network Connectivity,AZ-VIRT-79ca02,Data Transfer,AZSP-9aef94cf,"{""x_TransferType"":""Peering""}",/subscriptions/22222222-2222-4222-8222-222222222222/resourceGroups/rg-staging-platform/providers/Microsoft.Network/virtualNetworks/vnet-83b1e10a,vnet-83b1e10a,Virtual Network,southeastasia,Southeast Asia,,,,,,,,,,,"{""Environment"":""prod"",""CostCenter"":""cc-3110"",""Owner"":""team-platform""}"
Microsoft Azure,Microsoft,Microsoft Azure,INV-2026-05-000001,8a1b2c3d-0000-4a00-9000-000000000001,ExampleCorp MCA - Primary,Microsoft Customer Agreement,11111111-1111-4111-8111-111111111111,prod-platform,Subscription,2026-05-01T00:00:00Z,2026-06-01T00:00:00Z,2026-05-05T00:00:00Z,2026-05-06T00:00:00Z,Tax,,Tax for Azure Monitor,One-Time,11.963704,11.963704,11.963704,11.963704,,,,,,,,,,USD,,,Azure Monitor,Management and Governance,Observability,,,,,,,,,,,,,,,,,,,,"{""Environment"":""dev"",""CostCenter"":""cc-1042"",""Owner"":""team-platform""}"
Microsoft Azure,Microsoft,Microsoft Azure,INV-2026-05-000001,8a1b2c3d-0000-4a00-9000-000000000001,ExampleCorp MCA - Primary,Microsoft Customer Agreement,44444444-4444-4444-8444-444444444444,sandbox-dev,Subscription,2026-05-01T00:00:00Z,2026-06-01T00:00:00Z,2026-05-06T00:00:00Z,2026-05-07T00:00:00Z,Usage,,VNet peering data transfer,Usage-Based,25.9941166913594,25.9941166913594,28.8823519123351,25.9941166913594,0.0097109029,0.0087398126,Standard,2974.2190,GB,EUR,0.0080406276,23.914587356050648,0.0089340307,USD,2974.2190,GB,Virtual Network,Networking,Network Connectivity,AZ-VIRT-fd3266,Data Transfer,AZSP-7ceaada2,"{""x_TransferType"":""Peering""}",/subscriptions/44444444-4444-4444-8444-444444444444/resourceGroups/rg-sandbox-dev/providers/Microsoft.Network/virtualNetworks/vnet-78acc877,vnet-78acc877,Virtual Network,westeurope,West Europe,,,,,,,,,,,"{""Environment"":""prod"",""CostCenter"":""cc-2087"",""Owner"":""team-data""}"
Microsoft Azure,Microsoft,Microsoft Azure,INV-2026-05-000002,8a1b2c3d-0000-4a00-9000-000000000002,ExampleCorp MCA - Secondary,Microsoft Customer Agreement,22222222-2222-4222-8222-222222222222,staging-platform,Subscription,2026-05-01T00:00:00Z,2026-06-01T00:00:00Z,2026-05-07T00:00:00Z,2026-05-08T00:00:00Z,Usage,,Log data ingested,Usage-Based,14.59306251952862,14.59306251952862,16.21451391066594,14.59306251952862,2.2925817819,2.0633236037,Standard,7.0726,GB,USD,2.0633236037,14.59306251952862,2.2925817819,USD,7.0726,GB,Azure Monitor,Management and Governance,Observability,AZ-AZUR-640aaa,Monitoring,AZSP-dfceacac,"{""x_DataType"":""Logs""}",/subscriptions/22222222-2222-4222-8222-222222222222/resourceGroups/rg-staging-platform/providers/Microsoft.OperationalInsights/workspaces/law-9851e33e,law-9851e33e,Log Analytics Workspace,southeastasia,Southeast Asia,,,,,,,,,,,"{""Environment"":""dev"",""CostCenter"":""cc-2087"",""Owner"":""team-platform""}"
Microsoft Azure,Microsoft,Microsoft Azure,INV-2026-05-000002,8a1b2c3d-0000-4a00-9000-000000000002,ExampleCorp MCA - Secondary,Microsoft Customer Agreement,11111111-1111-4111-8111-111111111111,prod-platform,Subscription,2026-05-01T00:00:00Z,2026-06-01T00:00:00Z,2026-05-08T00:00:00Z,2026-05-09T00:00:00Z,Usage,,VNet peering data transfer,Usage-Based,38.57876114399076,38.57876114399076,42.86529020650866,38.57876114399076,0.0102384349,0.0092145914,Standard,4186.7034,GB,USD,0.0092145914,38.57876114399076,0.0102384349,USD,4186.7034,GB,Virtual Network,Networking,Network Connectivity,AZ-VIRT-91cb84,Data Transfer,AZSP-f53a48c2,"{""x_TransferType"":""Peering""}",/subscriptions/11111111-1111-4111-8111-111111111111/resourceGroups/rg-prod-platform/providers/Microsoft.Network/virtualNetworks/vnet-42414fc7,vnet-42414fc7,Virtual Network,westeurope,West Europe,,,,,,,,,,,"{""Environment"":""staging"",""CostCenter"":""cc-1042"",""Owner"":""team-payments""}"
Microsoft Azure,Microsoft,Microsoft Azure,INV-2026-05-000001,8a1b2c3d-0000-4a00-9000-000000000001,ExampleCorp MCA - Primary,Microsoft Customer Agreement,44444444-4444-4444-8444-444444444444,sandbox-dev,Subscription,2026-05-01T00:00:00Z,2026-06-01T00:00:00Z,2026-05-09T00:00:00Z,2026-05-10T00:00:00Z,Tax,,Tax for Azure SQL Database,One-Time,1.398510,1.398510,1.398510,1.398510,,,,,,,,,,USD,,,Azure SQL Database,Databases,Relational Databases,,,,,,,,,,,,,,,,,,,,"{""Environment"":""staging"",""CostCenter"":""cc-2087"",""Owner"":""team-payments""}"
Microsoft Azure,Microsoft,Microsoft Azure,INV-2026-05-000002,8a1b2c3d-0000-4a00-9000-000000000002,ExampleCorp MCA - Secondary,Microsoft Customer Agreement,22222222-2222-4222-8222-222222222222,staging-platform,Subscription,2026-05-01T00:00:00Z,2026-06-01T00:00:00Z,2026-05-13T01:00:00Z,2026-05-13T02:00:00Z,Purchase,,"Reservation commitment, amortised for the charge period",Recurring,0.128064,0,0.128064,0.128064,0.1280640000,0.1280640000,Standard,1,Hours,USD,0.1280640000,0,0.1280640000,USD,,,Virtual Machines,Compute,Virtual Machines,AZ-COMMIT-6f6638,Commitment,AZSP-26ced347,"{""x_Term"":""P1Y"",""x_PaymentOption"":""NoUpfront""}",/subscriptions/22222222-2222-4222-8222-222222222222/providers/Microsoft.BillingBenefits/reservations/af7f410df3b8,reservations-4228dea61b,Reservation,eastus,East US,,/subscriptions/22222222-2222-4222-8222-222222222222/providers/Microsoft.BillingBenefits/reservations/af7f410df3b8,AzureReservation-1yr-NoUpfront,Usage,Reservation,,1,Hours,,,"{""Environment"":""prod"",""CostCenter"":""cc-3110"",""Owner"":""team-payments""}"
Microsoft Azure,Microsoft,Microsoft Azure,INV-2026-05-000002,8a1b2c3d-0000-4a00-9000-000000000002,ExampleCorp MCA - Secondary,Microsoft Customer Agreement,22222222-2222-4222-8222-222222222222,staging-platform,Subscription,2026-05-01T00:00:00Z,2026-06-01T00:00:00Z,2026-05-13T01:00:00Z,2026-05-13T02:00:00Z,Usage,,Virtual Machines committed usage,Usage-Based,0,0.128064,0.192,0.1728,0.1920000000,0.1728000000,Committed,1,Hours,USD,0.1728000000,0.128064,0.1920000000,USD,1,Hours,Virtual Machines,Compute,Virtual Machines,AZ-VIRT-02934c,Compute,AZSP-74ed2c47,"{""InstanceType"":""Standard_D4s_v5"",""InstanceSeries"":""Ddsv5"",""CoreCount"":4,""MemorySize"":16,""OperatingSystem"":""Linux"",""x_Tenancy"":""Shared""}",/subscriptions/22222222-2222-4222-8222-222222222222/resourceGroups/rg-staging-platform/providers/Microsoft.Compute/virtualMachines/vm-00003bb421,vm-00003bb421,Virtual Machine,eastus,East US,eastus-1,/subscriptions/22222222-2222-4222-8222-222222222222/providers/Microsoft.BillingBenefits/reservations/af7f410df3b8,AzureReservation-1yr-NoUpfront,Usage,Reservation,Used,1,Hours,,,"{""Environment"":""dev"",""CostCenter"":""cc-1042"",""Owner"":""team-data""}"
Microsoft Azure,Microsoft,Microsoft Azure,INV-2026-05-000002,8a1b2c3d-0000-4a00-9000-000000000002,ExampleCorp MCA - Secondary,Microsoft Customer Agreement,22222222-2222-4222-8222-222222222222,staging-platform,Subscription,2026-05-01T00:00:00Z,2026-06-01T00:00:00Z,2026-05-13T02:00:00Z,2026-05-13T03:00:00Z,Purchase,,"Reservation commitment, amortised for the charge period",Recurring,0.128064,0,0.128064,0.128064,0.1280640000,0.1280640000,Standard,1,Hours,USD,0.1280640000,0,0.1280640000,USD,,,Virtual Machines,Compute,Virtual Machines,AZ-COMMIT-6f6638,Commitment,AZSP-26ced347,"{""x_Term"":""P1Y"",""x_PaymentOption"":""NoUpfront""}",/subscriptions/22222222-2222-4222-8222-222222222222/providers/Microsoft.BillingBenefits/reservations/af7f410df3b8,reservations-4228dea61b,Reservation,eastus,East US,,/subscriptions/22222222-2222-4222-8222-222222222222/providers/Microsoft.BillingBenefits/reservations/af7f410df3b8,AzureReservation-1yr-NoUpfront,Usage,Reservation,,1,Hours,,,"{""Environment"":""staging"",""CostCenter"":""cc-3110"",""Owner"":""team-platform""}"
Microsoft Azure,Microsoft,Microsoft Azure,INV-2026-05-000002,8a1b2c3d-0000-4a00-9000-000000000002,ExampleCorp MCA - Secondary,Microsoft Customer Agreement,22222222-2222-4222-8222-222222222222,staging-platform,Subscription,2026-05-01T00:00:00Z,2026-06-01T00:00:00Z,2026-05-13T02:00:00Z,2026-05-13T03:00:00Z,Usage,,Virtual Machines committed usage,Usage-Based,0,0.128064,0.192,0.1728,0.1920000000,0.1728000000,Committed,1,Hours,USD,0.1728000000,0.128064,0.1920000000,USD,1,Hours,Virtual Machines,Compute,Virtual Machines,AZ-VIRT-197c6a,Compute,AZSP-e8c47380,"{""InstanceType"":""Standard_D4s_v5"",""InstanceSeries"":""Ddsv5"",""CoreCount"":4,""MemorySize"":16,""OperatingSystem"":""Linux"",""x_Tenancy"":""Shared""}",/subscriptions/22222222-2222-4222-8222-222222222222/resourceGroups/rg-staging-platform/providers/Microsoft.Compute/virtualMachines/vm-0001c4a2c8,vm-0001c4a2c8,Virtual Machine,eastus,East US,eastus-1,/subscriptions/22222222-2222-4222-8222-222222222222/providers/Microsoft.BillingBenefits/reservations/af7f410df3b8,AzureReservation-1yr-NoUpfront,Usage,Reservation,Used,1,Hours,,,"{""Environment"":""dev"",""CostCenter"":""cc-3110"",""Owner"":""team-data""}"
Microsoft Azure,Microsoft,Microsoft Azure,INV-2026-05-000002,8a1b2c3d-0000-4a00-9000-000000000002,ExampleCorp MCA - Secondary,Microsoft Customer Agreement,22222222-2222-4222-8222-222222222222,staging-platform,Subscription,2026-05-01T00:00:00Z,2026-06-01T00:00:00Z,2026-05-13T03:00:00Z,2026-05-13T04:00:00Z,Purchase,,"Reservation commitment, amortised for the charge period",Recurring,0.128064,0,0.128064,0.128064,0.1280640000,0.1280640000,Standard,1,Hours,USD,0.1280640000,0,0.1280640000,USD,,,Virtual Machines,Compute,Virtual Machines,AZ-COMMIT-6f6638,Commitment,AZSP-26ced347,"{""x_Term"":""P1Y"",""x_PaymentOption"":""NoUpfront""}",/subscriptions/22222222-2222-4222-8222-222222222222/providers/Microsoft.BillingBenefits/reservations/af7f410df3b8,reservations-4228dea61b,Reservation,eastus,East US,,/subscriptions/22222222-2222-4222-8222-222222222222/providers/Microsoft.BillingBenefits/reservations/af7f410df3b8,AzureReservation-1yr-NoUpfront,Usage,Reservation,,1,Hours,,,"{""Environment"":""dev"",""CostCenter"":""cc-1042"",""Owner"":""team-payments""}"
Microsoft Azure,Microsoft,Microsoft Azure,INV-2026-05-000002,8a1b2c3d-0000-4a00-9000-000000000002,ExampleCorp MCA - Secondary,Microsoft Customer Agreement,22222222-2222-4222-8222-222222222222,staging-platform,Subscription,2026-05-01T00:00:00Z,2026-06-01T00:00:00Z,2026-05-13T03:00:00Z,2026-05-13T04:00:00Z,Usage,,Virtual Machines committed usage,Usage-Based,0,0.128064,0.192,0.1728,0.1920000000,0.1728000000,Committed,1,Hours,USD,0.1728000000,0.128064,0.1920000000,USD,1,Hours,Virtual Machines,Compute,Virtual Machines,AZ-VIRT-cd9a41,Compute,AZSP-ebe5af22,"{""InstanceType"":""Standard_D4s_v5"",""InstanceSeries"":""Ddsv5"",""CoreCount"":4,""MemorySize"":16,""OperatingSystem"":""Linux"",""x_Tenancy"":""Shared""}",/subscriptions/22222222-2222-4222-8222-222222222222/resourceGroups/rg-staging-platform/providers/Microsoft.Compute/virtualMachines/vm-00023bb141,vm-00023bb141,Virtual Machine,eastus,East US,eastus-1,/subscriptions/22222222-2222-4222-8222-222222222222/providers/Microsoft.BillingBenefits/reservations/af7f410df3b8,AzureReservation-1yr-NoUpfront,Usage,Reservation,Used,1,Hours,,,"{""Environment"":""staging"",""CostCenter"":""cc-1042"",""Owner"":""team-payments""}"
Microsoft Azure,Microsoft,Microsoft Azure,INV-2026-05-000002,8a1b2c3d-0000-4a00-9000-000000000002,ExampleCorp MCA - Secondary,Microsoft Customer Agreement,22222222-2222-4222-8222-222222222222,staging-platform,Subscription,2026-05-01T00:00:00Z,2026-06-01T00:00:00Z,2026-05-13T04:00:00Z,2026-05-13T05:00:00Z,Purchase,,"Reservation commitment, amortised for the charge period",Recurring,0.128064,0,0.128064,0.128064,0.1280640000,0.1280640000,Standard,1,Hours,USD,0.1280640000,0,0.1280640000,USD,,,Virtual Machines,Compute,Virtual Machines,AZ-COMMIT-6f6638,Commitment,AZSP-26ced347,"{""x_Term"":""P1Y"",""x_PaymentOption"":""NoUpfront""}",/subscriptions/22222222-2222-4222-8222-222222222222/providers/Microsoft.BillingBenefits/reservations/af7f410df3b8,reservations-4228dea61b,Reservation,eastus,East US,,/subscriptions/22222222-2222-4222-8222-222222222222/providers/Microsoft.BillingBenefits/reservations/af7f410df3b8,AzureReservation-1yr-NoUpfront,Usage,Reservation,,1,Hours,,,"{""Environment"":""staging"",""CostCenter"":""cc-2087"",""Owner"":""team-payments""}"
Microsoft Azure,Microsoft,Microsoft Azure,INV-2026-05-000002,8a1b2c3d-0000-4a00-9000-000000000002,ExampleCorp MCA - Secondary,Microsoft Customer Agreement,22222222-2222-4222-8222-222222222222,staging-platform,Subscription,2026-05-01T00:00:00Z,2026-06-01T00:00:00Z,2026-05-13T04:00:00Z,2026-05-13T05:00:00Z,Usage,,Virtual Machines committed usage,Usage-Based,0,0.128064,0.192,0.1728,0.1920000000,0.1728000000,Committed,1,Hours,USD,0.1728000000,0.128064,0.1920000000,USD,1,Hours,Virtual Machines,Compute,Virtual Machines,AZ-VIRT-4422b7,Compute,AZSP-68d14cb1,"{""InstanceType"":""Standard_D4s_v5"",""InstanceSeries"":""Ddsv5"",""CoreCount"":4,""MemorySize"":16,""OperatingSystem"":""Linux"",""x_Tenancy"":""Shared""}",/subscriptions/22222222-2222-4222-8222-222222222222/resourceGroups/rg-staging-platform/providers/Microsoft.Compute/virtualMachines/vm-0003d5f286,vm-0003d5f286,Virtual Machine,eastus,East US,eastus-1,/subscriptions/22222222-2222-4222-8222-222222222222/providers/Microsoft.BillingBenefits/reservations/af7f410df3b8,AzureReservation-1yr-NoUpfront,Usage,Reservation,Used,1,Hours,,,"{""Environment"":""prod"",""CostCenter"":""cc-1042"",""Owner"":""team-payments""}"
Microsoft Azure,Microsoft,Microsoft Azure,INV-2026-05-000002,8a1b2c3d-0000-4a00-9000-000000000002,ExampleCorp MCA - Secondary,Microsoft Customer Agreement,22222222-2222-4222-8222-222222222222,staging-platform,Subscription,2026-05-01T00:00:00Z,2026-06-01T00:00:00Z,2026-05-13T05:00:00Z,2026-05-13T06:00:00Z,Purchase,,"Reservation commitment, amortised for the charge period",Recurring,0.128064,0,0.128064,0.128064,0.1280640000,0.1280640000,Standard,1,Hours,USD,0.1280640000,0,0.1280640000,USD,,,Virtual Machines,Compute,Virtual Machines,AZ-COMMIT-6f6638,Commitment,AZSP-26ced347,"{""x_Term"":""P1Y"",""x_PaymentOption"":""NoUpfront""}",/subscriptions/22222222-2222-4222-8222-222222222222/providers/Microsoft.BillingBenefits/reservations/af7f410df3b8,reservations-4228dea61b,Reservation,eastus,East US,,/subscriptions/22222222-2222-4222-8222-222222222222/providers/Microsoft.BillingBenefits/reservations/af7f410df3b8,AzureReservation-1yr-NoUpfront,Usage,Reservation,,1,Hours,,,"{""Environment"":""staging"",""CostCenter"":""cc-2087"",""Owner"":""team-platform""}"
Microsoft Azure,Microsoft,Microsoft Azure,INV-2026-05-000002,8a1b2c3d-0000-4a00-9000-000000000002,ExampleCorp MCA - Secondary,Microsoft Customer Agreement,22222222-2222-4222-8222-222222222222,staging-platform,Subscription,2026-05-01T00:00:00Z,2026-06-01T00:00:00Z,2026-05-13T05:00:00Z,2026-05-13T06:00:00Z,Usage,,Virtual Machines committed usage,Usage-Based,0,0.128064,0.192,0.1728,0.1920000000,0.1728000000,Committed,1,Hours,USD,0.1728000000,0.128064,0.1920000000,USD,1,Hours,Virtual Machines,Compute,Virtual Machines,AZ-VIRT-bd47a6,Compute,AZSP-ad095b7a,"{""InstanceType"":""Standard_D4s_v5"",""InstanceSeries"":""Ddsv5"",""CoreCount"":4,""MemorySize"":16,""OperatingSystem"":""Linux"",""x_Tenancy"":""Shared""}",/subscriptions/22222222-2222-4222-8222-222222222222/resourceGroups/rg-staging-platform/providers/Microsoft.Compute/virtualMachines/vm-000466857a,vm-000466857a,Virtual Machine,eastus,East US,eastus-1,/subscriptions/22222222-2222-4222-8222-222222222222/providers/Microsoft.BillingBenefits/reservations/af7f410df3b8,AzureReservation-1yr-NoUpfront,Usage,Reservation,Used,1,Hours,,,"{""Environment"":""staging"",""CostCenter"":""cc-3110"",""Owner"":""team-platform""}"
Microsoft Azure,Microsoft,Microsoft Azure,INV-2026-05-000002,8a1b2c3d-0000-4a00-9000-000000000002,ExampleCorp MCA - Secondary,Microsoft Customer Agreement,22222222-2222-4222-8222-222222222222,staging-platform,Subscription,2026-05-01T00:00:00Z,2026-06-01T00:00:00Z,2026-05-13T06:00:00Z,2026-05-13T07:00:00Z,Purchase,,"Reservation commitment, amortised for the charge period",Recurring,0.128064,0,0.128064,0.128064,0.1280640000,0.1280640000,Standard,1,Hours,USD,0.1280640000,0,0.1280640000,USD,,,Virtual Machines,Compute,Virtual Machines,AZ-COMMIT-6f6638,Commitment,AZSP-26ced347,"{""x_Term"":""P1Y"",""x_PaymentOption"":""NoUpfront""}",/subscriptions/22222222-2222-4222-8222-222222222222/providers/Microsoft.BillingBenefits/reservations/af7f410df3b8,reservations-4228dea61b,Reservation,eastus,East US,,/subscriptions/22222222-2222-4222-8222-222222222222/providers/Microsoft.BillingBenefits/reservations/af7f410df3b8,AzureReservation-1yr-NoUpfront,Usage,Reservation,,1,Hours,,,"{""Environment"":""staging"",""CostCenter"":""cc-2087"",""Owner"":""team-data""}"
Microsoft Azure,Microsoft,Microsoft Azure,INV-2026-05-000002,8a1b2c3d-0000-4a00-9000-000000000002,ExampleCorp MCA - Secondary,Microsoft Customer Agreement,22222222-2222-4222-8222-222222222222,staging-platform,Subscription,2026-05-01T00:00:00Z,2026-06-01T00:00:00Z,2026-05-13T06:00:00Z,2026-05-13T07:00:00Z,Usage,,Virtual Machines committed usage,Usage-Based,0,0.128064,0.192,0.1728,0.1920000000,0.1728000000,Committed,1,Hours,USD,0.1728000000,0.128064,0.1920000000,USD,1,Hours,Virtual Machines,Compute,Virtual Machines,AZ-VIRT-9bd937,Compute,AZSP-00278466,"{""InstanceType"":""Standard_D4s_v5"",""InstanceSeries"":""Ddsv5"",""CoreCount"":4,""MemorySize"":16,""OperatingSystem"":""Linux"",""x_Tenancy"":""Shared""}",/subscriptions/22222222-2222-4222-8222-222222222222/resourceGroups/rg-staging-platform/providers/Microsoft.Compute/virtualMachines/vm-0005da8907,vm-0005da8907,Virtual Machine,eastus,East US,eastus-1,/subscriptions/22222222-2222-4222-8222-222222222222/providers/Microsoft.BillingBenefits/reservations/af7f410df3b8,AzureReservation-1yr-NoUpfront,Usage,Reservation,Used,1,Hours,,,"{""Environment"":""staging"",""CostCenter"":""cc-2087"",""Owner"":""team-payments""}"
Microsoft Azure,Microsoft,Microsoft Azure,INV-2026-05-000002,8a1b2c3d-0000-4a00-9000-000000000002,ExampleCorp MCA - Secondary,Microsoft Customer Agreement,22222222-2222-4222-8222-222222222222,staging-platform,Subscription,2026-05-01T00:00:00Z,2026-06-01T00:00:00Z,2026-05-13T07:00:00Z,2026-05-13T08:00:00Z,Purchase,,"Reservation commitment, amortised for the charge period",Recurring,0.128064,0,0.128064,0.128064,0.1280640000,0.1280640000,Standard,1,Hours,USD,0.1280640000,0,0.1280640000,USD,,,Virtual Machines,Compute,Virtual Machines,AZ-COMMIT-6f6638,Commitment,AZSP-26ced347,"{""x_Term"":""P1Y"",""x_PaymentOption"":""NoUpfront""}",/subscriptions/22222222-2222-4222-8222-222222222222/providers/Microsoft.BillingBenefits/reservations/af7f410df3b8,reservations-4228dea61b,Reservation,eastus,East US,,/subscriptions/22222222-2222-4222-8222-222222222222/providers/Microsoft.BillingBenefits/reservations/af7f410df3b8,AzureReservation-1yr-NoUpfront,Usage,Reservation,,1,Hours,,,"{""Environment"":""dev"",""CostCenter"":""cc-3110"",""Owner"":""team-payments""}"
Microsoft Azure,Microsoft,Microsoft Azure,INV-2026-05-000002,8a1b2c3d-0000-4a00-9000-000000000002,ExampleCorp MCA - Secondary,Microsoft Customer Agreement,22222222-2222-4222-8222-222222222222,staging-platform,Subscription,2026-05-01T00:00:00Z,2026-06-01T00:00:00Z,2026-05-13T07:00:00Z,2026-05-13T08:00:00Z,Usage,,Virtual Machines committed usage,Usage-Based,0,0.128064,0.192,0.1728,0.1920000000,0.1728000000,Committed,1,Hours,USD,0.1728000000,0.128064,0.1920000000,USD,1,Hours,Virtual Machines,Compute,Virtual Machines,AZ-VIRT-5d5761,Compute,AZSP-4ac7f542,"{""InstanceType"":""Standard_D4s_v5"",""InstanceSeries"":""Ddsv5"",""CoreCount"":4,""MemorySize"":16,""OperatingSystem"":""Linux"",""x_Tenancy"":""Shared""}",/subscriptions/22222222-2222-4222-8222-222222222222/resourceGroups/rg-staging-platform/providers/Microsoft.Compute/virtualMachines/vm-00063e1914,vm-00063e1914,Virtual Machine,eastus,East US,eastus-1,/subscriptions/22222222-2222-4222-8222-222222222222/providers/Microsoft.BillingBenefits/reservations/af7f410df3b8,AzureReservation-1yr-NoUpfront,Usage,Reservation,Used,1,Hours,,,"{""Environment"":""prod"",""CostCenter"":""cc-3110"",""Owner"":""team-payments""}"
Microsoft Azure,Microsoft,Microsoft Azure,INV-2026-05-000002,8a1b2c3d-0000-4a00-9000-000000000002,ExampleCorp MCA - Secondary,Microsoft Customer Agreement,22222222-2222-4222-8222-222222222222,staging-platform,Subscription,2026-05-01T00:00:00Z,2026-06-01T00:00:00Z,2026-05-13T08:00:00Z,2026-05-13T09:00:00Z,Purchase,,"Reservation commitment, amortised for the charge period",Recurring,0.128064,0,0.128064,0.128064,0.1280640000,0.1280640000,Standard,1,Hours,USD,0.1280640000,0,0.1280640000,USD,,,Virtual Machines,Compute,Virtual Machines,AZ-COMMIT-6f6638,Commitment,AZSP-26ced347,"{""x_Term"":""P1Y"",""x_PaymentOption"":""NoUpfront""}",/subscriptions/22222222-2222-4222-8222-222222222222/providers/Microsoft.BillingBenefits/reservations/af7f410df3b8,reservations-4228dea61b,Reservation,eastus,East US,,/subscriptions/22222222-2222-4222-8222-222222222222/providers/Microsoft.BillingBenefits/reservations/af7f410df3b8,AzureReservation-1yr-NoUpfront,Usage,Reservation,,1,Hours,,,"{""Environment"":""staging"",""CostCenter"":""cc-1042"",""Owner"":""team-platform""}"
Microsoft Azure,Microsoft,Microsoft Azure,INV-2026-05-000002,8a1b2c3d-0000-4a00-9000-000000000002,ExampleCorp MCA - Secondary,Microsoft Customer Agreement,22222222-2222-4222-8222-222222222222,staging-platform,Subscription,2026-05-01T00:00:00Z,2026-06-01T00:00:00Z,2026-05-13T08:00:00Z,2026-05-13T09:00:00Z,Usage,,Reservation unused commitment,Usage-Based,0,0.128064,0.128064,0.128064,0.1280640000,0.1280640000,Committed,1,Hours,USD,0.1280640000,0.128064,0.1280640000,USD,,,Virtual Machines,Compute,Virtual Machines,AZ-COMMIT-6f6638,Commitment,AZSP-26ced347,"{""x_Term"":""P1Y"",""x_PaymentOption"":""NoUpfront""}",/subscriptions/22222222-2222-4222-8222-222222222222/providers/Microsoft.BillingBenefits/reservations/af7f410df3b8,reservations-4228dea61b,Reservation,eastus,East US,,/subscriptions/22222222-2222-4222-8222-222222222222/providers/Microsoft.BillingBenefits/reservations/af7f410df3b8,AzureReservation-1yr-NoUpfront,Usage,Reservation,Unused,1,Hours,,,"{""Environment"":""dev"",""CostCenter"":""cc-3110"",""Owner"":""team-platform""}"
Microsoft Azure,Microsoft,Microsoft Azure,INV-2026-05-000002,8a1b2c3d-0000-4a00-9000-000000000002,ExampleCorp MCA - Secondary,Microsoft Customer Agreement,22222222-2222-4222-8222-222222222222,staging-platform,Subscription,2026-05-01T00:00:00Z,2026-06-01T00:00:00Z,2026-05-13T17:00:00Z,2026-05-13T18:00:00Z,Usage,,Function execution duration,Usage-Based,30.52369550833218,30.52369550833218,33.9152172314802,30.52369550833218,0.0000158460,0.0000142614,Standard,2140301.4787,GB-Seconds,EUR,0.0000131205,28.0817998676656056,0.0000145783,USD,2140301.4787,GB-Seconds,Azure Functions,Compute,Serverless Compute,AZ-AZUR-93cbcc,Compute,AZSP-96b87bf2,"{""x_Plan"":""Consumption"",""x_Runtime"":""dotnet8""}",/subscriptions/22222222-2222-4222-8222-222222222222/resourceGroups/rg-staging-platform/providers/Microsoft.Web/sites/func-5503e3f5,func-5503e3f5,Function App,eastus,East US,,,,,,,,,,,"{""Environment"":""prod"",""CostCenter"":""cc-3110"",""Owner"":""team-data""}"
Microsoft Azure,Microsoft,Microsoft Azure,INV-2026-05-000001,8a1b2c3d-0000-4a00-9000-000000000001,ExampleCorp MCA - Primary,Microsoft Customer Agreement,33333333-3333-4333-8333-333333333333,data-analytics,Subscription,2026-05-01T00:00:00Z,2026-06-01T00:00:00Z,2026-05-27T00:00:00Z,2026-05-28T00:00:00Z,Purchase,,Azure Blob Storage subscription fee,Recurring,761.739540,0,761.739540,761.739540,761.739540,761.739540,Standard,1,Units,USD,761.7395400000,0,761.7395400000,USD,,,Azure Blob Storage,Storage,Object Storage,AZ-AZUR-d6cdca,Storage,AZSP-d81225e1,"{""x_StorageClass"":""Hot"",""x_Redundancy"":""LRS""}",/subscriptions/33333333-3333-4333-8333-333333333333/resourceGroups/rg-data-analytics/providers/Microsoft.Storage/storageAccounts/stor167237ed,stor167237ed,Storage Account,westeurope,West Europe,,,,,,,,,,,"{""Environment"":""staging"",""CostCenter"":""cc-3110"",""Owner"":""team-data""}"
Microsoft Azure,Microsoft,Microsoft Azure,INV-2026-05-000001,8a1b2c3d-0000-4a00-9000-000000000001,ExampleCorp MCA - Primary,Microsoft Customer Agreement,44444444-4444-4444-8444-444444444444,sandbox-dev,Subscription,2026-05-01T00:00:00Z,2026-06-01T00:00:00Z,2026-05-28T00:00:00Z,2026-05-29T00:00:00Z,Usage,,VNet peering data transfer,Usage-Based,18.84270030981744,18.84270030981744,20.93633377196448,18.84270030981744,0.0098581226,0.0088723103,Standard,2123.7648,GB,USD,0.0088723103,18.84270030981744,0.0098581226,USD,2123.7648,GB,Virtual Network,Networking,Network Connectivity,AZ-VIRT-79627c,Data Transfer,AZSP-86b65aef,"{""x_TransferType"":""Peering""}",/subscriptions/44444444-4444-4444-8444-444444444444/resourceGroups/rg-sandbox-dev/providers/Microsoft.Network/virtualNetworks/vnet-7f44afc3,vnet-7f44afc3,Virtual Network,westus2,West US 2,,,,,,,,,,,"{""Environment"":""prod"",""CostCenter"":""cc-1042"",""Owner"":""team-data""}"
Microsoft Azure,Microsoft,Microsoft Azure,INV-2026-05-000001,8a1b2c3d-0000-4a00-9000-000000000001,ExampleCorp MCA - Primary,Microsoft Customer Agreement,33333333-3333-4333-8333-333333333333,data-analytics,Subscription,2026-05-01T00:00:00Z,2026-06-01T00:00:00Z,2026-05-13T20:00:00Z,2026-05-13T21:00:00Z,Usage,,Provisioned throughput,Usage-Based,0.007308146,0.007308146,0.0081201622,0.007308146,0.0081201622,0.0073081460,Standard,1.0000,Hours,USD,0.0073081460,0.007308146,0.0081201622,USD,1.0000,Hours,Azure Cosmos DB,Databases,NoSQL Databases,AZ-AZUR-54aff0,Database,AZSP-d25cac8e,"{""x_CapacityMode"":""Provisioned""}",/subscriptions/33333333-3333-4333-8333-333333333333/resourceGroups/rg-data-analytics/providers/Microsoft.DocumentDB/databaseAccounts/cosmos-e62ead71,cosmos-e62ead71,Cosmos DB Account,westeurope,West Europe,,,,,,,,,,,"{""Environment"":""prod"",""CostCenter"":""cc-3110"",""Owner"":""team-platform""}"
Microsoft Azure,Microsoft,Microsoft Azure,INV-2026-05-000002,8a1b2c3d-0000-4a00-9000-000000000002,ExampleCorp MCA - Secondary,Microsoft Customer Agreement,33333333-3333-4333-8333-333333333333,data-analytics,Subscription,2026-05-01T00:00:00Z,2026-06-01T00:00:00Z,2026-05-01T00:00:00Z,2026-06-01T00:00:00Z,Usage,,Hot LRS data stored,Usage-Based,33.10037836778004,33.10037836778004,36.77819812011494,33.10037836778004,0.0184887553,0.0166398798,Standard,1989.2198,GB-Months,USD,0.0166398798,33.10037836778004,0.0184887553,USD,1989.2198,GB-Months,Azure Blob Storage,Storage,Object Storage,AZ-AZUR-ba560d,Storage,AZSP-fb111e4d,"{""x_StorageClass"":""Hot"",""x_Redundancy"":""LRS""}",/subscriptions/33333333-3333-4333-8333-333333333333/resourceGroups/rg-data-analytics/providers/Microsoft.Storage/storageAccounts/stor9aa71f92,stor9aa71f92,Storage Account,westeurope,West Europe,,,,,,,,,,,"{""Environment"":""staging"",""CostCenter"":""cc-2087"",""Owner"":""team-payments""}"
Microsoft Azure,Microsoft,Microsoft Azure,INV-2026-05-000002,8a1b2c3d-0000-4a00-9000-000000000002,ExampleCorp MCA - Secondary,Microsoft Customer Agreement,44444444-4444-4444-8444-444444444444,sandbox-dev,Subscription,2026-05-01T00:00:00Z,2026-06-01T00:00:00Z,2026-05-03T00:00:00Z,2026-05-04T00:00:00Z,Purchase,,Virtual Network subscription fee,Recurring,251.481311,0,251.481311,251.481311,251.481311,251.481311,Standard,1,Units,USD,251.4813110000,0,251.4813110000,USD,,,Virtual Network,Networking,Network Connectivity,AZ-VIRT-40577e,Data Transfer,AZSP-74ef6857,"{""x_TransferType"":""Peering""}",/subscriptions/44444444-4444-4444-8444-444444444444/resourceGroups/rg-sandbox-dev/providers/Microsoft.Network/virtualNetworks/vnet-98534e7d,vnet-98534e7d,Virtual Network,southeastasia,Southeast Asia,,,,,,,,,,,"{""Environment"":""dev"",""CostCenter"":""cc-2087"",""Owner"":""team-payments""}"
Microsoft Azure,Microsoft,Microsoft Azure,INV-2026-05-000002,8a1b2c3d-0000-4a00-9000-000000000002,ExampleCorp MCA - Secondary,Microsoft Customer Agreement,44444444-4444-4444-8444-444444444444,sandbox-dev,Subscription,2026-05-01T00:00:00Z,2026-06-01T00:00:00Z,2026-05-01T00:00:00Z,2026-06-01T00:00:00Z,Usage,,Hot LRS data stored,Usage-Based,118.26307310874,118.26307310874,131.4034144868136,118.26307310874,0.0186103361,0.0167493025,Standard,7060.7760,GB-Months,USD,0.0167493025,118.26307310874,0.0186103361,USD,7060.7760,GB-Months,Azure Blob Storage,Storage,Object Storage,AZ-AZUR-00d1f5,Storage,AZSP-77a8bdc2,"{""x_StorageClass"":""Hot"",""x_Redundancy"":""LRS""}",/subscriptions/44444444-4444-4444-8444-444444444444/resourceGroups/rg-sandbox-dev/providers/Microsoft.Storage/storageAccounts/stor91beba7e,stor91beba7e,Storage Account,eastus,East US,,,,,,,,,,,"{""Environment"":""staging"",""CostCenter"":""cc-3110"",""Owner"":""team-platform""}"
Microsoft Azure,Microsoft,Microsoft Azure,INV-2026-05-000002,8a1b2c3d-0000-4a00-9000-000000000002,ExampleCorp MCA - Secondary,Microsoft Customer Agreement,44444444-4444-4444-8444-444444444444,sandbox-dev,Subscription,2026-05-01T00:00:00Z,2026-06-01T00:00:00Z,2026-05-05T00:00:00Z,2026-05-06T00:00:00Z,Tax,,Tax for Virtual Machines,One-Time,16.851029,16.851029,16.851029,16.851029,,,,,,,,,,USD,,,Virtual Machines,Compute,Virtual Machines,,,,,,,,,,,,,,,,,,,,"{""Environment"":""staging"",""CostCenter"":""cc-2087"",""Owner"":""team-payments""}"
Microsoft Azure,Microsoft,Microsoft Azure,INV-2026-05-000002,8a1b2c3d-0000-4a00-9000-000000000002,ExampleCorp MCA - Secondary,Microsoft Customer Agreement,22222222-2222-4222-8222-222222222222,staging-platform,Subscription,2026-05-01T00:00:00Z,2026-06-01T00:00:00Z,2026-05-14T01:00:00Z,2026-05-14T02:00:00Z,Usage,,Standard_D4s_v5 instance,Usage-Based,0.1702822348,0.1702822348,0.1892024831,0.1702822348,0.1892024831,0.1702822348,Standard,1.0000,Hours,USD,0.1702822348,0.1702822348,0.1892024831,USD,1.0000,Hours,Virtual Machines,Compute,Virtual Machines,AZ-VIRT-a95bf6,Compute,AZSP-b65ad2f4,"{""InstanceType"":""Standard_D4s_v5"",""InstanceSeries"":""Ddsv5"",""CoreCount"":4,""MemorySize"":16,""OperatingSystem"":""Linux"",""x_Tenancy"":""Shared""}",/subscriptions/22222222-2222-4222-8222-222222222222/resourceGroups/rg-staging-platform/providers/Microsoft.Compute/virtualMachines/vm-9d7bc1ec,vm-9d7bc1ec,Virtual Machine,westus2,West US 2,westus2-1,,,,,,,,,,"{""Environment"":""prod"",""CostCenter"":""cc-2087"",""Owner"":""team-data""}"
Microsoft Azure,Microsoft,Microsoft Azure,INV-2026-05-000001,8a1b2c3d-0000-4a00-9000-000000000001,ExampleCorp MCA - Primary,Microsoft Customer Agreement,22222222-2222-4222-8222-222222222222,staging-platform,Subscription,2026-05-01T00:00:00Z,2026-06-01T00:00:00Z,2026-05-07T00:00:00Z,2026-05-08T00:00:00Z,Purchase,,Azure Blob Storage subscription fee,Recurring,139.757940,0,139.757940,139.757940,139.757940,139.757940,Standard,1,Units,USD,139.7579400000,0,139.7579400000,USD,,,Azure Blob Storage,Storage,Object Storage,AZ-AZUR-b111bb,Storage,AZSP-70778553,"{""x_StorageClass"":""Hot"",""x_Redundancy"":""LRS""}",/subscriptions/22222222-2222-4222-8222-222222222222/resourceGroups/rg-staging-platform/providers/Microsoft.Storage/storageAccounts/stor4b48c3b9,stor4b48c3b9,Storage Account,southeastasia,Southeast Asia,,,,,,,,,,,"{""Environment"":""dev"",""CostCenter"":""cc-3110"",""Owner"":""team-payments""}"
Microsoft Azure,Microsoft,Microsoft Azure,INV-2026-05-000001,8a1b2c3d-0000-4a00-9000-000000000001,ExampleCorp MCA - Primary,Microsoft Customer Agreement,44444444-4444-4444-8444-444444444444,sandbox-dev,Subscription,2026-05-01T00:00:00Z,2026-06-01T00:00:00Z,2026-05-14T03:00:00Z,2026-05-14T04:00:00Z,Usage,,Provisioned throughput,Usage-Based,0.0073611725,0.0073611725,0.0081790805,0.0073611725,0.0081790805,0.0073611725,Standard,1.0000,Hours,USD,0.0073611725,0.0073611725,0.0081790805,USD,1.0000,Hours,Azure Cosmos DB,Databases,NoSQL Databases,AZ-AZUR-7fcacc,Database,AZSP-be2b2da3,"{""x_CapacityMode"":""Provisioned""}",/subscriptions/44444444-4444-4444-8444-444444444444/resourceGroups/rg-sandbox-dev/providers/Microsoft.DocumentDB/databaseAccounts/cosmos-32493d93,cosmos-32493d93,Cosmos DB Account,southeastasia,Southeast Asia,,,,,,,,,,,"{""Environment"":""prod"",""CostCenter"":""cc-3110"",""Owner"":""team-data""}"
Microsoft Azure,Microsoft,Microsoft Azure,INV-2026-05-000002,8a1b2c3d-0000-4a00-9000-000000000002,ExampleCorp MCA - Secondary,Microsoft Customer Agreement,11111111-1111-4111-8111-111111111111,prod-platform,Subscription,2026-05-01T00:00:00Z,2026-06-01T00:00:00Z,2026-05-01T00:00:00Z,2026-06-01T00:00:00Z,Usage,,Hot LRS data stored,Usage-Based,82.01279024889138,82.01279024889138,91.12532265960606,82.01279024889138,0.0188855457,0.0169969911,Standard,4825.1358,GB-Months,USD,0.0169969911,82.01279024889138,0.0188855457,USD,4825.1358,GB-Months,Azure Blob Storage,Storage,Object Storage,AZ-AZUR-387ac7,Storage,AZSP-2fbbb4d6,"{""x_StorageClass"":""Hot"",""x_Redundancy"":""LRS""}",/subscriptions/11111111-1111-4111-8111-111111111111/resourceGroups/rg-prod-platform/providers/Microsoft.Storage/storageAccounts/store8d2e59e,store8d2e59e,Storage Account,westeurope,West Europe,,,,,,,,,,,"{""Environment"":""dev"",""CostCenter"":""cc-1042"",""Owner"":""team-platform""}"
Microsoft Azure,Microsoft,Microsoft Azure,INV-2026-05-000001,8a1b2c3d-0000-4a00-9000-000000000001,ExampleCorp MCA - Primary,Microsoft Customer Agreement,22222222-2222-4222-8222-222222222222,staging-platform,Subscription,2026-05-01T00:00:00Z,2026-06-01T00:00:00Z,2026-05-01T00:00:00Z,2026-06-01T00:00:00Z,Usage,,Hot LRS data stored,Usage-Based,56.25450145634444,56.25450145634444,62.50500146381076,56.25450145634444,0.0179980884,0.0161982796,Standard,3472.8689,GB-Months,USD,0.0161982796,56.25450145634444,0.0179980884,USD,3472.8689,GB-Months,Azure Blob Storage,Storage,Object Storage,AZ-AZUR-10631a,Storage,AZSP-763b06d3,"{""x_StorageClass"":""Hot"",""x_Redundancy"":""LRS""}",/subscriptions/22222222-2222-4222-8222-222222222222/resourceGroups/rg-staging-platform/providers/Microsoft.Storage/storageAccounts/stor8313f6a2,stor8313f6a2,Storage Account,eastus,East US,,,,,,,,,,,"{""Environment"":""dev"",""CostCenter"":""cc-3110"",""Owner"":""team-platform""}"
Microsoft Azure,Microsoft,Microsoft Azure,INV-2026-05-000001,8a1b2c3d-0000-4a00-9000-000000000001,ExampleCorp MCA - Primary,Microsoft Customer Agreement,44444444-4444-4444-8444-444444444444,sandbox-dev,Subscription,2026-05-01T00:00:00Z,2026-06-01T00:00:00Z,2026-05-11T00:00:00Z,2026-05-12T00:00:00Z,Usage,,Log data ingested,Usage-Based,255.22134265612908,255.22134265612908,283.57926962213934,255.22134265612908,2.2409503527,2.0168553174,Standard,126.5442,GB,EUR,1.8555068920,234.8036352436387536,2.0616743245,USD,126.5442,GB,Azure Monitor,Management and Governance,Observability,AZ-AZUR-7e125c,Monitoring,AZSP-263b0dc0,"{""x_DataType"":""Logs""}",/subscriptions/44444444-4444-4444-8444-444444444444/resourceGroups/rg-sandbox-dev/providers/Microsoft.OperationalInsights/workspaces/law-ac62f32d,law-ac62f32d,Log Analytics Workspace,westeurope,West Europe,,,,,,,,,,,"{""Environment"":""staging"",""CostCenter"":""cc-3110"",""Owner"":""team-payments""}"
Microsoft Azure,Microsoft,Microsoft Azure,INV-2026-05-000002,8a1b2c3d-0000-4a00-9000-000000000002,ExampleCorp MCA - Secondary,Microsoft Customer Agreement,11111111-1111-4111-8111-111111111111,prod-platform,Subscription,2026-05-01T00:00:00Z,2026-06-01T00:00:00Z,2026-05-14T07:00:00Z,2026-05-14T08:00:00Z,Usage,,Function execution duration,Usage-Based,50.92166561270803,50.92166561270803,56.57947011968274,50.92166561270803,0.0000158814,0.0000142933,Standard,3562624.8391,GB-Seconds,USD,0.0000142933,50.92166561270803,0.0000158814,USD,3562624.8391,GB-Seconds,Azure Functions,Compute,Serverless Compute,AZ-AZUR-3026f0,Compute,AZSP-23926184,"{""x_Plan"":""Consumption"",""x_Runtime"":""dotnet8""}",/subscriptions/11111111-1111-4111-8111-111111111111/resourceGroups/rg-prod-platform/providers/Microsoft.Web/sites/func-1e431c2d,func-1e431c2d,Function App,westus2,West US 2,,,,,,,,,,,"{""Environment"":""dev"",""CostCenter"":""cc-2087"",""Owner"":""team-payments""}"
Microsoft Azure,Microsoft,Microsoft Azure,INV-2026-05-000001,8a1b2c3d-0000-4a00-9000-000000000001,ExampleCorp MCA - Primary,Microsoft Customer Agreement,33333333-3333-4333-8333-333333333333,data-analytics,Subscription,2026-05-01T00:00:00Z,2026-06-01T00:00:00Z,2026-05-14T08:00:00Z,2026-05-14T09:00:00Z,Usage,,Standard_D4s_v5 instance,Usage-Based,0.1730178047,0.1730178047,0.1922420052,0.1730178047,0.1922420052,0.1730178047,Standard,1.0000,Hours,USD,0.1730178047,0.1730178047,0.1922420052,USD,1.0000,Hours,Virtual Machines,Compute,Virtual Machines,AZ-VIRT-7a7398,Compute,AZSP-30f468a1,"{""InstanceType"":""Standard_D4s_v5"",""InstanceSeries"":""Ddsv5"",""CoreCount"":4,""MemorySize"":16,""OperatingSystem"":""Linux"",""x_Tenancy"":""Shared""}",/subscriptions/33333333-3333-4333-8333-333333333333/resourceGroups/rg-data-analytics/providers/Microsoft.Compute/virtualMachines/vm-51cb98eb,vm-51cb98eb,Virtual Machine,westus2,West US 2,westus2-2,,,,,,,,,,"{""Environment"":""prod"",""CostCenter"":""cc-2087"",""Owner"":""team-platform""}"
Microsoft Azure,Microsoft,Microsoft Azure,INV-2026-05-000002,8a1b2c3d-0000-4a00-9000-000000000002,ExampleCorp MCA - Secondary,Microsoft Customer Agreement,11111111-1111-4111-8111-111111111111,prod-platform,Subscription,2026-05-01T00:00:00Z,2026-06-01T00:00:00Z,2026-05-14T09:00:00Z,2026-05-14T10:00:00Z,Usage,,Function execution duration,Usage-Based,47.6090769508306,47.6090769508306,52.8990118608398,47.6090769508306,0.0000156859,0.0000141173,Standard,3372392.5220,GB-Seconds,USD,0.0000141173,47.6090769508306,0.0000156859,USD,3372392.5220,GB-Seconds,Azure Functions,Compute,Serverless Compute,AZ-AZUR-540e16,Compute,AZSP-40151675,"{""x_Plan"":""Consumption"",""x_Runtime"":""dotnet8""}",/subscriptions/11111111-1111-4111-8111-111111111111/resourceGroups/rg-prod-platform/providers/Microsoft.Web/sites/func-859e9c4f,func-859e9c4f,Function App,southeastasia,Southeast Asia,,,,,,,,,,,"{""Environment"":""prod"",""CostCenter"":""cc-2087"",""Owner"":""team-platform""}"
Microsoft Azure,Microsoft,Microsoft Azure,INV-2026-05-000002,8a1b2c3d-0000-4a00-9000-000000000002,ExampleCorp MCA - Secondary,Microsoft Customer Agreement,22222222-2222-4222-8222-222222222222,staging-platform,Subscription,2026-05-01T00:00:00Z,2026-06-01T00:00:00Z,2026-05-14T10:00:00Z,2026-05-14T11:00:00Z,Usage,,Standard_D4s_v5 instance,Usage-Based,0.1688344322,0.1688344322,0.1875938135,0.1688344322,0.1875938135,0.1688344322,Standard,1.0000,Hours,EUR,0.1553276776,0.155327677624,0.1725863084,USD,1.0000,Hours,Virtual Machines,Compute,Virtual Machines,AZ-VIRT-2d1121,Compute,AZSP-e672c2a3,"{""InstanceType"":""Standard_D4s_v5"",""InstanceSeries"":""Ddsv5"",""CoreCount"":4,""MemorySize"":16,""OperatingSystem"":""Linux"",""x_Tenancy"":""Shared""}",/subscriptions/22222222-2222-4222-8222-222222222222/resourceGroups/rg-staging-platform/providers/Microsoft.Compute/virtualMachines/vm-9031a60e,vm-9031a60e,Virtual Machine,westus2,West US 2,westus2-2,,,,,,,,,,"{""Environment"":""staging"",""CostCenter"":""cc-3110"",""Owner"":""team-payments""}"
Microsoft Azure,Microsoft,Microsoft Azure,INV-2026-05-000001,8a1b2c3d-0000-4a00-9000-000000000001,ExampleCorp MCA - Primary,Microsoft Customer Agreement,22222222-2222-4222-8222-222222222222,staging-platform,Subscription,2026-05-01T00:00:00Z,2026-06-01T00:00:00Z,2026-05-16T00:00:00Z,2026-05-17T00:00:00Z,Tax,,Tax for Azure Kubernetes Service,One-Time,8.055175,8.055175,8.055175,8.055175,,,,,,,,,,USD,,,Azure Kubernetes Service,Compute,Containers,,,,,,,,,,,,,,,,,,,,"{""Environment"":""prod"",""CostCenter"":""cc-2087"",""Owner"":""team-platform""}"
Microsoft Azure,Microsoft,Microsoft Azure,INV-2026-05-000001,8a1b2c3d-0000-4a00-9000-000000000001,ExampleCorp MCA - Primary,Microsoft Customer Agreement,44444444-4444-4444-8444-444444444444,sandbox-dev,Subscription,2026-05-01T00:00:00Z,2026-06-01T00:00:00Z,2026-05-17T00:00:00Z,2026-05-18T00:00:00Z,Usage,,VNet peering data transfer,Usage-Based,3.88862480469246,3.88862480469246,4.32069424142734,3.88862480469246,0.0102937837,0.0092644053,Standard,419.7382,GB,USD,0.0092644053,3.88862480469246,0.0102937837,USD,419.7382,GB,Virtual Network,Networking,Network Connectivity,AZ-VIRT-fbd392,Data Transfer,AZSP-e1c48a51,"{""x_TransferType"":""Peering""}",/subscriptions/44444444-4444-4444-8444-444444444444/resourceGroups/rg-sandbox-dev/providers/Microsoft.Network/virtualNetworks/vnet-379a0d18,vnet-379a0d18,Virtual Network,westus2,West US 2,,,,,,,,,,,"{""Environment"":""dev"",""CostCenter"":""cc-3110"",""Owner"":""team-platform""}"
Microsoft Azure,Microsoft,Microsoft Azure,INV-2026-05-000002,8a1b2c3d-0000-4a00-9000-000000000002,ExampleCorp MCA - Secondary,Microsoft Customer Agreement,33333333-3333-4333-8333-333333333333,data-analytics,Subscription,2026-05-01T00:00:00Z,2026-06-01T00:00:00Z,2026-05-01T00:00:00Z,2026-06-01T00:00:00Z,Usage,,Hot LRS data stored,Usage-Based,36.97782952179606,36.97782952179606,41.08647722157249,36.97782952179606,0.0183578971,0.0165221074,Standard,2238.0819,GB-Months,USD,0.0165221074,36.97782952179606,0.0183578971,USD,2238.0819,GB-Months,Azure Blob Storage,Storage,Object Storage,AZ-AZUR-b87d32,Storage,AZSP-00a4d58c,"{""x_StorageClass"":""Hot"",""x_Redundancy"":""LRS""}",/subscriptions/33333333-3333-4333-8333-333333333333/resourceGroups/rg-data-analytics/providers/Microsoft.Storage/storageAccounts/stor4f5b8825,stor4f5b8825,Storage Account,eastus,East US,,,,,,,,,,,"{""Environment"":""staging"",""CostCenter"":""cc-2087"",""Owner"":""team-payments""}"
Microsoft Azure,Microsoft,Microsoft Azure,INV-2026-05-000002,8a1b2c3d-0000-4a00-9000-000000000002,ExampleCorp MCA - Secondary,Microsoft Customer Agreement,33333333-3333-4333-8333-333333333333,data-analytics,Subscription,2026-05-01T00:00:00Z,2026-06-01T00:00:00Z,2026-05-14T14:00:00Z,2026-05-14T15:00:00Z,Usage,,Standard_D4s_v5 instance,Usage-Based,0.1676705792,0.1676705792,0.1863006436,0.1676705792,0.1863006436,0.1676705792,Standard,1.0000,Hours,USD,0.1676705792,0.1676705792,0.1863006436,USD,1.0000,Hours,Virtual Machines,Compute,Virtual Machines,AZ-VIRT-8cb9a6,Compute,AZSP-5758523e,"{""InstanceType"":""Standard_D4s_v5"",""InstanceSeries"":""Ddsv5"",""CoreCount"":4,""MemorySize"":16,""OperatingSystem"":""Linux"",""x_Tenancy"":""Shared""}",/subscriptions/33333333-3333-4333-8333-333333333333/resourceGroups/rg-data-analytics/providers/Microsoft.Compute/virtualMachines/vm-c0e02e9b,vm-c0e02e9b,Virtual Machine,westus2,West US 2,westus2-1,,,,,,,,,,"{""Environment"":""prod"",""CostCenter"":""cc-1042"",""Owner"":""team-platform""}"
Microsoft Azure,Microsoft,Microsoft Azure,INV-2026-05-000002,8a1b2c3d-0000-4a00-9000-000000000002,ExampleCorp MCA - Secondary,Microsoft Customer Agreement,33333333-3333-4333-8333-333333333333,data-analytics,Subscription,2026-05-01T00:00:00Z,2026-06-01T00:00:00Z,2026-05-14T15:00:00Z,2026-05-14T16:00:00Z,Usage,,AKS node pool hours,Usage-Based,0.1681731816,0.1681731816,0.1868590907,0.1681731816,0.1868590907,0.1681731816,Standard,1.0000,Hours,USD,0.1681731816,0.1681731816,0.1868590907,USD,1.0000,Hours,Azure Kubernetes Service,Compute,Containers,AZ-AZUR-6e7995,Compute,AZSP-f3ce605a,"{""InstanceType"":""Standard_D4s_v5"",""CoreCount"":4,""MemorySize"":16,""x_NodePool"":""system""}",/subscriptions/33333333-3333-4333-8333-333333333333/resourceGroups/rg-data-analytics/providers/Microsoft.ContainerService/managedClusters/aks-d15f5a9e,aks-d15f5a9e,Managed Cluster,westeurope,West Europe,,,,,,,,,,,"{""Environment"":""staging"",""CostCenter"":""cc-3110"",""Owner"":""team-payments""}"
