ProviderName,PublisherName,InvoiceIssuerName,InvoiceId,BillingAccountId,BillingAccountName,BillingAccountType,SubAccountId,SubAccountName,SubAccountType,BillingPeriodStart,BillingPeriodEnd,ChargePeriodStart,ChargePeriodEnd,ChargeCategory,ChargeClass,ChargeDescription,ChargeFrequency,BilledCost,EffectiveCost,ListCost,ContractedCost,ListUnitPrice,ContractedUnitPrice,PricingCategory,PricingQuantity,PricingUnit,PricingCurrency,PricingCurrencyContractedUnitPrice,PricingCurrencyEffectiveCost,PricingCurrencyListUnitPrice,BillingCurrency,ConsumedQuantity,ConsumedUnit,ServiceName,ServiceCategory,ServiceSubcategory,SkuId,SkuMeter,SkuPriceId,SkuPriceDetails,ResourceId,ResourceName,ResourceType,RegionId,RegionName,AvailabilityZone,CommitmentDiscountId,CommitmentDiscountName,CommitmentDiscountCategory,CommitmentDiscountType,CommitmentDiscountStatus,CommitmentDiscountQuantity,CommitmentDiscountUnit,CapacityReservationId,CapacityReservationStatus,Tags
AWS,AWS,AWS,INV-2026-05-0001,100000000001,ExampleCorp Master Payer,Payer Account,200000000011,prod-platform,Linked Account,2026-05-01T00:00:00Z,2026-06-01T00:00:00Z,2026-05-01T00:00:00Z,2026-05-02T00:00:00Z,Usage,,Glue ETL job run,Usage-Based,6.0020136,6.0020136,6.668904,6.0020136,0.4400000000,0.3960000000,Standard,15.1566,DPU-Hours,USD,0.3960000000,6.0020136,0.4400000000,USD,15.1566,DPU-Hours,AWSGlue,Analytics,Data Processing,SKU-d1426392ab27c72810db5ee9,Data Processing,SPRICE-2caf36fd8fbe6a68e682b866,"{""x_WorkerType"":""G.1X""}",arn:aws:glue:ap-southeast-1:200000000011:job/job-b05eef5f4399,job-b05eef5f4399,Glue Job,ap-southeast-1,Asia Pacific (Singapore),,,,,,,,,,,"{""Environment"":""staging"",""CostCenter"":""cc-2087"",""Owner"":""team-data""}"
AWS,AWS,AWS,INV-2026-05-0001,100000000001,ExampleCorp Master Payer,Payer Account,200000000011,prod-platform,Linked Account,2026-05-01T00:00:00Z,2026-06-01T00:00:00Z,2026-05-01T01:00:00Z,2026-05-01T02:00:00Z,Usage,,Lambda function duration,Usage-Based,27.070609614,27.070609614,30.07851528357692,27.070609614,0.0000166667,0.0000150000,Standard,1804707.3076,GB-Seconds,USD,0.0000150000,27.070609614,0.0000166667,USD,1804707.3076,GB-Seconds,AWSLambda,Compute,Serverless Compute,SKU-67dc4ce0843e58b6125cbdce,Compute,SPRICE-227d5491bbfb36c4f69bea63,"{""x_Runtime"":""python3.12"",""x_Architecture"":""arm64""}",arn:aws:lambda:us-east-1:200000000011:function/fn-c4ead482b009,fn-c4ead482b009,Lambda Function,us-east-1,US East (N. Virginia),,,,,,,,,,,"{""Environment"":""staging"",""CostCenter"":""cc-1042"",""Owner"":""team-platform""}"
AWS,AWS,AWS,INV-2026-05-0002,100000000002,ExampleCorp Secondary Payer,Payer Account,200000000013,data-analytics,Linked Account,2026-05-01T00:00:00Z,2026-06-01T00:00:00Z,2026-05-01T02:00:00Z,2026-05-01T03:00:00Z,Usage,,RDS PostgreSQL db.r6g.large,Usage-Based,0.216,0.216,0.24,0.216,0.2400000000,0.2160000000,Standard,1.0000,Hours,USD,0.2160000000,0.216,0.2400000000,USD,1.0000,Hours,AmazonRDS,Databases,Relational Databases,SKU-d70ac0acbdfcb8de90bd881a,Database,SPRICE-526e7acd56433e6d3c551cac,"{""InstanceType"":""db.r6g.large"",""InstanceSeries"":""R6g"",""CoreCount"":2,""MemorySize"":16,""x_Engine"":""PostgreSQL""}",arn:aws:rds:us-west-2:200000000013:db/db-2c485418f38b,db-2c485418f38b,RDS Instance,us-west-2,US West (Oregon),,,,,,,,,,,"{""Environment"":""dev"",""CostCenter"":""cc-1042"",""Owner"":""team-platform""}"
AWS,AWS,AWS,INV-2026-05-0001,100000000001,ExampleCorp Master Payer,Payer Account,200000000011,prod-platform,Linked Account,2026-05-01T00:00:00Z,2026-06-01T00:00:00Z,2026-05-04T00:00:00Z,2026-05-05T00:00:00Z,Usage,,Glue ETL job run,Usage-Based,54.7712352,54.7712352,60.856928,54.7712352,0.4400000000,0.3960000000,Standard,138.3112,DPU-Hours,USD,0.3960000000,54.7712352,0.4400000000,USD,138.3112,DPU-Hours,AWSGlue,Analytics,Data Processing,SKU-d1426392ab27c72810db5ee9,Data Processing,SPRICE-2caf36fd8fbe6a68e682b866,"{""x_WorkerType"":""G.1X""}",arn:aws:glue:ap-southeast-1:200000000011:job/job-093634f6fb90,job-093634f6fb90,Glue Job,ap-southeast-1,Asia Pacific (Singapore),,,,,,,,,,,"{""Environment"":""dev"",""CostCenter"":""cc-3110"",""Owner"":""team-payments""}"
AWS,AWS,AWS,INV-2026-05-0002,100000000002,ExampleCorp Secondary Payer,Payer Account,200000000013,data-analytics,Linked Account,2026-05-01T00:00:00Z,2026-06-01T00:00:00Z,2026-05-01T04:00:00Z,2026-05-01T05:00:00Z,Usage,,RDS PostgreSQL db.r6g.large,Usage-Based,0.216,0.216,0.24,0.216,0.2400000000,0.2160000000,Standard,1.0000,Hours,USD,0.2160000000,0.216,0.2400000000,USD,1.0000,Hours,AmazonRDS,Databases,Relational Databases,SKU-59cf7266a13e6ea4d00d0143,Database,SPRICE-bde64d57365802abbf64195d,"{""InstanceType"":""db.r6g.large"",""InstanceSeries"":""R6g"",""CoreCount"":2,""MemorySize"":16,""x_Engine"":""PostgreSQL""}",arn:aws:rds:ap-southeast-1:200000000013:db/db-c5c6e41b3998,db-c5c6e41b3998,RDS Instance,ap-southeast-1,Asia Pacific (Singapore),,,,,,,,,,,"{""Environment"":""prod"",""CostCenter"":""cc-3110"",""Owner"":""team-payments""}"
AWS,AWS,AWS,INV-2026-05-0001,100000000001,ExampleCorp Master Payer,Payer Account,200000000011,prod-platform,Linked Account,2026-05-01T00:00:00Z,2026-06-01T00:00:00Z,2026-05-06T00:00:00Z,2026-05-07T00:00:00Z,Usage,,Custom metrics,Usage-Based,8.906949,8.906949,9.89661,8.906949,0.3000000000,0.2700000000,Standard,32.9887,Metrics,USD,0.2700000000,8.906949,0.3000000000,USD,32.9887,Metrics,AmazonCloudWatch,Management and Governance,Observability,SKU-917addcfe26d359456f585f4,Monitoring,SPRICE-bfed9ccd55f51b42ca94dd2b,"{""x_MetricType"":""Custom""}",arn:aws:cloudwatch:eu-west-1:200000000011:metric/metric-be1073aeeb9c,metric-be1073aeeb9c,Metric,eu-west-1,EU (Ireland),,,,,,,,,,,"{""Environment"":""prod"",""CostCenter"":""cc-2087"",""Owner"":""team-data""}"
AWS,AWS,AWS,INV-2026-05-0002,100000000002,ExampleCorp Secondary Payer,Payer Account,200000000011,prod-platform,Linked Account,2026-05-01T00:00:00Z,2026-06-01T00:00:00Z,2026-05-01T06:00:00Z,2026-05-01T07:00:00Z,Usage,,RDS PostgreSQL db.r6g.large,Usage-Based,0.216,0.216,0.24,0.216,0.2400000000,0.2160000000,Standard,1.0000,Hours,USD,0.2160000000,0.216,0.2400000000,USD,1.0000,Hours,AmazonRDS,Databases,Relational Databases,SKU-59cf7266a13e6ea4d00d0143,Database,SPRICE-bde64d57365802abbf64195d,"{""InstanceType"":""db.r6g.large"",""InstanceSeries"":""R6g"",""CoreCount"":2,""MemorySize"":16,""x_Engine"":""PostgreSQL""}",arn:aws:rds:ap-southeast-1:200000000011:db/db-f2494fd09cdb,db-f2494fd09cdb,RDS Instance,ap-southeast-1,Asia Pacific (Singapore),,,,,,,,,,,"{""Environment"":""prod"",""CostCenter"":""cc-3110"",""Owner"":""team-payments""}"
AWS,AWS,AWS,INV-2026-05-0002,100000000002,ExampleCorp Secondary Payer,Payer Account,200000000014,sandbox-dev,Linked Account,2026-05-01T00:00:00Z,2026-06-01T00:00:00Z,2026-05-08T00:00:00Z,2026-05-09T00:00:00Z,Purchase,,AWSLambda subscription fee,Recurring,160.2,160.2,160.2,160.2,160.2,160.2,Standard,1,Units,USD,160.2000000000,160.2,160.2000000000,USD,,,AWSLambda,Compute,Serverless Compute,SKU-9a74fd410e6e4f08064b2dd5,Subscription,SPRICE-93ee86cad4d9013385430597,"{""x_ChargeType"": ""SubscriptionFee""}",arn:aws:lambda:eu-west-1:200000000014:function/fn-24ffcd877ec8,fn-24ffcd877ec8,Lambda Function,eu-west-1,EU (Ireland),,,,,,,,,,,"{""Environment"":""dev"",""CostCenter"":""cc-1042"",""Owner"":""team-data""}"
AWS,AWS,AWS,INV-2026-05-0001,100000000001,ExampleCorp Master Payer,Payer Account,200000000014,sandbox-dev,Linked Account,2026-05-01T00:00:00Z,2026-06-01T00:00:00Z,2026-05-09T00:00:00Z,2026-05-10T00:00:00Z,Usage,,NAT gateway data processed,Usage-Based,8.90563815,8.90563815,9.8951535,8.90563815,0.0450000000,0.0405000000,Standard,219.8923,GB,USD,0.0405000000,8.90563815,0.0450000000,USD,219.8923,GB,AmazonVPC,Networking,Network Connectivity,SKU-3d9b08c72ec44814e0bd4e25,Data Transfer,SPRICE-5df2ff31768360bf23008ec4,"{""x_TransferType"":""InterAZ""}",arn:aws:ec2:eu-west-1:200000000014:natgateway/nat-dd822dd92b9e,nat-dd822dd92b9e,NAT Gateway,eu-west-1,EU (Ireland),,,,,,,,,,,"{""Environment"":""staging"",""CostCenter"":""cc-1042"",""Owner"":""team-payments""}"
AWS,AWS,AWS,INV-2026-05-0001,100000000001,ExampleCorp Master Payer,Payer Account,200000000014,sandbox-dev,Linked Account,2026-05-01T00:00:00Z,2026-06-01T00:00:00Z,2026-05-10T00:00:00Z,2026-05-11T00:00:00Z,Usage,,Glue ETL job run,Usage-Based,44.2543464,44.2543464,49.171496,44.2543464,0.4400000000,0.3960000000,Standard,111.7534,DPU-Hours,USD,0.3960000000,44.2543464,0.4400000000,USD,111.7534,DPU-Hours,AWSGlue,Analytics,Data Processing,SKU-edd508eddef1abee51edfd3a,Data Processing,SPRICE-d9fcf83357f0862b561e6bf6,"{""x_WorkerType"":""G.1X""}",arn:aws:glue:us-east-1:200000000014:job/job-67738f9947e8,job-67738f9947e8,Glue Job,us-east-1,US East (N. Virginia),,,,,,,,,,,"{""Environment"":""staging"",""CostCenter"":""cc-2087"",""Owner"":""team-platform""}"
AWS,AWS,AWS,INV-2026-05-0002,100000000002,ExampleCorp Secondary Payer,Payer Account,200000000013,data-analytics,Linked Account,2026-05-01T00:00:00Z,2026-06-01T00:00:00Z,2026-05-01T10:00:00Z,2026-05-01T11:00:00Z,Purchase,,"Reserved Instance commitment, amortised for the charge period",Recurring,32.016,0,32.016,32.016,0.0640320000,0.0640320000,Standard,500,Hours,USD,0.0640320000,0,0.0640320000,USD,,,AmazonEC2,Compute,Virtual Machines,SKU-ba1af7dafc2193aba45d4ae1,Commitment,SPRICE-1c6c93011ba15ebad41d70b9,"{""x_PurchaseTerm"":""1yr"",""x_PaymentOption"":""NoUpfront""}",arn:aws:ec2:us-west-2::reservation/c5625633614d80ca,reservation-f34725a77541,Reserved Instance,us-west-2,US West (Oregon),,arn:aws:ec2:us-west-2::reservation/c5625633614d80ca,EC2ReservedInstance-1yr-NoUpfront,Usage,Reserved Instance,,500,Hours,,,"{""Environment"":""dev"",""CostCenter"":""cc-2087"",""Owner"":""team-data""}"
AWS,AWS,AWS,INV-2026-05-0002,100000000002,ExampleCorp Secondary Payer,Payer Account,200000000013,data-analytics,Linked Account,2026-05-01T00:00:00Z,2026-06-01T00:00:00Z,2026-05-01T10:00:00Z,2026-05-01T11:00:00Z,Usage,,AmazonEC2 committed usage of 500 machine-equivalents,Usage-Based,0,32.016,48,43.2,0.0960000000,0.0864000000,Committed,500,Hours,USD,0.0864000000,32.016,0.0960000000,USD,500,Hours,AmazonEC2,Compute,Virtual Machines,SKU-e0e295f006e6a0732dd5f77b,Compute,SPRICE-98f5ebeb1125d6e984c27bb1,"{""InstanceType"":""m6i.large"",""InstanceSeries"":""M6i"",""CoreCount"":2,""MemorySize"":8,""OperatingSystem"":""Linux"",""x_Tenancy"":""Shared""}",urn:focus-sample:aws:us-west-2:200000000013:compute-fleet:fleet1e82e1ec6a150d7f0a3a85ea,fleet1e82e1ec6a150d7f0a3a85ea,Compute Fleet,us-west-2,US West (Oregon),us-west-2b,arn:aws:ec2:us-west-2::reservation/c5625633614d80ca,EC2ReservedInstance-1yr-NoUpfront,Usage,Reserved Instance,Used,500,Hours,,,"{""Environment"":""dev"",""CostCenter"":""cc-3110"",""Owner"":""team-data"",""SyntheticFleetSize"":""500""}"
AWS,AWS,AWS,INV-2026-05-0002,100000000002,ExampleCorp Secondary Payer,Payer Account,200000000013,data-analytics,Linked Account,2026-05-01T00:00:00Z,2026-06-01T00:00:00Z,2026-05-01T11:00:00Z,2026-05-01T12:00:00Z,Purchase,,"Reserved Instance commitment, amortised for the charge period",Recurring,32.016,0,32.016,32.016,0.0640320000,0.0640320000,Standard,500,Hours,USD,0.0640320000,0,0.0640320000,USD,,,AmazonEC2,Compute,Virtual Machines,SKU-ba1af7dafc2193aba45d4ae1,Commitment,SPRICE-1c6c93011ba15ebad41d70b9,"{""x_PurchaseTerm"":""1yr"",""x_PaymentOption"":""NoUpfront""}",arn:aws:ec2:us-west-2::reservation/c5625633614d80ca,reservation-f34725a77541,Reserved Instance,us-west-2,US West (Oregon),,arn:aws:ec2:us-west-2::reservation/c5625633614d80ca,EC2ReservedInstance-1yr-NoUpfront,Usage,Reserved Instance,,500,Hours,,,"{""Environment"":""staging"",""CostCenter"":""cc-2087"",""Owner"":""team-payments""}"
AWS,AWS,AWS,INV-2026-05-0002,100000000002,ExampleCorp Secondary Payer,Payer Account,200000000013,data-analytics,Linked Account,2026-05-01T00:00:00Z,2026-06-01T00:00:00Z,2026-05-01T11:00:00Z,2026-05-01T12:00:00Z,Usage,,AmazonEC2 committed usage of 500 machine-equivalents,Usage-Based,0,32.016,48,43.2,0.0960000000,0.0864000000,Committed,500,Hours,USD,0.0864000000,32.016,0.0960000000,USD,500,Hours,AmazonEC2,Compute,Virtual Machines,SKU-e0e295f006e6a0732dd5f77b,Compute,SPRICE-98f5ebeb1125d6e984c27bb1,"{""InstanceType"":""m6i.large"",""InstanceSeries"":""M6i"",""CoreCount"":2,""MemorySize"":8,""OperatingSystem"":""Linux"",""x_Tenancy"":""Shared""}",urn:focus-sample:aws:us-west-2:200000000013:compute-fleet:fleet1e82e1ec6a150d7f0a3a85ea,fleet1e82e1ec6a150d7f0a3a85ea,Compute Fleet,us-west-2,US West (Oregon),us-west-2b,arn:aws:ec2:us-west-2::reservation/c5625633614d80ca,EC2ReservedInstance-1yr-NoUpfront,Usage,Reserved Instance,Used,500,Hours,,,"{""Environment"":""dev"",""CostCenter"":""cc-3110"",""Owner"":""team-payments"",""SyntheticFleetSize"":""500""}"
AWS,AWS,AWS,INV-2026-05-0002,100000000002,ExampleCorp Secondary Payer,Payer Account,200000000013,data-analytics,Linked Account,2026-05-01T00:00:00Z,2026-06-01T00:00:00Z,2026-05-01T12:00:00Z,2026-05-01T13:00:00Z,Purchase,,"Reserved Instance commitment, amortised for the charge period",Recurring,32.016,0,32.016,32.016,0.0640320000,0.0640320000,Standard,500,Hours,USD,0.0640320000,0,0.0640320000,USD,,,AmazonEC2,Compute,Virtual Machines,SKU-ba1af7dafc2193aba45d4ae1,Commitment,SPRICE-1c6c93011ba15ebad41d70b9,"{""x_PurchaseTerm"":""1yr"",""x_PaymentOption"":""NoUpfront""}",arn:aws:ec2:us-west-2::reservation/c5625633614d80ca,reservation-f34725a77541,Reserved Instance,us-west-2,US West (Oregon),,arn:aws:ec2:us-west-2::reservation/c5625633614d80ca,EC2ReservedInstance-1yr-NoUpfront,Usage,Reserved Instance,,500,Hours,,,"{""Environment"":""staging"",""CostCenter"":""cc-2087"",""Owner"":""team-data""}"
AWS,AWS,AWS,INV-2026-05-0002,100000000002,ExampleCorp Secondary Payer,Payer Account,200000000013,data-analytics,Linked Account,2026-05-01T00:00:00Z,2026-06-01T00:00:00Z,2026-05-01T12:00:00Z,2026-05-01T13:00:00Z,Usage,,AmazonEC2 committed usage of 500 machine-equivalents,Usage-Based,0,32.016,48,43.2,0.0960000000,0.0864000000,Committed,500,Hours,USD,0.0864000000,32.016,0.0960000000,USD,500,Hours,AmazonEC2,Compute,Virtual Machines,SKU-e0e295f006e6a0732dd5f77b,Compute,SPRICE-98f5ebeb1125d6e984c27bb1,"{""InstanceType"":""m6i.large"",""InstanceSeries"":""M6i"",""CoreCount"":2,""MemorySize"":8,""OperatingSystem"":""Linux"",""x_Tenancy"":""Shared""}",urn:focus-sample:aws:us-west-2:200000000013:compute-fleet:fleet1e82e1ec6a150d7f0a3a85ea,fleet1e82e1ec6a150d7f0a3a85ea,Compute Fleet,us-west-2,US West (Oregon),us-west-2b,arn:aws:ec2:us-west-2::reservation/c5625633614d80ca,EC2ReservedInstance-1yr-NoUpfront,Usage,Reserved Instance,Used,500,Hours,,,"{""Environment"":""dev"",""CostCenter"":""cc-1042"",""Owner"":""team-data"",""SyntheticFleetSize"":""500""}"
AWS,AWS,AWS,INV-2026-05-0002,100000000002,ExampleCorp Secondary Payer,Payer Account,200000000013,data-analytics,Linked Account,2026-05-01T00:00:00Z,2026-06-01T00:00:00Z,2026-05-01T13:00:00Z,2026-05-01T14:00:00Z,Purchase,,"Reserved Instance commitment, amortised for the charge period",Recurring,32.016,0,32.016,32.016,0.0640320000,0.0640320000,Standard,500,Hours,USD,0.0640320000,0,0.0640320000,USD,,,AmazonEC2,Compute,Virtual Machines,SKU-ba1af7dafc2193aba45d4ae1,Commitment,SPRICE-1c6c93011ba15ebad41d70b9,"{""x_PurchaseTerm"":""1yr"",""x_PaymentOption"":""NoUpfront""}",arn:aws:ec2:us-west-2::reservation/c5625633614d80ca,reservation-f34725a77541,Reserved Instance,us-west-2,US West (Oregon),,arn:aws:ec2:us-west-2::reservation/c5625633614d80ca,EC2ReservedInstance-1yr-NoUpfront,Usage,Reserved Instance,,500,Hours,,,"{""Environment"":""prod"",""CostCenter"":""cc-1042"",""Owner"":""team-platform""}"
AWS,AWS,AWS,INV-2026-05-0002,100000000002,ExampleCorp Secondary Payer,Payer Account,200000000013,data-analytics,Linked Account,2026-05-01T00:00:00Z,2026-06-01T00:00:00Z,2026-05-01T13:00:00Z,2026-05-01T14:00:00Z,Usage,,AmazonEC2 committed usage of 500 machine-equivalents,Usage-Based,0,32.016,48,43.2,0.0960000000,0.0864000000,Committed,500,Hours,USD,0.0864000000,32.016,0.0960000000,USD,500,Hours,AmazonEC2,Compute,Virtual Machines,SKU-e0e295f006e6a0732dd5f77b,Compute,SPRICE-98f5ebeb1125d6e984c27bb1,"{""InstanceType"":""m6i.large"",""InstanceSeries"":""M6i"",""CoreCount"":2,""MemorySize"":8,""OperatingSystem"":""Linux"",""x_Tenancy"":""Shared""}",urn:focus-sample:aws:us-west-2:200000000013:compute-fleet:fleet1e82e1ec6a150d7f0a3a85ea,fleet1e82e1ec6a150d7f0a3a85ea,Compute Fleet,us-west-2,US West (Oregon),us-west-2b,arn:aws:ec2:us-west-2::reservation/c5625633614d80ca,EC2ReservedInstance-1yr-NoUpfront,Usage,Reserved Instance,Used,500,Hours,,,"{""Environment"":""prod"",""CostCenter"":""cc-2087"",""Owner"":""team-payments"",""SyntheticFleetSize"":""500""}"
AWS,AWS,AWS,INV-2026-05-0002,100000000002,ExampleCorp Secondary Payer,Payer Account,200000000013,data-analytics,Linked Account,2026-05-01T00:00:00Z,2026-06-01T00:00:00Z,2026-05-01T14:00:00Z,2026-05-01T15:00:00Z,Purchase,,"Reserved Instance commitment, amortised for the charge period",Recurring,32.016,0,32.016,32.016,0.0640320000,0.0640320000,Standard,500,Hours,USD,0.0640320000,0,0.0640320000,USD,,,AmazonEC2,Compute,Virtual Machines,SKU-ba1af7dafc2193aba45d4ae1,Commitment,SPRICE-1c6c93011ba15ebad41d70b9,"{""x_PurchaseTerm"":""1yr"",""x_PaymentOption"":""NoUpfront""}",arn:aws:ec2:us-west-2::reservation/c5625633614d80ca,reservation-f34725a77541,Reserved Instance,us-west-2,US West (Oregon),,arn:aws:ec2:us-west-2::reservation/c5625633614d80ca,EC2ReservedInstance-1yr-NoUpfront,Usage,Reserved Instance,,500,Hours,,,"{""Environment"":""dev"",""CostCenter"":""cc-3110"",""Owner"":""team-platform""}"
AWS,AWS,AWS,INV-2026-05-0002,100000000002,ExampleCorp Secondary Payer,Payer Account,200000000013,data-analytics,Linked Account,2026-05-01T00:00:00Z,2026-06-01T00:00:00Z,2026-05-01T14:00:00Z,2026-05-01T15:00:00Z,Usage,,AmazonEC2 committed usage of 500 machine-equivalents,Usage-Based,0,32.016,48,43.2,0.0960000000,0.0864000000,Committed,500,Hours,USD,0.0864000000,32.016,0.0960000000,USD,500,Hours,AmazonEC2,Compute,Virtual Machines,SKU-e0e295f006e6a0732dd5f77b,Compute,SPRICE-98f5ebeb1125d6e984c27bb1,"{""InstanceType"":""m6i.large"",""InstanceSeries"":""M6i"",""CoreCount"":2,""MemorySize"":8,""OperatingSystem"":""Linux"",""x_Tenancy"":""Shared""}",urn:focus-sample:aws:us-west-2:200000000013:compute-fleet:fleet1e82e1ec6a150d7f0a3a85ea,fleet1e82e1ec6a150d7f0a3a85ea,Compute Fleet,us-west-2,US West (Oregon),us-west-2b,arn:aws:ec2:us-west-2::reservation/c5625633614d80ca,EC2ReservedInstance-1yr-NoUpfront,Usage,Reserved Instance,Used,500,Hours,,,"{""Environment"":""dev"",""CostCenter"":""cc-2087"",""Owner"":""team-payments"",""SyntheticFleetSize"":""500""}"
AWS,AWS,AWS,INV-2026-05-0002,100000000002,ExampleCorp Secondary Payer,Payer Account,200000000013,data-analytics,Linked Account,2026-05-01T00:00:00Z,2026-06-01T00:00:00Z,2026-05-01T15:00:00Z,2026-05-01T16:00:00Z,Purchase,,"Reserved Instance commitment, amortised for the charge period",Recurring,32.016,0,32.016,32.016,0.0640320000,0.0640320000,Standard,500,Hours,USD,0.0640320000,0,0.0640320000,USD,,,AmazonEC2,Compute,Virtual Machines,SKU-ba1af7dafc2193aba45d4ae1,Commitment,SPRICE-1c6c93011ba15ebad41d70b9,"{""x_PurchaseTerm"":""1yr"",""x_PaymentOption"":""NoUpfront""}",arn:aws:ec2:us-west-2::reservation/c5625633614d80ca,reservation-f34725a77541,Reserved Instance,us-west-2,US West (Oregon),,arn:aws:ec2:us-west-2::reservation/c5625633614d80ca,EC2ReservedInstance-1yr-NoUpfront,Usage,Reserved Instance,,500,Hours,,,"{""Environment"":""prod"",""CostCenter"":""cc-3110"",""Owner"":""team-platform""}"
AWS,AWS,AWS,INV-2026-05-0002,100000000002,ExampleCorp Secondary Payer,Payer Account,200000000013,data-analytics,Linked Account,2026-05-01T00:00:00Z,2026-06-01T00:00:00Z,2026-05-01T15:00:00Z,2026-05-01T16:00:00Z,Usage,,AmazonEC2 committed usage of 500 machine-equivalents,Usage-Based,0,32.016,48,43.2,0.0960000000,0.0864000000,Committed,500,Hours,USD,0.0864000000,32.016,0.0960000000,USD,500,Hours,AmazonEC2,Compute,Virtual Machines,SKU-e0e295f006e6a0732dd5f77b,Compute,SPRICE-98f5ebeb1125d6e984c27bb1,"{""InstanceType"":""m6i.large"",""InstanceSeries"":""M6i"",""CoreCount"":2,""MemorySize"":8,""OperatingSystem"":""Linux"",""x_Tenancy"":""Shared""}",urn:focus-sample:aws:us-west-2:200000000013:compute-fleet:fleet1e82e1ec6a150d7f0a3a85ea,fleet1e82e1ec6a150d7f0a3a85ea,Compute Fleet,us-west-2,US West (Oregon),us-west-2b,arn:aws:ec2:us-west-2::reservation/c5625633614d80ca,EC2ReservedInstance-1yr-NoUpfront,Usage,Reserved Instance,Used,500,Hours,,,"{""Environment"":""dev"",""CostCenter"":""cc-2087"",""Owner"":""team-data"",""SyntheticFleetSize"":""500""}"
AWS,AWS,AWS,INV-2026-05-0002,100000000002,ExampleCorp Secondary Payer,Payer Account,200000000013,data-analytics,Linked Account,2026-05-01T00:00:00Z,2026-06-01T00:00:00Z,2026-05-01T16:00:00Z,2026-05-01T17:00:00Z,Purchase,,"Reserved Instance commitment, amortised for the charge period",Recurring,32.016,0,32.016,32.016,0.0640320000,0.0640320000,Standard,500,Hours,USD,0.0640320000,0,0.0640320000,USD,,,AmazonEC2,Compute,Virtual Machines,SKU-ba1af7dafc2193aba45d4ae1,Commitment,SPRICE-1c6c93011ba15ebad41d70b9,"{""x_PurchaseTerm"":""1yr"",""x_PaymentOption"":""NoUpfront""}",arn:aws:ec2:us-west-2::reservation/c5625633614d80ca,reservation-f34725a77541,Reserved Instance,us-west-2,US West (Oregon),,arn:aws:ec2:us-west-2::reservation/c5625633614d80ca,EC2ReservedInstance-1yr-NoUpfront,Usage,Reserved Instance,,500,Hours,,,"{""Environment"":""dev"",""CostCenter"":""cc-3110"",""Owner"":""team-payments""}"
AWS,AWS,AWS,INV-2026-05-0002,100000000002,ExampleCorp Secondary Payer,Payer Account,200000000013,data-analytics,Linked Account,2026-05-01T00:00:00Z,2026-06-01T00:00:00Z,2026-05-01T16:00:00Z,2026-05-01T17:00:00Z,Usage,,AmazonEC2 committed usage of 500 machine-equivalents,Usage-Based,0,32.016,48,43.2,0.0960000000,0.0864000000,Committed,500,Hours,USD,0.0864000000,32.016,0.0960000000,USD,500,Hours,AmazonEC2,Compute,Virtual Machines,SKU-e0e295f006e6a0732dd5f77b,Compute,SPRICE-98f5ebeb1125d6e984c27bb1,"{""InstanceType"":""m6i.large"",""InstanceSeries"":""M6i"",""CoreCount"":2,""MemorySize"":8,""OperatingSystem"":""Linux"",""x_Tenancy"":""Shared""}",urn:focus-sample:aws:us-west-2:200000000013:compute-fleet:fleet1e82e1ec6a150d7f0a3a85ea,fleet1e82e1ec6a150d7f0a3a85ea,Compute Fleet,us-west-2,US West (Oregon),us-west-2b,arn:aws:ec2:us-west-2::reservation/c5625633614d80ca,EC2ReservedInstance-1yr-NoUpfront,Usage,Reserved Instance,Used,500,Hours,,,"{""Environment"":""dev"",""CostCenter"":""cc-2087"",""Owner"":""team-data"",""SyntheticFleetSize"":""500""}"
AWS,AWS,AWS,INV-2026-05-0002,100000000002,ExampleCorp Secondary Payer,Payer Account,200000000013,data-analytics,Linked Account,2026-05-01T00:00:00Z,2026-06-01T00:00:00Z,2026-05-01T17:00:00Z,2026-05-01T18:00:00Z,Purchase,,"Reserved Instance commitment, amortised for the charge period",Recurring,32.016,0,32.016,32.016,0.0640320000,0.0640320000,Standard,500,Hours,USD,0.0640320000,0,0.0640320000,USD,,,AmazonEC2,Compute,Virtual Machines,SKU-ba1af7dafc2193aba45d4ae1,Commitment,SPRICE-1c6c93011ba15ebad41d70b9,"{""x_PurchaseTerm"":""1yr"",""x_PaymentOption"":""NoUpfront""}",arn:aws:ec2:us-west-2::reservation/c5625633614d80ca,reservation-f34725a77541,Reserved Instance,us-west-2,US West (Oregon),,arn:aws:ec2:us-west-2::reservation/c5625633614d80ca,EC2ReservedInstance-1yr-NoUpfront,Usage,Reserved Instance,,500,Hours,,,"{""Environment"":""staging"",""CostCenter"":""cc-3110"",""Owner"":""team-payments""}"
AWS,AWS,AWS,INV-2026-05-0002,100000000002,ExampleCorp Secondary Payer,Payer Account,200000000013,data-analytics,Linked Account,2026-05-01T00:00:00Z,2026-06-01T00:00:00Z,2026-05-01T17:00:00Z,2026-05-01T18:00:00Z,Usage,,AmazonEC2 committed usage of 500 machine-equivalents,Usage-Based,0,32.016,48,43.2,0.0960000000,0.0864000000,Committed,500,Hours,USD,0.0864000000,32.016,0.0960000000,USD,500,Hours,AmazonEC2,Compute,Virtual Machines,SKU-e0e295f006e6a0732dd5f77b,Compute,SPRICE-98f5ebeb1125d6e984c27bb1,"{""InstanceType"":""m6i.large"",""InstanceSeries"":""M6i"",""CoreCount"":2,""MemorySize"":8,""OperatingSystem"":""Linux"",""x_Tenancy"":""Shared""}",urn:focus-sample:aws:us-west-2:200000000013:compute-fleet:fleet1e82e1ec6a150d7f0a3a85ea,fleet1e82e1ec6a150d7f0a3a85ea,Compute Fleet,us-west-2,US West (Oregon),us-west-2b,arn:aws:ec2:us-west-2::reservation/c5625633614d80ca,EC2ReservedInstance-1yr-NoUpfront,Usage,Reserved Instance,Used,500,Hours,,,"{""Environment"":""staging"",""CostCenter"":""cc-3110"",""Owner"":""team-data"",""SyntheticFleetSize"":""500""}"
AWS,AWS,AWS,INV-2026-05-0002,100000000002,ExampleCorp Secondary Payer,Payer Account,200000000013,data-analytics,Linked Account,2026-05-01T00:00:00Z,2026-06-01T00:00:00Z,2026-05-01T18:00:00Z,2026-05-01T19:00:00Z,Purchase,,"Reserved Instance commitment, amortised for the charge period",Recurring,32.016,0,32.016,32.016,0.0640320000,0.0640320000,Standard,500,Hours,USD,0.0640320000,0,0.0640320000,USD,,,AmazonEC2,Compute,Virtual Machines,SKU-ba1af7dafc2193aba45d4ae1,Commitment,SPRICE-1c6c93011ba15ebad41d70b9,"{""x_PurchaseTerm"":""1yr"",""x_PaymentOption"":""NoUpfront""}",arn:aws:ec2:us-west-2::reservation/c5625633614d80ca,reservation-f34725a77541,Reserved Instance,us-west-2,US West (Oregon),,arn:aws:ec2:us-west-2::reservation/c5625633614d80ca,EC2ReservedInstance-1yr-NoUpfront,Usage,Reserved Instance,,500,Hours,,,"{""Environment"":""dev"",""CostCenter"":""cc-3110"",""Owner"":""team-data""}"
AWS,AWS,AWS,INV-2026-05-0002,100000000002,ExampleCorp Secondary Payer,Payer Account,200000000013,data-analytics,Linked Account,2026-05-01T00:00:00Z,2026-06-01T00:00:00Z,2026-05-01T18:00:00Z,2026-05-01T19:00:00Z,Usage,,Reserved Instance unused commitment,Usage-Based,0,32.016,32.016,32.016,0.0640320000,0.0640320000,Committed,500,Hours,USD,0.0640320000,32.016,0.0640320000,USD,,,AmazonEC2,Compute,Virtual Machines,SKU-ba1af7dafc2193aba45d4ae1,Commitment,SPRICE-1c6c93011ba15ebad41d70b9,"{""x_PurchaseTerm"":""1yr"",""x_PaymentOption"":""NoUpfront""}",arn:aws:ec2:us-west-2::reservation/c5625633614d80ca,reservation-f34725a77541,Reserved Instance,us-west-2,US West (Oregon),,arn:aws:ec2:us-west-2::reservation/c5625633614d80ca,EC2ReservedInstance-1yr-NoUpfront,Usage,Reserved Instance,Unused,500,Hours,,,"{""Environment"":""staging"",""CostCenter"":""cc-1042"",""Owner"":""team-platform""}"
AWS,AWS,AWS,INV-2026-05-0002,100000000002,ExampleCorp Secondary Payer,Payer Account,200000000013,data-analytics,Linked Account,2026-05-01T00:00:00Z,2026-06-01T00:00:00Z,2026-05-01T19:00:00Z,2026-05-01T20:00:00Z,Purchase,,"Reserved Instance commitment, amortised for the charge period",Recurring,32.016,0,32.016,32.016,0.0640320000,0.0640320000,Standard,500,Hours,USD,0.0640320000,0,0.0640320000,USD,,,AmazonEC2,Compute,Virtual Machines,SKU-ba1af7dafc2193aba45d4ae1,Commitment,SPRICE-1c6c93011ba15ebad41d70b9,"{""x_PurchaseTerm"":""1yr"",""x_PaymentOption"":""NoUpfront""}",arn:aws:ec2:us-west-2::reservation/c5625633614d80ca,reservation-f34725a77541,Reserved Instance,us-west-2,US West (Oregon),,arn:aws:ec2:us-west-2::reservation/c5625633614d80ca,EC2ReservedInstance-1yr-NoUpfront,Usage,Reserved Instance,,500,Hours,,,"{""Environment"":""staging"",""CostCenter"":""cc-3110"",""Owner"":""team-platform""}"
AWS,AWS,AWS,INV-2026-05-0002,100000000002,ExampleCorp Secondary Payer,Payer Account,200000000013,data-analytics,Linked Account,2026-05-01T00:00:00Z,2026-06-01T00:00:00Z,2026-05-01T19:00:00Z,2026-05-01T20:00:00Z,Usage,,Reserved Instance unused commitment,Usage-Based,0,32.016,32.016,32.016,0.0640320000,0.0640320000,Committed,500,Hours,USD,0.0640320000,32.016,0.0640320000,USD,,,AmazonEC2,Compute,Virtual Machines,SKU-ba1af7dafc2193aba45d4ae1,Commitment,SPRICE-1c6c93011ba15ebad41d70b9,"{""x_PurchaseTerm"":""1yr"",""x_PaymentOption"":""NoUpfront""}",arn:aws:ec2:us-west-2::reservation/c5625633614d80ca,reservation-f34725a77541,Reserved Instance,us-west-2,US West (Oregon),,arn:aws:ec2:us-west-2::reservation/c5625633614d80ca,EC2ReservedInstance-1yr-NoUpfront,Usage,Reserved Instance,Unused,500,Hours,,,"{""Environment"":""dev"",""CostCenter"":""cc-3110"",""Owner"":""team-data""}"
AWS,AWS,AWS,INV-2026-05-0002,100000000002,ExampleCorp Secondary Payer,Payer Account,200000000013,data-analytics,Linked Account,2026-05-01T00:00:00Z,2026-06-01T00:00:00Z,2026-05-01T20:00:00Z,2026-05-01T21:00:00Z,Purchase,,"Reserved Instance commitment, amortised for the charge period",Recurring,32.016,0,32.016,32.016,0.0640320000,0.0640320000,Standard,500,Hours,USD,0.0640320000,0,0.0640320000,USD,,,AmazonEC2,Compute,Virtual Machines,SKU-ba1af7dafc2193aba45d4ae1,Commitment,SPRICE-1c6c93011ba15ebad41d70b9,"{""x_PurchaseTerm"":""1yr"",""x_PaymentOption"":""NoUpfront""}",arn:aws:ec2:us-west-2::reservation/c5625633614d80ca,reservation-f34725a77541,Reserved Instance,us-west-2,US West (Oregon),,arn:aws:ec2:us-west-2::reservation/c5625633614d80ca,EC2ReservedInstance-1yr-NoUpfront,Usage,Reserved Instance,,500,Hours,,,"{""Environment"":""staging"",""CostCenter"":""cc-2087"",""Owner"":""team-platform""}"
AWS,AWS,AWS,INV-2026-05-0002,100000000002,ExampleCorp Secondary Payer,Payer Account,200000000013,data-analytics,Linked Account,2026-05-01T00:00:00Z,2026-06-01T00:00:00Z,2026-05-01T20:00:00Z,2026-05-01T21:00:00Z,Usage,,Reserved Instance unused commitment,Usage-Based,0,32.016,32.016,32.016,0.0640320000,0.0640320000,Committed,500,Hours,USD,0.0640320000,32.016,0.0640320000,USD,,,AmazonEC2,Compute,Virtual Machines,SKU-ba1af7dafc2193aba45d4ae1,Commitment,SPRICE-1c6c93011ba15ebad41d70b9,"{""x_PurchaseTerm"":""1yr"",""x_PaymentOption"":""NoUpfront""}",arn:aws:ec2:us-west-2::reservation/c5625633614d80ca,reservation-f34725a77541,Reserved Instance,us-west-2,US West (Oregon),,arn:aws:ec2:us-west-2::reservation/c5625633614d80ca,EC2ReservedInstance-1yr-NoUpfront,Usage,Reserved Instance,Unused,500,Hours,,,"{""Environment"":""prod"",""CostCenter"":""cc-1042"",""Owner"":""team-payments""}"
AWS,AWS,AWS,INV-2026-05-0001,100000000001,ExampleCorp Master Payer,Payer Account,200000000014,sandbox-dev,Linked Account,2026-05-01T00:00:00Z,2026-06-01T00:00:00Z,2026-05-02T08:00:00Z,2026-05-02T09:00:00Z,Usage,,Lambda function duration,Usage-Based,69.180004869,69.180004869,76.86682581001082,69.180004869,0.0000166667,0.0000150000,Standard,4612000.3246,GB-Seconds,USD,0.0000150000,69.180004869,0.0000166667,USD,4612000.3246,GB-Seconds,AWSLambda,Compute,Serverless Compute,SKU-7828f3c3be040bf04a99c13a,Compute,SPRICE-f43f05862dbfbeb78999da05,"{""x_Runtime"":""python3.12"",""x_Architecture"":""arm64""}",arn:aws:lambda:eu-west-1:200000000014:function/fn-7f3917622782,fn-7f3917622782,Lambda Function,eu-west-1,EU (Ireland),,,,,,,,,,,"{""Environment"":""prod"",""CostCenter"":""cc-1042"",""Owner"":""team-data""}"
AWS,AWS,AWS,INV-2026-05-0001,100000000001,ExampleCorp Master Payer,Payer Account,200000000012,staging-platform,Linked Account,2026-05-01T00:00:00Z,2026-06-01T00:00:00Z,2026-05-02T09:00:00Z,2026-05-02T10:00:00Z,Usage,,Linux on-demand m6i.large,Usage-Based,0.0864,0.0864,0.096,0.0864,0.0960000000,0.0864000000,Standard,1.0000,Hours,USD,0.0864000000,0.0864,0.0960000000,USD,1.0000,Hours,AmazonEC2,Compute,Virtual Machines,SKU-093c0d7a3a0491f8523e34c8,Compute,SPRICE-bab283475cbbabd222878e74,"{""InstanceType"":""m6i.large"",""InstanceSeries"":""M6i"",""CoreCount"":2,""MemorySize"":8,""OperatingSystem"":""Linux"",""x_Tenancy"":""Shared""}",arn:aws:ec2:ap-southeast-1:200000000012:instance/i-e6fe6c8611db,i-e6fe6c8611db,EC2 Instance,ap-southeast-1,Asia Pacific (Singapore),ap-southeast-1a,,,,,,,,,,"{""Environment"":""dev"",""CostCenter"":""cc-1042"",""Owner"":""team-data""}"
AWS,AWS,AWS,INV-2026-05-0001,100000000001,ExampleCorp Master Payer,Payer Account,200000000014,sandbox-dev,Linked Account,2026-05-01T00:00:00Z,2026-06-01T00:00:00Z,2026-05-02T10:00:00Z,2026-05-02T11:00:00Z,Usage,,Lambda function duration,Usage-Based,1.9208578635,1.9208578635,2.13429078357303,1.9208578635,0.0000166667,0.0000150000,Standard,128057.1909,GB-Seconds,USD,0.0000150000,1.9208578635,0.0000166667,USD,128057.1909,GB-Seconds,AWSLambda,Compute,Serverless Compute,SKU-7828f3c3be040bf04a99c13a,Compute,SPRICE-f43f05862dbfbeb78999da05,"{""x_Runtime"":""python3.12"",""x_Architecture"":""arm64""}",arn:aws:lambda:eu-west-1:200000000014:function/fn-8f5a11692b43,fn-8f5a11692b43,Lambda Function,eu-west-1,EU (Ireland),,,,,,,,,,,"{""Environment"":""staging"",""CostCenter"":""cc-1042"",""Owner"":""team-platform""}"
AWS,AWS,AWS,INV-2026-05-0002,100000000002,ExampleCorp Secondary Payer,Payer Account,200000000014,sandbox-dev,Linked Account,2026-05-01T00:00:00Z,2026-06-01T00:00:00Z,2026-05-08T00:00:00Z,2026-05-09T00:00:00Z,Purchase,,AmazonEC2 subscription fee,Recurring,596.74,596.74,596.74,596.74,596.74,596.74,Standard,1,Units,USD,596.7400000000,596.74,596.7400000000,USD,,,AmazonEC2,Compute,Virtual Machines,SKU-d628ef34dd76e494858ef744,Subscription,SPRICE-be085248bbc4792303298e2e,"{""x_ChargeType"": ""SubscriptionFee""}",arn:aws:ec2:eu-west-1:200000000014:instance/i-bccf6280ffc0,i-bccf6280ffc0,EC2 Instance,eu-west-1,EU (Ireland),,,,,,,,,,,"{""Environment"":""prod"",""CostCenter"":""cc-1042"",""Owner"":""team-platform""}"
AWS,AWS,AWS,INV-2026-05-0001,100000000001,ExampleCorp Master Payer,Payer Account,200000000014,sandbox-dev,Linked Account,2026-05-01T00:00:00Z,2026-06-01T00:00:00Z,2026-05-02T12:00:00Z,2026-05-02T13:00:00Z,Usage,,RDS PostgreSQL db.r6g.large,Usage-Based,0.216,0.216,0.24,0.216,0.2400000000,0.2160000000,Standard,1.0000,Hours,USD,0.2160000000,0.216,0.2400000000,USD,1.0000,Hours,AmazonRDS,Databases,Relational Databases,SKU-7a3ac49181ed25cc4a81dc35,Database,SPRICE-7a34752a4c02e0761e1464be,"{""InstanceType"":""db.r6g.large"",""InstanceSeries"":""R6g"",""CoreCount"":2,""MemorySize"":16,""x_Engine"":""PostgreSQL""}",arn:aws:rds:eu-west-1:200000000014:db/db-99ac0fc7864d,db-99ac0fc7864d,RDS Instance,eu-west-1,EU (Ireland),,,,,,,,,,,"{""Environment"":""staging"",""CostCenter"":""cc-2087"",""Owner"":""team-payments""}"
AWS,AWS,AWS,INV-2026-05-0002,100000000002,ExampleCorp Secondary Payer,Payer Account,200000000013,data-analytics,Linked Account,2026-05-01T00:00:00Z,2026-06-01T00:00:00Z,2026-05-10T00:00:00Z,2026-05-11T00:00:00Z,Usage,,Glue ETL job run,Usage-Based,1.8184716,1.8184716,2.020524,1.8184716,0.4400000000,0.3960000000,Standard,4.5921,DPU-Hours,USD,0.3960000000,1.8184716,0.4400000000,USD,4.5921,DPU-Hours,AWSGlue,Analytics,Data Processing,SKU-d1426392ab27c72810db5ee9,Data Processing,SPRICE-2caf36fd8fbe6a68e682b866,"{""x_WorkerType"":""G.1X""}",arn:aws:glue:ap-southeast-1:200000000013:job/job-06367dcc7053,job-06367dcc7053,Glue Job,ap-southeast-1,Asia Pacific (Singapore),,,,,,,,,,,"{""Environment"":""prod"",""CostCenter"":""cc-3110"",""Owner"":""team-data""}"
AWS,AWS,AWS,INV-2026-05-0002,100000000002,ExampleCorp Secondary Payer,Payer Account,200000000011,prod-platform,Linked Account,2026-05-01T00:00:00Z,2026-06-01T00:00:00Z,2026-05-11T00:00:00Z,2026-05-12T00:00:00Z,Usage,,NAT gateway data processed,Usage-Based,1.2142386,1.2142386,1.349154,1.2142386,0.0450000000,0.0405000000,Standard,29.9812,GB,USD,0.0405000000,1.2142386,0.0450000000,USD,29.9812,GB,AmazonVPC,Networking,Network Connectivity,SKU-38ae1a660e2cadb9d64ca8e5,Data Transfer,SPRICE-974405df44bbf0808ce048b9,"{""x_TransferType"":""InterAZ""}",arn:aws:ec2:us-west-2:200000000011:natgateway/nat-094e1a54cc44,nat-094e1a54cc44,NAT Gateway,us-west-2,US West (Oregon),,,,,,,,,,,"{""Environment"":""prod"",""CostCenter"":""cc-3110"",""Owner"":""team-platform""}"
AWS,AWS,AWS,INV-2026-05-0001,100000000001,ExampleCorp Master Payer,Payer Account,200000000014,sandbox-dev,Linked Account,2026-05-01T00:00:00Z,2026-06-01T00:00:00Z,2026-05-12T00:00:00Z,2026-05-13T00:00:00Z,Usage,,Custom metrics,Usage-Based,35.710065,35.710065,39.67785,35.710065,0.3000000000,0.2700000000,Standard,132.2595,Metrics,USD,0.2700000000,35.710065,0.3000000000,USD,132.2595,Metrics,AmazonCloudWatch,Management and Governance,Observability,SKU-2491f45dad51aaef563400a5,Monitoring,SPRICE-5131bac450b55b26fd0cdc7e,"{""x_MetricType"":""Custom""}",arn:aws:cloudwatch:us-east-1:200000000014:metric/metric-cda8edfa0220,metric-cda8edfa0220,Metric,us-east-1,US East (N. Virginia),,,,,,,,,,,"{""Environment"":""dev"",""CostCenter"":""cc-2087"",""Owner"":""team-platform""}"
AWS,AWS,AWS,INV-2026-05-0002,100000000002,ExampleCorp Secondary Payer,Payer Account,200000000012,staging-platform,Linked Account,2026-05-01T00:00:00Z,2026-06-01T00:00:00Z,2026-05-13T00:00:00Z,2026-05-14T00:00:00Z,Usage,,DynamoDB on-demand write requests,Usage-Based,3.7491934368375,3.7491934368375,4.165770485375,3.7491934368375,0.0000012500,0.0000011250,Standard,3332616.3883,Requests,USD,0.0000011250,3.7491934368375,0.0000012500,USD,3332616.3883,Requests,AmazonDynamoDB,Databases,NoSQL Databases,SKU-b60be50671e3ea779ca4990a,Database,SPRICE-01c9691ef6482a9102c7a4ff,"{""x_CapacityMode"":""On-Demand""}",arn:aws:dynamodb:us-east-1:200000000012:table/table-a1d1a1b429ce,table-a1d1a1b429ce,DynamoDB Table,us-east-1,US East (N. Virginia),,,,,,,,,,,"{""Environment"":""prod"",""CostCenter"":""cc-1042"",""Owner"":""team-platform""}"
AWS,AWS,AWS,INV-2026-05-0002,100000000002,ExampleCorp Secondary Payer,Payer Account,200000000014,sandbox-dev,Linked Account,2026-05-01T00:00:00Z,2026-06-01T00:00:00Z,2026-05-02T17:00:00Z,2026-05-02T18:00:00Z,Usage,,Lambda function duration,Usage-Based,43.956334149,43.956334149,48.84046895740922,43.956334149,0.0000166667,0.0000150000,Standard,2930422.2766,GB-Seconds,USD,0.0000150000,43.956334149,0.0000166667,USD,2930422.2766,GB-Seconds,AWSLambda,Compute,Serverless Compute,SKU-7828f3c3be040bf04a99c13a,Compute,SPRICE-f43f05862dbfbeb78999da05,"{""x_Runtime"":""python3.12"",""x_Architecture"":""arm64""}",arn:aws:lambda:eu-west-1:200000000014:function/fn-6376da996f4e,fn-6376da996f4e,Lambda Function,eu-west-1,EU (Ireland),,,,,,,,,,,"{""Environment"":""dev"",""CostCenter"":""cc-2087"",""Owner"":""team-data""}"
AWS,AWS,AWS,INV-2026-05-0002,100000000002,ExampleCorp Secondary Payer,Payer Account,200000000014,sandbox-dev,Linked Account,2026-05-01T00:00:00Z,2026-06-01T00:00:00Z,2026-05-02T18:00:00Z,2026-05-02T19:00:00Z,Usage,,RDS PostgreSQL db.r6g.large,Usage-Based,0.216,0.216,0.24,0.216,0.2400000000,0.2160000000,Standard,1.0000,Hours,USD,0.2160000000,0.216,0.2400000000,USD,1.0000,Hours,AmazonRDS,Databases,Relational Databases,SKU-59cf7266a13e6ea4d00d0143,Database,SPRICE-bde64d57365802abbf64195d,"{""InstanceType"":""db.r6g.large"",""InstanceSeries"":""R6g"",""CoreCount"":2,""MemorySize"":16,""x_Engine"":""PostgreSQL""}",arn:aws:rds:ap-southeast-1:200000000014:db/db-70f055d6961e,db-70f055d6961e,RDS Instance,ap-southeast-1,Asia Pacific (Singapore),,,,,,,,,,,"{""Environment"":""prod"",""CostCenter"":""cc-3110"",""Owner"":""team-platform""}"
AWS,AWS,AWS,INV-2026-05-0002,100000000002,ExampleCorp Secondary Payer,Payer Account,200000000014,sandbox-dev,Linked Account,2026-05-01T00:00:00Z,2026-06-01T00:00:00Z,2026-05-01T00:00:00Z,2026-06-01T00:00:00Z,Usage,,S3 Standard storage,Usage-Based,20.32892145,20.32892145,22.5876905,20.32892145,0.0230000000,0.0207000000,Standard,982.0735,GB-Months,USD,0.0207000000,20.32892145,0.0230000000,USD,982.0735,GB-Months,AmazonS3,Storage,Object Storage,SKU-6042c508b21761919a0ed516,Storage,SPRICE-d35afe08308f10d3695aa71d,"{""StorageClass"":""Standard"",""Redundancy"":""Zonal""}",arn:aws:s3:eu-west-1:200000000014:bucket/bucket-b616724d9b17,bucket-b616724d9b17,S3 Bucket,eu-west-1,EU (Ireland),,,,,,,,,,,"{""Environment"":""staging"",""CostCenter"":""cc-1042"",""Owner"":""team-payments""}"
AWS,AWS,AWS,INV-2026-05-0002,100000000002,ExampleCorp Secondary Payer,Payer Account,200000000012,staging-platform,Linked Account,2026-05-01T00:00:00Z,2026-06-01T00:00:00Z,2026-05-17T00:00:00Z,2026-05-18T00:00:00Z,Purchase,,AmazonS3 subscription fee,Recurring,569.22,569.22,569.22,569.22,569.22,569.22,Standard,1,Units,USD,569.2200000000,569.22,569.2200000000,USD,,,AmazonS3,Storage,Object Storage,SKU-ac2528b51cc970970b628cb6,Subscription,SPRICE-4180b1cf948994c4fb38bfc7,"{""x_ChargeType"": ""SubscriptionFee""}",arn:aws:s3:us-west-2:200000000012:bucket/bucket-3b2313d202d9,bucket-3b2313d202d9,S3 Bucket,us-west-2,US West (Oregon),,,,,,,,,,,"{""Environment"":""staging"",""CostCenter"":""cc-2087"",""Owner"":""team-platform""}"
AWS,AWS,AWS,INV-2026-05-0002,100000000002,ExampleCorp Secondary Payer,Payer Account,200000000012,staging-platform,Linked Account,2026-05-01T00:00:00Z,2026-06-01T00:00:00Z,2026-05-18T00:00:00Z,2026-05-19T00:00:00Z,Usage,,Glue ETL job run,Usage-Based,6.8663628,6.8663628,7.629292,6.8663628,0.4400000000,0.3960000000,Standard,17.3393,DPU-Hours,USD,0.3960000000,6.8663628,0.4400000000,USD,17.3393,DPU-Hours,AWSGlue,Analytics,Data Processing,SKU-118148093a04e718819dbb3f,Data Processing,SPRICE-f140a6944df35cbb51f25679,"{""x_WorkerType"":""G.1X""}",arn:aws:glue:us-west-2:200000000012:job/job-2c41066154f3,job-2c41066154f3,Glue Job,us-west-2,US West (Oregon),,,,,,,,,,,"{""Environment"":""prod"",""CostCenter"":""cc-2087"",""Owner"":""team-data""}"
AWS,AWS,AWS,INV-2026-05-0001,100000000001,ExampleCorp Master Payer,Payer Account,200000000013,data-analytics,Linked Account,2026-05-01T00:00:00Z,2026-06-01T00:00:00Z,2026-05-01T00:00:00Z,2026-06-01T00:00:00Z,Usage,,S3 Standard storage,Usage-Based,125.23650489,125.23650489,139.1516721,125.23650489,0.0230000000,0.0207000000,Standard,6050.0727,GB-Months,USD,0.0207000000,125.23650489,0.0230000000,USD,6050.0727,GB-Months,AmazonS3,Storage,Object Storage,SKU-ca447aa86bf44972e43c1f69,Storage,SPRICE-92e9b7d21ce3c83c68f72f47,"{""StorageClass"":""Standard"",""Redundancy"":""Zonal""}",arn:aws:s3:us-east-1:200000000013:bucket/bucket-7731bc050ba4,bucket-7731bc050ba4,S3 Bucket,us-east-1,US East (N. Virginia),,,,,,,,,,,"{""Environment"":""staging"",""CostCenter"":""cc-3110"",""Owner"":""team-platform""}"
AWS,AWS,AWS,INV-2026-05-0002,100000000002,ExampleCorp Secondary Payer,Payer Account,200000000012,staging-platform,Linked Account,2026-05-01T00:00:00Z,2026-06-01T00:00:00Z,2026-05-20T00:00:00Z,2026-05-21T00:00:00Z,Usage,,Custom metrics,Usage-Based,52.389612,52.389612,58.21068,52.389612,0.3000000000,0.2700000000,Standard,194.0356,Metrics,USD,0.2700000000,52.389612,0.3000000000,USD,194.0356,Metrics,AmazonCloudWatch,Management and Governance,Observability,SKU-7f3902e3f370805f0a245d7f,Monitoring,SPRICE-dae68554fa459d336630e8d7,"{""x_MetricType"":""Custom""}",arn:aws:cloudwatch:ap-southeast-1:200000000012:metric/metric-7eea19ecba8a,metric-7eea19ecba8a,Metric,ap-southeast-1,Asia Pacific (Singapore),,,,,,,,,,,"{""Environment"":""dev"",""CostCenter"":""cc-2087"",""Owner"":""team-data""}"
AWS,AWS,AWS,INV-2026-05-0001,100000000001,ExampleCorp Master Payer,Payer Account,200000000012,staging-platform,Linked Account,2026-05-01T00:00:00Z,2026-06-01T00:00:00Z,2026-05-21T00:00:00Z,2026-05-22T00:00:00Z,Purchase,,AmazonDynamoDB subscription fee,Recurring,28.27,28.27,28.27,28.27,28.27,28.27,Standard,1,Units,USD,28.2700000000,28.27,28.2700000000,USD,,,AmazonDynamoDB,Databases,NoSQL Databases,SKU-a2672317016d065252b0e334,Subscription,SPRICE-dbc8cd590f2480e0074ec6ed,"{""x_ChargeType"": ""SubscriptionFee""}",arn:aws:dynamodb:ap-southeast-1:200000000012:table/table-be1b888ed71b,table-be1b888ed71b,DynamoDB Table,ap-southeast-1,Asia Pacific (Singapore),,,,,,,,,,,"{""Environment"":""staging"",""CostCenter"":""cc-2087"",""Owner"":""team-platform""}"
AWS,AWS,AWS,INV-2026-05-0002,100000000002,ExampleCorp Secondary Payer,Payer Account,200000000014,sandbox-dev,Linked Account,2026-05-01T00:00:00Z,2026-06-01T00:00:00Z,2026-05-22T00:00:00Z,2026-05-23T00:00:00Z,Usage,,Glue ETL job run,Usage-Based,69.582546,69.582546,77.31394,69.582546,0.4400000000,0.3960000000,Standard,175.7135,DPU-Hours,USD,0.3960000000,69.582546,0.4400000000,USD,175.7135,DPU-Hours,AWSGlue,Analytics,Data Processing,SKU-118148093a04e718819dbb3f,Data Processing,SPRICE-f140a6944df35cbb51f25679,"{""x_WorkerType"":""G.1X""}",arn:aws:glue:us-west-2:200000000014:job/job-ab03e1b33b9b,job-ab03e1b33b9b,Glue Job,us-west-2,US West (Oregon),,,,,,,,,,,"{""Environment"":""staging"",""CostCenter"":""cc-3110"",""Owner"":""team-data""}"
AWS,AWS,AWS,INV-2026-05-0002,100000000002,ExampleCorp Secondary Payer,Payer Account,200000000013,data-analytics,Linked Account,2026-05-01T00:00:00Z,2026-06-01T00:00:00Z,2026-05-03T02:00:00Z,2026-05-03T03:00:00Z,Purchase,,"Savings Plan commitment, amortised for the charge period",Recurring,32.016,0,32.016,32.016,1,1,Standard,32.016,USD,USD,1.0000000000,0,1.0000000000,USD,,,AmazonEC2,Compute,Virtual Machines,SKU-4e70290591383090d3fb4e3b,Commitment,SPRICE-3123b98a0bc7ca93ff9d1c56,"{""x_PurchaseTerm"":""1yr"",""x_PaymentOption"":""NoUpfront""}",arn:aws:savingsplans:ap-southeast-1::savingsplan/56b2d971995879fb,savingsplan-4c66677d8283,Savings Plan,ap-southeast-1,Asia Pacific (Singapore),,arn:aws:savingsplans:ap-southeast-1::savingsplan/56b2d971995879fb,ComputeSavingsPlan-1yr-NoUpfront,Spend,Savings Plan,,32.016,USD,,,"{""Environment"":""prod"",""CostCenter"":""cc-3110"",""Owner"":""team-payments""}"
AWS,AWS,AWS,INV-2026-05-0002,100000000002,ExampleCorp Secondary Payer,Payer Account,200000000013,data-analytics,Linked Account,2026-05-01T00:00:00Z,2026-06-01T00:00:00Z,2026-05-03T02:00:00Z,2026-05-03T03:00:00Z,Usage,,AmazonEC2 committed usage of 500 machine-equivalents,Usage-Based,0,32.016,48,43.2,0.0960000000,0.0864000000,Committed,500,Hours,USD,0.0864000000,32.016,0.0960000000,USD,500,Hours,AmazonEC2,Compute,Virtual Machines,SKU-093c0d7a3a0491f8523e34c8,Compute,SPRICE-bab283475cbbabd222878e74,"{""InstanceType"":""m6i.large"",""InstanceSeries"":""M6i"",""CoreCount"":2,""MemorySize"":8,""OperatingSystem"":""Linux"",""x_Tenancy"":""Shared""}",urn:focus-sample:aws:ap-southeast-1:200000000013:compute-fleet:fleet82b5f8d7343791c6060956ae,fleet82b5f8d7343791c6060956ae,Compute Fleet,ap-southeast-1,Asia Pacific (Singapore),ap-southeast-1b,arn:aws:savingsplans:ap-southeast-1::savingsplan/56b2d971995879fb,ComputeSavingsPlan-1yr-NoUpfront,Spend,Savings Plan,Used,32.016,USD,,,"{""Environment"":""dev"",""CostCenter"":""cc-2087"",""Owner"":""team-data"",""SyntheticFleetSize"":""500""}"
AWS,AWS,AWS,INV-2026-05-0002,100000000002,ExampleCorp Secondary Payer,Payer Account,200000000013,data-analytics,Linked Account,2026-05-01T00:00:00Z,2026-06-01T00:00:00Z,2026-05-03T03:00:00Z,2026-05-03T04:00:00Z,Purchase,,"Savings Plan commitment, amortised for the charge period",Recurring,32.016,0,32.016,32.016,1,1,Standard,32.016,USD,USD,1.0000000000,0,1.0000000000,USD,,,AmazonEC2,Compute,Virtual Machines,SKU-4e70290591383090d3fb4e3b,Commitment,SPRICE-3123b98a0bc7ca93ff9d1c56,"{""x_PurchaseTerm"":""1yr"",""x_PaymentOption"":""NoUpfront""}",arn:aws:savingsplans:ap-southeast-1::savingsplan/56b2d971995879fb,savingsplan-4c66677d8283,Savings Plan,ap-southeast-1,Asia Pacific (Singapore),,arn:aws:savingsplans:ap-southeast-1::savingsplan/56b2d971995879fb,ComputeSavingsPlan-1yr-NoUpfront,Spend,Savings Plan,,32.016,USD,,,"{""Environment"":""staging"",""CostCenter"":""cc-1042"",""Owner"":""team-platform""}"
AWS,AWS,AWS,INV-2026-05-0002,100000000002,ExampleCorp Secondary Payer,Payer Account,200000000013,data-analytics,Linked Account,2026-05-01T00:00:00Z,2026-06-01T00:00:00Z,2026-05-03T03:00:00Z,2026-05-03T04:00:00Z,Usage,,AmazonEC2 committed usage of 500 machine-equivalents,Usage-Based,0,32.016,48,43.2,0.0960000000,0.0864000000,Committed,500,Hours,USD,0.0864000000,32.016,0.0960000000,USD,500,Hours,AmazonEC2,Compute,Virtual Machines,SKU-093c0d7a3a0491f8523e34c8,Compute,SPRICE-bab283475cbbabd222878e74,"{""InstanceType"":""m6i.large"",""InstanceSeries"":""M6i"",""CoreCount"":2,""MemorySize"":8,""OperatingSystem"":""Linux"",""x_Tenancy"":""Shared""}",urn:focus-sample:aws:ap-southeast-1:200000000013:compute-fleet:fleet82b5f8d7343791c6060956ae,fleet82b5f8d7343791c6060956ae,Compute Fleet,ap-southeast-1,Asia Pacific (Singapore),ap-southeast-1b,arn:aws:savingsplans:ap-southeast-1::savingsplan/56b2d971995879fb,ComputeSavingsPlan-1yr-NoUpfront,Spend,Savings Plan,Used,32.016,USD,,,"{""Environment"":""staging"",""CostCenter"":""cc-3110"",""Owner"":""team-data"",""SyntheticFleetSize"":""500""}"
AWS,AWS,AWS,INV-2026-05-0002,100000000002,ExampleCorp Secondary Payer,Payer Account,200000000013,data-analytics,Linked Account,2026-05-01T00:00:00Z,2026-06-01T00:00:00Z,2026-05-03T04:00:00Z,2026-05-03T05:00:00Z,Purchase,,"Savings Plan commitment, amortised for the charge period",Recurring,32.016,0,32.016,32.016,1,1,Standard,32.016,USD,USD,1.0000000000,0,1.0000000000,USD,,,AmazonEC2,Compute,Virtual Machines,SKU-4e70290591383090d3fb4e3b,Commitment,SPRICE-3123b98a0bc7ca93ff9d1c56,"{""x_PurchaseTerm"":""1yr"",""x_PaymentOption"":""NoUpfront""}",arn:aws:savingsplans:ap-southeast-1::savingsplan/56b2d971995879fb,savingsplan-4c66677d8283,Savings Plan,ap-southeast-1,Asia Pacific (Singapore),,arn:aws:savingsplans:ap-southeast-1::savingsplan/56b2d971995879fb,ComputeSavingsPlan-1yr-NoUpfront,Spend,Savings Plan,,32.016,USD,,,"{""Environment"":""dev"",""CostCenter"":""cc-2087"",""Owner"":""team-platform""}"
AWS,AWS,AWS,INV-2026-05-0002,100000000002,ExampleCorp Secondary Payer,Payer Account,200000000013,data-analytics,Linked Account,2026-05-01T00:00:00Z,2026-06-01T00:00:00Z,2026-05-03T04:00:00Z,2026-05-03T05:00:00Z,Usage,,AmazonEC2 committed usage of 500 machine-equivalents,Usage-Based,0,32.016,48,43.2,0.0960000000,0.0864000000,Committed,500,Hours,USD,0.0864000000,32.016,0.0960000000,USD,500,Hours,AmazonEC2,Compute,Virtual Machines,SKU-093c0d7a3a0491f8523e34c8,Compute,SPRICE-bab283475cbbabd222878e74,"{""InstanceType"":""m6i.large"",""InstanceSeries"":""M6i"",""CoreCount"":2,""MemorySize"":8,""OperatingSystem"":""Linux"",""x_Tenancy"":""Shared""}",urn:focus-sample:aws:ap-southeast-1:200000000013:compute-fleet:fleet82b5f8d7343791c6060956ae,fleet82b5f8d7343791c6060956ae,Compute Fleet,ap-southeast-1,Asia Pacific (Singapore),ap-southeast-1b,arn:aws:savingsplans:ap-southeast-1::savingsplan/56b2d971995879fb,ComputeSavingsPlan-1yr-NoUpfront,Spend,Savings Plan,Used,32.016,USD,,,"{""Environment"":""dev"",""CostCenter"":""cc-2087"",""Owner"":""team-data"",""SyntheticFleetSize"":""500""}"
AWS,AWS,AWS,INV-2026-05-0002,100000000002,ExampleCorp Secondary Payer,Payer Account,200000000013,data-analytics,Linked Account,2026-05-01T00:00:00Z,2026-06-01T00:00:00Z,2026-05-03T05:00:00Z,2026-05-03T06:00:00Z,Purchase,,"Savings Plan commitment, amortised for the charge period",Recurring,32.016,0,32.016,32.016,1,1,Standard,32.016,USD,USD,1.0000000000,0,1.0000000000,USD,,,AmazonEC2,Compute,Virtual Machines,SKU-4e70290591383090d3fb4e3b,Commitment,SPRICE-3123b98a0bc7ca93ff9d1c56,"{""x_PurchaseTerm"":""1yr"",""x_PaymentOption"":""NoUpfront""}",arn:aws:savingsplans:ap-southeast-1::savingsplan/56b2d971995879fb,savingsplan-4c66677d8283,Savings Plan,ap-southeast-1,Asia Pacific (Singapore),,arn:aws:savingsplans:ap-southeast-1::savingsplan/56b2d971995879fb,ComputeSavingsPlan-1yr-NoUpfront,Spend,Savings Plan,,32.016,USD,,,"{""Environment"":""prod"",""CostCenter"":""cc-1042"",""Owner"":""team-data""}"
AWS,AWS,AWS,INV-2026-05-0002,100000000002,ExampleCorp Secondary Payer,Payer Account,200000000013,data-analytics,Linked Account,2026-05-01T00:00:00Z,2026-06-01T00:00:00Z,2026-05-03T05:00:00Z,2026-05-03T06:00:00Z,Usage,,AmazonEC2 committed usage of 500 machine-equivalents,Usage-Based,0,32.016,48,43.2,0.0960000000,0.0864000000,Committed,500,Hours,USD,0.0864000000,32.016,0.0960000000,USD,500,Hours,AmazonEC2,Compute,Virtual Machines,SKU-093c0d7a3a0491f8523e34c8,Compute,SPRICE-bab283475cbbabd222878e74,"{""InstanceType"":""m6i.large"",""InstanceSeries"":""M6i"",""CoreCount"":2,""MemorySize"":8,""OperatingSystem"":""Linux"",""x_Tenancy"":""Shared""}",urn:focus-sample:aws:ap-southeast-1:200000000013:compute-fleet:fleet82b5f8d7343791c6060956ae,fleet82b5f8d7343791c6060956ae,Compute Fleet,ap-southeast-1,Asia Pacific (Singapore),ap-southeast-1b,arn:aws:savingsplans:ap-southeast-1::savingsplan/56b2d971995879fb,ComputeSavingsPlan-1yr-NoUpfront,Spend,Savings Plan,Used,32.016,USD,,,"{""Environment"":""prod"",""CostCenter"":""cc-3110"",""Owner"":""team-payments"",""SyntheticFleetSize"":""500""}"
AWS,AWS,AWS,INV-2026-05-0002,100000000002,ExampleCorp Secondary Payer,Payer Account,200000000013,data-analytics,Linked Account,2026-05-01T00:00:00Z,2026-06-01T00:00:00Z,2026-05-03T06:00:00Z,2026-05-03T07:00:00Z,Purchase,,"Savings Plan commitment, amortised for the charge period",Recurring,32.016,0,32.016,32.016,1,1,Standard,32.016,USD,USD,1.0000000000,0,1.0000000000,USD,,,AmazonEC2,Compute,Virtual Machines,SKU-4e70290591383090d3fb4e3b,Commitment,SPRICE-3123b98a0bc7ca93ff9d1c56,"{""x_PurchaseTerm"":""1yr"",""x_PaymentOption"":""NoUpfront""}",arn:aws:savingsplans:ap-southeast-1::savingsplan/56b2d971995879fb,savingsplan-4c66677d8283,Savings Plan,ap-southeast-1,Asia Pacific (Singapore),,arn:aws:savingsplans:ap-southeast-1::savingsplan/56b2d971995879fb,ComputeSavingsPlan-1yr-NoUpfront,Spend,Savings Plan,,32.016,USD,,,"{""Environment"":""dev"",""CostCenter"":""cc-2087"",""Owner"":""team-data""}"
AWS,AWS,AWS,INV-2026-05-0002,100000000002,ExampleCorp Secondary Payer,Payer Account,200000000013,data-analytics,Linked Account,2026-05-01T00:00:00Z,2026-06-01T00:00:00Z,2026-05-03T06:00:00Z,2026-05-03T07:00:00Z,Usage,,AmazonEC2 committed usage of 500 machine-equivalents,Usage-Based,0,32.016,48,43.2,0.0960000000,0.0864000000,Committed,500,Hours,USD,0.0864000000,32.016,0.0960000000,USD,500,Hours,AmazonEC2,Compute,Virtual Machines,SKU-093c0d7a3a0491f8523e34c8,Compute,SPRICE-bab283475cbbabd222878e74,"{""InstanceType"":""m6i.large"",""InstanceSeries"":""M6i"",""CoreCount"":2,""MemorySize"":8,""OperatingSystem"":""Linux"",""x_Tenancy"":""Shared""}",urn:focus-sample:aws:ap-southeast-1:200000000013:compute-fleet:fleet82b5f8d7343791c6060956ae,fleet82b5f8d7343791c6060956ae,Compute Fleet,ap-southeast-1,Asia Pacific (Singapore),ap-southeast-1b,arn:aws:savingsplans:ap-southeast-1::savingsplan/56b2d971995879fb,ComputeSavingsPlan-1yr-NoUpfront,Spend,Savings Plan,Used,32.016,USD,,,"{""Environment"":""prod"",""CostCenter"":""cc-2087"",""Owner"":""team-platform"",""SyntheticFleetSize"":""500""}"
AWS,AWS,AWS,INV-2026-05-0002,100000000002,ExampleCorp Secondary Payer,Payer Account,200000000013,data-analytics,Linked Account,2026-05-01T00:00:00Z,2026-06-01T00:00:00Z,2026-05-03T07:00:00Z,2026-05-03T08:00:00Z,Purchase,,"Savings Plan commitment, amortised for the charge period",Recurring,32.016,0,32.016,32.016,1,1,Standard,32.016,USD,USD,1.0000000000,0,1.0000000000,USD,,,AmazonEC2,Compute,Virtual Machines,SKU-4e70290591383090d3fb4e3b,Commitment,SPRICE-3123b98a0bc7ca93ff9d1c56,"{""x_PurchaseTerm"":""1yr"",""x_PaymentOption"":""NoUpfront""}",arn:aws:savingsplans:ap-southeast-1::savingsplan/56b2d971995879fb,savingsplan-4c66677d8283,Savings Plan,ap-southeast-1,Asia Pacific (Singapore),,arn:aws:savingsplans:ap-southeast-1::savingsplan/56b2d971995879fb,ComputeSavingsPlan-1yr-NoUpfront,Spend,Savings Plan,,32.016,USD,,,"{""Environment"":""staging"",""CostCenter"":""cc-3110"",""Owner"":""team-data""}"
AWS,AWS,AWS,INV-2026-05-0002,100000000002,ExampleCorp Secondary Payer,Payer Account,200000000013,data-analytics,Linked Account,2026-05-01T00:00:00Z,2026-06-01T00:00:00Z,2026-05-03T07:00:00Z,2026-05-03T08:00:00Z,Usage,,AmazonEC2 committed usage of 500 machine-equivalents,Usage-Based,0,32.016,48,43.2,0.0960000000,0.0864000000,Committed,500,Hours,USD,0.0864000000,32.016,0.0960000000,USD,500,Hours,AmazonEC2,Compute,Virtual Machines,SKU-093c0d7a3a0491f8523e34c8,Compute,SPRICE-bab283475cbbabd222878e74,"{""InstanceType"":""m6i.large"",""InstanceSeries"":""M6i"",""CoreCount"":2,""MemorySize"":8,""OperatingSystem"":""Linux"",""x_Tenancy"":""Shared""}",urn:focus-sample:aws:ap-southeast-1:200000000013:compute-fleet:fleet82b5f8d7343791c6060956ae,fleet82b5f8d7343791c6060956ae,Compute Fleet,ap-southeast-1,Asia Pacific (Singapore),ap-southeast-1b,arn:aws:savingsplans:ap-southeast-1::savingsplan/56b2d971995879fb,ComputeSavingsPlan-1yr-NoUpfront,Spend,Savings Plan,Used,32.016,USD,,,"{""Environment"":""staging"",""CostCenter"":""cc-3110"",""Owner"":""team-platform"",""SyntheticFleetSize"":""500""}"
AWS,AWS,AWS,INV-2026-05-0002,100000000002,ExampleCorp Secondary Payer,Payer Account,200000000013,data-analytics,Linked Account,2026-05-01T00:00:00Z,2026-06-01T00:00:00Z,2026-05-03T08:00:00Z,2026-05-03T09:00:00Z,Purchase,,"Savings Plan commitment, amortised for the charge period",Recurring,32.016,0,32.016,32.016,1,1,Standard,32.016,USD,USD,1.0000000000,0,1.0000000000,USD,,,AmazonEC2,Compute,Virtual Machines,SKU-4e70290591383090d3fb4e3b,Commitment,SPRICE-3123b98a0bc7ca93ff9d1c56,"{""x_PurchaseTerm"":""1yr"",""x_PaymentOption"":""NoUpfront""}",arn:aws:savingsplans:ap-southeast-1::savingsplan/56b2d971995879fb,savingsplan-4c66677d8283,Savings Plan,ap-southeast-1,Asia Pacific (Singapore),,arn:aws:savingsplans:ap-southeast-1::savingsplan/56b2d971995879fb,ComputeSavingsPlan-1yr-NoUpfront,Spend,Savings Plan,,32.016,USD,,,"{""Environment"":""prod"",""CostCenter"":""cc-1042"",""Owner"":""team-data""}"
AWS,AWS,AWS,INV-2026-05-0002,100000000002,ExampleCorp Secondary Payer,Payer Account,200000000013,data-analytics,Linked Account,2026-05-01T00:00:00Z,2026-06-01T00:00:00Z,2026-05-03T08:00:00Z,2026-05-03T09:00:00Z,Usage,,AmazonEC2 committed usage of 500 machine-equivalents,Usage-Based,0,32.016,48,43.2,0.0960000000,0.0864000000,Committed,500,Hours,USD,0.0864000000,32.016,0.0960000000,USD,500,Hours,AmazonEC2,Compute,Virtual Machines,SKU-093c0d7a3a0491f8523e34c8,Compute,SPRICE-bab283475cbbabd222878e74,"{""InstanceType"":""m6i.large"",""InstanceSeries"":""M6i"",""CoreCount"":2,""MemorySize"":8,""OperatingSystem"":""Linux"",""x_Tenancy"":""Shared""}",urn:focus-sample:aws:ap-southeast-1:200000000013:compute-fleet:fleet82b5f8d7343791c6060956ae,fleet82b5f8d7343791c6060956ae,Compute Fleet,ap-southeast-1,Asia Pacific (Singapore),ap-southeast-1b,arn:aws:savingsplans:ap-southeast-1::savingsplan/56b2d971995879fb,ComputeSavingsPlan-1yr-NoUpfront,Spend,Savings Plan,Used,32.016,USD,,,"{""Environment"":""prod"",""CostCenter"":""cc-2087"",""Owner"":""team-platform"",""SyntheticFleetSize"":""500""}"
AWS,AWS,AWS,INV-2026-05-0002,100000000002,ExampleCorp Secondary Payer,Payer Account,200000000013,data-analytics,Linked Account,2026-05-01T00:00:00Z,2026-06-01T00:00:00Z,2026-05-03T09:00:00Z,2026-05-03T10:00:00Z,Purchase,,"Savings Plan commitment, amortised for the charge period",Recurring,32.016,0,32.016,32.016,1,1,Standard,32.016,USD,USD,1.0000000000,0,1.0000000000,USD,,,AmazonEC2,Compute,Virtual Machines,SKU-4e70290591383090d3fb4e3b,Commitment,SPRICE-3123b98a0bc7ca93ff9d1c56,"{""x_PurchaseTerm"":""1yr"",""x_PaymentOption"":""NoUpfront""}",arn:aws:savingsplans:ap-southeast-1::savingsplan/56b2d971995879fb,savingsplan-4c66677d8283,Savings Plan,ap-southeast-1,Asia Pacific (Singapore),,arn:aws:savingsplans:ap-southeast-1::savingsplan/56b2d971995879fb,ComputeSavingsPlan-1yr-NoUpfront,Spend,Savings Plan,,32.016,USD,,,"{""Environment"":""dev"",""CostCenter"":""cc-3110"",""Owner"":""team-platform""}"
AWS,AWS,AWS,INV-2026-05-0002,100000000002,ExampleCorp Secondary Payer,Payer Account,200000000013,data-analytics,Linked Account,2026-05-01T00:00:00Z,2026-06-01T00:00:00Z,2026-05-03T09:00:00Z,2026-05-03T10:00:00Z,Usage,,AmazonEC2 committed usage of 500 machine-equivalents,Usage-Based,0,32.016,48,43.2,0.0960000000,0.0864000000,Committed,500,Hours,USD,0.0864000000,32.016,0.0960000000,USD,500,Hours,AmazonEC2,Compute,Virtual Machines,SKU-093c0d7a3a0491f8523e34c8,Compute,SPRICE-bab283475cbbabd222878e74,"{""InstanceType"":""m6i.large"",""InstanceSeries"":""M6i"",""CoreCount"":2,""MemorySize"":8,""OperatingSystem"":""Linux"",""x_Tenancy"":""Shared""}",urn:focus-sample:aws:ap-southeast-1:200000000013:compute-fleet:fleet82b5f8d7343791c6060956ae,fleet82b5f8d7343791c6060956ae,Compute Fleet,ap-southeast-1,Asia Pacific (Singapore),ap-southeast-1b,arn:aws:savingsplans:ap-southeast-1::savingsplan/56b2d971995879fb,ComputeSavingsPlan-1yr-NoUpfront,Spend,Savings Plan,Used,32.016,USD,,,"{""Environment"":""staging"",""CostCenter"":""cc-3110"",""Owner"":""team-payments"",""SyntheticFleetSize"":""500""}"
AWS,AWS,AWS,INV-2026-05-0002,100000000002,ExampleCorp Secondary Payer,Payer Account,200000000013,data-analytics,Linked Account,2026-05-01T00:00:00Z,2026-06-01T00:00:00Z,2026-05-03T10:00:00Z,2026-05-03T11:00:00Z,Purchase,,"Savings Plan commitment, amortised for the charge period",Recurring,32.016,0,32.016,32.016,1,1,Standard,32.016,USD,USD,1.0000000000,0,1.0000000000,USD,,,AmazonEC2,Compute,Virtual Machines,SKU-4e70290591383090d3fb4e3b,Commitment,SPRICE-3123b98a0bc7ca93ff9d1c56,"{""x_PurchaseTerm"":""1yr"",""x_PaymentOption"":""NoUpfront""}",arn:aws:savingsplans:ap-southeast-1::savingsplan/56b2d971995879fb,savingsplan-4c66677d8283,Savings Plan,ap-southeast-1,Asia Pacific (Singapore),,arn:aws:savingsplans:ap-southeast-1::savingsplan/56b2d971995879fb,ComputeSavingsPlan-1yr-NoUpfront,Spend,Savings Plan,,32.016,USD,,,"{""Environment"":""prod"",""CostCenter"":""cc-1042"",""Owner"":""team-payments""}"
AWS,AWS,AWS,INV-2026-05-0002,100000000002,ExampleCorp Secondary Payer,Payer Account,200000000013,data-analytics,Linked Account,2026-05-01T00:00:00Z,2026-06-01T00:00:00Z,2026-05-03T10:00:00Z,2026-05-03T11:00:00Z,Usage,,AmazonEC2 committed usage of 500 machine-equivalents,Usage-Based,0,32.016,48,43.2,0.0960000000,0.0864000000,Committed,500,Hours,USD,0.0864000000,32.016,0.0960000000,USD,500,Hours,AmazonEC2,Compute,Virtual Machines,SKU-093c0d7a3a0491f8523e34c8,Compute,SPRICE-bab283475cbbabd222878e74,"{""InstanceType"":""m6i.large"",""InstanceSeries"":""M6i"",""CoreCount"":2,""MemorySize"":8,""OperatingSystem"":""Linux"",""x_Tenancy"":""Shared""}",urn:focus-sample:aws:ap-southeast-1:200000000013:compute-fleet:fleet82b5f8d7343791c6060956ae,fleet82b5f8d7343791c6060956ae,Compute Fleet,ap-southeast-1,Asia Pacific (Singapore),ap-southeast-1b,arn:aws:savingsplans:ap-southeast-1::savingsplan/56b2d971995879fb,ComputeSavingsPlan-1yr-NoUpfront,Spend,Savings Plan,Used,32.016,USD,,,"{""Environment"":""prod"",""CostCenter"":""cc-1042"",""Owner"":""team-payments"",""SyntheticFleetSize"":""500""}"
AWS,AWS,AWS,INV-2026-05-0002,100000000002,ExampleCorp Secondary Payer,Payer Account,200000000013,data-analytics,Linked Account,2026-05-01T00:00:00Z,2026-06-01T00:00:00Z,2026-05-03T11:00:00Z,2026-05-03T12:00:00Z,Purchase,,"Savings Plan commitment, amortised for the charge period",Recurring,32.016,0,32.016,32.016,1,1,Standard,32.016,USD,USD,1.0000000000,0,1.0000000000,USD,,,AmazonEC2,Compute,Virtual Machines,SKU-4e70290591383090d3fb4e3b,Commitment,SPRICE-3123b98a0bc7ca93ff9d1c56,"{""x_PurchaseTerm"":""1yr"",""x_PaymentOption"":""NoUpfront""}",arn:aws:savingsplans:ap-southeast-1::savingsplan/56b2d971995879fb,savingsplan-4c66677d8283,Savings Plan,ap-southeast-1,Asia Pacific (Singapore),,arn:aws:savingsplans:ap-southeast-1::savingsplan/56b2d971995879fb,ComputeSavingsPlan-1yr-NoUpfront,Spend,Savings Plan,,32.016,USD,,,"{""Environment"":""staging"",""CostCenter"":""cc-3110"",""Owner"":""team-payments""}"
AWS,AWS,AWS,INV-2026-05-0002,100000000002,ExampleCorp Secondary Payer,Payer Account,200000000013,data-analytics,Linked Account,2026-05-01T00:00:00Z,2026-06-01T00:00:00Z,2026-05-03T11:00:00Z,2026-05-03T12:00:00Z,Usage,,Savings Plan unused commitment,Usage-Based,0,32.016,32.016,32.016,1,1,Committed,32.016,USD,USD,1.0000000000,32.016,1.0000000000,USD,,,AmazonEC2,Compute,Virtual Machines,SKU-4e70290591383090d3fb4e3b,Commitment,SPRICE-3123b98a0bc7ca93ff9d1c56,"{""x_PurchaseTerm"":""1yr"",""x_PaymentOption"":""NoUpfront""}",arn:aws:savingsplans:ap-southeast-1::savingsplan/56b2d971995879fb,savingsplan-4c66677d8283,Savings Plan,ap-southeast-1,Asia Pacific (Singapore),,arn:aws:savingsplans:ap-southeast-1::savingsplan/56b2d971995879fb,ComputeSavingsPlan-1yr-NoUpfront,Spend,Savings Plan,Unused,32.016,USD,,,"{""Environment"":""prod"",""CostCenter"":""cc-3110"",""Owner"":""team-payments""}"
AWS,AWS,AWS,INV-2026-05-0002,100000000002,ExampleCorp Secondary Payer,Payer Account,200000000013,data-analytics,Linked Account,2026-05-01T00:00:00Z,2026-06-01T00:00:00Z,2026-05-03T12:00:00Z,2026-05-03T13:00:00Z,Purchase,,"Savings Plan commitment, amortised for the charge period",Recurring,32.016,0,32.016,32.016,1,1,Standard,32.016,USD,USD,1.0000000000,0,1.0000000000,USD,,,AmazonEC2,Compute,Virtual Machines,SKU-4e70290591383090d3fb4e3b,Commitment,SPRICE-3123b98a0bc7ca93ff9d1c56,"{""x_PurchaseTerm"":""1yr"",""x_PaymentOption"":""NoUpfront""}",arn:aws:savingsplans:ap-southeast-1::savingsplan/56b2d971995879fb,savingsplan-4c66677d8283,Savings Plan,ap-southeast-1,Asia Pacific (Singapore),,arn:aws:savingsplans:ap-southeast-1::savingsplan/56b2d971995879fb,ComputeSavingsPlan-1yr-NoUpfront,Spend,Savings Plan,,32.016,USD,,,"{""Environment"":""staging"",""CostCenter"":""cc-3110"",""Owner"":""team-payments""}"
AWS,AWS,AWS,INV-2026-05-0002,100000000002,ExampleCorp Secondary Payer,Payer Account,200000000013,data-analytics,Linked Account,2026-05-01T00:00:00Z,2026-06-01T00:00:00Z,2026-05-03T12:00:00Z,2026-05-03T13:00:00Z,Usage,,Savings Plan unused commitment,Usage-Based,0,32.016,32.016,32.016,1,1,Committed,32.016,USD,USD,1.0000000000,32.016,1.0000000000,USD,,,AmazonEC2,Compute,Virtual Machines,SKU-4e70290591383090d3fb4e3b,Commitment,SPRICE-3123b98a0bc7ca93ff9d1c56,"{""x_PurchaseTerm"":""1yr"",""x_PaymentOption"":""NoUpfront""}",arn:aws:savingsplans:ap-southeast-1::savingsplan/56b2d971995879fb,savingsplan-4c66677d8283,Savings Plan,ap-southeast-1,Asia Pacific (Singapore),,arn:aws:savingsplans:ap-southeast-1::savingsplan/56b2d971995879fb,ComputeSavingsPlan-1yr-NoUpfront,Spend,Savings Plan,Unused,32.016,USD,,,"{""Environment"":""dev"",""CostCenter"":""cc-3110"",""Owner"":""team-platform""}"
AWS,AWS,AWS,INV-2026-05-0002,100000000002,ExampleCorp Secondary Payer,Payer Account,200000000014,sandbox-dev,Linked Account,2026-05-01T00:00:00Z,2026-06-01T00:00:00Z,2026-05-22T00:00:00Z,2026-05-23T00:00:00Z,Tax,,Synthetic tax 10% on usage record 50: AWSGlue,One-Time,6.9582546,6.9582546,7.731394,6.9582546,,,,,,USD,,6.9582546,,USD,,,AWSGlue,Analytics,Data Processing,,,,,,,,,,,,,,,,,,,,"{""Environment"":""staging"",""CostCenter"":""cc-3110"",""Owner"":""team-data""}"
AWS,AWS,AWS,INV-2026-05-0001,100000000001,ExampleCorp Master Payer,Payer Account,200000000012,staging-platform,Linked Account,2026-05-01T00:00:00Z,2026-06-01T00:00:00Z,2026-05-18T00:00:00Z,2026-05-19T00:00:00Z,Usage,,Custom metrics,Usage-Based,10.595394,10.595394,11.77266,10.595394,0.3000000000,0.2700000000,Standard,39.2422,Metrics,USD,0.2700000000,10.595394,0.3000000000,USD,39.2422,Metrics,AmazonCloudWatch,Management and Governance,Observability,SKU-7f3902e3f370805f0a245d7f,Monitoring,SPRICE-dae68554fa459d336630e8d7,"{""x_MetricType"":""Custom""}",arn:aws:cloudwatch:ap-southeast-1:200000000012:metric/metric-b745cb5c07a0,metric-b745cb5c07a0,Metric,ap-southeast-1,Asia Pacific (Singapore),,,,,,,,,,,"{""Environment"":""dev"",""CostCenter"":""cc-3110"",""Owner"":""team-payments""}"
AWS,AWS,AWS,INV-2026-05-0001,100000000001,ExampleCorp Master Payer,Payer Account,200000000011,prod-platform,Linked Account,2026-05-01T00:00:00Z,2026-06-01T00:00:00Z,2026-05-19T00:00:00Z,2026-05-20T00:00:00Z,Purchase,,AmazonDynamoDB subscription fee,Recurring,511.48,511.48,511.48,511.48,511.48,511.48,Standard,1,Units,USD,511.4800000000,511.48,511.4800000000,USD,,,AmazonDynamoDB,Databases,NoSQL Databases,SKU-669d8f6606ccb780284b6134,Subscription,SPRICE-cd50e1d26e0dc6fd244011ba,"{""x_ChargeType"": ""SubscriptionFee""}",arn:aws:dynamodb:us-east-1:200000000011:table/table-c259b7ac603e,table-c259b7ac603e,DynamoDB Table,us-east-1,US East (N. Virginia),,,,,,,,,,,"{""Environment"":""staging"",""CostCenter"":""cc-1042"",""Owner"":""team-payments""}"
AWS,AWS,AWS,INV-2026-05-0001,100000000001,ExampleCorp Master Payer,Payer Account,200000000014,sandbox-dev,Linked Account,2026-05-01T00:00:00Z,2026-06-01T00:00:00Z,2026-05-20T00:00:00Z,2026-05-21T00:00:00Z,Usage,,NAT gateway data processed,Usage-Based,17.65171845,17.65171845,19.6130205,17.65171845,0.0450000000,0.0405000000,Standard,435.8449,GB,USD,0.0405000000,17.65171845,0.0450000000,USD,435.8449,GB,AmazonVPC,Networking,Network Connectivity,SKU-0a48b40b1fa86593309c0c4c,Data Transfer,SPRICE-b948c57b4c22bb2955afff1a,"{""x_TransferType"":""InterAZ""}",arn:aws:ec2:ap-southeast-1:200000000014:natgateway/nat-2027c7e53735,nat-2027c7e53735,NAT Gateway,ap-southeast-1,Asia Pacific (Singapore),,,,,,,,,,,"{""Environment"":""prod"",""CostCenter"":""cc-3110"",""Owner"":""team-payments""}"
AWS,AWS,AWS,INV-2026-05-0001,100000000001,ExampleCorp Master Payer,Payer Account,200000000012,staging-platform,Linked Account,2026-05-01T00:00:00Z,2026-06-01T00:00:00Z,2026-05-21T00:00:00Z,2026-05-22T00:00:00Z,Usage,,NAT gateway data processed,Usage-Based,8.2575369,8.2575369,9.175041,8.2575369,0.0450000000,0.0405000000,Standard,203.8898,GB,USD,0.0405000000,8.2575369,0.0450000000,USD,203.8898,GB,AmazonVPC,Networking,Network Connectivity,SKU-0a48b40b1fa86593309c0c4c,Data Transfer,SPRICE-b948c57b4c22bb2955afff1a,"{""x_TransferType"":""InterAZ""}",arn:aws:ec2:ap-southeast-1:200000000012:natgateway/nat-8f28ebbfe055,nat-8f28ebbfe055,NAT Gateway,ap-southeast-1,Asia Pacific (Singapore),,,,,,,,,,,"{""Environment"":""staging"",""CostCenter"":""cc-1042"",""Owner"":""team-platform""}"
AWS,AWS,AWS,INV-2026-05-0002,100000000002,ExampleCorp Secondary Payer,Payer Account,200000000011,prod-platform,Linked Account,2026-05-01T00:00:00Z,2026-06-01T00:00:00Z,2026-05-04T05:00:00Z,2026-05-04T06:00:00Z,Usage,,Linux on-demand m6i.large,Usage-Based,0.0864,0.0864,0.096,0.0864,0.0960000000,0.0864000000,Standard,1.0000,Hours,USD,0.0864000000,0.0864,0.0960000000,USD,1.0000,Hours,AmazonEC2,Compute,Virtual Machines,SKU-093c0d7a3a0491f8523e34c8,Compute,SPRICE-bab283475cbbabd222878e74,"{""InstanceType"":""m6i.large"",""InstanceSeries"":""M6i"",""CoreCount"":2,""MemorySize"":8,""OperatingSystem"":""Linux"",""x_Tenancy"":""Shared""}",arn:aws:ec2:ap-southeast-1:200000000011:instance/i-c3519b9e389a,i-c3519b9e389a,EC2 Instance,ap-southeast-1,Asia Pacific (Singapore),ap-southeast-1a,,,,,,,,,,"{""Environment"":""prod"",""CostCenter"":""cc-2087"",""Owner"":""team-payments""}"
AWS,AWS,AWS,INV-2026-05-0002,100000000002,ExampleCorp Secondary Payer,Payer Account,200000000014,sandbox-dev,Linked Account,2026-05-01T00:00:00Z,2026-06-01T00:00:00Z,2026-05-23T00:00:00Z,2026-05-24T00:00:00Z,Usage,,NAT gateway data processed,Usage-Based,4.0944204,4.0944204,4.549356,4.0944204,0.0450000000,0.0405000000,Standard,101.0968,GB,USD,0.0405000000,4.0944204,0.0450000000,USD,101.0968,GB,AmazonVPC,Networking,Network Connectivity,SKU-3d9b08c72ec44814e0bd4e25,Data Transfer,SPRICE-5df2ff31768360bf23008ec4,"{""x_TransferType"":""InterAZ""}",arn:aws:ec2:eu-west-1:200000000014:natgateway/nat-369498909085,nat-369498909085,NAT Gateway,eu-west-1,EU (Ireland),,,,,,,,,,,"{""Environment"":""prod"",""CostCenter"":""cc-3110"",""Owner"":""team-platform""}"
AWS,AWS,AWS,INV-2026-05-0001,100000000001,ExampleCorp Master Payer,Payer Account,200000000013,data-analytics,Linked Account,2026-05-01T00:00:00Z,2026-06-01T00:00:00Z,2026-05-04T07:00:00Z,2026-05-04T08:00:00Z,Usage,,Lambda function duration,Usage-Based,59.8634535075,59.8634535075,66.51508137156335,59.8634535075,0.0000166667,0.0000150000,Standard,3990896.9005,GB-Seconds,USD,0.0000150000,59.8634535075,0.0000166667,USD,3990896.9005,GB-Seconds,AWSLambda,Compute,Serverless Compute,SKU-10b7f1c880ad0bc78efd30e2,Compute,SPRICE-a9f6b13fa92ac1d53f2f387c,"{""x_Runtime"":""python3.12"",""x_Architecture"":""arm64""}",arn:aws:lambda:ap-southeast-1:200000000013:function/fn-f94af9cbb877,fn-f94af9cbb877,Lambda Function,ap-southeast-1,Asia Pacific (Singapore),,,,,,,,,,,"{""Environment"":""prod"",""CostCenter"":""cc-3110"",""Owner"":""team-platform""}"
AWS,AWS,AWS,INV-2026-05-0001,100000000001,ExampleCorp Master Payer,Payer Account,200000000011,prod-platform,Linked Account,2026-05-01T00:00:00Z,2026-06-01T00:00:00Z,2026-05-25T00:00:00Z,2026-05-26T00:00:00Z,Usage,,Custom metrics,Usage-Based,42.212961,42.212961,46.90329,42.212961,0.3000000000,0.2700000000,Standard,156.3443,Metrics,USD,0.2700000000,42.212961,0.3000000000,USD,156.3443,Metrics,AmazonCloudWatch,Management and Governance,Observability,SKU-2491f45dad51aaef563400a5,Monitoring,SPRICE-5131bac450b55b26fd0cdc7e,"{""x_MetricType"":""Custom""}",arn:aws:cloudwatch:us-east-1:200000000011:metric/metric-597afd847143,metric-597afd847143,Metric,us-east-1,US East (N. Virginia),,,,,,,,,,,"{""Environment"":""staging"",""CostCenter"":""cc-1042"",""Owner"":""team-payments""}"
AWS,AWS,AWS,INV-2026-05-0001,100000000001,ExampleCorp Master Payer,Payer Account,200000000012,staging-platform,Linked Account,2026-05-01T00:00:00Z,2026-06-01T00:00:00Z,2026-05-18T00:00:00Z,2026-05-19T00:00:00Z,Tax,,Synthetic tax 10% on usage record 74: AmazonCloudWatch,One-Time,1.0595394,1.0595394,1.177266,1.0595394,,,,,,USD,,1.0595394,,USD,,,AmazonCloudWatch,Management and Governance,Observability,,,,,,,,,,,,,,,,,,,,"{""Environment"":""dev"",""CostCenter"":""cc-3110"",""Owner"":""team-payments""}"
AWS,AWS,AWS,INV-2026-05-0001,100000000001,ExampleCorp Master Payer,Payer Account,200000000013,data-analytics,Linked Account,2026-05-01T00:00:00Z,2026-06-01T00:00:00Z,2026-05-27T00:00:00Z,2026-05-28T00:00:00Z,Purchase,,AmazonDynamoDB subscription fee,Recurring,511.48,511.48,511.48,511.48,511.48,511.48,Standard,1,Units,USD,511.4800000000,511.48,511.4800000000,USD,,,AmazonDynamoDB,Databases,NoSQL Databases,SKU-669d8f6606ccb780284b6134,Subscription,SPRICE-cd50e1d26e0dc6fd244011ba,"{""x_ChargeType"": ""SubscriptionFee""}",arn:aws:dynamodb:us-east-1:200000000013:table/table-06f2e7cc0202,table-06f2e7cc0202,DynamoDB Table,us-east-1,US East (N. Virginia),,,,,,,,,,,"{""Environment"":""prod"",""CostCenter"":""cc-2087"",""Owner"":""team-data""}"
AWS,AWS,AWS,INV-2026-05-0002,100000000002,ExampleCorp Secondary Payer,Payer Account,200000000011,prod-platform,Linked Account,2026-05-01T00:00:00Z,2026-06-01T00:00:00Z,2026-05-01T00:00:00Z,2026-06-01T00:00:00Z,Usage,,S3 Standard storage,Usage-Based,77.5031598,77.5031598,86.114622,77.5031598,0.0230000000,0.0207000000,Standard,3744.1140,GB-Months,USD,0.0207000000,77.5031598,0.0230000000,USD,3744.1140,GB-Months,AmazonS3,Storage,Object Storage,SKU-e7cfcc3199bb16b2dd7b1493,Storage,SPRICE-5d75931c911c493aa2aa3d41,"{""StorageClass"":""Standard"",""Redundancy"":""Zonal""}",arn:aws:s3:ap-southeast-1:200000000011:bucket/bucket-12376c450d34,bucket-12376c450d34,S3 Bucket,ap-southeast-1,Asia Pacific (Singapore),,,,,,,,,,,"{""Environment"":""prod"",""CostCenter"":""cc-1042"",""Owner"":""team-platform""}"
AWS,AWS,AWS,INV-2026-05-0002,100000000002,ExampleCorp Secondary Payer,Payer Account,200000000014,sandbox-dev,Linked Account,2026-05-01T00:00:00Z,2026-06-01T00:00:00Z,2026-05-01T00:00:00Z,2026-05-02T00:00:00Z,Usage,,Custom metrics,Usage-Based,28.519452,28.519452,31.68828,28.519452,0.3000000000,0.2700000000,Standard,105.6276,Metrics,USD,0.2700000000,28.519452,0.3000000000,USD,105.6276,Metrics,AmazonCloudWatch,Management and Governance,Observability,SKU-917addcfe26d359456f585f4,Monitoring,SPRICE-bfed9ccd55f51b42ca94dd2b,"{""x_MetricType"":""Custom""}",arn:aws:cloudwatch:eu-west-1:200000000014:metric/metric-64409ccda2f7,metric-64409ccda2f7,Metric,eu-west-1,EU (Ireland),,,,,,,,,,,"{""Environment"":""prod"",""CostCenter"":""cc-1042"",""Owner"":""team-platform""}"
AWS,AWS,AWS,INV-2026-05-0002,100000000002,ExampleCorp Secondary Payer,Payer Account,200000000014,sandbox-dev,Linked Account,2026-05-01T00:00:00Z,2026-06-01T00:00:00Z,2026-05-02T00:00:00Z,2026-05-03T00:00:00Z,Usage,,DynamoDB on-demand write requests,Usage-Based,0.4072265461125,0.4072265461125,0.452473940125,0.4072265461125,0.0000012500,0.0000011250,Standard,361979.1521,Requests,USD,0.0000011250,0.4072265461125,0.0000012500,USD,361979.1521,Requests,AmazonDynamoDB,Databases,NoSQL Databases,SKU-fc4e454b36112dd390bf69e4,Database,SPRICE-6e7ea642b1065af97aedd9bf,"{""x_CapacityMode"":""On-Demand""}",arn:aws:dynamodb:eu-west-1:200000000014:table/table-3ffdb89fa299,table-3ffdb89fa299,DynamoDB Table,eu-west-1,EU (Ireland),,,,,,,,,,,"{""Environment"":""staging"",""CostCenter"":""cc-1042"",""Owner"":""team-payments""}"
AWS,AWS,AWS,INV-2026-05-0001,100000000001,ExampleCorp Master Payer,Payer Account,200000000013,data-analytics,Linked Account,2026-05-01T00:00:00Z,2026-06-01T00:00:00Z,2026-05-03T00:00:00Z,2026-05-04T00:00:00Z,Usage,,NAT gateway data processed,Usage-Based,4.36877955,4.36877955,4.8541995,4.36877955,0.0450000000,0.0405000000,Standard,107.8711,GB,USD,0.0405000000,4.36877955,0.0450000000,USD,107.8711,GB,AmazonVPC,Networking,Network Connectivity,SKU-3d9b08c72ec44814e0bd4e25,Data Transfer,SPRICE-5df2ff31768360bf23008ec4,"{""x_TransferType"":""InterAZ""}",arn:aws:ec2:eu-west-1:200000000013:natgateway/nat-13ce1f052426,nat-13ce1f052426,NAT Gateway,eu-west-1,EU (Ireland),,,,,,,,,,,"{""Environment"":""staging"",""CostCenter"":""cc-3110"",""Owner"":""team-platform""}"
AWS,AWS,AWS,INV-2026-05-0001,100000000001,ExampleCorp Master Payer,Payer Account,200000000012,staging-platform,Linked Account,2026-05-01T00:00:00Z,2026-06-01T00:00:00Z,2026-05-04T00:00:00Z,2026-05-05T00:00:00Z,Usage,,Custom metrics,Usage-Based,5.582871,5.582871,6.20319,5.582871,0.3000000000,0.2700000000,Standard,20.6773,Metrics,USD,0.2700000000,5.582871,0.3000000000,USD,20.6773,Metrics,AmazonCloudWatch,Management and Governance,Observability,SKU-7f3902e3f370805f0a245d7f,Monitoring,SPRICE-dae68554fa459d336630e8d7,"{""x_MetricType"":""Custom""}",arn:aws:cloudwatch:ap-southeast-1:200000000012:metric/metric-e1a0b4b2563b,metric-e1a0b4b2563b,Metric,ap-southeast-1,Asia Pacific (Singapore),,,,,,,,,,,"{""Environment"":""dev"",""CostCenter"":""cc-2087"",""Owner"":""team-platform""}"
AWS,AWS,AWS,INV-2026-05-0002,100000000002,ExampleCorp Secondary Payer,Payer Account,200000000013,data-analytics,Linked Account,2026-05-01T00:00:00Z,2026-06-01T00:00:00Z,2026-05-04T16:00:00Z,2026-05-04T17:00:00Z,Usage,,Lambda function duration,Usage-Based,62.600371611,62.600371611,69.55610756860358,62.600371611,0.0000166667,0.0000150000,Standard,4173358.1074,GB-Seconds,USD,0.0000150000,62.600371611,0.0000166667,USD,4173358.1074,GB-Seconds,AWSLambda,Compute,Serverless Compute,SKU-10b7f1c880ad0bc78efd30e2,Compute,SPRICE-a9f6b13fa92ac1d53f2f387c,"{""x_Runtime"":""python3.12"",""x_Architecture"":""arm64""}",arn:aws:lambda:ap-southeast-1:200000000013:function/fn-ce3d432b53f2,fn-ce3d432b53f2,Lambda Function,ap-southeast-1,Asia Pacific (Singapore),,,,,,,,,,,"{""Environment"":""staging"",""CostCenter"":""cc-2087"",""Owner"":""team-platform""}"
AWS,AWS,AWS,INV-2026-05-0001,100000000001,ExampleCorp Master Payer,Payer Account,200000000012,staging-platform,Linked Account,2026-05-01T00:00:00Z,2026-06-01T00:00:00Z,2026-05-06T00:00:00Z,2026-05-07T00:00:00Z,Usage,,Glue ETL job run,Usage-Based,10.4662404,10.4662404,11.629156,10.4662404,0.4400000000,0.3960000000,Standard,26.4299,DPU-Hours,USD,0.3960000000,10.4662404,0.4400000000,USD,26.4299,DPU-Hours,AWSGlue,Analytics,Data Processing,SKU-edd508eddef1abee51edfd3a,Data Processing,SPRICE-d9fcf83357f0862b561e6bf6,"{""x_WorkerType"":""G.1X""}",arn:aws:glue:us-east-1:200000000012:job/job-9377c4d3261c,job-9377c4d3261c,Glue Job,us-east-1,US East (N. Virginia),,,,,,,,,,,"{""Environment"":""staging"",""CostCenter"":""cc-3110"",""Owner"":""team-platform""}"
AWS,AWS,AWS,INV-2026-05-0001,100000000001,ExampleCorp Master Payer,Payer Account,200000000013,data-analytics,Linked Account,2026-05-01T00:00:00Z,2026-06-01T00:00:00Z,2026-05-04T18:00:00Z,2026-05-04T19:00:00Z,Usage,,Linux on-demand m6i.large,Usage-Based,0.0864,0.0864,0.096,0.0864,0.0960000000,0.0864000000,Standard,1.0000,Hours,USD,0.0864000000,0.0864,0.0960000000,USD,1.0000,Hours,AmazonEC2,Compute,Virtual Machines,SKU-ca9c2ba97f0b30fb137ef130,Compute,SPRICE-d7f4030fc2a8b65799f6b437,"{""InstanceType"":""m6i.large"",""InstanceSeries"":""M6i"",""CoreCount"":2,""MemorySize"":8,""OperatingSystem"":""Linux"",""x_Tenancy"":""Shared""}",arn:aws:ec2:eu-west-1:200000000013:instance/i-db2fafcab1ac,i-db2fafcab1ac,EC2 Instance,eu-west-1,EU (Ireland),eu-west-1b,,,,,,,,,,"{""Environment"":""staging"",""CostCenter"":""cc-3110"",""Owner"":""team-payments""}"
AWS,AWS,AWS,INV-2026-05-0002,100000000002,ExampleCorp Secondary Payer,Payer Account,200000000011,prod-platform,Linked Account,2026-05-01T00:00:00Z,2026-06-01T00:00:00Z,2026-05-08T00:00:00Z,2026-05-09T00:00:00Z,Purchase,,AmazonRDS subscription fee,Recurring,574.66,574.66,574.66,574.66,574.66,574.66,Standard,1,Units,USD,574.6600000000,574.66,574.6600000000,USD,,,AmazonRDS,Databases,Relational Databases,SKU-7c4079934f8ab18bdfc7b383,Subscription,SPRICE-38df3bd9142ad6f96724f046,"{""x_ChargeType"": ""SubscriptionFee""}",arn:aws:rds:us-west-2:200000000011:db/db-1adf2befa5f0,db-1adf2befa5f0,RDS Instance,us-west-2,US West (Oregon),,,,,,,,,,,"{""Environment"":""dev"",""CostCenter"":""cc-1042"",""Owner"":""team-data""}"
AWS,AWS,AWS,INV-2026-05-0002,100000000002,ExampleCorp Secondary Payer,Payer Account,200000000014,sandbox-dev,Linked Account,2026-05-01T00:00:00Z,2026-06-01T00:00:00Z,2026-05-09T00:00:00Z,2026-05-10T00:00:00Z,Usage,,Glue ETL job run,Usage-Based,78.9387984,78.9387984,87.709776,78.9387984,0.4400000000,0.3960000000,Standard,199.3404,DPU-Hours,USD,0.3960000000,78.9387984,0.4400000000,USD,199.3404,DPU-Hours,AWSGlue,Analytics,Data Processing,SKU-d1426392ab27c72810db5ee9,Data Processing,SPRICE-2caf36fd8fbe6a68e682b866,"{""x_WorkerType"":""G.1X""}",arn:aws:glue:ap-southeast-1:200000000014:job/job-aa3c32eb4cf3,job-aa3c32eb4cf3,Glue Job,ap-southeast-1,Asia Pacific (Singapore),,,,,,,,,,,"{""Environment"":""dev"",""CostCenter"":""cc-2087"",""Owner"":""team-data""}"
AWS,AWS,AWS,INV-2026-05-0002,100000000002,ExampleCorp Secondary Payer,Payer Account,200000000014,sandbox-dev,Linked Account,2026-05-01T00:00:00Z,2026-06-01T00:00:00Z,2026-05-10T00:00:00Z,2026-05-11T00:00:00Z,Usage,,DynamoDB on-demand write requests,Usage-Based,3.5760052863,3.5760052863,3.973339207,3.5760052863,0.0000012500,0.0000011250,Standard,3178671.3656,Requests,EUR,0.0000010350,3.289924863396,0.0000011500,USD,3178671.3656,Requests,AmazonDynamoDB,Databases,NoSQL Databases,SKU-b60be50671e3ea779ca4990a,Database,SPRICE-71c2adf4888407850ca06aa7,"{""x_CapacityMode"":""On-Demand""}",arn:aws:dynamodb:us-east-1:200000000014:table/table-8dd8dcbeaa92,table-8dd8dcbeaa92,DynamoDB Table,us-east-1,US East (N. Virginia),,,,,,,,,,,"{""Environment"":""staging"",""CostCenter"":""cc-1042"",""Owner"":""team-data""}"
AWS,AWS,AWS,INV-2026-05-0002,100000000002,ExampleCorp Secondary Payer,Payer Account,200000000012,staging-platform,Linked Account,2026-05-01T00:00:00Z,2026-06-01T00:00:00Z,2026-05-11T00:00:00Z,2026-05-12T00:00:00Z,Usage,,Glue ETL job run,Usage-Based,45.5859756,45.5859756,50.651084,45.5859756,0.4400000000,0.3960000000,Standard,115.1161,DPU-Hours,USD,0.3960000000,45.5859756,0.4400000000,USD,115.1161,DPU-Hours,AWSGlue,Analytics,Data Processing,SKU-8cd75c3064ca6c4c85c43ce6,Data Processing,SPRICE-31964d215aa8bccf440b844b,"{""x_WorkerType"":""G.1X""}",arn:aws:glue:eu-west-1:200000000012:job/job-be226fc1255e,job-be226fc1255e,Glue Job,eu-west-1,EU (Ireland),,,,,,,,,,,"{""Environment"":""prod"",""CostCenter"":""cc-1042"",""Owner"":""team-data""}"
AWS,AWS,AWS,INV-2026-05-0002,100000000002,ExampleCorp Secondary Payer,Payer Account,200000000013,data-analytics,Linked Account,2026-05-01T00:00:00Z,2026-06-01T00:00:00Z,2026-05-12T00:00:00Z,2026-05-13T00:00:00Z,Usage,,Custom metrics,Usage-Based,32.120226,32.120226,35.68914,32.120226,0.3000000000,0.2700000000,Standard,118.9638,Metrics,EUR,0.2484000000,29.55060792,0.2760000000,USD,118.9638,Metrics,AmazonCloudWatch,Management and Governance,Observability,SKU-2491f45dad51aaef563400a5,Monitoring,SPRICE-79598eeff4b7ed7d0c3ec4f6,"{""x_MetricType"":""Custom""}",arn:aws:cloudwatch:us-east-1:200000000013:metric/metric-7f7a67c1caaf,metric-7f7a67c1caaf,Metric,us-east-1,US East (N. Virginia),,,,,,,,,,,"{""Environment"":""staging"",""CostCenter"":""cc-1042"",""Owner"":""team-payments""}"
AWS,AWS,AWS,INV-2026-05-0002,100000000002,ExampleCorp Secondary Payer,Payer Account,200000000012,staging-platform,Linked Account,2026-05-01T00:00:00Z,2026-06-01T00:00:00Z,2026-05-13T00:00:00Z,2026-05-14T00:00:00Z,Usage,,NAT gateway data processed,Usage-Based,7.26672465,7.26672465,8.0741385,7.26672465,0.0450000000,0.0405000000,Standard,179.4253,GB,USD,0.0405000000,7.26672465,0.0450000000,USD,179.4253,GB,AmazonVPC,Networking,Network Connectivity,SKU-38ae1a660e2cadb9d64ca8e5,Data Transfer,SPRICE-974405df44bbf0808ce048b9,"{""x_TransferType"":""InterAZ""}",arn:aws:ec2:us-west-2:200000000012:natgateway/nat-c6d859c5c559,nat-c6d859c5c559,NAT Gateway,us-west-2,US West (Oregon),,,,,,,,,,,"{""Environment"":""dev"",""CostCenter"":""cc-1042"",""Owner"":""team-payments""}"
AWS,AWS,AWS,INV-2026-05-0001,100000000001,ExampleCorp Master Payer,Payer Account,200000000014,sandbox-dev,Linked Account,2026-05-01T00:00:00Z,2026-06-01T00:00:00Z,2026-05-02T12:00:00Z,2026-05-02T13:00:00Z,Tax,,Synthetic tax 10% on usage record 37: AmazonRDS,One-Time,0.0216,0.0216,0.024,0.0216,,,,,,USD,,0.0216,,USD,,,AmazonRDS,Databases,Relational Databases,,,,,,,,,,,,,,,,,,,,"{""Environment"":""staging"",""CostCenter"":""cc-2087"",""Owner"":""team-payments""}"
AWS,AWS,AWS,INV-2026-05-0001,100000000001,ExampleCorp Master Payer,Payer Account,200000000012,staging-platform,Linked Account,2026-05-01T00:00:00Z,2026-06-01T00:00:00Z,2026-05-05T02:00:00Z,2026-05-05T03:00:00Z,Usage,,RDS PostgreSQL db.r6g.large,Usage-Based,0.216,0.216,0.24,0.216,0.2400000000,0.2160000000,Standard,1.0000,Hours,USD,0.2160000000,0.216,0.2400000000,USD,1.0000,Hours,AmazonRDS,Databases,Relational Databases,SKU-7a3ac49181ed25cc4a81dc35,Database,SPRICE-7a34752a4c02e0761e1464be,"{""InstanceType"":""db.r6g.large"",""InstanceSeries"":""R6g"",""CoreCount"":2,""MemorySize"":16,""x_Engine"":""PostgreSQL""}",arn:aws:rds:eu-west-1:200000000012:db/db-54254b1fe6ca,db-54254b1fe6ca,RDS Instance,eu-west-1,EU (Ireland),,,,,,,,,,,"{""Environment"":""prod"",""CostCenter"":""cc-3110"",""Owner"":""team-data""}"
AWS,AWS,AWS,INV-2026-05-0002,100000000002,ExampleCorp Secondary Payer,Payer Account,200000000014,sandbox-dev,Linked Account,2026-05-01T00:00:00Z,2026-06-01T00:00:00Z,2026-05-05T03:00:00Z,2026-05-05T04:00:00Z,Purchase,,"Savings Plan commitment, amortised for the charge period",Recurring,32.016,0,32.016,32.016,1,1,Standard,32.016,USD,USD,1.0000000000,0,1.0000000000,USD,,,AmazonEC2,Compute,Virtual Machines,SKU-4e70290591383090d3fb4e3b,Commitment,SPRICE-3123b98a0bc7ca93ff9d1c56,"{""x_PurchaseTerm"":""1yr"",""x_PaymentOption"":""NoUpfront""}",arn:aws:savingsplans:ap-southeast-1::savingsplan/04cb47876bc7c720,savingsplan-b89a66938a81,Savings Plan,ap-southeast-1,Asia Pacific (Singapore),,arn:aws:savingsplans:ap-southeast-1::savingsplan/04cb47876bc7c720,ComputeSavingsPlan-1yr-NoUpfront,Spend,Savings Plan,,32.016,USD,,,"{""Environment"":""prod"",""CostCenter"":""cc-2087"",""Owner"":""team-payments""}"
AWS,AWS,AWS,INV-2026-05-0002,100000000002,ExampleCorp Secondary Payer,Payer Account,200000000014,sandbox-dev,Linked Account,2026-05-01T00:00:00Z,2026-06-01T00:00:00Z,2026-05-05T03:00:00Z,2026-05-05T04:00:00Z,Usage,,AmazonEC2 committed usage of 500 machine-equivalents,Usage-Based,0,32.016,48,43.2,0.0960000000,0.0864000000,Committed,500,Hours,USD,0.0864000000,32.016,0.0960000000,USD,500,Hours,AmazonEC2,Compute,Virtual Machines,SKU-093c0d7a3a0491f8523e34c8,Compute,SPRICE-bab283475cbbabd222878e74,"{""InstanceType"":""m6i.large"",""InstanceSeries"":""M6i"",""CoreCount"":2,""MemorySize"":8,""OperatingSystem"":""Linux"",""x_Tenancy"":""Shared""}",urn:focus-sample:aws:ap-southeast-1:200000000014:compute-fleet:fleet13a12431ea106d47a87e0e31,fleet13a12431ea106d47a87e0e31,Compute Fleet,ap-southeast-1,Asia Pacific (Singapore),ap-southeast-1a,arn:aws:savingsplans:ap-southeast-1::savingsplan/04cb47876bc7c720,ComputeSavingsPlan-1yr-NoUpfront,Spend,Savings Plan,Used,32.016,USD,,,"{""Environment"":""prod"",""CostCenter"":""cc-1042"",""Owner"":""team-platform"",""SyntheticFleetSize"":""500""}"
AWS,AWS,AWS,INV-2026-05-0002,100000000002,ExampleCorp Secondary Payer,Payer Account,200000000014,sandbox-dev,Linked Account,2026-05-01T00:00:00Z,2026-06-01T00:00:00Z,2026-05-05T04:00:00Z,2026-05-05T05:00:00Z,Purchase,,"Savings Plan commitment, amortised for the charge period",Recurring,32.016,0,32.016,32.016,1,1,Standard,32.016,USD,USD,1.0000000000,0,1.0000000000,USD,,,AmazonEC2,Compute,Virtual Machines,SKU-4e70290591383090d3fb4e3b,Commitment,SPRICE-3123b98a0bc7ca93ff9d1c56,"{""x_PurchaseTerm"":""1yr"",""x_PaymentOption"":""NoUpfront""}",arn:aws:savingsplans:ap-southeast-1::savingsplan/04cb47876bc7c720,savingsplan-b89a66938a81,Savings Plan,ap-southeast-1,Asia Pacific (Singapore),,arn:aws:savingsplans:ap-southeast-1::savingsplan/04cb47876bc7c720,ComputeSavingsPlan-1yr-NoUpfront,Spend,Savings Plan,,32.016,USD,,,"{""Environment"":""prod"",""CostCenter"":""cc-1042"",""Owner"":""team-data""}"
AWS,AWS,AWS,INV-2026-05-0002,100000000002,ExampleCorp Secondary Payer,Payer Account,200000000014,sandbox-dev,Linked Account,2026-05-01T00:00:00Z,2026-06-01T00:00:00Z,2026-05-05T04:00:00Z,2026-05-05T05:00:00Z,Usage,,AmazonEC2 committed usage of 500 machine-equivalents,Usage-Based,0,32.016,48,43.2,0.0960000000,0.0864000000,Committed,500,Hours,USD,0.0864000000,32.016,0.0960000000,USD,500,Hours,AmazonEC2,Compute,Virtual Machines,SKU-093c0d7a3a0491f8523e34c8,Compute,SPRICE-bab283475cbbabd222878e74,"{""InstanceType"":""m6i.large"",""InstanceSeries"":""M6i"",""CoreCount"":2,""MemorySize"":8,""OperatingSystem"":""Linux"",""x_Tenancy"":""Shared""}",urn:focus-sample:aws:ap-southeast-1:200000000014:compute-fleet:fleet13a12431ea106d47a87e0e31,fleet13a12431ea106d47a87e0e31,Compute Fleet,ap-southeast-1,Asia Pacific (Singapore),ap-southeast-1a,arn:aws:savingsplans:ap-southeast-1::savingsplan/04cb47876bc7c720,ComputeSavingsPlan-1yr-NoUpfront,Spend,Savings Plan,Used,32.016,USD,,,"{""Environment"":""prod"",""CostCenter"":""cc-1042"",""Owner"":""team-platform"",""SyntheticFleetSize"":""500""}"
AWS,AWS,AWS,INV-2026-05-0002,100000000002,ExampleCorp Secondary Payer,Payer Account,200000000014,sandbox-dev,Linked Account,2026-05-01T00:00:00Z,2026-06-01T00:00:00Z,2026-05-05T05:00:00Z,2026-05-05T06:00:00Z,Purchase,,"Savings Plan commitment, amortised for the charge period",Recurring,32.016,0,32.016,32.016,1,1,Standard,32.016,USD,USD,1.0000000000,0,1.0000000000,USD,,,AmazonEC2,Compute,Virtual Machines,SKU-4e70290591383090d3fb4e3b,Commitment,SPRICE-3123b98a0bc7ca93ff9d1c56,"{""x_PurchaseTerm"":""1yr"",""x_PaymentOption"":""NoUpfront""}",arn:aws:savingsplans:ap-southeast-1::savingsplan/04cb47876bc7c720,savingsplan-b89a66938a81,Savings Plan,ap-southeast-1,Asia Pacific (Singapore),,arn:aws:savingsplans:ap-southeast-1::savingsplan/04cb47876bc7c720,ComputeSavingsPlan-1yr-NoUpfront,Spend,Savings Plan,,32.016,USD,,,"{""Environment"":""staging"",""CostCenter"":""cc-1042"",""Owner"":""team-data""}"
AWS,AWS,AWS,INV-2026-05-0002,100000000002,ExampleCorp Secondary Payer,Payer Account,200000000014,sandbox-dev,Linked Account,2026-05-01T00:00:00Z,2026-06-01T00:00:00Z,2026-05-05T05:00:00Z,2026-05-05T06:00:00Z,Usage,,AmazonEC2 committed usage of 500 machine-equivalents,Usage-Based,0,32.016,48,43.2,0.0960000000,0.0864000000,Committed,500,Hours,USD,0.0864000000,32.016,0.0960000000,USD,500,Hours,AmazonEC2,Compute,Virtual Machines,SKU-093c0d7a3a0491f8523e34c8,Compute,SPRICE-bab283475cbbabd222878e74,"{""InstanceType"":""m6i.large"",""InstanceSeries"":""M6i"",""CoreCount"":2,""MemorySize"":8,""OperatingSystem"":""Linux"",""x_Tenancy"":""Shared""}",urn:focus-sample:aws:ap-southeast-1:200000000014:compute-fleet:fleet13a12431ea106d47a87e0e31,fleet13a12431ea106d47a87e0e31,Compute Fleet,ap-southeast-1,Asia Pacific (Singapore),ap-southeast-1a,arn:aws:savingsplans:ap-southeast-1::savingsplan/04cb47876bc7c720,ComputeSavingsPlan-1yr-NoUpfront,Spend,Savings Plan,Used,32.016,USD,,,"{""Environment"":""dev"",""CostCenter"":""cc-1042"",""Owner"":""team-payments"",""SyntheticFleetSize"":""500""}"
AWS,AWS,AWS,INV-2026-05-0002,100000000002,ExampleCorp Secondary Payer,Payer Account,200000000014,sandbox-dev,Linked Account,2026-05-01T00:00:00Z,2026-06-01T00:00:00Z,2026-05-05T06:00:00Z,2026-05-05T07:00:00Z,Purchase,,"Savings Plan commitment, amortised for the charge period",Recurring,32.016,0,32.016,32.016,1,1,Standard,32.016,USD,USD,1.0000000000,0,1.0000000000,USD,,,AmazonEC2,Compute,Virtual Machines,SKU-4e70290591383090d3fb4e3b,Commitment,SPRICE-3123b98a0bc7ca93ff9d1c56,"{""x_PurchaseTerm"":""1yr"",""x_PaymentOption"":""NoUpfront""}",arn:aws:savingsplans:ap-southeast-1::savingsplan/04cb47876bc7c720,savingsplan-b89a66938a81,Savings Plan,ap-southeast-1,Asia Pacific (Singapore),,arn:aws:savingsplans:ap-southeast-1::savingsplan/04cb47876bc7c720,ComputeSavingsPlan-1yr-NoUpfront,Spend,Savings Plan,,32.016,USD,,,"{""Environment"":""staging"",""CostCenter"":""cc-3110"",""Owner"":""team-data""}"
AWS,AWS,AWS,INV-2026-05-0002,100000000002,ExampleCorp Secondary Payer,Payer Account,200000000014,sandbox-dev,Linked Account,2026-05-01T00:00:00Z,2026-06-01T00:00:00Z,2026-05-05T06:00:00Z,2026-05-05T07:00:00Z,Usage,,AmazonEC2 committed usage of 500 machine-equivalents,Usage-Based,0,32.016,48,43.2,0.0960000000,0.0864000000,Committed,500,Hours,USD,0.0864000000,32.016,0.0960000000,USD,500,Hours,AmazonEC2,Compute,Virtual Machines,SKU-093c0d7a3a0491f8523e34c8,Compute,SPRICE-bab283475cbbabd222878e74,"{""InstanceType"":""m6i.large"",""InstanceSeries"":""M6i"",""CoreCount"":2,""MemorySize"":8,""OperatingSystem"":""Linux"",""x_Tenancy"":""Shared""}",urn:focus-sample:aws:ap-southeast-1:200000000014:compute-fleet:fleet13a12431ea106d47a87e0e31,fleet13a12431ea106d47a87e0e31,Compute Fleet,ap-southeast-1,Asia Pacific (Singapore),ap-southeast-1a,arn:aws:savingsplans:ap-southeast-1::savingsplan/04cb47876bc7c720,ComputeSavingsPlan-1yr-NoUpfront,Spend,Savings Plan,Used,32.016,USD,,,"{""Environment"":""prod"",""CostCenter"":""cc-3110"",""Owner"":""team-platform"",""SyntheticFleetSize"":""500""}"
AWS,AWS,AWS,INV-2026-05-0002,100000000002,ExampleCorp Secondary Payer,Payer Account,200000000014,sandbox-dev,Linked Account,2026-05-01T00:00:00Z,2026-06-01T00:00:00Z,2026-05-05T07:00:00Z,2026-05-05T08:00:00Z,Purchase,,"Savings Plan commitment, amortised for the charge period",Recurring,32.016,0,32.016,32.016,1,1,Standard,32.016,USD,USD,1.0000000000,0,1.0000000000,USD,,,AmazonEC2,Compute,Virtual Machines,SKU-4e70290591383090d3fb4e3b,Commitment,SPRICE-3123b98a0bc7ca93ff9d1c56,"{""x_PurchaseTerm"":""1yr"",""x_PaymentOption"":""NoUpfront""}",arn:aws:savingsplans:ap-southeast-1::savingsplan/04cb47876bc7c720,savingsplan-b89a66938a81,Savings Plan,ap-southeast-1,Asia Pacific (Singapore),,arn:aws:savingsplans:ap-southeast-1::savingsplan/04cb47876bc7c720,ComputeSavingsPlan-1yr-NoUpfront,Spend,Savings Plan,,32.016,USD,,,"{""Environment"":""staging"",""CostCenter"":""cc-2087"",""Owner"":""team-platform""}"
AWS,AWS,AWS,INV-2026-05-0002,100000000002,ExampleCorp Secondary Payer,Payer Account,200000000014,sandbox-dev,Linked Account,2026-05-01T00:00:00Z,2026-06-01T00:00:00Z,2026-05-05T07:00:00Z,2026-05-05T08:00:00Z,Usage,,AmazonEC2 committed usage of 500 machine-equivalents,Usage-Based,0,32.016,48,43.2,0.0960000000,0.0864000000,Committed,500,Hours,USD,0.0864000000,32.016,0.0960000000,USD,500,Hours,AmazonEC2,Compute,Virtual Machines,SKU-093c0d7a3a0491f8523e34c8,Compute,SPRICE-bab283475cbbabd222878e74,"{""InstanceType"":""m6i.large"",""InstanceSeries"":""M6i"",""CoreCount"":2,""MemorySize"":8,""OperatingSystem"":""Linux"",""x_Tenancy"":""Shared""}",urn:focus-sample:aws:ap-southeast-1:200000000014:compute-fleet:fleet13a12431ea106d47a87e0e31,fleet13a12431ea106d47a87e0e31,Compute Fleet,ap-southeast-1,Asia Pacific (Singapore),ap-southeast-1a,arn:aws:savingsplans:ap-southeast-1::savingsplan/04cb47876bc7c720,ComputeSavingsPlan-1yr-NoUpfront,Spend,Savings Plan,Used,32.016,USD,,,"{""Environment"":""prod"",""CostCenter"":""cc-3110"",""Owner"":""team-payments"",""SyntheticFleetSize"":""500""}"
AWS,AWS,AWS,INV-2026-05-0002,100000000002,ExampleCorp Secondary Payer,Payer Account,200000000014,sandbox-dev,Linked Account,2026-05-01T00:00:00Z,2026-06-01T00:00:00Z,2026-05-05T08:00:00Z,2026-05-05T09:00:00Z,Purchase,,"Savings Plan commitment, amortised for the charge period",Recurring,32.016,0,32.016,32.016,1,1,Standard,32.016,USD,USD,1.0000000000,0,1.0000000000,USD,,,AmazonEC2,Compute,Virtual Machines,SKU-4e70290591383090d3fb4e3b,Commitment,SPRICE-3123b98a0bc7ca93ff9d1c56,"{""x_PurchaseTerm"":""1yr"",""x_PaymentOption"":""NoUpfront""}",arn:aws:savingsplans:ap-southeast-1::savingsplan/04cb47876bc7c720,savingsplan-b89a66938a81,Savings Plan,ap-southeast-1,Asia Pacific (Singapore),,arn:aws:savingsplans:ap-southeast-1::savingsplan/04cb47876bc7c720,ComputeSavingsPlan-1yr-NoUpfront,Spend,Savings Plan,,32.016,USD,,,"{""Environment"":""dev"",""CostCenter"":""cc-2087"",""Owner"":""team-data""}"
AWS,AWS,AWS,INV-2026-05-0002,100000000002,ExampleCorp Secondary Payer,Payer Account,200000000014,sandbox-dev,Linked Account,2026-05-01T00:00:00Z,2026-06-01T00:00:00Z,2026-05-05T08:00:00Z,2026-05-05T09:00:00Z,Usage,,AmazonEC2 committed usage of 500 machine-equivalents,Usage-Based,0,32.016,48,43.2,0.0960000000,0.0864000000,Committed,500,Hours,USD,0.0864000000,32.016,0.0960000000,USD,500,Hours,AmazonEC2,Compute,Virtual Machines,SKU-093c0d7a3a0491f8523e34c8,Compute,SPRICE-bab283475cbbabd222878e74,"{""InstanceType"":""m6i.large"",""InstanceSeries"":""M6i"",""CoreCount"":2,""MemorySize"":8,""OperatingSystem"":""Linux"",""x_Tenancy"":""Shared""}",urn:focus-sample:aws:ap-southeast-1:200000000014:compute-fleet:fleet13a12431ea106d47a87e0e31,fleet13a12431ea106d47a87e0e31,Compute Fleet,ap-southeast-1,Asia Pacific (Singapore),ap-southeast-1a,arn:aws:savingsplans:ap-southeast-1::savingsplan/04cb47876bc7c720,ComputeSavingsPlan-1yr-NoUpfront,Spend,Savings Plan,Used,32.016,USD,,,"{""Environment"":""staging"",""CostCenter"":""cc-3110"",""Owner"":""team-payments"",""SyntheticFleetSize"":""500""}"
AWS,AWS,AWS,INV-2026-05-0002,100000000002,ExampleCorp Secondary Payer,Payer Account,200000000014,sandbox-dev,Linked Account,2026-05-01T00:00:00Z,2026-06-01T00:00:00Z,2026-05-05T09:00:00Z,2026-05-05T10:00:00Z,Purchase,,"Savings Plan commitment, amortised for the charge period",Recurring,32.016,0,32.016,32.016,1,1,Standard,32.016,USD,USD,1.0000000000,0,1.0000000000,USD,,,AmazonEC2,Compute,Virtual Machines,SKU-4e70290591383090d3fb4e3b,Commitment,SPRICE-3123b98a0bc7ca93ff9d1c56,"{""x_PurchaseTerm"":""1yr"",""x_PaymentOption"":""NoUpfront""}",arn:aws:savingsplans:ap-southeast-1::savingsplan/04cb47876bc7c720,savingsplan-b89a66938a81,Savings Plan,ap-southeast-1,Asia Pacific (Singapore),,arn:aws:savingsplans:ap-southeast-1::savingsplan/04cb47876bc7c720,ComputeSavingsPlan-1yr-NoUpfront,Spend,Savings Plan,,32.016,USD,,,"{""Environment"":""dev"",""CostCenter"":""cc-1042"",""Owner"":""team-payments""}"
AWS,AWS,AWS,INV-2026-05-0002,100000000002,ExampleCorp Secondary Payer,Payer Account,200000000014,sandbox-dev,Linked Account,2026-05-01T00:00:00Z,2026-06-01T00:00:00Z,2026-05-05T09:00:00Z,2026-05-05T10:00:00Z,Usage,,AmazonEC2 committed usage of 500 machine-equivalents,Usage-Based,0,32.016,48,43.2,0.0960000000,0.0864000000,Committed,500,Hours,USD,0.0864000000,32.016,0.0960000000,USD,500,Hours,AmazonEC2,Compute,Virtual Machines,SKU-093c0d7a3a0491f8523e34c8,Compute,SPRICE-bab283475cbbabd222878e74,"{""InstanceType"":""m6i.large"",""InstanceSeries"":""M6i"",""CoreCount"":2,""MemorySize"":8,""OperatingSystem"":""Linux"",""x_Tenancy"":""Shared""}",urn:focus-sample:aws:ap-southeast-1:200000000014:compute-fleet:fleet13a12431ea106d47a87e0e31,fleet13a12431ea106d47a87e0e31,Compute Fleet,ap-southeast-1,Asia Pacific (Singapore),ap-southeast-1a,arn:aws:savingsplans:ap-southeast-1::savingsplan/04cb47876bc7c720,ComputeSavingsPlan-1yr-NoUpfront,Spend,Savings Plan,Used,32.016,USD,,,"{""Environment"":""prod"",""CostCenter"":""cc-3110"",""Owner"":""team-data"",""SyntheticFleetSize"":""500""}"
AWS,AWS,AWS,INV-2026-05-0002,100000000002,ExampleCorp Secondary Payer,Payer Account,200000000014,sandbox-dev,Linked Account,2026-05-01T00:00:00Z,2026-06-01T00:00:00Z,2026-05-05T10:00:00Z,2026-05-05T11:00:00Z,Purchase,,"Savings Plan commitment, amortised for the charge period",Recurring,32.016,0,32.016,32.016,1,1,Standard,32.016,USD,USD,1.0000000000,0,1.0000000000,USD,,,AmazonEC2,Compute,Virtual Machines,SKU-4e70290591383090d3fb4e3b,Commitment,SPRICE-3123b98a0bc7ca93ff9d1c56,"{""x_PurchaseTerm"":""1yr"",""x_PaymentOption"":""NoUpfront""}",arn:aws:savingsplans:ap-southeast-1::savingsplan/04cb47876bc7c720,savingsplan-b89a66938a81,Savings Plan,ap-southeast-1,Asia Pacific (Singapore),,arn:aws:savingsplans:ap-southeast-1::savingsplan/04cb47876bc7c720,ComputeSavingsPlan-1yr-NoUpfront,Spend,Savings Plan,,32.016,USD,,,"{""Environment"":""dev"",""CostCenter"":""cc-1042"",""Owner"":""team-data""}"
AWS,AWS,AWS,INV-2026-05-0002,100000000002,ExampleCorp Secondary Payer,Payer Account,200000000014,sandbox-dev,Linked Account,2026-05-01T00:00:00Z,2026-06-01T00:00:00Z,2026-05-05T10:00:00Z,2026-05-05T11:00:00Z,Usage,,AmazonEC2 committed usage of 500 machine-equivalents,Usage-Based,0,32.016,48,43.2,0.0960000000,0.0864000000,Committed,500,Hours,USD,0.0864000000,32.016,0.0960000000,USD,500,Hours,AmazonEC2,Compute,Virtual Machines,SKU-093c0d7a3a0491f8523e34c8,Compute,SPRICE-bab283475cbbabd222878e74,"{""InstanceType"":""m6i.large"",""InstanceSeries"":""M6i"",""CoreCount"":2,""MemorySize"":8,""OperatingSystem"":""Linux"",""x_Tenancy"":""Shared""}",urn:focus-sample:aws:ap-southeast-1:200000000014:compute-fleet:fleet13a12431ea106d47a87e0e31,fleet13a12431ea106d47a87e0e31,Compute Fleet,ap-southeast-1,Asia Pacific (Singapore),ap-southeast-1a,arn:aws:savingsplans:ap-southeast-1::savingsplan/04cb47876bc7c720,ComputeSavingsPlan-1yr-NoUpfront,Spend,Savings Plan,Used,32.016,USD,,,"{""Environment"":""dev"",""CostCenter"":""cc-3110"",""Owner"":""team-payments"",""SyntheticFleetSize"":""500""}"
AWS,AWS,AWS,INV-2026-05-0002,100000000002,ExampleCorp Secondary Payer,Payer Account,200000000014,sandbox-dev,Linked Account,2026-05-01T00:00:00Z,2026-06-01T00:00:00Z,2026-05-05T11:00:00Z,2026-05-05T12:00:00Z,Purchase,,"Savings Plan commitment, amortised for the charge period",Recurring,32.016,0,32.016,32.016,1,1,Standard,32.016,USD,USD,1.0000000000,0,1.0000000000,USD,,,AmazonEC2,Compute,Virtual Machines,SKU-4e70290591383090d3fb4e3b,Commitment,SPRICE-3123b98a0bc7ca93ff9d1c56,"{""x_PurchaseTerm"":""1yr"",""x_PaymentOption"":""NoUpfront""}",arn:aws:savingsplans:ap-southeast-1::savingsplan/04cb47876bc7c720,savingsplan-b89a66938a81,Savings Plan,ap-southeast-1,Asia Pacific (Singapore),,arn:aws:savingsplans:ap-southeast-1::savingsplan/04cb47876bc7c720,ComputeSavingsPlan-1yr-NoUpfront,Spend,Savings Plan,,32.016,USD,,,"{""Environment"":""staging"",""CostCenter"":""cc-1042"",""Owner"":""team-payments""}"
AWS,AWS,AWS,INV-2026-05-0002,100000000002,ExampleCorp Secondary Payer,Payer Account,200000000014,sandbox-dev,Linked Account,2026-05-01T00:00:00Z,2026-06-01T00:00:00Z,2026-05-05T11:00:00Z,2026-05-05T12:00:00Z,Usage,,AmazonEC2 committed usage of 500 machine-equivalents,Usage-Based,0,32.016,48,43.2,0.0960000000,0.0864000000,Committed,500,Hours,USD,0.0864000000,32.016,0.0960000000,USD,500,Hours,AmazonEC2,Compute,Virtual Machines,SKU-093c0d7a3a0491f8523e34c8,Compute,SPRICE-bab283475cbbabd222878e74,"{""InstanceType"":""m6i.large"",""InstanceSeries"":""M6i"",""CoreCount"":2,""MemorySize"":8,""OperatingSystem"":""Linux"",""x_Tenancy"":""Shared""}",urn:focus-sample:aws:ap-southeast-1:200000000014:compute-fleet:fleet13a12431ea106d47a87e0e31,fleet13a12431ea106d47a87e0e31,Compute Fleet,ap-southeast-1,Asia Pacific (Singapore),ap-southeast-1a,arn:aws:savingsplans:ap-southeast-1::savingsplan/04cb47876bc7c720,ComputeSavingsPlan-1yr-NoUpfront,Spend,Savings Plan,Used,32.016,USD,,,"{""Environment"":""staging"",""CostCenter"":""cc-2087"",""Owner"":""team-payments"",""SyntheticFleetSize"":""500""}"
AWS,AWS,AWS,INV-2026-05-0002,100000000002,ExampleCorp Secondary Payer,Payer Account,200000000014,sandbox-dev,Linked Account,2026-05-01T00:00:00Z,2026-06-01T00:00:00Z,2026-05-05T12:00:00Z,2026-05-05T13:00:00Z,Purchase,,"Savings Plan commitment, amortised for the charge period",Recurring,32.016,0,32.016,32.016,1,1,Standard,32.016,USD,USD,1.0000000000,0,1.0000000000,USD,,,AmazonEC2,Compute,Virtual Machines,SKU-4e70290591383090d3fb4e3b,Commitment,SPRICE-3123b98a0bc7ca93ff9d1c56,"{""x_PurchaseTerm"":""1yr"",""x_PaymentOption"":""NoUpfront""}",arn:aws:savingsplans:ap-southeast-1::savingsplan/04cb47876bc7c720,savingsplan-b89a66938a81,Savings Plan,ap-southeast-1,Asia Pacific (Singapore),,arn:aws:savingsplans:ap-southeast-1::savingsplan/04cb47876bc7c720,ComputeSavingsPlan-1yr-NoUpfront,Spend,Savings Plan,,32.016,USD,,,"{""Environment"":""prod"",""CostCenter"":""cc-3110"",""Owner"":""team-data""}"
AWS,AWS,AWS,INV-2026-05-0002,100000000002,ExampleCorp Secondary Payer,Payer Account,200000000014,sandbox-dev,Linked Account,2026-05-01T00:00:00Z,2026-06-01T00:00:00Z,2026-05-05T12:00:00Z,2026-05-05T13:00:00Z,Usage,,Savings Plan unused commitment,Usage-Based,0,32.016,32.016,32.016,1,1,Committed,32.016,USD,USD,1.0000000000,32.016,1.0000000000,USD,,,AmazonEC2,Compute,Virtual Machines,SKU-4e70290591383090d3fb4e3b,Commitment,SPRICE-3123b98a0bc7ca93ff9d1c56,"{""x_PurchaseTerm"":""1yr"",""x_PaymentOption"":""NoUpfront""}",arn:aws:savingsplans:ap-southeast-1::savingsplan/04cb47876bc7c720,savingsplan-b89a66938a81,Savings Plan,ap-southeast-1,Asia Pacific (Singapore),,arn:aws:savingsplans:ap-southeast-1::savingsplan/04cb47876bc7c720,ComputeSavingsPlan-1yr-NoUpfront,Spend,Savings Plan,Unused,32.016,USD,,,"{""Environment"":""prod"",""CostCenter"":""cc-1042"",""Owner"":""team-platform""}"
AWS,AWS,AWS,INV-2026-05-0002,100000000002,ExampleCorp Secondary Payer,Payer Account,200000000014,sandbox-dev,Linked Account,2026-05-01T00:00:00Z,2026-06-01T00:00:00Z,2026-05-05T13:00:00Z,2026-05-05T14:00:00Z,Purchase,,"Savings Plan commitment, amortised for the charge period",Recurring,32.016,0,32.016,32.016,1,1,Standard,32.016,USD,USD,1.0000000000,0,1.0000000000,USD,,,AmazonEC2,Compute,Virtual Machines,SKU-4e70290591383090d3fb4e3b,Commitment,SPRICE-3123b98a0bc7ca93ff9d1c56,"{""x_PurchaseTerm"":""1yr"",""x_PaymentOption"":""NoUpfront""}",arn:aws:savingsplans:ap-southeast-1::savingsplan/04cb47876bc7c720,savingsplan-b89a66938a81,Savings Plan,ap-southeast-1,Asia Pacific (Singapore),,arn:aws:savingsplans:ap-southeast-1::savingsplan/04cb47876bc7c720,ComputeSavingsPlan-1yr-NoUpfront,Spend,Savings Plan,,32.016,USD,,,"{""Environment"":""dev"",""CostCenter"":""cc-1042"",""Owner"":""team-payments""}"
AWS,AWS,AWS,INV-2026-05-0002,100000000002,ExampleCorp Secondary Payer,Payer Account,200000000014,sandbox-dev,Linked Account,2026-05-01T00:00:00Z,2026-06-01T00:00:00Z,2026-05-05T13:00:00Z,2026-05-05T14:00:00Z,Usage,,Savings Plan unused commitment,Usage-Based,0,32.016,32.016,32.016,1,1,Committed,32.016,USD,USD,1.0000000000,32.016,1.0000000000,USD,,,AmazonEC2,Compute,Virtual Machines,SKU-4e70290591383090d3fb4e3b,Commitment,SPRICE-3123b98a0bc7ca93ff9d1c56,"{""x_PurchaseTerm"":""1yr"",""x_PaymentOption"":""NoUpfront""}",arn:aws:savingsplans:ap-southeast-1::savingsplan/04cb47876bc7c720,savingsplan-b89a66938a81,Savings Plan,ap-southeast-1,Asia Pacific (Singapore),,arn:aws:savingsplans:ap-southeast-1::savingsplan/04cb47876bc7c720,ComputeSavingsPlan-1yr-NoUpfront,Spend,Savings Plan,Unused,32.016,USD,,,"{""Environment"":""prod"",""CostCenter"":""cc-3110"",""Owner"":""team-data""}"
AWS,AWS,AWS,INV-2026-05-0002,100000000002,ExampleCorp Secondary Payer,Payer Account,200000000014,sandbox-dev,Linked Account,2026-05-01T00:00:00Z,2026-06-01T00:00:00Z,2026-05-02T00:00:00Z,2026-05-03T00:00:00Z,Tax,,Synthetic tax 10% on usage record 86: AmazonDynamoDB,One-Time,0.04072265461125,0.04072265461125,0.0452473940125,0.04072265461125,,,,,,USD,,0.04072265461125,,USD,,,AmazonDynamoDB,Databases,NoSQL Databases,,,,,,,,,,,,,,,,,,,,"{""Environment"":""staging"",""CostCenter"":""cc-1042"",""Owner"":""team-payments""}"
AWS,AWS,AWS,INV-2026-05-0001,100000000001,ExampleCorp Master Payer,Payer Account,200000000014,sandbox-dev,Linked Account,2026-05-01T00:00:00Z,2026-06-01T00:00:00Z,2026-05-10T00:00:00Z,2026-05-11T00:00:00Z,Tax,,Synthetic tax 10% on usage record 10: AWSGlue,One-Time,4.42543464,4.42543464,4.9171496,4.42543464,,,,,,USD,,4.42543464,,USD,,,AWSGlue,Analytics,Data Processing,,,,,,,,,,,,,,,,,,,,"{""Environment"":""staging"",""CostCenter"":""cc-2087"",""Owner"":""team-platform""}"
AWS,AWS,AWS,INV-2026-05-0002,100000000002,ExampleCorp Secondary Payer,Payer Account,200000000011,prod-platform,Linked Account,2026-05-01T00:00:00Z,2026-06-01T00:00:00Z,2026-05-06T03:00:00Z,2026-05-06T04:00:00Z,Usage,,Lambda function duration,Usage-Based,54.7427465625,54.7427465625,60.82539560888125,54.7427465625,0.0000166667,0.0000150000,Standard,3649516.4375,GB-Seconds,USD,0.0000150000,54.7427465625,0.0000166667,USD,3649516.4375,GB-Seconds,AWSLambda,Compute,Serverless Compute,SKU-67dc4ce0843e58b6125cbdce,Compute,SPRICE-227d5491bbfb36c4f69bea63,"{""x_Runtime"":""python3.12"",""x_Architecture"":""arm64""}",arn:aws:lambda:us-east-1:200000000011:function/fn-1b4b17b0a3c7,fn-1b4b17b0a3c7,Lambda Function,us-east-1,US East (N. Virginia),,,,,,,,,,,"{""Environment"":""dev"",""CostCenter"":""cc-3110"",""Owner"":""team-payments""}"
AWS,AWS,AWS,INV-2026-05-0001,100000000001,ExampleCorp Master Payer,Payer Account,200000000012,staging-platform,Linked Account,2026-05-01T00:00:00Z,2026-06-01T00:00:00Z,2026-05-06T04:00:00Z,2026-05-06T05:00:00Z,Usage,,Lambda function duration,Usage-Based,54.960562626,54.960562626,61.06741394125028,54.960562626,0.0000166667,0.0000150000,Standard,3664037.5084,GB-Seconds,USD,0.0000150000,54.960562626,0.0000166667,USD,3664037.5084,GB-Seconds,AWSLambda,Compute,Serverless Compute,SKU-10b7f1c880ad0bc78efd30e2,Compute,SPRICE-a9f6b13fa92ac1d53f2f387c,"{""x_Runtime"":""python3.12"",""x_Architecture"":""arm64""}",arn:aws:lambda:ap-southeast-1:200000000012:function/fn-7275d2a8437e,fn-7275d2a8437e,Lambda Function,ap-southeast-1,Asia Pacific (Singapore),,,,,,,,,,,"{""Environment"":""prod"",""CostCenter"":""cc-2087"",""Owner"":""team-platform""}"
AWS,AWS,AWS,INV-2026-05-0001,100000000001,ExampleCorp Master Payer,Payer Account,200000000011,prod-platform,Linked Account,2026-05-01T00:00:00Z,2026-06-01T00:00:00Z,2026-05-06T00:00:00Z,2026-05-07T00:00:00Z,Tax,,Synthetic tax 10% on usage record 6: AmazonCloudWatch,One-Time,0.8906949,0.8906949,0.989661,0.8906949,,,,,,USD,,0.8906949,,USD,,,AmazonCloudWatch,Management and Governance,Observability,,,,,,,,,,,,,,,,,,,,"{""Environment"":""prod"",""CostCenter"":""cc-2087"",""Owner"":""team-data""}"
AWS,AWS,AWS,INV-2026-05-0001,100000000001,ExampleCorp Master Payer,Payer Account,200000000012,staging-platform,Linked Account,2026-05-01T00:00:00Z,2026-06-01T00:00:00Z,2026-05-15T00:00:00Z,2026-05-16T00:00:00Z,Usage,,Custom metrics,Usage-Based,52.242948,52.242948,58.04772,52.242948,0.3000000000,0.2700000000,Standard,193.4924,Metrics,USD,0.2700000000,52.242948,0.3000000000,USD,193.4924,Metrics,AmazonCloudWatch,Management and Governance,Observability,SKU-917addcfe26d359456f585f4,Monitoring,SPRICE-bfed9ccd55f51b42ca94dd2b,"{""x_MetricType"":""Custom""}",arn:aws:cloudwatch:eu-west-1:200000000012:metric/metric-b663ac9be561,metric-b663ac9be561,Metric,eu-west-1,EU (Ireland),,,,,,,,,,,"{""Environment"":""prod"",""CostCenter"":""cc-2087"",""Owner"":""team-payments""}"
AWS,AWS,AWS,INV-2026-05-0002,100000000002,ExampleCorp Secondary Payer,Payer Account,200000000011,prod-platform,Linked Account,2026-05-01T00:00:00Z,2026-06-01T00:00:00Z,2026-05-16T00:00:00Z,2026-05-17T00:00:00Z,Usage,,Custom metrics,Usage-Based,41.939964,41.939964,46.59996,41.939964,0.3000000000,0.2700000000,Standard,155.3332,Metrics,USD,0.2700000000,41.939964,0.3000000000,USD,155.3332,Metrics,AmazonCloudWatch,Management and Governance,Observability,SKU-7f3902e3f370805f0a245d7f,Monitoring,SPRICE-dae68554fa459d336630e8d7,"{""x_MetricType"":""Custom""}",arn:aws:cloudwatch:ap-southeast-1:200000000011:metric/metric-046f4fe44ea6,metric-046f4fe44ea6,Metric,ap-southeast-1,Asia Pacific (Singapore),,,,,,,,,,,"{""Environment"":""prod"",""CostCenter"":""cc-3110"",""Owner"":""team-payments""}"
AWS,AWS,AWS,INV-2026-05-0002,100000000002,ExampleCorp Secondary Payer,Payer Account,200000000013,data-analytics,Linked Account,2026-05-01T00:00:00Z,2026-06-01T00:00:00Z,2026-05-17T00:00:00Z,2026-05-18T00:00:00Z,Usage,,Custom metrics,Usage-Based,4.421385,4.421385,4.91265,4.421385,0.3000000000,0.2700000000,Standard,16.3755,Metrics,USD,0.2700000000,4.421385,0.3000000000,USD,16.3755,Metrics,AmazonCloudWatch,Management and Governance,Observability,SKU-917addcfe26d359456f585f4,Monitoring,SPRICE-bfed9ccd55f51b42ca94dd2b,"{""x_MetricType"":""Custom""}",arn:aws:cloudwatch:eu-west-1:200000000013:metric/metric-23e725a41b4e,metric-23e725a41b4e,Metric,eu-west-1,EU (Ireland),,,,,,,,,,,"{""Environment"":""staging"",""CostCenter"":""cc-2087"",""Owner"":""team-platform""}"
AWS,AWS,AWS,INV-2026-05-0002,100000000002,ExampleCorp Secondary Payer,Payer Account,200000000012,staging-platform,Linked Account,2026-05-01T00:00:00Z,2026-06-01T00:00:00Z,2026-05-18T00:00:00Z,2026-05-19T00:00:00Z,Usage,,NAT gateway data processed,Usage-Based,1.67910165,1.67910165,1.8656685,1.67910165,0.0450000000,0.0405000000,Standard,41.4593,GB,USD,0.0405000000,1.67910165,0.0450000000,USD,41.4593,GB,AmazonVPC,Networking,Network Connectivity,SKU-0a48b40b1fa86593309c0c4c,Data Transfer,SPRICE-b948c57b4c22bb2955afff1a,"{""x_TransferType"":""InterAZ""}",arn:aws:ec2:ap-southeast-1:200000000012:natgateway/nat-6b963f70deeb,nat-6b963f70deeb,NAT Gateway,ap-southeast-1,Asia Pacific (Singapore),,,,,,,,,,,"{""Environment"":""staging"",""CostCenter"":""cc-1042"",""Owner"":""team-payments""}"
AWS,AWS,AWS,INV-2026-05-0002,100000000002,ExampleCorp Secondary Payer,Payer Account,200000000013,data-analytics,Linked Account,2026-05-01T00:00:00Z,2026-06-01T00:00:00Z,2026-05-19T00:00:00Z,2026-05-20T00:00:00Z,Usage,,NAT gateway data processed,Usage-Based,4.26689775,4.26689775,4.7409975,4.26689775,0.0450000000,0.0405000000,Standard,105.3555,GB,USD,0.0405000000,4.26689775,0.0450000000,USD,105.3555,GB,AmazonVPC,Networking,Network Connectivity,SKU-38ae1a660e2cadb9d64ca8e5,Data Transfer,SPRICE-974405df44bbf0808ce048b9,"{""x_TransferType"":""InterAZ""}",arn:aws:ec2:us-west-2:200000000013:natgateway/nat-6c86ede23f10,nat-6c86ede23f10,NAT Gateway,us-west-2,US West (Oregon),,,,,,,,,,,"{""Environment"":""dev"",""CostCenter"":""cc-1042"",""Owner"":""team-platform""}"
AWS,AWS,AWS,INV-2026-05-0001,100000000001,ExampleCorp Master Payer,Payer Account,200000000012,staging-platform,Linked Account,2026-05-01T00:00:00Z,2026-06-01T00:00:00Z,2026-05-20T00:00:00Z,2026-05-21T00:00:00Z,Usage,,Glue ETL job run,Usage-Based,74.6315856,74.6315856,82.923984,74.6315856,0.4400000000,0.3960000000,Standard,188.4636,DPU-Hours,USD,0.3960000000,74.6315856,0.4400000000,USD,188.4636,DPU-Hours,AWSGlue,Analytics,Data Processing,SKU-8cd75c3064ca6c4c85c43ce6,Data Processing,SPRICE-31964d215aa8bccf440b844b,"{""x_WorkerType"":""G.1X""}",arn:aws:glue:eu-west-1:200000000012:job/job-65230759900b,job-65230759900b,Glue Job,eu-west-1,EU (Ireland),,,,,,,,,,,"{""Environment"":""prod"",""CostCenter"":""cc-1042"",""Owner"":""team-platform""}"
AWS,AWS,AWS,INV-2026-05-0001,100000000001,ExampleCorp Master Payer,Payer Account,200000000014,sandbox-dev,Linked Account,2026-05-01T00:00:00Z,2026-06-01T00:00:00Z,2026-05-21T00:00:00Z,2026-05-22T00:00:00Z,Usage,,Glue ETL job run,Usage-Based,3.8769192,3.8769192,4.307688,3.8769192,0.4400000000,0.3960000000,Standard,9.7902,DPU-Hours,USD,0.3960000000,3.8769192,0.4400000000,USD,9.7902,DPU-Hours,AWSGlue,Analytics,Data Processing,SKU-118148093a04e718819dbb3f,Data Processing,SPRICE-f140a6944df35cbb51f25679,"{""x_WorkerType"":""G.1X""}",arn:aws:glue:us-west-2:200000000014:job/job-ab25191c3dd6,job-ab25191c3dd6,Glue Job,us-west-2,US West (Oregon),,,,,,,,,,,"{""Environment"":""staging"",""CostCenter"":""cc-2087"",""Owner"":""team-payments""}"
AWS,AWS,AWS,INV-2026-05-0001,100000000001,ExampleCorp Master Payer,Payer Account,200000000011,prod-platform,Linked Account,2026-05-01T00:00:00Z,2026-06-01T00:00:00Z,2026-05-06T13:00:00Z,2026-05-06T14:00:00Z,Usage,,Lambda function duration,Usage-Based,56.9135791095,56.9135791095,63.23743659628691,56.9135791095,0.0000166667,0.0000150000,Standard,3794238.6073,GB-Seconds,USD,0.0000150000,56.9135791095,0.0000166667,USD,3794238.6073,GB-Seconds,AWSLambda,Compute,Serverless Compute,SKU-790dfdd7277c16aec9cf7656,Compute,SPRICE-55fe45e894424abc4a1bb3fe,"{""x_Runtime"":""python3.12"",""x_Architecture"":""arm64""}",arn:aws:lambda:us-west-2:200000000011:function/fn-c4140039b803,fn-c4140039b803,Lambda Function,us-west-2,US West (Oregon),,,,,,,,,,,"{""Environment"":""staging"",""CostCenter"":""cc-2087"",""Owner"":""team-platform""}"
AWS,AWS,AWS,INV-2026-05-0002,100000000002,ExampleCorp Secondary Payer,Payer Account,200000000013,data-analytics,Linked Account,2026-05-01T00:00:00Z,2026-06-01T00:00:00Z,2026-05-06T14:00:00Z,2026-05-06T15:00:00Z,Usage,,Linux on-demand m6i.large,Usage-Based,0.0864,0.0864,0.096,0.0864,0.0960000000,0.0864000000,Standard,1.0000,Hours,USD,0.0864000000,0.0864,0.0960000000,USD,1.0000,Hours,AmazonEC2,Compute,Virtual Machines,SKU-ca9c2ba97f0b30fb137ef130,Compute,SPRICE-d7f4030fc2a8b65799f6b437,"{""InstanceType"":""m6i.large"",""InstanceSeries"":""M6i"",""CoreCount"":2,""MemorySize"":8,""OperatingSystem"":""Linux"",""x_Tenancy"":""Shared""}",arn:aws:ec2:eu-west-1:200000000013:instance/i-907f48066b04,i-907f48066b04,EC2 Instance,eu-west-1,EU (Ireland),eu-west-1b,,,,,,,,,,"{""Environment"":""staging"",""CostCenter"":""cc-2087"",""Owner"":""team-data""}"
AWS,AWS,AWS,INV-2026-05-0002,100000000002,ExampleCorp Secondary Payer,Payer Account,200000000013,data-analytics,Linked Account,2026-05-01T00:00:00Z,2026-06-01T00:00:00Z,2026-05-24T00:00:00Z,2026-05-25T00:00:00Z,Usage,,Custom metrics,Usage-Based,38.205729,38.205729,42.45081,38.205729,0.3000000000,0.2700000000,Standard,141.5027,Metrics,USD,0.2700000000,38.205729,0.3000000000,USD,141.5027,Metrics,AmazonCloudWatch,Management and Governance,Observability,SKU-2491f45dad51aaef563400a5,Monitoring,SPRICE-5131bac450b55b26fd0cdc7e,"{""x_MetricType"":""Custom""}",arn:aws:cloudwatch:us-east-1:200000000013:metric/metric-9b84122f3830,metric-9b84122f3830,Metric,us-east-1,US East (N. Virginia),,,,,,,,,,,"{""Environment"":""staging"",""CostCenter"":""cc-1042"",""Owner"":""team-payments""}"
AWS,AWS,AWS,INV-2026-05-0002,100000000002,ExampleCorp Secondary Payer,Payer Account,200000000011,prod-platform,Linked Account,2026-05-01T00:00:00Z,2026-06-01T00:00:00Z,2026-05-06T16:00:00Z,2026-05-06T17:00:00Z,Usage,,Linux on-demand m6i.large,Usage-Based,0.0864,0.0864,0.096,0.0864,0.0960000000,0.0864000000,Standard,1.0000,Hours,USD,0.0864000000,0.0864,0.0960000000,USD,1.0000,Hours,AmazonEC2,Compute,Virtual Machines,SKU-e0e295f006e6a0732dd5f77b,Compute,SPRICE-98f5ebeb1125d6e984c27bb1,"{""InstanceType"":""m6i.large"",""InstanceSeries"":""M6i"",""CoreCount"":2,""MemorySize"":8,""OperatingSystem"":""Linux"",""x_Tenancy"":""Shared""}",arn:aws:ec2:us-west-2:200000000011:instance/i-ca15d53ef070,i-ca15d53ef070,EC2 Instance,us-west-2,US West (Oregon),us-west-2b,,,,,,,,,,"{""Environment"":""staging"",""CostCenter"":""cc-3110"",""Owner"":""team-payments""}"
AWS,AWS,AWS,INV-2026-05-0002,100000000002,ExampleCorp Secondary Payer,Payer Account,200000000013,data-analytics,Linked Account,2026-05-01T00:00:00Z,2026-06-01T00:00:00Z,2026-05-26T00:00:00Z,2026-05-27T00:00:00Z,Purchase,,AmazonVPC subscription fee,Recurring,686.42,686.42,686.42,686.42,686.42,686.42,Standard,1,Units,USD,686.4200000000,686.42,686.4200000000,USD,,,AmazonVPC,Networking,Network Connectivity,SKU-91b1cc0b2d7e6657aadccf17,Subscription,SPRICE-dfe7823ef7158876fc246e67,"{""x_ChargeType"": ""SubscriptionFee""}",arn:aws:ec2:eu-west-1:200000000013:natgateway/nat-ae6287585905,nat-ae6287585905,NAT Gateway,eu-west-1,EU (Ireland),,,,,,,,,,,"{""Environment"":""dev"",""CostCenter"":""cc-1042"",""Owner"":""team-platform""}"
AWS,AWS,AWS,INV-2026-05-0001,100000000001,ExampleCorp Master Payer,Payer Account,200000000013,data-analytics,Linked Account,2026-05-01T00:00:00Z,2026-06-01T00:00:00Z,2026-05-27T00:00:00Z,2026-05-28T00:00:00Z,Usage,,Custom metrics,Usage-Based,39.256758,39.256758,43.61862,39.256758,0.3000000000,0.2700000000,Standard,145.3954,Metrics,USD,0.2700000000,39.256758,0.3000000000,USD,145.3954,Metrics,AmazonCloudWatch,Management and Governance,Observability,SKU-7f3902e3f370805f0a245d7f,Monitoring,SPRICE-dae68554fa459d336630e8d7,"{""x_MetricType"":""Custom""}",arn:aws:cloudwatch:ap-southeast-1:200000000013:metric/metric-64a8978e4478,metric-64a8978e4478,Metric,ap-southeast-1,Asia Pacific (Singapore),,,,,,,,,,,"{""Environment"":""staging"",""CostCenter"":""cc-2087"",""Owner"":""team-platform""}"
AWS,AWS,AWS,INV-2026-05-0001,100000000001,ExampleCorp Master Payer,Payer Account,200000000012,staging-platform,Linked Account,2026-05-01T00:00:00Z,2026-06-01T00:00:00Z,2026-05-02T09:00:00Z,2026-05-02T10:00:00Z,Tax,,Synthetic tax 10% on usage record 34: AmazonEC2,One-Time,0.00864,0.00864,0.0096,0.00864,,,,,,USD,,0.00864,,USD,,,AmazonEC2,Compute,Virtual Machines,,,,,,,,,,,,,,,,,,,,"{""Environment"":""dev"",""CostCenter"":""cc-1042"",""Owner"":""team-data""}"
AWS,AWS,AWS,INV-2026-05-0001,100000000001,ExampleCorp Master Payer,Payer Account,200000000014,sandbox-dev,Linked Account,2026-05-01T00:00:00Z,2026-06-01T00:00:00Z,2026-05-01T00:00:00Z,2026-05-02T00:00:00Z,Usage,,Glue ETL job run,Usage-Based,38.2606488,38.2606488,42.511832,38.2606488,0.4400000000,0.3960000000,Standard,96.6178,DPU-Hours,USD,0.3960000000,38.2606488,0.4400000000,USD,96.6178,DPU-Hours,AWSGlue,Analytics,Data Processing,SKU-d1426392ab27c72810db5ee9,Data Processing,SPRICE-2caf36fd8fbe6a68e682b866,"{""x_WorkerType"":""G.1X""}",arn:aws:glue:ap-southeast-1:200000000014:job/job-4cfdcb99d564,job-4cfdcb99d564,Glue Job,ap-southeast-1,Asia Pacific (Singapore),,,,,,,,,,,"{""Environment"":""prod"",""CostCenter"":""cc-3110"",""Owner"":""team-data""}"
AWS,AWS,AWS,INV-2026-05-0002,100000000002,ExampleCorp Secondary Payer,Payer Account,200000000011,prod-platform,Linked Account,2026-05-01T00:00:00Z,2026-06-01T00:00:00Z,2026-05-11T00:00:00Z,2026-05-12T00:00:00Z,Tax,,Synthetic tax 10% on usage record 39: AmazonVPC,One-Time,0.12142386,0.12142386,0.1349154,0.12142386,,,,,,USD,,0.12142386,,USD,,,AmazonVPC,Networking,Network Connectivity,,,,,,,,,,,,,,,,,,,,"{""Environment"":""prod"",""CostCenter"":""cc-3110"",""Owner"":""team-platform""}"
AWS,AWS,AWS,INV-2026-05-0002,100000000002,ExampleCorp Secondary Payer,Payer Account,200000000012,staging-platform,Linked Account,2026-05-01T00:00:00Z,2026-06-01T00:00:00Z,2026-05-06T22:00:00Z,2026-05-06T23:00:00Z,Usage,,RDS PostgreSQL db.r6g.large,Usage-Based,0.216,0.216,0.24,0.216,0.2400000000,0.2160000000,Standard,1.0000,Hours,USD,0.2160000000,0.216,0.2400000000,USD,1.0000,Hours,AmazonRDS,Databases,Relational Databases,SKU-d70ac0acbdfcb8de90bd881a,Database,SPRICE-526e7acd56433e6d3c551cac,"{""InstanceType"":""db.r6g.large"",""InstanceSeries"":""R6g"",""CoreCount"":2,""MemorySize"":16,""x_Engine"":""PostgreSQL""}",arn:aws:rds:us-west-2:200000000012:db/db-2e0fa521b22c,db-2e0fa521b22c,RDS Instance,us-west-2,US West (Oregon),,,,,,,,,,,"{""Environment"":""dev"",""CostCenter"":""cc-2087"",""Owner"":""team-data""}"
AWS,AWS,AWS,INV-2026-05-0002,100000000002,ExampleCorp Secondary Payer,Payer Account,200000000011,prod-platform,Linked Account,2026-05-01T00:00:00Z,2026-06-01T00:00:00Z,2026-05-01T00:00:00Z,2026-06-01T00:00:00Z,Usage,,S3 Standard storage,Usage-Based,35.00985825,35.00985825,38.8998425,35.00985825,0.0230000000,0.0207000000,Standard,1691.2975,GB-Months,EUR,0.0190440000,32.20906959,0.0211600000,USD,1691.2975,GB-Months,AmazonS3,Storage,Object Storage,SKU-ca447aa86bf44972e43c1f69,Storage,SPRICE-33a1dd994537f0c0569993ec,"{""StorageClass"":""Standard"",""Redundancy"":""Zonal""}",arn:aws:s3:us-east-1:200000000011:bucket/bucket-3c2c318f39af,bucket-3c2c318f39af,S3 Bucket,us-east-1,US East (N. Virginia),,,,,,,,,,,"{""Environment"":""dev"",""CostCenter"":""cc-3110"",""Owner"":""team-platform""}"
AWS,AWS,AWS,INV-2026-05-0001,100000000001,ExampleCorp Master Payer,Payer Account,200000000012,staging-platform,Linked Account,2026-05-01T00:00:00Z,2026-06-01T00:00:00Z,2026-05-05T00:00:00Z,2026-05-06T00:00:00Z,Usage,,Glue ETL job run,Usage-Based,10.8328572,10.8328572,12.036508,10.8328572,0.4400000000,0.3960000000,Standard,27.3557,DPU-Hours,USD,0.3960000000,10.8328572,0.4400000000,USD,27.3557,DPU-Hours,AWSGlue,Analytics,Data Processing,SKU-d1426392ab27c72810db5ee9,Data Processing,SPRICE-2caf36fd8fbe6a68e682b866,"{""x_WorkerType"":""G.1X""}",arn:aws:glue:ap-southeast-1:200000000012:job/job-5802bc2ef7d3,job-5802bc2ef7d3,Glue Job,ap-southeast-1,Asia Pacific (Singapore),,,,,,,,,,,"{""Environment"":""staging"",""CostCenter"":""cc-2087"",""Owner"":""team-platform""}"
AWS,AWS,AWS,INV-2026-05-0001,100000000001,ExampleCorp Master Payer,Payer Account,200000000013,data-analytics,Linked Account,2026-05-01T00:00:00Z,2026-06-01T00:00:00Z,2026-05-01T00:00:00Z,2026-06-01T00:00:00Z,Usage,,S3 Standard storage,Usage-Based,82.49194467,82.49194467,91.6577163,82.49194467,0.0230000000,0.0207000000,Standard,3985.1181,GB-Months,USD,0.0207000000,82.49194467,0.0230000000,USD,3985.1181,GB-Months,AmazonS3,Storage,Object Storage,SKU-36fb3a972f2cdabe2e87e8f5,Storage,SPRICE-2e0d1e6fc7695c1a2fe50a1a,"{""StorageClass"":""Standard"",""Redundancy"":""Zonal""}",arn:aws:s3:us-west-2:200000000013:bucket/bucket-1ec2dc531995,bucket-1ec2dc531995,S3 Bucket,us-west-2,US West (Oregon),,,,,,,,,,,"{""Environment"":""prod"",""CostCenter"":""cc-3110"",""Owner"":""team-payments""}"
AWS,AWS,AWS,INV-2026-05-0001,100000000001,ExampleCorp Master Payer,Payer Account,200000000011,prod-platform,Linked Account,2026-05-01T00:00:00Z,2026-06-01T00:00:00Z,2026-05-07T00:00:00Z,2026-05-08T00:00:00Z,Usage,,NAT gateway data processed,Usage-Based,2.5909956,2.5909956,2.878884,2.5909956,0.0450000000,0.0405000000,Standard,63.9752,GB,USD,0.0405000000,2.5909956,0.0450000000,USD,63.9752,GB,AmazonVPC,Networking,Network Connectivity,SKU-935abd9125f7268b4f0eb1ad,Data Transfer,SPRICE-130c94d71c797814c8e72b46,"{""x_TransferType"":""InterAZ""}",arn:aws:ec2:us-east-1:200000000011:natgateway/nat-e6a8ef284b9c,nat-e6a8ef284b9c,NAT Gateway,us-east-1,US East (N. Virginia),,,,,,,,,,,"{""Environment"":""prod"",""CostCenter"":""cc-3110"",""Owner"":""team-platform""}"
AWS,AWS,AWS,INV-2026-05-0002,100000000002,ExampleCorp Secondary Payer,Payer Account,200000000014,sandbox-dev,Linked Account,2026-05-01T00:00:00Z,2026-06-01T00:00:00Z,2026-05-02T17:00:00Z,2026-05-02T18:00:00Z,Tax,,Synthetic tax 10% on usage record 42: AWSLambda,One-Time,4.3956334149,4.3956334149,4.884046895740922,4.3956334149,,,,,,USD,,4.3956334149,,USD,,,AWSLambda,Compute,Serverless Compute,,,,,,,,,,,,,,,,,,,,"{""Environment"":""dev"",""CostCenter"":""cc-2087"",""Owner"":""team-data""}"
AWS,AWS,AWS,INV-2026-05-0002,100000000002,ExampleCorp Secondary Payer,Payer Account,200000000014,sandbox-dev,Linked Account,2026-05-01T00:00:00Z,2026-06-01T00:00:00Z,2026-05-09T00:00:00Z,2026-05-10T00:00:00Z,Usage,,NAT gateway data processed,Usage-Based,9.0369027,9.0369027,10.041003,9.0369027,0.0450000000,0.0405000000,Standard,223.1334,GB,USD,0.0405000000,9.0369027,0.0450000000,USD,223.1334,GB,AmazonVPC,Networking,Network Connectivity,SKU-0a48b40b1fa86593309c0c4c,Data Transfer,SPRICE-b948c57b4c22bb2955afff1a,"{""x_TransferType"":""InterAZ""}",arn:aws:ec2:ap-southeast-1:200000000014:natgateway/nat-7932d1381815,nat-7932d1381815,NAT Gateway,ap-southeast-1,Asia Pacific (Singapore),,,,,,,,,,,"{""Environment"":""staging"",""CostCenter"":""cc-1042"",""Owner"":""team-payments""}"
AWS,AWS,AWS,INV-2026-05-0002,100000000002,ExampleCorp Secondary Payer,Payer Account,200000000012,staging-platform,Linked Account,2026-05-01T00:00:00Z,2026-06-01T00:00:00Z,2026-05-07T05:00:00Z,2026-05-07T06:00:00Z,Usage,,Linux on-demand m6i.large,Usage-Based,0.0864,0.0864,0.096,0.0864,0.0960000000,0.0864000000,Standard,1.0000,Hours,USD,0.0864000000,0.0864,0.0960000000,USD,1.0000,Hours,AmazonEC2,Compute,Virtual Machines,SKU-ca9c2ba97f0b30fb137ef130,Compute,SPRICE-d7f4030fc2a8b65799f6b437,"{""InstanceType"":""m6i.large"",""InstanceSeries"":""M6i"",""CoreCount"":2,""MemorySize"":8,""OperatingSystem"":""Linux"",""x_Tenancy"":""Shared""}",arn:aws:ec2:eu-west-1:200000000012:instance/i-2029fb6f912d,i-2029fb6f912d,EC2 Instance,eu-west-1,EU (Ireland),eu-west-1b,,,,,,,,,,"{""Environment"":""dev"",""CostCenter"":""cc-2087"",""Owner"":""team-platform""}"
AWS,AWS,AWS,INV-2026-05-0001,100000000001,ExampleCorp Master Payer,Payer Account,200000000013,data-analytics,Linked Account,2026-05-01T00:00:00Z,2026-06-01T00:00:00Z,2026-05-01T00:00:00Z,2026-06-01T00:00:00Z,Usage,,S3 Standard storage,Usage-Based,23.31918135,23.31918135,25.9102015,23.31918135,0.0230000000,0.0207000000,Standard,1126.5305,GB-Months,USD,0.0207000000,23.31918135,0.0230000000,USD,1126.5305,GB-Months,AmazonS3,Storage,Object Storage,SKU-6042c508b21761919a0ed516,Storage,SPRICE-d35afe08308f10d3695aa71d,"{""StorageClass"":""Standard"",""Redundancy"":""Zonal""}",arn:aws:s3:eu-west-1:200000000013:bucket/bucket-bb28fa18fcdc,bucket-bb28fa18fcdc,S3 Bucket,eu-west-1,EU (Ireland),,,,,,,,,,,"{""Environment"":""prod"",""CostCenter"":""cc-2087"",""Owner"":""team-data""}"
AWS,AWS,AWS,INV-2026-05-0002,100000000002,ExampleCorp Secondary Payer,Payer Account,200000000014,sandbox-dev,Linked Account,2026-05-01T00:00:00Z,2026-06-01T00:00:00Z,2026-05-12T00:00:00Z,2026-05-13T00:00:00Z,Purchase,,AmazonCloudWatch subscription fee,Recurring,774.14,774.14,774.14,774.14,774.14,774.14,Standard,1,Units,USD,774.1400000000,774.14,774.1400000000,USD,,,AmazonCloudWatch,Management and Governance,Observability,SKU-d3a03fc094c02e1638375535,Subscription,SPRICE-8e50bea3338e03c01c3b32c9,"{""x_ChargeType"": ""SubscriptionFee""}",arn:aws:cloudwatch:ap-southeast-1:200000000014:metric/metric-1d8c8eacd4e3,metric-1d8c8eacd4e3,Metric,ap-southeast-1,Asia Pacific (Singapore),,,,,,,,,,,"{""Environment"":""staging"",""CostCenter"":""cc-1042"",""Owner"":""team-data""}"
AWS,AWS,AWS,INV-2026-05-0001,100000000001,ExampleCorp Master Payer,Payer Account,200000000012,staging-platform,Linked Account,2026-05-01T00:00:00Z,2026-06-01T00:00:00Z,2026-05-01T00:00:00Z,2026-06-01T00:00:00Z,Usage,,S3 Standard storage,Usage-Based,123.05353257,123.05353257,136.7261473,123.05353257,0.0230000000,0.0207000000,Standard,5944.6151,GB-Months,USD,0.0207000000,123.05353257,0.0230000000,USD,5944.6151,GB-Months,AmazonS3,Storage,Object Storage,SKU-6042c508b21761919a0ed516,Storage,SPRICE-d35afe08308f10d3695aa71d,"{""StorageClass"":""Standard"",""Redundancy"":""Zonal""}",arn:aws:s3:eu-west-1:200000000012:bucket/bucket-2e386052ca44,bucket-2e386052ca44,S3 Bucket,eu-west-1,EU (Ireland),,,,,,,,,,,"{""Environment"":""prod"",""CostCenter"":""cc-1042"",""Owner"":""team-platform""}"
AWS,AWS,AWS,INV-2026-05-0002,100000000002,ExampleCorp Secondary Payer,Payer Account,200000000014,sandbox-dev,Linked Account,2026-05-01T00:00:00Z,2026-06-01T00:00:00Z,2026-05-02T18:00:00Z,2026-05-02T19:00:00Z,Tax,,Synthetic tax 10% on usage record 43: AmazonRDS,One-Time,0.0216,0.0216,0.024,0.0216,,,,,,USD,,0.0216,,USD,,,AmazonRDS,Databases,Relational Databases,,,,,,,,,,,,,,,,,,,,"{""Environment"":""prod"",""CostCenter"":""cc-3110"",""Owner"":""team-platform""}"
AWS,AWS,AWS,INV-2026-05-0002,100000000002,ExampleCorp Secondary Payer,Payer Account,200000000014,sandbox-dev,Linked Account,2026-05-01T00:00:00Z,2026-06-01T00:00:00Z,2026-05-15T00:00:00Z,2026-05-16T00:00:00Z,Usage,,DynamoDB on-demand write requests,Usage-Based,1.718030484225,1.718030484225,1.90892276025,1.718030484225,0.0000012500,0.0000011250,Standard,1527138.2082,Requests,USD,0.0000011250,1.718030484225,0.0000012500,USD,1527138.2082,Requests,AmazonDynamoDB,Databases,NoSQL Databases,SKU-ed668466fc7fc7bc80c6b1e8,Database,SPRICE-c01526413ebdb215913eebd3,"{""x_CapacityMode"":""On-Demand""}",arn:aws:dynamodb:ap-southeast-1:200000000014:table/table-4cc873a04642,table-4cc873a04642,DynamoDB Table,ap-southeast-1,Asia Pacific (Singapore),,,,,,,,,,,"{""Environment"":""prod"",""CostCenter"":""cc-2087"",""Owner"":""team-data""}"
AWS,AWS,AWS,INV-2026-05-0001,100000000001,ExampleCorp Master Payer,Payer Account,200000000011,prod-platform,Linked Account,2026-05-01T00:00:00Z,2026-06-01T00:00:00Z,2026-05-16T00:00:00Z,2026-05-17T00:00:00Z,Usage,,Custom metrics,Usage-Based,22.475259,22.475259,24.97251,22.475259,0.3000000000,0.2700000000,Standard,83.2417,Metrics,USD,0.2700000000,22.475259,0.3000000000,USD,83.2417,Metrics,AmazonCloudWatch,Management and Governance,Observability,SKU-2491f45dad51aaef563400a5,Monitoring,SPRICE-5131bac450b55b26fd0cdc7e,"{""x_MetricType"":""Custom""}",arn:aws:cloudwatch:us-east-1:200000000011:metric/metric-dcd41eff2b0e,metric-dcd41eff2b0e,Metric,us-east-1,US East (N. Virginia),,,,,,,,,,,"{""Environment"":""dev"",""CostCenter"":""cc-2087"",""Owner"":""team-payments""}"
AWS,AWS,AWS,INV-2026-05-0001,100000000001,ExampleCorp Master Payer,Payer Account,200000000014,sandbox-dev,Linked Account,2026-05-01T00:00:00Z,2026-06-01T00:00:00Z,2026-05-07T12:00:00Z,2026-05-07T13:00:00Z,Usage,,Linux on-demand m6i.large,Usage-Based,0.0864,0.0864,0.096,0.0864,0.0960000000,0.0864000000,Standard,1.0000,Hours,USD,0.0864000000,0.0864,0.0960000000,USD,1.0000,Hours,AmazonEC2,Compute,Virtual Machines,SKU-ca9c2ba97f0b30fb137ef130,Compute,SPRICE-d7f4030fc2a8b65799f6b437,"{""InstanceType"":""m6i.large"",""InstanceSeries"":""M6i"",""CoreCount"":2,""MemorySize"":8,""OperatingSystem"":""Linux"",""x_Tenancy"":""Shared""}",arn:aws:ec2:eu-west-1:200000000014:instance/i-dc60aafef5f7,i-dc60aafef5f7,EC2 Instance,eu-west-1,EU (Ireland),eu-west-1b,,,,,,,,,,"{""Environment"":""prod"",""CostCenter"":""cc-3110"",""Owner"":""team-payments""}"
AWS,AWS,AWS,INV-2026-05-0002,100000000002,ExampleCorp Secondary Payer,Payer Account,200000000011,prod-platform,Linked Account,2026-05-01T00:00:00Z,2026-06-01T00:00:00Z,2026-05-18T00:00:00Z,2026-05-19T00:00:00Z,Usage,,DynamoDB on-demand write requests,Usage-Based,4.6920991422375,4.6920991422375,5.213443491375,4.6920991422375,0.0000012500,0.0000011250,Standard,4170754.7931,Requests,USD,0.0000011250,4.6920991422375,0.0000012500,USD,4170754.7931,Requests,AmazonDynamoDB,Databases,NoSQL Databases,SKU-fc4e454b36112dd390bf69e4,Database,SPRICE-6e7ea642b1065af97aedd9bf,"{""x_CapacityMode"":""On-Demand""}",arn:aws:dynamodb:eu-west-1:200000000011:table/table-2dc10117604a,table-2dc10117604a,DynamoDB Table,eu-west-1,EU (Ireland),,,,,,,,,,,"{""Environment"":""prod"",""CostCenter"":""cc-2087"",""Owner"":""team-data""}"
AWS,AWS,AWS,INV-2026-05-0001,100000000001,ExampleCorp Master Payer,Payer Account,200000000012,staging-platform,Linked Account,2026-05-01T00:00:00Z,2026-06-01T00:00:00Z,2026-05-19T00:00:00Z,2026-05-20T00:00:00Z,Usage,,Custom metrics,Usage-Based,14.051529,14.051529,15.61281,14.051529,0.3000000000,0.2700000000,Standard,52.0427,Metrics,EUR,0.2484000000,12.92740668,0.2760000000,USD,52.0427,Metrics,AmazonCloudWatch,Management and Governance,Observability,SKU-34e5538fb30cbad0ab6e9eda,Monitoring,SPRICE-8d5446a3bf1657f41b79b0c7,"{""x_MetricType"":""Custom""}",arn:aws:cloudwatch:us-west-2:200000000012:metric/metric-0c3b736771a6,metric-0c3b736771a6,Metric,us-west-2,US West (Oregon),,,,,,,,,,,"{""Environment"":""prod"",""CostCenter"":""cc-1042"",""Owner"":""team-payments""}"
AWS,AWS,AWS,INV-2026-05-0001,100000000001,ExampleCorp Master Payer,Payer Account,200000000013,data-analytics,Linked Account,2026-05-01T00:00:00Z,2026-06-01T00:00:00Z,2026-05-07T15:00:00Z,2026-05-07T16:00:00Z,Usage,,Lambda function duration,Usage-Based,58.5189654315,58.5189654315,65.02120274381207,58.5189654315,0.0000166667,0.0000150000,Standard,3901264.3621,GB-Seconds,USD,0.0000150000,58.5189654315,0.0000166667,USD,3901264.3621,GB-Seconds,AWSLambda,Compute,Serverless Compute,SKU-10b7f1c880ad0bc78efd30e2,Compute,SPRICE-a9f6b13fa92ac1d53f2f387c,"{""x_Runtime"":""python3.12"",""x_Architecture"":""arm64""}",arn:aws:lambda:ap-southeast-1:200000000013:function/fn-5e2a95b40622,fn-5e2a95b40622,Lambda Function,ap-southeast-1,Asia Pacific (Singapore),,,,,,,,,,,"{""Environment"":""prod"",""CostCenter"":""cc-2087"",""Owner"":""team-payments""}"
AWS,AWS,AWS,INV-2026-05-0001,100000000001,ExampleCorp Master Payer,Payer Account,200000000012,staging-platform,Linked Account,2026-05-01T00:00:00Z,2026-06-01T00:00:00Z,2026-05-07T16:00:00Z,2026-05-07T17:00:00Z,Usage,,Lambda function duration,Usage-Based,19.1113842555,19.1113842555,21.23491386474279,19.1113842555,0.0000166667,0.0000150000,Standard,1274092.2837,GB-Seconds,USD,0.0000150000,19.1113842555,0.0000166667,USD,1274092.2837,GB-Seconds,AWSLambda,Compute,Serverless Compute,SKU-7828f3c3be040bf04a99c13a,Compute,SPRICE-f43f05862dbfbeb78999da05,"{""x_Runtime"":""python3.12"",""x_Architecture"":""arm64""}",arn:aws:lambda:eu-west-1:200000000012:function/fn-00c0bfa46bad,fn-00c0bfa46bad,Lambda Function,eu-west-1,EU (Ireland),,,,,,,,,,,"{""Environment"":""staging"",""CostCenter"":""cc-1042"",""Owner"":""team-platform""}"
AWS,AWS,AWS,INV-2026-05-0001,100000000001,ExampleCorp Master Payer,Payer Account,200000000014,sandbox-dev,Linked Account,2026-05-01T00:00:00Z,2026-06-01T00:00:00Z,2026-05-01T00:00:00Z,2026-06-01T00:00:00Z,Usage,,S3 Standard storage,Usage-Based,22.00608513,22.00608513,24.4512057,22.00608513,0.0230000000,0.0207000000,Standard,1063.0959,GB-Months,USD,0.0207000000,22.00608513,0.0230000000,USD,1063.0959,GB-Months,AmazonS3,Storage,Object Storage,SKU-36fb3a972f2cdabe2e87e8f5,Storage,SPRICE-2e0d1e6fc7695c1a2fe50a1a,"{""StorageClass"":""Standard"",""Redundancy"":""Zonal""}",arn:aws:s3:us-west-2:200000000014:bucket/bucket-88b699d659da,bucket-88b699d659da,S3 Bucket,us-west-2,US West (Oregon),,,,,,,,,,,"{""Environment"":""dev"",""CostCenter"":""cc-1042"",""Owner"":""team-data""}"
AWS,AWS,AWS,INV-2026-05-0001,100000000001,ExampleCorp Master Payer,Payer Account,200000000011,prod-platform,Linked Account,2026-05-01T00:00:00Z,2026-06-01T00:00:00Z,2026-05-07T18:00:00Z,2026-05-07T19:00:00Z,Usage,,RDS PostgreSQL db.r6g.large,Usage-Based,0.216,0.216,0.24,0.216,0.2400000000,0.2160000000,Standard,1.0000,Hours,USD,0.2160000000,0.216,0.2400000000,USD,1.0000,Hours,AmazonRDS,Databases,Relational Databases,SKU-59cf7266a13e6ea4d00d0143,Database,SPRICE-bde64d57365802abbf64195d,"{""InstanceType"":""db.r6g.large"",""InstanceSeries"":""R6g"",""CoreCount"":2,""MemorySize"":16,""x_Engine"":""PostgreSQL""}",arn:aws:rds:ap-southeast-1:200000000011:db/db-a54c746e72ea,db-a54c746e72ea,RDS Instance,ap-southeast-1,Asia Pacific (Singapore),,,,,,,,,,,"{""Environment"":""dev"",""CostCenter"":""cc-1042"",""Owner"":""team-payments""}"
AWS,AWS,AWS,INV-2026-05-0002,100000000002,ExampleCorp Secondary Payer,Payer Account,200000000013,data-analytics,Linked Account,2026-05-01T00:00:00Z,2026-06-01T00:00:00Z,2026-05-07T19:00:00Z,2026-05-07T20:00:00Z,Usage,,Lambda function duration,Usage-Based,46.7165376,46.7165376,51.907367814528,46.7165376,0.0000166667,0.0000150000,Standard,3114435.8400,GB-Seconds,USD,0.0000150000,46.7165376,0.0000166667,USD,3114435.8400,GB-Seconds,AWSLambda,Compute,Serverless Compute,SKU-10b7f1c880ad0bc78efd30e2,Compute,SPRICE-a9f6b13fa92ac1d53f2f387c,"{""x_Runtime"":""python3.12"",""x_Architecture"":""arm64""}",arn:aws:lambda:ap-southeast-1:200000000013:function/fn-629ba1adb926,fn-629ba1adb926,Lambda Function,ap-southeast-1,Asia Pacific (Singapore),,,,,,,,,,,"{""Environment"":""staging"",""CostCenter"":""cc-1042"",""Owner"":""team-data""}"
AWS,AWS,AWS,INV-2026-05-0002,100000000002,ExampleCorp Secondary Payer,Payer Account,200000000013,data-analytics,Linked Account,2026-05-01T00:00:00Z,2026-06-01T00:00:00Z,2026-05-25T00:00:00Z,2026-05-26T00:00:00Z,Usage,,Custom metrics,Usage-Based,15.036192,15.036192,16.70688,15.036192,0.3000000000,0.2700000000,Standard,55.6896,Metrics,USD,0.2700000000,15.036192,0.3000000000,USD,55.6896,Metrics,AmazonCloudWatch,Management and Governance,Observability,SKU-34e5538fb30cbad0ab6e9eda,Monitoring,SPRICE-7775836205fc8d4f07876728,"{""x_MetricType"":""Custom""}",arn:aws:cloudwatch:us-west-2:200000000013:metric/metric-5707b0831fc7,metric-5707b0831fc7,Metric,us-west-2,US West (Oregon),,,,,,,,,,,"{""Environment"":""staging"",""CostCenter"":""cc-2087"",""Owner"":""team-payments""}"
AWS,AWS,AWS,INV-2026-05-0001,100000000001,ExampleCorp Master Payer,Payer Account,200000000014,sandbox-dev,Linked Account,2026-05-01T00:00:00Z,2026-06-01T00:00:00Z,2026-05-07T21:00:00Z,2026-05-07T22:00:00Z,Usage,,RDS PostgreSQL db.r6g.large,Usage-Based,0.216,0.216,0.24,0.216,0.2400000000,0.2160000000,Standard,1.0000,Hours,USD,0.2160000000,0.216,0.2400000000,USD,1.0000,Hours,AmazonRDS,Databases,Relational Databases,SKU-d70ac0acbdfcb8de90bd881a,Database,SPRICE-526e7acd56433e6d3c551cac,"{""InstanceType"":""db.r6g.large"",""InstanceSeries"":""R6g"",""CoreCount"":2,""MemorySize"":16,""x_Engine"":""PostgreSQL""}",arn:aws:rds:us-west-2:200000000014:db/db-8cc4bf05e448,db-8cc4bf05e448,RDS Instance,us-west-2,US West (Oregon),,,,,,,,,,,"{""Environment"":""dev"",""CostCenter"":""cc-3110"",""Owner"":""team-platform""}"
AWS,AWS,AWS,INV-2026-05-0001,100000000001,ExampleCorp Master Payer,Payer Account,200000000013,data-analytics,Linked Account,2026-05-01T00:00:00Z,2026-06-01T00:00:00Z,2026-05-27T00:00:00Z,2026-05-28T00:00:00Z,Purchase,,AWSGlue subscription fee,Recurring,504.15,504.15,504.15,504.15,504.15,504.15,Standard,1,Units,USD,504.1500000000,504.15,504.1500000000,USD,,,AWSGlue,Analytics,Data Processing,SKU-acf41c124220d60c75fb3ecc,Subscription,SPRICE-739151144a5e3dc2ff847882,"{""x_ChargeType"": ""SubscriptionFee""}",arn:aws:glue:ap-southeast-1:200000000013:job/job-86ee47b0847c,job-86ee47b0847c,Glue Job,ap-southeast-1,Asia Pacific (Singapore),,,,,,,,,,,"{""Environment"":""staging"",""CostCenter"":""cc-2087"",""Owner"":""team-data""}"
AWS,AWS,AWS,INV-2026-05-0002,100000000002,ExampleCorp Secondary Payer,Payer Account,200000000013,data-analytics,Linked Account,2026-05-01T00:00:00Z,2026-06-01T00:00:00Z,2026-05-12T00:00:00Z,2026-05-13T00:00:00Z,Tax,,Synthetic tax 10% on usage record 96: AmazonCloudWatch,One-Time,3.2120226,3.2120226,3.568914,3.2120226,,,,,,EUR,,2.955060792,,USD,,,AmazonCloudWatch,Management and Governance,Observability,,,,,,,,,,,,,,,,,,,,"{""Environment"":""staging"",""CostCenter"":""cc-1042"",""Owner"":""team-payments""}"
AWS,AWS,AWS,INV-2026-05-0001,100000000001,ExampleCorp Master Payer,Payer Account,200000000012,staging-platform,Linked Account,2026-05-01T00:00:00Z,2026-06-01T00:00:00Z,2026-05-08T00:00:00Z,2026-05-08T01:00:00Z,Usage,,RDS PostgreSQL db.r6g.large,Usage-Based,0.216,0.216,0.24,0.216,0.2400000000,0.2160000000,Standard,1.0000,Hours,USD,0.2160000000,0.216,0.2400000000,USD,1.0000,Hours,AmazonRDS,Databases,Relational Databases,SKU-d70ac0acbdfcb8de90bd881a,Database,SPRICE-526e7acd56433e6d3c551cac,"{""InstanceType"":""db.r6g.large"",""InstanceSeries"":""R6g"",""CoreCount"":2,""MemorySize"":16,""x_Engine"":""PostgreSQL""}",arn:aws:rds:us-west-2:200000000012:db/db-a2dd069d1711,db-a2dd069d1711,RDS Instance,us-west-2,US West (Oregon),,,,,,,,,,,"{""Environment"":""staging"",""CostCenter"":""cc-2087"",""Owner"":""team-payments""}"
AWS,AWS,AWS,INV-2026-05-0001,100000000001,ExampleCorp Master Payer,Payer Account,200000000012,staging-platform,Linked Account,2026-05-01T00:00:00Z,2026-06-01T00:00:00Z,2026-05-08T01:00:00Z,2026-05-08T02:00:00Z,Usage,,Linux on-demand m6i.large,Usage-Based,0.0864,0.0864,0.096,0.0864,0.0960000000,0.0864000000,Standard,1.0000,Hours,USD,0.0864000000,0.0864,0.0960000000,USD,1.0000,Hours,AmazonEC2,Compute,Virtual Machines,SKU-ca9c2ba97f0b30fb137ef130,Compute,SPRICE-d7f4030fc2a8b65799f6b437,"{""InstanceType"":""m6i.large"",""InstanceSeries"":""M6i"",""CoreCount"":2,""MemorySize"":8,""OperatingSystem"":""Linux"",""x_Tenancy"":""Shared""}",arn:aws:ec2:eu-west-1:200000000012:instance/i-7d682ccf9772,i-7d682ccf9772,EC2 Instance,eu-west-1,EU (Ireland),eu-west-1b,,,,,,,,,,"{""Environment"":""dev"",""CostCenter"":""cc-2087"",""Owner"":""team-data""}"
AWS,AWS,AWS,INV-2026-05-0001,100000000001,ExampleCorp Master Payer,Payer Account,200000000014,sandbox-dev,Linked Account,2026-05-01T00:00:00Z,2026-06-01T00:00:00Z,2026-05-12T00:00:00Z,2026-05-13T00:00:00Z,Tax,,Synthetic tax 10% on usage record 40: AmazonCloudWatch,One-Time,3.5710065,3.5710065,3.967785,3.5710065,,,,,,USD,,3.5710065,,USD,,,AmazonCloudWatch,Management and Governance,Observability,,,,,,,,,,,,,,,,,,,,"{""Environment"":""dev"",""CostCenter"":""cc-2087"",""Owner"":""team-platform""}"
AWS,AWS,AWS,INV-2026-05-0002,100000000002,ExampleCorp Secondary Payer,Payer Account,200000000011,prod-platform,Linked Account,2026-05-01T00:00:00Z,2026-06-01T00:00:00Z,2026-05-04T00:00:00Z,2026-05-05T00:00:00Z,Usage,,Glue ETL job run,Usage-Based,65.8554336,65.8554336,73.172704,65.8554336,0.4400000000,0.3960000000,Standard,166.3016,DPU-Hours,USD,0.3960000000,65.8554336,0.4400000000,USD,166.3016,DPU-Hours,AWSGlue,Analytics,Data Processing,SKU-118148093a04e718819dbb3f,Data Processing,SPRICE-f140a6944df35cbb51f25679,"{""x_WorkerType"":""G.1X""}",arn:aws:glue:us-west-2:200000000011:job/job-c094781291e1,job-c094781291e1,Glue Job,us-west-2,US West (Oregon),,,,,,,,,,,"{""Environment"":""dev"",""CostCenter"":""cc-2087"",""Owner"":""team-platform""}"
AWS,AWS,AWS,INV-2026-05-0001,100000000001,ExampleCorp Master Payer,Payer Account,200000000014,sandbox-dev,Linked Account,2026-05-01T00:00:00Z,2026-06-01T00:00:00Z,2026-05-07T12:00:00Z,2026-05-07T13:00:00Z,Tax,,Synthetic tax 10% on usage record 157: AmazonEC2,One-Time,0.00864,0.00864,0.0096,0.00864,,,,,,USD,,0.00864,,USD,,,AmazonEC2,Compute,Virtual Machines,,,,,,,,,,,,,,,,,,,,"{""Environment"":""prod"",""CostCenter"":""cc-3110"",""Owner"":""team-payments""}"
AWS,AWS,AWS,INV-2026-05-0002,100000000002,ExampleCorp Secondary Payer,Payer Account,200000000012,staging-platform,Linked Account,2026-05-01T00:00:00Z,2026-06-01T00:00:00Z,2026-05-06T00:00:00Z,2026-05-07T00:00:00Z,Usage,,Custom metrics,Usage-Based,38.438685,38.438685,42.70965,38.438685,0.3000000000,0.2700000000,Standard,142.3655,Metrics,EUR,0.2484000000,35.3635902,0.2760000000,USD,142.3655,Metrics,AmazonCloudWatch,Management and Governance,Observability,SKU-917addcfe26d359456f585f4,Monitoring,SPRICE-e4d59a58535f0c50af9af126,"{""x_MetricType"":""Custom""}",arn:aws:cloudwatch:eu-west-1:200000000012:metric/metric-9f2e424f1e7c,metric-9f2e424f1e7c,Metric,eu-west-1,EU (Ireland),,,,,,,,,,,"{""Environment"":""staging"",""CostCenter"":""cc-1042"",""Owner"":""team-payments""}"
AWS,AWS,AWS,INV-2026-05-0001,100000000001,ExampleCorp Master Payer,Payer Account,200000000012,staging-platform,Linked Account,2026-05-01T00:00:00Z,2026-06-01T00:00:00Z,2026-05-08T06:00:00Z,2026-05-08T07:00:00Z,Usage,,Lambda function duration,Usage-Based,25.1948837205,25.1948837205,27.99437123363049,25.1948837205,0.0000166667,0.0000150000,Standard,1679658.9147,GB-Seconds,USD,0.0000150000,25.1948837205,0.0000166667,USD,1679658.9147,GB-Seconds,AWSLambda,Compute,Serverless Compute,SKU-790dfdd7277c16aec9cf7656,Compute,SPRICE-55fe45e894424abc4a1bb3fe,"{""x_Runtime"":""python3.12"",""x_Architecture"":""arm64""}",arn:aws:lambda:us-west-2:200000000012:function/fn-d15dd5d985c5,fn-d15dd5d985c5,Lambda Function,us-west-2,US West (Oregon),,,,,,,,,,,"{""Environment"":""staging"",""CostCenter"":""cc-1042"",""Owner"":""team-data""}"
AWS,AWS,AWS,INV-2026-05-0002,100000000002,ExampleCorp Secondary Payer,Payer Account,200000000013,data-analytics,Linked Account,2026-05-01T00:00:00Z,2026-06-01T00:00:00Z,2026-05-01T02:00:00Z,2026-05-01T03:00:00Z,Tax,,Synthetic tax 10% on usage record 3: AmazonRDS,One-Time,0.0216,0.0216,0.024,0.0216,,,,,,USD,,0.0216,,USD,,,AmazonRDS,Databases,Relational Databases,,,,,,,,,,,,,,,,,,,,"{""Environment"":""dev"",""CostCenter"":""cc-1042"",""Owner"":""team-platform""}"
AWS,AWS,AWS,INV-2026-05-0002,100000000002,ExampleCorp Secondary Payer,Payer Account,200000000013,data-analytics,Linked Account,2026-05-01T00:00:00Z,2026-06-01T00:00:00Z,2026-05-09T00:00:00Z,2026-05-10T00:00:00Z,Usage,,NAT gateway data processed,Usage-Based,15.76512315,15.76512315,17.5168035,15.76512315,0.0450000000,0.0405000000,Standard,389.2623,GB,USD,0.0405000000,15.76512315,0.0450000000,USD,389.2623,GB,AmazonVPC,Networking,Network Connectivity,SKU-38ae1a660e2cadb9d64ca8e5,Data Transfer,SPRICE-974405df44bbf0808ce048b9,"{""x_TransferType"":""InterAZ""}",arn:aws:ec2:us-west-2:200000000013:natgateway/nat-7896370c078d,nat-7896370c078d,NAT Gateway,us-west-2,US West (Oregon),,,,,,,,,,,"{""Environment"":""staging"",""CostCenter"":""cc-1042"",""Owner"":""team-payments""}"
AWS,AWS,AWS,INV-2026-05-0001,100000000001,ExampleCorp Master Payer,Payer Account,200000000012,staging-platform,Linked Account,2026-05-01T00:00:00Z,2026-06-01T00:00:00Z,2026-05-10T00:00:00Z,2026-05-11T00:00:00Z,Usage,,DynamoDB on-demand write requests,Usage-Based,2.2669601520375,2.2669601520375,2.518844613375,2.2669601520375,0.0000012500,0.0000011250,Standard,2015075.6907,Requests,USD,0.0000011250,2.2669601520375,0.0000012500,USD,2015075.6907,Requests,AmazonDynamoDB,Databases,NoSQL Databases,SKU-fc4e454b36112dd390bf69e4,Database,SPRICE-6e7ea642b1065af97aedd9bf,"{""x_CapacityMode"":""On-Demand""}",arn:aws:dynamodb:eu-west-1:200000000012:table/table-c0563529ba7e,table-c0563529ba7e,DynamoDB Table,eu-west-1,EU (Ireland),,,,,,,,,,,"{""Environment"":""prod"",""CostCenter"":""cc-2087"",""Owner"":""team-data""}"
AWS,AWS,AWS,INV-2026-05-0002,100000000002,ExampleCorp Secondary Payer,Payer Account,200000000014,sandbox-dev,Linked Account,2026-05-01T00:00:00Z,2026-06-01T00:00:00Z,2026-05-11T00:00:00Z,2026-05-12T00:00:00Z,Usage,,Custom metrics,Usage-Based,11.558943,11.558943,12.84327,11.558943,0.3000000000,0.2700000000,Standard,42.8109,Metrics,USD,0.2700000000,11.558943,0.3000000000,USD,42.8109,Metrics,AmazonCloudWatch,Management and Governance,Observability,SKU-7f3902e3f370805f0a245d7f,Monitoring,SPRICE-dae68554fa459d336630e8d7,"{""x_MetricType"":""Custom""}",arn:aws:cloudwatch:ap-southeast-1:200000000014:metric/metric-6e25baad5628,metric-6e25baad5628,Metric,ap-southeast-1,Asia Pacific (Singapore),,,,,,,,,,,"{""Environment"":""dev"",""CostCenter"":""cc-3110"",""Owner"":""team-data""}"
AWS,AWS,AWS,INV-2026-05-0001,100000000001,ExampleCorp Master Payer,Payer Account,200000000013,data-analytics,Linked Account,2026-05-01T00:00:00Z,2026-06-01T00:00:00Z,2026-05-08T11:00:00Z,2026-05-08T12:00:00Z,Usage,,Lambda function duration,Usage-Based,14.53976868,14.53976868,16.1553308439304,14.53976868,0.0000166667,0.0000150000,Standard,969317.9120,GB-Seconds,EUR,0.0000138000,13.3765871856,0.0000153334,USD,969317.9120,GB-Seconds,AWSLambda,Compute,Serverless Compute,SKU-67dc4ce0843e58b6125cbdce,Compute,SPRICE-5a687e125db5dbd78b535b92,"{""x_Runtime"":""python3.12"",""x_Architecture"":""arm64""}",arn:aws:lambda:us-east-1:200000000013:function/fn-3adfd2e27fe3,fn-3adfd2e27fe3,Lambda Function,us-east-1,US East (N. Virginia),,,,,,,,,,,"{""Environment"":""dev"",""CostCenter"":""cc-2087"",""Owner"":""team-payments""}"
AWS,AWS,AWS,INV-2026-05-0002,100000000002,ExampleCorp Secondary Payer,Payer Account,200000000012,staging-platform,Linked Account,2026-05-01T00:00:00Z,2026-06-01T00:00:00Z,2026-05-13T00:00:00Z,2026-05-14T00:00:00Z,Purchase,,AmazonCloudWatch subscription fee,Recurring,298.71,298.71,298.71,298.71,298.71,298.71,Standard,1,Units,USD,298.7100000000,298.71,298.7100000000,USD,,,AmazonCloudWatch,Management and Governance,Observability,SKU-d10080ab9717b935b753ab01,Subscription,SPRICE-64e632226ff0f6813e684086,"{""x_ChargeType"": ""SubscriptionFee""}",arn:aws:cloudwatch:us-east-1:200000000012:metric/metric-bad7ed1c58ac,metric-bad7ed1c58ac,Metric,us-east-1,US East (N. Virginia),,,,,,,,,,,"{""Environment"":""prod"",""CostCenter"":""cc-1042"",""Owner"":""team-platform""}"
AWS,AWS,AWS,INV-2026-05-0001,100000000001,ExampleCorp Master Payer,Payer Account,200000000014,sandbox-dev,Linked Account,2026-05-01T00:00:00Z,2026-06-01T00:00:00Z,2026-05-01T00:00:00Z,2026-06-01T00:00:00Z,Usage,,S3 Standard storage,Usage-Based,52.29162378,52.29162378,58.1018042,52.29162378,0.0230000000,0.0207000000,Standard,2526.1654,GB-Months,USD,0.0207000000,52.29162378,0.0230000000,USD,2526.1654,GB-Months,AmazonS3,Storage,Object Storage,SKU-36fb3a972f2cdabe2e87e8f5,Storage,SPRICE-2e0d1e6fc7695c1a2fe50a1a,"{""StorageClass"":""Standard"",""Redundancy"":""Zonal""}",arn:aws:s3:us-west-2:200000000014:bucket/bucket-c1139cca68e1,bucket-c1139cca68e1,S3 Bucket,us-west-2,US West (Oregon),,,,,,,,,,,"{""Environment"":""dev"",""CostCenter"":""cc-3110"",""Owner"":""team-platform""}"
AWS,AWS,AWS,INV-2026-05-0001,100000000001,ExampleCorp Master Payer,Payer Account,200000000012,staging-platform,Linked Account,2026-05-01T00:00:00Z,2026-06-01T00:00:00Z,2026-05-15T00:00:00Z,2026-05-16T00:00:00Z,Usage,,Custom metrics,Usage-Based,45.567441,45.567441,50.63049,45.567441,0.3000000000,0.2700000000,Standard,168.7683,Metrics,USD,0.2700000000,45.567441,0.3000000000,USD,168.7683,Metrics,AmazonCloudWatch,Management and Governance,Observability,SKU-917addcfe26d359456f585f4,Monitoring,SPRICE-bfed9ccd55f51b42ca94dd2b,"{""x_MetricType"":""Custom""}",arn:aws:cloudwatch:eu-west-1:200000000012:metric/metric-1f637f0015ed,metric-1f637f0015ed,Metric,eu-west-1,EU (Ireland),,,,,,,,,,,"{""Environment"":""prod"",""CostCenter"":""cc-1042"",""Owner"":""team-platform""}"
AWS,AWS,AWS,INV-2026-05-0002,100000000002,ExampleCorp Secondary Payer,Payer Account,200000000013,data-analytics,Linked Account,2026-05-01T00:00:00Z,2026-06-01T00:00:00Z,2026-05-16T00:00:00Z,2026-05-17T00:00:00Z,Usage,,Custom metrics,Usage-Based,12.723588,12.723588,14.13732,12.723588,0.3000000000,0.2700000000,Standard,47.1244,Metrics,USD,0.2700000000,12.723588,0.3000000000,USD,47.1244,Metrics,AmazonCloudWatch,Management and Governance,Observability,SKU-34e5538fb30cbad0ab6e9eda,Monitoring,SPRICE-7775836205fc8d4f07876728,"{""x_MetricType"":""Custom""}",arn:aws:cloudwatch:us-west-2:200000000013:metric/metric-171597e4e33f,metric-171597e4e33f,Metric,us-west-2,US West (Oregon),,,,,,,,,,,"{""Environment"":""prod"",""CostCenter"":""cc-1042"",""Owner"":""team-platform""}"
AWS,AWS,AWS,INV-2026-05-0001,100000000001,ExampleCorp Master Payer,Payer Account,200000000011,prod-platform,Linked Account,2026-05-01T00:00:00Z,2026-06-01T00:00:00Z,2026-05-17T00:00:00Z,2026-05-18T00:00:00Z,Usage,,DynamoDB on-demand write requests,Usage-Based,3.1749432856875,3.1749432856875,3.527714761875,3.1749432856875,0.0000012500,0.0000011250,Standard,2822171.8095,Requests,EUR,0.0000010350,2.9209478228325,0.0000011500,USD,2822171.8095,Requests,AmazonDynamoDB,Databases,NoSQL Databases,SKU-ed668466fc7fc7bc80c6b1e8,Database,SPRICE-a8a8f082a0e0d99dfaeb42f1,"{""x_CapacityMode"":""On-Demand""}",arn:aws:dynamodb:ap-southeast-1:200000000011:table/table-554f3accfd09,table-554f3accfd09,DynamoDB Table,ap-southeast-1,Asia Pacific (Singapore),,,,,,,,,,,"{""Environment"":""dev"",""CostCenter"":""cc-3110"",""Owner"":""team-payments""}"
AWS,AWS,AWS,INV-2026-05-0001,100000000001,ExampleCorp Master Payer,Payer Account,200000000014,sandbox-dev,Linked Account,2026-05-01T00:00:00Z,2026-06-01T00:00:00Z,2026-05-18T00:00:00Z,2026-05-19T00:00:00Z,Usage,,DynamoDB on-demand write requests,Usage-Based,4.8028156754625,4.8028156754625,5.336461861625,4.8028156754625,0.0000012500,0.0000011250,Standard,4269169.4893,Requests,USD,0.0000011250,4.8028156754625,0.0000012500,USD,4269169.4893,Requests,AmazonDynamoDB,Databases,NoSQL Databases,SKU-b60be50671e3ea779ca4990a,Database,SPRICE-01c9691ef6482a9102c7a4ff,"{""x_CapacityMode"":""On-Demand""}",arn:aws:dynamodb:us-east-1:200000000014:table/table-bff9556a2f0a,table-bff9556a2f0a,DynamoDB Table,us-east-1,US East (N. Virginia),,,,,,,,,,,"{""Environment"":""prod"",""CostCenter"":""cc-2087"",""Owner"":""team-data""}"
AWS,AWS,AWS,INV-2026-05-0002,100000000002,ExampleCorp Secondary Payer,Payer Account,200000000014,sandbox-dev,Linked Account,2026-05-01T00:00:00Z,2026-06-01T00:00:00Z,2026-05-01T00:00:00Z,2026-06-01T00:00:00Z,Usage,,S3 Standard storage,Usage-Based,9.69123906,9.69123906,10.7680434,9.69123906,0.0230000000,0.0207000000,Standard,468.1758,GB-Months,USD,0.0207000000,9.69123906,0.0230000000,USD,468.1758,GB-Months,AmazonS3,Storage,Object Storage,SKU-36fb3a972f2cdabe2e87e8f5,Storage,SPRICE-2e0d1e6fc7695c1a2fe50a1a,"{""StorageClass"":""Standard"",""Redundancy"":""Zonal""}",arn:aws:s3:us-west-2:200000000014:bucket/bucket-5be8092f55d6,bucket-5be8092f55d6,S3 Bucket,us-west-2,US West (Oregon),,,,,,,,,,,"{""Environment"":""dev"",""CostCenter"":""cc-1042"",""Owner"":""team-payments""}"
AWS,AWS,AWS,INV-2026-05-0001,100000000001,ExampleCorp Master Payer,Payer Account,200000000012,staging-platform,Linked Account,2026-05-01T00:00:00Z,2026-06-01T00:00:00Z,2026-05-08T19:00:00Z,2026-05-08T20:00:00Z,Usage,,Lambda function duration,Usage-Based,10.7786723625,10.7786723625,11.97632657760525,10.7786723625,0.0000166667,0.0000150000,Standard,718578.1575,GB-Seconds,USD,0.0000150000,10.7786723625,0.0000166667,USD,718578.1575,GB-Seconds,AWSLambda,Compute,Serverless Compute,SKU-10b7f1c880ad0bc78efd30e2,Compute,SPRICE-a9f6b13fa92ac1d53f2f387c,"{""x_Runtime"":""python3.12"",""x_Architecture"":""arm64""}",arn:aws:lambda:ap-southeast-1:200000000012:function/fn-fa811a86dce1,fn-fa811a86dce1,Lambda Function,ap-southeast-1,Asia Pacific (Singapore),,,,,,,,,,,"{""Environment"":""dev"",""CostCenter"":""cc-2087"",""Owner"":""team-payments""}"
AWS,AWS,AWS,INV-2026-05-0002,100000000002,ExampleCorp Secondary Payer,Payer Account,200000000013,data-analytics,Linked Account,2026-05-01T00:00:00Z,2026-06-01T00:00:00Z,2026-05-21T00:00:00Z,2026-05-22T00:00:00Z,Usage,,NAT gateway data processed,Usage-Based,19.7901306,19.7901306,21.989034,19.7901306,0.0450000000,0.0405000000,Standard,488.6452,GB,USD,0.0405000000,19.7901306,0.0450000000,USD,488.6452,GB,AmazonVPC,Networking,Network Connectivity,SKU-0a48b40b1fa86593309c0c4c,Data Transfer,SPRICE-b948c57b4c22bb2955afff1a,"{""x_TransferType"":""InterAZ""}",arn:aws:ec2:ap-southeast-1:200000000013:natgateway/nat-5be186584857,nat-5be186584857,NAT Gateway,ap-southeast-1,Asia Pacific (Singapore),,,,,,,,,,,"{""Environment"":""dev"",""CostCenter"":""cc-2087"",""Owner"":""team-platform""}"
AWS,AWS,AWS,INV-2026-05-0001,100000000001,ExampleCorp Master Payer,Payer Account,200000000011,prod-platform,Linked Account,2026-05-01T00:00:00Z,2026-06-01T00:00:00Z,2026-05-22T00:00:00Z,2026-05-23T00:00:00Z,Usage,,NAT gateway data processed,Usage-Based,7.72191225,7.72191225,8.5799025,7.72191225,0.0450000000,0.0405000000,Standard,190.6645,GB,USD,0.0405000000,7.72191225,0.0450000000,USD,190.6645,GB,AmazonVPC,Networking,Network Connectivity,SKU-3d9b08c72ec44814e0bd4e25,Data Transfer,SPRICE-5df2ff31768360bf23008ec4,"{""x_TransferType"":""InterAZ""}",arn:aws:ec2:eu-west-1:200000000011:natgateway/nat-ac9a2eb90a8b,nat-ac9a2eb90a8b,NAT Gateway,eu-west-1,EU (Ireland),,,,,,,,,,,"{""Environment"":""prod"",""CostCenter"":""cc-1042"",""Owner"":""team-data""}"
AWS,AWS,AWS,INV-2026-05-0001,100000000001,ExampleCorp Master Payer,Payer Account,200000000014,sandbox-dev,Linked Account,2026-05-01T00:00:00Z,2026-06-01T00:00:00Z,2026-05-01T00:00:00Z,2026-06-01T00:00:00Z,Usage,,S3 Standard storage,Usage-Based,55.22948577,55.22948577,61.3660953,55.22948577,0.0230000000,0.0207000000,Standard,2668.0911,GB-Months,USD,0.0207000000,55.22948577,0.0230000000,USD,2668.0911,GB-Months,AmazonS3,Storage,Object Storage,SKU-6042c508b21761919a0ed516,Storage,SPRICE-d35afe08308f10d3695aa71d,"{""StorageClass"":""Standard"",""Redundancy"":""Zonal""}",arn:aws:s3:eu-west-1:200000000014:bucket/bucket-26e64c046f28,bucket-26e64c046f28,S3 Bucket,eu-west-1,EU (Ireland),,,,,,,,,,,"{""Environment"":""prod"",""CostCenter"":""cc-1042"",""Owner"":""team-platform""}"
AWS,AWS,AWS,INV-2026-05-0001,100000000001,ExampleCorp Master Payer,Payer Account,200000000012,staging-platform,Linked Account,2026-05-01T00:00:00Z,2026-06-01T00:00:00Z,2026-05-24T00:00:00Z,2026-05-25T00:00:00Z,Usage,,Glue ETL job run,Usage-Based,77.0992596,77.0992596,85.665844,77.0992596,0.4400000000,0.3960000000,Standard,194.6951,DPU-Hours,USD,0.3960000000,77.0992596,0.4400000000,USD,194.6951,DPU-Hours,AWSGlue,Analytics,Data Processing,SKU-8cd75c3064ca6c4c85c43ce6,Data Processing,SPRICE-31964d215aa8bccf440b844b,"{""x_WorkerType"":""G.1X""}",arn:aws:glue:eu-west-1:200000000012:job/job-5c034d153296,job-5c034d153296,Glue Job,eu-west-1,EU (Ireland),,,,,,,,,,,"{""Environment"":""prod"",""CostCenter"":""cc-3110"",""Owner"":""team-data""}"
AWS,AWS,AWS,INV-2026-05-0002,100000000002,ExampleCorp Secondary Payer,Payer Account,200000000013,data-analytics,Linked Account,2026-05-01T00:00:00Z,2026-06-01T00:00:00Z,2026-05-25T00:00:00Z,2026-05-26T00:00:00Z,Purchase,,AmazonS3 subscription fee,Recurring,387.83,387.83,387.83,387.83,387.83,387.83,Standard,1,Units,USD,387.8300000000,387.83,387.8300000000,USD,,,AmazonS3,Storage,Object Storage,SKU-b1746099ede53568b3911f52,Subscription,SPRICE-d8675cf4fb69d225a4692e54,"{""x_ChargeType"": ""SubscriptionFee""}",arn:aws:s3:ap-southeast-1:200000000013:bucket/bucket-a3194c799ba1,bucket-a3194c799ba1,S3 Bucket,ap-southeast-1,Asia Pacific (Singapore),,,,,,,,,,,"{""Environment"":""staging"",""CostCenter"":""cc-3110"",""Owner"":""team-data""}"
AWS,AWS,AWS,INV-2026-05-0001,100000000001,ExampleCorp Master Payer,Payer Account,200000000013,data-analytics,Linked Account,2026-05-01T00:00:00Z,2026-06-01T00:00:00Z,2026-05-04T18:00:00Z,2026-05-04T19:00:00Z,Tax,,Synthetic tax 10% on usage record 91: AmazonEC2,One-Time,0.00864,0.00864,0.0096,0.00864,,,,,,USD,,0.00864,,USD,,,AmazonEC2,Compute,Virtual Machines,,,,,,,,,,,,,,,,,,,,"{""Environment"":""staging"",""CostCenter"":""cc-3110"",""Owner"":""team-payments""}"
AWS,AWS,AWS,INV-2026-05-0001,100000000001,ExampleCorp Master Payer,Payer Account,200000000014,sandbox-dev,Linked Account,2026-05-01T00:00:00Z,2026-06-01T00:00:00Z,2026-05-27T00:00:00Z,2026-05-28T00:00:00Z,Usage,,DynamoDB on-demand write requests,Usage-Based,1.9436882938875,1.9436882938875,2.159653659875,1.9436882938875,0.0000012500,0.0000011250,Standard,1727722.9279,Requests,USD,0.0000011250,1.9436882938875,0.0000012500,USD,1727722.9279,Requests,AmazonDynamoDB,Databases,NoSQL Databases,SKU-fc4e454b36112dd390bf69e4,Database,SPRICE-6e7ea642b1065af97aedd9bf,"{""x_CapacityMode"":""On-Demand""}",arn:aws:dynamodb:eu-west-1:200000000014:table/table-1c5280e139a1,table-1c5280e139a1,DynamoDB Table,eu-west-1,EU (Ireland),,,,,,,,,,,"{""Environment"":""staging"",""CostCenter"":""cc-2087"",""Owner"":""team-data""}"
AWS,AWS,AWS,INV-2026-05-0002,100000000002,ExampleCorp Secondary Payer,Payer Account,200000000013,data-analytics,Linked Account,2026-05-01T00:00:00Z,2026-06-01T00:00:00Z,2026-05-01T00:00:00Z,2026-06-01T00:00:00Z,Usage,,S3 Standard storage,Usage-Based,75.1168017,75.1168017,83.463113,75.1168017,0.0230000000,0.0207000000,Standard,3628.8310,GB-Months,USD,0.0207000000,75.1168017,0.0230000000,USD,3628.8310,GB-Months,AmazonS3,Storage,Object Storage,SKU-36fb3a972f2cdabe2e87e8f5,Storage,SPRICE-2e0d1e6fc7695c1a2fe50a1a,"{""StorageClass"":""Standard"",""Redundancy"":""Zonal""}",arn:aws:s3:us-west-2:200000000013:bucket/bucket-0c40dee0afce,bucket-0c40dee0afce,S3 Bucket,us-west-2,US West (Oregon),,,,,,,,,,,"{""Environment"":""dev"",""CostCenter"":""cc-3110"",""Owner"":""team-data""}"
AWS,AWS,AWS,INV-2026-05-0002,100000000002,ExampleCorp Secondary Payer,Payer Account,200000000012,staging-platform,Linked Account,2026-05-01T00:00:00Z,2026-06-01T00:00:00Z,2026-05-01T00:00:00Z,2026-06-01T00:00:00Z,Usage,,S3 Standard storage,Usage-Based,17.77594698,17.77594698,19.7510522,17.77594698,0.0230000000,0.0207000000,Standard,858.7414,GB-Months,USD,0.0207000000,17.77594698,0.0230000000,USD,858.7414,GB-Months,AmazonS3,Storage,Object Storage,SKU-e7cfcc3199bb16b2dd7b1493,Storage,SPRICE-5d75931c911c493aa2aa3d41,"{""StorageClass"":""Standard"",""Redundancy"":""Zonal""}",arn:aws:s3:ap-southeast-1:200000000012:bucket/bucket-6ab9ec0c12a6,bucket-6ab9ec0c12a6,S3 Bucket,ap-southeast-1,Asia Pacific (Singapore),,,,,,,,,,,"{""Environment"":""dev"",""CostCenter"":""cc-1042"",""Owner"":""team-data""}"
AWS,AWS,AWS,INV-2026-05-0002,100000000002,ExampleCorp Secondary Payer,Payer Account,200000000011,prod-platform,Linked Account,2026-05-01T00:00:00Z,2026-06-01T00:00:00Z,2026-05-02T00:00:00Z,2026-05-03T00:00:00Z,Usage,,NAT gateway data processed,Usage-Based,9.48208275,9.48208275,10.5356475,9.48208275,0.0450000000,0.0405000000,Standard,234.1255,GB,USD,0.0405000000,9.48208275,0.0450000000,USD,234.1255,GB,AmazonVPC,Networking,Network Connectivity,SKU-3d9b08c72ec44814e0bd4e25,Data Transfer,SPRICE-5df2ff31768360bf23008ec4,"{""x_TransferType"":""InterAZ""}",arn:aws:ec2:eu-west-1:200000000011:natgateway/nat-51d0634ba088,nat-51d0634ba088,NAT Gateway,eu-west-1,EU (Ireland),,,,,,,,,,,"{""Environment"":""dev"",""CostCenter"":""cc-1042"",""Owner"":""team-payments""}"
AWS,AWS,AWS,INV-2026-05-0002,100000000002,ExampleCorp Secondary Payer,Payer Account,200000000013,data-analytics,Linked Account,2026-05-01T00:00:00Z,2026-06-01T00:00:00Z,2026-05-01T00:00:00Z,2026-06-01T00:00:00Z,Usage,,S3 Standard storage,Usage-Based,102.0609774,102.0609774,113.401086,102.0609774,0.0230000000,0.0207000000,Standard,4930.4820,GB-Months,USD,0.0207000000,102.0609774,0.0230000000,USD,4930.4820,GB-Months,AmazonS3,Storage,Object Storage,SKU-36fb3a972f2cdabe2e87e8f5,Storage,SPRICE-2e0d1e6fc7695c1a2fe50a1a,"{""StorageClass"":""Standard"",""Redundancy"":""Zonal""}",arn:aws:s3:us-west-2:200000000013:bucket/bucket-bf7c6f175951,bucket-bf7c6f175951,S3 Bucket,us-west-2,US West (Oregon),,,,,,,,,,,"{""Environment"":""dev"",""CostCenter"":""cc-1042"",""Owner"":""team-platform""}"
AWS,AWS,AWS,INV-2026-05-0001,100000000001,ExampleCorp Master Payer,Payer Account,200000000014,sandbox-dev,Linked Account,2026-05-01T00:00:00Z,2026-06-01T00:00:00Z,2026-05-01T00:00:00Z,2026-06-01T00:00:00Z,Usage,,S3 Standard storage,Usage-Based,158.14517652,158.14517652,175.7168628,158.14517652,0.0230000000,0.0207000000,Standard,7639.8636,GB-Months,EUR,0.0190440000,145.4935623984,0.0211600000,USD,7639.8636,GB-Months,AmazonS3,Storage,Object Storage,SKU-6042c508b21761919a0ed516,Storage,SPRICE-d8b71692d0c9bfaf5e90ae20,"{""StorageClass"":""Standard"",""Redundancy"":""Zonal""}",arn:aws:s3:eu-west-1:200000000014:bucket/bucket-844df24e889f,bucket-844df24e889f,S3 Bucket,eu-west-1,EU (Ireland),,,,,,,,,,,"{""Environment"":""prod"",""CostCenter"":""cc-3110"",""Owner"":""team-payments""}"
AWS,AWS,AWS,INV-2026-05-0001,100000000001,ExampleCorp Master Payer,Payer Account,200000000014,sandbox-dev,Linked Account,2026-05-01T00:00:00Z,2026-06-01T00:00:00Z,2026-05-05T00:00:00Z,2026-05-06T00:00:00Z,Usage,,DynamoDB on-demand write requests,Usage-Based,5.349801681,5.349801681,5.94422409,5.349801681,0.0000012500,0.0000011250,Standard,4755379.2720,Requests,USD,0.0000011250,5.349801681,0.0000012500,USD,4755379.2720,Requests,AmazonDynamoDB,Databases,NoSQL Databases,SKU-ed668466fc7fc7bc80c6b1e8,Database,SPRICE-c01526413ebdb215913eebd3,"{""x_CapacityMode"":""On-Demand""}",arn:aws:dynamodb:ap-southeast-1:200000000014:table/table-6710aad65438,table-6710aad65438,DynamoDB Table,ap-southeast-1,Asia Pacific (Singapore),,,,,,,,,,,"{""Environment"":""prod"",""CostCenter"":""cc-3110"",""Owner"":""team-payments""}"
AWS,AWS,AWS,INV-2026-05-0002,100000000002,ExampleCorp Secondary Payer,Payer Account,200000000012,staging-platform,Linked Account,2026-05-01T00:00:00Z,2026-06-01T00:00:00Z,2026-05-06T00:00:00Z,2026-05-07T00:00:00Z,Purchase,,AmazonVPC subscription fee,Recurring,610.17,610.17,610.17,610.17,610.17,610.17,Standard,1,Units,USD,610.1700000000,610.17,610.1700000000,USD,,,AmazonVPC,Networking,Network Connectivity,SKU-9f454b7e2ca32e0e8968a319,Subscription,SPRICE-a718b966f4ca7cb64960279a,"{""x_ChargeType"": ""SubscriptionFee""}",arn:aws:ec2:ap-southeast-1:200000000012:natgateway/nat-119725b7555c,nat-119725b7555c,NAT Gateway,ap-southeast-1,Asia Pacific (Singapore),,,,,,,,,,,"{""Environment"":""dev"",""CostCenter"":""cc-1042"",""Owner"":""team-platform""}"
AWS,AWS,AWS,INV-2026-05-0002,100000000002,ExampleCorp Secondary Payer,Payer Account,200000000012,staging-platform,Linked Account,2026-05-01T00:00:00Z,2026-06-01T00:00:00Z,2026-05-07T00:00:00Z,2026-05-08T00:00:00Z,Usage,,NAT gateway data processed,Usage-Based,18.35976375,18.35976375,20.3997375,18.35976375,0.0450000000,0.0405000000,Standard,453.3275,GB,USD,0.0405000000,18.35976375,0.0450000000,USD,453.3275,GB,AmazonVPC,Networking,Network Connectivity,SKU-0a48b40b1fa86593309c0c4c,Data Transfer,SPRICE-b948c57b4c22bb2955afff1a,"{""x_TransferType"":""InterAZ""}",arn:aws:ec2:ap-southeast-1:200000000012:natgateway/nat-d3e4b26244a3,nat-d3e4b26244a3,NAT Gateway,ap-southeast-1,Asia Pacific (Singapore),,,,,,,,,,,"{""Environment"":""dev"",""CostCenter"":""cc-2087"",""Owner"":""team-platform""}"
AWS,AWS,AWS,INV-2026-05-0002,100000000002,ExampleCorp Secondary Payer,Payer Account,200000000011,prod-platform,Linked Account,2026-05-01T00:00:00Z,2026-06-01T00:00:00Z,2026-05-02T00:00:00Z,2026-05-03T00:00:00Z,Tax,,Synthetic tax 10% on usage record 198: AmazonVPC,One-Time,0.948208275,0.948208275,1.05356475,0.948208275,,,,,,USD,,0.948208275,,USD,,,AmazonVPC,Networking,Network Connectivity,,,,,,,,,,,,,,,,,,,,"{""Environment"":""dev"",""CostCenter"":""cc-1042"",""Owner"":""team-payments""}"
AWS,AWS,AWS,INV-2026-05-0001,100000000001,ExampleCorp Master Payer,Payer Account,200000000013,data-analytics,Linked Account,2026-05-01T00:00:00Z,2026-06-01T00:00:00Z,2026-05-09T00:00:00Z,2026-05-10T00:00:00Z,Purchase,,AmazonEC2 subscription fee,Recurring,381.24,381.24,381.24,381.24,381.24,381.24,Standard,1,Units,USD,381.2400000000,381.24,381.2400000000,USD,,,AmazonEC2,Compute,Virtual Machines,SKU-0232c69e314718c266fb6913,Subscription,SPRICE-69eb8753a97dda18c1bcb3a5,"{""x_ChargeType"": ""SubscriptionFee""}",arn:aws:ec2:us-east-1:200000000013:instance/i-81b5a539e71d,i-81b5a539e71d,EC2 Instance,us-east-1,US East (N. Virginia),,,,,,,,,,,"{""Environment"":""staging"",""CostCenter"":""cc-1042"",""Owner"":""team-data""}"
AWS,AWS,AWS,INV-2026-05-0002,100000000002,ExampleCorp Secondary Payer,Payer Account,200000000014,sandbox-dev,Linked Account,2026-05-01T00:00:00Z,2026-06-01T00:00:00Z,2026-05-10T00:00:00Z,2026-05-11T00:00:00Z,Usage,,Custom metrics,Usage-Based,29.343222,29.343222,32.60358,29.343222,0.3000000000,0.2700000000,Standard,108.6786,Metrics,USD,0.2700000000,29.343222,0.3000000000,USD,108.6786,Metrics,AmazonCloudWatch,Management and Governance,Observability,SKU-34e5538fb30cbad0ab6e9eda,Monitoring,SPRICE-7775836205fc8d4f07876728,"{""x_MetricType"":""Custom""}",arn:aws:cloudwatch:us-west-2:200000000014:metric/metric-2951f2eadfd8,metric-2951f2eadfd8,Metric,us-west-2,US West (Oregon),,,,,,,,,,,"{""Environment"":""dev"",""CostCenter"":""cc-2087"",""Owner"":""team-data""}"
AWS,AWS,AWS,INV-2026-05-0002,100000000002,ExampleCorp Secondary Payer,Payer Account,200000000013,data-analytics,Linked Account,2026-05-01T00:00:00Z,2026-06-01T00:00:00Z,2026-05-11T00:00:00Z,2026-05-12T00:00:00Z,Usage,,DynamoDB on-demand write requests,Usage-Based,3.603383573175,3.603383573175,4.00375952575,3.603383573175,0.0000012500,0.0000011250,Standard,3203007.6206,Requests,USD,0.0000011250,3.603383573175,0.0000012500,USD,3203007.6206,Requests,AmazonDynamoDB,Databases,NoSQL Databases,SKU-687affd9645b52f0bac81a2c,Database,SPRICE-716c8854825bf7430db8e755,"{""x_CapacityMode"":""On-Demand""}",arn:aws:dynamodb:us-west-2:200000000013:table/table-40c0405e6f15,table-40c0405e6f15,DynamoDB Table,us-west-2,US West (Oregon),,,,,,,,,,,"{""Environment"":""staging"",""CostCenter"":""cc-2087"",""Owner"":""team-payments""}"
AWS,AWS,AWS,INV-2026-05-0002,100000000002,ExampleCorp Secondary Payer,Payer Account,200000000011,prod-platform,Linked Account,2026-05-01T00:00:00Z,2026-06-01T00:00:00Z,2026-05-01T00:00:00Z,2026-06-01T00:00:00Z,Usage,,S3 Standard storage,Usage-Based,31.46440572,31.46440572,34.9604508,31.46440572,0.0230000000,0.0207000000,Standard,1520.0196,GB-Months,USD,0.0207000000,31.46440572,0.0230000000,USD,1520.0196,GB-Months,AmazonS3,Storage,Object Storage,SKU-36fb3a972f2cdabe2e87e8f5,Storage,SPRICE-2e0d1e6fc7695c1a2fe50a1a,"{""StorageClass"":""Standard"",""Redundancy"":""Zonal""}",arn:aws:s3:us-west-2:200000000011:bucket/bucket-ce31e4ac5c1e,bucket-ce31e4ac5c1e,S3 Bucket,us-west-2,US West (Oregon),,,,,,,,,,,"{""Environment"":""dev"",""CostCenter"":""cc-1042"",""Owner"":""team-platform""}"
AWS,AWS,AWS,INV-2026-05-0002,100000000002,ExampleCorp Secondary Payer,Payer Account,200000000012,staging-platform,Linked Account,2026-05-01T00:00:00Z,2026-06-01T00:00:00Z,2026-05-13T00:00:00Z,2026-05-14T00:00:00Z,Usage,,Custom metrics,Usage-Based,22.797396,22.797396,25.33044,22.797396,0.3000000000,0.2700000000,Standard,84.4348,Metrics,USD,0.2700000000,22.797396,0.3000000000,USD,84.4348,Metrics,AmazonCloudWatch,Management and Governance,Observability,SKU-2491f45dad51aaef563400a5,Monitoring,SPRICE-5131bac450b55b26fd0cdc7e,"{""x_MetricType"":""Custom""}",arn:aws:cloudwatch:us-east-1:200000000012:metric/metric-13754ce21ab6,metric-13754ce21ab6,Metric,us-east-1,US East (N. Virginia),,,,,,,,,,,"{""Environment"":""prod"",""CostCenter"":""cc-2087"",""Owner"":""team-data""}"
AWS,AWS,AWS,INV-2026-05-0001,100000000001,ExampleCorp Master Payer,Payer Account,200000000014,sandbox-dev,Linked Account,2026-05-01T00:00:00Z,2026-06-01T00:00:00Z,2026-05-14T00:00:00Z,2026-05-15T00:00:00Z,Usage,,Glue ETL job run,Usage-Based,20.0635776,20.0635776,22.292864,20.0635776,0.4400000000,0.3960000000,Standard,50.6656,DPU-Hours,USD,0.3960000000,20.0635776,0.4400000000,USD,50.6656,DPU-Hours,AWSGlue,Analytics,Data Processing,SKU-d1426392ab27c72810db5ee9,Data Processing,SPRICE-2caf36fd8fbe6a68e682b866,"{""x_WorkerType"":""G.1X""}",arn:aws:glue:ap-southeast-1:200000000014:job/job-a6514dbf89de,job-a6514dbf89de,Glue Job,ap-southeast-1,Asia Pacific (Singapore),,,,,,,,,,,"{""Environment"":""prod"",""CostCenter"":""cc-2087"",""Owner"":""team-platform""}"
AWS,AWS,AWS,INV-2026-05-0001,100000000001,ExampleCorp Master Payer,Payer Account,200000000014,sandbox-dev,Linked Account,2026-05-01T00:00:00Z,2026-06-01T00:00:00Z,2026-05-09T18:00:00Z,2026-05-09T19:00:00Z,Usage,,RDS PostgreSQL db.r6g.large,Usage-Based,0.216,0.216,0.24,0.216,0.2400000000,0.2160000000,Standard,1.0000,Hours,USD,0.2160000000,0.216,0.2400000000,USD,1.0000,Hours,AmazonRDS,Databases,Relational Databases,SKU-d70ac0acbdfcb8de90bd881a,Database,SPRICE-526e7acd56433e6d3c551cac,"{""InstanceType"":""db.r6g.large"",""InstanceSeries"":""R6g"",""CoreCount"":2,""MemorySize"":16,""x_Engine"":""PostgreSQL""}",arn:aws:rds:us-west-2:200000000014:db/db-96ff9bef58e9,db-96ff9bef58e9,RDS Instance,us-west-2,US West (Oregon),,,,,,,,,,,"{""Environment"":""staging"",""CostCenter"":""cc-2087"",""Owner"":""team-data""}"
AWS,AWS,AWS,INV-2026-05-0001,100000000001,ExampleCorp Master Payer,Payer Account,200000000013,data-analytics,Linked Account,2026-05-01T00:00:00Z,2026-06-01T00:00:00Z,2026-05-01T00:00:00Z,2026-06-01T00:00:00Z,Usage,,S3 Standard storage,Usage-Based,66.02295222,66.02295222,73.3588358,66.02295222,0.0230000000,0.0207000000,Standard,3189.5146,GB-Months,USD,0.0207000000,66.02295222,0.0230000000,USD,3189.5146,GB-Months,AmazonS3,Storage,Object Storage,SKU-6042c508b21761919a0ed516,Storage,SPRICE-d35afe08308f10d3695aa71d,"{""StorageClass"":""Standard"",""Redundancy"":""Zonal""}",arn:aws:s3:eu-west-1:200000000013:bucket/bucket-c33629baa451,bucket-c33629baa451,S3 Bucket,eu-west-1,EU (Ireland),,,,,,,,,,,"{""Environment"":""prod"",""CostCenter"":""cc-3110"",""Owner"":""team-data""}"
AWS,AWS,AWS,INV-2026-05-0002,100000000002,ExampleCorp Secondary Payer,Payer Account,200000000013,data-analytics,Linked Account,2026-05-01T00:00:00Z,2026-06-01T00:00:00Z,2026-05-17T00:00:00Z,2026-05-18T00:00:00Z,Usage,,Custom metrics,Usage-Based,30.506058,30.506058,33.89562,30.506058,0.3000000000,0.2700000000,Standard,112.9854,Metrics,EUR,0.2484000000,28.06557336,0.2760000000,USD,112.9854,Metrics,AmazonCloudWatch,Management and Governance,Observability,SKU-34e5538fb30cbad0ab6e9eda,Monitoring,SPRICE-8d5446a3bf1657f41b79b0c7,"{""x_MetricType"":""Custom""}",arn:aws:cloudwatch:us-west-2:200000000013:metric/metric-aa637f6dbd8e,metric-aa637f6dbd8e,Metric,us-west-2,US West (Oregon),,,,,,,,,,,"{""Environment"":""prod"",""CostCenter"":""cc-1042"",""Owner"":""team-data""}"
AWS,AWS,AWS,INV-2026-05-0002,100000000002,ExampleCorp Secondary Payer,Payer Account,200000000013,data-analytics,Linked Account,2026-05-01T00:00:00Z,2026-06-01T00:00:00Z,2026-05-09T21:00:00Z,2026-05-09T22:00:00Z,Usage,,RDS PostgreSQL db.r6g.large,Usage-Based,0.216,0.216,0.24,0.216,0.2400000000,0.2160000000,Standard,1.0000,Hours,USD,0.2160000000,0.216,0.2400000000,USD,1.0000,Hours,AmazonRDS,Databases,Relational Databases,SKU-89bc59af83de149a442b21d0,Database,SPRICE-887d5388c52a801df4d42ba1,"{""InstanceType"":""db.r6g.large"",""InstanceSeries"":""R6g"",""CoreCount"":2,""MemorySize"":16,""x_Engine"":""PostgreSQL""}",arn:aws:rds:us-east-1:200000000013:db/db-a6f144873526,db-a6f144873526,RDS Instance,us-east-1,US East (N. Virginia),,,,,,,,,,,"{""Environment"":""staging"",""CostCenter"":""cc-1042"",""Owner"":""team-payments""}"
AWS,AWS,AWS,INV-2026-05-0002,100000000002,ExampleCorp Secondary Payer,Payer Account,200000000014,sandbox-dev,Linked Account,2026-05-01T00:00:00Z,2026-06-01T00:00:00Z,2026-05-19T00:00:00Z,2026-05-20T00:00:00Z,Usage,,Custom metrics,Usage-Based,42.159582,42.159582,46.84398,42.159582,0.3000000000,0.2700000000,Standard,156.1466,Metrics,USD,0.2700000000,42.159582,0.3000000000,USD,156.1466,Metrics,AmazonCloudWatch,Management and Governance,Observability,SKU-7f3902e3f370805f0a245d7f,Monitoring,SPRICE-dae68554fa459d336630e8d7,"{""x_MetricType"":""Custom""}",arn:aws:cloudwatch:ap-southeast-1:200000000014:metric/metric-a07c9c353504,metric-a07c9c353504,Metric,ap-southeast-1,Asia Pacific (Singapore),,,,,,,,,,,"{""Environment"":""prod"",""CostCenter"":""cc-1042"",""Owner"":""team-payments""}"
AWS,AWS,AWS,INV-2026-05-0002,100000000002,ExampleCorp Secondary Payer,Payer Account,200000000014,sandbox-dev,Linked Account,2026-05-01T00:00:00Z,2026-06-01T00:00:00Z,2026-05-20T00:00:00Z,2026-05-21T00:00:00Z,Purchase,,AmazonS3 subscription fee,Recurring,387.83,387.83,387.83,387.83,387.83,387.83,Standard,1,Units,USD,387.8300000000,387.83,387.8300000000,USD,,,AmazonS3,Storage,Object Storage,SKU-b1746099ede53568b3911f52,Subscription,SPRICE-d8675cf4fb69d225a4692e54,"{""x_ChargeType"": ""SubscriptionFee""}",arn:aws:s3:ap-southeast-1:200000000014:bucket/bucket-edcdbaa880c5,bucket-edcdbaa880c5,S3 Bucket,ap-southeast-1,Asia Pacific (Singapore),,,,,,,,,,,"{""Environment"":""dev"",""CostCenter"":""cc-2087"",""Owner"":""team-data""}"
AWS,AWS,AWS,INV-2026-05-0001,100000000001,ExampleCorp Master Payer,Payer Account,200000000013,data-analytics,Linked Account,2026-05-01T00:00:00Z,2026-06-01T00:00:00Z,2026-05-10T00:00:00Z,2026-05-10T01:00:00Z,Usage,,Linux on-demand m6i.large,Usage-Based,0.0864,0.0864,0.096,0.0864,0.0960000000,0.0864000000,Standard,1.0000,Hours,USD,0.0864000000,0.0864,0.0960000000,USD,1.0000,Hours,AmazonEC2,Compute,Virtual Machines,SKU-093c0d7a3a0491f8523e34c8,Compute,SPRICE-bab283475cbbabd222878e74,"{""InstanceType"":""m6i.large"",""InstanceSeries"":""M6i"",""CoreCount"":2,""MemorySize"":8,""OperatingSystem"":""Linux"",""x_Tenancy"":""Shared""}",arn:aws:ec2:ap-southeast-1:200000000013:instance/i-d8263ff00db5,i-d8263ff00db5,EC2 Instance,ap-southeast-1,Asia Pacific (Singapore),ap-southeast-1a,,,,,,,,,,"{""Environment"":""prod"",""CostCenter"":""cc-2087"",""Owner"":""team-platform""}"
AWS,AWS,AWS,INV-2026-05-0002,100000000002,ExampleCorp Secondary Payer,Payer Account,200000000012,staging-platform,Linked Account,2026-05-01T00:00:00Z,2026-06-01T00:00:00Z,2026-05-01T00:00:00Z,2026-06-01T00:00:00Z,Usage,,S3 Standard storage,Usage-Based,91.98813798,91.98813798,102.2090422,91.98813798,0.0230000000,0.0207000000,Standard,4443.8714,GB-Months,USD,0.0207000000,91.98813798,0.0230000000,USD,4443.8714,GB-Months,AmazonS3,Storage,Object Storage,SKU-36fb3a972f2cdabe2e87e8f5,Storage,SPRICE-2e0d1e6fc7695c1a2fe50a1a,"{""StorageClass"":""Standard"",""Redundancy"":""Zonal""}",arn:aws:s3:us-west-2:200000000012:bucket/bucket-a8359f87ac8e,bucket-a8359f87ac8e,S3 Bucket,us-west-2,US West (Oregon),,,,,,,,,,,"{""Environment"":""prod"",""CostCenter"":""cc-2087"",""Owner"":""team-data""}"
AWS,AWS,AWS,INV-2026-05-0002,100000000002,ExampleCorp Secondary Payer,Payer Account,200000000011,prod-platform,Linked Account,2026-05-01T00:00:00Z,2026-06-01T00:00:00Z,2026-05-01T00:00:00Z,2026-06-01T00:00:00Z,Usage,,S3 Standard storage,Usage-Based,27.0080559,27.0080559,30.008951,27.0080559,0.0230000000,0.0207000000,Standard,1304.7370,GB-Months,USD,0.0207000000,27.0080559,0.0230000000,USD,1304.7370,GB-Months,AmazonS3,Storage,Object Storage,SKU-e7cfcc3199bb16b2dd7b1493,Storage,SPRICE-5d75931c911c493aa2aa3d41,"{""StorageClass"":""Standard"",""Redundancy"":""Zonal""}",arn:aws:s3:ap-southeast-1:200000000011:bucket/bucket-b38d2e218689,bucket-b38d2e218689,S3 Bucket,ap-southeast-1,Asia Pacific (Singapore),,,,,,,,,,,"{""Environment"":""staging"",""CostCenter"":""cc-1042"",""Owner"":""team-payments""}"
AWS,AWS,AWS,INV-2026-05-0001,100000000001,ExampleCorp Master Payer,Payer Account,200000000012,staging-platform,Linked Account,2026-05-01T00:00:00Z,2026-06-01T00:00:00Z,2026-05-01T00:00:00Z,2026-06-01T00:00:00Z,Tax,,Synthetic tax 10% on usage record 153: AmazonS3,One-Time,12.305353257,12.305353257,13.67261473,12.305353257,,,,,,USD,,12.305353257,,USD,,,AmazonS3,Storage,Object Storage,,,,,,,,,,,,,,,,,,,,"{""Environment"":""prod"",""CostCenter"":""cc-1042"",""Owner"":""team-platform""}"
AWS,AWS,AWS,INV-2026-05-0002,100000000002,ExampleCorp Secondary Payer,Payer Account,200000000014,sandbox-dev,Linked Account,2026-05-01T00:00:00Z,2026-06-01T00:00:00Z,2026-05-25T00:00:00Z,2026-05-26T00:00:00Z,Usage,,Glue ETL job run,Usage-Based,72.958644,72.958644,81.06516,72.958644,0.4400000000,0.3960000000,Standard,184.2390,DPU-Hours,EUR,0.3643200000,67.12195248,0.4048000000,USD,184.2390,DPU-Hours,AWSGlue,Analytics,Data Processing,SKU-118148093a04e718819dbb3f,Data Processing,SPRICE-2b36fbbdd3d72ca2bbd11fc9,"{""x_WorkerType"":""G.1X""}",arn:aws:glue:us-west-2:200000000014:job/job-d90a7be0755f,job-d90a7be0755f,Glue Job,us-west-2,US West (Oregon),,,,,,,,,,,"{""Environment"":""dev"",""CostCenter"":""cc-2087"",""Owner"":""team-data""}"
AWS,AWS,AWS,INV-2026-05-0001,100000000001,ExampleCorp Master Payer,Payer Account,200000000011,prod-platform,Linked Account,2026-05-01T00:00:00Z,2026-06-01T00:00:00Z,2026-05-10T05:00:00Z,2026-05-10T06:00:00Z,Usage,,Lambda function duration,Usage-Based,25.5712243965,25.5712243965,28.41252837660977,25.5712243965,0.0000166667,0.0000150000,Standard,1704748.2931,GB-Seconds,EUR,0.0000138000,23.52552644478,0.0000153334,USD,1704748.2931,GB-Seconds,AWSLambda,Compute,Serverless Compute,SKU-7828f3c3be040bf04a99c13a,Compute,SPRICE-6184f12aac3b9e897d7d8c90,"{""x_Runtime"":""python3.12"",""x_Architecture"":""arm64""}",arn:aws:lambda:eu-west-1:200000000011:function/fn-72100071dd8e,fn-72100071dd8e,Lambda Function,eu-west-1,EU (Ireland),,,,,,,,,,,"{""Environment"":""prod"",""CostCenter"":""cc-3110"",""Owner"":""team-data""}"
AWS,AWS,AWS,INV-2026-05-0001,100000000001,ExampleCorp Master Payer,Payer Account,200000000012,staging-platform,Linked Account,2026-05-01T00:00:00Z,2026-06-01T00:00:00Z,2026-05-01T00:00:00Z,2026-06-01T00:00:00Z,Usage,,S3 Standard storage,Usage-Based,136.79873001,136.79873001,151.9985889,136.79873001,0.0230000000,0.0207000000,Standard,6608.6343,GB-Months,USD,0.0207000000,136.79873001,0.0230000000,USD,6608.6343,GB-Months,AmazonS3,Storage,Object Storage,SKU-ca447aa86bf44972e43c1f69,Storage,SPRICE-92e9b7d21ce3c83c68f72f47,"{""StorageClass"":""Standard"",""Redundancy"":""Zonal""}",arn:aws:s3:us-east-1:200000000012:bucket/bucket-6bf2145f62a5,bucket-6bf2145f62a5,S3 Bucket,us-east-1,US East (N. Virginia),,,,,,,,,,,"{""Environment"":""prod"",""CostCenter"":""cc-3110"",""Owner"":""team-data""}"
AWS,AWS,AWS,INV-2026-05-0001,100000000001,ExampleCorp Master Payer,Payer Account,200000000011,prod-platform,Linked Account,2026-05-01T00:00:00Z,2026-06-01T00:00:00Z,2026-05-28T00:00:00Z,2026-05-29T00:00:00Z,Purchase,,AWSLambda subscription fee,Recurring,60.85,60.85,60.85,60.85,60.85,60.85,Standard,1,Units,USD,60.8500000000,60.85,60.8500000000,USD,,,AWSLambda,Compute,Serverless Compute,SKU-2360875cc50b8c5d1fd5e962,Subscription,SPRICE-81336f2f12c495791f48dea1,"{""x_ChargeType"": ""SubscriptionFee""}",arn:aws:lambda:us-east-1:200000000011:function/fn-67a91614c75a,fn-67a91614c75a,Lambda Function,us-east-1,US East (N. Virginia),,,,,,,,,,,"{""Environment"":""dev"",""CostCenter"":""cc-1042"",""Owner"":""team-payments""}"
AWS,AWS,AWS,INV-2026-05-0002,100000000002,ExampleCorp Secondary Payer,Payer Account,200000000012,staging-platform,Linked Account,2026-05-01T00:00:00Z,2026-06-01T00:00:00Z,2026-05-06T22:00:00Z,2026-05-06T23:00:00Z,Tax,,Synthetic tax 10% on usage record 143: AmazonRDS,One-Time,0.0216,0.0216,0.024,0.0216,,,,,,USD,,0.0216,,USD,,,AmazonRDS,Databases,Relational Databases,,,,,,,,,,,,,,,,,,,,"{""Environment"":""dev"",""CostCenter"":""cc-2087"",""Owner"":""team-data""}"
AWS,AWS,AWS,INV-2026-05-0001,100000000001,ExampleCorp Master Payer,Payer Account,200000000011,prod-platform,Linked Account,2026-05-01T00:00:00Z,2026-06-01T00:00:00Z,2026-05-02T00:00:00Z,2026-05-03T00:00:00Z,Usage,,DynamoDB on-demand write requests,Usage-Based,0.160282910025,0.160282910025,0.17809212225,0.160282910025,0.0000012500,0.0000011250,Standard,142473.6978,Requests,USD,0.0000011250,0.160282910025,0.0000012500,USD,142473.6978,Requests,AmazonDynamoDB,Databases,NoSQL Databases,SKU-687affd9645b52f0bac81a2c,Database,SPRICE-716c8854825bf7430db8e755,"{""x_CapacityMode"":""On-Demand""}",arn:aws:dynamodb:us-west-2:200000000011:table/table-9d27afc67222,table-9d27afc67222,DynamoDB Table,us-west-2,US West (Oregon),,,,,,,,,,,"{""Environment"":""prod"",""CostCenter"":""cc-1042"",""Owner"":""team-payments""}"
AWS,AWS,AWS,INV-2026-05-0002,100000000002,ExampleCorp Secondary Payer,Payer Account,200000000014,sandbox-dev,Linked Account,2026-05-01T00:00:00Z,2026-06-01T00:00:00Z,2026-05-10T10:00:00Z,2026-05-10T11:00:00Z,Usage,,Linux on-demand m6i.large,Usage-Based,0.0864,0.0864,0.096,0.0864,0.0960000000,0.0864000000,Standard,1.0000,Hours,USD,0.0864000000,0.0864,0.0960000000,USD,1.0000,Hours,AmazonEC2,Compute,Virtual Machines,SKU-736a4dd80178572d8370293d,Compute,SPRICE-c862323f09b487c42efb1c6b,"{""InstanceType"":""m6i.large"",""InstanceSeries"":""M6i"",""CoreCount"":2,""MemorySize"":8,""OperatingSystem"":""Linux"",""x_Tenancy"":""Shared""}",arn:aws:ec2:us-east-1:200000000014:instance/i-13976bfb87d2,i-13976bfb87d2,EC2 Instance,us-east-1,US East (N. Virginia),us-east-1a,,,,,,,,,,"{""Environment"":""dev"",""CostCenter"":""cc-1042"",""Owner"":""team-platform""}"
AWS,AWS,AWS,INV-2026-05-0002,100000000002,ExampleCorp Secondary Payer,Payer Account,200000000013,data-analytics,Linked Account,2026-05-01T00:00:00Z,2026-06-01T00:00:00Z,2026-05-04T00:00:00Z,2026-05-05T00:00:00Z,Usage,,Custom metrics,Usage-Based,8.783964,8.783964,9.75996,8.783964,0.3000000000,0.2700000000,Standard,32.5332,Metrics,USD,0.2700000000,8.783964,0.3000000000,USD,32.5332,Metrics,AmazonCloudWatch,Management and Governance,Observability,SKU-34e5538fb30cbad0ab6e9eda,Monitoring,SPRICE-7775836205fc8d4f07876728,"{""x_MetricType"":""Custom""}",arn:aws:cloudwatch:us-west-2:200000000013:metric/metric-2ee7d84f73fd,metric-2ee7d84f73fd,Metric,us-west-2,US West (Oregon),,,,,,,,,,,"{""Environment"":""staging"",""CostCenter"":""cc-3110"",""Owner"":""team-data""}"
AWS,AWS,AWS,INV-2026-05-0002,100000000002,ExampleCorp Secondary Payer,Payer Account,200000000012,staging-platform,Linked Account,2026-05-01T00:00:00Z,2026-06-01T00:00:00Z,2026-05-05T00:00:00Z,2026-05-06T00:00:00Z,Usage,,Glue ETL job run,Usage-Based,14.5451592,14.5451592,16.161288,14.5451592,0.4400000000,0.3960000000,Standard,36.7302,DPU-Hours,USD,0.3960000000,14.5451592,0.4400000000,USD,36.7302,DPU-Hours,AWSGlue,Analytics,Data Processing,SKU-118148093a04e718819dbb3f,Data Processing,SPRICE-f140a6944df35cbb51f25679,"{""x_WorkerType"":""G.1X""}",arn:aws:glue:us-west-2:200000000012:job/job-2d364e0e5417,job-2d364e0e5417,Glue Job,us-west-2,US West (Oregon),,,,,,,,,,,"{""Environment"":""prod"",""CostCenter"":""cc-2087"",""Owner"":""team-payments""}"
AWS,AWS,AWS,INV-2026-05-0002,100000000002,ExampleCorp Secondary Payer,Payer Account,200000000014,sandbox-dev,Linked Account,2026-05-01T00:00:00Z,2026-06-01T00:00:00Z,2026-05-06T00:00:00Z,2026-05-07T00:00:00Z,Usage,,NAT gateway data processed,Usage-Based,8.13066255,8.13066255,9.0340695,8.13066255,0.0450000000,0.0405000000,Standard,200.7571,GB,USD,0.0405000000,8.13066255,0.0450000000,USD,200.7571,GB,AmazonVPC,Networking,Network Connectivity,SKU-935abd9125f7268b4f0eb1ad,Data Transfer,SPRICE-130c94d71c797814c8e72b46,"{""x_TransferType"":""InterAZ""}",arn:aws:ec2:us-east-1:200000000014:natgateway/nat-fd736183f0f8,nat-fd736183f0f8,NAT Gateway,us-east-1,US East (N. Virginia),,,,,,,,,,,"{""Environment"":""prod"",""CostCenter"":""cc-1042"",""Owner"":""team-platform""}"
AWS,AWS,AWS,INV-2026-05-0001,100000000001,ExampleCorp Master Payer,Payer Account,200000000011,prod-platform,Linked Account,2026-05-01T00:00:00Z,2026-06-01T00:00:00Z,2026-05-07T00:00:00Z,2026-05-08T00:00:00Z,Usage,,Glue ETL job run,Usage-Based,75.3826392,75.3826392,83.758488,75.3826392,0.4400000000,0.3960000000,Standard,190.3602,DPU-Hours,EUR,0.3643200000,69.352028064,0.4048000000,USD,190.3602,DPU-Hours,AWSGlue,Analytics,Data Processing,SKU-edd508eddef1abee51edfd3a,Data Processing,SPRICE-cba8743f603f7cbdd3f737a6,"{""x_WorkerType"":""G.1X""}",arn:aws:glue:us-east-1:200000000011:job/job-59e52b3fd4e1,job-59e52b3fd4e1,Glue Job,us-east-1,US East (N. Virginia),,,,,,,,,,,"{""Environment"":""prod"",""CostCenter"":""cc-3110"",""Owner"":""team-data""}"
AWS,AWS,AWS,INV-2026-05-0002,100000000002,ExampleCorp Secondary Payer,Payer Account,200000000013,data-analytics,Linked Account,2026-05-01T00:00:00Z,2026-06-01T00:00:00Z,2026-05-10T15:00:00Z,2026-05-10T16:00:00Z,Usage,,RDS PostgreSQL db.r6g.large,Usage-Based,0.216,0.216,0.24,0.216,0.2400000000,0.2160000000,Standard,1.0000,Hours,USD,0.2160000000,0.216,0.2400000000,USD,1.0000,Hours,AmazonRDS,Databases,Relational Databases,SKU-89bc59af83de149a442b21d0,Database,SPRICE-887d5388c52a801df4d42ba1,"{""InstanceType"":""db.r6g.large"",""InstanceSeries"":""R6g"",""CoreCount"":2,""MemorySize"":16,""x_Engine"":""PostgreSQL""}",arn:aws:rds:us-east-1:200000000013:db/db-79f32e1fc182,db-79f32e1fc182,RDS Instance,us-east-1,US East (N. Virginia),,,,,,,,,,,"{""Environment"":""dev"",""CostCenter"":""cc-2087"",""Owner"":""team-platform""}"
AWS,AWS,AWS,INV-2026-05-0002,100000000002,ExampleCorp Secondary Payer,Payer Account,200000000014,sandbox-dev,Linked Account,2026-05-01T00:00:00Z,2026-06-01T00:00:00Z,2026-05-11T00:00:00Z,2026-05-12T00:00:00Z,Tax,,Synthetic tax 10% on usage record 179: AmazonCloudWatch,One-Time,1.1558943,1.1558943,1.284327,1.1558943,,,,,,USD,,1.1558943,,USD,,,AmazonCloudWatch,Management and Governance,Observability,,,,,,,,,,,,,,,,,,,,"{""Environment"":""dev"",""CostCenter"":""cc-3110"",""Owner"":""team-data""}"
AWS,AWS,AWS,INV-2026-05-0001,100000000001,ExampleCorp Master Payer,Payer Account,200000000014,sandbox-dev,Linked Account,2026-05-01T00:00:00Z,2026-06-01T00:00:00Z,2026-05-01T00:00:00Z,2026-06-01T00:00:00Z,Usage,,S3 Standard storage,Usage-Based,9.74802951,9.74802951,10.8311439,9.74802951,0.0230000000,0.0207000000,Standard,470.9193,GB-Months,USD,0.0207000000,9.74802951,0.0230000000,USD,470.9193,GB-Months,AmazonS3,Storage,Object Storage,SKU-e7cfcc3199bb16b2dd7b1493,Storage,SPRICE-5d75931c911c493aa2aa3d41,"{""StorageClass"":""Standard"",""Redundancy"":""Zonal""}",arn:aws:s3:ap-southeast-1:200000000014:bucket/bucket-8e0c7c00bd57,bucket-8e0c7c00bd57,S3 Bucket,ap-southeast-1,Asia Pacific (Singapore),,,,,,,,,,,"{""Environment"":""dev"",""CostCenter"":""cc-1042"",""Owner"":""team-platform""}"
AWS,AWS,AWS,INV-2026-05-0001,100000000001,ExampleCorp Master Payer,Payer Account,200000000014,sandbox-dev,Linked Account,2026-05-01T00:00:00Z,2026-06-01T00:00:00Z,2026-05-10T18:00:00Z,2026-05-10T19:00:00Z,Usage,,Lambda function duration,Usage-Based,51.572919483,51.572919483,57.30335847648774,51.572919483,0.0000166667,0.0000150000,Standard,3438194.6322,GB-Seconds,USD,0.0000150000,51.572919483,0.0000166667,USD,3438194.6322,GB-Seconds,AWSLambda,Compute,Serverless Compute,SKU-7828f3c3be040bf04a99c13a,Compute,SPRICE-f43f05862dbfbeb78999da05,"{""x_Runtime"":""python3.12"",""x_Architecture"":""arm64""}",arn:aws:lambda:eu-west-1:200000000014:function/fn-55454f25472f,fn-55454f25472f,Lambda Function,eu-west-1,EU (Ireland),,,,,,,,,,,"{""Environment"":""prod"",""CostCenter"":""cc-1042"",""Owner"":""team-payments""}"
AWS,AWS,AWS,INV-2026-05-0002,100000000002,ExampleCorp Secondary Payer,Payer Account,200000000013,data-analytics,Linked Account,2026-05-01T00:00:00Z,2026-06-01T00:00:00Z,2026-05-10T19:00:00Z,2026-05-10T20:00:00Z,Usage,,Linux on-demand m6i.large,Usage-Based,0.0864,0.0864,0.096,0.0864,0.0960000000,0.0864000000,Standard,1.0000,Hours,USD,0.0864000000,0.0864,0.0960000000,USD,1.0000,Hours,AmazonEC2,Compute,Virtual Machines,SKU-ca9c2ba97f0b30fb137ef130,Compute,SPRICE-d7f4030fc2a8b65799f6b437,"{""InstanceType"":""m6i.large"",""InstanceSeries"":""M6i"",""CoreCount"":2,""MemorySize"":8,""OperatingSystem"":""Linux"",""x_Tenancy"":""Shared""}",arn:aws:ec2:eu-west-1:200000000013:instance/i-40f7bad75d89,i-40f7bad75d89,EC2 Instance,eu-west-1,EU (Ireland),eu-west-1a,,,,,,,,,,"{""Environment"":""prod"",""CostCenter"":""cc-2087"",""Owner"":""team-platform""}"
AWS,AWS,AWS,INV-2026-05-0002,100000000002,ExampleCorp Secondary Payer,Payer Account,200000000013,data-analytics,Linked Account,2026-05-01T00:00:00Z,2026-06-01T00:00:00Z,2026-05-13T00:00:00Z,2026-05-14T00:00:00Z,Usage,,Glue ETL job run,Usage-Based,31.214502,31.214502,34.68278,31.214502,0.4400000000,0.3960000000,Standard,78.8245,DPU-Hours,USD,0.3960000000,31.214502,0.4400000000,USD,78.8245,DPU-Hours,AWSGlue,Analytics,Data Processing,SKU-edd508eddef1abee51edfd3a,Data Processing,SPRICE-d9fcf83357f0862b561e6bf6,"{""x_WorkerType"":""G.1X""}",arn:aws:glue:us-east-1:200000000013:job/job-faa2b52711d2,job-faa2b52711d2,Glue Job,us-east-1,US East (N. Virginia),,,,,,,,,,,"{""Environment"":""dev"",""CostCenter"":""cc-2087"",""Owner"":""team-payments""}"
AWS,AWS,AWS,INV-2026-05-0002,100000000002,ExampleCorp Secondary Payer,Payer Account,200000000014,sandbox-dev,Linked Account,2026-05-01T00:00:00Z,2026-06-01T00:00:00Z,2026-05-10T21:00:00Z,2026-05-10T22:00:00Z,Usage,,RDS PostgreSQL db.r6g.large,Usage-Based,0.216,0.216,0.24,0.216,0.2400000000,0.2160000000,Standard,1.0000,Hours,USD,0.2160000000,0.216,0.2400000000,USD,1.0000,Hours,AmazonRDS,Databases,Relational Databases,SKU-7a3ac49181ed25cc4a81dc35,Database,SPRICE-7a34752a4c02e0761e1464be,"{""InstanceType"":""db.r6g.large"",""InstanceSeries"":""R6g"",""CoreCount"":2,""MemorySize"":16,""x_Engine"":""PostgreSQL""}",arn:aws:rds:eu-west-1:200000000014:db/db-3043a5b4ad6d,db-3043a5b4ad6d,RDS Instance,eu-west-1,EU (Ireland),,,,,,,,,,,"{""Environment"":""staging"",""CostCenter"":""cc-1042"",""Owner"":""team-platform""}"
AWS,AWS,AWS,INV-2026-05-0001,100000000001,ExampleCorp Master Payer,Payer Account,200000000014,sandbox-dev,Linked Account,2026-05-01T00:00:00Z,2026-06-01T00:00:00Z,2026-05-10T22:00:00Z,2026-05-10T23:00:00Z,Usage,,Lambda function duration,Usage-Based,51.228620778,51.228620778,56.92080359471284,51.228620778,0.0000166667,0.0000150000,Standard,3415241.3852,GB-Seconds,USD,0.0000150000,51.228620778,0.0000166667,USD,3415241.3852,GB-Seconds,AWSLambda,Compute,Serverless Compute,SKU-790dfdd7277c16aec9cf7656,Compute,SPRICE-55fe45e894424abc4a1bb3fe,"{""x_Runtime"":""python3.12"",""x_Architecture"":""arm64""}",arn:aws:lambda:us-west-2:200000000014:function/fn-32fabf82acd6,fn-32fabf82acd6,Lambda Function,us-west-2,US West (Oregon),,,,,,,,,,,"{""Environment"":""dev"",""CostCenter"":""cc-1042"",""Owner"":""team-platform""}"
AWS,AWS,AWS,INV-2026-05-0002,100000000002,ExampleCorp Secondary Payer,Payer Account,200000000014,sandbox-dev,Linked Account,2026-05-01T00:00:00Z,2026-06-01T00:00:00Z,2026-05-16T00:00:00Z,2026-05-17T00:00:00Z,Usage,,NAT gateway data processed,Usage-Based,2.5738155,2.5738155,2.859795,2.5738155,0.0450000000,0.0405000000,Standard,63.5510,GB,USD,0.0405000000,2.5738155,0.0450000000,USD,63.5510,GB,AmazonVPC,Networking,Network Connectivity,SKU-38ae1a660e2cadb9d64ca8e5,Data Transfer,SPRICE-974405df44bbf0808ce048b9,"{""x_TransferType"":""InterAZ""}",arn:aws:ec2:us-west-2:200000000014:natgateway/nat-a783ab4d94d6,nat-a783ab4d94d6,NAT Gateway,us-west-2,US West (Oregon),,,,,,,,,,,"{""Environment"":""prod"",""CostCenter"":""cc-2087"",""Owner"":""team-payments""}"
AWS,AWS,AWS,INV-2026-05-0001,100000000001,ExampleCorp Master Payer,Payer Account,200000000011,prod-platform,Linked Account,2026-05-01T00:00:00Z,2026-06-01T00:00:00Z,2026-05-17T00:00:00Z,2026-05-18T00:00:00Z,Usage,,DynamoDB on-demand write requests,Usage-Based,3.4826009637375,3.4826009637375,3.869556626375,3.4826009637375,0.0000012500,0.0000011250,Standard,3095645.3011,Requests,EUR,0.0000010350,3.2039928866385,0.0000011500,USD,3095645.3011,Requests,AmazonDynamoDB,Databases,NoSQL Databases,SKU-687affd9645b52f0bac81a2c,Database,SPRICE-ce16feee2474243ad0647ab6,"{""x_CapacityMode"":""On-Demand""}",arn:aws:dynamodb:us-west-2:200000000011:table/table-b21cbef50915,table-b21cbef50915,DynamoDB Table,us-west-2,US West (Oregon),,,,,,,,,,,"{""Environment"":""dev"",""CostCenter"":""cc-1042"",""Owner"":""team-payments""}"
AWS,AWS,AWS,INV-2026-05-0002,100000000002,ExampleCorp Secondary Payer,Payer Account,200000000011,prod-platform,Linked Account,2026-05-01T00:00:00Z,2026-06-01T00:00:00Z,2026-05-18T00:00:00Z,2026-05-19T00:00:00Z,Usage,,DynamoDB on-demand write requests,Usage-Based,0.868991540625,0.868991540625,0.96554615625,0.868991540625,0.0000012500,0.0000011250,Standard,772436.9250,Requests,USD,0.0000011250,0.868991540625,0.0000012500,USD,772436.9250,Requests,AmazonDynamoDB,Databases,NoSQL Databases,SKU-ed668466fc7fc7bc80c6b1e8,Database,SPRICE-c01526413ebdb215913eebd3,"{""x_CapacityMode"":""On-Demand""}",arn:aws:dynamodb:ap-southeast-1:200000000011:table/table-9c121b1b3e14,table-9c121b1b3e14,DynamoDB Table,ap-southeast-1,Asia Pacific (Singapore),,,,,,,,,,,"{""Environment"":""prod"",""CostCenter"":""cc-1042"",""Owner"":""team-platform""}"
AWS,AWS,AWS,INV-2026-05-0002,100000000002,ExampleCorp Secondary Payer,Payer Account,200000000014,sandbox-dev,Linked Account,2026-05-01T00:00:00Z,2026-06-01T00:00:00Z,2026-05-11T02:00:00Z,2026-05-11T03:00:00Z,Usage,,Lambda function duration,Usage-Based,42.1291210905,42.1291210905,46.81022816526909,42.1291210905,0.0000166667,0.0000150000,Standard,2808608.0727,GB-Seconds,EUR,0.0000138000,38.75879140326,0.0000153334,USD,2808608.0727,GB-Seconds,AWSLambda,Compute,Serverless Compute,SKU-10b7f1c880ad0bc78efd30e2,Compute,SPRICE-f698f85a0f5e59cb4990d3c1,"{""x_Runtime"":""python3.12"",""x_Architecture"":""arm64""}",arn:aws:lambda:ap-southeast-1:200000000014:function/fn-d0db5eff1a87,fn-d0db5eff1a87,Lambda Function,ap-southeast-1,Asia Pacific (Singapore),,,,,,,,,,,"{""Environment"":""prod"",""CostCenter"":""cc-3110"",""Owner"":""team-data""}"
AWS,AWS,AWS,INV-2026-05-0001,100000000001,ExampleCorp Master Payer,Payer Account,200000000011,prod-platform,Linked Account,2026-05-01T00:00:00Z,2026-06-01T00:00:00Z,2026-05-20T00:00:00Z,2026-05-21T00:00:00Z,Purchase,,AmazonS3 subscription fee,Recurring,515.75,515.75,515.75,515.75,515.75,515.75,Standard,1,Units,USD,515.7500000000,515.75,515.7500000000,USD,,,AmazonS3,Storage,Object Storage,SKU-fc4e3eb1f39d5a6844dfb39b,Subscription,SPRICE-d3afc54c8c4a89c62ec7ebf8,"{""x_ChargeType"": ""SubscriptionFee""}",arn:aws:s3:us-east-1:200000000011:bucket/bucket-2f8e91b01f34,bucket-2f8e91b01f34,S3 Bucket,us-east-1,US East (N. Virginia),,,,,,,,,,,"{""Environment"":""staging"",""CostCenter"":""cc-2087"",""Owner"":""team-platform""}"
AWS,AWS,AWS,INV-2026-05-0001,100000000001,ExampleCorp Master Payer,Payer Account,200000000012,staging-platform,Linked Account,2026-05-01T00:00:00Z,2026-06-01T00:00:00Z,2026-05-15T00:00:00Z,2026-05-16T00:00:00Z,Tax,,Synthetic tax 10% on usage record 127: AmazonCloudWatch,One-Time,5.2242948,5.2242948,5.804772,5.2242948,,,,,,USD,,5.2242948,,USD,,,AmazonCloudWatch,Management and Governance,Observability,,,,,,,,,,,,,,,,,,,,"{""Environment"":""prod"",""CostCenter"":""cc-2087"",""Owner"":""team-payments""}"
AWS,AWS,AWS,INV-2026-05-0001,100000000001,ExampleCorp Master Payer,Payer Account,200000000012,staging-platform,Linked Account,2026-05-01T00:00:00Z,2026-06-01T00:00:00Z,2026-05-11T05:00:00Z,2026-05-11T06:00:00Z,Usage,,Linux on-demand m6i.large,Usage-Based,0.0864,0.0864,0.096,0.0864,0.0960000000,0.0864000000,Standard,1.0000,Hours,USD,0.0864000000,0.0864,0.0960000000,USD,1.0000,Hours,AmazonEC2,Compute,Virtual Machines,SKU-093c0d7a3a0491f8523e34c8,Compute,SPRICE-bab283475cbbabd222878e74,"{""InstanceType"":""m6i.large"",""InstanceSeries"":""M6i"",""CoreCount"":2,""MemorySize"":8,""OperatingSystem"":""Linux"",""x_Tenancy"":""Shared""}",arn:aws:ec2:ap-southeast-1:200000000012:instance/i-dd64e0adc18b,i-dd64e0adc18b,EC2 Instance,ap-southeast-1,Asia Pacific (Singapore),ap-southeast-1b,,,,,,,,,,"{""Environment"":""staging"",""CostCenter"":""cc-2087"",""Owner"":""team-data""}"
AWS,AWS,AWS,INV-2026-05-0002,100000000002,ExampleCorp Secondary Payer,Payer Account,200000000011,prod-platform,Linked Account,2026-05-01T00:00:00Z,2026-06-01T00:00:00Z,2026-05-11T06:00:00Z,2026-05-11T07:00:00Z,Usage,,Lambda function duration,Usage-Based,39.0609951705,39.0609951705,43.40119254721149,39.0609951705,0.0000166667,0.0000150000,Standard,2604066.3447,GB-Seconds,USD,0.0000150000,39.0609951705,0.0000166667,USD,2604066.3447,GB-Seconds,AWSLambda,Compute,Serverless Compute,SKU-790dfdd7277c16aec9cf7656,Compute,SPRICE-55fe45e894424abc4a1bb3fe,"{""x_Runtime"":""python3.12"",""x_Architecture"":""arm64""}",arn:aws:lambda:us-west-2:200000000011:function/fn-e69fe8bc4a09,fn-e69fe8bc4a09,Lambda Function,us-west-2,US West (Oregon),,,,,,,,,,,"{""Environment"":""dev"",""CostCenter"":""cc-3110"",""Owner"":""team-payments""}"
AWS,AWS,AWS,INV-2026-05-0001,100000000001,ExampleCorp Master Payer,Payer Account,200000000013,data-analytics,Linked Account,2026-05-01T00:00:00Z,2026-06-01T00:00:00Z,2026-05-24T00:00:00Z,2026-05-25T00:00:00Z,Purchase,,AmazonS3 subscription fee,Recurring,387.83,387.83,387.83,387.83,387.83,387.83,Standard,1,Units,USD,387.8300000000,387.83,387.8300000000,USD,,,AmazonS3,Storage,Object Storage,SKU-b1746099ede53568b3911f52,Subscription,SPRICE-d8675cf4fb69d225a4692e54,"{""x_ChargeType"": ""SubscriptionFee""}",arn:aws:s3:ap-southeast-1:200000000013:bucket/bucket-2943e4641292,bucket-2943e4641292,S3 Bucket,ap-southeast-1,Asia Pacific (Singapore),,,,,,,,,,,"{""Environment"":""staging"",""CostCenter"":""cc-3110"",""Owner"":""team-data""}"
AWS,AWS,AWS,INV-2026-05-0002,100000000002,ExampleCorp Secondary Payer,Payer Account,200000000013,data-analytics,Linked Account,2026-05-01T00:00:00Z,2026-06-01T00:00:00Z,2026-05-21T00:00:00Z,2026-05-22T00:00:00Z,Tax,,Synthetic tax 10% on usage record 189: AmazonVPC,One-Time,1.97901306,1.97901306,2.1989034,1.97901306,,,,,,USD,,1.97901306,,USD,,,AmazonVPC,Networking,Network Connectivity,,,,,,,,,,,,,,,,,,,,"{""Environment"":""dev"",""CostCenter"":""cc-2087"",""Owner"":""team-platform""}"
AWS,AWS,AWS,INV-2026-05-0001,100000000001,ExampleCorp Master Payer,Payer Account,200000000014,sandbox-dev,Linked Account,2026-05-01T00:00:00Z,2026-06-01T00:00:00Z,2026-05-01T00:00:00Z,2026-06-01T00:00:00Z,Usage,,S3 Standard storage,Usage-Based,16.84757475,16.84757475,18.7195275,16.84757475,0.0230000000,0.0207000000,Standard,813.8925,GB-Months,EUR,0.0190440000,15.49976877,0.0211600000,USD,813.8925,GB-Months,AmazonS3,Storage,Object Storage,SKU-ca447aa86bf44972e43c1f69,Storage,SPRICE-33a1dd994537f0c0569993ec,"{""StorageClass"":""Standard"",""Redundancy"":""Zonal""}",arn:aws:s3:us-east-1:200000000014:bucket/bucket-c07922668683,bucket-c07922668683,S3 Bucket,us-east-1,US East (N. Virginia),,,,,,,,,,,"{""Environment"":""dev"",""CostCenter"":""cc-1042"",""Owner"":""team-payments""}"
AWS,AWS,AWS,INV-2026-05-0002,100000000002,ExampleCorp Secondary Payer,Payer Account,200000000011,prod-platform,Linked Account,2026-05-01T00:00:00Z,2026-06-01T00:00:00Z,2026-05-27T00:00:00Z,2026-05-28T00:00:00Z,Usage,,NAT gateway data processed,Usage-Based,14.75877915,14.75877915,16.3986435,14.75877915,0.0450000000,0.0405000000,Standard,364.4143,GB,USD,0.0405000000,14.75877915,0.0450000000,USD,364.4143,GB,AmazonVPC,Networking,Network Connectivity,SKU-38ae1a660e2cadb9d64ca8e5,Data Transfer,SPRICE-974405df44bbf0808ce048b9,"{""x_TransferType"":""InterAZ""}",arn:aws:ec2:us-west-2:200000000011:natgateway/nat-de049bc6a2d4,nat-de049bc6a2d4,NAT Gateway,us-west-2,US West (Oregon),,,,,,,,,,,"{""Environment"":""staging"",""CostCenter"":""cc-1042"",""Owner"":""team-data""}"
AWS,AWS,AWS,INV-2026-05-0002,100000000002,ExampleCorp Secondary Payer,Payer Account,200000000014,sandbox-dev,Linked Account,2026-05-01T00:00:00Z,2026-06-01T00:00:00Z,2026-05-11T11:00:00Z,2026-05-11T12:00:00Z,Usage,,Linux on-demand m6i.large,Usage-Based,0.0864,0.0864,0.096,0.0864,0.0960000000,0.0864000000,Standard,1.0000,Hours,USD,0.0864000000,0.0864,0.0960000000,USD,1.0000,Hours,AmazonEC2,Compute,Virtual Machines,SKU-e0e295f006e6a0732dd5f77b,Compute,SPRICE-98f5ebeb1125d6e984c27bb1,"{""InstanceType"":""m6i.large"",""InstanceSeries"":""M6i"",""CoreCount"":2,""MemorySize"":8,""OperatingSystem"":""Linux"",""x_Tenancy"":""Shared""}",arn:aws:ec2:us-west-2:200000000014:instance/i-23c6d586f7a8,i-23c6d586f7a8,EC2 Instance,us-west-2,US West (Oregon),us-west-2a,,,,,,,,,,"{""Environment"":""prod"",""CostCenter"":""cc-2087"",""Owner"":""team-payments""}"
AWS,AWS,AWS,INV-2026-05-0001,100000000001,ExampleCorp Master Payer,Payer Account,200000000013,data-analytics,Linked Account,2026-05-01T00:00:00Z,2026-06-01T00:00:00Z,2026-05-11T12:00:00Z,2026-05-11T13:00:00Z,Usage,,Lambda function duration,Usage-Based,65.7323359275,65.7323359275,73.03607488019095,65.7323359275,0.0000166667,0.0000150000,Standard,4382155.7285,GB-Seconds,USD,0.0000150000,65.7323359275,0.0000166667,USD,4382155.7285,GB-Seconds,AWSLambda,Compute,Serverless Compute,SKU-67dc4ce0843e58b6125cbdce,Compute,SPRICE-227d5491bbfb36c4f69bea63,"{""x_Runtime"":""python3.12"",""x_Architecture"":""arm64""}",arn:aws:lambda:us-east-1:200000000013:function/fn-5ec4c9a6a7bf,fn-5ec4c9a6a7bf,Lambda Function,us-east-1,US East (N. Virginia),,,,,,,,,,,"{""Environment"":""staging"",""CostCenter"":""cc-2087"",""Owner"":""team-data""}"
AWS,AWS,AWS,INV-2026-05-0002,100000000002,ExampleCorp Secondary Payer,Payer Account,200000000012,staging-platform,Linked Account,2026-05-01T00:00:00Z,2026-06-01T00:00:00Z,2026-05-11T13:00:00Z,2026-05-11T14:00:00Z,Usage,,Linux on-demand m6i.large,Usage-Based,0.0864,0.0864,0.096,0.0864,0.0960000000,0.0864000000,Standard,1.0000,Hours,USD,0.0864000000,0.0864,0.0960000000,USD,1.0000,Hours,AmazonEC2,Compute,Virtual Machines,SKU-e0e295f006e6a0732dd5f77b,Compute,SPRICE-98f5ebeb1125d6e984c27bb1,"{""InstanceType"":""m6i.large"",""InstanceSeries"":""M6i"",""CoreCount"":2,""MemorySize"":8,""OperatingSystem"":""Linux"",""x_Tenancy"":""Shared""}",arn:aws:ec2:us-west-2:200000000012:instance/i-99c8265176be,i-99c8265176be,EC2 Instance,us-west-2,US West (Oregon),us-west-2a,,,,,,,,,,"{""Environment"":""staging"",""CostCenter"":""cc-3110"",""Owner"":""team-payments""}"
AWS,AWS,AWS,INV-2026-05-0002,100000000002,ExampleCorp Secondary Payer,Payer Account,200000000011,prod-platform,Linked Account,2026-05-01T00:00:00Z,2026-06-01T00:00:00Z,2026-05-11T14:00:00Z,2026-05-11T15:00:00Z,Usage,,RDS PostgreSQL db.r6g.large,Usage-Based,0.216,0.216,0.24,0.216,0.2400000000,0.2160000000,Standard,1.0000,Hours,EUR,0.1987200000,0.19872,0.2208000000,USD,1.0000,Hours,AmazonRDS,Databases,Relational Databases,SKU-7a3ac49181ed25cc4a81dc35,Database,SPRICE-705845b2f89aec43a44c464e,"{""InstanceType"":""db.r6g.large"",""InstanceSeries"":""R6g"",""CoreCount"":2,""MemorySize"":16,""x_Engine"":""PostgreSQL""}",arn:aws:rds:eu-west-1:200000000011:db/db-fad87ede991b,db-fad87ede991b,RDS Instance,eu-west-1,EU (Ireland),,,,,,,,,,,"{""Environment"":""dev"",""CostCenter"":""cc-3110"",""Owner"":""team-platform""}"
AWS,AWS,AWS,INV-2026-05-0001,100000000001,ExampleCorp Master Payer,Payer Account,200000000013,data-analytics,Linked Account,2026-05-01T00:00:00Z,2026-06-01T00:00:00Z,2026-05-11T15:00:00Z,2026-05-11T16:00:00Z,Usage,,Linux on-demand m6i.large,Usage-Based,0.0864,0.0864,0.096,0.0864,0.0960000000,0.0864000000,Standard,1.0000,Hours,USD,0.0864000000,0.0864,0.0960000000,USD,1.0000,Hours,AmazonEC2,Compute,Virtual Machines,SKU-e0e295f006e6a0732dd5f77b,Compute,SPRICE-98f5ebeb1125d6e984c27bb1,"{""InstanceType"":""m6i.large"",""InstanceSeries"":""M6i"",""CoreCount"":2,""MemorySize"":8,""OperatingSystem"":""Linux"",""x_Tenancy"":""Shared""}",arn:aws:ec2:us-west-2:200000000013:instance/i-f10038dc8745,i-f10038dc8745,EC2 Instance,us-west-2,US West (Oregon),us-west-2b,,,,,,,,,,"{""Environment"":""staging"",""CostCenter"":""cc-2087"",""Owner"":""team-data""}"
AWS,AWS,AWS,INV-2026-05-0002,100000000002,ExampleCorp Secondary Payer,Payer Account,200000000011,prod-platform,Linked Account,2026-05-01T00:00:00Z,2026-06-01T00:00:00Z,2026-05-05T00:00:00Z,2026-05-06T00:00:00Z,Usage,,DynamoDB on-demand write requests,Usage-Based,4.984811212275,4.984811212275,5.53867912475,4.984811212275,0.0000012500,0.0000011250,Standard,4430943.2998,Requests,USD,0.0000011250,4.984811212275,0.0000012500,USD,4430943.2998,Requests,AmazonDynamoDB,Databases,NoSQL Databases,SKU-b60be50671e3ea779ca4990a,Database,SPRICE-01c9691ef6482a9102c7a4ff,"{""x_CapacityMode"":""On-Demand""}",arn:aws:dynamodb:us-east-1:200000000011:table/table-4f3f3a3f1a15,table-4f3f3a3f1a15,DynamoDB Table,us-east-1,US East (N. Virginia),,,,,,,,,,,"{""Environment"":""dev"",""CostCenter"":""cc-3110"",""Owner"":""team-platform""}"
AWS,AWS,AWS,INV-2026-05-0001,100000000001,ExampleCorp Master Payer,Payer Account,200000000014,sandbox-dev,Linked Account,2026-05-01T00:00:00Z,2026-06-01T00:00:00Z,2026-05-11T17:00:00Z,2026-05-11T18:00:00Z,Usage,,Linux on-demand m6i.large,Usage-Based,0.0864,0.0864,0.096,0.0864,0.0960000000,0.0864000000,Standard,1.0000,Hours,USD,0.0864000000,0.0864,0.0960000000,USD,1.0000,Hours,AmazonEC2,Compute,Virtual Machines,SKU-736a4dd80178572d8370293d,Compute,SPRICE-c862323f09b487c42efb1c6b,"{""InstanceType"":""m6i.large"",""InstanceSeries"":""M6i"",""CoreCount"":2,""MemorySize"":8,""OperatingSystem"":""Linux"",""x_Tenancy"":""Shared""}",arn:aws:ec2:us-east-1:200000000014:instance/i-87a5a8d449ea,i-87a5a8d449ea,EC2 Instance,us-east-1,US East (N. Virginia),us-east-1a,,,,,,,,,,"{""Environment"":""staging"",""CostCenter"":""cc-2087"",""Owner"":""team-data""}"
AWS,AWS,AWS,INV-2026-05-0002,100000000002,ExampleCorp Secondary Payer,Payer Account,200000000013,data-analytics,Linked Account,2026-05-01T00:00:00Z,2026-06-01T00:00:00Z,2026-05-11T18:00:00Z,2026-05-11T19:00:00Z,Usage,,Lambda function duration,Usage-Based,23.402361399,23.402361399,26.00267578191422,23.402361399,0.0000166667,0.0000150000,Standard,1560157.4266,GB-Seconds,USD,0.0000150000,23.402361399,0.0000166667,USD,1560157.4266,GB-Seconds,AWSLambda,Compute,Serverless Compute,SKU-790dfdd7277c16aec9cf7656,Compute,SPRICE-55fe45e894424abc4a1bb3fe,"{""x_Runtime"":""python3.12"",""x_Architecture"":""arm64""}",arn:aws:lambda:us-west-2:200000000013:function/fn-4d4673b493b7,fn-4d4673b493b7,Lambda Function,us-west-2,US West (Oregon),,,,,,,,,,,"{""Environment"":""staging"",""CostCenter"":""cc-1042"",""Owner"":""team-platform""}"
AWS,AWS,AWS,INV-2026-05-0002,100000000002,ExampleCorp Secondary Payer,Payer Account,200000000013,data-analytics,Linked Account,2026-05-01T00:00:00Z,2026-06-01T00:00:00Z,2026-05-08T00:00:00Z,2026-05-09T00:00:00Z,Purchase,,AmazonDynamoDB subscription fee,Recurring,28.27,28.27,28.27,28.27,28.27,28.27,Standard,1,Units,USD,28.2700000000,28.27,28.2700000000,USD,,,AmazonDynamoDB,Databases,NoSQL Databases,SKU-a2672317016d065252b0e334,Subscription,SPRICE-dbc8cd590f2480e0074ec6ed,"{""x_ChargeType"": ""SubscriptionFee""}",arn:aws:dynamodb:ap-southeast-1:200000000013:table/table-065b3b113b24,table-065b3b113b24,DynamoDB Table,ap-southeast-1,Asia Pacific (Singapore),,,,,,,,,,,"{""Environment"":""dev"",""CostCenter"":""cc-1042"",""Owner"":""team-payments""}"
AWS,AWS,AWS,INV-2026-05-0002,100000000002,ExampleCorp Secondary Payer,Payer Account,200000000014,sandbox-dev,Linked Account,2026-05-01T00:00:00Z,2026-06-01T00:00:00Z,2026-05-09T00:00:00Z,2026-05-10T00:00:00Z,Usage,,Custom metrics,Usage-Based,29.350296,29.350296,32.61144,29.350296,0.3000000000,0.2700000000,Standard,108.7048,Metrics,USD,0.2700000000,29.350296,0.3000000000,USD,108.7048,Metrics,AmazonCloudWatch,Management and Governance,Observability,SKU-917addcfe26d359456f585f4,Monitoring,SPRICE-bfed9ccd55f51b42ca94dd2b,"{""x_MetricType"":""Custom""}",arn:aws:cloudwatch:eu-west-1:200000000014:metric/metric-e2de63d00a0a,metric-e2de63d00a0a,Metric,eu-west-1,EU (Ireland),,,,,,,,,,,"{""Environment"":""prod"",""CostCenter"":""cc-1042"",""Owner"":""team-platform""}"
AWS,AWS,AWS,INV-2026-05-0001,100000000001,ExampleCorp Master Payer,Payer Account,200000000014,sandbox-dev,Linked Account,2026-05-01T00:00:00Z,2026-06-01T00:00:00Z,2026-05-10T00:00:00Z,2026-05-11T00:00:00Z,Purchase,,AmazonDynamoDB subscription fee,Recurring,766.94,766.94,766.94,766.94,766.94,766.94,Standard,1,Units,USD,766.9400000000,766.94,766.9400000000,USD,,,AmazonDynamoDB,Databases,NoSQL Databases,SKU-125214544252bff5303e082f,Subscription,SPRICE-fc9426d640ba10313ec79963,"{""x_ChargeType"": ""SubscriptionFee""}",arn:aws:dynamodb:eu-west-1:200000000014:table/table-57eee6725181,table-57eee6725181,DynamoDB Table,eu-west-1,EU (Ireland),,,,,,,,,,,"{""Environment"":""staging"",""CostCenter"":""cc-2087"",""Owner"":""team-platform""}"
AWS,AWS,AWS,INV-2026-05-0002,100000000002,ExampleCorp Secondary Payer,Payer Account,200000000011,prod-platform,Linked Account,2026-05-01T00:00:00Z,2026-06-01T00:00:00Z,2026-05-11T00:00:00Z,2026-05-12T00:00:00Z,Usage,,Glue ETL job run,Usage-Based,24.8186664,24.8186664,27.576296,24.8186664,0.4400000000,0.3960000000,Standard,62.6734,DPU-Hours,EUR,0.3643200000,22.833173088,0.4048000000,USD,62.6734,DPU-Hours,AWSGlue,Analytics,Data Processing,SKU-d1426392ab27c72810db5ee9,Data Processing,SPRICE-5867ebd0cfa6188b74ea4b3a,"{""x_WorkerType"":""G.1X""}",arn:aws:glue:ap-southeast-1:200000000011:job/job-9c3f36e31cfd,job-9c3f36e31cfd,Glue Job,ap-southeast-1,Asia Pacific (Singapore),,,,,,,,,,,"{""Environment"":""staging"",""CostCenter"":""cc-2087"",""Owner"":""team-data""}"
AWS,AWS,AWS,INV-2026-05-0001,100000000001,ExampleCorp Master Payer,Payer Account,200000000013,data-analytics,Linked Account,2026-05-01T00:00:00Z,2026-06-01T00:00:00Z,2026-05-12T00:00:00Z,2026-05-13T00:00:00Z,Usage,,NAT gateway data processed,Usage-Based,13.21269975,13.21269975,14.6807775,13.21269975,0.0450000000,0.0405000000,Standard,326.2395,GB,EUR,0.0372600000,12.15568377,0.0414000000,USD,326.2395,GB,AmazonVPC,Networking,Network Connectivity,SKU-3d9b08c72ec44814e0bd4e25,Data Transfer,SPRICE-64b40b6b70d2bedfb1975249,"{""x_TransferType"":""InterAZ""}",arn:aws:ec2:eu-west-1:200000000013:natgateway/nat-a4fe5b3a9cc1,nat-a4fe5b3a9cc1,NAT Gateway,eu-west-1,EU (Ireland),,,,,,,,,,,"{""Environment"":""staging"",""CostCenter"":""cc-1042"",""Owner"":""team-payments""}"
AWS,AWS,AWS,INV-2026-05-0002,100000000002,ExampleCorp Secondary Payer,Payer Account,200000000014,sandbox-dev,Linked Account,2026-05-01T00:00:00Z,2026-06-01T00:00:00Z,2026-05-12T00:00:00Z,2026-05-12T01:00:00Z,Usage,,Linux on-demand m6i.large,Usage-Based,0.0864,0.0864,0.096,0.0864,0.0960000000,0.0864000000,Standard,1.0000,Hours,USD,0.0864000000,0.0864,0.0960000000,USD,1.0000,Hours,AmazonEC2,Compute,Virtual Machines,SKU-e0e295f006e6a0732dd5f77b,Compute,SPRICE-98f5ebeb1125d6e984c27bb1,"{""InstanceType"":""m6i.large"",""InstanceSeries"":""M6i"",""CoreCount"":2,""MemorySize"":8,""OperatingSystem"":""Linux"",""x_Tenancy"":""Shared""}",arn:aws:ec2:us-west-2:200000000014:instance/i-71d9decec1ba,i-71d9decec1ba,EC2 Instance,us-west-2,US West (Oregon),us-west-2b,,,,,,,,,,"{""Environment"":""dev"",""CostCenter"":""cc-2087"",""Owner"":""team-payments""}"
AWS,AWS,AWS,INV-2026-05-0001,100000000001,ExampleCorp Master Payer,Payer Account,200000000011,prod-platform,Linked Account,2026-05-01T00:00:00Z,2026-06-01T00:00:00Z,2026-05-14T00:00:00Z,2026-05-15T00:00:00Z,Purchase,,AmazonEC2 subscription fee,Recurring,596.74,596.74,596.74,596.74,596.74,596.74,Standard,1,Units,USD,596.7400000000,596.74,596.7400000000,USD,,,AmazonEC2,Compute,Virtual Machines,SKU-d628ef34dd76e494858ef744,Subscription,SPRICE-be085248bbc4792303298e2e,"{""x_ChargeType"": ""SubscriptionFee""}",arn:aws:ec2:eu-west-1:200000000011:instance/i-42e1802de234,i-42e1802de234,EC2 Instance,eu-west-1,EU (Ireland),,,,,,,,,,,"{""Environment"":""prod"",""CostCenter"":""cc-2087"",""Owner"":""team-payments""}"
AWS,AWS,AWS,INV-2026-05-0001,100000000001,ExampleCorp Master Payer,Payer Account,200000000011,prod-platform,Linked Account,2026-05-01T00:00:00Z,2026-06-01T00:00:00Z,2026-05-15T00:00:00Z,2026-05-16T00:00:00Z,Usage,,Custom metrics,Usage-Based,52.220403,52.220403,58.02267,52.220403,0.3000000000,0.2700000000,Standard,193.4089,Metrics,USD,0.2700000000,52.220403,0.3000000000,USD,193.4089,Metrics,AmazonCloudWatch,Management and Governance,Observability,SKU-7f3902e3f370805f0a245d7f,Monitoring,SPRICE-dae68554fa459d336630e8d7,"{""x_MetricType"":""Custom""}",arn:aws:cloudwatch:ap-southeast-1:200000000011:metric/metric-50b8ed29e980,metric-50b8ed29e980,Metric,ap-southeast-1,Asia Pacific (Singapore),,,,,,,,,,,"{""Environment"":""staging"",""CostCenter"":""cc-2087"",""Owner"":""team-platform""}"
AWS,AWS,AWS,INV-2026-05-0002,100000000002,ExampleCorp Secondary Payer,Payer Account,200000000013,data-analytics,Linked Account,2026-05-01T00:00:00Z,2026-06-01T00:00:00Z,2026-05-12T03:00:00Z,2026-05-12T04:00:00Z,Usage,,RDS PostgreSQL db.r6g.large,Usage-Based,0.216,0.216,0.24,0.216,0.2400000000,0.2160000000,Standard,1.0000,Hours,USD,0.2160000000,0.216,0.2400000000,USD,1.0000,Hours,AmazonRDS,Databases,Relational Databases,SKU-7a3ac49181ed25cc4a81dc35,Database,SPRICE-7a34752a4c02e0761e1464be,"{""InstanceType"":""db.r6g.large"",""InstanceSeries"":""R6g"",""CoreCount"":2,""MemorySize"":16,""x_Engine"":""PostgreSQL""}",arn:aws:rds:eu-west-1:200000000013:db/db-d9d3e1372738,db-d9d3e1372738,RDS Instance,eu-west-1,EU (Ireland),,,,,,,,,,,"{""Environment"":""prod"",""CostCenter"":""cc-1042"",""Owner"":""team-platform""}"
AWS,AWS,AWS,INV-2026-05-0001,100000000001,ExampleCorp Master Payer,Payer Account,200000000011,prod-platform,Linked Account,2026-05-01T00:00:00Z,2026-06-01T00:00:00Z,2026-05-17T00:00:00Z,2026-05-18T00:00:00Z,Usage,,NAT gateway data processed,Usage-Based,10.5367959,10.5367959,11.707551,10.5367959,0.0450000000,0.0405000000,Standard,260.1678,GB,EUR,0.0372600000,9.693852228,0.0414000000,USD,260.1678,GB,AmazonVPC,Networking,Network Connectivity,SKU-935abd9125f7268b4f0eb1ad,Data Transfer,SPRICE-3e32128e943204700280bcac,"{""x_TransferType"":""InterAZ""}",arn:aws:ec2:us-east-1:200000000011:natgateway/nat-00257b456a09,nat-00257b456a09,NAT Gateway,us-east-1,US East (N. Virginia),,,,,,,,,,,"{""Environment"":""prod"",""CostCenter"":""cc-1042"",""Owner"":""team-payments""}"
AWS,AWS,AWS,INV-2026-05-0001,100000000001,ExampleCorp Master Payer,Payer Account,200000000014,sandbox-dev,Linked Account,2026-05-01T00:00:00Z,2026-06-01T00:00:00Z,2026-05-09T00:00:00Z,2026-05-10T00:00:00Z,Tax,,Synthetic tax 10% on usage record 9: AmazonVPC,One-Time,0.890563815,0.890563815,0.98951535,0.890563815,,,,,,USD,,0.890563815,,USD,,,AmazonVPC,Networking,Network Connectivity,,,,,,,,,,,,,,,,,,,,"{""Environment"":""staging"",""CostCenter"":""cc-1042"",""Owner"":""team-payments""}"
AWS,AWS,AWS,INV-2026-05-0002,100000000002,ExampleCorp Secondary Payer,Payer Account,200000000011,prod-platform,Linked Account,2026-05-01T00:00:00Z,2026-06-01T00:00:00Z,2026-05-19T00:00:00Z,2026-05-20T00:00:00Z,Usage,,DynamoDB on-demand write requests,Usage-Based,3.467896827975,3.467896827975,3.85321869775,3.467896827975,0.0000012500,0.0000011250,Standard,3082574.9582,Requests,EUR,0.0000010350,3.190465081737,0.0000011500,USD,3082574.9582,Requests,AmazonDynamoDB,Databases,NoSQL Databases,SKU-687affd9645b52f0bac81a2c,Database,SPRICE-ce16feee2474243ad0647ab6,"{""x_CapacityMode"":""On-Demand""}",arn:aws:dynamodb:us-west-2:200000000011:table/table-b6494cf8da1a,table-b6494cf8da1a,DynamoDB Table,us-west-2,US West (Oregon),,,,,,,,,,,"{""Environment"":""staging"",""CostCenter"":""cc-3110"",""Owner"":""team-payments""}"
AWS,AWS,AWS,INV-2026-05-0002,100000000002,ExampleCorp Secondary Payer,Payer Account,200000000013,data-analytics,Linked Account,2026-05-01T00:00:00Z,2026-06-01T00:00:00Z,2026-05-12T07:00:00Z,2026-05-12T08:00:00Z,Usage,,Lambda function duration,Usage-Based,48.846893298,48.846893298,54.27443443531844,48.846893298,0.0000166667,0.0000150000,Standard,3256459.5532,GB-Seconds,EUR,0.0000138000,44.93914183416,0.0000153334,USD,3256459.5532,GB-Seconds,AWSLambda,Compute,Serverless Compute,SKU-10b7f1c880ad0bc78efd30e2,Compute,SPRICE-f698f85a0f5e59cb4990d3c1,"{""x_Runtime"":""python3.12"",""x_Architecture"":""arm64""}",arn:aws:lambda:ap-southeast-1:200000000013:function/fn-88c53eeb326b,fn-88c53eeb326b,Lambda Function,ap-southeast-1,Asia Pacific (Singapore),,,,,,,,,,,"{""Environment"":""staging"",""CostCenter"":""cc-3110"",""Owner"":""team-data""}"
AWS,AWS,AWS,INV-2026-05-0002,100000000002,ExampleCorp Secondary Payer,Payer Account,200000000012,staging-platform,Linked Account,2026-05-01T00:00:00Z,2026-06-01T00:00:00Z,2026-05-01T00:00:00Z,2026-06-01T00:00:00Z,Usage,,S3 Standard storage,Usage-Based,31.34517372,31.34517372,34.8279708,31.34517372,0.0230000000,0.0207000000,Standard,1514.2596,GB-Months,USD,0.0207000000,31.34517372,0.0230000000,USD,1514.2596,GB-Months,AmazonS3,Storage,Object Storage,SKU-e7cfcc3199bb16b2dd7b1493,Storage,SPRICE-5d75931c911c493aa2aa3d41,"{""StorageClass"":""Standard"",""Redundancy"":""Zonal""}",arn:aws:s3:ap-southeast-1:200000000012:bucket/bucket-e42b28d1867b,bucket-e42b28d1867b,S3 Bucket,ap-southeast-1,Asia Pacific (Singapore),,,,,,,,,,,"{""Environment"":""staging"",""CostCenter"":""cc-2087"",""Owner"":""team-platform""}"
AWS,AWS,AWS,INV-2026-05-0001,100000000001,ExampleCorp Master Payer,Payer Account,200000000014,sandbox-dev,Linked Account,2026-05-01T00:00:00Z,2026-06-01T00:00:00Z,2026-05-22T00:00:00Z,2026-05-23T00:00:00Z,Usage,,Custom metrics,Usage-Based,42.63381,42.63381,47.3709,42.63381,0.3000000000,0.2700000000,Standard,157.9030,Metrics,USD,0.2700000000,42.63381,0.3000000000,USD,157.9030,Metrics,AmazonCloudWatch,Management and Governance,Observability,SKU-34e5538fb30cbad0ab6e9eda,Monitoring,SPRICE-7775836205fc8d4f07876728,"{""x_MetricType"":""Custom""}",arn:aws:cloudwatch:us-west-2:200000000014:metric/metric-a01ccb76b74f,metric-a01ccb76b74f,Metric,us-west-2,US West (Oregon),,,,,,,,,,,"{""Environment"":""dev"",""CostCenter"":""cc-1042"",""Owner"":""team-platform""}"
AWS,AWS,AWS,INV-2026-05-0001,100000000001,ExampleCorp Master Payer,Payer Account,200000000012,staging-platform,Linked Account,2026-05-01T00:00:00Z,2026-06-01T00:00:00Z,2026-05-23T00:00:00Z,2026-05-24T00:00:00Z,Usage,,NAT gateway data processed,Usage-Based,18.99433395,18.99433395,21.1048155,18.99433395,0.0450000000,0.0405000000,Standard,468.9959,GB,USD,0.0405000000,18.99433395,0.0450000000,USD,468.9959,GB,AmazonVPC,Networking,Network Connectivity,SKU-3d9b08c72ec44814e0bd4e25,Data Transfer,SPRICE-5df2ff31768360bf23008ec4,"{""x_TransferType"":""InterAZ""}",arn:aws:ec2:eu-west-1:200000000012:natgateway/nat-d8e833509eea,nat-d8e833509eea,NAT Gateway,eu-west-1,EU (Ireland),,,,,,,,,,,"{""Environment"":""dev"",""CostCenter"":""cc-2087"",""Owner"":""team-platform""}"
AWS,AWS,AWS,INV-2026-05-0002,100000000002,ExampleCorp Secondary Payer,Payer Account,200000000014,sandbox-dev,Linked Account,2026-05-01T00:00:00Z,2026-06-01T00:00:00Z,2026-05-12T11:00:00Z,2026-05-12T12:00:00Z,Usage,,RDS PostgreSQL db.r6g.large,Usage-Based,0.216,0.216,0.24,0.216,0.2400000000,0.2160000000,Standard,1.0000,Hours,USD,0.2160000000,0.216,0.2400000000,USD,1.0000,Hours,AmazonRDS,Databases,Relational Databases,SKU-59cf7266a13e6ea4d00d0143,Database,SPRICE-bde64d57365802abbf64195d,"{""InstanceType"":""db.r6g.large"",""InstanceSeries"":""R6g"",""CoreCount"":2,""MemorySize"":16,""x_Engine"":""PostgreSQL""}",arn:aws:rds:ap-southeast-1:200000000014:db/db-ee0a6c78aef9,db-ee0a6c78aef9,RDS Instance,ap-southeast-1,Asia Pacific (Singapore),,,,,,,,,,,"{""Environment"":""staging"",""CostCenter"":""cc-1042"",""Owner"":""team-payments""}"
AWS,AWS,AWS,INV-2026-05-0001,100000000001,ExampleCorp Master Payer,Payer Account,200000000014,sandbox-dev,Linked Account,2026-05-01T00:00:00Z,2026-06-01T00:00:00Z,2026-05-25T00:00:00Z,2026-05-26T00:00:00Z,Purchase,,AWSLambda subscription fee,Recurring,160.2,160.2,160.2,160.2,160.2,160.2,Standard,1,Units,USD,160.2000000000,160.2,160.2000000000,USD,,,AWSLambda,Compute,Serverless Compute,SKU-9a74fd410e6e4f08064b2dd5,Subscription,SPRICE-93ee86cad4d9013385430597,"{""x_ChargeType"": ""SubscriptionFee""}",arn:aws:lambda:eu-west-1:200000000014:function/fn-6d40260c8991,fn-6d40260c8991,Lambda Function,eu-west-1,EU (Ireland),,,,,,,,,,,"{""Environment"":""dev"",""CostCenter"":""cc-3110"",""Owner"":""team-platform""}"
AWS,AWS,AWS,INV-2026-05-0002,100000000002,ExampleCorp Secondary Payer,Payer Account,200000000012,staging-platform,Linked Account,2026-05-01T00:00:00Z,2026-06-01T00:00:00Z,2026-05-26T00:00:00Z,2026-05-27T00:00:00Z,Usage,,Custom metrics,Usage-Based,47.542761,47.542761,52.82529,47.542761,0.3000000000,0.2700000000,Standard,176.0843,Metrics,USD,0.2700000000,47.542761,0.3000000000,USD,176.0843,Metrics,AmazonCloudWatch,Management and Governance,Observability,SKU-34e5538fb30cbad0ab6e9eda,Monitoring,SPRICE-7775836205fc8d4f07876728,"{""x_MetricType"":""Custom""}",arn:aws:cloudwatch:us-west-2:200000000012:metric/metric-ce3a3f9038ed,metric-ce3a3f9038ed,Metric,us-west-2,US West (Oregon),,,,,,,,,,,"{""Environment"":""prod"",""CostCenter"":""cc-3110"",""Owner"":""team-platform""}"
AWS,AWS,AWS,INV-2026-05-0002,100000000002,ExampleCorp Secondary Payer,Payer Account,200000000011,prod-platform,Linked Account,2026-05-01T00:00:00Z,2026-06-01T00:00:00Z,2026-05-11T06:00:00Z,2026-05-11T07:00:00Z,Tax,,Synthetic tax 10% on usage record 247: AWSLambda,One-Time,3.90609951705,3.90609951705,4.340119254721149,3.90609951705,,,,,,USD,,3.90609951705,,USD,,,AWSLambda,Compute,Serverless Compute,,,,,,,,,,,,,,,,,,,,"{""Environment"":""dev"",""CostCenter"":""cc-3110"",""Owner"":""team-payments""}"
AWS,AWS,AWS,INV-2026-05-0001,100000000001,ExampleCorp Master Payer,Payer Account,200000000014,sandbox-dev,Linked Account,2026-05-01T00:00:00Z,2026-06-01T00:00:00Z,2026-05-28T00:00:00Z,2026-05-29T00:00:00Z,Usage,,Custom metrics,Usage-Based,10.457748,10.457748,11.61972,10.457748,0.3000000000,0.2700000000,Standard,38.7324,Metrics,USD,0.2700000000,10.457748,0.3000000000,USD,38.7324,Metrics,AmazonCloudWatch,Management and Governance,Observability,SKU-7f3902e3f370805f0a245d7f,Monitoring,SPRICE-dae68554fa459d336630e8d7,"{""x_MetricType"":""Custom""}",arn:aws:cloudwatch:ap-southeast-1:200000000014:metric/metric-4e876374bc52,metric-4e876374bc52,Metric,ap-southeast-1,Asia Pacific (Singapore),,,,,,,,,,,"{""Environment"":""dev"",""CostCenter"":""cc-1042"",""Owner"":""team-data""}"
AWS,AWS,AWS,INV-2026-05-0002,100000000002,ExampleCorp Secondary Payer,Payer Account,200000000011,prod-platform,Linked Account,2026-05-01T00:00:00Z,2026-06-01T00:00:00Z,2026-05-01T00:00:00Z,2026-05-02T00:00:00Z,Usage,,Glue ETL job run,Usage-Based,27.5773212,27.5773212,30.641468,27.5773212,0.4400000000,0.3960000000,Standard,69.6397,DPU-Hours,USD,0.3960000000,27.5773212,0.4400000000,USD,69.6397,DPU-Hours,AWSGlue,Analytics,Data Processing,SKU-d1426392ab27c72810db5ee9,Data Processing,SPRICE-2caf36fd8fbe6a68e682b866,"{""x_WorkerType"":""G.1X""}",arn:aws:glue:ap-southeast-1:200000000011:job/job-e5425f57afa6,job-e5425f57afa6,Glue Job,ap-southeast-1,Asia Pacific (Singapore),,,,,,,,,,,"{""Environment"":""prod"",""CostCenter"":""cc-1042"",""Owner"":""team-data""}"
AWS,AWS,AWS,INV-2026-05-0001,100000000001,ExampleCorp Master Payer,Payer Account,200000000012,staging-platform,Linked Account,2026-05-01T00:00:00Z,2026-06-01T00:00:00Z,2026-05-02T00:00:00Z,2026-05-03T00:00:00Z,Usage,,NAT gateway data processed,Usage-Based,15.5607237,15.5607237,17.289693,15.5607237,0.0450000000,0.0405000000,Standard,384.2154,GB,USD,0.0405000000,15.5607237,0.0450000000,USD,384.2154,GB,AmazonVPC,Networking,Network Connectivity,SKU-0a48b40b1fa86593309c0c4c,Data Transfer,SPRICE-b948c57b4c22bb2955afff1a,"{""x_TransferType"":""InterAZ""}",arn:aws:ec2:ap-southeast-1:200000000012:natgateway/nat-f0beff672706,nat-f0beff672706,NAT Gateway,ap-southeast-1,Asia Pacific (Singapore),,,,,,,,,,,"{""Environment"":""prod"",""CostCenter"":""cc-3110"",""Owner"":""team-payments""}"
AWS,AWS,AWS,INV-2026-05-0002,100000000002,ExampleCorp Secondary Payer,Payer Account,200000000014,sandbox-dev,Linked Account,2026-05-01T00:00:00Z,2026-06-01T00:00:00Z,2026-05-09T00:00:00Z,2026-05-10T00:00:00Z,Tax,,Synthetic tax 10% on usage record 261: AmazonCloudWatch,One-Time,2.9350296,2.9350296,3.261144,2.9350296,,,,,,USD,,2.9350296,,USD,,,AmazonCloudWatch,Management and Governance,Observability,,,,,,,,,,,,,,,,,,,,"{""Environment"":""prod"",""CostCenter"":""cc-1042"",""Owner"":""team-platform""}"
AWS,AWS,AWS,INV-2026-05-0002,100000000002,ExampleCorp Secondary Payer,Payer Account,200000000011,prod-platform,Linked Account,2026-05-01T00:00:00Z,2026-06-01T00:00:00Z,2026-05-04T00:00:00Z,2026-05-05T00:00:00Z,Usage,,Custom metrics,Usage-Based,21.221352,21.221352,23.57928,21.221352,0.3000000000,0.2700000000,Standard,78.5976,Metrics,USD,0.2700000000,21.221352,0.3000000000,USD,78.5976,Metrics,AmazonCloudWatch,Management and Governance,Observability,SKU-7f3902e3f370805f0a245d7f,Monitoring,SPRICE-dae68554fa459d336630e8d7,"{""x_MetricType"":""Custom""}",arn:aws:cloudwatch:ap-southeast-1:200000000011:metric/metric-e5e8d62f35b3,metric-e5e8d62f35b3,Metric,ap-southeast-1,Asia Pacific (Singapore),,,,,,,,,,,"{""Environment"":""dev"",""CostCenter"":""cc-3110"",""Owner"":""team-platform""}"
AWS,AWS,AWS,INV-2026-05-0002,100000000002,ExampleCorp Secondary Payer,Payer Account,200000000011,prod-platform,Linked Account,2026-05-01T00:00:00Z,2026-06-01T00:00:00Z,2026-05-19T00:00:00Z,2026-05-20T00:00:00Z,Tax,,Synthetic tax 10% on usage record 271: AmazonDynamoDB,One-Time,0.3467896827975,0.3467896827975,0.385321869775,0.3467896827975,,,,,,EUR,,0.3190465081737,,USD,,,AmazonDynamoDB,Databases,NoSQL Databases,,,,,,,,,,,,,,,,,,,,"{""Environment"":""staging"",""CostCenter"":""cc-3110"",""Owner"":""team-payments""}"
AWS,AWS,AWS,INV-2026-05-0001,100000000001,ExampleCorp Master Payer,Payer Account,200000000012,staging-platform,Linked Account,2026-05-01T00:00:00Z,2026-06-01T00:00:00Z,2026-05-06T00:00:00Z,2026-05-07T00:00:00Z,Usage,,Custom metrics,Usage-Based,34.92288,34.92288,38.8032,34.92288,0.3000000000,0.2700000000,Standard,129.3440,Metrics,USD,0.2700000000,34.92288,0.3000000000,USD,129.3440,Metrics,AmazonCloudWatch,Management and Governance,Observability,SKU-34e5538fb30cbad0ab6e9eda,Monitoring,SPRICE-7775836205fc8d4f07876728,"{""x_MetricType"":""Custom""}",arn:aws:cloudwatch:us-west-2:200000000012:metric/metric-793f1cd12824,metric-793f1cd12824,Metric,us-west-2,US West (Oregon),,,,,,,,,,,"{""Environment"":""staging"",""CostCenter"":""cc-2087"",""Owner"":""team-data""}"
AWS,AWS,AWS,INV-2026-05-0002,100000000002,ExampleCorp Secondary Payer,Payer Account,200000000014,sandbox-dev,Linked Account,2026-05-01T00:00:00Z,2026-06-01T00:00:00Z,2026-05-12T22:00:00Z,2026-05-12T23:00:00Z,Purchase,,"Reserved Instance commitment, amortised for the charge period",Recurring,32.016,0,32.016,32.016,0.0640320000,0.0640320000,Standard,500,Hours,USD,0.0640320000,0,0.0640320000,USD,,,AmazonEC2,Compute,Virtual Machines,SKU-b4b21963faec92bb7aa2fb9e,Commitment,SPRICE-e7c65befe9980278c6dd3c7c,"{""x_PurchaseTerm"":""1yr"",""x_PaymentOption"":""NoUpfront""}",arn:aws:ec2:us-east-1::reservation/31ad4a03facd499c,reservation-c5c74137335d,Reserved Instance,us-east-1,US East (N. Virginia),,arn:aws:ec2:us-east-1::reservation/31ad4a03facd499c,EC2ReservedInstance-1yr-NoUpfront,Usage,Reserved Instance,,500,Hours,,,"{""Environment"":""staging"",""CostCenter"":""cc-2087"",""Owner"":""team-payments""}"
AWS,AWS,AWS,INV-2026-05-0002,100000000002,ExampleCorp Secondary Payer,Payer Account,200000000014,sandbox-dev,Linked Account,2026-05-01T00:00:00Z,2026-06-01T00:00:00Z,2026-05-12T22:00:00Z,2026-05-12T23:00:00Z,Usage,,AmazonEC2 committed usage of 500 machine-equivalents,Usage-Based,0,32.016,48,43.2,0.0960000000,0.0864000000,Committed,500,Hours,USD,0.0864000000,32.016,0.0960000000,USD,500,Hours,AmazonEC2,Compute,Virtual Machines,SKU-736a4dd80178572d8370293d,Compute,SPRICE-c862323f09b487c42efb1c6b,"{""InstanceType"":""m6i.large"",""InstanceSeries"":""M6i"",""CoreCount"":2,""MemorySize"":8,""OperatingSystem"":""Linux"",""x_Tenancy"":""Shared""}",urn:focus-sample:aws:us-east-1:200000000014:compute-fleet:fleet79ec0887b56f78c594b360ba,fleet79ec0887b56f78c594b360ba,Compute Fleet,us-east-1,US East (N. Virginia),us-east-1c,arn:aws:ec2:us-east-1::reservation/31ad4a03facd499c,EC2ReservedInstance-1yr-NoUpfront,Usage,Reserved Instance,Used,500,Hours,,,"{""Environment"":""dev"",""CostCenter"":""cc-3110"",""Owner"":""team-platform"",""SyntheticFleetSize"":""500""}"
AWS,AWS,AWS,INV-2026-05-0002,100000000002,ExampleCorp Secondary Payer,Payer Account,200000000014,sandbox-dev,Linked Account,2026-05-01T00:00:00Z,2026-06-01T00:00:00Z,2026-05-12T23:00:00Z,2026-05-13T00:00:00Z,Purchase,,"Reserved Instance commitment, amortised for the charge period",Recurring,32.016,0,32.016,32.016,0.0640320000,0.0640320000,Standard,500,Hours,USD,0.0640320000,0,0.0640320000,USD,,,AmazonEC2,Compute,Virtual Machines,SKU-b4b21963faec92bb7aa2fb9e,Commitment,SPRICE-e7c65befe9980278c6dd3c7c,"{""x_PurchaseTerm"":""1yr"",""x_PaymentOption"":""NoUpfront""}",arn:aws:ec2:us-east-1::reservation/31ad4a03facd499c,reservation-c5c74137335d,Reserved Instance,us-east-1,US East (N. Virginia),,arn:aws:ec2:us-east-1::reservation/31ad4a03facd499c,EC2ReservedInstance-1yr-NoUpfront,Usage,Reserved Instance,,500,Hours,,,"{""Environment"":""staging"",""CostCenter"":""cc-2087"",""Owner"":""team-data""}"
AWS,AWS,AWS,INV-2026-05-0002,100000000002,ExampleCorp Secondary Payer,Payer Account,200000000014,sandbox-dev,Linked Account,2026-05-01T00:00:00Z,2026-06-01T00:00:00Z,2026-05-12T23:00:00Z,2026-05-13T00:00:00Z,Usage,,AmazonEC2 committed usage of 500 machine-equivalents,Usage-Based,0,32.016,48,43.2,0.0960000000,0.0864000000,Committed,500,Hours,USD,0.0864000000,32.016,0.0960000000,USD,500,Hours,AmazonEC2,Compute,Virtual Machines,SKU-736a4dd80178572d8370293d,Compute,SPRICE-c862323f09b487c42efb1c6b,"{""InstanceType"":""m6i.large"",""InstanceSeries"":""M6i"",""CoreCount"":2,""MemorySize"":8,""OperatingSystem"":""Linux"",""x_Tenancy"":""Shared""}",urn:focus-sample:aws:us-east-1:200000000014:compute-fleet:fleet79ec0887b56f78c594b360ba,fleet79ec0887b56f78c594b360ba,Compute Fleet,us-east-1,US East (N. Virginia),us-east-1c,arn:aws:ec2:us-east-1::reservation/31ad4a03facd499c,EC2ReservedInstance-1yr-NoUpfront,Usage,Reserved Instance,Used,500,Hours,,,"{""Environment"":""staging"",""CostCenter"":""cc-2087"",""Owner"":""team-data"",""SyntheticFleetSize"":""500""}"
AWS,AWS,AWS,INV-2026-05-0002,100000000002,ExampleCorp Secondary Payer,Payer Account,200000000014,sandbox-dev,Linked Account,2026-05-01T00:00:00Z,2026-06-01T00:00:00Z,2026-05-13T00:00:00Z,2026-05-13T01:00:00Z,Purchase,,"Reserved Instance commitment, amortised for the charge period",Recurring,32.016,0,32.016,32.016,0.0640320000,0.0640320000,Standard,500,Hours,USD,0.0640320000,0,0.0640320000,USD,,,AmazonEC2,Compute,Virtual Machines,SKU-b4b21963faec92bb7aa2fb9e,Commitment,SPRICE-e7c65befe9980278c6dd3c7c,"{""x_PurchaseTerm"":""1yr"",""x_PaymentOption"":""NoUpfront""}",arn:aws:ec2:us-east-1::reservation/31ad4a03facd499c,reservation-c5c74137335d,Reserved Instance,us-east-1,US East (N. Virginia),,arn:aws:ec2:us-east-1::reservation/31ad4a03facd499c,EC2ReservedInstance-1yr-NoUpfront,Usage,Reserved Instance,,500,Hours,,,"{""Environment"":""staging"",""CostCenter"":""cc-1042"",""Owner"":""team-platform""}"
AWS,AWS,AWS,INV-2026-05-0002,100000000002,ExampleCorp Secondary Payer,Payer Account,200000000014,sandbox-dev,Linked Account,2026-05-01T00:00:00Z,2026-06-01T00:00:00Z,2026-05-13T00:00:00Z,2026-05-13T01:00:00Z,Usage,,AmazonEC2 committed usage of 500 machine-equivalents,Usage-Based,0,32.016,48,43.2,0.0960000000,0.0864000000,Committed,500,Hours,USD,0.0864000000,32.016,0.0960000000,USD,500,Hours,AmazonEC2,Compute,Virtual Machines,SKU-736a4dd80178572d8370293d,Compute,SPRICE-c862323f09b487c42efb1c6b,"{""InstanceType"":""m6i.large"",""InstanceSeries"":""M6i"",""CoreCount"":2,""MemorySize"":8,""OperatingSystem"":""Linux"",""x_Tenancy"":""Shared""}",urn:focus-sample:aws:us-east-1:200000000014:compute-fleet:fleet79ec0887b56f78c594b360ba,fleet79ec0887b56f78c594b360ba,Compute Fleet,us-east-1,US East (N. Virginia),us-east-1c,arn:aws:ec2:us-east-1::reservation/31ad4a03facd499c,EC2ReservedInstance-1yr-NoUpfront,Usage,Reserved Instance,Used,500,Hours,,,"{""Environment"":""prod"",""CostCenter"":""cc-3110"",""Owner"":""team-payments"",""SyntheticFleetSize"":""500""}"
AWS,AWS,AWS,INV-2026-05-0002,100000000002,ExampleCorp Secondary Payer,Payer Account,200000000014,sandbox-dev,Linked Account,2026-05-01T00:00:00Z,2026-06-01T00:00:00Z,2026-05-13T01:00:00Z,2026-05-13T02:00:00Z,Purchase,,"Reserved Instance commitment, amortised for the charge period",Recurring,32.016,0,32.016,32.016,0.0640320000,0.0640320000,Standard,500,Hours,USD,0.0640320000,0,0.0640320000,USD,,,AmazonEC2,Compute,Virtual Machines,SKU-b4b21963faec92bb7aa2fb9e,Commitment,SPRICE-e7c65befe9980278c6dd3c7c,"{""x_PurchaseTerm"":""1yr"",""x_PaymentOption"":""NoUpfront""}",arn:aws:ec2:us-east-1::reservation/31ad4a03facd499c,reservation-c5c74137335d,Reserved Instance,us-east-1,US East (N. Virginia),,arn:aws:ec2:us-east-1::reservation/31ad4a03facd499c,EC2ReservedInstance-1yr-NoUpfront,Usage,Reserved Instance,,500,Hours,,,"{""Environment"":""prod"",""CostCenter"":""cc-3110"",""Owner"":""team-platform""}"
AWS,AWS,AWS,INV-2026-05-0002,100000000002,ExampleCorp Secondary Payer,Payer Account,200000000014,sandbox-dev,Linked Account,2026-05-01T00:00:00Z,2026-06-01T00:00:00Z,2026-05-13T01:00:00Z,2026-05-13T02:00:00Z,Usage,,AmazonEC2 committed usage of 500 machine-equivalents,Usage-Based,0,32.016,48,43.2,0.0960000000,0.0864000000,Committed,500,Hours,USD,0.0864000000,32.016,0.0960000000,USD,500,Hours,AmazonEC2,Compute,Virtual Machines,SKU-736a4dd80178572d8370293d,Compute,SPRICE-c862323f09b487c42efb1c6b,"{""InstanceType"":""m6i.large"",""InstanceSeries"":""M6i"",""CoreCount"":2,""MemorySize"":8,""OperatingSystem"":""Linux"",""x_Tenancy"":""Shared""}",urn:focus-sample:aws:us-east-1:200000000014:compute-fleet:fleet79ec0887b56f78c594b360ba,fleet79ec0887b56f78c594b360ba,Compute Fleet,us-east-1,US East (N. Virginia),us-east-1c,arn:aws:ec2:us-east-1::reservation/31ad4a03facd499c,EC2ReservedInstance-1yr-NoUpfront,Usage,Reserved Instance,Used,500,Hours,,,"{""Environment"":""dev"",""CostCenter"":""cc-2087"",""Owner"":""team-payments"",""SyntheticFleetSize"":""500""}"
AWS,AWS,AWS,INV-2026-05-0002,100000000002,ExampleCorp Secondary Payer,Payer Account,200000000014,sandbox-dev,Linked Account,2026-05-01T00:00:00Z,2026-06-01T00:00:00Z,2026-05-13T02:00:00Z,2026-05-13T03:00:00Z,Purchase,,"Reserved Instance commitment, amortised for the charge period",Recurring,32.016,0,32.016,32.016,0.0640320000,0.0640320000,Standard,500,Hours,USD,0.0640320000,0,0.0640320000,USD,,,AmazonEC2,Compute,Virtual Machines,SKU-b4b21963faec92bb7aa2fb9e,Commitment,SPRICE-e7c65befe9980278c6dd3c7c,"{""x_PurchaseTerm"":""1yr"",""x_PaymentOption"":""NoUpfront""}",arn:aws:ec2:us-east-1::reservation/31ad4a03facd499c,reservation-c5c74137335d,Reserved Instance,us-east-1,US East (N. Virginia),,arn:aws:ec2:us-east-1::reservation/31ad4a03facd499c,EC2ReservedInstance-1yr-NoUpfront,Usage,Reserved Instance,,500,Hours,,,"{""Environment"":""dev"",""CostCenter"":""cc-3110"",""Owner"":""team-platform""}"
AWS,AWS,AWS,INV-2026-05-0002,100000000002,ExampleCorp Secondary Payer,Payer Account,200000000014,sandbox-dev,Linked Account,2026-05-01T00:00:00Z,2026-06-01T00:00:00Z,2026-05-13T02:00:00Z,2026-05-13T03:00:00Z,Usage,,AmazonEC2 committed usage of 500 machine-equivalents,Usage-Based,0,32.016,48,43.2,0.0960000000,0.0864000000,Committed,500,Hours,USD,0.0864000000,32.016,0.0960000000,USD,500,Hours,AmazonEC2,Compute,Virtual Machines,SKU-736a4dd80178572d8370293d,Compute,SPRICE-c862323f09b487c42efb1c6b,"{""InstanceType"":""m6i.large"",""InstanceSeries"":""M6i"",""CoreCount"":2,""MemorySize"":8,""OperatingSystem"":""Linux"",""x_Tenancy"":""Shared""}",urn:focus-sample:aws:us-east-1:200000000014:compute-fleet:fleet79ec0887b56f78c594b360ba,fleet79ec0887b56f78c594b360ba,Compute Fleet,us-east-1,US East (N. Virginia),us-east-1c,arn:aws:ec2:us-east-1::reservation/31ad4a03facd499c,EC2ReservedInstance-1yr-NoUpfront,Usage,Reserved Instance,Used,500,Hours,,,"{""Environment"":""dev"",""CostCenter"":""cc-2087"",""Owner"":""team-platform"",""SyntheticFleetSize"":""500""}"
AWS,AWS,AWS,INV-2026-05-0002,100000000002,ExampleCorp Secondary Payer,Payer Account,200000000014,sandbox-dev,Linked Account,2026-05-01T00:00:00Z,2026-06-01T00:00:00Z,2026-05-13T03:00:00Z,2026-05-13T04:00:00Z,Purchase,,"Reserved Instance commitment, amortised for the charge period",Recurring,32.016,0,32.016,32.016,0.0640320000,0.0640320000,Standard,500,Hours,USD,0.0640320000,0,0.0640320000,USD,,,AmazonEC2,Compute,Virtual Machines,SKU-b4b21963faec92bb7aa2fb9e,Commitment,SPRICE-e7c65befe9980278c6dd3c7c,"{""x_PurchaseTerm"":""1yr"",""x_PaymentOption"":""NoUpfront""}",arn:aws:ec2:us-east-1::reservation/31ad4a03facd499c,reservation-c5c74137335d,Reserved Instance,us-east-1,US East (N. Virginia),,arn:aws:ec2:us-east-1::reservation/31ad4a03facd499c,EC2ReservedInstance-1yr-NoUpfront,Usage,Reserved Instance,,500,Hours,,,"{""Environment"":""staging"",""CostCenter"":""cc-1042"",""Owner"":""team-platform""}"
AWS,AWS,AWS,INV-2026-05-0002,100000000002,ExampleCorp Secondary Payer,Payer Account,200000000014,sandbox-dev,Linked Account,2026-05-01T00:00:00Z,2026-06-01T00:00:00Z,2026-05-13T03:00:00Z,2026-05-13T04:00:00Z,Usage,,AmazonEC2 committed usage of 500 machine-equivalents,Usage-Based,0,32.016,48,43.2,0.0960000000,0.0864000000,Committed,500,Hours,USD,0.0864000000,32.016,0.0960000000,USD,500,Hours,AmazonEC2,Compute,Virtual Machines,SKU-736a4dd80178572d8370293d,Compute,SPRICE-c862323f09b487c42efb1c6b,"{""InstanceType"":""m6i.large"",""InstanceSeries"":""M6i"",""CoreCount"":2,""MemorySize"":8,""OperatingSystem"":""Linux"",""x_Tenancy"":""Shared""}",urn:focus-sample:aws:us-east-1:200000000014:compute-fleet:fleet79ec0887b56f78c594b360ba,fleet79ec0887b56f78c594b360ba,Compute Fleet,us-east-1,US East (N. Virginia),us-east-1c,arn:aws:ec2:us-east-1::reservation/31ad4a03facd499c,EC2ReservedInstance-1yr-NoUpfront,Usage,Reserved Instance,Used,500,Hours,,,"{""Environment"":""staging"",""CostCenter"":""cc-1042"",""Owner"":""team-data"",""SyntheticFleetSize"":""500""}"
AWS,AWS,AWS,INV-2026-05-0002,100000000002,ExampleCorp Secondary Payer,Payer Account,200000000014,sandbox-dev,Linked Account,2026-05-01T00:00:00Z,2026-06-01T00:00:00Z,2026-05-13T04:00:00Z,2026-05-13T05:00:00Z,Purchase,,"Reserved Instance commitment, amortised for the charge period",Recurring,32.016,0,32.016,32.016,0.0640320000,0.0640320000,Standard,500,Hours,USD,0.0640320000,0,0.0640320000,USD,,,AmazonEC2,Compute,Virtual Machines,SKU-b4b21963faec92bb7aa2fb9e,Commitment,SPRICE-e7c65befe9980278c6dd3c7c,"{""x_PurchaseTerm"":""1yr"",""x_PaymentOption"":""NoUpfront""}",arn:aws:ec2:us-east-1::reservation/31ad4a03facd499c,reservation-c5c74137335d,Reserved Instance,us-east-1,US East (N. Virginia),,arn:aws:ec2:us-east-1::reservation/31ad4a03facd499c,EC2ReservedInstance-1yr-NoUpfront,Usage,Reserved Instance,,500,Hours,,,"{""Environment"":""staging"",""CostCenter"":""cc-1042"",""Owner"":""team-payments""}"
AWS,AWS,AWS,INV-2026-05-0002,100000000002,ExampleCorp Secondary Payer,Payer Account,200000000014,sandbox-dev,Linked Account,2026-05-01T00:00:00Z,2026-06-01T00:00:00Z,2026-05-13T04:00:00Z,2026-05-13T05:00:00Z,Usage,,AmazonEC2 committed usage of 500 machine-equivalents,Usage-Based,0,32.016,48,43.2,0.0960000000,0.0864000000,Committed,500,Hours,USD,0.0864000000,32.016,0.0960000000,USD,500,Hours,AmazonEC2,Compute,Virtual Machines,SKU-736a4dd80178572d8370293d,Compute,SPRICE-c862323f09b487c42efb1c6b,"{""InstanceType"":""m6i.large"",""InstanceSeries"":""M6i"",""CoreCount"":2,""MemorySize"":8,""OperatingSystem"":""Linux"",""x_Tenancy"":""Shared""}",urn:focus-sample:aws:us-east-1:200000000014:compute-fleet:fleet79ec0887b56f78c594b360ba,fleet79ec0887b56f78c594b360ba,Compute Fleet,us-east-1,US East (N. Virginia),us-east-1c,arn:aws:ec2:us-east-1::reservation/31ad4a03facd499c,EC2ReservedInstance-1yr-NoUpfront,Usage,Reserved Instance,Used,500,Hours,,,"{""Environment"":""dev"",""CostCenter"":""cc-2087"",""Owner"":""team-platform"",""SyntheticFleetSize"":""500""}"
AWS,AWS,AWS,INV-2026-05-0002,100000000002,ExampleCorp Secondary Payer,Payer Account,200000000014,sandbox-dev,Linked Account,2026-05-01T00:00:00Z,2026-06-01T00:00:00Z,2026-05-13T05:00:00Z,2026-05-13T06:00:00Z,Purchase,,"Reserved Instance commitment, amortised for the charge period",Recurring,32.016,0,32.016,32.016,0.0640320000,0.0640320000,Standard,500,Hours,USD,0.0640320000,0,0.0640320000,USD,,,AmazonEC2,Compute,Virtual Machines,SKU-b4b21963faec92bb7aa2fb9e,Commitment,SPRICE-e7c65befe9980278c6dd3c7c,"{""x_PurchaseTerm"":""1yr"",""x_PaymentOption"":""NoUpfront""}",arn:aws:ec2:us-east-1::reservation/31ad4a03facd499c,reservation-c5c74137335d,Reserved Instance,us-east-1,US East (N. Virginia),,arn:aws:ec2:us-east-1::reservation/31ad4a03facd499c,EC2ReservedInstance-1yr-NoUpfront,Usage,Reserved Instance,,500,Hours,,,"{""Environment"":""staging"",""CostCenter"":""cc-1042"",""Owner"":""team-platform""}"
AWS,AWS,AWS,INV-2026-05-0002,100000000002,ExampleCorp Secondary Payer,Payer Account,200000000014,sandbox-dev,Linked Account,2026-05-01T00:00:00Z,2026-06-01T00:00:00Z,2026-05-13T05:00:00Z,2026-05-13T06:00:00Z,Usage,,Reserved Instance unused commitment,Usage-Based,0,32.016,32.016,32.016,0.0640320000,0.0640320000,Committed,500,Hours,USD,0.0640320000,32.016,0.0640320000,USD,,,AmazonEC2,Compute,Virtual Machines,SKU-b4b21963faec92bb7aa2fb9e,Commitment,SPRICE-e7c65befe9980278c6dd3c7c,"{""x_PurchaseTerm"":""1yr"",""x_PaymentOption"":""NoUpfront""}",arn:aws:ec2:us-east-1::reservation/31ad4a03facd499c,reservation-c5c74137335d,Reserved Instance,us-east-1,US East (N. Virginia),,arn:aws:ec2:us-east-1::reservation/31ad4a03facd499c,EC2ReservedInstance-1yr-NoUpfront,Usage,Reserved Instance,Unused,500,Hours,,,"{""Environment"":""dev"",""CostCenter"":""cc-3110"",""Owner"":""team-payments""}"
AWS,AWS,AWS,INV-2026-05-0002,100000000002,ExampleCorp Secondary Payer,Payer Account,200000000014,sandbox-dev,Linked Account,2026-05-01T00:00:00Z,2026-06-01T00:00:00Z,2026-05-13T06:00:00Z,2026-05-13T07:00:00Z,Purchase,,"Reserved Instance commitment, amortised for the charge period",Recurring,32.016,0,32.016,32.016,0.0640320000,0.0640320000,Standard,500,Hours,USD,0.0640320000,0,0.0640320000,USD,,,AmazonEC2,Compute,Virtual Machines,SKU-b4b21963faec92bb7aa2fb9e,Commitment,SPRICE-e7c65befe9980278c6dd3c7c,"{""x_PurchaseTerm"":""1yr"",""x_PaymentOption"":""NoUpfront""}",arn:aws:ec2:us-east-1::reservation/31ad4a03facd499c,reservation-c5c74137335d,Reserved Instance,us-east-1,US East (N. Virginia),,arn:aws:ec2:us-east-1::reservation/31ad4a03facd499c,EC2ReservedInstance-1yr-NoUpfront,Usage,Reserved Instance,,500,Hours,,,"{""Environment"":""dev"",""CostCenter"":""cc-2087"",""Owner"":""team-platform""}"
AWS,AWS,AWS,INV-2026-05-0002,100000000002,ExampleCorp Secondary Payer,Payer Account,200000000014,sandbox-dev,Linked Account,2026-05-01T00:00:00Z,2026-06-01T00:00:00Z,2026-05-13T06:00:00Z,2026-05-13T07:00:00Z,Usage,,Reserved Instance unused commitment,Usage-Based,0,32.016,32.016,32.016,0.0640320000,0.0640320000,Committed,500,Hours,USD,0.0640320000,32.016,0.0640320000,USD,,,AmazonEC2,Compute,Virtual Machines,SKU-b4b21963faec92bb7aa2fb9e,Commitment,SPRICE-e7c65befe9980278c6dd3c7c,"{""x_PurchaseTerm"":""1yr"",""x_PaymentOption"":""NoUpfront""}",arn:aws:ec2:us-east-1::reservation/31ad4a03facd499c,reservation-c5c74137335d,Reserved Instance,us-east-1,US East (N. Virginia),,arn:aws:ec2:us-east-1::reservation/31ad4a03facd499c,EC2ReservedInstance-1yr-NoUpfront,Usage,Reserved Instance,Unused,500,Hours,,,"{""Environment"":""dev"",""CostCenter"":""cc-3110"",""Owner"":""team-platform""}"
AWS,AWS,AWS,INV-2026-05-0001,100000000001,ExampleCorp Master Payer,Payer Account,200000000013,data-analytics,Linked Account,2026-05-01T00:00:00Z,2026-06-01T00:00:00Z,2026-05-07T15:00:00Z,2026-05-07T16:00:00Z,Tax,,Synthetic tax 10% on usage record 160: AWSLambda,One-Time,5.85189654315,5.85189654315,6.502120274381207,5.85189654315,,,,,,USD,,5.85189654315,,USD,,,AWSLambda,Compute,Serverless Compute,,,,,,,,,,,,,,,,,,,,"{""Environment"":""prod"",""CostCenter"":""cc-2087"",""Owner"":""team-payments""}"
AWS,AWS,AWS,INV-2026-05-0002,100000000002,ExampleCorp Secondary Payer,Payer Account,200000000012,staging-platform,Linked Account,2026-05-01T00:00:00Z,2026-06-01T00:00:00Z,2026-05-26T00:00:00Z,2026-05-27T00:00:00Z,Purchase,,AmazonCloudWatch subscription fee,Recurring,73.8,73.8,73.8,73.8,73.8,73.8,Standard,1,Units,USD,73.8000000000,73.8,73.8000000000,USD,,,AmazonCloudWatch,Management and Governance,Observability,SKU-ae545c300295b7b186516837,Subscription,SPRICE-6d0ca2f7174c119f737932d9,"{""x_ChargeType"": ""SubscriptionFee""}",arn:aws:cloudwatch:us-west-2:200000000012:metric/metric-6b987dde22a2,metric-6b987dde22a2,Metric,us-west-2,US West (Oregon),,,,,,,,,,,"{""Environment"":""prod"",""CostCenter"":""cc-1042"",""Owner"":""team-payments""}"
AWS,AWS,AWS,INV-2026-05-0001,100000000001,ExampleCorp Master Payer,Payer Account,200000000011,prod-platform,Linked Account,2026-05-01T00:00:00Z,2026-06-01T00:00:00Z,2026-05-27T00:00:00Z,2026-05-28T00:00:00Z,Usage,,NAT gateway data processed,Usage-Based,12.17579445,12.17579445,13.5286605,12.17579445,0.0450000000,0.0405000000,Standard,300.6369,GB,USD,0.0405000000,12.17579445,0.0450000000,USD,300.6369,GB,AmazonVPC,Networking,Network Connectivity,SKU-38ae1a660e2cadb9d64ca8e5,Data Transfer,SPRICE-974405df44bbf0808ce048b9,"{""x_TransferType"":""InterAZ""}",arn:aws:ec2:us-west-2:200000000011:natgateway/nat-6d55d745c7e0,nat-6d55d745c7e0,NAT Gateway,us-west-2,US West (Oregon),,,,,,,,,,,"{""Environment"":""prod"",""CostCenter"":""cc-1042"",""Owner"":""team-data""}"
AWS,AWS,AWS,INV-2026-05-0001,100000000001,ExampleCorp Master Payer,Payer Account,200000000014,sandbox-dev,Linked Account,2026-05-01T00:00:00Z,2026-06-01T00:00:00Z,2026-05-01T00:00:00Z,2026-06-01T00:00:00Z,Usage,,S3 Standard storage,Usage-Based,68.46493122,68.46493122,76.0721458,68.46493122,0.0230000000,0.0207000000,Standard,3307.4846,GB-Months,USD,0.0207000000,68.46493122,0.0230000000,USD,3307.4846,GB-Months,AmazonS3,Storage,Object Storage,SKU-e7cfcc3199bb16b2dd7b1493,Storage,SPRICE-5d75931c911c493aa2aa3d41,"{""StorageClass"":""Standard"",""Redundancy"":""Zonal""}",arn:aws:s3:ap-southeast-1:200000000014:bucket/bucket-536afc895f73,bucket-536afc895f73,S3 Bucket,ap-southeast-1,Asia Pacific (Singapore),,,,,,,,,,,"{""Environment"":""prod"",""CostCenter"":""cc-2087"",""Owner"":""team-platform""}"
AWS,AWS,AWS,INV-2026-05-0001,100000000001,ExampleCorp Master Payer,Payer Account,200000000014,sandbox-dev,Linked Account,2026-05-01T00:00:00Z,2026-06-01T00:00:00Z,2026-05-21T00:00:00Z,2026-05-22T00:00:00Z,Tax,,Synthetic tax 10% on usage record 133: AWSGlue,One-Time,0.38769192,0.38769192,0.4307688,0.38769192,,,,,,USD,,0.38769192,,USD,,,AWSGlue,Analytics,Data Processing,,,,,,,,,,,,,,,,,,,,"{""Environment"":""staging"",""CostCenter"":""cc-2087"",""Owner"":""team-payments""}"
AWS,AWS,AWS,INV-2026-05-0001,100000000001,ExampleCorp Master Payer,Payer Account,200000000011,prod-platform,Linked Account,2026-05-01T00:00:00Z,2026-06-01T00:00:00Z,2026-05-02T00:00:00Z,2026-05-03T00:00:00Z,Usage,,Custom metrics,Usage-Based,37.395378,37.395378,41.55042,37.395378,0.3000000000,0.2700000000,Standard,138.5014,Metrics,EUR,0.2484000000,34.40374776,0.2760000000,USD,138.5014,Metrics,AmazonCloudWatch,Management and Governance,Observability,SKU-34e5538fb30cbad0ab6e9eda,Monitoring,SPRICE-8d5446a3bf1657f41b79b0c7,"{""x_MetricType"":""Custom""}",arn:aws:cloudwatch:us-west-2:200000000011:metric/metric-c83a72fda4c2,metric-c83a72fda4c2,Metric,us-west-2,US West (Oregon),,,,,,,,,,,"{""Environment"":""staging"",""CostCenter"":""cc-2087"",""Owner"":""team-payments""}"
AWS,AWS,AWS,INV-2026-05-0001,100000000001,ExampleCorp Master Payer,Payer Account,200000000012,staging-platform,Linked Account,2026-05-01T00:00:00Z,2026-06-01T00:00:00Z,2026-05-13T22:00:00Z,2026-05-13T23:00:00Z,Usage,,Linux on-demand m6i.large,Usage-Based,0.0864,0.0864,0.096,0.0864,0.0960000000,0.0864000000,Standard,1.0000,Hours,USD,0.0864000000,0.0864,0.0960000000,USD,1.0000,Hours,AmazonEC2,Compute,Virtual Machines,SKU-ca9c2ba97f0b30fb137ef130,Compute,SPRICE-d7f4030fc2a8b65799f6b437,"{""InstanceType"":""m6i.large"",""InstanceSeries"":""M6i"",""CoreCount"":2,""MemorySize"":8,""OperatingSystem"":""Linux"",""x_Tenancy"":""Shared""}",arn:aws:ec2:eu-west-1:200000000012:instance/i-451668ed1666,i-451668ed1666,EC2 Instance,eu-west-1,EU (Ireland),eu-west-1a,,,,,,,,,,"{""Environment"":""staging"",""CostCenter"":""cc-2087"",""Owner"":""team-payments""}"
AWS,AWS,AWS,INV-2026-05-0001,100000000001,ExampleCorp Master Payer,Payer Account,200000000014,sandbox-dev,Linked Account,2026-05-01T00:00:00Z,2026-06-01T00:00:00Z,2026-05-01T00:00:00Z,2026-06-01T00:00:00Z,Tax,,Synthetic tax 10% on usage record 308: AmazonS3,One-Time,6.846493122,6.846493122,7.60721458,6.846493122,,,,,,USD,,6.846493122,,USD,,,AmazonS3,Storage,Object Storage,,,,,,,,,,,,,,,,,,,,"{""Environment"":""prod"",""CostCenter"":""cc-2087"",""Owner"":""team-platform""}"
AWS,AWS,AWS,INV-2026-05-0002,100000000002,ExampleCorp Secondary Payer,Payer Account,200000000012,staging-platform,Linked Account,2026-05-01T00:00:00Z,2026-06-01T00:00:00Z,2026-05-05T00:00:00Z,2026-05-06T00:00:00Z,Usage,,Glue ETL job run,Usage-Based,4.5141228,4.5141228,5.015692,4.5141228,0.4400000000,0.3960000000,Standard,11.3993,DPU-Hours,USD,0.3960000000,4.5141228,0.4400000000,USD,11.3993,DPU-Hours,AWSGlue,Analytics,Data Processing,SKU-8cd75c3064ca6c4c85c43ce6,Data Processing,SPRICE-31964d215aa8bccf440b844b,"{""x_WorkerType"":""G.1X""}",arn:aws:glue:eu-west-1:200000000012:job/job-575a823f0482,job-575a823f0482,Glue Job,eu-west-1,EU (Ireland),,,,,,,,,,,"{""Environment"":""prod"",""CostCenter"":""cc-3110"",""Owner"":""team-payments""}"
AWS,AWS,AWS,INV-2026-05-0001,100000000001,ExampleCorp Master Payer,Payer Account,200000000014,sandbox-dev,Linked Account,2026-05-01T00:00:00Z,2026-06-01T00:00:00Z,2026-05-01T00:00:00Z,2026-06-01T00:00:00Z,Tax,,Synthetic tax 10% on usage record 234: AmazonS3,One-Time,0.974802951,0.974802951,1.08311439,0.974802951,,,,,,USD,,0.974802951,,USD,,,AmazonS3,Storage,Object Storage,,,,,,,,,,,,,,,,,,,,"{""Environment"":""dev"",""CostCenter"":""cc-1042"",""Owner"":""team-platform""}"
AWS,AWS,AWS,INV-2026-05-0002,100000000002,ExampleCorp Secondary Payer,Payer Account,200000000012,staging-platform,Linked Account,2026-05-01T00:00:00Z,2026-06-01T00:00:00Z,2026-05-14T02:00:00Z,2026-05-14T03:00:00Z,Usage,,Linux on-demand m6i.large,Usage-Based,0.0864,0.0864,0.096,0.0864,0.0960000000,0.0864000000,Standard,1.0000,Hours,USD,0.0864000000,0.0864,0.0960000000,USD,1.0000,Hours,AmazonEC2,Compute,Virtual Machines,SKU-736a4dd80178572d8370293d,Compute,SPRICE-c862323f09b487c42efb1c6b,"{""InstanceType"":""m6i.large"",""InstanceSeries"":""M6i"",""CoreCount"":2,""MemorySize"":8,""OperatingSystem"":""Linux"",""x_Tenancy"":""Shared""}",arn:aws:ec2:us-east-1:200000000012:instance/i-db7bf6be6a80,i-db7bf6be6a80,EC2 Instance,us-east-1,US East (N. Virginia),us-east-1b,,,,,,,,,,"{""Environment"":""prod"",""CostCenter"":""cc-1042"",""Owner"":""team-data""}"
AWS,AWS,AWS,INV-2026-05-0001,100000000001,ExampleCorp Master Payer,Payer Account,200000000014,sandbox-dev,Linked Account,2026-05-01T00:00:00Z,2026-06-01T00:00:00Z,2026-05-14T03:00:00Z,2026-05-14T04:00:00Z,Usage,,Lambda function duration,Usage-Based,6.3958713975,6.3958713975,7.10653798804755,6.3958713975,0.0000166667,0.0000150000,Standard,426391.4265,GB-Seconds,EUR,0.0000138000,5.8842016857,0.0000153334,USD,426391.4265,GB-Seconds,AWSLambda,Compute,Serverless Compute,SKU-790dfdd7277c16aec9cf7656,Compute,SPRICE-f3bbf94e2faecc81cd113fd7,"{""x_Runtime"":""python3.12"",""x_Architecture"":""arm64""}",arn:aws:lambda:us-west-2:200000000014:function/fn-fbcc0209817d,fn-fbcc0209817d,Lambda Function,us-west-2,US West (Oregon),,,,,,,,,,,"{""Environment"":""staging"",""CostCenter"":""cc-2087"",""Owner"":""team-platform""}"
AWS,AWS,AWS,INV-2026-05-0001,100000000001,ExampleCorp Master Payer,Payer Account,200000000014,sandbox-dev,Linked Account,2026-05-01T00:00:00Z,2026-06-01T00:00:00Z,2026-05-14T04:00:00Z,2026-05-14T05:00:00Z,Usage,,Lambda function duration,Usage-Based,44.9673391755,44.9673391755,49.96381012242039,44.9673391755,0.0000166667,0.0000150000,Standard,2997822.6117,GB-Seconds,USD,0.0000150000,44.9673391755,0.0000166667,USD,2997822.6117,GB-Seconds,AWSLambda,Compute,Serverless Compute,SKU-7828f3c3be040bf04a99c13a,Compute,SPRICE-f43f05862dbfbeb78999da05,"{""x_Runtime"":""python3.12"",""x_Architecture"":""arm64""}",arn:aws:lambda:eu-west-1:200000000014:function/fn-341d17feccca,fn-341d17feccca,Lambda Function,eu-west-1,EU (Ireland),,,,,,,,,,,"{""Environment"":""staging"",""CostCenter"":""cc-2087"",""Owner"":""team-data""}"
AWS,AWS,AWS,INV-2026-05-0002,100000000002,ExampleCorp Secondary Payer,Payer Account,200000000013,data-analytics,Linked Account,2026-05-01T00:00:00Z,2026-06-01T00:00:00Z,2026-05-14T05:00:00Z,2026-05-14T06:00:00Z,Usage,,Linux on-demand m6i.large,Usage-Based,0.0864,0.0864,0.096,0.0864,0.0960000000,0.0864000000,Standard,1.0000,Hours,USD,0.0864000000,0.0864,0.0960000000,USD,1.0000,Hours,AmazonEC2,Compute,Virtual Machines,SKU-ca9c2ba97f0b30fb137ef130,Compute,SPRICE-d7f4030fc2a8b65799f6b437,"{""InstanceType"":""m6i.large"",""InstanceSeries"":""M6i"",""CoreCount"":2,""MemorySize"":8,""OperatingSystem"":""Linux"",""x_Tenancy"":""Shared""}",arn:aws:ec2:eu-west-1:200000000013:instance/i-b992fdcaefca,i-b992fdcaefca,EC2 Instance,eu-west-1,EU (Ireland),eu-west-1b,,,,,,,,,,"{""Environment"":""dev"",""CostCenter"":""cc-2087"",""Owner"":""team-payments""}"
AWS,AWS,AWS,INV-2026-05-0002,100000000002,ExampleCorp Secondary Payer,Payer Account,200000000013,data-analytics,Linked Account,2026-05-01T00:00:00Z,2026-06-01T00:00:00Z,2026-05-14T06:00:00Z,2026-05-14T07:00:00Z,Usage,,Lambda function duration,Usage-Based,57.320799483,57.320799483,63.68990458288774,57.320799483,0.0000166667,0.0000150000,Standard,3821386.6322,GB-Seconds,EUR,0.0000138000,52.73513552436,0.0000153334,USD,3821386.6322,GB-Seconds,AWSLambda,Compute,Serverless Compute,SKU-7828f3c3be040bf04a99c13a,Compute,SPRICE-6184f12aac3b9e897d7d8c90,"{""x_Runtime"":""python3.12"",""x_Architecture"":""arm64""}",arn:aws:lambda:eu-west-1:200000000013:function/fn-2642ca47f038,fn-2642ca47f038,Lambda Function,eu-west-1,EU (Ireland),,,,,,,,,,,"{""Environment"":""staging"",""CostCenter"":""cc-3110"",""Owner"":""team-payments""}"
AWS,AWS,AWS,INV-2026-05-0001,100000000001,ExampleCorp Master Payer,Payer Account,200000000013,data-analytics,Linked Account,2026-05-01T00:00:00Z,2026-06-01T00:00:00Z,2026-05-14T07:00:00Z,2026-05-14T08:00:00Z,Purchase,,"Savings Plan commitment, amortised for the charge period",Recurring,32.016,0,32.016,32.016,1,1,Standard,32.016,USD,USD,1.0000000000,0,1.0000000000,USD,,,AmazonEC2,Compute,Virtual Machines,SKU-f97a0a852a001de98a89f822,Commitment,SPRICE-eabcd320fdf26504e5dc7dfb,"{""x_PurchaseTerm"":""1yr"",""x_PaymentOption"":""NoUpfront""}",arn:aws:savingsplans:us-east-1::savingsplan/f4339f489ef01104,savingsplan-8fdb46fae9b3,Savings Plan,us-east-1,US East (N. Virginia),,arn:aws:savingsplans:us-east-1::savingsplan/f4339f489ef01104,ComputeSavingsPlan-1yr-NoUpfront,Spend,Savings Plan,,32.016,USD,,,"{""Environment"":""dev"",""CostCenter"":""cc-1042"",""Owner"":""team-payments""}"
AWS,AWS,AWS,INV-2026-05-0001,100000000001,ExampleCorp Master Payer,Payer Account,200000000013,data-analytics,Linked Account,2026-05-01T00:00:00Z,2026-06-01T00:00:00Z,2026-05-14T07:00:00Z,2026-05-14T08:00:00Z,Usage,,AmazonEC2 committed usage of 500 machine-equivalents,Usage-Based,0,32.016,48,43.2,0.0960000000,0.0864000000,Committed,500,Hours,USD,0.0864000000,32.016,0.0960000000,USD,500,Hours,AmazonEC2,Compute,Virtual Machines,SKU-736a4dd80178572d8370293d,Compute,SPRICE-c862323f09b487c42efb1c6b,"{""InstanceType"":""m6i.large"",""InstanceSeries"":""M6i"",""CoreCount"":2,""MemorySize"":8,""OperatingSystem"":""Linux"",""x_Tenancy"":""Shared""}",urn:focus-sample:aws:us-east-1:200000000013:compute-fleet:fleet411a5be1fe6465bcfb15bfa4,fleet411a5be1fe6465bcfb15bfa4,Compute Fleet,us-east-1,US East (N. Virginia),us-east-1a,arn:aws:savingsplans:us-east-1::savingsplan/f4339f489ef01104,ComputeSavingsPlan-1yr-NoUpfront,Spend,Savings Plan,Used,32.016,USD,,,"{""Environment"":""dev"",""CostCenter"":""cc-3110"",""Owner"":""team-platform"",""SyntheticFleetSize"":""500""}"
AWS,AWS,AWS,INV-2026-05-0001,100000000001,ExampleCorp Master Payer,Payer Account,200000000013,data-analytics,Linked Account,2026-05-01T00:00:00Z,2026-06-01T00:00:00Z,2026-05-14T08:00:00Z,2026-05-14T09:00:00Z,Purchase,,"Savings Plan commitment, amortised for the charge period",Recurring,32.016,0,32.016,32.016,1,1,Standard,32.016,USD,USD,1.0000000000,0,1.0000000000,USD,,,AmazonEC2,Compute,Virtual Machines,SKU-f97a0a852a001de98a89f822,Commitment,SPRICE-eabcd320fdf26504e5dc7dfb,"{""x_PurchaseTerm"":""1yr"",""x_PaymentOption"":""NoUpfront""}",arn:aws:savingsplans:us-east-1::savingsplan/f4339f489ef01104,savingsplan-8fdb46fae9b3,Savings Plan,us-east-1,US East (N. Virginia),,arn:aws:savingsplans:us-east-1::savingsplan/f4339f489ef01104,ComputeSavingsPlan-1yr-NoUpfront,Spend,Savings Plan,,32.016,USD,,,"{""Environment"":""dev"",""CostCenter"":""cc-3110"",""Owner"":""team-payments""}"
AWS,AWS,AWS,INV-2026-05-0001,100000000001,ExampleCorp Master Payer,Payer Account,200000000013,data-analytics,Linked Account,2026-05-01T00:00:00Z,2026-06-01T00:00:00Z,2026-05-14T08:00:00Z,2026-05-14T09:00:00Z,Usage,,AmazonEC2 committed usage of 500 machine-equivalents,Usage-Based,0,32.016,48,43.2,0.0960000000,0.0864000000,Committed,500,Hours,USD,0.0864000000,32.016,0.0960000000,USD,500,Hours,AmazonEC2,Compute,Virtual Machines,SKU-736a4dd80178572d8370293d,Compute,SPRICE-c862323f09b487c42efb1c6b,"{""InstanceType"":""m6i.large"",""InstanceSeries"":""M6i"",""CoreCount"":2,""MemorySize"":8,""OperatingSystem"":""Linux"",""x_Tenancy"":""Shared""}",urn:focus-sample:aws:us-east-1:200000000013:compute-fleet:fleet411a5be1fe6465bcfb15bfa4,fleet411a5be1fe6465bcfb15bfa4,Compute Fleet,us-east-1,US East (N. Virginia),us-east-1a,arn:aws:savingsplans:us-east-1::savingsplan/f4339f489ef01104,ComputeSavingsPlan-1yr-NoUpfront,Spend,Savings Plan,Used,32.016,USD,,,"{""Environment"":""prod"",""CostCenter"":""cc-3110"",""Owner"":""team-platform"",""SyntheticFleetSize"":""500""}"
AWS,AWS,AWS,INV-2026-05-0001,100000000001,ExampleCorp Master Payer,Payer Account,200000000013,data-analytics,Linked Account,2026-05-01T00:00:00Z,2026-06-01T00:00:00Z,2026-05-14T09:00:00Z,2026-05-14T10:00:00Z,Purchase,,"Savings Plan commitment, amortised for the charge period",Recurring,32.016,0,32.016,32.016,1,1,Standard,32.016,USD,USD,1.0000000000,0,1.0000000000,USD,,,AmazonEC2,Compute,Virtual Machines,SKU-f97a0a852a001de98a89f822,Commitment,SPRICE-eabcd320fdf26504e5dc7dfb,"{""x_PurchaseTerm"":""1yr"",""x_PaymentOption"":""NoUpfront""}",arn:aws:savingsplans:us-east-1::savingsplan/f4339f489ef01104,savingsplan-8fdb46fae9b3,Savings Plan,us-east-1,US East (N. Virginia),,arn:aws:savingsplans:us-east-1::savingsplan/f4339f489ef01104,ComputeSavingsPlan-1yr-NoUpfront,Spend,Savings Plan,,32.016,USD,,,"{""Environment"":""staging"",""CostCenter"":""cc-3110"",""Owner"":""team-payments""}"
AWS,AWS,AWS,INV-2026-05-0001,100000000001,ExampleCorp Master Payer,Payer Account,200000000013,data-analytics,Linked Account,2026-05-01T00:00:00Z,2026-06-01T00:00:00Z,2026-05-14T09:00:00Z,2026-05-14T10:00:00Z,Usage,,AmazonEC2 committed usage of 500 machine-equivalents,Usage-Based,0,32.016,48,43.2,0.0960000000,0.0864000000,Committed,500,Hours,USD,0.0864000000,32.016,0.0960000000,USD,500,Hours,AmazonEC2,Compute,Virtual Machines,SKU-736a4dd80178572d8370293d,Compute,SPRICE-c862323f09b487c42efb1c6b,"{""InstanceType"":""m6i.large"",""InstanceSeries"":""M6i"",""CoreCount"":2,""MemorySize"":8,""OperatingSystem"":""Linux"",""x_Tenancy"":""Shared""}",urn:focus-sample:aws:us-east-1:200000000013:compute-fleet:fleet411a5be1fe6465bcfb15bfa4,fleet411a5be1fe6465bcfb15bfa4,Compute Fleet,us-east-1,US East (N. Virginia),us-east-1a,arn:aws:savingsplans:us-east-1::savingsplan/f4339f489ef01104,ComputeSavingsPlan-1yr-NoUpfront,Spend,Savings Plan,Used,32.016,USD,,,"{""Environment"":""dev"",""CostCenter"":""cc-3110"",""Owner"":""team-data"",""SyntheticFleetSize"":""500""}"
AWS,AWS,AWS,INV-2026-05-0001,100000000001,ExampleCorp Master Payer,Payer Account,200000000013,data-analytics,Linked Account,2026-05-01T00:00:00Z,2026-06-01T00:00:00Z,2026-05-14T10:00:00Z,2026-05-14T11:00:00Z,Purchase,,"Savings Plan commitment, amortised for the charge period",Recurring,32.016,0,32.016,32.016,1,1,Standard,32.016,USD,USD,1.0000000000,0,1.0000000000,USD,,,AmazonEC2,Compute,Virtual Machines,SKU-f97a0a852a001de98a89f822,Commitment,SPRICE-eabcd320fdf26504e5dc7dfb,"{""x_PurchaseTerm"":""1yr"",""x_PaymentOption"":""NoUpfront""}",arn:aws:savingsplans:us-east-1::savingsplan/f4339f489ef01104,savingsplan-8fdb46fae9b3,Savings Plan,us-east-1,US East (N. Virginia),,arn:aws:savingsplans:us-east-1::savingsplan/f4339f489ef01104,ComputeSavingsPlan-1yr-NoUpfront,Spend,Savings Plan,,32.016,USD,,,"{""Environment"":""dev"",""CostCenter"":""cc-3110"",""Owner"":""team-data""}"
AWS,AWS,AWS,INV-2026-05-0001,100000000001,ExampleCorp Master Payer,Payer Account,200000000013,data-analytics,Linked Account,2026-05-01T00:00:00Z,2026-06-01T00:00:00Z,2026-05-14T10:00:00Z,2026-05-14T11:00:00Z,Usage,,AmazonEC2 committed usage of 500 machine-equivalents,Usage-Based,0,32.016,48,43.2,0.0960000000,0.0864000000,Committed,500,Hours,USD,0.0864000000,32.016,0.0960000000,USD,500,Hours,AmazonEC2,Compute,Virtual Machines,SKU-736a4dd80178572d8370293d,Compute,SPRICE-c862323f09b487c42efb1c6b,"{""InstanceType"":""m6i.large"",""InstanceSeries"":""M6i"",""CoreCount"":2,""MemorySize"":8,""OperatingSystem"":""Linux"",""x_Tenancy"":""Shared""}",urn:focus-sample:aws:us-east-1:200000000013:compute-fleet:fleet411a5be1fe6465bcfb15bfa4,fleet411a5be1fe6465bcfb15bfa4,Compute Fleet,us-east-1,US East (N. Virginia),us-east-1a,arn:aws:savingsplans:us-east-1::savingsplan/f4339f489ef01104,ComputeSavingsPlan-1yr-NoUpfront,Spend,Savings Plan,Used,32.016,USD,,,"{""Environment"":""prod"",""CostCenter"":""cc-2087"",""Owner"":""team-platform"",""SyntheticFleetSize"":""500""}"
AWS,AWS,AWS,INV-2026-05-0001,100000000001,ExampleCorp Master Payer,Payer Account,200000000013,data-analytics,Linked Account,2026-05-01T00:00:00Z,2026-06-01T00:00:00Z,2026-05-14T11:00:00Z,2026-05-14T12:00:00Z,Purchase,,"Savings Plan commitment, amortised for the charge period",Recurring,32.016,0,32.016,32.016,1,1,Standard,32.016,USD,USD,1.0000000000,0,1.0000000000,USD,,,AmazonEC2,Compute,Virtual Machines,SKU-f97a0a852a001de98a89f822,Commitment,SPRICE-eabcd320fdf26504e5dc7dfb,"{""x_PurchaseTerm"":""1yr"",""x_PaymentOption"":""NoUpfront""}",arn:aws:savingsplans:us-east-1::savingsplan/f4339f489ef01104,savingsplan-8fdb46fae9b3,Savings Plan,us-east-1,US East (N. Virginia),,arn:aws:savingsplans:us-east-1::savingsplan/f4339f489ef01104,ComputeSavingsPlan-1yr-NoUpfront,Spend,Savings Plan,,32.016,USD,,,"{""Environment"":""staging"",""CostCenter"":""cc-3110"",""Owner"":""team-data""}"
AWS,AWS,AWS,INV-2026-05-0001,100000000001,ExampleCorp Master Payer,Payer Account,200000000013,data-analytics,Linked Account,2026-05-01T00:00:00Z,2026-06-01T00:00:00Z,2026-05-14T11:00:00Z,2026-05-14T12:00:00Z,Usage,,AmazonEC2 committed usage of 500 machine-equivalents,Usage-Based,0,32.016,48,43.2,0.0960000000,0.0864000000,Committed,500,Hours,USD,0.0864000000,32.016,0.0960000000,USD,500,Hours,AmazonEC2,Compute,Virtual Machines,SKU-736a4dd80178572d8370293d,Compute,SPRICE-c862323f09b487c42efb1c6b,"{""InstanceType"":""m6i.large"",""InstanceSeries"":""M6i"",""CoreCount"":2,""MemorySize"":8,""OperatingSystem"":""Linux"",""x_Tenancy"":""Shared""}",urn:focus-sample:aws:us-east-1:200000000013:compute-fleet:fleet411a5be1fe6465bcfb15bfa4,fleet411a5be1fe6465bcfb15bfa4,Compute Fleet,us-east-1,US East (N. Virginia),us-east-1a,arn:aws:savingsplans:us-east-1::savingsplan/f4339f489ef01104,ComputeSavingsPlan-1yr-NoUpfront,Spend,Savings Plan,Used,32.016,USD,,,"{""Environment"":""prod"",""CostCenter"":""cc-1042"",""Owner"":""team-payments"",""SyntheticFleetSize"":""500""}"
AWS,AWS,AWS,INV-2026-05-0001,100000000001,ExampleCorp Master Payer,Payer Account,200000000013,data-analytics,Linked Account,2026-05-01T00:00:00Z,2026-06-01T00:00:00Z,2026-05-14T12:00:00Z,2026-05-14T13:00:00Z,Purchase,,"Savings Plan commitment, amortised for the charge period",Recurring,32.016,0,32.016,32.016,1,1,Standard,32.016,USD,USD,1.0000000000,0,1.0000000000,USD,,,AmazonEC2,Compute,Virtual Machines,SKU-f97a0a852a001de98a89f822,Commitment,SPRICE-eabcd320fdf26504e5dc7dfb,"{""x_PurchaseTerm"":""1yr"",""x_PaymentOption"":""NoUpfront""}",arn:aws:savingsplans:us-east-1::savingsplan/f4339f489ef01104,savingsplan-8fdb46fae9b3,Savings Plan,us-east-1,US East (N. Virginia),,arn:aws:savingsplans:us-east-1::savingsplan/f4339f489ef01104,ComputeSavingsPlan-1yr-NoUpfront,Spend,Savings Plan,,32.016,USD,,,"{""Environment"":""prod"",""CostCenter"":""cc-1042"",""Owner"":""team-payments""}"
AWS,AWS,AWS,INV-2026-05-0001,100000000001,ExampleCorp Master Payer,Payer Account,200000000013,data-analytics,Linked Account,2026-05-01T00:00:00Z,2026-06-01T00:00:00Z,2026-05-14T12:00:00Z,2026-05-14T13:00:00Z,Usage,,Savings Plan unused commitment,Usage-Based,0,32.016,32.016,32.016,1,1,Committed,32.016,USD,USD,1.0000000000,32.016,1.0000000000,USD,,,AmazonEC2,Compute,Virtual Machines,SKU-f97a0a852a001de98a89f822,Commitment,SPRICE-eabcd320fdf26504e5dc7dfb,"{""x_PurchaseTerm"":""1yr"",""x_PaymentOption"":""NoUpfront""}",arn:aws:savingsplans:us-east-1::savingsplan/f4339f489ef01104,savingsplan-8fdb46fae9b3,Savings Plan,us-east-1,US East (N. Virginia),,arn:aws:savingsplans:us-east-1::savingsplan/f4339f489ef01104,ComputeSavingsPlan-1yr-NoUpfront,Spend,Savings Plan,Unused,32.016,USD,,,"{""Environment"":""prod"",""CostCenter"":""cc-1042"",""Owner"":""team-platform""}"
AWS,AWS,AWS,INV-2026-05-0002,100000000002,ExampleCorp Secondary Payer,Payer Account,200000000012,staging-platform,Linked Account,2026-05-01T00:00:00Z,2026-06-01T00:00:00Z,2026-05-24T00:00:00Z,2026-05-25T00:00:00Z,Usage,,Glue ETL job run,Usage-Based,77.6281176,77.6281176,86.253464,77.6281176,0.4400000000,0.3960000000,Standard,196.0306,DPU-Hours,USD,0.3960000000,77.6281176,0.4400000000,USD,196.0306,DPU-Hours,AWSGlue,Analytics,Data Processing,SKU-edd508eddef1abee51edfd3a,Data Processing,SPRICE-d9fcf83357f0862b561e6bf6,"{""x_WorkerType"":""G.1X""}",arn:aws:glue:us-east-1:200000000012:job/job-e248e70d141e,job-e248e70d141e,Glue Job,us-east-1,US East (N. Virginia),,,,,,,,,,,"{""Environment"":""dev"",""CostCenter"":""cc-2087"",""Owner"":""team-data""}"
AWS,AWS,AWS,INV-2026-05-0002,100000000002,ExampleCorp Secondary Payer,Payer Account,200000000013,data-analytics,Linked Account,2026-05-01T00:00:00Z,2026-06-01T00:00:00Z,2026-05-25T00:00:00Z,2026-05-26T00:00:00Z,Purchase,,AmazonVPC subscription fee,Recurring,686.42,686.42,686.42,686.42,686.42,686.42,Standard,1,Units,USD,686.4200000000,686.42,686.4200000000,USD,,,AmazonVPC,Networking,Network Connectivity,SKU-91b1cc0b2d7e6657aadccf17,Subscription,SPRICE-dfe7823ef7158876fc246e67,"{""x_ChargeType"": ""SubscriptionFee""}",arn:aws:ec2:eu-west-1:200000000013:natgateway/nat-310cc2e65e06,nat-310cc2e65e06,NAT Gateway,eu-west-1,EU (Ireland),,,,,,,,,,,"{""Environment"":""prod"",""CostCenter"":""cc-2087"",""Owner"":""team-platform""}"
AWS,AWS,AWS,INV-2026-05-0001,100000000001,ExampleCorp Master Payer,Payer Account,200000000013,data-analytics,Linked Account,2026-05-01T00:00:00Z,2026-06-01T00:00:00Z,2026-05-14T21:00:00Z,2026-05-14T22:00:00Z,Usage,,Lambda function duration,Usage-Based,28.5175072815,28.5175072815,31.68618257390507,28.5175072815,0.0000166667,0.0000150000,Standard,1901167.1521,GB-Seconds,USD,0.0000150000,28.5175072815,0.0000166667,USD,1901167.1521,GB-Seconds,AWSLambda,Compute,Serverless Compute,SKU-67dc4ce0843e58b6125cbdce,Compute,SPRICE-227d5491bbfb36c4f69bea63,"{""x_Runtime"":""python3.12"",""x_Architecture"":""arm64""}",arn:aws:lambda:us-east-1:200000000013:function/fn-e20e457c5bf8,fn-e20e457c5bf8,Lambda Function,us-east-1,US East (N. Virginia),,,,,,,,,,,"{""Environment"":""staging"",""CostCenter"":""cc-2087"",""Owner"":""team-data""}"
AWS,AWS,AWS,INV-2026-05-0002,100000000002,ExampleCorp Secondary Payer,Payer Account,200000000012,staging-platform,Linked Account,2026-05-01T00:00:00Z,2026-06-01T00:00:00Z,2026-05-27T00:00:00Z,2026-05-28T00:00:00Z,Usage,,NAT gateway data processed,Usage-Based,1.0654983,1.0654983,1.183887,1.0654983,0.0450000000,0.0405000000,Standard,26.3086,GB,USD,0.0405000000,1.0654983,0.0450000000,USD,26.3086,GB,AmazonVPC,Networking,Network Connectivity,SKU-935abd9125f7268b4f0eb1ad,Data Transfer,SPRICE-130c94d71c797814c8e72b46,"{""x_TransferType"":""InterAZ""}",arn:aws:ec2:us-east-1:200000000012:natgateway/nat-77abb9f170b6,nat-77abb9f170b6,NAT Gateway,us-east-1,US East (N. Virginia),,,,,,,,,,,"{""Environment"":""prod"",""CostCenter"":""cc-2087"",""Owner"":""team-payments""}"
AWS,AWS,AWS,INV-2026-05-0001,100000000001,ExampleCorp Master Payer,Payer Account,200000000012,staging-platform,Linked Account,2026-05-01T00:00:00Z,2026-06-01T00:00:00Z,2026-05-14T23:00:00Z,2026-05-15T00:00:00Z,Usage,,Lambda function duration,Usage-Based,74.5243243395,74.5243243395,82.80497043127631,74.5243243395,0.0000166667,0.0000150000,Standard,4968288.2893,GB-Seconds,USD,0.0000150000,74.5243243395,0.0000166667,USD,4968288.2893,GB-Seconds,AWSLambda,Compute,Serverless Compute,SKU-67dc4ce0843e58b6125cbdce,Compute,SPRICE-227d5491bbfb36c4f69bea63,"{""x_Runtime"":""python3.12"",""x_Architecture"":""arm64""}",arn:aws:lambda:us-east-1:200000000012:function/fn-f25561c0d64f,fn-f25561c0d64f,Lambda Function,us-east-1,US East (N. Virginia),,,,,,,,,,,"{""Environment"":""staging"",""CostCenter"":""cc-1042"",""Owner"":""team-platform""}"
AWS,AWS,AWS,INV-2026-05-0001,100000000001,ExampleCorp Master Payer,Payer Account,200000000014,sandbox-dev,Linked Account,2026-05-01T00:00:00Z,2026-06-01T00:00:00Z,2026-05-15T00:00:00Z,2026-05-15T01:00:00Z,Usage,,Linux on-demand m6i.large,Usage-Based,0.0864,0.0864,0.096,0.0864,0.0960000000,0.0864000000,Standard,1.0000,Hours,USD,0.0864000000,0.0864,0.0960000000,USD,1.0000,Hours,AmazonEC2,Compute,Virtual Machines,SKU-ca9c2ba97f0b30fb137ef130,Compute,SPRICE-d7f4030fc2a8b65799f6b437,"{""InstanceType"":""m6i.large"",""InstanceSeries"":""M6i"",""CoreCount"":2,""MemorySize"":8,""OperatingSystem"":""Linux"",""x_Tenancy"":""Shared""}",arn:aws:ec2:eu-west-1:200000000014:instance/i-de1d639e4aa9,i-de1d639e4aa9,EC2 Instance,eu-west-1,EU (Ireland),eu-west-1b,,,,,,,,,,"{""Environment"":""prod"",""CostCenter"":""cc-1042"",""Owner"":""team-data""}"
AWS,AWS,AWS,INV-2026-05-0002,100000000002,ExampleCorp Secondary Payer,Payer Account,200000000012,staging-platform,Linked Account,2026-05-01T00:00:00Z,2026-06-01T00:00:00Z,2026-05-01T00:00:00Z,2026-06-01T00:00:00Z,Usage,,S3 Standard storage,Usage-Based,62.93376288,62.93376288,69.9264032,62.93376288,0.0230000000,0.0207000000,Standard,3040.2784,GB-Months,USD,0.0207000000,62.93376288,0.0230000000,USD,3040.2784,GB-Months,AmazonS3,Storage,Object Storage,SKU-6042c508b21761919a0ed516,Storage,SPRICE-d35afe08308f10d3695aa71d,"{""StorageClass"":""Standard"",""Redundancy"":""Zonal""}",arn:aws:s3:eu-west-1:200000000012:bucket/bucket-6ea614e264b6,bucket-6ea614e264b6,S3 Bucket,eu-west-1,EU (Ireland),,,,,,,,,,,"{""Environment"":""staging"",""CostCenter"":""cc-1042"",""Owner"":""team-data""}"
AWS,AWS,AWS,INV-2026-05-0001,100000000001,ExampleCorp Master Payer,Payer Account,200000000013,data-analytics,Linked Account,2026-05-01T00:00:00Z,2026-06-01T00:00:00Z,2026-05-15T02:00:00Z,2026-05-15T03:00:00Z,Usage,,RDS PostgreSQL db.r6g.large,Usage-Based,0.216,0.216,0.24,0.216,0.2400000000,0.2160000000,Standard,1.0000,Hours,USD,0.2160000000,0.216,0.2400000000,USD,1.0000,Hours,AmazonRDS,Databases,Relational Databases,SKU-7a3ac49181ed25cc4a81dc35,Database,SPRICE-7a34752a4c02e0761e1464be,"{""InstanceType"":""db.r6g.large"",""InstanceSeries"":""R6g"",""CoreCount"":2,""MemorySize"":16,""x_Engine"":""PostgreSQL""}",arn:aws:rds:eu-west-1:200000000013:db/db-085ec1a72427,db-085ec1a72427,RDS Instance,eu-west-1,EU (Ireland),,,,,,,,,,,"{""Environment"":""prod"",""CostCenter"":""cc-2087"",""Owner"":""team-platform""}"
AWS,AWS,AWS,INV-2026-05-0001,100000000001,ExampleCorp Master Payer,Payer Account,200000000013,data-analytics,Linked Account,2026-05-01T00:00:00Z,2026-06-01T00:00:00Z,2026-05-15T03:00:00Z,2026-05-15T04:00:00Z,Usage,,Linux on-demand m6i.large,Usage-Based,0.0864,0.0864,0.096,0.0864,0.0960000000,0.0864000000,Standard,1.0000,Hours,USD,0.0864000000,0.0864,0.0960000000,USD,1.0000,Hours,AmazonEC2,Compute,Virtual Machines,SKU-ca9c2ba97f0b30fb137ef130,Compute,SPRICE-d7f4030fc2a8b65799f6b437,"{""InstanceType"":""m6i.large"",""InstanceSeries"":""M6i"",""CoreCount"":2,""MemorySize"":8,""OperatingSystem"":""Linux"",""x_Tenancy"":""Shared""}",arn:aws:ec2:eu-west-1:200000000013:instance/i-ce6657f8c173,i-ce6657f8c173,EC2 Instance,eu-west-1,EU (Ireland),eu-west-1a,,,,,,,,,,"{""Environment"":""prod"",""CostCenter"":""cc-2087"",""Owner"":""team-platform""}"
AWS,AWS,AWS,INV-2026-05-0002,100000000002,ExampleCorp Secondary Payer,Payer Account,200000000013,data-analytics,Linked Account,2026-05-01T00:00:00Z,2026-06-01T00:00:00Z,2026-05-15T04:00:00Z,2026-05-15T05:00:00Z,Usage,,Linux on-demand m6i.large,Usage-Based,0.0864,0.0864,0.096,0.0864,0.0960000000,0.0864000000,Standard,1.0000,Hours,USD,0.0864000000,0.0864,0.0960000000,USD,1.0000,Hours,AmazonEC2,Compute,Virtual Machines,SKU-736a4dd80178572d8370293d,Compute,SPRICE-c862323f09b487c42efb1c6b,"{""InstanceType"":""m6i.large"",""InstanceSeries"":""M6i"",""CoreCount"":2,""MemorySize"":8,""OperatingSystem"":""Linux"",""x_Tenancy"":""Shared""}",arn:aws:ec2:us-east-1:200000000013:instance/i-c2ee516cf3f4,i-c2ee516cf3f4,EC2 Instance,us-east-1,US East (N. Virginia),us-east-1a,,,,,,,,,,"{""Environment"":""prod"",""CostCenter"":""cc-1042"",""Owner"":""team-data""}"
AWS,AWS,AWS,INV-2026-05-0001,100000000001,ExampleCorp Master Payer,Payer Account,200000000011,prod-platform,Linked Account,2026-05-01T00:00:00Z,2026-06-01T00:00:00Z,2026-05-01T00:00:00Z,2026-06-01T00:00:00Z,Usage,,S3 Standard storage,Usage-Based,23.82079203,23.82079203,26.4675467,23.82079203,0.0230000000,0.0207000000,Standard,1150.7629,GB-Months,USD,0.0207000000,23.82079203,0.0230000000,USD,1150.7629,GB-Months,AmazonS3,Storage,Object Storage,SKU-36fb3a972f2cdabe2e87e8f5,Storage,SPRICE-2e0d1e6fc7695c1a2fe50a1a,"{""StorageClass"":""Standard"",""Redundancy"":""Zonal""}",arn:aws:s3:us-west-2:200000000011:bucket/bucket-db37e6d023d9,bucket-db37e6d023d9,S3 Bucket,us-west-2,US West (Oregon),,,,,,,,,,,"{""Environment"":""dev"",""CostCenter"":""cc-3110"",""Owner"":""team-platform""}"
AWS,AWS,AWS,INV-2026-05-0002,100000000002,ExampleCorp Secondary Payer,Payer Account,200000000011,prod-platform,Linked Account,2026-05-01T00:00:00Z,2026-06-01T00:00:00Z,2026-05-15T06:00:00Z,2026-05-15T07:00:00Z,Usage,,Lambda function duration,Usage-Based,47.2550953845,47.2550953845,52.50576654965641,47.2550953845,0.0000166667,0.0000150000,Standard,3150339.6923,GB-Seconds,USD,0.0000150000,47.2550953845,0.0000166667,USD,3150339.6923,GB-Seconds,AWSLambda,Compute,Serverless Compute,SKU-10b7f1c880ad0bc78efd30e2,Compute,SPRICE-a9f6b13fa92ac1d53f2f387c,"{""x_Runtime"":""python3.12"",""x_Architecture"":""arm64""}",arn:aws:lambda:ap-southeast-1:200000000011:function/fn-a5570aa50ff8,fn-a5570aa50ff8,Lambda Function,ap-southeast-1,Asia Pacific (Singapore),,,,,,,,,,,"{""Environment"":""dev"",""CostCenter"":""cc-1042"",""Owner"":""team-payments""}"
AWS,AWS,AWS,INV-2026-05-0002,100000000002,ExampleCorp Secondary Payer,Payer Account,200000000012,staging-platform,Linked Account,2026-05-01T00:00:00Z,2026-06-01T00:00:00Z,2026-05-08T00:00:00Z,2026-05-09T00:00:00Z,Usage,,Custom metrics,Usage-Based,8.057475,8.057475,8.95275,8.057475,0.3000000000,0.2700000000,Standard,29.8425,Metrics,USD,0.2700000000,8.057475,0.3000000000,USD,29.8425,Metrics,AmazonCloudWatch,Management and Governance,Observability,SKU-2491f45dad51aaef563400a5,Monitoring,SPRICE-5131bac450b55b26fd0cdc7e,"{""x_MetricType"":""Custom""}",arn:aws:cloudwatch:us-east-1:200000000012:metric/metric-cc868f4e2035,metric-cc868f4e2035,Metric,us-east-1,US East (N. Virginia),,,,,,,,,,,"{""Environment"":""dev"",""CostCenter"":""cc-1042"",""Owner"":""team-platform""}"
AWS,AWS,AWS,INV-2026-05-0001,100000000001,ExampleCorp Master Payer,Payer Account,200000000011,prod-platform,Linked Account,2026-05-01T00:00:00Z,2026-06-01T00:00:00Z,2026-05-09T00:00:00Z,2026-05-10T00:00:00Z,Usage,,Glue ETL job run,Usage-Based,73.5090048,73.5090048,81.676672,73.5090048,0.4400000000,0.3960000000,Standard,185.6288,DPU-Hours,USD,0.3960000000,73.5090048,0.4400000000,USD,185.6288,DPU-Hours,AWSGlue,Analytics,Data Processing,SKU-8cd75c3064ca6c4c85c43ce6,Data Processing,SPRICE-31964d215aa8bccf440b844b,"{""x_WorkerType"":""G.1X""}",arn:aws:glue:eu-west-1:200000000011:job/job-086acec82bb5,job-086acec82bb5,Glue Job,eu-west-1,EU (Ireland),,,,,,,,,,,"{""Environment"":""dev"",""CostCenter"":""cc-3110"",""Owner"":""team-data""}"
AWS,AWS,AWS,INV-2026-05-0001,100000000001,ExampleCorp Master Payer,Payer Account,200000000012,staging-platform,Linked Account,2026-05-01T00:00:00Z,2026-06-01T00:00:00Z,2026-05-08T01:00:00Z,2026-05-08T02:00:00Z,Tax,,Synthetic tax 10% on usage record 170: AmazonEC2,One-Time,0.00864,0.00864,0.0096,0.00864,,,,,,USD,,0.00864,,USD,,,AmazonEC2,Compute,Virtual Machines,,,,,,,,,,,,,,,,,,,,"{""Environment"":""dev"",""CostCenter"":""cc-2087"",""Owner"":""team-data""}"
AWS,AWS,AWS,INV-2026-05-0001,100000000001,ExampleCorp Master Payer,Payer Account,200000000011,prod-platform,Linked Account,2026-05-01T00:00:00Z,2026-06-01T00:00:00Z,2026-05-11T00:00:00Z,2026-05-12T00:00:00Z,Usage,,NAT gateway data processed,Usage-Based,5.1998517,5.1998517,5.777613,5.1998517,0.0450000000,0.0405000000,Standard,128.3914,GB,USD,0.0405000000,5.1998517,0.0450000000,USD,128.3914,GB,AmazonVPC,Networking,Network Connectivity,SKU-3d9b08c72ec44814e0bd4e25,Data Transfer,SPRICE-5df2ff31768360bf23008ec4,"{""x_TransferType"":""InterAZ""}",arn:aws:ec2:eu-west-1:200000000011:natgateway/nat-a7640c5ed534,nat-a7640c5ed534,NAT Gateway,eu-west-1,EU (Ireland),,,,,,,,,,,"{""Environment"":""staging"",""CostCenter"":""cc-2087"",""Owner"":""team-payments""}"
AWS,AWS,AWS,INV-2026-05-0001,100000000001,ExampleCorp Master Payer,Payer Account,200000000011,prod-platform,Linked Account,2026-05-01T00:00:00Z,2026-06-01T00:00:00Z,2026-05-15T11:00:00Z,2026-05-15T12:00:00Z,Usage,,Linux on-demand m6i.large,Usage-Based,0.0864,0.0864,0.096,0.0864,0.0960000000,0.0864000000,Standard,1.0000,Hours,USD,0.0864000000,0.0864,0.0960000000,USD,1.0000,Hours,AmazonEC2,Compute,Virtual Machines,SKU-736a4dd80178572d8370293d,Compute,SPRICE-c862323f09b487c42efb1c6b,"{""InstanceType"":""m6i.large"",""InstanceSeries"":""M6i"",""CoreCount"":2,""MemorySize"":8,""OperatingSystem"":""Linux"",""x_Tenancy"":""Shared""}",arn:aws:ec2:us-east-1:200000000011:instance/i-c827837bfb03,i-c827837bfb03,EC2 Instance,us-east-1,US East (N. Virginia),us-east-1b,,,,,,,,,,"{""Environment"":""dev"",""CostCenter"":""cc-1042"",""Owner"":""team-payments""}"
AWS,AWS,AWS,INV-2026-05-0001,100000000001,ExampleCorp Master Payer,Payer Account,200000000013,data-analytics,Linked Account,2026-05-01T00:00:00Z,2026-06-01T00:00:00Z,2026-05-13T00:00:00Z,2026-05-14T00:00:00Z,Usage,,DynamoDB on-demand write requests,Usage-Based,3.8914621729875,3.8914621729875,4.323846858875,3.8914621729875,0.0000012500,0.0000011250,Standard,3459077.4871,Requests,USD,0.0000011250,3.8914621729875,0.0000012500,USD,3459077.4871,Requests,AmazonDynamoDB,Databases,NoSQL Databases,SKU-b60be50671e3ea779ca4990a,Database,SPRICE-01c9691ef6482a9102c7a4ff,"{""x_CapacityMode"":""On-Demand""}",arn:aws:dynamodb:us-east-1:200000000013:table/table-53e790a5feef,table-53e790a5feef,DynamoDB Table,us-east-1,US East (N. Virginia),,,,,,,,,,,"{""Environment"":""dev"",""CostCenter"":""cc-1042"",""Owner"":""team-platform""}"
AWS,AWS,AWS,INV-2026-05-0001,100000000001,ExampleCorp Master Payer,Payer Account,200000000013,data-analytics,Linked Account,2026-05-01T00:00:00Z,2026-06-01T00:00:00Z,2026-05-15T13:00:00Z,2026-05-15T14:00:00Z,Usage,,RDS PostgreSQL db.r6g.large,Usage-Based,0.216,0.216,0.24,0.216,0.2400000000,0.2160000000,Standard,1.0000,Hours,EUR,0.1987200000,0.19872,0.2208000000,USD,1.0000,Hours,AmazonRDS,Databases,Relational Databases,SKU-7a3ac49181ed25cc4a81dc35,Database,SPRICE-705845b2f89aec43a44c464e,"{""InstanceType"":""db.r6g.large"",""InstanceSeries"":""R6g"",""CoreCount"":2,""MemorySize"":16,""x_Engine"":""PostgreSQL""}",arn:aws:rds:eu-west-1:200000000013:db/db-23500fdd1817,db-23500fdd1817,RDS Instance,eu-west-1,EU (Ireland),,,,,,,,,,,"{""Environment"":""dev"",""CostCenter"":""cc-3110"",""Owner"":""team-platform""}"
AWS,AWS,AWS,INV-2026-05-0001,100000000001,ExampleCorp Master Payer,Payer Account,200000000014,sandbox-dev,Linked Account,2026-05-01T00:00:00Z,2026-06-01T00:00:00Z,2026-05-15T14:00:00Z,2026-05-15T15:00:00Z,Usage,,Lambda function duration,Usage-Based,26.608598544,26.608598544,29.56516862355232,26.608598544,0.0000166667,0.0000150000,Standard,1773906.5696,GB-Seconds,USD,0.0000150000,26.608598544,0.0000166667,USD,1773906.5696,GB-Seconds,AWSLambda,Compute,Serverless Compute,SKU-7828f3c3be040bf04a99c13a,Compute,SPRICE-f43f05862dbfbeb78999da05,"{""x_Runtime"":""python3.12"",""x_Architecture"":""arm64""}",arn:aws:lambda:eu-west-1:200000000014:function/fn-85b7e8d0b891,fn-85b7e8d0b891,Lambda Function,eu-west-1,EU (Ireland),,,,,,,,,,,"{""Environment"":""dev"",""CostCenter"":""cc-1042"",""Owner"":""team-payments""}"
AWS,AWS,AWS,INV-2026-05-0002,100000000002,ExampleCorp Secondary Payer,Payer Account,200000000011,prod-platform,Linked Account,2026-05-01T00:00:00Z,2026-06-01T00:00:00Z,2026-05-16T00:00:00Z,2026-05-17T00:00:00Z,Usage,,Glue ETL job run,Usage-Based,37.0856376,37.0856376,41.206264,37.0856376,0.4400000000,0.3960000000,Standard,93.6506,DPU-Hours,USD,0.3960000000,37.0856376,0.4400000000,USD,93.6506,DPU-Hours,AWSGlue,Analytics,Data Processing,SKU-118148093a04e718819dbb3f,Data Processing,SPRICE-f140a6944df35cbb51f25679,"{""x_WorkerType"":""G.1X""}",arn:aws:glue:us-west-2:200000000011:job/job-e01b1813d026,job-e01b1813d026,Glue Job,us-west-2,US West (Oregon),,,,,,,,,,,"{""Environment"":""dev"",""CostCenter"":""cc-1042"",""Owner"":""team-platform""}"
AWS,AWS,AWS,INV-2026-05-0002,100000000002,ExampleCorp Secondary Payer,Payer Account,200000000012,staging-platform,Linked Account,2026-05-01T00:00:00Z,2026-06-01T00:00:00Z,2026-05-15T16:00:00Z,2026-05-15T17:00:00Z,Usage,,Lambda function duration,Usage-Based,26.7189425505,26.7189425505,29.68777332042789,26.7189425505,0.0000166667,0.0000150000,Standard,1781262.8367,GB-Seconds,EUR,0.0000138000,24.58142714646,0.0000153334,USD,1781262.8367,GB-Seconds,AWSLambda,Compute,Serverless Compute,SKU-790dfdd7277c16aec9cf7656,Compute,SPRICE-f3bbf94e2faecc81cd113fd7,"{""x_Runtime"":""python3.12"",""x_Architecture"":""arm64""}",arn:aws:lambda:us-west-2:200000000012:function/fn-f295c6645bc6,fn-f295c6645bc6,Lambda Function,us-west-2,US West (Oregon),,,,,,,,,,,"{""Environment"":""staging"",""CostCenter"":""cc-3110"",""Owner"":""team-platform""}"
AWS,AWS,AWS,INV-2026-05-0001,100000000001,ExampleCorp Master Payer,Payer Account,200000000012,staging-platform,Linked Account,2026-05-01T00:00:00Z,2026-06-01T00:00:00Z,2026-05-18T00:00:00Z,2026-05-19T00:00:00Z,Usage,,Custom metrics,Usage-Based,7.83459,7.83459,8.7051,7.83459,0.3000000000,0.2700000000,Standard,29.0170,Metrics,USD,0.2700000000,7.83459,0.3000000000,USD,29.0170,Metrics,AmazonCloudWatch,Management and Governance,Observability,SKU-917addcfe26d359456f585f4,Monitoring,SPRICE-bfed9ccd55f51b42ca94dd2b,"{""x_MetricType"":""Custom""}",arn:aws:cloudwatch:eu-west-1:200000000012:metric/metric-71a3c2082703,metric-71a3c2082703,Metric,eu-west-1,EU (Ireland),,,,,,,,,,,"{""Environment"":""staging"",""CostCenter"":""cc-2087"",""Owner"":""team-payments""}"
AWS,AWS,AWS,INV-2026-05-0002,100000000002,ExampleCorp Secondary Payer,Payer Account,200000000013,data-analytics,Linked Account,2026-05-01T00:00:00Z,2026-06-01T00:00:00Z,2026-05-19T00:00:00Z,2026-05-20T00:00:00Z,Purchase,,AWSLambda subscription fee,Recurring,722.74,722.74,722.74,722.74,722.74,722.74,Standard,1,Units,USD,722.7400000000,722.74,722.7400000000,USD,,,AWSLambda,Compute,Serverless Compute,SKU-7efa2010fc4715e2d5605c6d,Subscription,SPRICE-14e8522fdfe081d7b39aa76a,"{""x_ChargeType"": ""SubscriptionFee""}",arn:aws:lambda:us-west-2:200000000013:function/fn-1ef1e61fd5c1,fn-1ef1e61fd5c1,Lambda Function,us-west-2,US West (Oregon),,,,,,,,,,,"{""Environment"":""prod"",""CostCenter"":""cc-2087"",""Owner"":""team-payments""}"
AWS,AWS,AWS,INV-2026-05-0002,100000000002,ExampleCorp Secondary Payer,Payer Account,200000000012,staging-platform,Linked Account,2026-05-01T00:00:00Z,2026-06-01T00:00:00Z,2026-05-01T00:00:00Z,2026-06-01T00:00:00Z,Usage,,S3 Standard storage,Usage-Based,82.09050543,82.09050543,91.2116727,82.09050543,0.0230000000,0.0207000000,Standard,3965.7249,GB-Months,USD,0.0207000000,82.09050543,0.0230000000,USD,3965.7249,GB-Months,AmazonS3,Storage,Object Storage,SKU-6042c508b21761919a0ed516,Storage,SPRICE-d35afe08308f10d3695aa71d,"{""StorageClass"":""Standard"",""Redundancy"":""Zonal""}",arn:aws:s3:eu-west-1:200000000012:bucket/bucket-306f5413e145,bucket-306f5413e145,S3 Bucket,eu-west-1,EU (Ireland),,,,,,,,,,,"{""Environment"":""dev"",""CostCenter"":""cc-3110"",""Owner"":""team-data""}"
AWS,AWS,AWS,INV-2026-05-0002,100000000002,ExampleCorp Secondary Payer,Payer Account,200000000014,sandbox-dev,Linked Account,2026-05-01T00:00:00Z,2026-06-01T00:00:00Z,2026-05-11T02:00:00Z,2026-05-11T03:00:00Z,Tax,,Synthetic tax 10% on usage record 243: AWSLambda,One-Time,4.21291210905,4.21291210905,4.681022816526909,4.21291210905,,,,,,EUR,,3.875879140326,,USD,,,AWSLambda,Compute,Serverless Compute,,,,,,,,,,,,,,,,,,,,"{""Environment"":""prod"",""CostCenter"":""cc-3110"",""Owner"":""team-data""}"
AWS,AWS,AWS,INV-2026-05-0001,100000000001,ExampleCorp Master Payer,Payer Account,200000000014,sandbox-dev,Linked Account,2026-05-01T00:00:00Z,2026-06-01T00:00:00Z,2026-05-22T00:00:00Z,2026-05-23T00:00:00Z,Usage,,NAT gateway data processed,Usage-Based,11.3185026,11.3185026,12.576114,11.3185026,0.0450000000,0.0405000000,Standard,279.4692,GB,USD,0.0405000000,11.3185026,0.0450000000,USD,279.4692,GB,AmazonVPC,Networking,Network Connectivity,SKU-0a48b40b1fa86593309c0c4c,Data Transfer,SPRICE-b948c57b4c22bb2955afff1a,"{""x_TransferType"":""InterAZ""}",arn:aws:ec2:ap-southeast-1:200000000014:natgateway/nat-a273fd60c089,nat-a273fd60c089,NAT Gateway,ap-southeast-1,Asia Pacific (Singapore),,,,,,,,,,,"{""Environment"":""dev"",""CostCenter"":""cc-3110"",""Owner"":""team-data""}"
AWS,AWS,AWS,INV-2026-05-0002,100000000002,ExampleCorp Secondary Payer,Payer Account,200000000011,prod-platform,Linked Account,2026-05-01T00:00:00Z,2026-06-01T00:00:00Z,2026-05-15T22:00:00Z,2026-05-15T23:00:00Z,Usage,,Linux on-demand m6i.large,Usage-Based,0.0864,0.0864,0.096,0.0864,0.0960000000,0.0864000000,Standard,1.0000,Hours,USD,0.0864000000,0.0864,0.0960000000,USD,1.0000,Hours,AmazonEC2,Compute,Virtual Machines,SKU-736a4dd80178572d8370293d,Compute,SPRICE-c862323f09b487c42efb1c6b,"{""InstanceType"":""m6i.large"",""InstanceSeries"":""M6i"",""CoreCount"":2,""MemorySize"":8,""OperatingSystem"":""Linux"",""x_Tenancy"":""Shared""}",arn:aws:ec2:us-east-1:200000000011:instance/i-df618ec3b047,i-df618ec3b047,EC2 Instance,us-east-1,US East (N. Virginia),us-east-1a,,,,,,,,,,"{""Environment"":""prod"",""CostCenter"":""cc-1042"",""Owner"":""team-payments""}"
AWS,AWS,AWS,INV-2026-05-0002,100000000002,ExampleCorp Secondary Payer,Payer Account,200000000013,data-analytics,Linked Account,2026-05-01T00:00:00Z,2026-06-01T00:00:00Z,2026-05-15T23:00:00Z,2026-05-16T00:00:00Z,Usage,,Lambda function duration,Usage-Based,46.0381691235,46.0381691235,51.15362355537583,46.0381691235,0.0000166667,0.0000150000,Standard,3069211.2749,GB-Seconds,USD,0.0000150000,46.0381691235,0.0000166667,USD,3069211.2749,GB-Seconds,AWSLambda,Compute,Serverless Compute,SKU-67dc4ce0843e58b6125cbdce,Compute,SPRICE-227d5491bbfb36c4f69bea63,"{""x_Runtime"":""python3.12"",""x_Architecture"":""arm64""}",arn:aws:lambda:us-east-1:200000000013:function/fn-bb891cb1d156,fn-bb891cb1d156,Lambda Function,us-east-1,US East (N. Virginia),,,,,,,,,,,"{""Environment"":""prod"",""CostCenter"":""cc-1042"",""Owner"":""team-platform""}"
AWS,AWS,AWS,INV-2026-05-0001,100000000001,ExampleCorp Master Payer,Payer Account,200000000012,staging-platform,Linked Account,2026-05-01T00:00:00Z,2026-06-01T00:00:00Z,2026-05-16T00:00:00Z,2026-05-16T01:00:00Z,Usage,,Lambda function duration,Usage-Based,70.91449995,70.91449995,78.794046421111,70.91449995,0.0000166667,0.0000150000,Standard,4727633.3300,GB-Seconds,USD,0.0000150000,70.91449995,0.0000166667,USD,4727633.3300,GB-Seconds,AWSLambda,Compute,Serverless Compute,SKU-790dfdd7277c16aec9cf7656,Compute,SPRICE-55fe45e894424abc4a1bb3fe,"{""x_Runtime"":""python3.12"",""x_Architecture"":""arm64""}",arn:aws:lambda:us-west-2:200000000012:function/fn-07efa17b52a7,fn-07efa17b52a7,Lambda Function,us-west-2,US West (Oregon),,,,,,,,,,,"{""Environment"":""prod"",""CostCenter"":""cc-3110"",""Owner"":""team-payments""}"
AWS,AWS,AWS,INV-2026-05-0001,100000000001,ExampleCorp Master Payer,Payer Account,200000000011,prod-platform,Linked Account,2026-05-01T00:00:00Z,2026-06-01T00:00:00Z,2026-05-01T00:00:00Z,2026-06-01T00:00:00Z,Usage,,S3 Standard storage,Usage-Based,27.0544239,27.0544239,30.060471,27.0544239,0.0230000000,0.0207000000,Standard,1306.9770,GB-Months,USD,0.0207000000,27.0544239,0.0230000000,USD,1306.9770,GB-Months,AmazonS3,Storage,Object Storage,SKU-6042c508b21761919a0ed516,Storage,SPRICE-d35afe08308f10d3695aa71d,"{""StorageClass"":""Standard"",""Redundancy"":""Zonal""}",arn:aws:s3:eu-west-1:200000000011:bucket/bucket-7a96b6ff4282,bucket-7a96b6ff4282,S3 Bucket,eu-west-1,EU (Ireland),,,,,,,,,,,"{""Environment"":""staging"",""CostCenter"":""cc-2087"",""Owner"":""team-payments""}"
AWS,AWS,AWS,INV-2026-05-0002,100000000002,ExampleCorp Secondary Payer,Payer Account,200000000014,sandbox-dev,Linked Account,2026-05-01T00:00:00Z,2026-06-01T00:00:00Z,2026-05-27T00:00:00Z,2026-05-28T00:00:00Z,Usage,,DynamoDB on-demand write requests,Usage-Based,1.3082473922625,1.3082473922625,1.453608213625,1.3082473922625,0.0000012500,0.0000011250,Standard,1162886.5709,Requests,USD,0.0000011250,1.3082473922625,0.0000012500,USD,1162886.5709,Requests,AmazonDynamoDB,Databases,NoSQL Databases,SKU-ed668466fc7fc7bc80c6b1e8,Database,SPRICE-c01526413ebdb215913eebd3,"{""x_CapacityMode"":""On-Demand""}",arn:aws:dynamodb:ap-southeast-1:200000000014:table/table-f1df3142a82d,table-f1df3142a82d,DynamoDB Table,ap-southeast-1,Asia Pacific (Singapore),,,,,,,,,,,"{""Environment"":""dev"",""CostCenter"":""cc-2087"",""Owner"":""team-payments""}"
AWS,AWS,AWS,INV-2026-05-0002,100000000002,ExampleCorp Secondary Payer,Payer Account,200000000011,prod-platform,Linked Account,2026-05-01T00:00:00Z,2026-06-01T00:00:00Z,2026-05-16T03:00:00Z,2026-05-16T04:00:00Z,Usage,,Lambda function duration,Usage-Based,46.1636132745,46.1636132745,51.29300622414061,46.1636132745,0.0000166667,0.0000150000,Standard,3077574.2183,GB-Seconds,USD,0.0000150000,46.1636132745,0.0000166667,USD,3077574.2183,GB-Seconds,AWSLambda,Compute,Serverless Compute,SKU-790dfdd7277c16aec9cf7656,Compute,SPRICE-55fe45e894424abc4a1bb3fe,"{""x_Runtime"":""python3.12"",""x_Architecture"":""arm64""}",arn:aws:lambda:us-west-2:200000000011:function/fn-716e15edd4bf,fn-716e15edd4bf,Lambda Function,us-west-2,US West (Oregon),,,,,,,,,,,"{""Environment"":""staging"",""CostCenter"":""cc-1042"",""Owner"":""team-payments""}"
AWS,AWS,AWS,INV-2026-05-0001,100000000001,ExampleCorp Master Payer,Payer Account,200000000011,prod-platform,Linked Account,2026-05-01T00:00:00Z,2026-06-01T00:00:00Z,2026-05-16T04:00:00Z,2026-05-16T05:00:00Z,Usage,,Lambda function duration,Usage-Based,23.576896554,23.576896554,26.19660411977012,23.576896554,0.0000166667,0.0000150000,Standard,1571793.1036,GB-Seconds,USD,0.0000150000,23.576896554,0.0000166667,USD,1571793.1036,GB-Seconds,AWSLambda,Compute,Serverless Compute,SKU-7828f3c3be040bf04a99c13a,Compute,SPRICE-f43f05862dbfbeb78999da05,"{""x_Runtime"":""python3.12"",""x_Architecture"":""arm64""}",arn:aws:lambda:eu-west-1:200000000011:function/fn-2ba91d5ba592,fn-2ba91d5ba592,Lambda Function,eu-west-1,EU (Ireland),,,,,,,,,,,"{""Environment"":""staging"",""CostCenter"":""cc-3110"",""Owner"":""team-platform""}"
AWS,AWS,AWS,INV-2026-05-0001,100000000001,ExampleCorp Master Payer,Payer Account,200000000012,staging-platform,Linked Account,2026-05-01T00:00:00Z,2026-06-01T00:00:00Z,2026-05-16T05:00:00Z,2026-05-16T06:00:00Z,Usage,,RDS PostgreSQL db.r6g.large,Usage-Based,0.216,0.216,0.24,0.216,0.2400000000,0.2160000000,Standard,1.0000,Hours,USD,0.2160000000,0.216,0.2400000000,USD,1.0000,Hours,AmazonRDS,Databases,Relational Databases,SKU-59cf7266a13e6ea4d00d0143,Database,SPRICE-bde64d57365802abbf64195d,"{""InstanceType"":""db.r6g.large"",""InstanceSeries"":""R6g"",""CoreCount"":2,""MemorySize"":16,""x_Engine"":""PostgreSQL""}",arn:aws:rds:ap-southeast-1:200000000012:db/db-7284a08c5b70,db-7284a08c5b70,RDS Instance,ap-southeast-1,Asia Pacific (Singapore),,,,,,,,,,,"{""Environment"":""prod"",""CostCenter"":""cc-2087"",""Owner"":""team-data""}"
AWS,AWS,AWS,INV-2026-05-0001,100000000001,ExampleCorp Master Payer,Payer Account,200000000011,prod-platform,Linked Account,2026-05-01T00:00:00Z,2026-06-01T00:00:00Z,2026-05-16T06:00:00Z,2026-05-16T07:00:00Z,Usage,,Lambda function duration,Usage-Based,67.520917347,67.520917347,75.02339154314966,67.520917347,0.0000166667,0.0000150000,Standard,4501394.4898,GB-Seconds,USD,0.0000150000,67.520917347,0.0000166667,USD,4501394.4898,GB-Seconds,AWSLambda,Compute,Serverless Compute,SKU-67dc4ce0843e58b6125cbdce,Compute,SPRICE-227d5491bbfb36c4f69bea63,"{""x_Runtime"":""python3.12"",""x_Architecture"":""arm64""}",arn:aws:lambda:us-east-1:200000000011:function/fn-9d5031ddf740,fn-9d5031ddf740,Lambda Function,us-east-1,US East (N. Virginia),,,,,,,,,,,"{""Environment"":""dev"",""CostCenter"":""cc-3110"",""Owner"":""team-platform""}"
AWS,AWS,AWS,INV-2026-05-0002,100000000002,ExampleCorp Secondary Payer,Payer Account,200000000013,data-analytics,Linked Account,2026-05-01T00:00:00Z,2026-06-01T00:00:00Z,2026-05-12T03:00:00Z,2026-05-12T04:00:00Z,Tax,,Synthetic tax 10% on usage record 268: AmazonRDS,One-Time,0.0216,0.0216,0.024,0.0216,,,,,,USD,,0.0216,,USD,,,AmazonRDS,Databases,Relational Databases,,,,,,,,,,,,,,,,,,,,"{""Environment"":""prod"",""CostCenter"":""cc-1042"",""Owner"":""team-platform""}"
AWS,AWS,AWS,INV-2026-05-0002,100000000002,ExampleCorp Secondary Payer,Payer Account,200000000013,data-analytics,Linked Account,2026-05-01T00:00:00Z,2026-06-01T00:00:00Z,2026-05-05T00:00:00Z,2026-05-06T00:00:00Z,Usage,,Glue ETL job run,Usage-Based,66.7576404,66.7576404,74.175156,66.7576404,0.4400000000,0.3960000000,Standard,168.5799,DPU-Hours,USD,0.3960000000,66.7576404,0.4400000000,USD,168.5799,DPU-Hours,AWSGlue,Analytics,Data Processing,SKU-edd508eddef1abee51edfd3a,Data Processing,SPRICE-d9fcf83357f0862b561e6bf6,"{""x_WorkerType"":""G.1X""}",arn:aws:glue:us-east-1:200000000013:job/job-734044e32a1d,job-734044e32a1d,Glue Job,us-east-1,US East (N. Virginia),,,,,,,,,,,"{""Environment"":""dev"",""CostCenter"":""cc-2087"",""Owner"":""team-data""}"
AWS,AWS,AWS,INV-2026-05-0001,100000000001,ExampleCorp Master Payer,Payer Account,200000000011,prod-platform,Linked Account,2026-05-01T00:00:00Z,2026-06-01T00:00:00Z,2026-05-06T00:00:00Z,2026-05-07T00:00:00Z,Usage,,NAT gateway data processed,Usage-Based,12.41543295,12.41543295,13.7949255,12.41543295,0.0450000000,0.0405000000,Standard,306.5539,GB,USD,0.0405000000,12.41543295,0.0450000000,USD,306.5539,GB,AmazonVPC,Networking,Network Connectivity,SKU-3d9b08c72ec44814e0bd4e25,Data Transfer,SPRICE-5df2ff31768360bf23008ec4,"{""x_TransferType"":""InterAZ""}",arn:aws:ec2:eu-west-1:200000000011:natgateway/nat-95d9f2a931c7,nat-95d9f2a931c7,NAT Gateway,eu-west-1,EU (Ireland),,,,,,,,,,,"{""Environment"":""dev"",""CostCenter"":""cc-1042"",""Owner"":""team-data""}"
AWS,AWS,AWS,INV-2026-05-0001,100000000001,ExampleCorp Master Payer,Payer Account,200000000013,data-analytics,Linked Account,2026-05-01T00:00:00Z,2026-06-01T00:00:00Z,2026-05-07T00:00:00Z,2026-05-08T00:00:00Z,Usage,,Custom metrics,Usage-Based,11.443464,11.443464,12.71496,11.443464,0.3000000000,0.2700000000,Standard,42.3832,Metrics,EUR,0.2484000000,10.52798688,0.2760000000,USD,42.3832,Metrics,AmazonCloudWatch,Management and Governance,Observability,SKU-7f3902e3f370805f0a245d7f,Monitoring,SPRICE-a898791670559a1f7da92145,"{""x_MetricType"":""Custom""}",arn:aws:cloudwatch:ap-southeast-1:200000000013:metric/metric-685e2e1f1107,metric-685e2e1f1107,Metric,ap-southeast-1,Asia Pacific (Singapore),,,,,,,,,,,"{""Environment"":""dev"",""CostCenter"":""cc-3110"",""Owner"":""team-payments""}"
AWS,AWS,AWS,INV-2026-05-0001,100000000001,ExampleCorp Master Payer,Payer Account,200000000011,prod-platform,Linked Account,2026-05-01T00:00:00Z,2026-06-01T00:00:00Z,2026-05-08T00:00:00Z,2026-05-09T00:00:00Z,Usage,,Glue ETL job run,Usage-Based,77.6139804,77.6139804,86.237756,77.6139804,0.4400000000,0.3960000000,Standard,195.9949,DPU-Hours,USD,0.3960000000,77.6139804,0.4400000000,USD,195.9949,DPU-Hours,AWSGlue,Analytics,Data Processing,SKU-118148093a04e718819dbb3f,Data Processing,SPRICE-f140a6944df35cbb51f25679,"{""x_WorkerType"":""G.1X""}",arn:aws:glue:us-west-2:200000000011:job/job-fd1a86e180e0,job-fd1a86e180e0,Glue Job,us-west-2,US West (Oregon),,,,,,,,,,,"{""Environment"":""prod"",""CostCenter"":""cc-3110"",""Owner"":""team-platform""}"
AWS,AWS,AWS,INV-2026-05-0002,100000000002,ExampleCorp Secondary Payer,Payer Account,200000000013,data-analytics,Linked Account,2026-05-01T00:00:00Z,2026-06-01T00:00:00Z,2026-05-16T12:00:00Z,2026-05-16T13:00:00Z,Usage,,RDS PostgreSQL db.r6g.large,Usage-Based,0.216,0.216,0.24,0.216,0.2400000000,0.2160000000,Standard,1.0000,Hours,USD,0.2160000000,0.216,0.2400000000,USD,1.0000,Hours,AmazonRDS,Databases,Relational Databases,SKU-59cf7266a13e6ea4d00d0143,Database,SPRICE-bde64d57365802abbf64195d,"{""InstanceType"":""db.r6g.large"",""InstanceSeries"":""R6g"",""CoreCount"":2,""MemorySize"":16,""x_Engine"":""PostgreSQL""}",arn:aws:rds:ap-southeast-1:200000000013:db/db-13beda4cfec9,db-13beda4cfec9,RDS Instance,ap-southeast-1,Asia Pacific (Singapore),,,,,,,,,,,"{""Environment"":""staging"",""CostCenter"":""cc-1042"",""Owner"":""team-data""}"
AWS,AWS,AWS,INV-2026-05-0001,100000000001,ExampleCorp Master Payer,Payer Account,200000000011,prod-platform,Linked Account,2026-05-01T00:00:00Z,2026-06-01T00:00:00Z,2026-05-10T00:00:00Z,2026-05-11T00:00:00Z,Usage,,Glue ETL job run,Usage-Based,30.8407176,30.8407176,34.267464,30.8407176,0.4400000000,0.3960000000,Standard,77.8806,DPU-Hours,USD,0.3960000000,30.8407176,0.4400000000,USD,77.8806,DPU-Hours,AWSGlue,Analytics,Data Processing,SKU-d1426392ab27c72810db5ee9,Data Processing,SPRICE-2caf36fd8fbe6a68e682b866,"{""x_WorkerType"":""G.1X""}",arn:aws:glue:ap-southeast-1:200000000011:job/job-df50fed9491d,job-df50fed9491d,Glue Job,ap-southeast-1,Asia Pacific (Singapore),,,,,,,,,,,"{""Environment"":""prod"",""CostCenter"":""cc-1042"",""Owner"":""team-platform""}"
AWS,AWS,AWS,INV-2026-05-0001,100000000001,ExampleCorp Master Payer,Payer Account,200000000011,prod-platform,Linked Account,2026-05-01T00:00:00Z,2026-06-01T00:00:00Z,2026-05-11T00:00:00Z,2026-05-12T00:00:00Z,Usage,,NAT gateway data processed,Usage-Based,6.9722937,6.9722937,7.746993,6.9722937,0.0450000000,0.0405000000,Standard,172.1554,GB,EUR,0.0372600000,6.414510204,0.0414000000,USD,172.1554,GB,AmazonVPC,Networking,Network Connectivity,SKU-3d9b08c72ec44814e0bd4e25,Data Transfer,SPRICE-64b40b6b70d2bedfb1975249,"{""x_TransferType"":""InterAZ""}",arn:aws:ec2:eu-west-1:200000000011:natgateway/nat-5e1402d39881,nat-5e1402d39881,NAT Gateway,eu-west-1,EU (Ireland),,,,,,,,,,,"{""Environment"":""dev"",""CostCenter"":""cc-1042"",""Owner"":""team-payments""}"
AWS,AWS,AWS,INV-2026-05-0001,100000000001,ExampleCorp Master Payer,Payer Account,200000000011,prod-platform,Linked Account,2026-05-01T00:00:00Z,2026-06-01T00:00:00Z,2026-05-12T00:00:00Z,2026-05-13T00:00:00Z,Usage,,DynamoDB on-demand write requests,Usage-Based,3.5681162464125,3.5681162464125,3.964573607125,3.5681162464125,0.0000012500,0.0000011250,Standard,3171658.8857,Requests,USD,0.0000011250,3.5681162464125,0.0000012500,USD,3171658.8857,Requests,AmazonDynamoDB,Databases,NoSQL Databases,SKU-687affd9645b52f0bac81a2c,Database,SPRICE-716c8854825bf7430db8e755,"{""x_CapacityMode"":""On-Demand""}",arn:aws:dynamodb:us-west-2:200000000011:table/table-b7d3fca09b71,table-b7d3fca09b71,DynamoDB Table,us-west-2,US West (Oregon),,,,,,,,,,,"{""Environment"":""staging"",""CostCenter"":""cc-2087"",""Owner"":""team-data""}"
AWS,AWS,AWS,INV-2026-05-0002,100000000002,ExampleCorp Secondary Payer,Payer Account,200000000014,sandbox-dev,Linked Account,2026-05-01T00:00:00Z,2026-06-01T00:00:00Z,2026-05-13T00:00:00Z,2026-05-14T00:00:00Z,Usage,,Glue ETL job run,Usage-Based,0.4056624,0.4056624,0.450736,0.4056624,0.4400000000,0.3960000000,Standard,1.0244,DPU-Hours,USD,0.3960000000,0.4056624,0.4400000000,USD,1.0244,DPU-Hours,AWSGlue,Analytics,Data Processing,SKU-d1426392ab27c72810db5ee9,Data Processing,SPRICE-2caf36fd8fbe6a68e682b866,"{""x_WorkerType"":""G.1X""}",arn:aws:glue:ap-southeast-1:200000000014:job/job-a0ea0add5c9f,job-a0ea0add5c9f,Glue Job,ap-southeast-1,Asia Pacific (Singapore),,,,,,,,,,,"{""Environment"":""dev"",""CostCenter"":""cc-1042"",""Owner"":""team-payments""}"
AWS,AWS,AWS,INV-2026-05-0001,100000000001,ExampleCorp Master Payer,Payer Account,200000000013,data-analytics,Linked Account,2026-05-01T00:00:00Z,2026-06-01T00:00:00Z,2026-05-14T00:00:00Z,2026-05-15T00:00:00Z,Usage,,Custom metrics,Usage-Based,15.233724,15.233724,16.92636,15.233724,0.3000000000,0.2700000000,Standard,56.4212,Metrics,USD,0.2700000000,15.233724,0.3000000000,USD,56.4212,Metrics,AmazonCloudWatch,Management and Governance,Observability,SKU-7f3902e3f370805f0a245d7f,Monitoring,SPRICE-dae68554fa459d336630e8d7,"{""x_MetricType"":""Custom""}",arn:aws:cloudwatch:ap-southeast-1:200000000013:metric/metric-52370becf40e,metric-52370becf40e,Metric,ap-southeast-1,Asia Pacific (Singapore),,,,,,,,,,,"{""Environment"":""prod"",""CostCenter"":""cc-3110"",""Owner"":""team-payments""}"
AWS,AWS,AWS,INV-2026-05-0002,100000000002,ExampleCorp Secondary Payer,Payer Account,200000000011,prod-platform,Linked Account,2026-05-01T00:00:00Z,2026-06-01T00:00:00Z,2026-05-15T00:00:00Z,2026-05-16T00:00:00Z,Usage,,Custom metrics,Usage-Based,51.037452,51.037452,56.70828,51.037452,0.3000000000,0.2700000000,Standard,189.0276,Metrics,USD,0.2700000000,51.037452,0.3000000000,USD,189.0276,Metrics,AmazonCloudWatch,Management and Governance,Observability,SKU-7f3902e3f370805f0a245d7f,Monitoring,SPRICE-dae68554fa459d336630e8d7,"{""x_MetricType"":""Custom""}",arn:aws:cloudwatch:ap-southeast-1:200000000011:metric/metric-8ce268670283,metric-8ce268670283,Metric,ap-southeast-1,Asia Pacific (Singapore),,,,,,,,,,,"{""Environment"":""prod"",""CostCenter"":""cc-2087"",""Owner"":""team-payments""}"
AWS,AWS,AWS,INV-2026-05-0002,100000000002,ExampleCorp Secondary Payer,Payer Account,200000000013,data-analytics,Linked Account,2026-05-01T00:00:00Z,2026-06-01T00:00:00Z,2026-05-01T04:00:00Z,2026-05-01T05:00:00Z,Tax,,Synthetic tax 10% on usage record 5: AmazonRDS,One-Time,0.0216,0.0216,0.024,0.0216,,,,,,USD,,0.0216,,USD,,,AmazonRDS,Databases,Relational Databases,,,,,,,,,,,,,,,,,,,,"{""Environment"":""prod"",""CostCenter"":""cc-3110"",""Owner"":""team-payments""}"
AWS,AWS,AWS,INV-2026-05-0002,100000000002,ExampleCorp Secondary Payer,Payer Account,200000000011,prod-platform,Linked Account,2026-05-01T00:00:00Z,2026-06-01T00:00:00Z,2026-05-16T20:00:00Z,2026-05-16T21:00:00Z,Usage,,Linux on-demand m6i.large,Usage-Based,0.0864,0.0864,0.096,0.0864,0.0960000000,0.0864000000,Standard,1.0000,Hours,USD,0.0864000000,0.0864,0.0960000000,USD,1.0000,Hours,AmazonEC2,Compute,Virtual Machines,SKU-e0e295f006e6a0732dd5f77b,Compute,SPRICE-98f5ebeb1125d6e984c27bb1,"{""InstanceType"":""m6i.large"",""InstanceSeries"":""M6i"",""CoreCount"":2,""MemorySize"":8,""OperatingSystem"":""Linux"",""x_Tenancy"":""Shared""}",arn:aws:ec2:us-west-2:200000000011:instance/i-ea01d4cf5654,i-ea01d4cf5654,EC2 Instance,us-west-2,US West (Oregon),us-west-2b,,,,,,,,,,"{""Environment"":""dev"",""CostCenter"":""cc-1042"",""Owner"":""team-data""}"
AWS,AWS,AWS,INV-2026-05-0001,100000000001,ExampleCorp Master Payer,Payer Account,200000000014,sandbox-dev,Linked Account,2026-05-01T00:00:00Z,2026-06-01T00:00:00Z,2026-05-18T00:00:00Z,2026-05-19T00:00:00Z,Purchase,,AmazonEC2 subscription fee,Recurring,767.22,767.22,767.22,767.22,767.22,767.22,Standard,1,Units,USD,767.2200000000,767.22,767.2200000000,USD,,,AmazonEC2,Compute,Virtual Machines,SKU-b0218c23eab8c01cfaf2f814,Subscription,SPRICE-a218b786199322998ed93cb2,"{""x_ChargeType"": ""SubscriptionFee""}",arn:aws:ec2:ap-southeast-1:200000000014:instance/i-8258f705cd4b,i-8258f705cd4b,EC2 Instance,ap-southeast-1,Asia Pacific (Singapore),,,,,,,,,,,"{""Environment"":""staging"",""CostCenter"":""cc-3110"",""Owner"":""team-payments""}"
AWS,AWS,AWS,INV-2026-05-0001,100000000001,ExampleCorp Master Payer,Payer Account,200000000014,sandbox-dev,Linked Account,2026-05-01T00:00:00Z,2026-06-01T00:00:00Z,2026-05-01T00:00:00Z,2026-06-01T00:00:00Z,Usage,,S3 Standard storage,Usage-Based,154.62095805,154.62095805,171.8010645,154.62095805,0.0230000000,0.0207000000,Standard,7469.6115,GB-Months,USD,0.0207000000,154.62095805,0.0230000000,USD,7469.6115,GB-Months,AmazonS3,Storage,Object Storage,SKU-6042c508b21761919a0ed516,Storage,SPRICE-d35afe08308f10d3695aa71d,"{""StorageClass"":""Standard"",""Redundancy"":""Zonal""}",arn:aws:s3:eu-west-1:200000000014:bucket/bucket-0f62b4513139,bucket-0f62b4513139,S3 Bucket,eu-west-1,EU (Ireland),,,,,,,,,,,"{""Environment"":""staging"",""CostCenter"":""cc-3110"",""Owner"":""team-payments""}"
AWS,AWS,AWS,INV-2026-05-0002,100000000002,ExampleCorp Secondary Payer,Payer Account,200000000014,sandbox-dev,Linked Account,2026-05-01T00:00:00Z,2026-06-01T00:00:00Z,2026-05-16T23:00:00Z,2026-05-17T00:00:00Z,Usage,,Lambda function duration,Usage-Based,58.2712001055,58.2712001055,64.74590738655579,58.2712001055,0.0000166667,0.0000150000,Standard,3884746.6737,GB-Seconds,USD,0.0000150000,58.2712001055,0.0000166667,USD,3884746.6737,GB-Seconds,AWSLambda,Compute,Serverless Compute,SKU-790dfdd7277c16aec9cf7656,Compute,SPRICE-55fe45e894424abc4a1bb3fe,"{""x_Runtime"":""python3.12"",""x_Architecture"":""arm64""}",arn:aws:lambda:us-west-2:200000000014:function/fn-b6a28d239261,fn-b6a28d239261,Lambda Function,us-west-2,US West (Oregon),,,,,,,,,,,"{""Environment"":""prod"",""CostCenter"":""cc-3110"",""Owner"":""team-data""}"
AWS,AWS,AWS,INV-2026-05-0001,100000000001,ExampleCorp Master Payer,Payer Account,200000000012,staging-platform,Linked Account,2026-05-01T00:00:00Z,2026-06-01T00:00:00Z,2026-05-01T00:00:00Z,2026-06-01T00:00:00Z,Usage,,S3 Standard storage,Usage-Based,46.06784793,46.06784793,51.1864977,46.06784793,0.0230000000,0.0207000000,Standard,2225.4999,GB-Months,USD,0.0207000000,46.06784793,0.0230000000,USD,2225.4999,GB-Months,AmazonS3,Storage,Object Storage,SKU-ca447aa86bf44972e43c1f69,Storage,SPRICE-92e9b7d21ce3c83c68f72f47,"{""StorageClass"":""Standard"",""Redundancy"":""Zonal""}",arn:aws:s3:us-east-1:200000000012:bucket/bucket-35ae00c9cd28,bucket-35ae00c9cd28,S3 Bucket,us-east-1,US East (N. Virginia),,,,,,,,,,,"{""Environment"":""dev"",""CostCenter"":""cc-3110"",""Owner"":""team-platform""}"
AWS,AWS,AWS,INV-2026-05-0001,100000000001,ExampleCorp Master Payer,Payer Account,200000000013,data-analytics,Linked Account,2026-05-01T00:00:00Z,2026-06-01T00:00:00Z,2026-05-17T01:00:00Z,2026-05-17T02:00:00Z,Usage,,Linux on-demand m6i.large,Usage-Based,0.0864,0.0864,0.096,0.0864,0.0960000000,0.0864000000,Standard,1.0000,Hours,USD,0.0864000000,0.0864,0.0960000000,USD,1.0000,Hours,AmazonEC2,Compute,Virtual Machines,SKU-ca9c2ba97f0b30fb137ef130,Compute,SPRICE-d7f4030fc2a8b65799f6b437,"{""InstanceType"":""m6i.large"",""InstanceSeries"":""M6i"",""CoreCount"":2,""MemorySize"":8,""OperatingSystem"":""Linux"",""x_Tenancy"":""Shared""}",arn:aws:ec2:eu-west-1:200000000013:instance/i-7b78cd122d2d,i-7b78cd122d2d,EC2 Instance,eu-west-1,EU (Ireland),eu-west-1a,,,,,,,,,,"{""Environment"":""prod"",""CostCenter"":""cc-1042"",""Owner"":""team-data""}"
AWS,AWS,AWS,INV-2026-05-0002,100000000002,ExampleCorp Secondary Payer,Payer Account,200000000014,sandbox-dev,Linked Account,2026-05-01T00:00:00Z,2026-06-01T00:00:00Z,2026-05-23T00:00:00Z,2026-05-24T00:00:00Z,Usage,,DynamoDB on-demand write requests,Usage-Based,3.2682545346375,3.2682545346375,3.631393927375,3.2682545346375,0.0000012500,0.0000011250,Standard,2905115.1419,Requests,EUR,0.0000010350,3.0067941718665,0.0000011500,USD,2905115.1419,Requests,AmazonDynamoDB,Databases,NoSQL Databases,SKU-ed668466fc7fc7bc80c6b1e8,Database,SPRICE-a8a8f082a0e0d99dfaeb42f1,"{""x_CapacityMode"":""On-Demand""}",arn:aws:dynamodb:ap-southeast-1:200000000014:table/table-c214458367fc,table-c214458367fc,DynamoDB Table,ap-southeast-1,Asia Pacific (Singapore),,,,,,,,,,,"{""Environment"":""dev"",""CostCenter"":""cc-1042"",""Owner"":""team-payments""}"
AWS,AWS,AWS,INV-2026-05-0001,100000000001,ExampleCorp Master Payer,Payer Account,200000000012,staging-platform,Linked Account,2026-05-01T00:00:00Z,2026-06-01T00:00:00Z,2026-05-01T00:00:00Z,2026-06-01T00:00:00Z,Usage,,S3 Standard storage,Usage-Based,87.85252845,87.85252845,97.6139205,87.85252845,0.0230000000,0.0207000000,Standard,4244.0835,GB-Months,USD,0.0207000000,87.85252845,0.0230000000,USD,4244.0835,GB-Months,AmazonS3,Storage,Object Storage,SKU-e7cfcc3199bb16b2dd7b1493,Storage,SPRICE-5d75931c911c493aa2aa3d41,"{""StorageClass"":""Standard"",""Redundancy"":""Zonal""}",arn:aws:s3:ap-southeast-1:200000000012:bucket/bucket-dd0c0e8b64d4,bucket-dd0c0e8b64d4,S3 Bucket,ap-southeast-1,Asia Pacific (Singapore),,,,,,,,,,,"{""Environment"":""staging"",""CostCenter"":""cc-3110"",""Owner"":""team-payments""}"
AWS,AWS,AWS,INV-2026-05-0002,100000000002,ExampleCorp Secondary Payer,Payer Account,200000000011,prod-platform,Linked Account,2026-05-01T00:00:00Z,2026-06-01T00:00:00Z,2026-05-04T00:00:00Z,2026-05-05T00:00:00Z,Tax,,Synthetic tax 10% on usage record 284: AmazonCloudWatch,One-Time,2.1221352,2.1221352,2.357928,2.1221352,,,,,,USD,,2.1221352,,USD,,,AmazonCloudWatch,Management and Governance,Observability,,,,,,,,,,,,,,,,,,,,"{""Environment"":""dev"",""CostCenter"":""cc-3110"",""Owner"":""team-platform""}"
AWS,AWS,AWS,INV-2026-05-0001,100000000001,ExampleCorp Master Payer,Payer Account,200000000014,sandbox-dev,Linked Account,2026-05-01T00:00:00Z,2026-06-01T00:00:00Z,2026-05-17T05:00:00Z,2026-05-17T06:00:00Z,Usage,,Linux on-demand m6i.large,Usage-Based,0.0864,0.0864,0.096,0.0864,0.0960000000,0.0864000000,Standard,1.0000,Hours,EUR,0.0794880000,0.079488,0.0883200000,USD,1.0000,Hours,AmazonEC2,Compute,Virtual Machines,SKU-e0e295f006e6a0732dd5f77b,Compute,SPRICE-ede9d37fdc699653b58d5a0d,"{""InstanceType"":""m6i.large"",""InstanceSeries"":""M6i"",""CoreCount"":2,""MemorySize"":8,""OperatingSystem"":""Linux"",""x_Tenancy"":""Shared""}",arn:aws:ec2:us-west-2:200000000014:instance/i-1dff37e437f9,i-1dff37e437f9,EC2 Instance,us-west-2,US West (Oregon),us-west-2b,,,,,,,,,,"{""Environment"":""dev"",""CostCenter"":""cc-2087"",""Owner"":""team-payments""}"
AWS,AWS,AWS,INV-2026-05-0001,100000000001,ExampleCorp Master Payer,Payer Account,200000000014,sandbox-dev,Linked Account,2026-05-01T00:00:00Z,2026-06-01T00:00:00Z,2026-05-01T00:00:00Z,2026-06-01T00:00:00Z,Usage,,S3 Standard storage,Usage-Based,60.16760118,60.16760118,66.8528902,60.16760118,0.0230000000,0.0207000000,Standard,2906.6474,GB-Months,USD,0.0207000000,60.16760118,0.0230000000,USD,2906.6474,GB-Months,AmazonS3,Storage,Object Storage,SKU-36fb3a972f2cdabe2e87e8f5,Storage,SPRICE-2e0d1e6fc7695c1a2fe50a1a,"{""StorageClass"":""Standard"",""Redundancy"":""Zonal""}",arn:aws:s3:us-west-2:200000000014:bucket/bucket-3e02ea9fa1bc,bucket-3e02ea9fa1bc,S3 Bucket,us-west-2,US West (Oregon),,,,,,,,,,,"{""Environment"":""staging"",""CostCenter"":""cc-3110"",""Owner"":""team-payments""}"
AWS,AWS,AWS,INV-2026-05-0002,100000000002,ExampleCorp Secondary Payer,Payer Account,200000000014,sandbox-dev,Linked Account,2026-05-01T00:00:00Z,2026-06-01T00:00:00Z,2026-05-28T00:00:00Z,2026-05-29T00:00:00Z,Usage,,DynamoDB on-demand write requests,Usage-Based,3.1041385500375,3.1041385500375,3.449042833375,3.1041385500375,0.0000012500,0.0000011250,Standard,2759234.2667,Requests,USD,0.0000011250,3.1041385500375,0.0000012500,USD,2759234.2667,Requests,AmazonDynamoDB,Databases,NoSQL Databases,SKU-b60be50671e3ea779ca4990a,Database,SPRICE-01c9691ef6482a9102c7a4ff,"{""x_CapacityMode"":""On-Demand""}",arn:aws:dynamodb:us-east-1:200000000014:table/table-dd7bad65b774,table-dd7bad65b774,DynamoDB Table,us-east-1,US East (N. Virginia),,,,,,,,,,,"{""Environment"":""dev"",""CostCenter"":""cc-1042"",""Owner"":""team-data""}"
AWS,AWS,AWS,INV-2026-05-0002,100000000002,ExampleCorp Secondary Payer,Payer Account,200000000013,data-analytics,Linked Account,2026-05-01T00:00:00Z,2026-06-01T00:00:00Z,2026-05-01T00:00:00Z,2026-05-02T00:00:00Z,Usage,,Glue ETL job run,Usage-Based,8.2117728,8.2117728,9.124192,8.2117728,0.4400000000,0.3960000000,Standard,20.7368,DPU-Hours,USD,0.3960000000,8.2117728,0.4400000000,USD,20.7368,DPU-Hours,AWSGlue,Analytics,Data Processing,SKU-d1426392ab27c72810db5ee9,Data Processing,SPRICE-2caf36fd8fbe6a68e682b866,"{""x_WorkerType"":""G.1X""}",arn:aws:glue:ap-southeast-1:200000000013:job/job-484d2127c7b4,job-484d2127c7b4,Glue Job,ap-southeast-1,Asia Pacific (Singapore),,,,,,,,,,,"{""Environment"":""prod"",""CostCenter"":""cc-1042"",""Owner"":""team-data""}"
AWS,AWS,AWS,INV-2026-05-0002,100000000002,ExampleCorp Secondary Payer,Payer Account,200000000013,data-analytics,Linked Account,2026-05-01T00:00:00Z,2026-06-01T00:00:00Z,2026-05-02T00:00:00Z,2026-05-03T00:00:00Z,Usage,,NAT gateway data processed,Usage-Based,12.1440384,12.1440384,13.493376,12.1440384,0.0450000000,0.0405000000,Standard,299.8528,GB,USD,0.0405000000,12.1440384,0.0450000000,USD,299.8528,GB,AmazonVPC,Networking,Network Connectivity,SKU-3d9b08c72ec44814e0bd4e25,Data Transfer,SPRICE-5df2ff31768360bf23008ec4,"{""x_TransferType"":""InterAZ""}",arn:aws:ec2:eu-west-1:200000000013:natgateway/nat-3738f03f5a0b,nat-3738f03f5a0b,NAT Gateway,eu-west-1,EU (Ireland),,,,,,,,,,,"{""Environment"":""prod"",""CostCenter"":""cc-1042"",""Owner"":""team-data""}"
AWS,AWS,AWS,INV-2026-05-0002,100000000002,ExampleCorp Secondary Payer,Payer Account,200000000012,staging-platform,Linked Account,2026-05-01T00:00:00Z,2026-06-01T00:00:00Z,2026-05-01T00:00:00Z,2026-06-01T00:00:00Z,Usage,,S3 Standard storage,Usage-Based,153.41388102,153.41388102,170.4598678,153.41388102,0.0230000000,0.0207000000,Standard,7411.2986,GB-Months,USD,0.0207000000,153.41388102,0.0230000000,USD,7411.2986,GB-Months,AmazonS3,Storage,Object Storage,SKU-ca447aa86bf44972e43c1f69,Storage,SPRICE-92e9b7d21ce3c83c68f72f47,"{""StorageClass"":""Standard"",""Redundancy"":""Zonal""}",arn:aws:s3:us-east-1:200000000012:bucket/bucket-ec056c130264,bucket-ec056c130264,S3 Bucket,us-east-1,US East (N. Virginia),,,,,,,,,,,"{""Environment"":""dev"",""CostCenter"":""cc-3110"",""Owner"":""team-payments""}"
AWS,AWS,AWS,INV-2026-05-0001,100000000001,ExampleCorp Master Payer,Payer Account,200000000014,sandbox-dev,Linked Account,2026-05-01T00:00:00Z,2026-06-01T00:00:00Z,2026-05-04T00:00:00Z,2026-05-05T00:00:00Z,Usage,,Custom metrics,Usage-Based,38.610054,38.610054,42.90006,38.610054,0.3000000000,0.2700000000,Standard,143.0002,Metrics,EUR,0.2484000000,35.52124968,0.2760000000,USD,143.0002,Metrics,AmazonCloudWatch,Management and Governance,Observability,SKU-34e5538fb30cbad0ab6e9eda,Monitoring,SPRICE-8d5446a3bf1657f41b79b0c7,"{""x_MetricType"":""Custom""}",arn:aws:cloudwatch:us-west-2:200000000014:metric/metric-a1f629d454b5,metric-a1f629d454b5,Metric,us-west-2,US West (Oregon),,,,,,,,,,,"{""Environment"":""staging"",""CostCenter"":""cc-2087"",""Owner"":""team-payments""}"
AWS,AWS,AWS,INV-2026-05-0002,100000000002,ExampleCorp Secondary Payer,Payer Account,200000000012,staging-platform,Linked Account,2026-05-01T00:00:00Z,2026-06-01T00:00:00Z,2026-05-05T00:00:00Z,2026-05-06T00:00:00Z,Purchase,,AmazonEC2 subscription fee,Recurring,261.93,261.93,261.93,261.93,261.93,261.93,Standard,1,Units,USD,261.9300000000,261.93,261.9300000000,USD,,,AmazonEC2,Compute,Virtual Machines,SKU-6c708c9363255f3bbb7a1f0e,Subscription,SPRICE-9be3a1877aa4b52809d640b6,"{""x_ChargeType"": ""SubscriptionFee""}",arn:aws:ec2:us-west-2:200000000012:instance/i-403978aff3b5,i-403978aff3b5,EC2 Instance,us-west-2,US West (Oregon),,,,,,,,,,,"{""Environment"":""prod"",""CostCenter"":""cc-1042"",""Owner"":""team-platform""}"
AWS,AWS,AWS,INV-2026-05-0002,100000000002,ExampleCorp Secondary Payer,Payer Account,200000000012,staging-platform,Linked Account,2026-05-01T00:00:00Z,2026-06-01T00:00:00Z,2026-05-01T00:00:00Z,2026-06-01T00:00:00Z,Usage,,S3 Standard storage,Usage-Based,22.77496593,22.77496593,25.3055177,22.77496593,0.0230000000,0.0207000000,Standard,1100.2399,GB-Months,USD,0.0207000000,22.77496593,0.0230000000,USD,1100.2399,GB-Months,AmazonS3,Storage,Object Storage,SKU-6042c508b21761919a0ed516,Storage,SPRICE-d35afe08308f10d3695aa71d,"{""StorageClass"":""Standard"",""Redundancy"":""Zonal""}",arn:aws:s3:eu-west-1:200000000012:bucket/bucket-f4e44c4b0c17,bucket-f4e44c4b0c17,S3 Bucket,eu-west-1,EU (Ireland),,,,,,,,,,,"{""Environment"":""dev"",""CostCenter"":""cc-2087"",""Owner"":""team-data""}"
AWS,AWS,AWS,INV-2026-05-0001,100000000001,ExampleCorp Master Payer,Payer Account,200000000014,sandbox-dev,Linked Account,2026-05-01T00:00:00Z,2026-06-01T00:00:00Z,2026-05-17T14:00:00Z,2026-05-17T15:00:00Z,Usage,,RDS PostgreSQL db.r6g.large,Usage-Based,0.216,0.216,0.24,0.216,0.2400000000,0.2160000000,Standard,1.0000,Hours,USD,0.2160000000,0.216,0.2400000000,USD,1.0000,Hours,AmazonRDS,Databases,Relational Databases,SKU-d70ac0acbdfcb8de90bd881a,Database,SPRICE-526e7acd56433e6d3c551cac,"{""InstanceType"":""db.r6g.large"",""InstanceSeries"":""R6g"",""CoreCount"":2,""MemorySize"":16,""x_Engine"":""PostgreSQL""}",arn:aws:rds:us-west-2:200000000014:db/db-dfe9e568f0c8,db-dfe9e568f0c8,RDS Instance,us-west-2,US West (Oregon),,,,,,,,,,,"{""Environment"":""dev"",""CostCenter"":""cc-1042"",""Owner"":""team-platform""}"
AWS,AWS,AWS,INV-2026-05-0002,100000000002,ExampleCorp Secondary Payer,Payer Account,200000000012,staging-platform,Linked Account,2026-05-01T00:00:00Z,2026-06-01T00:00:00Z,2026-05-08T00:00:00Z,2026-05-09T00:00:00Z,Usage,,DynamoDB on-demand write requests,Usage-Based,3.2189555844,3.2189555844,3.576617316,3.2189555844,0.0000012500,0.0000011250,Standard,2861293.8528,Requests,EUR,0.0000010350,2.961439137648,0.0000011500,USD,2861293.8528,Requests,AmazonDynamoDB,Databases,NoSQL Databases,SKU-687affd9645b52f0bac81a2c,Database,SPRICE-ce16feee2474243ad0647ab6,"{""x_CapacityMode"":""On-Demand""}",arn:aws:dynamodb:us-west-2:200000000012:table/table-3489f4a42926,table-3489f4a42926,DynamoDB Table,us-west-2,US West (Oregon),,,,,,,,,,,"{""Environment"":""prod"",""CostCenter"":""cc-3110"",""Owner"":""team-payments""}"
AWS,AWS,AWS,INV-2026-05-0001,100000000001,ExampleCorp Master Payer,Payer Account,200000000011,prod-platform,Linked Account,2026-05-01T00:00:00Z,2026-06-01T00:00:00Z,2026-05-09T00:00:00Z,2026-05-10T00:00:00Z,Usage,,NAT gateway data processed,Usage-Based,10.77347385,10.77347385,11.9705265,10.77347385,0.0450000000,0.0405000000,Standard,266.0117,GB,USD,0.0405000000,10.77347385,0.0450000000,USD,266.0117,GB,AmazonVPC,Networking,Network Connectivity,SKU-38ae1a660e2cadb9d64ca8e5,Data Transfer,SPRICE-974405df44bbf0808ce048b9,"{""x_TransferType"":""InterAZ""}",arn:aws:ec2:us-west-2:200000000011:natgateway/nat-59eed9f13cdd,nat-59eed9f13cdd,NAT Gateway,us-west-2,US West (Oregon),,,,,,,,,,,"{""Environment"":""prod"",""CostCenter"":""cc-2087"",""Owner"":""team-payments""}"
AWS,AWS,AWS,INV-2026-05-0002,100000000002,ExampleCorp Secondary Payer,Payer Account,200000000013,data-analytics,Linked Account,2026-05-01T00:00:00Z,2026-06-01T00:00:00Z,2026-05-14T06:00:00Z,2026-05-14T07:00:00Z,Tax,,Synthetic tax 10% on usage record 319: AWSLambda,One-Time,5.7320799483,5.7320799483,6.368990458288774,5.7320799483,,,,,,EUR,,5.273513552436,,USD,,,AWSLambda,Compute,Serverless Compute,,,,,,,,,,,,,,,,,,,,"{""Environment"":""staging"",""CostCenter"":""cc-3110"",""Owner"":""team-payments""}"
AWS,AWS,AWS,INV-2026-05-0001,100000000001,ExampleCorp Master Payer,Payer Account,200000000012,staging-platform,Linked Account,2026-05-01T00:00:00Z,2026-06-01T00:00:00Z,2026-05-15T00:00:00Z,2026-05-16T00:00:00Z,Tax,,Synthetic tax 10% on usage record 183: AmazonCloudWatch,One-Time,4.5567441,4.5567441,5.063049,4.5567441,,,,,,USD,,4.5567441,,USD,,,AmazonCloudWatch,Management and Governance,Observability,,,,,,,,,,,,,,,,,,,,"{""Environment"":""prod"",""CostCenter"":""cc-1042"",""Owner"":""team-platform""}"
AWS,AWS,AWS,INV-2026-05-0002,100000000002,ExampleCorp Secondary Payer,Payer Account,200000000012,staging-platform,Linked Account,2026-05-01T00:00:00Z,2026-06-01T00:00:00Z,2026-05-12T00:00:00Z,2026-05-13T00:00:00Z,Purchase,,AmazonRDS subscription fee,Recurring,443.43,443.43,443.43,443.43,443.43,443.43,Standard,1,Units,USD,443.4300000000,443.43,443.4300000000,USD,,,AmazonRDS,Databases,Relational Databases,SKU-62e7fe01dd1843e03953406e,Subscription,SPRICE-95f134e2a467d37759f50d79,"{""x_ChargeType"": ""SubscriptionFee""}",arn:aws:rds:us-east-1:200000000012:db/db-da353b9b0588,db-da353b9b0588,RDS Instance,us-east-1,US East (N. Virginia),,,,,,,,,,,"{""Environment"":""prod"",""CostCenter"":""cc-3110"",""Owner"":""team-data""}"
AWS,AWS,AWS,INV-2026-05-0002,100000000002,ExampleCorp Secondary Payer,Payer Account,200000000013,data-analytics,Linked Account,2026-05-01T00:00:00Z,2026-06-01T00:00:00Z,2026-05-17T20:00:00Z,2026-05-17T21:00:00Z,Usage,,Linux on-demand m6i.large,Usage-Based,0.0864,0.0864,0.096,0.0864,0.0960000000,0.0864000000,Standard,1.0000,Hours,USD,0.0864000000,0.0864,0.0960000000,USD,1.0000,Hours,AmazonEC2,Compute,Virtual Machines,SKU-e0e295f006e6a0732dd5f77b,Compute,SPRICE-98f5ebeb1125d6e984c27bb1,"{""InstanceType"":""m6i.large"",""InstanceSeries"":""M6i"",""CoreCount"":2,""MemorySize"":8,""OperatingSystem"":""Linux"",""x_Tenancy"":""Shared""}",arn:aws:ec2:us-west-2:200000000013:instance/i-bc98a16a916d,i-bc98a16a916d,EC2 Instance,us-west-2,US West (Oregon),us-west-2a,,,,,,,,,,"{""Environment"":""staging"",""CostCenter"":""cc-1042"",""Owner"":""team-platform""}"
AWS,AWS,AWS,INV-2026-05-0001,100000000001,ExampleCorp Master Payer,Payer Account,200000000014,sandbox-dev,Linked Account,2026-05-01T00:00:00Z,2026-06-01T00:00:00Z,2026-05-14T00:00:00Z,2026-05-15T00:00:00Z,Usage,,Glue ETL job run,Usage-Based,24.81732,24.81732,27.5748,24.81732,0.4400000000,0.3960000000,Standard,62.6700,DPU-Hours,USD,0.3960000000,24.81732,0.4400000000,USD,62.6700,DPU-Hours,AWSGlue,Analytics,Data Processing,SKU-118148093a04e718819dbb3f,Data Processing,SPRICE-f140a6944df35cbb51f25679,"{""x_WorkerType"":""G.1X""}",arn:aws:glue:us-west-2:200000000014:job/job-7325d4871ee1,job-7325d4871ee1,Glue Job,us-west-2,US West (Oregon),,,,,,,,,,,"{""Environment"":""staging"",""CostCenter"":""cc-2087"",""Owner"":""team-platform""}"
AWS,AWS,AWS,INV-2026-05-0002,100000000002,ExampleCorp Secondary Payer,Payer Account,200000000012,staging-platform,Linked Account,2026-05-01T00:00:00Z,2026-06-01T00:00:00Z,2026-05-15T00:00:00Z,2026-05-16T00:00:00Z,Usage,,Glue ETL job run,Usage-Based,15.9483852,15.9483852,17.720428,15.9483852,0.4400000000,0.3960000000,Standard,40.2737,DPU-Hours,EUR,0.3643200000,14.672514384,0.4048000000,USD,40.2737,DPU-Hours,AWSGlue,Analytics,Data Processing,SKU-8cd75c3064ca6c4c85c43ce6,Data Processing,SPRICE-76291b05508a246986fe480d,"{""x_WorkerType"":""G.1X""}",arn:aws:glue:eu-west-1:200000000012:job/job-9cc5aeb15a43,job-9cc5aeb15a43,Glue Job,eu-west-1,EU (Ireland),,,,,,,,,,,"{""Environment"":""staging"",""CostCenter"":""cc-2087"",""Owner"":""team-data""}"
AWS,AWS,AWS,INV-2026-05-0002,100000000002,ExampleCorp Secondary Payer,Payer Account,200000000011,prod-platform,Linked Account,2026-05-01T00:00:00Z,2026-06-01T00:00:00Z,2026-05-17T23:00:00Z,2026-05-18T00:00:00Z,Usage,,RDS PostgreSQL db.r6g.large,Usage-Based,0.216,0.216,0.24,0.216,0.2400000000,0.2160000000,Standard,1.0000,Hours,USD,0.2160000000,0.216,0.2400000000,USD,1.0000,Hours,AmazonRDS,Databases,Relational Databases,SKU-59cf7266a13e6ea4d00d0143,Database,SPRICE-bde64d57365802abbf64195d,"{""InstanceType"":""db.r6g.large"",""InstanceSeries"":""R6g"",""CoreCount"":2,""MemorySize"":16,""x_Engine"":""PostgreSQL""}",arn:aws:rds:ap-southeast-1:200000000011:db/db-3176eb5c2a5c,db-3176eb5c2a5c,RDS Instance,ap-southeast-1,Asia Pacific (Singapore),,,,,,,,,,,"{""Environment"":""dev"",""CostCenter"":""cc-3110"",""Owner"":""team-platform""}"
AWS,AWS,AWS,INV-2026-05-0001,100000000001,ExampleCorp Master Payer,Payer Account,200000000013,data-analytics,Linked Account,2026-05-01T00:00:00Z,2026-06-01T00:00:00Z,2026-05-15T03:00:00Z,2026-05-15T04:00:00Z,Tax,,Synthetic tax 10% on usage record 340: AmazonEC2,One-Time,0.00864,0.00864,0.0096,0.00864,,,,,,USD,,0.00864,,USD,,,AmazonEC2,Compute,Virtual Machines,,,,,,,,,,,,,,,,,,,,"{""Environment"":""prod"",""CostCenter"":""cc-2087"",""Owner"":""team-platform""}"
AWS,AWS,AWS,INV-2026-05-0001,100000000001,ExampleCorp Master Payer,Payer Account,200000000012,staging-platform,Linked Account,2026-05-01T00:00:00Z,2026-06-01T00:00:00Z,2026-05-18T01:00:00Z,2026-05-18T02:00:00Z,Usage,,Lambda function duration,Usage-Based,21.4671448185,21.4671448185,23.85243083643293,21.4671448185,0.0000166667,0.0000150000,Standard,1431142.9879,GB-Seconds,USD,0.0000150000,21.4671448185,0.0000166667,USD,1431142.9879,GB-Seconds,AWSLambda,Compute,Serverless Compute,SKU-67dc4ce0843e58b6125cbdce,Compute,SPRICE-227d5491bbfb36c4f69bea63,"{""x_Runtime"":""python3.12"",""x_Architecture"":""arm64""}",arn:aws:lambda:us-east-1:200000000012:function/fn-1633d8611e10,fn-1633d8611e10,Lambda Function,us-east-1,US East (N. Virginia),,,,,,,,,,,"{""Environment"":""dev"",""CostCenter"":""cc-1042"",""Owner"":""team-payments""}"
AWS,AWS,AWS,INV-2026-05-0002,100000000002,ExampleCorp Secondary Payer,Payer Account,200000000012,staging-platform,Linked Account,2026-05-01T00:00:00Z,2026-06-01T00:00:00Z,2026-05-11T00:00:00Z,2026-05-12T00:00:00Z,Tax,,Synthetic tax 10% on usage record 95: AWSGlue,One-Time,4.55859756,4.55859756,5.0651084,4.55859756,,,,,,USD,,4.55859756,,USD,,,AWSGlue,Analytics,Data Processing,,,,,,,,,,,,,,,,,,,,"{""Environment"":""prod"",""CostCenter"":""cc-1042"",""Owner"":""team-data""}"
AWS,AWS,AWS,INV-2026-05-0002,100000000002,ExampleCorp Secondary Payer,Payer Account,200000000013,data-analytics,Linked Account,2026-05-01T00:00:00Z,2026-06-01T00:00:00Z,2026-05-18T03:00:00Z,2026-05-18T04:00:00Z,Usage,,Linux on-demand m6i.large,Usage-Based,0.0864,0.0864,0.096,0.0864,0.0960000000,0.0864000000,Standard,1.0000,Hours,USD,0.0864000000,0.0864,0.0960000000,USD,1.0000,Hours,AmazonEC2,Compute,Virtual Machines,SKU-093c0d7a3a0491f8523e34c8,Compute,SPRICE-bab283475cbbabd222878e74,"{""InstanceType"":""m6i.large"",""InstanceSeries"":""M6i"",""CoreCount"":2,""MemorySize"":8,""OperatingSystem"":""Linux"",""x_Tenancy"":""Shared""}",arn:aws:ec2:ap-southeast-1:200000000013:instance/i-a290b066a43d,i-a290b066a43d,EC2 Instance,ap-southeast-1,Asia Pacific (Singapore),ap-southeast-1a,,,,,,,,,,"{""Environment"":""staging"",""CostCenter"":""cc-1042"",""Owner"":""team-platform""}"
AWS,AWS,AWS,INV-2026-05-0002,100000000002,ExampleCorp Secondary Payer,Payer Account,200000000014,sandbox-dev,Linked Account,2026-05-01T00:00:00Z,2026-06-01T00:00:00Z,2026-05-21T00:00:00Z,2026-05-22T00:00:00Z,Purchase,,AmazonVPC subscription fee,Recurring,686.42,686.42,686.42,686.42,686.42,686.42,Standard,1,Units,USD,686.4200000000,686.42,686.4200000000,USD,,,AmazonVPC,Networking,Network Connectivity,SKU-91b1cc0b2d7e6657aadccf17,Subscription,SPRICE-dfe7823ef7158876fc246e67,"{""x_ChargeType"": ""SubscriptionFee""}",arn:aws:ec2:eu-west-1:200000000014:natgateway/nat-d267648f20da,nat-d267648f20da,NAT Gateway,eu-west-1,EU (Ireland),,,,,,,,,,,"{""Environment"":""staging"",""CostCenter"":""cc-2087"",""Owner"":""team-platform""}"
AWS,AWS,AWS,INV-2026-05-0002,100000000002,ExampleCorp Secondary Payer,Payer Account,200000000013,data-analytics,Linked Account,2026-05-01T00:00:00Z,2026-06-01T00:00:00Z,2026-05-10T00:00:00Z,2026-05-11T00:00:00Z,Tax,,Synthetic tax 10% on usage record 38: AWSGlue,One-Time,0.18184716,0.18184716,0.2020524,0.18184716,,,,,,USD,,0.18184716,,USD,,,AWSGlue,Analytics,Data Processing,,,,,,,,,,,,,,,,,,,,"{""Environment"":""prod"",""CostCenter"":""cc-3110"",""Owner"":""team-data""}"
AWS,AWS,AWS,INV-2026-05-0002,100000000002,ExampleCorp Secondary Payer,Payer Account,200000000012,staging-platform,Linked Account,2026-05-01T00:00:00Z,2026-06-01T00:00:00Z,2026-05-01T00:00:00Z,2026-06-01T00:00:00Z,Usage,,S3 Standard storage,Usage-Based,106.10758728,106.10758728,117.8973192,106.10758728,0.0230000000,0.0207000000,Standard,5125.9704,GB-Months,USD,0.0207000000,106.10758728,0.0230000000,USD,5125.9704,GB-Months,AmazonS3,Storage,Object Storage,SKU-ca447aa86bf44972e43c1f69,Storage,SPRICE-92e9b7d21ce3c83c68f72f47,"{""StorageClass"":""Standard"",""Redundancy"":""Zonal""}",arn:aws:s3:us-east-1:200000000012:bucket/bucket-5ef5a57b4882,bucket-5ef5a57b4882,S3 Bucket,us-east-1,US East (N. Virginia),,,,,,,,,,,"{""Environment"":""staging"",""CostCenter"":""cc-2087"",""Owner"":""team-platform""}"
AWS,AWS,AWS,INV-2026-05-0002,100000000002,ExampleCorp Secondary Payer,Payer Account,200000000013,data-analytics,Linked Account,2026-05-01T00:00:00Z,2026-06-01T00:00:00Z,2026-05-24T00:00:00Z,2026-05-25T00:00:00Z,Purchase,,AmazonCloudWatch subscription fee,Recurring,100.45,100.45,100.45,100.45,100.45,100.45,Standard,1,Units,USD,100.4500000000,100.45,100.4500000000,USD,,,AmazonCloudWatch,Management and Governance,Observability,SKU-8d74edb84f242cbf29ea96dd,Subscription,SPRICE-b8c91a23ce48fa9156af433c,"{""x_ChargeType"": ""SubscriptionFee""}",arn:aws:cloudwatch:eu-west-1:200000000013:metric/metric-34601bab660e,metric-34601bab660e,Metric,eu-west-1,EU (Ireland),,,,,,,,,,,"{""Environment"":""prod"",""CostCenter"":""cc-1042"",""Owner"":""team-payments""}"
AWS,AWS,AWS,INV-2026-05-0001,100000000001,ExampleCorp Master Payer,Payer Account,200000000013,data-analytics,Linked Account,2026-05-01T00:00:00Z,2026-06-01T00:00:00Z,2026-05-18T08:00:00Z,2026-05-18T09:00:00Z,Usage,,Lambda function duration,Usage-Based,61.2593299155,61.2593299155,68.06605826017759,61.2593299155,0.0000166667,0.0000150000,Standard,4083955.3277,GB-Seconds,USD,0.0000150000,61.2593299155,0.0000166667,USD,4083955.3277,GB-Seconds,AWSLambda,Compute,Serverless Compute,SKU-7828f3c3be040bf04a99c13a,Compute,SPRICE-f43f05862dbfbeb78999da05,"{""x_Runtime"":""python3.12"",""x_Architecture"":""arm64""}",arn:aws:lambda:eu-west-1:200000000013:function/fn-56ab9f8d5e82,fn-56ab9f8d5e82,Lambda Function,eu-west-1,EU (Ireland),,,,,,,,,,,"{""Environment"":""prod"",""CostCenter"":""cc-1042"",""Owner"":""team-data""}"
AWS,AWS,AWS,INV-2026-05-0002,100000000002,ExampleCorp Secondary Payer,Payer Account,200000000011,prod-platform,Linked Account,2026-05-01T00:00:00Z,2026-06-01T00:00:00Z,2026-05-16T00:00:00Z,2026-05-17T00:00:00Z,Tax,,Synthetic tax 10% on usage record 352: AWSGlue,One-Time,3.70856376,3.70856376,4.1206264,3.70856376,,,,,,USD,,3.70856376,,USD,,,AWSGlue,Analytics,Data Processing,,,,,,,,,,,,,,,,,,,,"{""Environment"":""dev"",""CostCenter"":""cc-1042"",""Owner"":""team-platform""}"
AWS,AWS,AWS,INV-2026-05-0001,100000000001,ExampleCorp Master Payer,Payer Account,200000000012,staging-platform,Linked Account,2026-05-01T00:00:00Z,2026-06-01T00:00:00Z,2026-05-18T10:00:00Z,2026-05-18T11:00:00Z,Usage,,RDS PostgreSQL db.r6g.large,Usage-Based,0.216,0.216,0.24,0.216,0.2400000000,0.2160000000,Standard,1.0000,Hours,USD,0.2160000000,0.216,0.2400000000,USD,1.0000,Hours,AmazonRDS,Databases,Relational Databases,SKU-7a3ac49181ed25cc4a81dc35,Database,SPRICE-7a34752a4c02e0761e1464be,"{""InstanceType"":""db.r6g.large"",""InstanceSeries"":""R6g"",""CoreCount"":2,""MemorySize"":16,""x_Engine"":""PostgreSQL""}",arn:aws:rds:eu-west-1:200000000012:db/db-6e24992aadc0,db-6e24992aadc0,RDS Instance,eu-west-1,EU (Ireland),,,,,,,,,,,"{""Environment"":""prod"",""CostCenter"":""cc-2087"",""Owner"":""team-payments""}"
AWS,AWS,AWS,INV-2026-05-0002,100000000002,ExampleCorp Secondary Payer,Payer Account,200000000011,prod-platform,Linked Account,2026-05-01T00:00:00Z,2026-06-01T00:00:00Z,2026-05-28T00:00:00Z,2026-05-29T00:00:00Z,Usage,,NAT gateway data processed,Usage-Based,7.39404045,7.39404045,8.2156005,7.39404045,0.0450000000,0.0405000000,Standard,182.5689,GB,USD,0.0405000000,7.39404045,0.0450000000,USD,182.5689,GB,AmazonVPC,Networking,Network Connectivity,SKU-3d9b08c72ec44814e0bd4e25,Data Transfer,SPRICE-5df2ff31768360bf23008ec4,"{""x_TransferType"":""InterAZ""}",arn:aws:ec2:eu-west-1:200000000011:natgateway/nat-6f8318fa08cf,nat-6f8318fa08cf,NAT Gateway,eu-west-1,EU (Ireland),,,,,,,,,,,"{""Environment"":""staging"",""CostCenter"":""cc-2087"",""Owner"":""team-data""}"
AWS,AWS,AWS,INV-2026-05-0002,100000000002,ExampleCorp Secondary Payer,Payer Account,200000000012,staging-platform,Linked Account,2026-05-01T00:00:00Z,2026-06-01T00:00:00Z,2026-05-01T00:00:00Z,2026-06-01T00:00:00Z,Tax,,Synthetic tax 10% on usage record 218: AmazonS3,One-Time,9.198813798,9.198813798,10.22090422,9.198813798,,,,,,USD,,9.198813798,,USD,,,AmazonS3,Storage,Object Storage,,,,,,,,,,,,,,,,,,,,"{""Environment"":""prod"",""CostCenter"":""cc-2087"",""Owner"":""team-data""}"
AWS,AWS,AWS,INV-2026-05-0001,100000000001,ExampleCorp Master Payer,Payer Account,200000000011,prod-platform,Linked Account,2026-05-01T00:00:00Z,2026-06-01T00:00:00Z,2026-05-17T00:00:00Z,2026-05-18T00:00:00Z,Tax,,Synthetic tax 10% on usage record 269: AmazonVPC,One-Time,1.05367959,1.05367959,1.1707551,1.05367959,,,,,,EUR,,0.9693852228,,USD,,,AmazonVPC,Networking,Network Connectivity,,,,,,,,,,,,,,,,,,,,"{""Environment"":""prod"",""CostCenter"":""cc-1042"",""Owner"":""team-payments""}"
AWS,AWS,AWS,INV-2026-05-0001,100000000001,ExampleCorp Master Payer,Payer Account,200000000014,sandbox-dev,Linked Account,2026-05-01T00:00:00Z,2026-06-01T00:00:00Z,2026-05-03T00:00:00Z,2026-05-04T00:00:00Z,Usage,,Custom metrics,Usage-Based,45.330597,45.330597,50.36733,45.330597,0.3000000000,0.2700000000,Standard,167.8911,Metrics,USD,0.2700000000,45.330597,0.3000000000,USD,167.8911,Metrics,AmazonCloudWatch,Management and Governance,Observability,SKU-2491f45dad51aaef563400a5,Monitoring,SPRICE-5131bac450b55b26fd0cdc7e,"{""x_MetricType"":""Custom""}",arn:aws:cloudwatch:us-east-1:200000000014:metric/metric-300ade8043ff,metric-300ade8043ff,Metric,us-east-1,US East (N. Virginia),,,,,,,,,,,"{""Environment"":""dev"",""CostCenter"":""cc-3110"",""Owner"":""team-data""}"
AWS,AWS,AWS,INV-2026-05-0001,100000000001,ExampleCorp Master Payer,Payer Account,200000000012,staging-platform,Linked Account,2026-05-01T00:00:00Z,2026-06-01T00:00:00Z,2026-05-04T00:00:00Z,2026-05-05T00:00:00Z,Usage,,Custom metrics,Usage-Based,5.509593,5.509593,6.12177,5.509593,0.3000000000,0.2700000000,Standard,20.4059,Metrics,EUR,0.2484000000,5.06882556,0.2760000000,USD,20.4059,Metrics,AmazonCloudWatch,Management and Governance,Observability,SKU-34e5538fb30cbad0ab6e9eda,Monitoring,SPRICE-8d5446a3bf1657f41b79b0c7,"{""x_MetricType"":""Custom""}",arn:aws:cloudwatch:us-west-2:200000000012:metric/metric-808464b1e0bc,metric-808464b1e0bc,Metric,us-west-2,US West (Oregon),,,,,,,,,,,"{""Environment"":""prod"",""CostCenter"":""cc-2087"",""Owner"":""team-payments""}"
AWS,AWS,AWS,INV-2026-05-0002,100000000002,ExampleCorp Secondary Payer,Payer Account,200000000014,sandbox-dev,Linked Account,2026-05-01T00:00:00Z,2026-06-01T00:00:00Z,2026-05-05T00:00:00Z,2026-05-06T00:00:00Z,Purchase,,AWSLambda subscription fee,Recurring,308.8,308.8,308.8,308.8,308.8,308.8,Standard,1,Units,USD,308.8000000000,308.8,308.8000000000,USD,,,AWSLambda,Compute,Serverless Compute,SKU-490c429bd80320af986b2d39,Subscription,SPRICE-d4fc9418811957a6ed942061,"{""x_ChargeType"": ""SubscriptionFee""}",arn:aws:lambda:ap-southeast-1:200000000014:function/fn-13b45d5baa1c,fn-13b45d5baa1c,Lambda Function,ap-southeast-1,Asia Pacific (Singapore),,,,,,,,,,,"{""Environment"":""dev"",""CostCenter"":""cc-2087"",""Owner"":""team-platform""}"
AWS,AWS,AWS,INV-2026-05-0002,100000000002,ExampleCorp Secondary Payer,Payer Account,200000000012,staging-platform,Linked Account,2026-05-01T00:00:00Z,2026-06-01T00:00:00Z,2026-05-06T00:00:00Z,2026-05-07T00:00:00Z,Usage,,Glue ETL job run,Usage-Based,65.5037856,65.5037856,72.781984,65.5037856,0.4400000000,0.3960000000,Standard,165.4136,DPU-Hours,USD,0.3960000000,65.5037856,0.4400000000,USD,165.4136,DPU-Hours,AWSGlue,Analytics,Data Processing,SKU-d1426392ab27c72810db5ee9,Data Processing,SPRICE-2caf36fd8fbe6a68e682b866,"{""x_WorkerType"":""G.1X""}",arn:aws:glue:ap-southeast-1:200000000012:job/job-611f73880327,job-611f73880327,Glue Job,ap-southeast-1,Asia Pacific (Singapore),,,,,,,,,,,"{""Environment"":""dev"",""CostCenter"":""cc-3110"",""Owner"":""team-data""}"
AWS,AWS,AWS,INV-2026-05-0002,100000000002,ExampleCorp Secondary Payer,Payer Account,200000000013,data-analytics,Linked Account,2026-05-01T00:00:00Z,2026-06-01T00:00:00Z,2026-05-18T18:00:00Z,2026-05-18T19:00:00Z,Usage,,Linux on-demand m6i.large,Usage-Based,0.0864,0.0864,0.096,0.0864,0.0960000000,0.0864000000,Standard,1.0000,Hours,USD,0.0864000000,0.0864,0.0960000000,USD,1.0000,Hours,AmazonEC2,Compute,Virtual Machines,SKU-e0e295f006e6a0732dd5f77b,Compute,SPRICE-98f5ebeb1125d6e984c27bb1,"{""InstanceType"":""m6i.large"",""InstanceSeries"":""M6i"",""CoreCount"":2,""MemorySize"":8,""OperatingSystem"":""Linux"",""x_Tenancy"":""Shared""}",arn:aws:ec2:us-west-2:200000000013:instance/i-9c3a76613b51,i-9c3a76613b51,EC2 Instance,us-west-2,US West (Oregon),us-west-2b,,,,,,,,,,"{""Environment"":""dev"",""CostCenter"":""cc-1042"",""Owner"":""team-payments""}"
AWS,AWS,AWS,INV-2026-05-0002,100000000002,ExampleCorp Secondary Payer,Payer Account,200000000013,data-analytics,Linked Account,2026-05-01T00:00:00Z,2026-06-01T00:00:00Z,2026-05-08T00:00:00Z,2026-05-09T00:00:00Z,Usage,,Glue ETL job run,Usage-Based,63.8798292,63.8798292,70.977588,63.8798292,0.4400000000,0.3960000000,Standard,161.3127,DPU-Hours,USD,0.3960000000,63.8798292,0.4400000000,USD,161.3127,DPU-Hours,AWSGlue,Analytics,Data Processing,SKU-d1426392ab27c72810db5ee9,Data Processing,SPRICE-2caf36fd8fbe6a68e682b866,"{""x_WorkerType"":""G.1X""}",arn:aws:glue:ap-southeast-1:200000000013:job/job-ca1d2403a441,job-ca1d2403a441,Glue Job,ap-southeast-1,Asia Pacific (Singapore),,,,,,,,,,,"{""Environment"":""dev"",""CostCenter"":""cc-1042"",""Owner"":""team-payments""}"
AWS,AWS,AWS,INV-2026-05-0002,100000000002,ExampleCorp Secondary Payer,Payer Account,200000000014,sandbox-dev,Linked Account,2026-05-01T00:00:00Z,2026-06-01T00:00:00Z,2026-05-18T20:00:00Z,2026-05-18T21:00:00Z,Usage,,Linux on-demand m6i.large,Usage-Based,0.0864,0.0864,0.096,0.0864,0.0960000000,0.0864000000,Standard,1.0000,Hours,USD,0.0864000000,0.0864,0.0960000000,USD,1.0000,Hours,AmazonEC2,Compute,Virtual Machines,SKU-ca9c2ba97f0b30fb137ef130,Compute,SPRICE-d7f4030fc2a8b65799f6b437,"{""InstanceType"":""m6i.large"",""InstanceSeries"":""M6i"",""CoreCount"":2,""MemorySize"":8,""OperatingSystem"":""Linux"",""x_Tenancy"":""Shared""}",arn:aws:ec2:eu-west-1:200000000014:instance/i-72fa0e4640f2,i-72fa0e4640f2,EC2 Instance,eu-west-1,EU (Ireland),eu-west-1a,,,,,,,,,,"{""Environment"":""prod"",""CostCenter"":""cc-1042"",""Owner"":""team-payments""}"
AWS,AWS,AWS,INV-2026-05-0002,100000000002,ExampleCorp Secondary Payer,Payer Account,200000000013,data-analytics,Linked Account,2026-05-01T00:00:00Z,2026-06-01T00:00:00Z,2026-05-10T00:00:00Z,2026-05-11T00:00:00Z,Usage,,DynamoDB on-demand write requests,Usage-Based,0.2084404694625,0.2084404694625,0.231600521625,0.2084404694625,0.0000012500,0.0000011250,Standard,185280.4173,Requests,USD,0.0000011250,0.2084404694625,0.0000012500,USD,185280.4173,Requests,AmazonDynamoDB,Databases,NoSQL Databases,SKU-b60be50671e3ea779ca4990a,Database,SPRICE-01c9691ef6482a9102c7a4ff,"{""x_CapacityMode"":""On-Demand""}",arn:aws:dynamodb:us-east-1:200000000013:table/table-218ce6a877e6,table-218ce6a877e6,DynamoDB Table,us-east-1,US East (N. Virginia),,,,,,,,,,,"{""Environment"":""dev"",""CostCenter"":""cc-2087"",""Owner"":""team-platform""}"
AWS,AWS,AWS,INV-2026-05-0002,100000000002,ExampleCorp Secondary Payer,Payer Account,200000000012,staging-platform,Linked Account,2026-05-01T00:00:00Z,2026-06-01T00:00:00Z,2026-05-01T00:00:00Z,2026-06-01T00:00:00Z,Usage,,S3 Standard storage,Usage-Based,95.98509684,95.98509684,106.6501076,95.98509684,0.0230000000,0.0207000000,Standard,4636.9612,GB-Months,USD,0.0207000000,95.98509684,0.0230000000,USD,4636.9612,GB-Months,AmazonS3,Storage,Object Storage,SKU-36fb3a972f2cdabe2e87e8f5,Storage,SPRICE-2e0d1e6fc7695c1a2fe50a1a,"{""StorageClass"":""Standard"",""Redundancy"":""Zonal""}",arn:aws:s3:us-west-2:200000000012:bucket/bucket-09a3e5a5dc37,bucket-09a3e5a5dc37,S3 Bucket,us-west-2,US West (Oregon),,,,,,,,,,,"{""Environment"":""dev"",""CostCenter"":""cc-1042"",""Owner"":""team-platform""}"
AWS,AWS,AWS,INV-2026-05-0001,100000000001,ExampleCorp Master Payer,Payer Account,200000000012,staging-platform,Linked Account,2026-05-01T00:00:00Z,2026-06-01T00:00:00Z,2026-05-12T00:00:00Z,2026-05-13T00:00:00Z,Purchase,,AmazonVPC subscription fee,Recurring,559.17,559.17,559.17,559.17,559.17,559.17,Standard,1,Units,USD,559.1700000000,559.17,559.1700000000,USD,,,AmazonVPC,Networking,Network Connectivity,SKU-ffbbf90bbd22cc9e4defe22c,Subscription,SPRICE-c75d774dc0cda2284dbcd79b,"{""x_ChargeType"": ""SubscriptionFee""}",arn:aws:ec2:us-east-1:200000000012:natgateway/nat-91da8ddceff1,nat-91da8ddceff1,NAT Gateway,us-east-1,US East (N. Virginia),,,,,,,,,,,"{""Environment"":""dev"",""CostCenter"":""cc-2087"",""Owner"":""team-data""}"
AWS,AWS,AWS,INV-2026-05-0001,100000000001,ExampleCorp Master Payer,Payer Account,200000000013,data-analytics,Linked Account,2026-05-01T00:00:00Z,2026-06-01T00:00:00Z,2026-05-01T00:00:00Z,2026-06-01T00:00:00Z,Usage,,S3 Standard storage,Usage-Based,55.10036745,55.10036745,61.2226305,55.10036745,0.0230000000,0.0207000000,Standard,2661.8535,GB-Months,USD,0.0207000000,55.10036745,0.0230000000,USD,2661.8535,GB-Months,AmazonS3,Storage,Object Storage,SKU-6042c508b21761919a0ed516,Storage,SPRICE-d35afe08308f10d3695aa71d,"{""StorageClass"":""Standard"",""Redundancy"":""Zonal""}",arn:aws:s3:eu-west-1:200000000013:bucket/bucket-3a8dd3874dac,bucket-3a8dd3874dac,S3 Bucket,eu-west-1,EU (Ireland),,,,,,,,,,,"{""Environment"":""staging"",""CostCenter"":""cc-1042"",""Owner"":""team-payments""}"
AWS,AWS,AWS,INV-2026-05-0002,100000000002,ExampleCorp Secondary Payer,Payer Account,200000000011,prod-platform,Linked Account,2026-05-01T00:00:00Z,2026-06-01T00:00:00Z,2026-05-16T00:00:00Z,2026-05-17T00:00:00Z,Tax,,Synthetic tax 10% on usage record 128: AmazonCloudWatch,One-Time,4.1939964,4.1939964,4.659996,4.1939964,,,,,,USD,,4.1939964,,USD,,,AmazonCloudWatch,Management and Governance,Observability,,,,,,,,,,,,,,,,,,,,"{""Environment"":""prod"",""CostCenter"":""cc-3110"",""Owner"":""team-payments""}"
AWS,AWS,AWS,INV-2026-05-0002,100000000002,ExampleCorp Secondary Payer,Payer Account,200000000014,sandbox-dev,Linked Account,2026-05-01T00:00:00Z,2026-06-01T00:00:00Z,2026-05-15T00:00:00Z,2026-05-16T00:00:00Z,Usage,,DynamoDB on-demand write requests,Usage-Based,3.3250022049375,3.3250022049375,3.694446894375,3.3250022049375,0.0000012500,0.0000011250,Standard,2955557.5155,Requests,USD,0.0000011250,3.3250022049375,0.0000012500,USD,2955557.5155,Requests,AmazonDynamoDB,Databases,NoSQL Databases,SKU-b60be50671e3ea779ca4990a,Database,SPRICE-01c9691ef6482a9102c7a4ff,"{""x_CapacityMode"":""On-Demand""}",arn:aws:dynamodb:us-east-1:200000000014:table/table-1087592f3913,table-1087592f3913,DynamoDB Table,us-east-1,US East (N. Virginia),,,,,,,,,,,"{""Environment"":""prod"",""CostCenter"":""cc-2087"",""Owner"":""team-platform""}"
AWS,AWS,AWS,INV-2026-05-0001,100000000001,ExampleCorp Master Payer,Payer Account,200000000012,staging-platform,Linked Account,2026-05-01T00:00:00Z,2026-06-01T00:00:00Z,2026-05-16T00:00:00Z,2026-05-17T00:00:00Z,Usage,,NAT gateway data processed,Usage-Based,0.465264,0.465264,0.51696,0.465264,0.0450000000,0.0405000000,Standard,11.4880,GB,USD,0.0405000000,0.465264,0.0450000000,USD,11.4880,GB,AmazonVPC,Networking,Network Connectivity,SKU-0a48b40b1fa86593309c0c4c,Data Transfer,SPRICE-b948c57b4c22bb2955afff1a,"{""x_TransferType"":""InterAZ""}",arn:aws:ec2:ap-southeast-1:200000000012:natgateway/nat-95bcfc1c3b72,nat-95bcfc1c3b72,NAT Gateway,ap-southeast-1,Asia Pacific (Singapore),,,,,,,,,,,"{""Environment"":""staging"",""CostCenter"":""cc-1042"",""Owner"":""team-data""}"
AWS,AWS,AWS,INV-2026-05-0001,100000000001,ExampleCorp Master Payer,Payer Account,200000000013,data-analytics,Linked Account,2026-05-01T00:00:00Z,2026-06-01T00:00:00Z,2026-05-19T04:00:00Z,2026-05-19T05:00:00Z,Usage,,RDS PostgreSQL db.r6g.large,Usage-Based,0.216,0.216,0.24,0.216,0.2400000000,0.2160000000,Standard,1.0000,Hours,USD,0.2160000000,0.216,0.2400000000,USD,1.0000,Hours,AmazonRDS,Databases,Relational Databases,SKU-59cf7266a13e6ea4d00d0143,Database,SPRICE-bde64d57365802abbf64195d,"{""InstanceType"":""db.r6g.large"",""InstanceSeries"":""R6g"",""CoreCount"":2,""MemorySize"":16,""x_Engine"":""PostgreSQL""}",arn:aws:rds:ap-southeast-1:200000000013:db/db-5e26eb4bda19,db-5e26eb4bda19,RDS Instance,ap-southeast-1,Asia Pacific (Singapore),,,,,,,,,,,"{""Environment"":""dev"",""CostCenter"":""cc-1042"",""Owner"":""team-platform""}"
AWS,AWS,AWS,INV-2026-05-0001,100000000001,ExampleCorp Master Payer,Payer Account,200000000013,data-analytics,Linked Account,2026-05-01T00:00:00Z,2026-06-01T00:00:00Z,2026-05-18T00:00:00Z,2026-05-19T00:00:00Z,Usage,,Glue ETL job run,Usage-Based,75.7356732,75.7356732,84.150748,75.7356732,0.4400000000,0.3960000000,Standard,191.2517,DPU-Hours,USD,0.3960000000,75.7356732,0.4400000000,USD,191.2517,DPU-Hours,AWSGlue,Analytics,Data Processing,SKU-118148093a04e718819dbb3f,Data Processing,SPRICE-f140a6944df35cbb51f25679,"{""x_WorkerType"":""G.1X""}",arn:aws:glue:us-west-2:200000000013:job/job-5c9b4334331a,job-5c9b4334331a,Glue Job,us-west-2,US West (Oregon),,,,,,,,,,,"{""Environment"":""prod"",""CostCenter"":""cc-2087"",""Owner"":""team-platform""}"
AWS,AWS,AWS,INV-2026-05-0002,100000000002,ExampleCorp Secondary Payer,Payer Account,200000000011,prod-platform,Linked Account,2026-05-01T00:00:00Z,2026-06-01T00:00:00Z,2026-05-19T06:00:00Z,2026-05-19T07:00:00Z,Usage,,RDS PostgreSQL db.r6g.large,Usage-Based,0.216,0.216,0.24,0.216,0.2400000000,0.2160000000,Standard,1.0000,Hours,USD,0.2160000000,0.216,0.2400000000,USD,1.0000,Hours,AmazonRDS,Databases,Relational Databases,SKU-7a3ac49181ed25cc4a81dc35,Database,SPRICE-7a34752a4c02e0761e1464be,"{""InstanceType"":""db.r6g.large"",""InstanceSeries"":""R6g"",""CoreCount"":2,""MemorySize"":16,""x_Engine"":""PostgreSQL""}",arn:aws:rds:eu-west-1:200000000011:db/db-93db3afaf0e6,db-93db3afaf0e6,RDS Instance,eu-west-1,EU (Ireland),,,,,,,,,,,"{""Environment"":""staging"",""CostCenter"":""cc-2087"",""Owner"":""team-data""}"
AWS,AWS,AWS,INV-2026-05-0002,100000000002,ExampleCorp Secondary Payer,Payer Account,200000000014,sandbox-dev,Linked Account,2026-05-01T00:00:00Z,2026-06-01T00:00:00Z,2026-05-19T07:00:00Z,2026-05-19T08:00:00Z,Usage,,Linux on-demand m6i.large,Usage-Based,0.0864,0.0864,0.096,0.0864,0.0960000000,0.0864000000,Standard,1.0000,Hours,EUR,0.0794880000,0.079488,0.0883200000,USD,1.0000,Hours,AmazonEC2,Compute,Virtual Machines,SKU-e0e295f006e6a0732dd5f77b,Compute,SPRICE-ede9d37fdc699653b58d5a0d,"{""InstanceType"":""m6i.large"",""InstanceSeries"":""M6i"",""CoreCount"":2,""MemorySize"":8,""OperatingSystem"":""Linux"",""x_Tenancy"":""Shared""}",arn:aws:ec2:us-west-2:200000000014:instance/i-123a2089cc0e,i-123a2089cc0e,EC2 Instance,us-west-2,US West (Oregon),us-west-2a,,,,,,,,,,"{""Environment"":""staging"",""CostCenter"":""cc-3110"",""Owner"":""team-payments""}"
AWS,AWS,AWS,INV-2026-05-0001,100000000001,ExampleCorp Master Payer,Payer Account,200000000012,staging-platform,Linked Account,2026-05-01T00:00:00Z,2026-06-01T00:00:00Z,2026-05-19T08:00:00Z,2026-05-19T09:00:00Z,Purchase,,"Savings Plan commitment, amortised for the charge period",Recurring,32.016,0,32.016,32.016,1,1,Standard,32.016,USD,USD,1.0000000000,0,1.0000000000,USD,,,AmazonEC2,Compute,Virtual Machines,SKU-53792a378695e386e0280d5c,Commitment,SPRICE-56a7b3778b922200186036dc,"{""x_PurchaseTerm"":""1yr"",""x_PaymentOption"":""NoUpfront""}",arn:aws:savingsplans:eu-west-1::savingsplan/ede7b68ebe7b0998,savingsplan-c54486bc4ca5,Savings Plan,eu-west-1,EU (Ireland),,arn:aws:savingsplans:eu-west-1::savingsplan/ede7b68ebe7b0998,ComputeSavingsPlan-1yr-NoUpfront,Spend,Savings Plan,,32.016,USD,,,"{""Environment"":""staging"",""CostCenter"":""cc-1042"",""Owner"":""team-platform""}"
AWS,AWS,AWS,INV-2026-05-0001,100000000001,ExampleCorp Master Payer,Payer Account,200000000012,staging-platform,Linked Account,2026-05-01T00:00:00Z,2026-06-01T00:00:00Z,2026-05-19T08:00:00Z,2026-05-19T09:00:00Z,Usage,,AmazonEC2 committed usage of 500 machine-equivalents,Usage-Based,0,32.016,48,43.2,0.0960000000,0.0864000000,Committed,500,Hours,USD,0.0864000000,32.016,0.0960000000,USD,500,Hours,AmazonEC2,Compute,Virtual Machines,SKU-ca9c2ba97f0b30fb137ef130,Compute,SPRICE-d7f4030fc2a8b65799f6b437,"{""InstanceType"":""m6i.large"",""InstanceSeries"":""M6i"",""CoreCount"":2,""MemorySize"":8,""OperatingSystem"":""Linux"",""x_Tenancy"":""Shared""}",urn:focus-sample:aws:eu-west-1:200000000012:compute-fleet:fleetd173839cc04a79897e1a6dc9,fleetd173839cc04a79897e1a6dc9,Compute Fleet,eu-west-1,EU (Ireland),eu-west-1a,arn:aws:savingsplans:eu-west-1::savingsplan/ede7b68ebe7b0998,ComputeSavingsPlan-1yr-NoUpfront,Spend,Savings Plan,Used,32.016,USD,,,"{""Environment"":""prod"",""CostCenter"":""cc-3110"",""Owner"":""team-data"",""SyntheticFleetSize"":""500""}"
AWS,AWS,AWS,INV-2026-05-0001,100000000001,ExampleCorp Master Payer,Payer Account,200000000012,staging-platform,Linked Account,2026-05-01T00:00:00Z,2026-06-01T00:00:00Z,2026-05-19T09:00:00Z,2026-05-19T10:00:00Z,Purchase,,"Savings Plan commitment, amortised for the charge period",Recurring,32.016,0,32.016,32.016,1,1,Standard,32.016,USD,USD,1.0000000000,0,1.0000000000,USD,,,AmazonEC2,Compute,Virtual Machines,SKU-53792a378695e386e0280d5c,Commitment,SPRICE-56a7b3778b922200186036dc,"{""x_PurchaseTerm"":""1yr"",""x_PaymentOption"":""NoUpfront""}",arn:aws:savingsplans:eu-west-1::savingsplan/ede7b68ebe7b0998,savingsplan-c54486bc4ca5,Savings Plan,eu-west-1,EU (Ireland),,arn:aws:savingsplans:eu-west-1::savingsplan/ede7b68ebe7b0998,ComputeSavingsPlan-1yr-NoUpfront,Spend,Savings Plan,,32.016,USD,,,"{""Environment"":""staging"",""CostCenter"":""cc-1042"",""Owner"":""team-data""}"
AWS,AWS,AWS,INV-2026-05-0001,100000000001,ExampleCorp Master Payer,Payer Account,200000000012,staging-platform,Linked Account,2026-05-01T00:00:00Z,2026-06-01T00:00:00Z,2026-05-19T09:00:00Z,2026-05-19T10:00:00Z,Usage,,AmazonEC2 committed usage of 500 machine-equivalents,Usage-Based,0,32.016,48,43.2,0.0960000000,0.0864000000,Committed,500,Hours,USD,0.0864000000,32.016,0.0960000000,USD,500,Hours,AmazonEC2,Compute,Virtual Machines,SKU-ca9c2ba97f0b30fb137ef130,Compute,SPRICE-d7f4030fc2a8b65799f6b437,"{""InstanceType"":""m6i.large"",""InstanceSeries"":""M6i"",""CoreCount"":2,""MemorySize"":8,""OperatingSystem"":""Linux"",""x_Tenancy"":""Shared""}",urn:focus-sample:aws:eu-west-1:200000000012:compute-fleet:fleetd173839cc04a79897e1a6dc9,fleetd173839cc04a79897e1a6dc9,Compute Fleet,eu-west-1,EU (Ireland),eu-west-1a,arn:aws:savingsplans:eu-west-1::savingsplan/ede7b68ebe7b0998,ComputeSavingsPlan-1yr-NoUpfront,Spend,Savings Plan,Used,32.016,USD,,,"{""Environment"":""dev"",""CostCenter"":""cc-3110"",""Owner"":""team-platform"",""SyntheticFleetSize"":""500""}"
AWS,AWS,AWS,INV-2026-05-0001,100000000001,ExampleCorp Master Payer,Payer Account,200000000012,staging-platform,Linked Account,2026-05-01T00:00:00Z,2026-06-01T00:00:00Z,2026-05-19T10:00:00Z,2026-05-19T11:00:00Z,Purchase,,"Savings Plan commitment, amortised for the charge period",Recurring,32.016,0,32.016,32.016,1,1,Standard,32.016,USD,USD,1.0000000000,0,1.0000000000,USD,,,AmazonEC2,Compute,Virtual Machines,SKU-53792a378695e386e0280d5c,Commitment,SPRICE-56a7b3778b922200186036dc,"{""x_PurchaseTerm"":""1yr"",""x_PaymentOption"":""NoUpfront""}",arn:aws:savingsplans:eu-west-1::savingsplan/ede7b68ebe7b0998,savingsplan-c54486bc4ca5,Savings Plan,eu-west-1,EU (Ireland),,arn:aws:savingsplans:eu-west-1::savingsplan/ede7b68ebe7b0998,ComputeSavingsPlan-1yr-NoUpfront,Spend,Savings Plan,,32.016,USD,,,"{""Environment"":""dev"",""CostCenter"":""cc-1042"",""Owner"":""team-data""}"
AWS,AWS,AWS,INV-2026-05-0001,100000000001,ExampleCorp Master Payer,Payer Account,200000000012,staging-platform,Linked Account,2026-05-01T00:00:00Z,2026-06-01T00:00:00Z,2026-05-19T10:00:00Z,2026-05-19T11:00:00Z,Usage,,AmazonEC2 committed usage of 500 machine-equivalents,Usage-Based,0,32.016,48,43.2,0.0960000000,0.0864000000,Committed,500,Hours,USD,0.0864000000,32.016,0.0960000000,USD,500,Hours,AmazonEC2,Compute,Virtual Machines,SKU-ca9c2ba97f0b30fb137ef130,Compute,SPRICE-d7f4030fc2a8b65799f6b437,"{""InstanceType"":""m6i.large"",""InstanceSeries"":""M6i"",""CoreCount"":2,""MemorySize"":8,""OperatingSystem"":""Linux"",""x_Tenancy"":""Shared""}",urn:focus-sample:aws:eu-west-1:200000000012:compute-fleet:fleetd173839cc04a79897e1a6dc9,fleetd173839cc04a79897e1a6dc9,Compute Fleet,eu-west-1,EU (Ireland),eu-west-1a,arn:aws:savingsplans:eu-west-1::savingsplan/ede7b68ebe7b0998,ComputeSavingsPlan-1yr-NoUpfront,Spend,Savings Plan,Used,32.016,USD,,,"{""Environment"":""staging"",""CostCenter"":""cc-1042"",""Owner"":""team-data"",""SyntheticFleetSize"":""500""}"
AWS,AWS,AWS,INV-2026-05-0001,100000000001,ExampleCorp Master Payer,Payer Account,200000000012,staging-platform,Linked Account,2026-05-01T00:00:00Z,2026-06-01T00:00:00Z,2026-05-19T11:00:00Z,2026-05-19T12:00:00Z,Purchase,,"Savings Plan commitment, amortised for the charge period",Recurring,32.016,0,32.016,32.016,1,1,Standard,32.016,USD,USD,1.0000000000,0,1.0000000000,USD,,,AmazonEC2,Compute,Virtual Machines,SKU-53792a378695e386e0280d5c,Commitment,SPRICE-56a7b3778b922200186036dc,"{""x_PurchaseTerm"":""1yr"",""x_PaymentOption"":""NoUpfront""}",arn:aws:savingsplans:eu-west-1::savingsplan/ede7b68ebe7b0998,savingsplan-c54486bc4ca5,Savings Plan,eu-west-1,EU (Ireland),,arn:aws:savingsplans:eu-west-1::savingsplan/ede7b68ebe7b0998,ComputeSavingsPlan-1yr-NoUpfront,Spend,Savings Plan,,32.016,USD,,,"{""Environment"":""prod"",""CostCenter"":""cc-1042"",""Owner"":""team-data""}"
AWS,AWS,AWS,INV-2026-05-0001,100000000001,ExampleCorp Master Payer,Payer Account,200000000012,staging-platform,Linked Account,2026-05-01T00:00:00Z,2026-06-01T00:00:00Z,2026-05-19T11:00:00Z,2026-05-19T12:00:00Z,Usage,,AmazonEC2 committed usage of 500 machine-equivalents,Usage-Based,0,32.016,48,43.2,0.0960000000,0.0864000000,Committed,500,Hours,USD,0.0864000000,32.016,0.0960000000,USD,500,Hours,AmazonEC2,Compute,Virtual Machines,SKU-ca9c2ba97f0b30fb137ef130,Compute,SPRICE-d7f4030fc2a8b65799f6b437,"{""InstanceType"":""m6i.large"",""InstanceSeries"":""M6i"",""CoreCount"":2,""MemorySize"":8,""OperatingSystem"":""Linux"",""x_Tenancy"":""Shared""}",urn:focus-sample:aws:eu-west-1:200000000012:compute-fleet:fleetd173839cc04a79897e1a6dc9,fleetd173839cc04a79897e1a6dc9,Compute Fleet,eu-west-1,EU (Ireland),eu-west-1a,arn:aws:savingsplans:eu-west-1::savingsplan/ede7b68ebe7b0998,ComputeSavingsPlan-1yr-NoUpfront,Spend,Savings Plan,Used,32.016,USD,,,"{""Environment"":""staging"",""CostCenter"":""cc-2087"",""Owner"":""team-payments"",""SyntheticFleetSize"":""500""}"
AWS,AWS,AWS,INV-2026-05-0001,100000000001,ExampleCorp Master Payer,Payer Account,200000000012,staging-platform,Linked Account,2026-05-01T00:00:00Z,2026-06-01T00:00:00Z,2026-05-19T12:00:00Z,2026-05-19T13:00:00Z,Purchase,,"Savings Plan commitment, amortised for the charge period",Recurring,32.016,0,32.016,32.016,1,1,Standard,32.016,USD,USD,1.0000000000,0,1.0000000000,USD,,,AmazonEC2,Compute,Virtual Machines,SKU-53792a378695e386e0280d5c,Commitment,SPRICE-56a7b3778b922200186036dc,"{""x_PurchaseTerm"":""1yr"",""x_PaymentOption"":""NoUpfront""}",arn:aws:savingsplans:eu-west-1::savingsplan/ede7b68ebe7b0998,savingsplan-c54486bc4ca5,Savings Plan,eu-west-1,EU (Ireland),,arn:aws:savingsplans:eu-west-1::savingsplan/ede7b68ebe7b0998,ComputeSavingsPlan-1yr-NoUpfront,Spend,Savings Plan,,32.016,USD,,,"{""Environment"":""prod"",""CostCenter"":""cc-2087"",""Owner"":""team-platform""}"
AWS,AWS,AWS,INV-2026-05-0001,100000000001,ExampleCorp Master Payer,Payer Account,200000000012,staging-platform,Linked Account,2026-05-01T00:00:00Z,2026-06-01T00:00:00Z,2026-05-19T12:00:00Z,2026-05-19T13:00:00Z,Usage,,AmazonEC2 committed usage of 500 machine-equivalents,Usage-Based,0,32.016,48,43.2,0.0960000000,0.0864000000,Committed,500,Hours,USD,0.0864000000,32.016,0.0960000000,USD,500,Hours,AmazonEC2,Compute,Virtual Machines,SKU-ca9c2ba97f0b30fb137ef130,Compute,SPRICE-d7f4030fc2a8b65799f6b437,"{""InstanceType"":""m6i.large"",""InstanceSeries"":""M6i"",""CoreCount"":2,""MemorySize"":8,""OperatingSystem"":""Linux"",""x_Tenancy"":""Shared""}",urn:focus-sample:aws:eu-west-1:200000000012:compute-fleet:fleetd173839cc04a79897e1a6dc9,fleetd173839cc04a79897e1a6dc9,Compute Fleet,eu-west-1,EU (Ireland),eu-west-1a,arn:aws:savingsplans:eu-west-1::savingsplan/ede7b68ebe7b0998,ComputeSavingsPlan-1yr-NoUpfront,Spend,Savings Plan,Used,32.016,USD,,,"{""Environment"":""dev"",""CostCenter"":""cc-3110"",""Owner"":""team-platform"",""SyntheticFleetSize"":""500""}"
AWS,AWS,AWS,INV-2026-05-0001,100000000001,ExampleCorp Master Payer,Payer Account,200000000012,staging-platform,Linked Account,2026-05-01T00:00:00Z,2026-06-01T00:00:00Z,2026-05-19T13:00:00Z,2026-05-19T14:00:00Z,Purchase,,"Savings Plan commitment, amortised for the charge period",Recurring,32.016,0,32.016,32.016,1,1,Standard,32.016,USD,USD,1.0000000000,0,1.0000000000,USD,,,AmazonEC2,Compute,Virtual Machines,SKU-53792a378695e386e0280d5c,Commitment,SPRICE-56a7b3778b922200186036dc,"{""x_PurchaseTerm"":""1yr"",""x_PaymentOption"":""NoUpfront""}",arn:aws:savingsplans:eu-west-1::savingsplan/ede7b68ebe7b0998,savingsplan-c54486bc4ca5,Savings Plan,eu-west-1,EU (Ireland),,arn:aws:savingsplans:eu-west-1::savingsplan/ede7b68ebe7b0998,ComputeSavingsPlan-1yr-NoUpfront,Spend,Savings Plan,,32.016,USD,,,"{""Environment"":""staging"",""CostCenter"":""cc-3110"",""Owner"":""team-data""}"
AWS,AWS,AWS,INV-2026-05-0001,100000000001,ExampleCorp Master Payer,Payer Account,200000000012,staging-platform,Linked Account,2026-05-01T00:00:00Z,2026-06-01T00:00:00Z,2026-05-19T13:00:00Z,2026-05-19T14:00:00Z,Usage,,AmazonEC2 committed usage of 500 machine-equivalents,Usage-Based,0,32.016,48,43.2,0.0960000000,0.0864000000,Committed,500,Hours,USD,0.0864000000,32.016,0.0960000000,USD,500,Hours,AmazonEC2,Compute,Virtual Machines,SKU-ca9c2ba97f0b30fb137ef130,Compute,SPRICE-d7f4030fc2a8b65799f6b437,"{""InstanceType"":""m6i.large"",""InstanceSeries"":""M6i"",""CoreCount"":2,""MemorySize"":8,""OperatingSystem"":""Linux"",""x_Tenancy"":""Shared""}",urn:focus-sample:aws:eu-west-1:200000000012:compute-fleet:fleetd173839cc04a79897e1a6dc9,fleetd173839cc04a79897e1a6dc9,Compute Fleet,eu-west-1,EU (Ireland),eu-west-1a,arn:aws:savingsplans:eu-west-1::savingsplan/ede7b68ebe7b0998,ComputeSavingsPlan-1yr-NoUpfront,Spend,Savings Plan,Used,32.016,USD,,,"{""Environment"":""staging"",""CostCenter"":""cc-3110"",""Owner"":""team-data"",""SyntheticFleetSize"":""500""}"
AWS,AWS,AWS,INV-2026-05-0001,100000000001,ExampleCorp Master Payer,Payer Account,200000000012,staging-platform,Linked Account,2026-05-01T00:00:00Z,2026-06-01T00:00:00Z,2026-05-19T14:00:00Z,2026-05-19T15:00:00Z,Purchase,,"Savings Plan commitment, amortised for the charge period",Recurring,32.016,0,32.016,32.016,1,1,Standard,32.016,USD,USD,1.0000000000,0,1.0000000000,USD,,,AmazonEC2,Compute,Virtual Machines,SKU-53792a378695e386e0280d5c,Commitment,SPRICE-56a7b3778b922200186036dc,"{""x_PurchaseTerm"":""1yr"",""x_PaymentOption"":""NoUpfront""}",arn:aws:savingsplans:eu-west-1::savingsplan/ede7b68ebe7b0998,savingsplan-c54486bc4ca5,Savings Plan,eu-west-1,EU (Ireland),,arn:aws:savingsplans:eu-west-1::savingsplan/ede7b68ebe7b0998,ComputeSavingsPlan-1yr-NoUpfront,Spend,Savings Plan,,32.016,USD,,,"{""Environment"":""prod"",""CostCenter"":""cc-1042"",""Owner"":""team-payments""}"
AWS,AWS,AWS,INV-2026-05-0001,100000000001,ExampleCorp Master Payer,Payer Account,200000000012,staging-platform,Linked Account,2026-05-01T00:00:00Z,2026-06-01T00:00:00Z,2026-05-19T14:00:00Z,2026-05-19T15:00:00Z,Usage,,AmazonEC2 committed usage of 500 machine-equivalents,Usage-Based,0,32.016,48,43.2,0.0960000000,0.0864000000,Committed,500,Hours,USD,0.0864000000,32.016,0.0960000000,USD,500,Hours,AmazonEC2,Compute,Virtual Machines,SKU-ca9c2ba97f0b30fb137ef130,Compute,SPRICE-d7f4030fc2a8b65799f6b437,"{""InstanceType"":""m6i.large"",""InstanceSeries"":""M6i"",""CoreCount"":2,""MemorySize"":8,""OperatingSystem"":""Linux"",""x_Tenancy"":""Shared""}",urn:focus-sample:aws:eu-west-1:200000000012:compute-fleet:fleetd173839cc04a79897e1a6dc9,fleetd173839cc04a79897e1a6dc9,Compute Fleet,eu-west-1,EU (Ireland),eu-west-1a,arn:aws:savingsplans:eu-west-1::savingsplan/ede7b68ebe7b0998,ComputeSavingsPlan-1yr-NoUpfront,Spend,Savings Plan,Used,32.016,USD,,,"{""Environment"":""dev"",""CostCenter"":""cc-1042"",""Owner"":""team-platform"",""SyntheticFleetSize"":""500""}"
AWS,AWS,AWS,INV-2026-05-0001,100000000001,ExampleCorp Master Payer,Payer Account,200000000012,staging-platform,Linked Account,2026-05-01T00:00:00Z,2026-06-01T00:00:00Z,2026-05-19T15:00:00Z,2026-05-19T16:00:00Z,Purchase,,"Savings Plan commitment, amortised for the charge period",Recurring,32.016,0,32.016,32.016,1,1,Standard,32.016,USD,USD,1.0000000000,0,1.0000000000,USD,,,AmazonEC2,Compute,Virtual Machines,SKU-53792a378695e386e0280d5c,Commitment,SPRICE-56a7b3778b922200186036dc,"{""x_PurchaseTerm"":""1yr"",""x_PaymentOption"":""NoUpfront""}",arn:aws:savingsplans:eu-west-1::savingsplan/ede7b68ebe7b0998,savingsplan-c54486bc4ca5,Savings Plan,eu-west-1,EU (Ireland),,arn:aws:savingsplans:eu-west-1::savingsplan/ede7b68ebe7b0998,ComputeSavingsPlan-1yr-NoUpfront,Spend,Savings Plan,,32.016,USD,,,"{""Environment"":""dev"",""CostCenter"":""cc-3110"",""Owner"":""team-data""}"
AWS,AWS,AWS,INV-2026-05-0001,100000000001,ExampleCorp Master Payer,Payer Account,200000000012,staging-platform,Linked Account,2026-05-01T00:00:00Z,2026-06-01T00:00:00Z,2026-05-19T15:00:00Z,2026-05-19T16:00:00Z,Usage,,Savings Plan unused commitment,Usage-Based,0,32.016,32.016,32.016,1,1,Committed,32.016,USD,USD,1.0000000000,32.016,1.0000000000,USD,,,AmazonEC2,Compute,Virtual Machines,SKU-53792a378695e386e0280d5c,Commitment,SPRICE-56a7b3778b922200186036dc,"{""x_PurchaseTerm"":""1yr"",""x_PaymentOption"":""NoUpfront""}",arn:aws:savingsplans:eu-west-1::savingsplan/ede7b68ebe7b0998,savingsplan-c54486bc4ca5,Savings Plan,eu-west-1,EU (Ireland),,arn:aws:savingsplans:eu-west-1::savingsplan/ede7b68ebe7b0998,ComputeSavingsPlan-1yr-NoUpfront,Spend,Savings Plan,Unused,32.016,USD,,,"{""Environment"":""dev"",""CostCenter"":""cc-2087"",""Owner"":""team-platform""}"
AWS,AWS,AWS,INV-2026-05-0001,100000000001,ExampleCorp Master Payer,Payer Account,200000000012,staging-platform,Linked Account,2026-05-01T00:00:00Z,2026-06-01T00:00:00Z,2026-05-19T16:00:00Z,2026-05-19T17:00:00Z,Purchase,,"Savings Plan commitment, amortised for the charge period",Recurring,32.016,0,32.016,32.016,1,1,Standard,32.016,USD,USD,1.0000000000,0,1.0000000000,USD,,,AmazonEC2,Compute,Virtual Machines,SKU-53792a378695e386e0280d5c,Commitment,SPRICE-56a7b3778b922200186036dc,"{""x_PurchaseTerm"":""1yr"",""x_PaymentOption"":""NoUpfront""}",arn:aws:savingsplans:eu-west-1::savingsplan/ede7b68ebe7b0998,savingsplan-c54486bc4ca5,Savings Plan,eu-west-1,EU (Ireland),,arn:aws:savingsplans:eu-west-1::savingsplan/ede7b68ebe7b0998,ComputeSavingsPlan-1yr-NoUpfront,Spend,Savings Plan,,32.016,USD,,,"{""Environment"":""staging"",""CostCenter"":""cc-3110"",""Owner"":""team-data""}"
AWS,AWS,AWS,INV-2026-05-0001,100000000001,ExampleCorp Master Payer,Payer Account,200000000012,staging-platform,Linked Account,2026-05-01T00:00:00Z,2026-06-01T00:00:00Z,2026-05-19T16:00:00Z,2026-05-19T17:00:00Z,Usage,,Savings Plan unused commitment,Usage-Based,0,32.016,32.016,32.016,1,1,Committed,32.016,USD,USD,1.0000000000,32.016,1.0000000000,USD,,,AmazonEC2,Compute,Virtual Machines,SKU-53792a378695e386e0280d5c,Commitment,SPRICE-56a7b3778b922200186036dc,"{""x_PurchaseTerm"":""1yr"",""x_PaymentOption"":""NoUpfront""}",arn:aws:savingsplans:eu-west-1::savingsplan/ede7b68ebe7b0998,savingsplan-c54486bc4ca5,Savings Plan,eu-west-1,EU (Ireland),,arn:aws:savingsplans:eu-west-1::savingsplan/ede7b68ebe7b0998,ComputeSavingsPlan-1yr-NoUpfront,Spend,Savings Plan,Unused,32.016,USD,,,"{""Environment"":""dev"",""CostCenter"":""cc-1042"",""Owner"":""team-payments""}"
AWS,AWS,AWS,INV-2026-05-0002,100000000002,ExampleCorp Secondary Payer,Payer Account,200000000012,staging-platform,Linked Account,2026-05-01T00:00:00Z,2026-06-01T00:00:00Z,2026-05-13T00:00:00Z,2026-05-14T00:00:00Z,Tax,,Synthetic tax 10% on usage record 209: AmazonCloudWatch,One-Time,2.2797396,2.2797396,2.533044,2.2797396,,,,,,USD,,2.2797396,,USD,,,AmazonCloudWatch,Management and Governance,Observability,,,,,,,,,,,,,,,,,,,,"{""Environment"":""prod"",""CostCenter"":""cc-2087"",""Owner"":""team-data""}"
AWS,AWS,AWS,INV-2026-05-0001,100000000001,ExampleCorp Master Payer,Payer Account,200000000011,prod-platform,Linked Account,2026-05-01T00:00:00Z,2026-06-01T00:00:00Z,2026-05-25T00:00:00Z,2026-05-26T00:00:00Z,Tax,,Synthetic tax 10% on usage record 81: AmazonCloudWatch,One-Time,4.2212961,4.2212961,4.690329,4.2212961,,,,,,USD,,4.2212961,,USD,,,AmazonCloudWatch,Management and Governance,Observability,,,,,,,,,,,,,,,,,,,,"{""Environment"":""staging"",""CostCenter"":""cc-1042"",""Owner"":""team-payments""}"
AWS,AWS,AWS,INV-2026-05-0001,100000000001,ExampleCorp Master Payer,Payer Account,200000000014,sandbox-dev,Linked Account,2026-05-01T00:00:00Z,2026-06-01T00:00:00Z,2026-05-13T00:00:00Z,2026-05-14T00:00:00Z,Usage,,NAT gateway data processed,Usage-Based,15.2113302,15.2113302,16.901478,15.2113302,0.0450000000,0.0405000000,Standard,375.5884,GB,USD,0.0405000000,15.2113302,0.0450000000,USD,375.5884,GB,AmazonVPC,Networking,Network Connectivity,SKU-0a48b40b1fa86593309c0c4c,Data Transfer,SPRICE-b948c57b4c22bb2955afff1a,"{""x_TransferType"":""InterAZ""}",arn:aws:ec2:ap-southeast-1:200000000014:natgateway/nat-f6b05be3cf24,nat-f6b05be3cf24,NAT Gateway,ap-southeast-1,Asia Pacific (Singapore),,,,,,,,,,,"{""Environment"":""dev"",""CostCenter"":""cc-3110"",""Owner"":""team-platform""}"
AWS,AWS,AWS,INV-2026-05-0001,100000000001,ExampleCorp Master Payer,Payer Account,200000000011,prod-platform,Linked Account,2026-05-01T00:00:00Z,2026-06-01T00:00:00Z,2026-05-20T05:00:00Z,2026-05-20T06:00:00Z,Usage,,Linux on-demand m6i.large,Usage-Based,0.0864,0.0864,0.096,0.0864,0.0960000000,0.0864000000,Standard,1.0000,Hours,USD,0.0864000000,0.0864,0.0960000000,USD,1.0000,Hours,AmazonEC2,Compute,Virtual Machines,SKU-093c0d7a3a0491f8523e34c8,Compute,SPRICE-bab283475cbbabd222878e74,"{""InstanceType"":""m6i.large"",""InstanceSeries"":""M6i"",""CoreCount"":2,""MemorySize"":8,""OperatingSystem"":""Linux"",""x_Tenancy"":""Shared""}",arn:aws:ec2:ap-southeast-1:200000000011:instance/i-fe6f20acf19d,i-fe6f20acf19d,EC2 Instance,ap-southeast-1,Asia Pacific (Singapore),ap-southeast-1a,,,,,,,,,,"{""Environment"":""dev"",""CostCenter"":""cc-1042"",""Owner"":""team-platform""}"
AWS,AWS,AWS,INV-2026-05-0002,100000000002,ExampleCorp Secondary Payer,Payer Account,200000000013,data-analytics,Linked Account,2026-05-01T00:00:00Z,2026-06-01T00:00:00Z,2026-05-04T00:00:00Z,2026-05-05T00:00:00Z,Tax,,Synthetic tax 10% on usage record 228: AmazonCloudWatch,One-Time,0.8783964,0.8783964,0.975996,0.8783964,,,,,,USD,,0.8783964,,USD,,,AmazonCloudWatch,Management and Governance,Observability,,,,,,,,,,,,,,,,,,,,"{""Environment"":""staging"",""CostCenter"":""cc-3110"",""Owner"":""team-data""}"
AWS,AWS,AWS,INV-2026-05-0001,100000000001,ExampleCorp Master Payer,Payer Account,200000000012,staging-platform,Linked Account,2026-05-01T00:00:00Z,2026-06-01T00:00:00Z,2026-05-20T07:00:00Z,2026-05-20T08:00:00Z,Usage,,RDS PostgreSQL db.r6g.large,Usage-Based,0.216,0.216,0.24,0.216,0.2400000000,0.2160000000,Standard,1.0000,Hours,USD,0.2160000000,0.216,0.2400000000,USD,1.0000,Hours,AmazonRDS,Databases,Relational Databases,SKU-59cf7266a13e6ea4d00d0143,Database,SPRICE-bde64d57365802abbf64195d,"{""InstanceType"":""db.r6g.large"",""InstanceSeries"":""R6g"",""CoreCount"":2,""MemorySize"":16,""x_Engine"":""PostgreSQL""}",arn:aws:rds:ap-southeast-1:200000000012:db/db-116d94306e15,db-116d94306e15,RDS Instance,ap-southeast-1,Asia Pacific (Singapore),,,,,,,,,,,"{""Environment"":""prod"",""CostCenter"":""cc-2087"",""Owner"":""team-payments""}"
AWS,AWS,AWS,INV-2026-05-0002,100000000002,ExampleCorp Secondary Payer,Payer Account,200000000011,prod-platform,Linked Account,2026-05-01T00:00:00Z,2026-06-01T00:00:00Z,2026-05-20T08:00:00Z,2026-05-20T09:00:00Z,Usage,,Lambda function duration,Usage-Based,43.991484258,43.991484258,48.87952471218724,43.991484258,0.0000166667,0.0000150000,Standard,2932765.6172,GB-Seconds,EUR,0.0000138000,40.47216551736,0.0000153334,USD,2932765.6172,GB-Seconds,AWSLambda,Compute,Serverless Compute,SKU-790dfdd7277c16aec9cf7656,Compute,SPRICE-f3bbf94e2faecc81cd113fd7,"{""x_Runtime"":""python3.12"",""x_Architecture"":""arm64""}",arn:aws:lambda:us-west-2:200000000011:function/fn-c4c19aa7f611,fn-c4c19aa7f611,Lambda Function,us-west-2,US West (Oregon),,,,,,,,,,,"{""Environment"":""prod"",""CostCenter"":""cc-1042"",""Owner"":""team-data""}"
AWS,AWS,AWS,INV-2026-05-0002,100000000002,ExampleCorp Secondary Payer,Payer Account,200000000014,sandbox-dev,Linked Account,2026-05-01T00:00:00Z,2026-06-01T00:00:00Z,2026-05-20T09:00:00Z,2026-05-20T10:00:00Z,Usage,,Lambda function duration,Usage-Based,53.3677904625,53.3677904625,59.29766355342325,53.3677904625,0.0000166667,0.0000150000,Standard,3557852.6975,GB-Seconds,USD,0.0000150000,53.3677904625,0.0000166667,USD,3557852.6975,GB-Seconds,AWSLambda,Compute,Serverless Compute,SKU-7828f3c3be040bf04a99c13a,Compute,SPRICE-f43f05862dbfbeb78999da05,"{""x_Runtime"":""python3.12"",""x_Architecture"":""arm64""}",arn:aws:lambda:eu-west-1:200000000014:function/fn-d59eaf5f3adf,fn-d59eaf5f3adf,Lambda Function,eu-west-1,EU (Ireland),,,,,,,,,,,"{""Environment"":""dev"",""CostCenter"":""cc-3110"",""Owner"":""team-data""}"
AWS,AWS,AWS,INV-2026-05-0001,100000000001,ExampleCorp Master Payer,Payer Account,200000000011,prod-platform,Linked Account,2026-05-01T00:00:00Z,2026-06-01T00:00:00Z,2026-05-20T10:00:00Z,2026-05-20T11:00:00Z,Usage,,Linux on-demand m6i.large,Usage-Based,0.0864,0.0864,0.096,0.0864,0.0960000000,0.0864000000,Standard,1.0000,Hours,USD,0.0864000000,0.0864,0.0960000000,USD,1.0000,Hours,AmazonEC2,Compute,Virtual Machines,SKU-093c0d7a3a0491f8523e34c8,Compute,SPRICE-bab283475cbbabd222878e74,"{""InstanceType"":""m6i.large"",""InstanceSeries"":""M6i"",""CoreCount"":2,""MemorySize"":8,""OperatingSystem"":""Linux"",""x_Tenancy"":""Shared""}",arn:aws:ec2:ap-southeast-1:200000000011:instance/i-0f19be5af3f7,i-0f19be5af3f7,EC2 Instance,ap-southeast-1,Asia Pacific (Singapore),ap-southeast-1a,,,,,,,,,,"{""Environment"":""dev"",""CostCenter"":""cc-1042"",""Owner"":""team-payments""}"
AWS,AWS,AWS,INV-2026-05-0001,100000000001,ExampleCorp Master Payer,Payer Account,200000000013,data-analytics,Linked Account,2026-05-01T00:00:00Z,2026-06-01T00:00:00Z,2026-05-20T00:00:00Z,2026-05-21T00:00:00Z,Usage,,Custom metrics,Usage-Based,8.333334,8.333334,9.25926,8.333334,0.3000000000,0.2700000000,Standard,30.8642,Metrics,USD,0.2700000000,8.333334,0.3000000000,USD,30.8642,Metrics,AmazonCloudWatch,Management and Governance,Observability,SKU-7f3902e3f370805f0a245d7f,Monitoring,SPRICE-dae68554fa459d336630e8d7,"{""x_MetricType"":""Custom""}",arn:aws:cloudwatch:ap-southeast-1:200000000013:metric/metric-1ea6c8d5334c,metric-1ea6c8d5334c,Metric,ap-southeast-1,Asia Pacific (Singapore),,,,,,,,,,,"{""Environment"":""dev"",""CostCenter"":""cc-2087"",""Owner"":""team-payments""}"
AWS,AWS,AWS,INV-2026-05-0001,100000000001,ExampleCorp Master Payer,Payer Account,200000000011,prod-platform,Linked Account,2026-05-01T00:00:00Z,2026-06-01T00:00:00Z,2026-05-20T12:00:00Z,2026-05-20T13:00:00Z,Usage,,Lambda function duration,Usage-Based,28.7739294945,28.7739294945,31.97109671373221,28.7739294945,0.0000166667,0.0000150000,Standard,1918261.9663,GB-Seconds,USD,0.0000150000,28.7739294945,0.0000166667,USD,1918261.9663,GB-Seconds,AWSLambda,Compute,Serverless Compute,SKU-7828f3c3be040bf04a99c13a,Compute,SPRICE-f43f05862dbfbeb78999da05,"{""x_Runtime"":""python3.12"",""x_Architecture"":""arm64""}",arn:aws:lambda:eu-west-1:200000000011:function/fn-c00961c8be86,fn-c00961c8be86,Lambda Function,eu-west-1,EU (Ireland),,,,,,,,,,,"{""Environment"":""staging"",""CostCenter"":""cc-3110"",""Owner"":""team-platform""}"
AWS,AWS,AWS,INV-2026-05-0002,100000000002,ExampleCorp Secondary Payer,Payer Account,200000000011,prod-platform,Linked Account,2026-05-01T00:00:00Z,2026-06-01T00:00:00Z,2026-05-20T13:00:00Z,2026-05-20T14:00:00Z,Usage,,Lambda function duration,Usage-Based,10.850448735,10.850448735,12.0560782621083,10.850448735,0.0000166667,0.0000150000,Standard,723363.2490,GB-Seconds,USD,0.0000150000,10.850448735,0.0000166667,USD,723363.2490,GB-Seconds,AWSLambda,Compute,Serverless Compute,SKU-10b7f1c880ad0bc78efd30e2,Compute,SPRICE-a9f6b13fa92ac1d53f2f387c,"{""x_Runtime"":""python3.12"",""x_Architecture"":""arm64""}",arn:aws:lambda:ap-southeast-1:200000000011:function/fn-57065a0958f4,fn-57065a0958f4,Lambda Function,ap-southeast-1,Asia Pacific (Singapore),,,,,,,,,,,"{""Environment"":""prod"",""CostCenter"":""cc-2087"",""Owner"":""team-data""}"
AWS,AWS,AWS,INV-2026-05-0001,100000000001,ExampleCorp Master Payer,Payer Account,200000000011,prod-platform,Linked Account,2026-05-01T00:00:00Z,2026-06-01T00:00:00Z,2026-05-12T00:00:00Z,2026-05-13T00:00:00Z,Tax,,Synthetic tax 10% on usage record 376: AmazonDynamoDB,One-Time,0.35681162464125,0.35681162464125,0.3964573607125,0.35681162464125,,,,,,USD,,0.35681162464125,,USD,,,AmazonDynamoDB,Databases,NoSQL Databases,,,,,,,,,,,,,,,,,,,,"{""Environment"":""staging"",""CostCenter"":""cc-2087"",""Owner"":""team-data""}"
AWS,AWS,AWS,INV-2026-05-0001,100000000001,ExampleCorp Master Payer,Payer Account,200000000011,prod-platform,Linked Account,2026-05-01T00:00:00Z,2026-06-01T00:00:00Z,2026-05-24T00:00:00Z,2026-05-25T00:00:00Z,Usage,,Glue ETL job run,Usage-Based,64.3939164,64.3939164,71.548796,64.3939164,0.4400000000,0.3960000000,Standard,162.6109,DPU-Hours,USD,0.3960000000,64.3939164,0.4400000000,USD,162.6109,DPU-Hours,AWSGlue,Analytics,Data Processing,SKU-118148093a04e718819dbb3f,Data Processing,SPRICE-f140a6944df35cbb51f25679,"{""x_WorkerType"":""G.1X""}",arn:aws:glue:us-west-2:200000000011:job/job-97bdde017acc,job-97bdde017acc,Glue Job,us-west-2,US West (Oregon),,,,,,,,,,,"{""Environment"":""dev"",""CostCenter"":""cc-3110"",""Owner"":""team-data""}"
AWS,AWS,AWS,INV-2026-05-0002,100000000002,ExampleCorp Secondary Payer,Payer Account,200000000012,staging-platform,Linked Account,2026-05-01T00:00:00Z,2026-06-01T00:00:00Z,2026-05-25T00:00:00Z,2026-05-26T00:00:00Z,Purchase,,AmazonVPC subscription fee,Recurring,610.17,610.17,610.17,610.17,610.17,610.17,Standard,1,Units,USD,610.1700000000,610.17,610.1700000000,USD,,,AmazonVPC,Networking,Network Connectivity,SKU-9f454b7e2ca32e0e8968a319,Subscription,SPRICE-a718b966f4ca7cb64960279a,"{""x_ChargeType"": ""SubscriptionFee""}",arn:aws:ec2:ap-southeast-1:200000000012:natgateway/nat-1e98690227e0,nat-1e98690227e0,NAT Gateway,ap-southeast-1,Asia Pacific (Singapore),,,,,,,,,,,"{""Environment"":""staging"",""CostCenter"":""cc-2087"",""Owner"":""team-platform""}"
AWS,AWS,AWS,INV-2026-05-0001,100000000001,ExampleCorp Master Payer,Payer Account,200000000012,staging-platform,Linked Account,2026-05-01T00:00:00Z,2026-06-01T00:00:00Z,2026-05-26T00:00:00Z,2026-05-27T00:00:00Z,Usage,,Custom metrics,Usage-Based,50.588361,50.588361,56.20929,50.588361,0.3000000000,0.2700000000,Standard,187.3643,Metrics,USD,0.2700000000,50.588361,0.3000000000,USD,187.3643,Metrics,AmazonCloudWatch,Management and Governance,Observability,SKU-7f3902e3f370805f0a245d7f,Monitoring,SPRICE-dae68554fa459d336630e8d7,"{""x_MetricType"":""Custom""}",arn:aws:cloudwatch:ap-southeast-1:200000000012:metric/metric-7d04e314e98a,metric-7d04e314e98a,Metric,ap-southeast-1,Asia Pacific (Singapore),,,,,,,,,,,"{""Environment"":""staging"",""CostCenter"":""cc-2087"",""Owner"":""team-data""}"
AWS,AWS,AWS,INV-2026-05-0002,100000000002,ExampleCorp Secondary Payer,Payer Account,200000000012,staging-platform,Linked Account,2026-05-01T00:00:00Z,2026-06-01T00:00:00Z,2026-05-27T00:00:00Z,2026-05-28T00:00:00Z,Usage,,DynamoDB on-demand write requests,Usage-Based,5.4796509671625,5.4796509671625,6.088501074625,5.4796509671625,0.0000012500,0.0000011250,Standard,4870800.8597,Requests,USD,0.0000011250,5.4796509671625,0.0000012500,USD,4870800.8597,Requests,AmazonDynamoDB,Databases,NoSQL Databases,SKU-fc4e454b36112dd390bf69e4,Database,SPRICE-6e7ea642b1065af97aedd9bf,"{""x_CapacityMode"":""On-Demand""}",arn:aws:dynamodb:eu-west-1:200000000012:table/table-3a56d748da9c,table-3a56d748da9c,DynamoDB Table,eu-west-1,EU (Ireland),,,,,,,,,,,"{""Environment"":""prod"",""CostCenter"":""cc-3110"",""Owner"":""team-platform""}"
AWS,AWS,AWS,INV-2026-05-0002,100000000002,ExampleCorp Secondary Payer,Payer Account,200000000011,prod-platform,Linked Account,2026-05-01T00:00:00Z,2026-06-01T00:00:00Z,2026-05-28T00:00:00Z,2026-05-29T00:00:00Z,Usage,,DynamoDB on-demand write requests,Usage-Based,2.9733945730875,2.9733945730875,3.303771747875,2.9733945730875,0.0000012500,0.0000011250,Standard,2643017.3983,Requests,USD,0.0000011250,2.9733945730875,0.0000012500,USD,2643017.3983,Requests,AmazonDynamoDB,Databases,NoSQL Databases,SKU-b60be50671e3ea779ca4990a,Database,SPRICE-01c9691ef6482a9102c7a4ff,"{""x_CapacityMode"":""On-Demand""}",arn:aws:dynamodb:us-east-1:200000000011:table/table-31cf2d7f538d,table-31cf2d7f538d,DynamoDB Table,us-east-1,US East (N. Virginia),,,,,,,,,,,"{""Environment"":""dev"",""CostCenter"":""cc-3110"",""Owner"":""team-data""}"
AWS,AWS,AWS,INV-2026-05-0002,100000000002,ExampleCorp Secondary Payer,Payer Account,200000000013,data-analytics,Linked Account,2026-05-01T00:00:00Z,2026-06-01T00:00:00Z,2026-05-01T00:00:00Z,2026-05-02T00:00:00Z,Usage,,DynamoDB on-demand write requests,Usage-Based,2.52209874375,2.52209874375,2.8023319375,2.52209874375,0.0000012500,0.0000011250,Standard,2241865.5500,Requests,USD,0.0000011250,2.52209874375,0.0000012500,USD,2241865.5500,Requests,AmazonDynamoDB,Databases,NoSQL Databases,SKU-b60be50671e3ea779ca4990a,Database,SPRICE-01c9691ef6482a9102c7a4ff,"{""x_CapacityMode"":""On-Demand""}",arn:aws:dynamodb:us-east-1:200000000013:table/table-1efdfe3d64db,table-1efdfe3d64db,DynamoDB Table,us-east-1,US East (N. Virginia),,,,,,,,,,,"{""Environment"":""staging"",""CostCenter"":""cc-1042"",""Owner"":""team-payments""}"
AWS,AWS,AWS,INV-2026-05-0002,100000000002,ExampleCorp Secondary Payer,Payer Account,200000000012,staging-platform,Linked Account,2026-05-01T00:00:00Z,2026-06-01T00:00:00Z,2026-05-02T00:00:00Z,2026-05-03T00:00:00Z,Usage,,DynamoDB on-demand write requests,Usage-Based,1.20215929905,1.20215929905,1.3357325545,1.20215929905,0.0000012500,0.0000011250,Standard,1068586.0436,Requests,USD,0.0000011250,1.20215929905,0.0000012500,USD,1068586.0436,Requests,AmazonDynamoDB,Databases,NoSQL Databases,SKU-ed668466fc7fc7bc80c6b1e8,Database,SPRICE-c01526413ebdb215913eebd3,"{""x_CapacityMode"":""On-Demand""}",arn:aws:dynamodb:ap-southeast-1:200000000012:table/table-7d02bc138fcc,table-7d02bc138fcc,DynamoDB Table,ap-southeast-1,Asia Pacific (Singapore),,,,,,,,,,,"{""Environment"":""staging"",""CostCenter"":""cc-1042"",""Owner"":""team-payments""}"
AWS,AWS,AWS,INV-2026-05-0002,100000000002,ExampleCorp Secondary Payer,Payer Account,200000000013,data-analytics,Linked Account,2026-05-01T00:00:00Z,2026-06-01T00:00:00Z,2026-05-03T00:00:00Z,2026-05-04T00:00:00Z,Usage,,Glue ETL job run,Usage-Based,68.1099804,68.1099804,75.677756,68.1099804,0.4400000000,0.3960000000,Standard,171.9949,DPU-Hours,USD,0.3960000000,68.1099804,0.4400000000,USD,171.9949,DPU-Hours,AWSGlue,Analytics,Data Processing,SKU-118148093a04e718819dbb3f,Data Processing,SPRICE-f140a6944df35cbb51f25679,"{""x_WorkerType"":""G.1X""}",arn:aws:glue:us-west-2:200000000013:job/job-0a00bfac510a,job-0a00bfac510a,Glue Job,us-west-2,US West (Oregon),,,,,,,,,,,"{""Environment"":""dev"",""CostCenter"":""cc-2087"",""Owner"":""team-platform""}"
AWS,AWS,AWS,INV-2026-05-0001,100000000001,ExampleCorp Master Payer,Payer Account,200000000013,data-analytics,Linked Account,2026-05-01T00:00:00Z,2026-06-01T00:00:00Z,2026-05-20T23:00:00Z,2026-05-21T00:00:00Z,Usage,,Lambda function duration,Usage-Based,4.7814164955,4.7814164955,5.31269562036999,4.7814164955,0.0000166667,0.0000150000,Standard,318761.0997,GB-Seconds,USD,0.0000150000,4.7814164955,0.0000166667,USD,318761.0997,GB-Seconds,AWSLambda,Compute,Serverless Compute,SKU-790dfdd7277c16aec9cf7656,Compute,SPRICE-55fe45e894424abc4a1bb3fe,"{""x_Runtime"":""python3.12"",""x_Architecture"":""arm64""}",arn:aws:lambda:us-west-2:200000000013:function/fn-3d1405e33f44,fn-3d1405e33f44,Lambda Function,us-west-2,US West (Oregon),,,,,,,,,,,"{""Environment"":""prod"",""CostCenter"":""cc-3110"",""Owner"":""team-data""}"
AWS,AWS,AWS,INV-2026-05-0002,100000000002,ExampleCorp Secondary Payer,Payer Account,200000000013,data-analytics,Linked Account,2026-05-01T00:00:00Z,2026-06-01T00:00:00Z,2026-05-21T00:00:00Z,2026-05-21T01:00:00Z,Usage,,Linux on-demand m6i.large,Usage-Based,0.0864,0.0864,0.096,0.0864,0.0960000000,0.0864000000,Standard,1.0000,Hours,USD,0.0864000000,0.0864,0.0960000000,USD,1.0000,Hours,AmazonEC2,Compute,Virtual Machines,SKU-e0e295f006e6a0732dd5f77b,Compute,SPRICE-98f5ebeb1125d6e984c27bb1,"{""InstanceType"":""m6i.large"",""InstanceSeries"":""M6i"",""CoreCount"":2,""MemorySize"":8,""OperatingSystem"":""Linux"",""x_Tenancy"":""Shared""}",arn:aws:ec2:us-west-2:200000000013:instance/i-cdfa819414da,i-cdfa819414da,EC2 Instance,us-west-2,US West (Oregon),us-west-2b,,,,,,,,,,"{""Environment"":""prod"",""CostCenter"":""cc-1042"",""Owner"":""team-data""}"
AWS,AWS,AWS,INV-2026-05-0001,100000000001,ExampleCorp Master Payer,Payer Account,200000000011,prod-platform,Linked Account,2026-05-01T00:00:00Z,2026-06-01T00:00:00Z,2026-05-06T00:00:00Z,2026-05-07T00:00:00Z,Usage,,NAT gateway data processed,Usage-Based,5.02309755,5.02309755,5.5812195,5.02309755,0.0450000000,0.0405000000,Standard,124.0271,GB,EUR,0.0372600000,4.621249746,0.0414000000,USD,124.0271,GB,AmazonVPC,Networking,Network Connectivity,SKU-935abd9125f7268b4f0eb1ad,Data Transfer,SPRICE-3e32128e943204700280bcac,"{""x_TransferType"":""InterAZ""}",arn:aws:ec2:us-east-1:200000000011:natgateway/nat-71cb13771045,nat-71cb13771045,NAT Gateway,us-east-1,US East (N. Virginia),,,,,,,,,,,"{""Environment"":""prod"",""CostCenter"":""cc-1042"",""Owner"":""team-platform""}"
AWS,AWS,AWS,INV-2026-05-0001,100000000001,ExampleCorp Master Payer,Payer Account,200000000011,prod-platform,Linked Account,2026-05-01T00:00:00Z,2026-06-01T00:00:00Z,2026-05-07T00:00:00Z,2026-05-08T00:00:00Z,Purchase,,AmazonEC2 subscription fee,Recurring,767.22,767.22,767.22,767.22,767.22,767.22,Standard,1,Units,USD,767.2200000000,767.22,767.2200000000,USD,,,AmazonEC2,Compute,Virtual Machines,SKU-b0218c23eab8c01cfaf2f814,Subscription,SPRICE-a218b786199322998ed93cb2,"{""x_ChargeType"": ""SubscriptionFee""}",arn:aws:ec2:ap-southeast-1:200000000011:instance/i-6f9179a45256,i-6f9179a45256,EC2 Instance,ap-southeast-1,Asia Pacific (Singapore),,,,,,,,,,,"{""Environment"":""dev"",""CostCenter"":""cc-1042"",""Owner"":""team-payments""}"
AWS,AWS,AWS,INV-2026-05-0001,100000000001,ExampleCorp Master Payer,Payer Account,200000000014,sandbox-dev,Linked Account,2026-05-01T00:00:00Z,2026-06-01T00:00:00Z,2026-05-21T03:00:00Z,2026-05-21T04:00:00Z,Purchase,,"Savings Plan commitment, amortised for the charge period",Recurring,32.016,0,32.016,32.016,1,1,Standard,32.016,USD,USD,1.0000000000,0,1.0000000000,USD,,,AmazonEC2,Compute,Virtual Machines,SKU-53792a378695e386e0280d5c,Commitment,SPRICE-56a7b3778b922200186036dc,"{""x_PurchaseTerm"":""1yr"",""x_PaymentOption"":""NoUpfront""}",arn:aws:savingsplans:eu-west-1::savingsplan/d3308dc511beb9d6,savingsplan-143a0d60d090,Savings Plan,eu-west-1,EU (Ireland),,arn:aws:savingsplans:eu-west-1::savingsplan/d3308dc511beb9d6,ComputeSavingsPlan-1yr-NoUpfront,Spend,Savings Plan,,32.016,USD,,,"{""Environment"":""prod"",""CostCenter"":""cc-2087"",""Owner"":""team-platform""}"
AWS,AWS,AWS,INV-2026-05-0001,100000000001,ExampleCorp Master Payer,Payer Account,200000000014,sandbox-dev,Linked Account,2026-05-01T00:00:00Z,2026-06-01T00:00:00Z,2026-05-21T03:00:00Z,2026-05-21T04:00:00Z,Usage,,AmazonEC2 committed usage of 500 machine-equivalents,Usage-Based,0,32.016,48,43.2,0.0960000000,0.0864000000,Committed,500,Hours,USD,0.0864000000,32.016,0.0960000000,USD,500,Hours,AmazonEC2,Compute,Virtual Machines,SKU-ca9c2ba97f0b30fb137ef130,Compute,SPRICE-d7f4030fc2a8b65799f6b437,"{""InstanceType"":""m6i.large"",""InstanceSeries"":""M6i"",""CoreCount"":2,""MemorySize"":8,""OperatingSystem"":""Linux"",""x_Tenancy"":""Shared""}",urn:focus-sample:aws:eu-west-1:200000000014:compute-fleet:fleet053cb113e13fbb4f5cfb5cf7,fleet053cb113e13fbb4f5cfb5cf7,Compute Fleet,eu-west-1,EU (Ireland),eu-west-1a,arn:aws:savingsplans:eu-west-1::savingsplan/d3308dc511beb9d6,ComputeSavingsPlan-1yr-NoUpfront,Spend,Savings Plan,Used,32.016,USD,,,"{""Environment"":""prod"",""CostCenter"":""cc-3110"",""Owner"":""team-platform"",""SyntheticFleetSize"":""500""}"
AWS,AWS,AWS,INV-2026-05-0001,100000000001,ExampleCorp Master Payer,Payer Account,200000000014,sandbox-dev,Linked Account,2026-05-01T00:00:00Z,2026-06-01T00:00:00Z,2026-05-21T04:00:00Z,2026-05-21T05:00:00Z,Purchase,,"Savings Plan commitment, amortised for the charge period",Recurring,32.016,0,32.016,32.016,1,1,Standard,32.016,USD,USD,1.0000000000,0,1.0000000000,USD,,,AmazonEC2,Compute,Virtual Machines,SKU-53792a378695e386e0280d5c,Commitment,SPRICE-56a7b3778b922200186036dc,"{""x_PurchaseTerm"":""1yr"",""x_PaymentOption"":""NoUpfront""}",arn:aws:savingsplans:eu-west-1::savingsplan/d3308dc511beb9d6,savingsplan-143a0d60d090,Savings Plan,eu-west-1,EU (Ireland),,arn:aws:savingsplans:eu-west-1::savingsplan/d3308dc511beb9d6,ComputeSavingsPlan-1yr-NoUpfront,Spend,Savings Plan,,32.016,USD,,,"{""Environment"":""dev"",""CostCenter"":""cc-3110"",""Owner"":""team-platform""}"
AWS,AWS,AWS,INV-2026-05-0001,100000000001,ExampleCorp Master Payer,Payer Account,200000000014,sandbox-dev,Linked Account,2026-05-01T00:00:00Z,2026-06-01T00:00:00Z,2026-05-21T04:00:00Z,2026-05-21T05:00:00Z,Usage,,AmazonEC2 committed usage of 500 machine-equivalents,Usage-Based,0,32.016,48,43.2,0.0960000000,0.0864000000,Committed,500,Hours,USD,0.0864000000,32.016,0.0960000000,USD,500,Hours,AmazonEC2,Compute,Virtual Machines,SKU-ca9c2ba97f0b30fb137ef130,Compute,SPRICE-d7f4030fc2a8b65799f6b437,"{""InstanceType"":""m6i.large"",""InstanceSeries"":""M6i"",""CoreCount"":2,""MemorySize"":8,""OperatingSystem"":""Linux"",""x_Tenancy"":""Shared""}",urn:focus-sample:aws:eu-west-1:200000000014:compute-fleet:fleet053cb113e13fbb4f5cfb5cf7,fleet053cb113e13fbb4f5cfb5cf7,Compute Fleet,eu-west-1,EU (Ireland),eu-west-1a,arn:aws:savingsplans:eu-west-1::savingsplan/d3308dc511beb9d6,ComputeSavingsPlan-1yr-NoUpfront,Spend,Savings Plan,Used,32.016,USD,,,"{""Environment"":""dev"",""CostCenter"":""cc-1042"",""Owner"":""team-payments"",""SyntheticFleetSize"":""500""}"
AWS,AWS,AWS,INV-2026-05-0001,100000000001,ExampleCorp Master Payer,Payer Account,200000000014,sandbox-dev,Linked Account,2026-05-01T00:00:00Z,2026-06-01T00:00:00Z,2026-05-21T05:00:00Z,2026-05-21T06:00:00Z,Purchase,,"Savings Plan commitment, amortised for the charge period",Recurring,32.016,0,32.016,32.016,1,1,Standard,32.016,USD,USD,1.0000000000,0,1.0000000000,USD,,,AmazonEC2,Compute,Virtual Machines,SKU-53792a378695e386e0280d5c,Commitment,SPRICE-56a7b3778b922200186036dc,"{""x_PurchaseTerm"":""1yr"",""x_PaymentOption"":""NoUpfront""}",arn:aws:savingsplans:eu-west-1::savingsplan/d3308dc511beb9d6,savingsplan-143a0d60d090,Savings Plan,eu-west-1,EU (Ireland),,arn:aws:savingsplans:eu-west-1::savingsplan/d3308dc511beb9d6,ComputeSavingsPlan-1yr-NoUpfront,Spend,Savings Plan,,32.016,USD,,,"{""Environment"":""prod"",""CostCenter"":""cc-3110"",""Owner"":""team-data""}"
AWS,AWS,AWS,INV-2026-05-0001,100000000001,ExampleCorp Master Payer,Payer Account,200000000014,sandbox-dev,Linked Account,2026-05-01T00:00:00Z,2026-06-01T00:00:00Z,2026-05-21T05:00:00Z,2026-05-21T06:00:00Z,Usage,,AmazonEC2 committed usage of 500 machine-equivalents,Usage-Based,0,32.016,48,43.2,0.0960000000,0.0864000000,Committed,500,Hours,USD,0.0864000000,32.016,0.0960000000,USD,500,Hours,AmazonEC2,Compute,Virtual Machines,SKU-ca9c2ba97f0b30fb137ef130,Compute,SPRICE-d7f4030fc2a8b65799f6b437,"{""InstanceType"":""m6i.large"",""InstanceSeries"":""M6i"",""CoreCount"":2,""MemorySize"":8,""OperatingSystem"":""Linux"",""x_Tenancy"":""Shared""}",urn:focus-sample:aws:eu-west-1:200000000014:compute-fleet:fleet053cb113e13fbb4f5cfb5cf7,fleet053cb113e13fbb4f5cfb5cf7,Compute Fleet,eu-west-1,EU (Ireland),eu-west-1a,arn:aws:savingsplans:eu-west-1::savingsplan/d3308dc511beb9d6,ComputeSavingsPlan-1yr-NoUpfront,Spend,Savings Plan,Used,32.016,USD,,,"{""Environment"":""dev"",""CostCenter"":""cc-2087"",""Owner"":""team-data"",""SyntheticFleetSize"":""500""}"
AWS,AWS,AWS,INV-2026-05-0001,100000000001,ExampleCorp Master Payer,Payer Account,200000000014,sandbox-dev,Linked Account,2026-05-01T00:00:00Z,2026-06-01T00:00:00Z,2026-05-21T06:00:00Z,2026-05-21T07:00:00Z,Purchase,,"Savings Plan commitment, amortised for the charge period",Recurring,32.016,0,32.016,32.016,1,1,Standard,32.016,USD,USD,1.0000000000,0,1.0000000000,USD,,,AmazonEC2,Compute,Virtual Machines,SKU-53792a378695e386e0280d5c,Commitment,SPRICE-56a7b3778b922200186036dc,"{""x_PurchaseTerm"":""1yr"",""x_PaymentOption"":""NoUpfront""}",arn:aws:savingsplans:eu-west-1::savingsplan/d3308dc511beb9d6,savingsplan-143a0d60d090,Savings Plan,eu-west-1,EU (Ireland),,arn:aws:savingsplans:eu-west-1::savingsplan/d3308dc511beb9d6,ComputeSavingsPlan-1yr-NoUpfront,Spend,Savings Plan,,32.016,USD,,,"{""Environment"":""staging"",""CostCenter"":""cc-2087"",""Owner"":""team-data""}"
AWS,AWS,AWS,INV-2026-05-0001,100000000001,ExampleCorp Master Payer,Payer Account,200000000014,sandbox-dev,Linked Account,2026-05-01T00:00:00Z,2026-06-01T00:00:00Z,2026-05-21T06:00:00Z,2026-05-21T07:00:00Z,Usage,,AmazonEC2 committed usage of 500 machine-equivalents,Usage-Based,0,32.016,48,43.2,0.0960000000,0.0864000000,Committed,500,Hours,USD,0.0864000000,32.016,0.0960000000,USD,500,Hours,AmazonEC2,Compute,Virtual Machines,SKU-ca9c2ba97f0b30fb137ef130,Compute,SPRICE-d7f4030fc2a8b65799f6b437,"{""InstanceType"":""m6i.large"",""InstanceSeries"":""M6i"",""CoreCount"":2,""MemorySize"":8,""OperatingSystem"":""Linux"",""x_Tenancy"":""Shared""}",urn:focus-sample:aws:eu-west-1:200000000014:compute-fleet:fleet053cb113e13fbb4f5cfb5cf7,fleet053cb113e13fbb4f5cfb5cf7,Compute Fleet,eu-west-1,EU (Ireland),eu-west-1a,arn:aws:savingsplans:eu-west-1::savingsplan/d3308dc511beb9d6,ComputeSavingsPlan-1yr-NoUpfront,Spend,Savings Plan,Used,32.016,USD,,,"{""Environment"":""dev"",""CostCenter"":""cc-1042"",""Owner"":""team-platform"",""SyntheticFleetSize"":""500""}"
AWS,AWS,AWS,INV-2026-05-0001,100000000001,ExampleCorp Master Payer,Payer Account,200000000014,sandbox-dev,Linked Account,2026-05-01T00:00:00Z,2026-06-01T00:00:00Z,2026-05-21T07:00:00Z,2026-05-21T08:00:00Z,Purchase,,"Savings Plan commitment, amortised for the charge period",Recurring,32.016,0,32.016,32.016,1,1,Standard,32.016,USD,USD,1.0000000000,0,1.0000000000,USD,,,AmazonEC2,Compute,Virtual Machines,SKU-53792a378695e386e0280d5c,Commitment,SPRICE-56a7b3778b922200186036dc,"{""x_PurchaseTerm"":""1yr"",""x_PaymentOption"":""NoUpfront""}",arn:aws:savingsplans:eu-west-1::savingsplan/d3308dc511beb9d6,savingsplan-143a0d60d090,Savings Plan,eu-west-1,EU (Ireland),,arn:aws:savingsplans:eu-west-1::savingsplan/d3308dc511beb9d6,ComputeSavingsPlan-1yr-NoUpfront,Spend,Savings Plan,,32.016,USD,,,"{""Environment"":""prod"",""CostCenter"":""cc-2087"",""Owner"":""team-platform""}"
AWS,AWS,AWS,INV-2026-05-0001,100000000001,ExampleCorp Master Payer,Payer Account,200000000014,sandbox-dev,Linked Account,2026-05-01T00:00:00Z,2026-06-01T00:00:00Z,2026-05-21T07:00:00Z,2026-05-21T08:00:00Z,Usage,,AmazonEC2 committed usage of 500 machine-equivalents,Usage-Based,0,32.016,48,43.2,0.0960000000,0.0864000000,Committed,500,Hours,USD,0.0864000000,32.016,0.0960000000,USD,500,Hours,AmazonEC2,Compute,Virtual Machines,SKU-ca9c2ba97f0b30fb137ef130,Compute,SPRICE-d7f4030fc2a8b65799f6b437,"{""InstanceType"":""m6i.large"",""InstanceSeries"":""M6i"",""CoreCount"":2,""MemorySize"":8,""OperatingSystem"":""Linux"",""x_Tenancy"":""Shared""}",urn:focus-sample:aws:eu-west-1:200000000014:compute-fleet:fleet053cb113e13fbb4f5cfb5cf7,fleet053cb113e13fbb4f5cfb5cf7,Compute Fleet,eu-west-1,EU (Ireland),eu-west-1a,arn:aws:savingsplans:eu-west-1::savingsplan/d3308dc511beb9d6,ComputeSavingsPlan-1yr-NoUpfront,Spend,Savings Plan,Used,32.016,USD,,,"{""Environment"":""prod"",""CostCenter"":""cc-1042"",""Owner"":""team-data"",""SyntheticFleetSize"":""500""}"
AWS,AWS,AWS,INV-2026-05-0001,100000000001,ExampleCorp Master Payer,Payer Account,200000000014,sandbox-dev,Linked Account,2026-05-01T00:00:00Z,2026-06-01T00:00:00Z,2026-05-21T08:00:00Z,2026-05-21T09:00:00Z,Purchase,,"Savings Plan commitment, amortised for the charge period",Recurring,32.016,0,32.016,32.016,1,1,Standard,32.016,USD,USD,1.0000000000,0,1.0000000000,USD,,,AmazonEC2,Compute,Virtual Machines,SKU-53792a378695e386e0280d5c,Commitment,SPRICE-56a7b3778b922200186036dc,"{""x_PurchaseTerm"":""1yr"",""x_PaymentOption"":""NoUpfront""}",arn:aws:savingsplans:eu-west-1::savingsplan/d3308dc511beb9d6,savingsplan-143a0d60d090,Savings Plan,eu-west-1,EU (Ireland),,arn:aws:savingsplans:eu-west-1::savingsplan/d3308dc511beb9d6,ComputeSavingsPlan-1yr-NoUpfront,Spend,Savings Plan,,32.016,USD,,,"{""Environment"":""staging"",""CostCenter"":""cc-2087"",""Owner"":""team-data""}"
AWS,AWS,AWS,INV-2026-05-0001,100000000001,ExampleCorp Master Payer,Payer Account,200000000014,sandbox-dev,Linked Account,2026-05-01T00:00:00Z,2026-06-01T00:00:00Z,2026-05-21T08:00:00Z,2026-05-21T09:00:00Z,Usage,,Savings Plan unused commitment,Usage-Based,0,32.016,32.016,32.016,1,1,Committed,32.016,USD,USD,1.0000000000,32.016,1.0000000000,USD,,,AmazonEC2,Compute,Virtual Machines,SKU-53792a378695e386e0280d5c,Commitment,SPRICE-56a7b3778b922200186036dc,"{""x_PurchaseTerm"":""1yr"",""x_PaymentOption"":""NoUpfront""}",arn:aws:savingsplans:eu-west-1::savingsplan/d3308dc511beb9d6,savingsplan-143a0d60d090,Savings Plan,eu-west-1,EU (Ireland),,arn:aws:savingsplans:eu-west-1::savingsplan/d3308dc511beb9d6,ComputeSavingsPlan-1yr-NoUpfront,Spend,Savings Plan,Unused,32.016,USD,,,"{""Environment"":""prod"",""CostCenter"":""cc-3110"",""Owner"":""team-payments""}"
AWS,AWS,AWS,INV-2026-05-0001,100000000001,ExampleCorp Master Payer,Payer Account,200000000014,sandbox-dev,Linked Account,2026-05-01T00:00:00Z,2026-06-01T00:00:00Z,2026-05-21T09:00:00Z,2026-05-21T10:00:00Z,Purchase,,"Savings Plan commitment, amortised for the charge period",Recurring,32.016,0,32.016,32.016,1,1,Standard,32.016,USD,USD,1.0000000000,0,1.0000000000,USD,,,AmazonEC2,Compute,Virtual Machines,SKU-53792a378695e386e0280d5c,Commitment,SPRICE-56a7b3778b922200186036dc,"{""x_PurchaseTerm"":""1yr"",""x_PaymentOption"":""NoUpfront""}",arn:aws:savingsplans:eu-west-1::savingsplan/d3308dc511beb9d6,savingsplan-143a0d60d090,Savings Plan,eu-west-1,EU (Ireland),,arn:aws:savingsplans:eu-west-1::savingsplan/d3308dc511beb9d6,ComputeSavingsPlan-1yr-NoUpfront,Spend,Savings Plan,,32.016,USD,,,"{""Environment"":""dev"",""CostCenter"":""cc-3110"",""Owner"":""team-data""}"
AWS,AWS,AWS,INV-2026-05-0001,100000000001,ExampleCorp Master Payer,Payer Account,200000000014,sandbox-dev,Linked Account,2026-05-01T00:00:00Z,2026-06-01T00:00:00Z,2026-05-21T09:00:00Z,2026-05-21T10:00:00Z,Usage,,Savings Plan unused commitment,Usage-Based,0,32.016,32.016,32.016,1,1,Committed,32.016,USD,USD,1.0000000000,32.016,1.0000000000,USD,,,AmazonEC2,Compute,Virtual Machines,SKU-53792a378695e386e0280d5c,Commitment,SPRICE-56a7b3778b922200186036dc,"{""x_PurchaseTerm"":""1yr"",""x_PaymentOption"":""NoUpfront""}",arn:aws:savingsplans:eu-west-1::savingsplan/d3308dc511beb9d6,savingsplan-143a0d60d090,Savings Plan,eu-west-1,EU (Ireland),,arn:aws:savingsplans:eu-west-1::savingsplan/d3308dc511beb9d6,ComputeSavingsPlan-1yr-NoUpfront,Spend,Savings Plan,Unused,32.016,USD,,,"{""Environment"":""dev"",""CostCenter"":""cc-3110"",""Owner"":""team-data""}"
AWS,AWS,AWS,INV-2026-05-0001,100000000001,ExampleCorp Master Payer,Payer Account,200000000014,sandbox-dev,Linked Account,2026-05-01T00:00:00Z,2026-06-01T00:00:00Z,2026-05-21T10:00:00Z,2026-05-21T11:00:00Z,Purchase,,"Savings Plan commitment, amortised for the charge period",Recurring,32.016,0,32.016,32.016,1,1,Standard,32.016,USD,USD,1.0000000000,0,1.0000000000,USD,,,AmazonEC2,Compute,Virtual Machines,SKU-53792a378695e386e0280d5c,Commitment,SPRICE-56a7b3778b922200186036dc,"{""x_PurchaseTerm"":""1yr"",""x_PaymentOption"":""NoUpfront""}",arn:aws:savingsplans:eu-west-1::savingsplan/d3308dc511beb9d6,savingsplan-143a0d60d090,Savings Plan,eu-west-1,EU (Ireland),,arn:aws:savingsplans:eu-west-1::savingsplan/d3308dc511beb9d6,ComputeSavingsPlan-1yr-NoUpfront,Spend,Savings Plan,,32.016,USD,,,"{""Environment"":""staging"",""CostCenter"":""cc-1042"",""Owner"":""team-payments""}"
AWS,AWS,AWS,INV-2026-05-0001,100000000001,ExampleCorp Master Payer,Payer Account,200000000014,sandbox-dev,Linked Account,2026-05-01T00:00:00Z,2026-06-01T00:00:00Z,2026-05-21T10:00:00Z,2026-05-21T11:00:00Z,Usage,,Savings Plan unused commitment,Usage-Based,0,32.016,32.016,32.016,1,1,Committed,32.016,USD,USD,1.0000000000,32.016,1.0000000000,USD,,,AmazonEC2,Compute,Virtual Machines,SKU-53792a378695e386e0280d5c,Commitment,SPRICE-56a7b3778b922200186036dc,"{""x_PurchaseTerm"":""1yr"",""x_PaymentOption"":""NoUpfront""}",arn:aws:savingsplans:eu-west-1::savingsplan/d3308dc511beb9d6,savingsplan-143a0d60d090,Savings Plan,eu-west-1,EU (Ireland),,arn:aws:savingsplans:eu-west-1::savingsplan/d3308dc511beb9d6,ComputeSavingsPlan-1yr-NoUpfront,Spend,Savings Plan,Unused,32.016,USD,,,"{""Environment"":""dev"",""CostCenter"":""cc-2087"",""Owner"":""team-data""}"
AWS,AWS,AWS,INV-2026-05-0002,100000000002,ExampleCorp Secondary Payer,Payer Account,200000000012,staging-platform,Linked Account,2026-05-01T00:00:00Z,2026-06-01T00:00:00Z,2026-05-01T00:00:00Z,2026-06-01T00:00:00Z,Usage,,S3 Standard storage,Usage-Based,99.50074551,99.50074551,110.5563839,99.50074551,0.0230000000,0.0207000000,Standard,4806.7993,GB-Months,USD,0.0207000000,99.50074551,0.0230000000,USD,4806.7993,GB-Months,AmazonS3,Storage,Object Storage,SKU-36fb3a972f2cdabe2e87e8f5,Storage,SPRICE-2e0d1e6fc7695c1a2fe50a1a,"{""StorageClass"":""Standard"",""Redundancy"":""Zonal""}",arn:aws:s3:us-west-2:200000000012:bucket/bucket-50fb453dff8a,bucket-50fb453dff8a,S3 Bucket,us-west-2,US West (Oregon),,,,,,,,,,,"{""Environment"":""prod"",""CostCenter"":""cc-2087"",""Owner"":""team-platform""}"
AWS,AWS,AWS,INV-2026-05-0001,100000000001,ExampleCorp Master Payer,Payer Account,200000000014,sandbox-dev,Linked Account,2026-05-01T00:00:00Z,2026-06-01T00:00:00Z,2026-05-25T00:00:00Z,2026-05-26T00:00:00Z,Usage,,NAT gateway data processed,Usage-Based,14.40872145,14.40872145,16.0096905,14.40872145,0.0450000000,0.0405000000,Standard,355.7709,GB,USD,0.0405000000,14.40872145,0.0450000000,USD,355.7709,GB,AmazonVPC,Networking,Network Connectivity,SKU-3d9b08c72ec44814e0bd4e25,Data Transfer,SPRICE-5df2ff31768360bf23008ec4,"{""x_TransferType"":""InterAZ""}",arn:aws:ec2:eu-west-1:200000000014:natgateway/nat-df0856a20a66,nat-df0856a20a66,NAT Gateway,eu-west-1,EU (Ireland),,,,,,,,,,,"{""Environment"":""staging"",""CostCenter"":""cc-1042"",""Owner"":""team-platform""}"
AWS,AWS,AWS,INV-2026-05-0002,100000000002,ExampleCorp Secondary Payer,Payer Account,200000000011,prod-platform,Linked Account,2026-05-01T00:00:00Z,2026-06-01T00:00:00Z,2026-05-26T00:00:00Z,2026-05-27T00:00:00Z,Usage,,DynamoDB on-demand write requests,Usage-Based,5.358154599675,5.358154599675,5.95350511075,5.358154599675,0.0000012500,0.0000011250,Standard,4762804.0886,Requests,USD,0.0000011250,5.358154599675,0.0000012500,USD,4762804.0886,Requests,AmazonDynamoDB,Databases,NoSQL Databases,SKU-fc4e454b36112dd390bf69e4,Database,SPRICE-6e7ea642b1065af97aedd9bf,"{""x_CapacityMode"":""On-Demand""}",arn:aws:dynamodb:eu-west-1:200000000011:table/table-0c12375a7ff4,table-0c12375a7ff4,DynamoDB Table,eu-west-1,EU (Ireland),,,,,,,,,,,"{""Environment"":""prod"",""CostCenter"":""cc-2087"",""Owner"":""team-data""}"
AWS,AWS,AWS,INV-2026-05-0001,100000000001,ExampleCorp Master Payer,Payer Account,200000000011,prod-platform,Linked Account,2026-05-01T00:00:00Z,2026-06-01T00:00:00Z,2026-05-27T00:00:00Z,2026-05-28T00:00:00Z,Usage,,DynamoDB on-demand write requests,Usage-Based,0.2271540153375,0.2271540153375,0.252393350375,0.2271540153375,0.0000012500,0.0000011250,Standard,201914.6803,Requests,USD,0.0000011250,0.2271540153375,0.0000012500,USD,201914.6803,Requests,AmazonDynamoDB,Databases,NoSQL Databases,SKU-687affd9645b52f0bac81a2c,Database,SPRICE-716c8854825bf7430db8e755,"{""x_CapacityMode"":""On-Demand""}",arn:aws:dynamodb:us-west-2:200000000011:table/table-58b59a8e95b4,table-58b59a8e95b4,DynamoDB Table,us-west-2,US West (Oregon),,,,,,,,,,,"{""Environment"":""prod"",""CostCenter"":""cc-2087"",""Owner"":""team-platform""}"
AWS,AWS,AWS,INV-2026-05-0002,100000000002,ExampleCorp Secondary Payer,Payer Account,200000000011,prod-platform,Linked Account,2026-05-01T00:00:00Z,2026-06-01T00:00:00Z,2026-05-01T00:00:00Z,2026-06-01T00:00:00Z,Tax,,Synthetic tax 10% on usage record 144: AmazonS3,One-Time,3.500985825,3.500985825,3.88998425,3.500985825,,,,,,EUR,,3.220906959,,USD,,,AmazonS3,Storage,Object Storage,,,,,,,,,,,,,,,,,,,,"{""Environment"":""dev"",""CostCenter"":""cc-3110"",""Owner"":""team-platform""}"
AWS,AWS,AWS,INV-2026-05-0002,100000000002,ExampleCorp Secondary Payer,Payer Account,200000000014,sandbox-dev,Linked Account,2026-05-01T00:00:00Z,2026-06-01T00:00:00Z,2026-05-01T00:00:00Z,2026-05-02T00:00:00Z,Usage,,Glue ETL job run,Usage-Based,45.558414,45.558414,50.62046,45.558414,0.4400000000,0.3960000000,Standard,115.0465,DPU-Hours,USD,0.3960000000,45.558414,0.4400000000,USD,115.0465,DPU-Hours,AWSGlue,Analytics,Data Processing,SKU-8cd75c3064ca6c4c85c43ce6,Data Processing,SPRICE-31964d215aa8bccf440b844b,"{""x_WorkerType"":""G.1X""}",arn:aws:glue:eu-west-1:200000000014:job/job-91e2c1345bc1,job-91e2c1345bc1,Glue Job,eu-west-1,EU (Ireland),,,,,,,,,,,"{""Environment"":""staging"",""CostCenter"":""cc-3110"",""Owner"":""team-payments""}"
AWS,AWS,AWS,INV-2026-05-0002,100000000002,ExampleCorp Secondary Payer,Payer Account,200000000013,data-analytics,Linked Account,2026-05-01T00:00:00Z,2026-06-01T00:00:00Z,2026-05-22T01:00:00Z,2026-05-22T02:00:00Z,Usage,,Lambda function duration,Usage-Based,5.745561192,5.745561192,6.38396964791376,5.745561192,0.0000166667,0.0000150000,Standard,383037.4128,GB-Seconds,USD,0.0000150000,5.745561192,0.0000166667,USD,383037.4128,GB-Seconds,AWSLambda,Compute,Serverless Compute,SKU-10b7f1c880ad0bc78efd30e2,Compute,SPRICE-a9f6b13fa92ac1d53f2f387c,"{""x_Runtime"":""python3.12"",""x_Architecture"":""arm64""}",arn:aws:lambda:ap-southeast-1:200000000013:function/fn-ce8d3ffe7ce1,fn-ce8d3ffe7ce1,Lambda Function,ap-southeast-1,Asia Pacific (Singapore),,,,,,,,,,,"{""Environment"":""staging"",""CostCenter"":""cc-2087"",""Owner"":""team-platform""}"
AWS,AWS,AWS,INV-2026-05-0002,100000000002,ExampleCorp Secondary Payer,Payer Account,200000000013,data-analytics,Linked Account,2026-05-01T00:00:00Z,2026-06-01T00:00:00Z,2026-05-01T00:00:00Z,2026-06-01T00:00:00Z,Usage,,S3 Standard storage,Usage-Based,49.65393663,49.65393663,55.1710407,49.65393663,0.0230000000,0.0207000000,Standard,2398.7409,GB-Months,USD,0.0207000000,49.65393663,0.0230000000,USD,2398.7409,GB-Months,AmazonS3,Storage,Object Storage,SKU-ca447aa86bf44972e43c1f69,Storage,SPRICE-92e9b7d21ce3c83c68f72f47,"{""StorageClass"":""Standard"",""Redundancy"":""Zonal""}",arn:aws:s3:us-east-1:200000000013:bucket/bucket-4524b5a8e78c,bucket-4524b5a8e78c,S3 Bucket,us-east-1,US East (N. Virginia),,,,,,,,,,,"{""Environment"":""staging"",""CostCenter"":""cc-2087"",""Owner"":""team-data""}"
AWS,AWS,AWS,INV-2026-05-0002,100000000002,ExampleCorp Secondary Payer,Payer Account,200000000011,prod-platform,Linked Account,2026-05-01T00:00:00Z,2026-06-01T00:00:00Z,2026-05-04T00:00:00Z,2026-05-05T00:00:00Z,Usage,,Glue ETL job run,Usage-Based,76.2378804,76.2378804,84.708756,76.2378804,0.4400000000,0.3960000000,Standard,192.5199,DPU-Hours,USD,0.3960000000,76.2378804,0.4400000000,USD,192.5199,DPU-Hours,AWSGlue,Analytics,Data Processing,SKU-d1426392ab27c72810db5ee9,Data Processing,SPRICE-2caf36fd8fbe6a68e682b866,"{""x_WorkerType"":""G.1X""}",arn:aws:glue:ap-southeast-1:200000000011:job/job-65bd7ddafea1,job-65bd7ddafea1,Glue Job,ap-southeast-1,Asia Pacific (Singapore),,,,,,,,,,,"{""Environment"":""staging"",""CostCenter"":""cc-3110"",""Owner"":""team-platform""}"
AWS,AWS,AWS,INV-2026-05-0002,100000000002,ExampleCorp Secondary Payer,Payer Account,200000000013,data-analytics,Linked Account,2026-05-01T00:00:00Z,2026-06-01T00:00:00Z,2026-05-01T00:00:00Z,2026-06-01T00:00:00Z,Usage,,S3 Standard storage,Usage-Based,97.26142365,97.26142365,108.0682485,97.26142365,0.0230000000,0.0207000000,Standard,4698.6195,GB-Months,USD,0.0207000000,97.26142365,0.0230000000,USD,4698.6195,GB-Months,AmazonS3,Storage,Object Storage,SKU-e7cfcc3199bb16b2dd7b1493,Storage,SPRICE-5d75931c911c493aa2aa3d41,"{""StorageClass"":""Standard"",""Redundancy"":""Zonal""}",arn:aws:s3:ap-southeast-1:200000000013:bucket/bucket-d000ace2ae45,bucket-d000ace2ae45,S3 Bucket,ap-southeast-1,Asia Pacific (Singapore),,,,,,,,,,,"{""Environment"":""staging"",""CostCenter"":""cc-1042"",""Owner"":""team-data""}"
AWS,AWS,AWS,INV-2026-05-0001,100000000001,ExampleCorp Master Payer,Payer Account,200000000013,data-analytics,Linked Account,2026-05-01T00:00:00Z,2026-06-01T00:00:00Z,2026-05-06T00:00:00Z,2026-05-07T00:00:00Z,Usage,,NAT gateway data processed,Usage-Based,7.41242745,7.41242745,8.2360305,7.41242745,0.0450000000,0.0405000000,Standard,183.0229,GB,USD,0.0405000000,7.41242745,0.0450000000,USD,183.0229,GB,AmazonVPC,Networking,Network Connectivity,SKU-0a48b40b1fa86593309c0c4c,Data Transfer,SPRICE-b948c57b4c22bb2955afff1a,"{""x_TransferType"":""InterAZ""}",arn:aws:ec2:ap-southeast-1:200000000013:natgateway/nat-05fcc54c2e29,nat-05fcc54c2e29,NAT Gateway,ap-southeast-1,Asia Pacific (Singapore),,,,,,,,,,,"{""Environment"":""prod"",""CostCenter"":""cc-3110"",""Owner"":""team-platform""}"
AWS,AWS,AWS,INV-2026-05-0001,100000000001,ExampleCorp Master Payer,Payer Account,200000000014,sandbox-dev,Linked Account,2026-05-01T00:00:00Z,2026-06-01T00:00:00Z,2026-05-07T00:00:00Z,2026-05-08T00:00:00Z,Usage,,Glue ETL job run,Usage-Based,37.137672,37.137672,41.26408,37.137672,0.4400000000,0.3960000000,Standard,93.7820,DPU-Hours,USD,0.3960000000,37.137672,0.4400000000,USD,93.7820,DPU-Hours,AWSGlue,Analytics,Data Processing,SKU-edd508eddef1abee51edfd3a,Data Processing,SPRICE-d9fcf83357f0862b561e6bf6,"{""x_WorkerType"":""G.1X""}",arn:aws:glue:us-east-1:200000000014:job/job-b800bb2141f7,job-b800bb2141f7,Glue Job,us-east-1,US East (N. Virginia),,,,,,,,,,,"{""Environment"":""prod"",""CostCenter"":""cc-2087"",""Owner"":""team-data""}"
AWS,AWS,AWS,INV-2026-05-0001,100000000001,ExampleCorp Master Payer,Payer Account,200000000014,sandbox-dev,Linked Account,2026-05-01T00:00:00Z,2026-06-01T00:00:00Z,2026-05-22T07:00:00Z,2026-05-22T08:00:00Z,Purchase,,"Savings Plan commitment, amortised for the charge period",Recurring,32.016,0,32.016,32.016,1,1,Standard,32.016,USD,USD,1.0000000000,0,1.0000000000,USD,,,AmazonEC2,Compute,Virtual Machines,SKU-4e70290591383090d3fb4e3b,Commitment,SPRICE-3123b98a0bc7ca93ff9d1c56,"{""x_PurchaseTerm"":""1yr"",""x_PaymentOption"":""NoUpfront""}",arn:aws:savingsplans:ap-southeast-1::savingsplan/5575979516371182,savingsplan-27682d07d585,Savings Plan,ap-southeast-1,Asia Pacific (Singapore),,arn:aws:savingsplans:ap-southeast-1::savingsplan/5575979516371182,ComputeSavingsPlan-1yr-NoUpfront,Spend,Savings Plan,,32.016,USD,,,"{""Environment"":""dev"",""CostCenter"":""cc-3110"",""Owner"":""team-data""}"
AWS,AWS,AWS,INV-2026-05-0001,100000000001,ExampleCorp Master Payer,Payer Account,200000000014,sandbox-dev,Linked Account,2026-05-01T00:00:00Z,2026-06-01T00:00:00Z,2026-05-22T07:00:00Z,2026-05-22T08:00:00Z,Usage,,AmazonEC2 committed usage of 500 machine-equivalents,Usage-Based,0,32.016,48,43.2,0.0960000000,0.0864000000,Committed,500,Hours,USD,0.0864000000,32.016,0.0960000000,USD,500,Hours,AmazonEC2,Compute,Virtual Machines,SKU-093c0d7a3a0491f8523e34c8,Compute,SPRICE-bab283475cbbabd222878e74,"{""InstanceType"":""m6i.large"",""InstanceSeries"":""M6i"",""CoreCount"":2,""MemorySize"":8,""OperatingSystem"":""Linux"",""x_Tenancy"":""Shared""}",urn:focus-sample:aws:ap-southeast-1:200000000014:compute-fleet:fleet8a5f04fe6063c13cc43683d4,fleet8a5f04fe6063c13cc43683d4,Compute Fleet,ap-southeast-1,Asia Pacific (Singapore),ap-southeast-1b,arn:aws:savingsplans:ap-southeast-1::savingsplan/5575979516371182,ComputeSavingsPlan-1yr-NoUpfront,Spend,Savings Plan,Used,32.016,USD,,,"{""Environment"":""staging"",""CostCenter"":""cc-3110"",""Owner"":""team-platform"",""SyntheticFleetSize"":""500""}"
AWS,AWS,AWS,INV-2026-05-0001,100000000001,ExampleCorp Master Payer,Payer Account,200000000014,sandbox-dev,Linked Account,2026-05-01T00:00:00Z,2026-06-01T00:00:00Z,2026-05-22T08:00:00Z,2026-05-22T09:00:00Z,Purchase,,"Savings Plan commitment, amortised for the charge period",Recurring,32.016,0,32.016,32.016,1,1,Standard,32.016,USD,USD,1.0000000000,0,1.0000000000,USD,,,AmazonEC2,Compute,Virtual Machines,SKU-4e70290591383090d3fb4e3b,Commitment,SPRICE-3123b98a0bc7ca93ff9d1c56,"{""x_PurchaseTerm"":""1yr"",""x_PaymentOption"":""NoUpfront""}",arn:aws:savingsplans:ap-southeast-1::savingsplan/5575979516371182,savingsplan-27682d07d585,Savings Plan,ap-southeast-1,Asia Pacific (Singapore),,arn:aws:savingsplans:ap-southeast-1::savingsplan/5575979516371182,ComputeSavingsPlan-1yr-NoUpfront,Spend,Savings Plan,,32.016,USD,,,"{""Environment"":""dev"",""CostCenter"":""cc-2087"",""Owner"":""team-platform""}"
AWS,AWS,AWS,INV-2026-05-0001,100000000001,ExampleCorp Master Payer,Payer Account,200000000014,sandbox-dev,Linked Account,2026-05-01T00:00:00Z,2026-06-01T00:00:00Z,2026-05-22T08:00:00Z,2026-05-22T09:00:00Z,Usage,,AmazonEC2 committed usage of 500 machine-equivalents,Usage-Based,0,32.016,48,43.2,0.0960000000,0.0864000000,Committed,500,Hours,USD,0.0864000000,32.016,0.0960000000,USD,500,Hours,AmazonEC2,Compute,Virtual Machines,SKU-093c0d7a3a0491f8523e34c8,Compute,SPRICE-bab283475cbbabd222878e74,"{""InstanceType"":""m6i.large"",""InstanceSeries"":""M6i"",""CoreCount"":2,""MemorySize"":8,""OperatingSystem"":""Linux"",""x_Tenancy"":""Shared""}",urn:focus-sample:aws:ap-southeast-1:200000000014:compute-fleet:fleet8a5f04fe6063c13cc43683d4,fleet8a5f04fe6063c13cc43683d4,Compute Fleet,ap-southeast-1,Asia Pacific (Singapore),ap-southeast-1b,arn:aws:savingsplans:ap-southeast-1::savingsplan/5575979516371182,ComputeSavingsPlan-1yr-NoUpfront,Spend,Savings Plan,Used,32.016,USD,,,"{""Environment"":""staging"",""CostCenter"":""cc-3110"",""Owner"":""team-payments"",""SyntheticFleetSize"":""500""}"
AWS,AWS,AWS,INV-2026-05-0001,100000000001,ExampleCorp Master Payer,Payer Account,200000000014,sandbox-dev,Linked Account,2026-05-01T00:00:00Z,2026-06-01T00:00:00Z,2026-05-22T09:00:00Z,2026-05-22T10:00:00Z,Purchase,,"Savings Plan commitment, amortised for the charge period",Recurring,32.016,0,32.016,32.016,1,1,Standard,32.016,USD,USD,1.0000000000,0,1.0000000000,USD,,,AmazonEC2,Compute,Virtual Machines,SKU-4e70290591383090d3fb4e3b,Commitment,SPRICE-3123b98a0bc7ca93ff9d1c56,"{""x_PurchaseTerm"":""1yr"",""x_PaymentOption"":""NoUpfront""}",arn:aws:savingsplans:ap-southeast-1::savingsplan/5575979516371182,savingsplan-27682d07d585,Savings Plan,ap-southeast-1,Asia Pacific (Singapore),,arn:aws:savingsplans:ap-southeast-1::savingsplan/5575979516371182,ComputeSavingsPlan-1yr-NoUpfront,Spend,Savings Plan,,32.016,USD,,,"{""Environment"":""prod"",""CostCenter"":""cc-1042"",""Owner"":""team-platform""}"
AWS,AWS,AWS,INV-2026-05-0001,100000000001,ExampleCorp Master Payer,Payer Account,200000000014,sandbox-dev,Linked Account,2026-05-01T00:00:00Z,2026-06-01T00:00:00Z,2026-05-22T09:00:00Z,2026-05-22T10:00:00Z,Usage,,AmazonEC2 committed usage of 500 machine-equivalents,Usage-Based,0,32.016,48,43.2,0.0960000000,0.0864000000,Committed,500,Hours,USD,0.0864000000,32.016,0.0960000000,USD,500,Hours,AmazonEC2,Compute,Virtual Machines,SKU-093c0d7a3a0491f8523e34c8,Compute,SPRICE-bab283475cbbabd222878e74,"{""InstanceType"":""m6i.large"",""InstanceSeries"":""M6i"",""CoreCount"":2,""MemorySize"":8,""OperatingSystem"":""Linux"",""x_Tenancy"":""Shared""}",urn:focus-sample:aws:ap-southeast-1:200000000014:compute-fleet:fleet8a5f04fe6063c13cc43683d4,fleet8a5f04fe6063c13cc43683d4,Compute Fleet,ap-southeast-1,Asia Pacific (Singapore),ap-southeast-1b,arn:aws:savingsplans:ap-southeast-1::savingsplan/5575979516371182,ComputeSavingsPlan-1yr-NoUpfront,Spend,Savings Plan,Used,32.016,USD,,,"{""Environment"":""prod"",""CostCenter"":""cc-3110"",""Owner"":""team-data"",""SyntheticFleetSize"":""500""}"
AWS,AWS,AWS,INV-2026-05-0001,100000000001,ExampleCorp Master Payer,Payer Account,200000000014,sandbox-dev,Linked Account,2026-05-01T00:00:00Z,2026-06-01T00:00:00Z,2026-05-22T10:00:00Z,2026-05-22T11:00:00Z,Purchase,,"Savings Plan commitment, amortised for the charge period",Recurring,32.016,0,32.016,32.016,1,1,Standard,32.016,USD,USD,1.0000000000,0,1.0000000000,USD,,,AmazonEC2,Compute,Virtual Machines,SKU-4e70290591383090d3fb4e3b,Commitment,SPRICE-3123b98a0bc7ca93ff9d1c56,"{""x_PurchaseTerm"":""1yr"",""x_PaymentOption"":""NoUpfront""}",arn:aws:savingsplans:ap-southeast-1::savingsplan/5575979516371182,savingsplan-27682d07d585,Savings Plan,ap-southeast-1,Asia Pacific (Singapore),,arn:aws:savingsplans:ap-southeast-1::savingsplan/5575979516371182,ComputeSavingsPlan-1yr-NoUpfront,Spend,Savings Plan,,32.016,USD,,,"{""Environment"":""dev"",""CostCenter"":""cc-3110"",""Owner"":""team-platform""}"
AWS,AWS,AWS,INV-2026-05-0001,100000000001,ExampleCorp Master Payer,Payer Account,200000000014,sandbox-dev,Linked Account,2026-05-01T00:00:00Z,2026-06-01T00:00:00Z,2026-05-22T10:00:00Z,2026-05-22T11:00:00Z,Usage,,AmazonEC2 committed usage of 500 machine-equivalents,Usage-Based,0,32.016,48,43.2,0.0960000000,0.0864000000,Committed,500,Hours,USD,0.0864000000,32.016,0.0960000000,USD,500,Hours,AmazonEC2,Compute,Virtual Machines,SKU-093c0d7a3a0491f8523e34c8,Compute,SPRICE-bab283475cbbabd222878e74,"{""InstanceType"":""m6i.large"",""InstanceSeries"":""M6i"",""CoreCount"":2,""MemorySize"":8,""OperatingSystem"":""Linux"",""x_Tenancy"":""Shared""}",urn:focus-sample:aws:ap-southeast-1:200000000014:compute-fleet:fleet8a5f04fe6063c13cc43683d4,fleet8a5f04fe6063c13cc43683d4,Compute Fleet,ap-southeast-1,Asia Pacific (Singapore),ap-southeast-1b,arn:aws:savingsplans:ap-southeast-1::savingsplan/5575979516371182,ComputeSavingsPlan-1yr-NoUpfront,Spend,Savings Plan,Used,32.016,USD,,,"{""Environment"":""dev"",""CostCenter"":""cc-1042"",""Owner"":""team-data"",""SyntheticFleetSize"":""500""}"
AWS,AWS,AWS,INV-2026-05-0001,100000000001,ExampleCorp Master Payer,Payer Account,200000000014,sandbox-dev,Linked Account,2026-05-01T00:00:00Z,2026-06-01T00:00:00Z,2026-05-22T11:00:00Z,2026-05-22T12:00:00Z,Purchase,,"Savings Plan commitment, amortised for the charge period",Recurring,32.016,0,32.016,32.016,1,1,Standard,32.016,USD,USD,1.0000000000,0,1.0000000000,USD,,,AmazonEC2,Compute,Virtual Machines,SKU-4e70290591383090d3fb4e3b,Commitment,SPRICE-3123b98a0bc7ca93ff9d1c56,"{""x_PurchaseTerm"":""1yr"",""x_PaymentOption"":""NoUpfront""}",arn:aws:savingsplans:ap-southeast-1::savingsplan/5575979516371182,savingsplan-27682d07d585,Savings Plan,ap-southeast-1,Asia Pacific (Singapore),,arn:aws:savingsplans:ap-southeast-1::savingsplan/5575979516371182,ComputeSavingsPlan-1yr-NoUpfront,Spend,Savings Plan,,32.016,USD,,,"{""Environment"":""staging"",""CostCenter"":""cc-3110"",""Owner"":""team-platform""}"
AWS,AWS,AWS,INV-2026-05-0001,100000000001,ExampleCorp Master Payer,Payer Account,200000000014,sandbox-dev,Linked Account,2026-05-01T00:00:00Z,2026-06-01T00:00:00Z,2026-05-22T11:00:00Z,2026-05-22T12:00:00Z,Usage,,AmazonEC2 committed usage of 500 machine-equivalents,Usage-Based,0,32.016,48,43.2,0.0960000000,0.0864000000,Committed,500,Hours,USD,0.0864000000,32.016,0.0960000000,USD,500,Hours,AmazonEC2,Compute,Virtual Machines,SKU-093c0d7a3a0491f8523e34c8,Compute,SPRICE-bab283475cbbabd222878e74,"{""InstanceType"":""m6i.large"",""InstanceSeries"":""M6i"",""CoreCount"":2,""MemorySize"":8,""OperatingSystem"":""Linux"",""x_Tenancy"":""Shared""}",urn:focus-sample:aws:ap-southeast-1:200000000014:compute-fleet:fleet8a5f04fe6063c13cc43683d4,fleet8a5f04fe6063c13cc43683d4,Compute Fleet,ap-southeast-1,Asia Pacific (Singapore),ap-southeast-1b,arn:aws:savingsplans:ap-southeast-1::savingsplan/5575979516371182,ComputeSavingsPlan-1yr-NoUpfront,Spend,Savings Plan,Used,32.016,USD,,,"{""Environment"":""dev"",""CostCenter"":""cc-1042"",""Owner"":""team-platform"",""SyntheticFleetSize"":""500""}"
AWS,AWS,AWS,INV-2026-05-0001,100000000001,ExampleCorp Master Payer,Payer Account,200000000014,sandbox-dev,Linked Account,2026-05-01T00:00:00Z,2026-06-01T00:00:00Z,2026-05-22T12:00:00Z,2026-05-22T13:00:00Z,Purchase,,"Savings Plan commitment, amortised for the charge period",Recurring,32.016,0,32.016,32.016,1,1,Standard,32.016,USD,USD,1.0000000000,0,1.0000000000,USD,,,AmazonEC2,Compute,Virtual Machines,SKU-4e70290591383090d3fb4e3b,Commitment,SPRICE-3123b98a0bc7ca93ff9d1c56,"{""x_PurchaseTerm"":""1yr"",""x_PaymentOption"":""NoUpfront""}",arn:aws:savingsplans:ap-southeast-1::savingsplan/5575979516371182,savingsplan-27682d07d585,Savings Plan,ap-southeast-1,Asia Pacific (Singapore),,arn:aws:savingsplans:ap-southeast-1::savingsplan/5575979516371182,ComputeSavingsPlan-1yr-NoUpfront,Spend,Savings Plan,,32.016,USD,,,"{""Environment"":""prod"",""CostCenter"":""cc-3110"",""Owner"":""team-payments""}"
AWS,AWS,AWS,INV-2026-05-0001,100000000001,ExampleCorp Master Payer,Payer Account,200000000014,sandbox-dev,Linked Account,2026-05-01T00:00:00Z,2026-06-01T00:00:00Z,2026-05-22T12:00:00Z,2026-05-22T13:00:00Z,Usage,,AmazonEC2 committed usage of 500 machine-equivalents,Usage-Based,0,32.016,48,43.2,0.0960000000,0.0864000000,Committed,500,Hours,USD,0.0864000000,32.016,0.0960000000,USD,500,Hours,AmazonEC2,Compute,Virtual Machines,SKU-093c0d7a3a0491f8523e34c8,Compute,SPRICE-bab283475cbbabd222878e74,"{""InstanceType"":""m6i.large"",""InstanceSeries"":""M6i"",""CoreCount"":2,""MemorySize"":8,""OperatingSystem"":""Linux"",""x_Tenancy"":""Shared""}",urn:focus-sample:aws:ap-southeast-1:200000000014:compute-fleet:fleet8a5f04fe6063c13cc43683d4,fleet8a5f04fe6063c13cc43683d4,Compute Fleet,ap-southeast-1,Asia Pacific (Singapore),ap-southeast-1b,arn:aws:savingsplans:ap-southeast-1::savingsplan/5575979516371182,ComputeSavingsPlan-1yr-NoUpfront,Spend,Savings Plan,Used,32.016,USD,,,"{""Environment"":""staging"",""CostCenter"":""cc-1042"",""Owner"":""team-data"",""SyntheticFleetSize"":""500""}"
AWS,AWS,AWS,INV-2026-05-0001,100000000001,ExampleCorp Master Payer,Payer Account,200000000014,sandbox-dev,Linked Account,2026-05-01T00:00:00Z,2026-06-01T00:00:00Z,2026-05-22T13:00:00Z,2026-05-22T14:00:00Z,Purchase,,"Savings Plan commitment, amortised for the charge period",Recurring,32.016,0,32.016,32.016,1,1,Standard,32.016,USD,USD,1.0000000000,0,1.0000000000,USD,,,AmazonEC2,Compute,Virtual Machines,SKU-4e70290591383090d3fb4e3b,Commitment,SPRICE-3123b98a0bc7ca93ff9d1c56,"{""x_PurchaseTerm"":""1yr"",""x_PaymentOption"":""NoUpfront""}",arn:aws:savingsplans:ap-southeast-1::savingsplan/5575979516371182,savingsplan-27682d07d585,Savings Plan,ap-southeast-1,Asia Pacific (Singapore),,arn:aws:savingsplans:ap-southeast-1::savingsplan/5575979516371182,ComputeSavingsPlan-1yr-NoUpfront,Spend,Savings Plan,,32.016,USD,,,"{""Environment"":""prod"",""CostCenter"":""cc-2087"",""Owner"":""team-data""}"
AWS,AWS,AWS,INV-2026-05-0001,100000000001,ExampleCorp Master Payer,Payer Account,200000000014,sandbox-dev,Linked Account,2026-05-01T00:00:00Z,2026-06-01T00:00:00Z,2026-05-22T13:00:00Z,2026-05-22T14:00:00Z,Usage,,Savings Plan unused commitment,Usage-Based,0,32.016,32.016,32.016,1,1,Committed,32.016,USD,USD,1.0000000000,32.016,1.0000000000,USD,,,AmazonEC2,Compute,Virtual Machines,SKU-4e70290591383090d3fb4e3b,Commitment,SPRICE-3123b98a0bc7ca93ff9d1c56,"{""x_PurchaseTerm"":""1yr"",""x_PaymentOption"":""NoUpfront""}",arn:aws:savingsplans:ap-southeast-1::savingsplan/5575979516371182,savingsplan-27682d07d585,Savings Plan,ap-southeast-1,Asia Pacific (Singapore),,arn:aws:savingsplans:ap-southeast-1::savingsplan/5575979516371182,ComputeSavingsPlan-1yr-NoUpfront,Spend,Savings Plan,Unused,32.016,USD,,,"{""Environment"":""dev"",""CostCenter"":""cc-1042"",""Owner"":""team-payments""}"
AWS,AWS,AWS,INV-2026-05-0001,100000000001,ExampleCorp Master Payer,Payer Account,200000000014,sandbox-dev,Linked Account,2026-05-01T00:00:00Z,2026-06-01T00:00:00Z,2026-05-22T14:00:00Z,2026-05-22T15:00:00Z,Purchase,,"Savings Plan commitment, amortised for the charge period",Recurring,32.016,0,32.016,32.016,1,1,Standard,32.016,USD,USD,1.0000000000,0,1.0000000000,USD,,,AmazonEC2,Compute,Virtual Machines,SKU-4e70290591383090d3fb4e3b,Commitment,SPRICE-3123b98a0bc7ca93ff9d1c56,"{""x_PurchaseTerm"":""1yr"",""x_PaymentOption"":""NoUpfront""}",arn:aws:savingsplans:ap-southeast-1::savingsplan/5575979516371182,savingsplan-27682d07d585,Savings Plan,ap-southeast-1,Asia Pacific (Singapore),,arn:aws:savingsplans:ap-southeast-1::savingsplan/5575979516371182,ComputeSavingsPlan-1yr-NoUpfront,Spend,Savings Plan,,32.016,USD,,,"{""Environment"":""staging"",""CostCenter"":""cc-2087"",""Owner"":""team-payments""}"
AWS,AWS,AWS,INV-2026-05-0001,100000000001,ExampleCorp Master Payer,Payer Account,200000000014,sandbox-dev,Linked Account,2026-05-01T00:00:00Z,2026-06-01T00:00:00Z,2026-05-22T14:00:00Z,2026-05-22T15:00:00Z,Usage,,Savings Plan unused commitment,Usage-Based,0,32.016,32.016,32.016,1,1,Committed,32.016,USD,USD,1.0000000000,32.016,1.0000000000,USD,,,AmazonEC2,Compute,Virtual Machines,SKU-4e70290591383090d3fb4e3b,Commitment,SPRICE-3123b98a0bc7ca93ff9d1c56,"{""x_PurchaseTerm"":""1yr"",""x_PaymentOption"":""NoUpfront""}",arn:aws:savingsplans:ap-southeast-1::savingsplan/5575979516371182,savingsplan-27682d07d585,Savings Plan,ap-southeast-1,Asia Pacific (Singapore),,arn:aws:savingsplans:ap-southeast-1::savingsplan/5575979516371182,ComputeSavingsPlan-1yr-NoUpfront,Spend,Savings Plan,Unused,32.016,USD,,,"{""Environment"":""dev"",""CostCenter"":""cc-3110"",""Owner"":""team-payments""}"
AWS,AWS,AWS,INV-2026-05-0001,100000000001,ExampleCorp Master Payer,Payer Account,200000000014,sandbox-dev,Linked Account,2026-05-01T00:00:00Z,2026-06-01T00:00:00Z,2026-05-22T15:00:00Z,2026-05-22T16:00:00Z,Purchase,,"Savings Plan commitment, amortised for the charge period",Recurring,32.016,0,32.016,32.016,1,1,Standard,32.016,USD,USD,1.0000000000,0,1.0000000000,USD,,,AmazonEC2,Compute,Virtual Machines,SKU-4e70290591383090d3fb4e3b,Commitment,SPRICE-3123b98a0bc7ca93ff9d1c56,"{""x_PurchaseTerm"":""1yr"",""x_PaymentOption"":""NoUpfront""}",arn:aws:savingsplans:ap-southeast-1::savingsplan/5575979516371182,savingsplan-27682d07d585,Savings Plan,ap-southeast-1,Asia Pacific (Singapore),,arn:aws:savingsplans:ap-southeast-1::savingsplan/5575979516371182,ComputeSavingsPlan-1yr-NoUpfront,Spend,Savings Plan,,32.016,USD,,,"{""Environment"":""prod"",""CostCenter"":""cc-2087"",""Owner"":""team-platform""}"
AWS,AWS,AWS,INV-2026-05-0001,100000000001,ExampleCorp Master Payer,Payer Account,200000000014,sandbox-dev,Linked Account,2026-05-01T00:00:00Z,2026-06-01T00:00:00Z,2026-05-22T15:00:00Z,2026-05-22T16:00:00Z,Usage,,Savings Plan unused commitment,Usage-Based,0,32.016,32.016,32.016,1,1,Committed,32.016,USD,USD,1.0000000000,32.016,1.0000000000,USD,,,AmazonEC2,Compute,Virtual Machines,SKU-4e70290591383090d3fb4e3b,Commitment,SPRICE-3123b98a0bc7ca93ff9d1c56,"{""x_PurchaseTerm"":""1yr"",""x_PaymentOption"":""NoUpfront""}",arn:aws:savingsplans:ap-southeast-1::savingsplan/5575979516371182,savingsplan-27682d07d585,Savings Plan,ap-southeast-1,Asia Pacific (Singapore),,arn:aws:savingsplans:ap-southeast-1::savingsplan/5575979516371182,ComputeSavingsPlan-1yr-NoUpfront,Spend,Savings Plan,Unused,32.016,USD,,,"{""Environment"":""dev"",""CostCenter"":""cc-3110"",""Owner"":""team-platform""}"
AWS,AWS,AWS,INV-2026-05-0001,100000000001,ExampleCorp Master Payer,Payer Account,200000000013,data-analytics,Linked Account,2026-05-01T00:00:00Z,2026-06-01T00:00:00Z,2026-05-26T00:00:00Z,2026-05-27T00:00:00Z,Purchase,,AmazonVPC subscription fee,Recurring,538.68,538.68,538.68,538.68,538.68,538.68,Standard,1,Units,USD,538.6800000000,538.68,538.6800000000,USD,,,AmazonVPC,Networking,Network Connectivity,SKU-9d19ad97b503680b72741485,Subscription,SPRICE-52c0962d106bc964918fae87,"{""x_ChargeType"": ""SubscriptionFee""}",arn:aws:ec2:us-west-2:200000000013:natgateway/nat-121316a2ea4d,nat-121316a2ea4d,NAT Gateway,us-west-2,US West (Oregon),,,,,,,,,,,"{""Environment"":""dev"",""CostCenter"":""cc-3110"",""Owner"":""team-payments""}"
AWS,AWS,AWS,INV-2026-05-0002,100000000002,ExampleCorp Secondary Payer,Payer Account,200000000012,staging-platform,Linked Account,2026-05-01T00:00:00Z,2026-06-01T00:00:00Z,2026-05-27T00:00:00Z,2026-05-28T00:00:00Z,Usage,,NAT gateway data processed,Usage-Based,18.0754092,18.0754092,20.083788,18.0754092,0.0450000000,0.0405000000,Standard,446.3064,GB,USD,0.0405000000,18.0754092,0.0450000000,USD,446.3064,GB,AmazonVPC,Networking,Network Connectivity,SKU-0a48b40b1fa86593309c0c4c,Data Transfer,SPRICE-b948c57b4c22bb2955afff1a,"{""x_TransferType"":""InterAZ""}",arn:aws:ec2:ap-southeast-1:200000000012:natgateway/nat-6e314f337147,nat-6e314f337147,NAT Gateway,ap-southeast-1,Asia Pacific (Singapore),,,,,,,,,,,"{""Environment"":""prod"",""CostCenter"":""cc-2087"",""Owner"":""team-data""}"
AWS,AWS,AWS,INV-2026-05-0001,100000000001,ExampleCorp Master Payer,Payer Account,200000000014,sandbox-dev,Linked Account,2026-05-01T00:00:00Z,2026-06-01T00:00:00Z,2026-05-01T00:00:00Z,2026-06-01T00:00:00Z,Usage,,S3 Standard storage,Usage-Based,157.88244177,157.88244177,175.4249353,157.88244177,0.0230000000,0.0207000000,Standard,7627.1711,GB-Months,USD,0.0207000000,157.88244177,0.0230000000,USD,7627.1711,GB-Months,AmazonS3,Storage,Object Storage,SKU-6042c508b21761919a0ed516,Storage,SPRICE-d35afe08308f10d3695aa71d,"{""StorageClass"":""Standard"",""Redundancy"":""Zonal""}",arn:aws:s3:eu-west-1:200000000014:bucket/bucket-2bee373d9dcd,bucket-2bee373d9dcd,S3 Bucket,eu-west-1,EU (Ireland),,,,,,,,,,,"{""Environment"":""dev"",""CostCenter"":""cc-1042"",""Owner"":""team-payments""}"
AWS,AWS,AWS,INV-2026-05-0001,100000000001,ExampleCorp Master Payer,Payer Account,200000000014,sandbox-dev,Linked Account,2026-05-01T00:00:00Z,2026-06-01T00:00:00Z,2026-05-23T04:00:00Z,2026-05-23T05:00:00Z,Purchase,,"Reserved Instance commitment, amortised for the charge period",Recurring,32.016,0,32.016,32.016,0.0640320000,0.0640320000,Standard,500,Hours,USD,0.0640320000,0,0.0640320000,USD,,,AmazonEC2,Compute,Virtual Machines,SKU-fbac7cbf4d87825da86489ad,Commitment,SPRICE-13c906529967f9d8590ef9d7,"{""x_PurchaseTerm"":""1yr"",""x_PaymentOption"":""NoUpfront""}",arn:aws:ec2:ap-southeast-1::reservation/75bf06cf929954dd,reservation-6b53702500a5,Reserved Instance,ap-southeast-1,Asia Pacific (Singapore),,arn:aws:ec2:ap-southeast-1::reservation/75bf06cf929954dd,EC2ReservedInstance-1yr-NoUpfront,Usage,Reserved Instance,,500,Hours,,,"{""Environment"":""dev"",""CostCenter"":""cc-2087"",""Owner"":""team-platform""}"
AWS,AWS,AWS,INV-2026-05-0001,100000000001,ExampleCorp Master Payer,Payer Account,200000000014,sandbox-dev,Linked Account,2026-05-01T00:00:00Z,2026-06-01T00:00:00Z,2026-05-23T04:00:00Z,2026-05-23T05:00:00Z,Usage,,AmazonEC2 committed usage of 500 machine-equivalents,Usage-Based,0,32.016,48,43.2,0.0960000000,0.0864000000,Committed,500,Hours,USD,0.0864000000,32.016,0.0960000000,USD,500,Hours,AmazonEC2,Compute,Virtual Machines,SKU-093c0d7a3a0491f8523e34c8,Compute,SPRICE-bab283475cbbabd222878e74,"{""InstanceType"":""m6i.large"",""InstanceSeries"":""M6i"",""CoreCount"":2,""MemorySize"":8,""OperatingSystem"":""Linux"",""x_Tenancy"":""Shared""}",urn:focus-sample:aws:ap-southeast-1:200000000014:compute-fleet:fleet21c45cab49b051bf0ab59280,fleet21c45cab49b051bf0ab59280,Compute Fleet,ap-southeast-1,Asia Pacific (Singapore),ap-southeast-1b,arn:aws:ec2:ap-southeast-1::reservation/75bf06cf929954dd,EC2ReservedInstance-1yr-NoUpfront,Usage,Reserved Instance,Used,500,Hours,,,"{""Environment"":""dev"",""CostCenter"":""cc-1042"",""Owner"":""team-payments"",""SyntheticFleetSize"":""500""}"
AWS,AWS,AWS,INV-2026-05-0001,100000000001,ExampleCorp Master Payer,Payer Account,200000000014,sandbox-dev,Linked Account,2026-05-01T00:00:00Z,2026-06-01T00:00:00Z,2026-05-23T05:00:00Z,2026-05-23T06:00:00Z,Purchase,,"Reserved Instance commitment, amortised for the charge period",Recurring,32.016,0,32.016,32.016,0.0640320000,0.0640320000,Standard,500,Hours,USD,0.0640320000,0,0.0640320000,USD,,,AmazonEC2,Compute,Virtual Machines,SKU-fbac7cbf4d87825da86489ad,Commitment,SPRICE-13c906529967f9d8590ef9d7,"{""x_PurchaseTerm"":""1yr"",""x_PaymentOption"":""NoUpfront""}",arn:aws:ec2:ap-southeast-1::reservation/75bf06cf929954dd,reservation-6b53702500a5,Reserved Instance,ap-southeast-1,Asia Pacific (Singapore),,arn:aws:ec2:ap-southeast-1::reservation/75bf06cf929954dd,EC2ReservedInstance-1yr-NoUpfront,Usage,Reserved Instance,,500,Hours,,,"{""Environment"":""staging"",""CostCenter"":""cc-1042"",""Owner"":""team-payments""}"
AWS,AWS,AWS,INV-2026-05-0001,100000000001,ExampleCorp Master Payer,Payer Account,200000000014,sandbox-dev,Linked Account,2026-05-01T00:00:00Z,2026-06-01T00:00:00Z,2026-05-23T05:00:00Z,2026-05-23T06:00:00Z,Usage,,AmazonEC2 committed usage of 500 machine-equivalents,Usage-Based,0,32.016,48,43.2,0.0960000000,0.0864000000,Committed,500,Hours,USD,0.0864000000,32.016,0.0960000000,USD,500,Hours,AmazonEC2,Compute,Virtual Machines,SKU-093c0d7a3a0491f8523e34c8,Compute,SPRICE-bab283475cbbabd222878e74,"{""InstanceType"":""m6i.large"",""InstanceSeries"":""M6i"",""CoreCount"":2,""MemorySize"":8,""OperatingSystem"":""Linux"",""x_Tenancy"":""Shared""}",urn:focus-sample:aws:ap-southeast-1:200000000014:compute-fleet:fleet21c45cab49b051bf0ab59280,fleet21c45cab49b051bf0ab59280,Compute Fleet,ap-southeast-1,Asia Pacific (Singapore),ap-southeast-1b,arn:aws:ec2:ap-southeast-1::reservation/75bf06cf929954dd,EC2ReservedInstance-1yr-NoUpfront,Usage,Reserved Instance,Used,500,Hours,,,"{""Environment"":""prod"",""CostCenter"":""cc-2087"",""Owner"":""team-payments"",""SyntheticFleetSize"":""500""}"
AWS,AWS,AWS,INV-2026-05-0001,100000000001,ExampleCorp Master Payer,Payer Account,200000000014,sandbox-dev,Linked Account,2026-05-01T00:00:00Z,2026-06-01T00:00:00Z,2026-05-23T06:00:00Z,2026-05-23T07:00:00Z,Purchase,,"Reserved Instance commitment, amortised for the charge period",Recurring,32.016,0,32.016,32.016,0.0640320000,0.0640320000,Standard,500,Hours,USD,0.0640320000,0,0.0640320000,USD,,,AmazonEC2,Compute,Virtual Machines,SKU-fbac7cbf4d87825da86489ad,Commitment,SPRICE-13c906529967f9d8590ef9d7,"{""x_PurchaseTerm"":""1yr"",""x_PaymentOption"":""NoUpfront""}",arn:aws:ec2:ap-southeast-1::reservation/75bf06cf929954dd,reservation-6b53702500a5,Reserved Instance,ap-southeast-1,Asia Pacific (Singapore),,arn:aws:ec2:ap-southeast-1::reservation/75bf06cf929954dd,EC2ReservedInstance-1yr-NoUpfront,Usage,Reserved Instance,,500,Hours,,,"{""Environment"":""dev"",""CostCenter"":""cc-1042"",""Owner"":""team-payments""}"
AWS,AWS,AWS,INV-2026-05-0001,100000000001,ExampleCorp Master Payer,Payer Account,200000000014,sandbox-dev,Linked Account,2026-05-01T00:00:00Z,2026-06-01T00:00:00Z,2026-05-23T06:00:00Z,2026-05-23T07:00:00Z,Usage,,AmazonEC2 committed usage of 500 machine-equivalents,Usage-Based,0,32.016,48,43.2,0.0960000000,0.0864000000,Committed,500,Hours,USD,0.0864000000,32.016,0.0960000000,USD,500,Hours,AmazonEC2,Compute,Virtual Machines,SKU-093c0d7a3a0491f8523e34c8,Compute,SPRICE-bab283475cbbabd222878e74,"{""InstanceType"":""m6i.large"",""InstanceSeries"":""M6i"",""CoreCount"":2,""MemorySize"":8,""OperatingSystem"":""Linux"",""x_Tenancy"":""Shared""}",urn:focus-sample:aws:ap-southeast-1:200000000014:compute-fleet:fleet21c45cab49b051bf0ab59280,fleet21c45cab49b051bf0ab59280,Compute Fleet,ap-southeast-1,Asia Pacific (Singapore),ap-southeast-1b,arn:aws:ec2:ap-southeast-1::reservation/75bf06cf929954dd,EC2ReservedInstance-1yr-NoUpfront,Usage,Reserved Instance,Used,500,Hours,,,"{""Environment"":""prod"",""CostCenter"":""cc-3110"",""Owner"":""team-payments"",""SyntheticFleetSize"":""500""}"
AWS,AWS,AWS,INV-2026-05-0001,100000000001,ExampleCorp Master Payer,Payer Account,200000000014,sandbox-dev,Linked Account,2026-05-01T00:00:00Z,2026-06-01T00:00:00Z,2026-05-23T07:00:00Z,2026-05-23T08:00:00Z,Purchase,,"Reserved Instance commitment, amortised for the charge period",Recurring,32.016,0,32.016,32.016,0.0640320000,0.0640320000,Standard,500,Hours,USD,0.0640320000,0,0.0640320000,USD,,,AmazonEC2,Compute,Virtual Machines,SKU-fbac7cbf4d87825da86489ad,Commitment,SPRICE-13c906529967f9d8590ef9d7,"{""x_PurchaseTerm"":""1yr"",""x_PaymentOption"":""NoUpfront""}",arn:aws:ec2:ap-southeast-1::reservation/75bf06cf929954dd,reservation-6b53702500a5,Reserved Instance,ap-southeast-1,Asia Pacific (Singapore),,arn:aws:ec2:ap-southeast-1::reservation/75bf06cf929954dd,EC2ReservedInstance-1yr-NoUpfront,Usage,Reserved Instance,,500,Hours,,,"{""Environment"":""prod"",""CostCenter"":""cc-3110"",""Owner"":""team-data""}"
AWS,AWS,AWS,INV-2026-05-0001,100000000001,ExampleCorp Master Payer,Payer Account,200000000014,sandbox-dev,Linked Account,2026-05-01T00:00:00Z,2026-06-01T00:00:00Z,2026-05-23T07:00:00Z,2026-05-23T08:00:00Z,Usage,,AmazonEC2 committed usage of 500 machine-equivalents,Usage-Based,0,32.016,48,43.2,0.0960000000,0.0864000000,Committed,500,Hours,USD,0.0864000000,32.016,0.0960000000,USD,500,Hours,AmazonEC2,Compute,Virtual Machines,SKU-093c0d7a3a0491f8523e34c8,Compute,SPRICE-bab283475cbbabd222878e74,"{""InstanceType"":""m6i.large"",""InstanceSeries"":""M6i"",""CoreCount"":2,""MemorySize"":8,""OperatingSystem"":""Linux"",""x_Tenancy"":""Shared""}",urn:focus-sample:aws:ap-southeast-1:200000000014:compute-fleet:fleet21c45cab49b051bf0ab59280,fleet21c45cab49b051bf0ab59280,Compute Fleet,ap-southeast-1,Asia Pacific (Singapore),ap-southeast-1b,arn:aws:ec2:ap-southeast-1::reservation/75bf06cf929954dd,EC2ReservedInstance-1yr-NoUpfront,Usage,Reserved Instance,Used,500,Hours,,,"{""Environment"":""dev"",""CostCenter"":""cc-2087"",""Owner"":""team-payments"",""SyntheticFleetSize"":""500""}"
AWS,AWS,AWS,INV-2026-05-0001,100000000001,ExampleCorp Master Payer,Payer Account,200000000014,sandbox-dev,Linked Account,2026-05-01T00:00:00Z,2026-06-01T00:00:00Z,2026-05-23T08:00:00Z,2026-05-23T09:00:00Z,Purchase,,"Reserved Instance commitment, amortised for the charge period",Recurring,32.016,0,32.016,32.016,0.0640320000,0.0640320000,Standard,500,Hours,USD,0.0640320000,0,0.0640320000,USD,,,AmazonEC2,Compute,Virtual Machines,SKU-fbac7cbf4d87825da86489ad,Commitment,SPRICE-13c906529967f9d8590ef9d7,"{""x_PurchaseTerm"":""1yr"",""x_PaymentOption"":""NoUpfront""}",arn:aws:ec2:ap-southeast-1::reservation/75bf06cf929954dd,reservation-6b53702500a5,Reserved Instance,ap-southeast-1,Asia Pacific (Singapore),,arn:aws:ec2:ap-southeast-1::reservation/75bf06cf929954dd,EC2ReservedInstance-1yr-NoUpfront,Usage,Reserved Instance,,500,Hours,,,"{""Environment"":""dev"",""CostCenter"":""cc-3110"",""Owner"":""team-data""}"
AWS,AWS,AWS,INV-2026-05-0001,100000000001,ExampleCorp Master Payer,Payer Account,200000000014,sandbox-dev,Linked Account,2026-05-01T00:00:00Z,2026-06-01T00:00:00Z,2026-05-23T08:00:00Z,2026-05-23T09:00:00Z,Usage,,AmazonEC2 committed usage of 500 machine-equivalents,Usage-Based,0,32.016,48,43.2,0.0960000000,0.0864000000,Committed,500,Hours,USD,0.0864000000,32.016,0.0960000000,USD,500,Hours,AmazonEC2,Compute,Virtual Machines,SKU-093c0d7a3a0491f8523e34c8,Compute,SPRICE-bab283475cbbabd222878e74,"{""InstanceType"":""m6i.large"",""InstanceSeries"":""M6i"",""CoreCount"":2,""MemorySize"":8,""OperatingSystem"":""Linux"",""x_Tenancy"":""Shared""}",urn:focus-sample:aws:ap-southeast-1:200000000014:compute-fleet:fleet21c45cab49b051bf0ab59280,fleet21c45cab49b051bf0ab59280,Compute Fleet,ap-southeast-1,Asia Pacific (Singapore),ap-southeast-1b,arn:aws:ec2:ap-southeast-1::reservation/75bf06cf929954dd,EC2ReservedInstance-1yr-NoUpfront,Usage,Reserved Instance,Used,500,Hours,,,"{""Environment"":""prod"",""CostCenter"":""cc-3110"",""Owner"":""team-platform"",""SyntheticFleetSize"":""500""}"
AWS,AWS,AWS,INV-2026-05-0001,100000000001,ExampleCorp Master Payer,Payer Account,200000000014,sandbox-dev,Linked Account,2026-05-01T00:00:00Z,2026-06-01T00:00:00Z,2026-05-23T09:00:00Z,2026-05-23T10:00:00Z,Purchase,,"Reserved Instance commitment, amortised for the charge period",Recurring,32.016,0,32.016,32.016,0.0640320000,0.0640320000,Standard,500,Hours,USD,0.0640320000,0,0.0640320000,USD,,,AmazonEC2,Compute,Virtual Machines,SKU-fbac7cbf4d87825da86489ad,Commitment,SPRICE-13c906529967f9d8590ef9d7,"{""x_PurchaseTerm"":""1yr"",""x_PaymentOption"":""NoUpfront""}",arn:aws:ec2:ap-southeast-1::reservation/75bf06cf929954dd,reservation-6b53702500a5,Reserved Instance,ap-southeast-1,Asia Pacific (Singapore),,arn:aws:ec2:ap-southeast-1::reservation/75bf06cf929954dd,EC2ReservedInstance-1yr-NoUpfront,Usage,Reserved Instance,,500,Hours,,,"{""Environment"":""prod"",""CostCenter"":""cc-3110"",""Owner"":""team-data""}"
AWS,AWS,AWS,INV-2026-05-0001,100000000001,ExampleCorp Master Payer,Payer Account,200000000014,sandbox-dev,Linked Account,2026-05-01T00:00:00Z,2026-06-01T00:00:00Z,2026-05-23T09:00:00Z,2026-05-23T10:00:00Z,Usage,,AmazonEC2 committed usage of 500 machine-equivalents,Usage-Based,0,32.016,48,43.2,0.0960000000,0.0864000000,Committed,500,Hours,USD,0.0864000000,32.016,0.0960000000,USD,500,Hours,AmazonEC2,Compute,Virtual Machines,SKU-093c0d7a3a0491f8523e34c8,Compute,SPRICE-bab283475cbbabd222878e74,"{""InstanceType"":""m6i.large"",""InstanceSeries"":""M6i"",""CoreCount"":2,""MemorySize"":8,""OperatingSystem"":""Linux"",""x_Tenancy"":""Shared""}",urn:focus-sample:aws:ap-southeast-1:200000000014:compute-fleet:fleet21c45cab49b051bf0ab59280,fleet21c45cab49b051bf0ab59280,Compute Fleet,ap-southeast-1,Asia Pacific (Singapore),ap-southeast-1b,arn:aws:ec2:ap-southeast-1::reservation/75bf06cf929954dd,EC2ReservedInstance-1yr-NoUpfront,Usage,Reserved Instance,Used,500,Hours,,,"{""Environment"":""dev"",""CostCenter"":""cc-2087"",""Owner"":""team-data"",""SyntheticFleetSize"":""500""}"
AWS,AWS,AWS,INV-2026-05-0001,100000000001,ExampleCorp Master Payer,Payer Account,200000000014,sandbox-dev,Linked Account,2026-05-01T00:00:00Z,2026-06-01T00:00:00Z,2026-05-23T10:00:00Z,2026-05-23T11:00:00Z,Purchase,,"Reserved Instance commitment, amortised for the charge period",Recurring,32.016,0,32.016,32.016,0.0640320000,0.0640320000,Standard,500,Hours,USD,0.0640320000,0,0.0640320000,USD,,,AmazonEC2,Compute,Virtual Machines,SKU-fbac7cbf4d87825da86489ad,Commitment,SPRICE-13c906529967f9d8590ef9d7,"{""x_PurchaseTerm"":""1yr"",""x_PaymentOption"":""NoUpfront""}",arn:aws:ec2:ap-southeast-1::reservation/75bf06cf929954dd,reservation-6b53702500a5,Reserved Instance,ap-southeast-1,Asia Pacific (Singapore),,arn:aws:ec2:ap-southeast-1::reservation/75bf06cf929954dd,EC2ReservedInstance-1yr-NoUpfront,Usage,Reserved Instance,,500,Hours,,,"{""Environment"":""dev"",""CostCenter"":""cc-1042"",""Owner"":""team-data""}"
AWS,AWS,AWS,INV-2026-05-0001,100000000001,ExampleCorp Master Payer,Payer Account,200000000014,sandbox-dev,Linked Account,2026-05-01T00:00:00Z,2026-06-01T00:00:00Z,2026-05-23T10:00:00Z,2026-05-23T11:00:00Z,Usage,,Reserved Instance unused commitment,Usage-Based,0,32.016,32.016,32.016,0.0640320000,0.0640320000,Committed,500,Hours,USD,0.0640320000,32.016,0.0640320000,USD,,,AmazonEC2,Compute,Virtual Machines,SKU-fbac7cbf4d87825da86489ad,Commitment,SPRICE-13c906529967f9d8590ef9d7,"{""x_PurchaseTerm"":""1yr"",""x_PaymentOption"":""NoUpfront""}",arn:aws:ec2:ap-southeast-1::reservation/75bf06cf929954dd,reservation-6b53702500a5,Reserved Instance,ap-southeast-1,Asia Pacific (Singapore),,arn:aws:ec2:ap-southeast-1::reservation/75bf06cf929954dd,EC2ReservedInstance-1yr-NoUpfront,Usage,Reserved Instance,Unused,500,Hours,,,"{""Environment"":""dev"",""CostCenter"":""cc-2087"",""Owner"":""team-payments""}"
AWS,AWS,AWS,INV-2026-05-0002,100000000002,ExampleCorp Secondary Payer,Payer Account,200000000013,data-analytics,Linked Account,2026-05-01T00:00:00Z,2026-06-01T00:00:00Z,2026-05-01T00:00:00Z,2026-06-01T00:00:00Z,Usage,,S3 Standard storage,Usage-Based,81.25639272,81.25639272,90.2848808,81.25639272,0.0230000000,0.0207000000,Standard,3925.4296,GB-Months,USD,0.0207000000,81.25639272,0.0230000000,USD,3925.4296,GB-Months,AmazonS3,Storage,Object Storage,SKU-e7cfcc3199bb16b2dd7b1493,Storage,SPRICE-5d75931c911c493aa2aa3d41,"{""StorageClass"":""Standard"",""Redundancy"":""Zonal""}",arn:aws:s3:ap-southeast-1:200000000013:bucket/bucket-aad3c4bb5276,bucket-aad3c4bb5276,S3 Bucket,ap-southeast-1,Asia Pacific (Singapore),,,,,,,,,,,"{""Environment"":""prod"",""CostCenter"":""cc-2087"",""Owner"":""team-data""}"
AWS,AWS,AWS,INV-2026-05-0002,100000000002,ExampleCorp Secondary Payer,Payer Account,200000000013,data-analytics,Linked Account,2026-05-01T00:00:00Z,2026-06-01T00:00:00Z,2026-05-16T00:00:00Z,2026-05-17T00:00:00Z,Usage,,NAT gateway data processed,Usage-Based,7.5441699,7.5441699,8.382411,7.5441699,0.0450000000,0.0405000000,Standard,186.2758,GB,USD,0.0405000000,7.5441699,0.0450000000,USD,186.2758,GB,AmazonVPC,Networking,Network Connectivity,SKU-38ae1a660e2cadb9d64ca8e5,Data Transfer,SPRICE-974405df44bbf0808ce048b9,"{""x_TransferType"":""InterAZ""}",arn:aws:ec2:us-west-2:200000000013:natgateway/nat-26df3922018c,nat-26df3922018c,NAT Gateway,us-west-2,US West (Oregon),,,,,,,,,,,"{""Environment"":""dev"",""CostCenter"":""cc-2087"",""Owner"":""team-platform""}"
AWS,AWS,AWS,INV-2026-05-0001,100000000001,ExampleCorp Master Payer,Payer Account,200000000014,sandbox-dev,Linked Account,2026-05-01T00:00:00Z,2026-06-01T00:00:00Z,2026-05-23T20:00:00Z,2026-05-23T21:00:00Z,Purchase,,"Savings Plan commitment, amortised for the charge period",Recurring,32.016,0,32.016,32.016,1,1,Standard,32.016,USD,USD,1.0000000000,0,1.0000000000,USD,,,AmazonEC2,Compute,Virtual Machines,SKU-4e70290591383090d3fb4e3b,Commitment,SPRICE-3123b98a0bc7ca93ff9d1c56,"{""x_PurchaseTerm"":""1yr"",""x_PaymentOption"":""NoUpfront""}",arn:aws:savingsplans:ap-southeast-1::savingsplan/58438abe3e4071bb,savingsplan-3fb2621307ad,Savings Plan,ap-southeast-1,Asia Pacific (Singapore),,arn:aws:savingsplans:ap-southeast-1::savingsplan/58438abe3e4071bb,ComputeSavingsPlan-1yr-NoUpfront,Spend,Savings Plan,,32.016,USD,,,"{""Environment"":""dev"",""CostCenter"":""cc-1042"",""Owner"":""team-data""}"
AWS,AWS,AWS,INV-2026-05-0001,100000000001,ExampleCorp Master Payer,Payer Account,200000000014,sandbox-dev,Linked Account,2026-05-01T00:00:00Z,2026-06-01T00:00:00Z,2026-05-23T20:00:00Z,2026-05-23T21:00:00Z,Usage,,AmazonEC2 committed usage of 500 machine-equivalents,Usage-Based,0,32.016,48,43.2,0.0960000000,0.0864000000,Committed,500,Hours,USD,0.0864000000,32.016,0.0960000000,USD,500,Hours,AmazonEC2,Compute,Virtual Machines,SKU-093c0d7a3a0491f8523e34c8,Compute,SPRICE-bab283475cbbabd222878e74,"{""InstanceType"":""m6i.large"",""InstanceSeries"":""M6i"",""CoreCount"":2,""MemorySize"":8,""OperatingSystem"":""Linux"",""x_Tenancy"":""Shared""}",urn:focus-sample:aws:ap-southeast-1:200000000014:compute-fleet:fleet31846f1e7a846602b6155f60,fleet31846f1e7a846602b6155f60,Compute Fleet,ap-southeast-1,Asia Pacific (Singapore),ap-southeast-1a,arn:aws:savingsplans:ap-southeast-1::savingsplan/58438abe3e4071bb,ComputeSavingsPlan-1yr-NoUpfront,Spend,Savings Plan,Used,32.016,USD,,,"{""Environment"":""dev"",""CostCenter"":""cc-3110"",""Owner"":""team-platform"",""SyntheticFleetSize"":""500""}"
AWS,AWS,AWS,INV-2026-05-0001,100000000001,ExampleCorp Master Payer,Payer Account,200000000014,sandbox-dev,Linked Account,2026-05-01T00:00:00Z,2026-06-01T00:00:00Z,2026-05-23T21:00:00Z,2026-05-23T22:00:00Z,Purchase,,"Savings Plan commitment, amortised for the charge period",Recurring,32.016,0,32.016,32.016,1,1,Standard,32.016,USD,USD,1.0000000000,0,1.0000000000,USD,,,AmazonEC2,Compute,Virtual Machines,SKU-4e70290591383090d3fb4e3b,Commitment,SPRICE-3123b98a0bc7ca93ff9d1c56,"{""x_PurchaseTerm"":""1yr"",""x_PaymentOption"":""NoUpfront""}",arn:aws:savingsplans:ap-southeast-1::savingsplan/58438abe3e4071bb,savingsplan-3fb2621307ad,Savings Plan,ap-southeast-1,Asia Pacific (Singapore),,arn:aws:savingsplans:ap-southeast-1::savingsplan/58438abe3e4071bb,ComputeSavingsPlan-1yr-NoUpfront,Spend,Savings Plan,,32.016,USD,,,"{""Environment"":""prod"",""CostCenter"":""cc-2087"",""Owner"":""team-platform""}"
AWS,AWS,AWS,INV-2026-05-0001,100000000001,ExampleCorp Master Payer,Payer Account,200000000014,sandbox-dev,Linked Account,2026-05-01T00:00:00Z,2026-06-01T00:00:00Z,2026-05-23T21:00:00Z,2026-05-23T22:00:00Z,Usage,,AmazonEC2 committed usage of 500 machine-equivalents,Usage-Based,0,32.016,48,43.2,0.0960000000,0.0864000000,Committed,500,Hours,USD,0.0864000000,32.016,0.0960000000,USD,500,Hours,AmazonEC2,Compute,Virtual Machines,SKU-093c0d7a3a0491f8523e34c8,Compute,SPRICE-bab283475cbbabd222878e74,"{""InstanceType"":""m6i.large"",""InstanceSeries"":""M6i"",""CoreCount"":2,""MemorySize"":8,""OperatingSystem"":""Linux"",""x_Tenancy"":""Shared""}",urn:focus-sample:aws:ap-southeast-1:200000000014:compute-fleet:fleet31846f1e7a846602b6155f60,fleet31846f1e7a846602b6155f60,Compute Fleet,ap-southeast-1,Asia Pacific (Singapore),ap-southeast-1a,arn:aws:savingsplans:ap-southeast-1::savingsplan/58438abe3e4071bb,ComputeSavingsPlan-1yr-NoUpfront,Spend,Savings Plan,Used,32.016,USD,,,"{""Environment"":""staging"",""CostCenter"":""cc-2087"",""Owner"":""team-payments"",""SyntheticFleetSize"":""500""}"
AWS,AWS,AWS,INV-2026-05-0001,100000000001,ExampleCorp Master Payer,Payer Account,200000000014,sandbox-dev,Linked Account,2026-05-01T00:00:00Z,2026-06-01T00:00:00Z,2026-05-23T22:00:00Z,2026-05-23T23:00:00Z,Purchase,,"Savings Plan commitment, amortised for the charge period",Recurring,32.016,0,32.016,32.016,1,1,Standard,32.016,USD,USD,1.0000000000,0,1.0000000000,USD,,,AmazonEC2,Compute,Virtual Machines,SKU-4e70290591383090d3fb4e3b,Commitment,SPRICE-3123b98a0bc7ca93ff9d1c56,"{""x_PurchaseTerm"":""1yr"",""x_PaymentOption"":""NoUpfront""}",arn:aws:savingsplans:ap-southeast-1::savingsplan/58438abe3e4071bb,savingsplan-3fb2621307ad,Savings Plan,ap-southeast-1,Asia Pacific (Singapore),,arn:aws:savingsplans:ap-southeast-1::savingsplan/58438abe3e4071bb,ComputeSavingsPlan-1yr-NoUpfront,Spend,Savings Plan,,32.016,USD,,,"{""Environment"":""staging"",""CostCenter"":""cc-1042"",""Owner"":""team-data""}"
AWS,AWS,AWS,INV-2026-05-0001,100000000001,ExampleCorp Master Payer,Payer Account,200000000014,sandbox-dev,Linked Account,2026-05-01T00:00:00Z,2026-06-01T00:00:00Z,2026-05-23T22:00:00Z,2026-05-23T23:00:00Z,Usage,,AmazonEC2 committed usage of 500 machine-equivalents,Usage-Based,0,32.016,48,43.2,0.0960000000,0.0864000000,Committed,500,Hours,USD,0.0864000000,32.016,0.0960000000,USD,500,Hours,AmazonEC2,Compute,Virtual Machines,SKU-093c0d7a3a0491f8523e34c8,Compute,SPRICE-bab283475cbbabd222878e74,"{""InstanceType"":""m6i.large"",""InstanceSeries"":""M6i"",""CoreCount"":2,""MemorySize"":8,""OperatingSystem"":""Linux"",""x_Tenancy"":""Shared""}",urn:focus-sample:aws:ap-southeast-1:200000000014:compute-fleet:fleet31846f1e7a846602b6155f60,fleet31846f1e7a846602b6155f60,Compute Fleet,ap-southeast-1,Asia Pacific (Singapore),ap-southeast-1a,arn:aws:savingsplans:ap-southeast-1::savingsplan/58438abe3e4071bb,ComputeSavingsPlan-1yr-NoUpfront,Spend,Savings Plan,Used,32.016,USD,,,"{""Environment"":""staging"",""CostCenter"":""cc-3110"",""Owner"":""team-data"",""SyntheticFleetSize"":""500""}"
AWS,AWS,AWS,INV-2026-05-0001,100000000001,ExampleCorp Master Payer,Payer Account,200000000014,sandbox-dev,Linked Account,2026-05-01T00:00:00Z,2026-06-01T00:00:00Z,2026-05-23T23:00:00Z,2026-05-24T00:00:00Z,Purchase,,"Savings Plan commitment, amortised for the charge period",Recurring,32.016,0,32.016,32.016,1,1,Standard,32.016,USD,USD,1.0000000000,0,1.0000000000,USD,,,AmazonEC2,Compute,Virtual Machines,SKU-4e70290591383090d3fb4e3b,Commitment,SPRICE-3123b98a0bc7ca93ff9d1c56,"{""x_PurchaseTerm"":""1yr"",""x_PaymentOption"":""NoUpfront""}",arn:aws:savingsplans:ap-southeast-1::savingsplan/58438abe3e4071bb,savingsplan-3fb2621307ad,Savings Plan,ap-southeast-1,Asia Pacific (Singapore),,arn:aws:savingsplans:ap-southeast-1::savingsplan/58438abe3e4071bb,ComputeSavingsPlan-1yr-NoUpfront,Spend,Savings Plan,,32.016,USD,,,"{""Environment"":""dev"",""CostCenter"":""cc-1042"",""Owner"":""team-data""}"
AWS,AWS,AWS,INV-2026-05-0001,100000000001,ExampleCorp Master Payer,Payer Account,200000000014,sandbox-dev,Linked Account,2026-05-01T00:00:00Z,2026-06-01T00:00:00Z,2026-05-23T23:00:00Z,2026-05-24T00:00:00Z,Usage,,AmazonEC2 committed usage of 500 machine-equivalents,Usage-Based,0,32.016,48,43.2,0.0960000000,0.0864000000,Committed,500,Hours,USD,0.0864000000,32.016,0.0960000000,USD,500,Hours,AmazonEC2,Compute,Virtual Machines,SKU-093c0d7a3a0491f8523e34c8,Compute,SPRICE-bab283475cbbabd222878e74,"{""InstanceType"":""m6i.large"",""InstanceSeries"":""M6i"",""CoreCount"":2,""MemorySize"":8,""OperatingSystem"":""Linux"",""x_Tenancy"":""Shared""}",urn:focus-sample:aws:ap-southeast-1:200000000014:compute-fleet:fleet31846f1e7a846602b6155f60,fleet31846f1e7a846602b6155f60,Compute Fleet,ap-southeast-1,Asia Pacific (Singapore),ap-southeast-1a,arn:aws:savingsplans:ap-southeast-1::savingsplan/58438abe3e4071bb,ComputeSavingsPlan-1yr-NoUpfront,Spend,Savings Plan,Used,32.016,USD,,,"{""Environment"":""prod"",""CostCenter"":""cc-3110"",""Owner"":""team-data"",""SyntheticFleetSize"":""500""}"
AWS,AWS,AWS,INV-2026-05-0001,100000000001,ExampleCorp Master Payer,Payer Account,200000000014,sandbox-dev,Linked Account,2026-05-01T00:00:00Z,2026-06-01T00:00:00Z,2026-05-24T00:00:00Z,2026-05-24T01:00:00Z,Purchase,,"Savings Plan commitment, amortised for the charge period",Recurring,32.016,0,32.016,32.016,1,1,Standard,32.016,USD,USD,1.0000000000,0,1.0000000000,USD,,,AmazonEC2,Compute,Virtual Machines,SKU-4e70290591383090d3fb4e3b,Commitment,SPRICE-3123b98a0bc7ca93ff9d1c56,"{""x_PurchaseTerm"":""1yr"",""x_PaymentOption"":""NoUpfront""}",arn:aws:savingsplans:ap-southeast-1::savingsplan/58438abe3e4071bb,savingsplan-3fb2621307ad,Savings Plan,ap-southeast-1,Asia Pacific (Singapore),,arn:aws:savingsplans:ap-southeast-1::savingsplan/58438abe3e4071bb,ComputeSavingsPlan-1yr-NoUpfront,Spend,Savings Plan,,32.016,USD,,,"{""Environment"":""prod"",""CostCenter"":""cc-2087"",""Owner"":""team-platform""}"
AWS,AWS,AWS,INV-2026-05-0001,100000000001,ExampleCorp Master Payer,Payer Account,200000000014,sandbox-dev,Linked Account,2026-05-01T00:00:00Z,2026-06-01T00:00:00Z,2026-05-24T00:00:00Z,2026-05-24T01:00:00Z,Usage,,AmazonEC2 committed usage of 500 machine-equivalents,Usage-Based,0,32.016,48,43.2,0.0960000000,0.0864000000,Committed,500,Hours,USD,0.0864000000,32.016,0.0960000000,USD,500,Hours,AmazonEC2,Compute,Virtual Machines,SKU-093c0d7a3a0491f8523e34c8,Compute,SPRICE-bab283475cbbabd222878e74,"{""InstanceType"":""m6i.large"",""InstanceSeries"":""M6i"",""CoreCount"":2,""MemorySize"":8,""OperatingSystem"":""Linux"",""x_Tenancy"":""Shared""}",urn:focus-sample:aws:ap-southeast-1:200000000014:compute-fleet:fleet31846f1e7a846602b6155f60,fleet31846f1e7a846602b6155f60,Compute Fleet,ap-southeast-1,Asia Pacific (Singapore),ap-southeast-1a,arn:aws:savingsplans:ap-southeast-1::savingsplan/58438abe3e4071bb,ComputeSavingsPlan-1yr-NoUpfront,Spend,Savings Plan,Used,32.016,USD,,,"{""Environment"":""dev"",""CostCenter"":""cc-1042"",""Owner"":""team-payments"",""SyntheticFleetSize"":""500""}"
AWS,AWS,AWS,INV-2026-05-0001,100000000001,ExampleCorp Master Payer,Payer Account,200000000014,sandbox-dev,Linked Account,2026-05-01T00:00:00Z,2026-06-01T00:00:00Z,2026-05-24T01:00:00Z,2026-05-24T02:00:00Z,Purchase,,"Savings Plan commitment, amortised for the charge period",Recurring,32.016,0,32.016,32.016,1,1,Standard,32.016,USD,USD,1.0000000000,0,1.0000000000,USD,,,AmazonEC2,Compute,Virtual Machines,SKU-4e70290591383090d3fb4e3b,Commitment,SPRICE-3123b98a0bc7ca93ff9d1c56,"{""x_PurchaseTerm"":""1yr"",""x_PaymentOption"":""NoUpfront""}",arn:aws:savingsplans:ap-southeast-1::savingsplan/58438abe3e4071bb,savingsplan-3fb2621307ad,Savings Plan,ap-southeast-1,Asia Pacific (Singapore),,arn:aws:savingsplans:ap-southeast-1::savingsplan/58438abe3e4071bb,ComputeSavingsPlan-1yr-NoUpfront,Spend,Savings Plan,,32.016,USD,,,"{""Environment"":""prod"",""CostCenter"":""cc-3110"",""Owner"":""team-data""}"
AWS,AWS,AWS,INV-2026-05-0001,100000000001,ExampleCorp Master Payer,Payer Account,200000000014,sandbox-dev,Linked Account,2026-05-01T00:00:00Z,2026-06-01T00:00:00Z,2026-05-24T01:00:00Z,2026-05-24T02:00:00Z,Usage,,AmazonEC2 committed usage of 500 machine-equivalents,Usage-Based,0,32.016,48,43.2,0.0960000000,0.0864000000,Committed,500,Hours,USD,0.0864000000,32.016,0.0960000000,USD,500,Hours,AmazonEC2,Compute,Virtual Machines,SKU-093c0d7a3a0491f8523e34c8,Compute,SPRICE-bab283475cbbabd222878e74,"{""InstanceType"":""m6i.large"",""InstanceSeries"":""M6i"",""CoreCount"":2,""MemorySize"":8,""OperatingSystem"":""Linux"",""x_Tenancy"":""Shared""}",urn:focus-sample:aws:ap-southeast-1:200000000014:compute-fleet:fleet31846f1e7a846602b6155f60,fleet31846f1e7a846602b6155f60,Compute Fleet,ap-southeast-1,Asia Pacific (Singapore),ap-southeast-1a,arn:aws:savingsplans:ap-southeast-1::savingsplan/58438abe3e4071bb,ComputeSavingsPlan-1yr-NoUpfront,Spend,Savings Plan,Used,32.016,USD,,,"{""Environment"":""dev"",""CostCenter"":""cc-1042"",""Owner"":""team-data"",""SyntheticFleetSize"":""500""}"
AWS,AWS,AWS,INV-2026-05-0001,100000000001,ExampleCorp Master Payer,Payer Account,200000000014,sandbox-dev,Linked Account,2026-05-01T00:00:00Z,2026-06-01T00:00:00Z,2026-05-24T02:00:00Z,2026-05-24T03:00:00Z,Purchase,,"Savings Plan commitment, amortised for the charge period",Recurring,32.016,0,32.016,32.016,1,1,Standard,32.016,USD,USD,1.0000000000,0,1.0000000000,USD,,,AmazonEC2,Compute,Virtual Machines,SKU-4e70290591383090d3fb4e3b,Commitment,SPRICE-3123b98a0bc7ca93ff9d1c56,"{""x_PurchaseTerm"":""1yr"",""x_PaymentOption"":""NoUpfront""}",arn:aws:savingsplans:ap-southeast-1::savingsplan/58438abe3e4071bb,savingsplan-3fb2621307ad,Savings Plan,ap-southeast-1,Asia Pacific (Singapore),,arn:aws:savingsplans:ap-southeast-1::savingsplan/58438abe3e4071bb,ComputeSavingsPlan-1yr-NoUpfront,Spend,Savings Plan,,32.016,USD,,,"{""Environment"":""staging"",""CostCenter"":""cc-3110"",""Owner"":""team-data""}"
AWS,AWS,AWS,INV-2026-05-0001,100000000001,ExampleCorp Master Payer,Payer Account,200000000014,sandbox-dev,Linked Account,2026-05-01T00:00:00Z,2026-06-01T00:00:00Z,2026-05-24T02:00:00Z,2026-05-24T03:00:00Z,Usage,,Savings Plan unused commitment,Usage-Based,0,32.016,32.016,32.016,1,1,Committed,32.016,USD,USD,1.0000000000,32.016,1.0000000000,USD,,,AmazonEC2,Compute,Virtual Machines,SKU-4e70290591383090d3fb4e3b,Commitment,SPRICE-3123b98a0bc7ca93ff9d1c56,"{""x_PurchaseTerm"":""1yr"",""x_PaymentOption"":""NoUpfront""}",arn:aws:savingsplans:ap-southeast-1::savingsplan/58438abe3e4071bb,savingsplan-3fb2621307ad,Savings Plan,ap-southeast-1,Asia Pacific (Singapore),,arn:aws:savingsplans:ap-southeast-1::savingsplan/58438abe3e4071bb,ComputeSavingsPlan-1yr-NoUpfront,Spend,Savings Plan,Unused,32.016,USD,,,"{""Environment"":""staging"",""CostCenter"":""cc-1042"",""Owner"":""team-data""}"
AWS,AWS,AWS,INV-2026-05-0002,100000000002,ExampleCorp Secondary Payer,Payer Account,200000000012,staging-platform,Linked Account,2026-05-01T00:00:00Z,2026-06-01T00:00:00Z,2026-05-24T10:00:00Z,2026-05-24T11:00:00Z,Usage,,Linux on-demand m6i.large,Usage-Based,0.0864,0.0864,0.096,0.0864,0.0960000000,0.0864000000,Standard,1.0000,Hours,USD,0.0864000000,0.0864,0.0960000000,USD,1.0000,Hours,AmazonEC2,Compute,Virtual Machines,SKU-ca9c2ba97f0b30fb137ef130,Compute,SPRICE-d7f4030fc2a8b65799f6b437,"{""InstanceType"":""m6i.large"",""InstanceSeries"":""M6i"",""CoreCount"":2,""MemorySize"":8,""OperatingSystem"":""Linux"",""x_Tenancy"":""Shared""}",arn:aws:ec2:eu-west-1:200000000012:instance/i-e08522987561,i-e08522987561,EC2 Instance,eu-west-1,EU (Ireland),eu-west-1b,,,,,,,,,,"{""Environment"":""staging"",""CostCenter"":""cc-2087"",""Owner"":""team-data""}"
AWS,AWS,AWS,INV-2026-05-0001,100000000001,ExampleCorp Master Payer,Payer Account,200000000013,data-analytics,Linked Account,2026-05-01T00:00:00Z,2026-06-01T00:00:00Z,2026-05-04T00:00:00Z,2026-05-05T00:00:00Z,Usage,,NAT gateway data processed,Usage-Based,13.6673163,13.6673163,15.185907,13.6673163,0.0450000000,0.0405000000,Standard,337.4646,GB,USD,0.0405000000,13.6673163,0.0450000000,USD,337.4646,GB,AmazonVPC,Networking,Network Connectivity,SKU-38ae1a660e2cadb9d64ca8e5,Data Transfer,SPRICE-974405df44bbf0808ce048b9,"{""x_TransferType"":""InterAZ""}",arn:aws:ec2:us-west-2:200000000013:natgateway/nat-c6c44f267b28,nat-c6c44f267b28,NAT Gateway,us-west-2,US West (Oregon),,,,,,,,,,,"{""Environment"":""staging"",""CostCenter"":""cc-3110"",""Owner"":""team-payments""}"
AWS,AWS,AWS,INV-2026-05-0002,100000000002,ExampleCorp Secondary Payer,Payer Account,200000000011,prod-platform,Linked Account,2026-05-01T00:00:00Z,2026-06-01T00:00:00Z,2026-05-24T12:00:00Z,2026-05-24T13:00:00Z,Usage,,RDS PostgreSQL db.r6g.large,Usage-Based,0.216,0.216,0.24,0.216,0.2400000000,0.2160000000,Standard,1.0000,Hours,USD,0.2160000000,0.216,0.2400000000,USD,1.0000,Hours,AmazonRDS,Databases,Relational Databases,SKU-7a3ac49181ed25cc4a81dc35,Database,SPRICE-7a34752a4c02e0761e1464be,"{""InstanceType"":""db.r6g.large"",""InstanceSeries"":""R6g"",""CoreCount"":2,""MemorySize"":16,""x_Engine"":""PostgreSQL""}",arn:aws:rds:eu-west-1:200000000011:db/db-667421575d0b,db-667421575d0b,RDS Instance,eu-west-1,EU (Ireland),,,,,,,,,,,"{""Environment"":""dev"",""CostCenter"":""cc-2087"",""Owner"":""team-data""}"
AWS,AWS,AWS,INV-2026-05-0001,100000000001,ExampleCorp Master Payer,Payer Account,200000000013,data-analytics,Linked Account,2026-05-01T00:00:00Z,2026-06-01T00:00:00Z,2026-05-01T00:00:00Z,2026-06-01T00:00:00Z,Usage,,S3 Standard storage,Usage-Based,160.39375749,160.39375749,178.2152861,160.39375749,0.0230000000,0.0207000000,Standard,7748.4907,GB-Months,USD,0.0207000000,160.39375749,0.0230000000,USD,7748.4907,GB-Months,AmazonS3,Storage,Object Storage,SKU-ca447aa86bf44972e43c1f69,Storage,SPRICE-92e9b7d21ce3c83c68f72f47,"{""StorageClass"":""Standard"",""Redundancy"":""Zonal""}",arn:aws:s3:us-east-1:200000000013:bucket/bucket-9c54070cb390,bucket-9c54070cb390,S3 Bucket,us-east-1,US East (N. Virginia),,,,,,,,,,,"{""Environment"":""prod"",""CostCenter"":""cc-2087"",""Owner"":""team-payments""}"
AWS,AWS,AWS,INV-2026-05-0002,100000000002,ExampleCorp Secondary Payer,Payer Account,200000000012,staging-platform,Linked Account,2026-05-01T00:00:00Z,2026-06-01T00:00:00Z,2026-05-01T00:00:00Z,2026-06-01T00:00:00Z,Tax,,Synthetic tax 10% on usage record 415: AmazonS3,One-Time,10.610758728,10.610758728,11.78973192,10.610758728,,,,,,USD,,10.610758728,,USD,,,AmazonS3,Storage,Object Storage,,,,,,,,,,,,,,,,,,,,"{""Environment"":""staging"",""CostCenter"":""cc-2087"",""Owner"":""team-platform""}"
AWS,AWS,AWS,INV-2026-05-0002,100000000002,ExampleCorp Secondary Payer,Payer Account,200000000014,sandbox-dev,Linked Account,2026-05-01T00:00:00Z,2026-06-01T00:00:00Z,2026-05-08T00:00:00Z,2026-05-09T00:00:00Z,Usage,,Custom metrics,Usage-Based,23.199993,23.199993,25.77777,23.199993,0.3000000000,0.2700000000,Standard,85.9259,Metrics,USD,0.2700000000,23.199993,0.3000000000,USD,85.9259,Metrics,AmazonCloudWatch,Management and Governance,Observability,SKU-34e5538fb30cbad0ab6e9eda,Monitoring,SPRICE-7775836205fc8d4f07876728,"{""x_MetricType"":""Custom""}",arn:aws:cloudwatch:us-west-2:200000000014:metric/metric-a3b87e4499e0,metric-a3b87e4499e0,Metric,us-west-2,US West (Oregon),,,,,,,,,,,"{""Environment"":""staging"",""CostCenter"":""cc-1042"",""Owner"":""team-payments""}"
AWS,AWS,AWS,INV-2026-05-0002,100000000002,ExampleCorp Secondary Payer,Payer Account,200000000011,prod-platform,Linked Account,2026-05-01T00:00:00Z,2026-06-01T00:00:00Z,2026-05-24T16:00:00Z,2026-05-24T17:00:00Z,Usage,,RDS PostgreSQL db.r6g.large,Usage-Based,0.216,0.216,0.24,0.216,0.2400000000,0.2160000000,Standard,1.0000,Hours,USD,0.2160000000,0.216,0.2400000000,USD,1.0000,Hours,AmazonRDS,Databases,Relational Databases,SKU-59cf7266a13e6ea4d00d0143,Database,SPRICE-bde64d57365802abbf64195d,"{""InstanceType"":""db.r6g.large"",""InstanceSeries"":""R6g"",""CoreCount"":2,""MemorySize"":16,""x_Engine"":""PostgreSQL""}",arn:aws:rds:ap-southeast-1:200000000011:db/db-907978f59968,db-907978f59968,RDS Instance,ap-southeast-1,Asia Pacific (Singapore),,,,,,,,,,,"{""Environment"":""prod"",""CostCenter"":""cc-1042"",""Owner"":""team-data""}"
AWS,AWS,AWS,INV-2026-05-0001,100000000001,ExampleCorp Master Payer,Payer Account,200000000012,staging-platform,Linked Account,2026-05-01T00:00:00Z,2026-06-01T00:00:00Z,2026-05-24T17:00:00Z,2026-05-24T18:00:00Z,Usage,,RDS PostgreSQL db.r6g.large,Usage-Based,0.216,0.216,0.24,0.216,0.2400000000,0.2160000000,Standard,1.0000,Hours,EUR,0.1987200000,0.19872,0.2208000000,USD,1.0000,Hours,AmazonRDS,Databases,Relational Databases,SKU-89bc59af83de149a442b21d0,Database,SPRICE-576719760db10b3f340bbf3b,"{""InstanceType"":""db.r6g.large"",""InstanceSeries"":""R6g"",""CoreCount"":2,""MemorySize"":16,""x_Engine"":""PostgreSQL""}",arn:aws:rds:us-east-1:200000000012:db/db-9cd9ff98229d,db-9cd9ff98229d,RDS Instance,us-east-1,US East (N. Virginia),,,,,,,,,,,"{""Environment"":""prod"",""CostCenter"":""cc-2087"",""Owner"":""team-payments""}"
AWS,AWS,AWS,INV-2026-05-0001,100000000001,ExampleCorp Master Payer,Payer Account,200000000013,data-analytics,Linked Account,2026-05-01T00:00:00Z,2026-06-01T00:00:00Z,2026-05-11T00:00:00Z,2026-05-12T00:00:00Z,Usage,,Glue ETL job run,Usage-Based,50.9164128,50.9164128,56.573792,50.9164128,0.4400000000,0.3960000000,Standard,128.5768,DPU-Hours,EUR,0.3643200000,46.843099776,0.4048000000,USD,128.5768,DPU-Hours,AWSGlue,Analytics,Data Processing,SKU-8cd75c3064ca6c4c85c43ce6,Data Processing,SPRICE-76291b05508a246986fe480d,"{""x_WorkerType"":""G.1X""}",arn:aws:glue:eu-west-1:200000000013:job/job-b5a36369044a,job-b5a36369044a,Glue Job,eu-west-1,EU (Ireland),,,,,,,,,,,"{""Environment"":""prod"",""CostCenter"":""cc-1042"",""Owner"":""team-data""}"
AWS,AWS,AWS,INV-2026-05-0002,100000000002,ExampleCorp Secondary Payer,Payer Account,200000000011,prod-platform,Linked Account,2026-05-01T00:00:00Z,2026-06-01T00:00:00Z,2026-05-01T00:00:00Z,2026-06-01T00:00:00Z,Usage,,S3 Standard storage,Usage-Based,17.63155206,17.63155206,19.5906134,17.63155206,0.0230000000,0.0207000000,Standard,851.7658,GB-Months,USD,0.0207000000,17.63155206,0.0230000000,USD,851.7658,GB-Months,AmazonS3,Storage,Object Storage,SKU-ca447aa86bf44972e43c1f69,Storage,SPRICE-92e9b7d21ce3c83c68f72f47,"{""StorageClass"":""Standard"",""Redundancy"":""Zonal""}",arn:aws:s3:us-east-1:200000000011:bucket/bucket-8b550069b1c7,bucket-8b550069b1c7,S3 Bucket,us-east-1,US East (N. Virginia),,,,,,,,,,,"{""Environment"":""dev"",""CostCenter"":""cc-2087"",""Owner"":""team-platform""}"
AWS,AWS,AWS,INV-2026-05-0001,100000000001,ExampleCorp Master Payer,Payer Account,200000000014,sandbox-dev,Linked Account,2026-05-01T00:00:00Z,2026-06-01T00:00:00Z,2026-05-13T00:00:00Z,2026-05-14T00:00:00Z,Usage,,NAT gateway data processed,Usage-Based,16.6253796,16.6253796,18.472644,16.6253796,0.0450000000,0.0405000000,Standard,410.5032,GB,USD,0.0405000000,16.6253796,0.0450000000,USD,410.5032,GB,AmazonVPC,Networking,Network Connectivity,SKU-38ae1a660e2cadb9d64ca8e5,Data Transfer,SPRICE-974405df44bbf0808ce048b9,"{""x_TransferType"":""InterAZ""}",arn:aws:ec2:us-west-2:200000000014:natgateway/nat-5e246050f10e,nat-5e246050f10e,NAT Gateway,us-west-2,US West (Oregon),,,,,,,,,,,"{""Environment"":""staging"",""CostCenter"":""cc-1042"",""Owner"":""team-payments""}"
AWS,AWS,AWS,INV-2026-05-0001,100000000001,ExampleCorp Master Payer,Payer Account,200000000012,staging-platform,Linked Account,2026-05-01T00:00:00Z,2026-06-01T00:00:00Z,2026-05-14T00:00:00Z,2026-05-15T00:00:00Z,Usage,,Custom metrics,Usage-Based,5.139585,5.139585,5.71065,5.139585,0.3000000000,0.2700000000,Standard,19.0355,Metrics,USD,0.2700000000,5.139585,0.3000000000,USD,19.0355,Metrics,AmazonCloudWatch,Management and Governance,Observability,SKU-7f3902e3f370805f0a245d7f,Monitoring,SPRICE-dae68554fa459d336630e8d7,"{""x_MetricType"":""Custom""}",arn:aws:cloudwatch:ap-southeast-1:200000000012:metric/metric-0781cf7a85ee,metric-0781cf7a85ee,Metric,ap-southeast-1,Asia Pacific (Singapore),,,,,,,,,,,"{""Environment"":""dev"",""CostCenter"":""cc-2087"",""Owner"":""team-platform""}"
AWS,AWS,AWS,INV-2026-05-0002,100000000002,ExampleCorp Secondary Payer,Payer Account,200000000013,data-analytics,Linked Account,2026-05-01T00:00:00Z,2026-06-01T00:00:00Z,2026-05-15T00:00:00Z,2026-05-16T00:00:00Z,Usage,,Glue ETL job run,Usage-Based,11.9460132,11.9460132,13.273348,11.9460132,0.4400000000,0.3960000000,Standard,30.1667,DPU-Hours,USD,0.3960000000,11.9460132,0.4400000000,USD,30.1667,DPU-Hours,AWSGlue,Analytics,Data Processing,SKU-118148093a04e718819dbb3f,Data Processing,SPRICE-f140a6944df35cbb51f25679,"{""x_WorkerType"":""G.1X""}",arn:aws:glue:us-west-2:200000000013:job/job-dcde06064958,job-dcde06064958,Glue Job,us-west-2,US West (Oregon),,,,,,,,,,,"{""Environment"":""dev"",""CostCenter"":""cc-2087"",""Owner"":""team-platform""}"
AWS,AWS,AWS,INV-2026-05-0001,100000000001,ExampleCorp Master Payer,Payer Account,200000000013,data-analytics,Linked Account,2026-05-01T00:00:00Z,2026-06-01T00:00:00Z,2026-05-01T00:00:00Z,2026-06-01T00:00:00Z,Usage,,S3 Standard storage,Usage-Based,16.00394625,16.00394625,17.7821625,16.00394625,0.0230000000,0.0207000000,Standard,773.1375,GB-Months,USD,0.0207000000,16.00394625,0.0230000000,USD,773.1375,GB-Months,AmazonS3,Storage,Object Storage,SKU-36fb3a972f2cdabe2e87e8f5,Storage,SPRICE-2e0d1e6fc7695c1a2fe50a1a,"{""StorageClass"":""Standard"",""Redundancy"":""Zonal""}",arn:aws:s3:us-west-2:200000000013:bucket/bucket-4fd7f864cea5,bucket-4fd7f864cea5,S3 Bucket,us-west-2,US West (Oregon),,,,,,,,,,,"{""Environment"":""prod"",""CostCenter"":""cc-1042"",""Owner"":""team-payments""}"
AWS,AWS,AWS,INV-2026-05-0002,100000000002,ExampleCorp Secondary Payer,Payer Account,200000000012,staging-platform,Linked Account,2026-05-01T00:00:00Z,2026-06-01T00:00:00Z,2026-05-25T00:00:00Z,2026-05-25T01:00:00Z,Usage,,Lambda function duration,Usage-Based,66.8510073825,66.8510073825,74.27904564946085,66.8510073825,0.0000166667,0.0000150000,Standard,4456733.8255,GB-Seconds,USD,0.0000150000,66.8510073825,0.0000166667,USD,4456733.8255,GB-Seconds,AWSLambda,Compute,Serverless Compute,SKU-790dfdd7277c16aec9cf7656,Compute,SPRICE-55fe45e894424abc4a1bb3fe,"{""x_Runtime"":""python3.12"",""x_Architecture"":""arm64""}",arn:aws:lambda:us-west-2:200000000012:function/fn-9a3867bfc2bc,fn-9a3867bfc2bc,Lambda Function,us-west-2,US West (Oregon),,,,,,,,,,,"{""Environment"":""dev"",""CostCenter"":""cc-3110"",""Owner"":""team-payments""}"
AWS,AWS,AWS,INV-2026-05-0002,100000000002,ExampleCorp Secondary Payer,Payer Account,200000000014,sandbox-dev,Linked Account,2026-05-01T00:00:00Z,2026-06-01T00:00:00Z,2026-05-25T01:00:00Z,2026-05-25T02:00:00Z,Purchase,,"Savings Plan commitment, amortised for the charge period",Recurring,32.016,0,32.016,32.016,1,1,Standard,32.016,USD,USD,1.0000000000,0,1.0000000000,USD,,,AmazonEC2,Compute,Virtual Machines,SKU-53792a378695e386e0280d5c,Commitment,SPRICE-56a7b3778b922200186036dc,"{""x_PurchaseTerm"":""1yr"",""x_PaymentOption"":""NoUpfront""}",arn:aws:savingsplans:eu-west-1::savingsplan/288b3e1fc8867a77,savingsplan-0135c70b084e,Savings Plan,eu-west-1,EU (Ireland),,arn:aws:savingsplans:eu-west-1::savingsplan/288b3e1fc8867a77,ComputeSavingsPlan-1yr-NoUpfront,Spend,Savings Plan,,32.016,USD,,,"{""Environment"":""prod"",""CostCenter"":""cc-2087"",""Owner"":""team-payments""}"
AWS,AWS,AWS,INV-2026-05-0002,100000000002,ExampleCorp Secondary Payer,Payer Account,200000000014,sandbox-dev,Linked Account,2026-05-01T00:00:00Z,2026-06-01T00:00:00Z,2026-05-25T01:00:00Z,2026-05-25T02:00:00Z,Usage,,AmazonEC2 committed usage of 500 machine-equivalents,Usage-Based,0,32.016,48,43.2,0.0960000000,0.0864000000,Committed,500,Hours,USD,0.0864000000,32.016,0.0960000000,USD,500,Hours,AmazonEC2,Compute,Virtual Machines,SKU-ca9c2ba97f0b30fb137ef130,Compute,SPRICE-d7f4030fc2a8b65799f6b437,"{""InstanceType"":""m6i.large"",""InstanceSeries"":""M6i"",""CoreCount"":2,""MemorySize"":8,""OperatingSystem"":""Linux"",""x_Tenancy"":""Shared""}",urn:focus-sample:aws:eu-west-1:200000000014:compute-fleet:fleet81821dcc78b4ad39379b9097,fleet81821dcc78b4ad39379b9097,Compute Fleet,eu-west-1,EU (Ireland),eu-west-1b,arn:aws:savingsplans:eu-west-1::savingsplan/288b3e1fc8867a77,ComputeSavingsPlan-1yr-NoUpfront,Spend,Savings Plan,Used,32.016,USD,,,"{""Environment"":""dev"",""CostCenter"":""cc-2087"",""Owner"":""team-payments"",""SyntheticFleetSize"":""500""}"
AWS,AWS,AWS,INV-2026-05-0002,100000000002,ExampleCorp Secondary Payer,Payer Account,200000000014,sandbox-dev,Linked Account,2026-05-01T00:00:00Z,2026-06-01T00:00:00Z,2026-05-25T02:00:00Z,2026-05-25T03:00:00Z,Purchase,,"Savings Plan commitment, amortised for the charge period",Recurring,32.016,0,32.016,32.016,1,1,Standard,32.016,USD,USD,1.0000000000,0,1.0000000000,USD,,,AmazonEC2,Compute,Virtual Machines,SKU-53792a378695e386e0280d5c,Commitment,SPRICE-56a7b3778b922200186036dc,"{""x_PurchaseTerm"":""1yr"",""x_PaymentOption"":""NoUpfront""}",arn:aws:savingsplans:eu-west-1::savingsplan/288b3e1fc8867a77,savingsplan-0135c70b084e,Savings Plan,eu-west-1,EU (Ireland),,arn:aws:savingsplans:eu-west-1::savingsplan/288b3e1fc8867a77,ComputeSavingsPlan-1yr-NoUpfront,Spend,Savings Plan,,32.016,USD,,,"{""Environment"":""dev"",""CostCenter"":""cc-1042"",""Owner"":""team-payments""}"
AWS,AWS,AWS,INV-2026-05-0002,100000000002,ExampleCorp Secondary Payer,Payer Account,200000000014,sandbox-dev,Linked Account,2026-05-01T00:00:00Z,2026-06-01T00:00:00Z,2026-05-25T02:00:00Z,2026-05-25T03:00:00Z,Usage,,AmazonEC2 committed usage of 500 machine-equivalents,Usage-Based,0,32.016,48,43.2,0.0960000000,0.0864000000,Committed,500,Hours,USD,0.0864000000,32.016,0.0960000000,USD,500,Hours,AmazonEC2,Compute,Virtual Machines,SKU-ca9c2ba97f0b30fb137ef130,Compute,SPRICE-d7f4030fc2a8b65799f6b437,"{""InstanceType"":""m6i.large"",""InstanceSeries"":""M6i"",""CoreCount"":2,""MemorySize"":8,""OperatingSystem"":""Linux"",""x_Tenancy"":""Shared""}",urn:focus-sample:aws:eu-west-1:200000000014:compute-fleet:fleet81821dcc78b4ad39379b9097,fleet81821dcc78b4ad39379b9097,Compute Fleet,eu-west-1,EU (Ireland),eu-west-1b,arn:aws:savingsplans:eu-west-1::savingsplan/288b3e1fc8867a77,ComputeSavingsPlan-1yr-NoUpfront,Spend,Savings Plan,Used,32.016,USD,,,"{""Environment"":""staging"",""CostCenter"":""cc-1042"",""Owner"":""team-data"",""SyntheticFleetSize"":""500""}"
AWS,AWS,AWS,INV-2026-05-0002,100000000002,ExampleCorp Secondary Payer,Payer Account,200000000014,sandbox-dev,Linked Account,2026-05-01T00:00:00Z,2026-06-01T00:00:00Z,2026-05-25T03:00:00Z,2026-05-25T04:00:00Z,Purchase,,"Savings Plan commitment, amortised for the charge period",Recurring,32.016,0,32.016,32.016,1,1,Standard,32.016,USD,USD,1.0000000000,0,1.0000000000,USD,,,AmazonEC2,Compute,Virtual Machines,SKU-53792a378695e386e0280d5c,Commitment,SPRICE-56a7b3778b922200186036dc,"{""x_PurchaseTerm"":""1yr"",""x_PaymentOption"":""NoUpfront""}",arn:aws:savingsplans:eu-west-1::savingsplan/288b3e1fc8867a77,savingsplan-0135c70b084e,Savings Plan,eu-west-1,EU (Ireland),,arn:aws:savingsplans:eu-west-1::savingsplan/288b3e1fc8867a77,ComputeSavingsPlan-1yr-NoUpfront,Spend,Savings Plan,,32.016,USD,,,"{""Environment"":""dev"",""CostCenter"":""cc-1042"",""Owner"":""team-data""}"
AWS,AWS,AWS,INV-2026-05-0002,100000000002,ExampleCorp Secondary Payer,Payer Account,200000000014,sandbox-dev,Linked Account,2026-05-01T00:00:00Z,2026-06-01T00:00:00Z,2026-05-25T03:00:00Z,2026-05-25T04:00:00Z,Usage,,AmazonEC2 committed usage of 500 machine-equivalents,Usage-Based,0,32.016,48,43.2,0.0960000000,0.0864000000,Committed,500,Hours,USD,0.0864000000,32.016,0.0960000000,USD,500,Hours,AmazonEC2,Compute,Virtual Machines,SKU-ca9c2ba97f0b30fb137ef130,Compute,SPRICE-d7f4030fc2a8b65799f6b437,"{""InstanceType"":""m6i.large"",""InstanceSeries"":""M6i"",""CoreCount"":2,""MemorySize"":8,""OperatingSystem"":""Linux"",""x_Tenancy"":""Shared""}",urn:focus-sample:aws:eu-west-1:200000000014:compute-fleet:fleet81821dcc78b4ad39379b9097,fleet81821dcc78b4ad39379b9097,Compute Fleet,eu-west-1,EU (Ireland),eu-west-1b,arn:aws:savingsplans:eu-west-1::savingsplan/288b3e1fc8867a77,ComputeSavingsPlan-1yr-NoUpfront,Spend,Savings Plan,Used,32.016,USD,,,"{""Environment"":""prod"",""CostCenter"":""cc-1042"",""Owner"":""team-platform"",""SyntheticFleetSize"":""500""}"
AWS,AWS,AWS,INV-2026-05-0002,100000000002,ExampleCorp Secondary Payer,Payer Account,200000000014,sandbox-dev,Linked Account,2026-05-01T00:00:00Z,2026-06-01T00:00:00Z,2026-05-25T04:00:00Z,2026-05-25T05:00:00Z,Purchase,,"Savings Plan commitment, amortised for the charge period",Recurring,32.016,0,32.016,32.016,1,1,Standard,32.016,USD,USD,1.0000000000,0,1.0000000000,USD,,,AmazonEC2,Compute,Virtual Machines,SKU-53792a378695e386e0280d5c,Commitment,SPRICE-56a7b3778b922200186036dc,"{""x_PurchaseTerm"":""1yr"",""x_PaymentOption"":""NoUpfront""}",arn:aws:savingsplans:eu-west-1::savingsplan/288b3e1fc8867a77,savingsplan-0135c70b084e,Savings Plan,eu-west-1,EU (Ireland),,arn:aws:savingsplans:eu-west-1::savingsplan/288b3e1fc8867a77,ComputeSavingsPlan-1yr-NoUpfront,Spend,Savings Plan,,32.016,USD,,,"{""Environment"":""staging"",""CostCenter"":""cc-2087"",""Owner"":""team-platform""}"
AWS,AWS,AWS,INV-2026-05-0002,100000000002,ExampleCorp Secondary Payer,Payer Account,200000000014,sandbox-dev,Linked Account,2026-05-01T00:00:00Z,2026-06-01T00:00:00Z,2026-05-25T04:00:00Z,2026-05-25T05:00:00Z,Usage,,AmazonEC2 committed usage of 500 machine-equivalents,Usage-Based,0,32.016,48,43.2,0.0960000000,0.0864000000,Committed,500,Hours,USD,0.0864000000,32.016,0.0960000000,USD,500,Hours,AmazonEC2,Compute,Virtual Machines,SKU-ca9c2ba97f0b30fb137ef130,Compute,SPRICE-d7f4030fc2a8b65799f6b437,"{""InstanceType"":""m6i.large"",""InstanceSeries"":""M6i"",""CoreCount"":2,""MemorySize"":8,""OperatingSystem"":""Linux"",""x_Tenancy"":""Shared""}",urn:focus-sample:aws:eu-west-1:200000000014:compute-fleet:fleet81821dcc78b4ad39379b9097,fleet81821dcc78b4ad39379b9097,Compute Fleet,eu-west-1,EU (Ireland),eu-west-1b,arn:aws:savingsplans:eu-west-1::savingsplan/288b3e1fc8867a77,ComputeSavingsPlan-1yr-NoUpfront,Spend,Savings Plan,Used,32.016,USD,,,"{""Environment"":""dev"",""CostCenter"":""cc-2087"",""Owner"":""team-data"",""SyntheticFleetSize"":""500""}"
AWS,AWS,AWS,INV-2026-05-0002,100000000002,ExampleCorp Secondary Payer,Payer Account,200000000014,sandbox-dev,Linked Account,2026-05-01T00:00:00Z,2026-06-01T00:00:00Z,2026-05-25T05:00:00Z,2026-05-25T06:00:00Z,Purchase,,"Savings Plan commitment, amortised for the charge period",Recurring,32.016,0,32.016,32.016,1,1,Standard,32.016,USD,USD,1.0000000000,0,1.0000000000,USD,,,AmazonEC2,Compute,Virtual Machines,SKU-53792a378695e386e0280d5c,Commitment,SPRICE-56a7b3778b922200186036dc,"{""x_PurchaseTerm"":""1yr"",""x_PaymentOption"":""NoUpfront""}",arn:aws:savingsplans:eu-west-1::savingsplan/288b3e1fc8867a77,savingsplan-0135c70b084e,Savings Plan,eu-west-1,EU (Ireland),,arn:aws:savingsplans:eu-west-1::savingsplan/288b3e1fc8867a77,ComputeSavingsPlan-1yr-NoUpfront,Spend,Savings Plan,,32.016,USD,,,"{""Environment"":""dev"",""CostCenter"":""cc-1042"",""Owner"":""team-payments""}"
AWS,AWS,AWS,INV-2026-05-0002,100000000002,ExampleCorp Secondary Payer,Payer Account,200000000014,sandbox-dev,Linked Account,2026-05-01T00:00:00Z,2026-06-01T00:00:00Z,2026-05-25T05:00:00Z,2026-05-25T06:00:00Z,Usage,,AmazonEC2 committed usage of 500 machine-equivalents,Usage-Based,0,32.016,48,43.2,0.0960000000,0.0864000000,Committed,500,Hours,USD,0.0864000000,32.016,0.0960000000,USD,500,Hours,AmazonEC2,Compute,Virtual Machines,SKU-ca9c2ba97f0b30fb137ef130,Compute,SPRICE-d7f4030fc2a8b65799f6b437,"{""InstanceType"":""m6i.large"",""InstanceSeries"":""M6i"",""CoreCount"":2,""MemorySize"":8,""OperatingSystem"":""Linux"",""x_Tenancy"":""Shared""}",urn:focus-sample:aws:eu-west-1:200000000014:compute-fleet:fleet81821dcc78b4ad39379b9097,fleet81821dcc78b4ad39379b9097,Compute Fleet,eu-west-1,EU (Ireland),eu-west-1b,arn:aws:savingsplans:eu-west-1::savingsplan/288b3e1fc8867a77,ComputeSavingsPlan-1yr-NoUpfront,Spend,Savings Plan,Used,32.016,USD,,,"{""Environment"":""dev"",""CostCenter"":""cc-3110"",""Owner"":""team-payments"",""SyntheticFleetSize"":""500""}"
AWS,AWS,AWS,INV-2026-05-0002,100000000002,ExampleCorp Secondary Payer,Payer Account,200000000014,sandbox-dev,Linked Account,2026-05-01T00:00:00Z,2026-06-01T00:00:00Z,2026-05-25T06:00:00Z,2026-05-25T07:00:00Z,Purchase,,"Savings Plan commitment, amortised for the charge period",Recurring,32.016,0,32.016,32.016,1,1,Standard,32.016,USD,USD,1.0000000000,0,1.0000000000,USD,,,AmazonEC2,Compute,Virtual Machines,SKU-53792a378695e386e0280d5c,Commitment,SPRICE-56a7b3778b922200186036dc,"{""x_PurchaseTerm"":""1yr"",""x_PaymentOption"":""NoUpfront""}",arn:aws:savingsplans:eu-west-1::savingsplan/288b3e1fc8867a77,savingsplan-0135c70b084e,Savings Plan,eu-west-1,EU (Ireland),,arn:aws:savingsplans:eu-west-1::savingsplan/288b3e1fc8867a77,ComputeSavingsPlan-1yr-NoUpfront,Spend,Savings Plan,,32.016,USD,,,"{""Environment"":""prod"",""CostCenter"":""cc-1042"",""Owner"":""team-platform""}"
AWS,AWS,AWS,INV-2026-05-0002,100000000002,ExampleCorp Secondary Payer,Payer Account,200000000014,sandbox-dev,Linked Account,2026-05-01T00:00:00Z,2026-06-01T00:00:00Z,2026-05-25T06:00:00Z,2026-05-25T07:00:00Z,Usage,,AmazonEC2 committed usage of 500 machine-equivalents,Usage-Based,0,32.016,48,43.2,0.0960000000,0.0864000000,Committed,500,Hours,USD,0.0864000000,32.016,0.0960000000,USD,500,Hours,AmazonEC2,Compute,Virtual Machines,SKU-ca9c2ba97f0b30fb137ef130,Compute,SPRICE-d7f4030fc2a8b65799f6b437,"{""InstanceType"":""m6i.large"",""InstanceSeries"":""M6i"",""CoreCount"":2,""MemorySize"":8,""OperatingSystem"":""Linux"",""x_Tenancy"":""Shared""}",urn:focus-sample:aws:eu-west-1:200000000014:compute-fleet:fleet81821dcc78b4ad39379b9097,fleet81821dcc78b4ad39379b9097,Compute Fleet,eu-west-1,EU (Ireland),eu-west-1b,arn:aws:savingsplans:eu-west-1::savingsplan/288b3e1fc8867a77,ComputeSavingsPlan-1yr-NoUpfront,Spend,Savings Plan,Used,32.016,USD,,,"{""Environment"":""dev"",""CostCenter"":""cc-3110"",""Owner"":""team-platform"",""SyntheticFleetSize"":""500""}"
AWS,AWS,AWS,INV-2026-05-0002,100000000002,ExampleCorp Secondary Payer,Payer Account,200000000014,sandbox-dev,Linked Account,2026-05-01T00:00:00Z,2026-06-01T00:00:00Z,2026-05-25T07:00:00Z,2026-05-25T08:00:00Z,Purchase,,"Savings Plan commitment, amortised for the charge period",Recurring,32.016,0,32.016,32.016,1,1,Standard,32.016,USD,USD,1.0000000000,0,1.0000000000,USD,,,AmazonEC2,Compute,Virtual Machines,SKU-53792a378695e386e0280d5c,Commitment,SPRICE-56a7b3778b922200186036dc,"{""x_PurchaseTerm"":""1yr"",""x_PaymentOption"":""NoUpfront""}",arn:aws:savingsplans:eu-west-1::savingsplan/288b3e1fc8867a77,savingsplan-0135c70b084e,Savings Plan,eu-west-1,EU (Ireland),,arn:aws:savingsplans:eu-west-1::savingsplan/288b3e1fc8867a77,ComputeSavingsPlan-1yr-NoUpfront,Spend,Savings Plan,,32.016,USD,,,"{""Environment"":""prod"",""CostCenter"":""cc-2087"",""Owner"":""team-data""}"
AWS,AWS,AWS,INV-2026-05-0002,100000000002,ExampleCorp Secondary Payer,Payer Account,200000000014,sandbox-dev,Linked Account,2026-05-01T00:00:00Z,2026-06-01T00:00:00Z,2026-05-25T07:00:00Z,2026-05-25T08:00:00Z,Usage,,AmazonEC2 committed usage of 500 machine-equivalents,Usage-Based,0,32.016,48,43.2,0.0960000000,0.0864000000,Committed,500,Hours,USD,0.0864000000,32.016,0.0960000000,USD,500,Hours,AmazonEC2,Compute,Virtual Machines,SKU-ca9c2ba97f0b30fb137ef130,Compute,SPRICE-d7f4030fc2a8b65799f6b437,"{""InstanceType"":""m6i.large"",""InstanceSeries"":""M6i"",""CoreCount"":2,""MemorySize"":8,""OperatingSystem"":""Linux"",""x_Tenancy"":""Shared""}",urn:focus-sample:aws:eu-west-1:200000000014:compute-fleet:fleet81821dcc78b4ad39379b9097,fleet81821dcc78b4ad39379b9097,Compute Fleet,eu-west-1,EU (Ireland),eu-west-1b,arn:aws:savingsplans:eu-west-1::savingsplan/288b3e1fc8867a77,ComputeSavingsPlan-1yr-NoUpfront,Spend,Savings Plan,Used,32.016,USD,,,"{""Environment"":""dev"",""CostCenter"":""cc-1042"",""Owner"":""team-platform"",""SyntheticFleetSize"":""500""}"
AWS,AWS,AWS,INV-2026-05-0002,100000000002,ExampleCorp Secondary Payer,Payer Account,200000000014,sandbox-dev,Linked Account,2026-05-01T00:00:00Z,2026-06-01T00:00:00Z,2026-05-25T08:00:00Z,2026-05-25T09:00:00Z,Purchase,,"Savings Plan commitment, amortised for the charge period",Recurring,32.016,0,32.016,32.016,1,1,Standard,32.016,USD,USD,1.0000000000,0,1.0000000000,USD,,,AmazonEC2,Compute,Virtual Machines,SKU-53792a378695e386e0280d5c,Commitment,SPRICE-56a7b3778b922200186036dc,"{""x_PurchaseTerm"":""1yr"",""x_PaymentOption"":""NoUpfront""}",arn:aws:savingsplans:eu-west-1::savingsplan/288b3e1fc8867a77,savingsplan-0135c70b084e,Savings Plan,eu-west-1,EU (Ireland),,arn:aws:savingsplans:eu-west-1::savingsplan/288b3e1fc8867a77,ComputeSavingsPlan-1yr-NoUpfront,Spend,Savings Plan,,32.016,USD,,,"{""Environment"":""staging"",""CostCenter"":""cc-2087"",""Owner"":""team-payments""}"
AWS,AWS,AWS,INV-2026-05-0002,100000000002,ExampleCorp Secondary Payer,Payer Account,200000000014,sandbox-dev,Linked Account,2026-05-01T00:00:00Z,2026-06-01T00:00:00Z,2026-05-25T08:00:00Z,2026-05-25T09:00:00Z,Usage,,AmazonEC2 committed usage of 500 machine-equivalents,Usage-Based,0,32.016,48,43.2,0.0960000000,0.0864000000,Committed,500,Hours,USD,0.0864000000,32.016,0.0960000000,USD,500,Hours,AmazonEC2,Compute,Virtual Machines,SKU-ca9c2ba97f0b30fb137ef130,Compute,SPRICE-d7f4030fc2a8b65799f6b437,"{""InstanceType"":""m6i.large"",""InstanceSeries"":""M6i"",""CoreCount"":2,""MemorySize"":8,""OperatingSystem"":""Linux"",""x_Tenancy"":""Shared""}",urn:focus-sample:aws:eu-west-1:200000000014:compute-fleet:fleet81821dcc78b4ad39379b9097,fleet81821dcc78b4ad39379b9097,Compute Fleet,eu-west-1,EU (Ireland),eu-west-1b,arn:aws:savingsplans:eu-west-1::savingsplan/288b3e1fc8867a77,ComputeSavingsPlan-1yr-NoUpfront,Spend,Savings Plan,Used,32.016,USD,,,"{""Environment"":""dev"",""CostCenter"":""cc-2087"",""Owner"":""team-platform"",""SyntheticFleetSize"":""500""}"
AWS,AWS,AWS,INV-2026-05-0002,100000000002,ExampleCorp Secondary Payer,Payer Account,200000000014,sandbox-dev,Linked Account,2026-05-01T00:00:00Z,2026-06-01T00:00:00Z,2026-05-25T09:00:00Z,2026-05-25T10:00:00Z,Purchase,,"Savings Plan commitment, amortised for the charge period",Recurring,32.016,0,32.016,32.016,1,1,Standard,32.016,USD,USD,1.0000000000,0,1.0000000000,USD,,,AmazonEC2,Compute,Virtual Machines,SKU-53792a378695e386e0280d5c,Commitment,SPRICE-56a7b3778b922200186036dc,"{""x_PurchaseTerm"":""1yr"",""x_PaymentOption"":""NoUpfront""}",arn:aws:savingsplans:eu-west-1::savingsplan/288b3e1fc8867a77,savingsplan-0135c70b084e,Savings Plan,eu-west-1,EU (Ireland),,arn:aws:savingsplans:eu-west-1::savingsplan/288b3e1fc8867a77,ComputeSavingsPlan-1yr-NoUpfront,Spend,Savings Plan,,32.016,USD,,,"{""Environment"":""dev"",""CostCenter"":""cc-3110"",""Owner"":""team-data""}"
AWS,AWS,AWS,INV-2026-05-0002,100000000002,ExampleCorp Secondary Payer,Payer Account,200000000014,sandbox-dev,Linked Account,2026-05-01T00:00:00Z,2026-06-01T00:00:00Z,2026-05-25T09:00:00Z,2026-05-25T10:00:00Z,Usage,,AmazonEC2 committed usage of 500 machine-equivalents,Usage-Based,0,32.016,48,43.2,0.0960000000,0.0864000000,Committed,500,Hours,USD,0.0864000000,32.016,0.0960000000,USD,500,Hours,AmazonEC2,Compute,Virtual Machines,SKU-ca9c2ba97f0b30fb137ef130,Compute,SPRICE-d7f4030fc2a8b65799f6b437,"{""InstanceType"":""m6i.large"",""InstanceSeries"":""M6i"",""CoreCount"":2,""MemorySize"":8,""OperatingSystem"":""Linux"",""x_Tenancy"":""Shared""}",urn:focus-sample:aws:eu-west-1:200000000014:compute-fleet:fleet81821dcc78b4ad39379b9097,fleet81821dcc78b4ad39379b9097,Compute Fleet,eu-west-1,EU (Ireland),eu-west-1b,arn:aws:savingsplans:eu-west-1::savingsplan/288b3e1fc8867a77,ComputeSavingsPlan-1yr-NoUpfront,Spend,Savings Plan,Used,32.016,USD,,,"{""Environment"":""staging"",""CostCenter"":""cc-1042"",""Owner"":""team-data"",""SyntheticFleetSize"":""500""}"
AWS,AWS,AWS,INV-2026-05-0002,100000000002,ExampleCorp Secondary Payer,Payer Account,200000000014,sandbox-dev,Linked Account,2026-05-01T00:00:00Z,2026-06-01T00:00:00Z,2026-05-25T10:00:00Z,2026-05-25T11:00:00Z,Purchase,,"Savings Plan commitment, amortised for the charge period",Recurring,32.016,0,32.016,32.016,1,1,Standard,32.016,USD,USD,1.0000000000,0,1.0000000000,USD,,,AmazonEC2,Compute,Virtual Machines,SKU-53792a378695e386e0280d5c,Commitment,SPRICE-56a7b3778b922200186036dc,"{""x_PurchaseTerm"":""1yr"",""x_PaymentOption"":""NoUpfront""}",arn:aws:savingsplans:eu-west-1::savingsplan/288b3e1fc8867a77,savingsplan-0135c70b084e,Savings Plan,eu-west-1,EU (Ireland),,arn:aws:savingsplans:eu-west-1::savingsplan/288b3e1fc8867a77,ComputeSavingsPlan-1yr-NoUpfront,Spend,Savings Plan,,32.016,USD,,,"{""Environment"":""dev"",""CostCenter"":""cc-3110"",""Owner"":""team-payments""}"
AWS,AWS,AWS,INV-2026-05-0002,100000000002,ExampleCorp Secondary Payer,Payer Account,200000000014,sandbox-dev,Linked Account,2026-05-01T00:00:00Z,2026-06-01T00:00:00Z,2026-05-25T10:00:00Z,2026-05-25T11:00:00Z,Usage,,Savings Plan unused commitment,Usage-Based,0,32.016,32.016,32.016,1,1,Committed,32.016,USD,USD,1.0000000000,32.016,1.0000000000,USD,,,AmazonEC2,Compute,Virtual Machines,SKU-53792a378695e386e0280d5c,Commitment,SPRICE-56a7b3778b922200186036dc,"{""x_PurchaseTerm"":""1yr"",""x_PaymentOption"":""NoUpfront""}",arn:aws:savingsplans:eu-west-1::savingsplan/288b3e1fc8867a77,savingsplan-0135c70b084e,Savings Plan,eu-west-1,EU (Ireland),,arn:aws:savingsplans:eu-west-1::savingsplan/288b3e1fc8867a77,ComputeSavingsPlan-1yr-NoUpfront,Spend,Savings Plan,Unused,32.016,USD,,,"{""Environment"":""prod"",""CostCenter"":""cc-1042"",""Owner"":""team-payments""}"
AWS,AWS,AWS,INV-2026-05-0002,100000000002,ExampleCorp Secondary Payer,Payer Account,200000000014,sandbox-dev,Linked Account,2026-05-01T00:00:00Z,2026-06-01T00:00:00Z,2026-05-25T11:00:00Z,2026-05-25T12:00:00Z,Purchase,,"Savings Plan commitment, amortised for the charge period",Recurring,32.016,0,32.016,32.016,1,1,Standard,32.016,USD,USD,1.0000000000,0,1.0000000000,USD,,,AmazonEC2,Compute,Virtual Machines,SKU-53792a378695e386e0280d5c,Commitment,SPRICE-56a7b3778b922200186036dc,"{""x_PurchaseTerm"":""1yr"",""x_PaymentOption"":""NoUpfront""}",arn:aws:savingsplans:eu-west-1::savingsplan/288b3e1fc8867a77,savingsplan-0135c70b084e,Savings Plan,eu-west-1,EU (Ireland),,arn:aws:savingsplans:eu-west-1::savingsplan/288b3e1fc8867a77,ComputeSavingsPlan-1yr-NoUpfront,Spend,Savings Plan,,32.016,USD,,,"{""Environment"":""dev"",""CostCenter"":""cc-2087"",""Owner"":""team-payments""}"
AWS,AWS,AWS,INV-2026-05-0002,100000000002,ExampleCorp Secondary Payer,Payer Account,200000000014,sandbox-dev,Linked Account,2026-05-01T00:00:00Z,2026-06-01T00:00:00Z,2026-05-25T11:00:00Z,2026-05-25T12:00:00Z,Usage,,Savings Plan unused commitment,Usage-Based,0,32.016,32.016,32.016,1,1,Committed,32.016,USD,USD,1.0000000000,32.016,1.0000000000,USD,,,AmazonEC2,Compute,Virtual Machines,SKU-53792a378695e386e0280d5c,Commitment,SPRICE-56a7b3778b922200186036dc,"{""x_PurchaseTerm"":""1yr"",""x_PaymentOption"":""NoUpfront""}",arn:aws:savingsplans:eu-west-1::savingsplan/288b3e1fc8867a77,savingsplan-0135c70b084e,Savings Plan,eu-west-1,EU (Ireland),,arn:aws:savingsplans:eu-west-1::savingsplan/288b3e1fc8867a77,ComputeSavingsPlan-1yr-NoUpfront,Spend,Savings Plan,Unused,32.016,USD,,,"{""Environment"":""staging"",""CostCenter"":""cc-2087"",""Owner"":""team-data""}"
AWS,AWS,AWS,INV-2026-05-0002,100000000002,ExampleCorp Secondary Payer,Payer Account,200000000014,sandbox-dev,Linked Account,2026-05-01T00:00:00Z,2026-06-01T00:00:00Z,2026-05-12T00:00:00Z,2026-05-13T00:00:00Z,Usage,,NAT gateway data processed,Usage-Based,4.76401095,4.76401095,5.2933455,4.76401095,0.0450000000,0.0405000000,Standard,117.6299,GB,USD,0.0405000000,4.76401095,0.0450000000,USD,117.6299,GB,AmazonVPC,Networking,Network Connectivity,SKU-3d9b08c72ec44814e0bd4e25,Data Transfer,SPRICE-5df2ff31768360bf23008ec4,"{""x_TransferType"":""InterAZ""}",arn:aws:ec2:eu-west-1:200000000014:natgateway/nat-f7fa9b9e4260,nat-f7fa9b9e4260,NAT Gateway,eu-west-1,EU (Ireland),,,,,,,,,,,"{""Environment"":""prod"",""CostCenter"":""cc-2087"",""Owner"":""team-platform""}"
AWS,AWS,AWS,INV-2026-05-0002,100000000002,ExampleCorp Secondary Payer,Payer Account,200000000013,data-analytics,Linked Account,2026-05-01T00:00:00Z,2026-06-01T00:00:00Z,2026-05-17T00:00:00Z,2026-05-18T00:00:00Z,Tax,,Synthetic tax 10% on usage record 129: AmazonCloudWatch,One-Time,0.4421385,0.4421385,0.491265,0.4421385,,,,,,USD,,0.4421385,,USD,,,AmazonCloudWatch,Management and Governance,Observability,,,,,,,,,,,,,,,,,,,,"{""Environment"":""staging"",""CostCenter"":""cc-2087"",""Owner"":""team-platform""}"
AWS,AWS,AWS,INV-2026-05-0002,100000000002,ExampleCorp Secondary Payer,Payer Account,200000000013,data-analytics,Linked Account,2026-05-01T00:00:00Z,2026-06-01T00:00:00Z,2026-05-14T00:00:00Z,2026-05-15T00:00:00Z,Usage,,NAT gateway data processed,Usage-Based,15.07133385,15.07133385,16.7459265,15.07133385,0.0450000000,0.0405000000,Standard,372.1317,GB,USD,0.0405000000,15.07133385,0.0450000000,USD,372.1317,GB,AmazonVPC,Networking,Network Connectivity,SKU-0a48b40b1fa86593309c0c4c,Data Transfer,SPRICE-b948c57b4c22bb2955afff1a,"{""x_TransferType"":""InterAZ""}",arn:aws:ec2:ap-southeast-1:200000000013:natgateway/nat-828ff6ea19af,nat-828ff6ea19af,NAT Gateway,ap-southeast-1,Asia Pacific (Singapore),,,,,,,,,,,"{""Environment"":""prod"",""CostCenter"":""cc-2087"",""Owner"":""team-payments""}"
AWS,AWS,AWS,INV-2026-05-0001,100000000001,ExampleCorp Master Payer,Payer Account,200000000013,data-analytics,Linked Account,2026-05-01T00:00:00Z,2026-06-01T00:00:00Z,2026-05-15T00:00:00Z,2026-05-16T00:00:00Z,Usage,,NAT gateway data processed,Usage-Based,3.38349555,3.38349555,3.7594395,3.38349555,0.0450000000,0.0405000000,Standard,83.5431,GB,USD,0.0405000000,3.38349555,0.0450000000,USD,83.5431,GB,AmazonVPC,Networking,Network Connectivity,SKU-38ae1a660e2cadb9d64ca8e5,Data Transfer,SPRICE-974405df44bbf0808ce048b9,"{""x_TransferType"":""InterAZ""}",arn:aws:ec2:us-west-2:200000000013:natgateway/nat-40983b44c057,nat-40983b44c057,NAT Gateway,us-west-2,US West (Oregon),,,,,,,,,,,"{""Environment"":""prod"",""CostCenter"":""cc-1042"",""Owner"":""team-platform""}"
AWS,AWS,AWS,INV-2026-05-0002,100000000002,ExampleCorp Secondary Payer,Payer Account,200000000013,data-analytics,Linked Account,2026-05-01T00:00:00Z,2026-06-01T00:00:00Z,2026-05-16T00:00:00Z,2026-05-17T00:00:00Z,Usage,,DynamoDB on-demand write requests,Usage-Based,5.2147783938375,5.2147783938375,5.794198215375,5.2147783938375,0.0000012500,0.0000011250,Standard,4635358.5723,Requests,USD,0.0000011250,5.2147783938375,0.0000012500,USD,4635358.5723,Requests,AmazonDynamoDB,Databases,NoSQL Databases,SKU-687affd9645b52f0bac81a2c,Database,SPRICE-716c8854825bf7430db8e755,"{""x_CapacityMode"":""On-Demand""}",arn:aws:dynamodb:us-west-2:200000000013:table/table-c038edadb521,table-c038edadb521,DynamoDB Table,us-west-2,US West (Oregon),,,,,,,,,,,"{""Environment"":""dev"",""CostCenter"":""cc-3110"",""Owner"":""team-payments""}"
AWS,AWS,AWS,INV-2026-05-0002,100000000002,ExampleCorp Secondary Payer,Payer Account,200000000013,data-analytics,Linked Account,2026-05-01T00:00:00Z,2026-06-01T00:00:00Z,2026-05-13T00:00:00Z,2026-05-14T00:00:00Z,Tax,,Synthetic tax 10% on usage record 237: AWSGlue,One-Time,3.1214502,3.1214502,3.468278,3.1214502,,,,,,USD,,3.1214502,,USD,,,AWSGlue,Analytics,Data Processing,,,,,,,,,,,,,,,,,,,,"{""Environment"":""dev"",""CostCenter"":""cc-2087"",""Owner"":""team-payments""}"
AWS,AWS,AWS,INV-2026-05-0002,100000000002,ExampleCorp Secondary Payer,Payer Account,200000000011,prod-platform,Linked Account,2026-05-01T00:00:00Z,2026-06-01T00:00:00Z,2026-05-01T00:00:00Z,2026-06-01T00:00:00Z,Usage,,S3 Standard storage,Usage-Based,6.9751548,6.9751548,7.750172,6.9751548,0.0230000000,0.0207000000,Standard,336.9640,GB-Months,USD,0.0207000000,6.9751548,0.0230000000,USD,336.9640,GB-Months,AmazonS3,Storage,Object Storage,SKU-36fb3a972f2cdabe2e87e8f5,Storage,SPRICE-2e0d1e6fc7695c1a2fe50a1a,"{""StorageClass"":""Standard"",""Redundancy"":""Zonal""}",arn:aws:s3:us-west-2:200000000011:bucket/bucket-8604fb87a6c1,bucket-8604fb87a6c1,S3 Bucket,us-west-2,US West (Oregon),,,,,,,,,,,"{""Environment"":""dev"",""CostCenter"":""cc-2087"",""Owner"":""team-platform""}"
AWS,AWS,AWS,INV-2026-05-0002,100000000002,ExampleCorp Secondary Payer,Payer Account,200000000011,prod-platform,Linked Account,2026-05-01T00:00:00Z,2026-06-01T00:00:00Z,2026-05-19T00:00:00Z,2026-05-20T00:00:00Z,Usage,,Glue ETL job run,Usage-Based,10.1381544,10.1381544,11.264616,10.1381544,0.4400000000,0.3960000000,Standard,25.6014,DPU-Hours,USD,0.3960000000,10.1381544,0.4400000000,USD,25.6014,DPU-Hours,AWSGlue,Analytics,Data Processing,SKU-8cd75c3064ca6c4c85c43ce6,Data Processing,SPRICE-31964d215aa8bccf440b844b,"{""x_WorkerType"":""G.1X""}",arn:aws:glue:eu-west-1:200000000011:job/job-ca54deb67218,job-ca54deb67218,Glue Job,eu-west-1,EU (Ireland),,,,,,,,,,,"{""Environment"":""staging"",""CostCenter"":""cc-3110"",""Owner"":""team-payments""}"
AWS,AWS,AWS,INV-2026-05-0001,100000000001,ExampleCorp Master Payer,Payer Account,200000000011,prod-platform,Linked Account,2026-05-01T00:00:00Z,2026-06-01T00:00:00Z,2026-05-01T00:00:00Z,2026-06-01T00:00:00Z,Usage,,S3 Standard storage,Usage-Based,142.60452318,142.60452318,158.4494702,142.60452318,0.0230000000,0.0207000000,Standard,6889.1074,GB-Months,USD,0.0207000000,142.60452318,0.0230000000,USD,6889.1074,GB-Months,AmazonS3,Storage,Object Storage,SKU-ca447aa86bf44972e43c1f69,Storage,SPRICE-92e9b7d21ce3c83c68f72f47,"{""StorageClass"":""Standard"",""Redundancy"":""Zonal""}",arn:aws:s3:us-east-1:200000000011:bucket/bucket-719875e21529,bucket-719875e21529,S3 Bucket,us-east-1,US East (N. Virginia),,,,,,,,,,,"{""Environment"":""prod"",""CostCenter"":""cc-3110"",""Owner"":""team-platform""}"
AWS,AWS,AWS,INV-2026-05-0002,100000000002,ExampleCorp Secondary Payer,Payer Account,200000000011,prod-platform,Linked Account,2026-05-01T00:00:00Z,2026-06-01T00:00:00Z,2026-05-21T00:00:00Z,2026-05-22T00:00:00Z,Purchase,,AmazonRDS subscription fee,Recurring,443.43,443.43,443.43,443.43,443.43,443.43,Standard,1,Units,USD,443.4300000000,443.43,443.4300000000,USD,,,AmazonRDS,Databases,Relational Databases,SKU-62e7fe01dd1843e03953406e,Subscription,SPRICE-95f134e2a467d37759f50d79,"{""x_ChargeType"": ""SubscriptionFee""}",arn:aws:rds:us-east-1:200000000011:db/db-decb5a870a6a,db-decb5a870a6a,RDS Instance,us-east-1,US East (N. Virginia),,,,,,,,,,,"{""Environment"":""dev"",""CostCenter"":""cc-2087"",""Owner"":""team-data""}"
AWS,AWS,AWS,INV-2026-05-0001,100000000001,ExampleCorp Master Payer,Payer Account,200000000014,sandbox-dev,Linked Account,2026-05-01T00:00:00Z,2026-06-01T00:00:00Z,2026-05-26T09:00:00Z,2026-05-26T10:00:00Z,Usage,,RDS PostgreSQL db.r6g.large,Usage-Based,0.216,0.216,0.24,0.216,0.2400000000,0.2160000000,Standard,1.0000,Hours,USD,0.2160000000,0.216,0.2400000000,USD,1.0000,Hours,AmazonRDS,Databases,Relational Databases,SKU-89bc59af83de149a442b21d0,Database,SPRICE-887d5388c52a801df4d42ba1,"{""InstanceType"":""db.r6g.large"",""InstanceSeries"":""R6g"",""CoreCount"":2,""MemorySize"":16,""x_Engine"":""PostgreSQL""}",arn:aws:rds:us-east-1:200000000014:db/db-53fc80ee0937,db-53fc80ee0937,RDS Instance,us-east-1,US East (N. Virginia),,,,,,,,,,,"{""Environment"":""prod"",""CostCenter"":""cc-1042"",""Owner"":""team-platform""}"
AWS,AWS,AWS,INV-2026-05-0001,100000000001,ExampleCorp Master Payer,Payer Account,200000000011,prod-platform,Linked Account,2026-05-01T00:00:00Z,2026-06-01T00:00:00Z,2026-05-26T10:00:00Z,2026-05-26T11:00:00Z,Usage,,Lambda function duration,Usage-Based,12.73355154,12.73355154,14.1484188967812,12.73355154,0.0000166667,0.0000150000,Standard,848903.4360,GB-Seconds,USD,0.0000150000,12.73355154,0.0000166667,USD,848903.4360,GB-Seconds,AWSLambda,Compute,Serverless Compute,SKU-790dfdd7277c16aec9cf7656,Compute,SPRICE-55fe45e894424abc4a1bb3fe,"{""x_Runtime"":""python3.12"",""x_Architecture"":""arm64""}",arn:aws:lambda:us-west-2:200000000011:function/fn-145126bb119e,fn-145126bb119e,Lambda Function,us-west-2,US West (Oregon),,,,,,,,,,,"{""Environment"":""staging"",""CostCenter"":""cc-2087"",""Owner"":""team-data""}"
AWS,AWS,AWS,INV-2026-05-0002,100000000002,ExampleCorp Secondary Payer,Payer Account,200000000011,prod-platform,Linked Account,2026-05-01T00:00:00Z,2026-06-01T00:00:00Z,2026-05-24T00:00:00Z,2026-05-25T00:00:00Z,Usage,,NAT gateway data processed,Usage-Based,13.16134575,13.16134575,14.6237175,13.16134575,0.0450000000,0.0405000000,Standard,324.9715,GB,USD,0.0405000000,13.16134575,0.0450000000,USD,324.9715,GB,AmazonVPC,Networking,Network Connectivity,SKU-935abd9125f7268b4f0eb1ad,Data Transfer,SPRICE-130c94d71c797814c8e72b46,"{""x_TransferType"":""InterAZ""}",arn:aws:ec2:us-east-1:200000000011:natgateway/nat-fd3e91ea3980,nat-fd3e91ea3980,NAT Gateway,us-east-1,US East (N. Virginia),,,,,,,,,,,"{""Environment"":""staging"",""CostCenter"":""cc-2087"",""Owner"":""team-data""}"
AWS,AWS,AWS,INV-2026-05-0001,100000000001,ExampleCorp Master Payer,Payer Account,200000000014,sandbox-dev,Linked Account,2026-05-01T00:00:00Z,2026-06-01T00:00:00Z,2026-05-26T12:00:00Z,2026-05-26T13:00:00Z,Purchase,,"Reserved Instance commitment, amortised for the charge period",Recurring,32.016,0,32.016,32.016,0.0640320000,0.0640320000,Standard,500,Hours,USD,0.0640320000,0,0.0640320000,USD,,,AmazonEC2,Compute,Virtual Machines,SKU-ba1af7dafc2193aba45d4ae1,Commitment,SPRICE-1c6c93011ba15ebad41d70b9,"{""x_PurchaseTerm"":""1yr"",""x_PaymentOption"":""NoUpfront""}",arn:aws:ec2:us-west-2::reservation/f84d4e51878225fb,reservation-23f2f060a3d9,Reserved Instance,us-west-2,US West (Oregon),,arn:aws:ec2:us-west-2::reservation/f84d4e51878225fb,EC2ReservedInstance-1yr-NoUpfront,Usage,Reserved Instance,,500,Hours,,,"{""Environment"":""prod"",""CostCenter"":""cc-2087"",""Owner"":""team-data""}"
AWS,AWS,AWS,INV-2026-05-0001,100000000001,ExampleCorp Master Payer,Payer Account,200000000014,sandbox-dev,Linked Account,2026-05-01T00:00:00Z,2026-06-01T00:00:00Z,2026-05-26T12:00:00Z,2026-05-26T13:00:00Z,Usage,,AmazonEC2 committed usage of 500 machine-equivalents,Usage-Based,0,32.016,48,43.2,0.0960000000,0.0864000000,Committed,500,Hours,USD,0.0864000000,32.016,0.0960000000,USD,500,Hours,AmazonEC2,Compute,Virtual Machines,SKU-e0e295f006e6a0732dd5f77b,Compute,SPRICE-98f5ebeb1125d6e984c27bb1,"{""InstanceType"":""m6i.large"",""InstanceSeries"":""M6i"",""CoreCount"":2,""MemorySize"":8,""OperatingSystem"":""Linux"",""x_Tenancy"":""Shared""}",urn:focus-sample:aws:us-west-2:200000000014:compute-fleet:fleet82d5a9b51fd0b19b203409f3,fleet82d5a9b51fd0b19b203409f3,Compute Fleet,us-west-2,US West (Oregon),us-west-2a,arn:aws:ec2:us-west-2::reservation/f84d4e51878225fb,EC2ReservedInstance-1yr-NoUpfront,Usage,Reserved Instance,Used,500,Hours,,,"{""Environment"":""prod"",""CostCenter"":""cc-2087"",""Owner"":""team-payments"",""SyntheticFleetSize"":""500""}"
AWS,AWS,AWS,INV-2026-05-0001,100000000001,ExampleCorp Master Payer,Payer Account,200000000014,sandbox-dev,Linked Account,2026-05-01T00:00:00Z,2026-06-01T00:00:00Z,2026-05-26T13:00:00Z,2026-05-26T14:00:00Z,Purchase,,"Reserved Instance commitment, amortised for the charge period",Recurring,32.016,0,32.016,32.016,0.0640320000,0.0640320000,Standard,500,Hours,USD,0.0640320000,0,0.0640320000,USD,,,AmazonEC2,Compute,Virtual Machines,SKU-ba1af7dafc2193aba45d4ae1,Commitment,SPRICE-1c6c93011ba15ebad41d70b9,"{""x_PurchaseTerm"":""1yr"",""x_PaymentOption"":""NoUpfront""}",arn:aws:ec2:us-west-2::reservation/f84d4e51878225fb,reservation-23f2f060a3d9,Reserved Instance,us-west-2,US West (Oregon),,arn:aws:ec2:us-west-2::reservation/f84d4e51878225fb,EC2ReservedInstance-1yr-NoUpfront,Usage,Reserved Instance,,500,Hours,,,"{""Environment"":""dev"",""CostCenter"":""cc-2087"",""Owner"":""team-data""}"
AWS,AWS,AWS,INV-2026-05-0001,100000000001,ExampleCorp Master Payer,Payer Account,200000000014,sandbox-dev,Linked Account,2026-05-01T00:00:00Z,2026-06-01T00:00:00Z,2026-05-26T13:00:00Z,2026-05-26T14:00:00Z,Usage,,AmazonEC2 committed usage of 500 machine-equivalents,Usage-Based,0,32.016,48,43.2,0.0960000000,0.0864000000,Committed,500,Hours,USD,0.0864000000,32.016,0.0960000000,USD,500,Hours,AmazonEC2,Compute,Virtual Machines,SKU-e0e295f006e6a0732dd5f77b,Compute,SPRICE-98f5ebeb1125d6e984c27bb1,"{""InstanceType"":""m6i.large"",""InstanceSeries"":""M6i"",""CoreCount"":2,""MemorySize"":8,""OperatingSystem"":""Linux"",""x_Tenancy"":""Shared""}",urn:focus-sample:aws:us-west-2:200000000014:compute-fleet:fleet82d5a9b51fd0b19b203409f3,fleet82d5a9b51fd0b19b203409f3,Compute Fleet,us-west-2,US West (Oregon),us-west-2a,arn:aws:ec2:us-west-2::reservation/f84d4e51878225fb,EC2ReservedInstance-1yr-NoUpfront,Usage,Reserved Instance,Used,500,Hours,,,"{""Environment"":""dev"",""CostCenter"":""cc-2087"",""Owner"":""team-data"",""SyntheticFleetSize"":""500""}"
AWS,AWS,AWS,INV-2026-05-0001,100000000001,ExampleCorp Master Payer,Payer Account,200000000014,sandbox-dev,Linked Account,2026-05-01T00:00:00Z,2026-06-01T00:00:00Z,2026-05-26T14:00:00Z,2026-05-26T15:00:00Z,Purchase,,"Reserved Instance commitment, amortised for the charge period",Recurring,32.016,0,32.016,32.016,0.0640320000,0.0640320000,Standard,500,Hours,USD,0.0640320000,0,0.0640320000,USD,,,AmazonEC2,Compute,Virtual Machines,SKU-ba1af7dafc2193aba45d4ae1,Commitment,SPRICE-1c6c93011ba15ebad41d70b9,"{""x_PurchaseTerm"":""1yr"",""x_PaymentOption"":""NoUpfront""}",arn:aws:ec2:us-west-2::reservation/f84d4e51878225fb,reservation-23f2f060a3d9,Reserved Instance,us-west-2,US West (Oregon),,arn:aws:ec2:us-west-2::reservation/f84d4e51878225fb,EC2ReservedInstance-1yr-NoUpfront,Usage,Reserved Instance,,500,Hours,,,"{""Environment"":""prod"",""CostCenter"":""cc-1042"",""Owner"":""team-payments""}"
AWS,AWS,AWS,INV-2026-05-0001,100000000001,ExampleCorp Master Payer,Payer Account,200000000014,sandbox-dev,Linked Account,2026-05-01T00:00:00Z,2026-06-01T00:00:00Z,2026-05-26T14:00:00Z,2026-05-26T15:00:00Z,Usage,,AmazonEC2 committed usage of 500 machine-equivalents,Usage-Based,0,32.016,48,43.2,0.0960000000,0.0864000000,Committed,500,Hours,USD,0.0864000000,32.016,0.0960000000,USD,500,Hours,AmazonEC2,Compute,Virtual Machines,SKU-e0e295f006e6a0732dd5f77b,Compute,SPRICE-98f5ebeb1125d6e984c27bb1,"{""InstanceType"":""m6i.large"",""InstanceSeries"":""M6i"",""CoreCount"":2,""MemorySize"":8,""OperatingSystem"":""Linux"",""x_Tenancy"":""Shared""}",urn:focus-sample:aws:us-west-2:200000000014:compute-fleet:fleet82d5a9b51fd0b19b203409f3,fleet82d5a9b51fd0b19b203409f3,Compute Fleet,us-west-2,US West (Oregon),us-west-2a,arn:aws:ec2:us-west-2::reservation/f84d4e51878225fb,EC2ReservedInstance-1yr-NoUpfront,Usage,Reserved Instance,Used,500,Hours,,,"{""Environment"":""staging"",""CostCenter"":""cc-1042"",""Owner"":""team-payments"",""SyntheticFleetSize"":""500""}"
AWS,AWS,AWS,INV-2026-05-0001,100000000001,ExampleCorp Master Payer,Payer Account,200000000014,sandbox-dev,Linked Account,2026-05-01T00:00:00Z,2026-06-01T00:00:00Z,2026-05-26T15:00:00Z,2026-05-26T16:00:00Z,Purchase,,"Reserved Instance commitment, amortised for the charge period",Recurring,32.016,0,32.016,32.016,0.0640320000,0.0640320000,Standard,500,Hours,USD,0.0640320000,0,0.0640320000,USD,,,AmazonEC2,Compute,Virtual Machines,SKU-ba1af7dafc2193aba45d4ae1,Commitment,SPRICE-1c6c93011ba15ebad41d70b9,"{""x_PurchaseTerm"":""1yr"",""x_PaymentOption"":""NoUpfront""}",arn:aws:ec2:us-west-2::reservation/f84d4e51878225fb,reservation-23f2f060a3d9,Reserved Instance,us-west-2,US West (Oregon),,arn:aws:ec2:us-west-2::reservation/f84d4e51878225fb,EC2ReservedInstance-1yr-NoUpfront,Usage,Reserved Instance,,500,Hours,,,"{""Environment"":""prod"",""CostCenter"":""cc-3110"",""Owner"":""team-platform""}"
AWS,AWS,AWS,INV-2026-05-0001,100000000001,ExampleCorp Master Payer,Payer Account,200000000014,sandbox-dev,Linked Account,2026-05-01T00:00:00Z,2026-06-01T00:00:00Z,2026-05-26T15:00:00Z,2026-05-26T16:00:00Z,Usage,,AmazonEC2 committed usage of 500 machine-equivalents,Usage-Based,0,32.016,48,43.2,0.0960000000,0.0864000000,Committed,500,Hours,USD,0.0864000000,32.016,0.0960000000,USD,500,Hours,AmazonEC2,Compute,Virtual Machines,SKU-e0e295f006e6a0732dd5f77b,Compute,SPRICE-98f5ebeb1125d6e984c27bb1,"{""InstanceType"":""m6i.large"",""InstanceSeries"":""M6i"",""CoreCount"":2,""MemorySize"":8,""OperatingSystem"":""Linux"",""x_Tenancy"":""Shared""}",urn:focus-sample:aws:us-west-2:200000000014:compute-fleet:fleet82d5a9b51fd0b19b203409f3,fleet82d5a9b51fd0b19b203409f3,Compute Fleet,us-west-2,US West (Oregon),us-west-2a,arn:aws:ec2:us-west-2::reservation/f84d4e51878225fb,EC2ReservedInstance-1yr-NoUpfront,Usage,Reserved Instance,Used,500,Hours,,,"{""Environment"":""dev"",""CostCenter"":""cc-2087"",""Owner"":""team-platform"",""SyntheticFleetSize"":""500""}"
AWS,AWS,AWS,INV-2026-05-0001,100000000001,ExampleCorp Master Payer,Payer Account,200000000014,sandbox-dev,Linked Account,2026-05-01T00:00:00Z,2026-06-01T00:00:00Z,2026-05-26T16:00:00Z,2026-05-26T17:00:00Z,Purchase,,"Reserved Instance commitment, amortised for the charge period",Recurring,32.016,0,32.016,32.016,0.0640320000,0.0640320000,Standard,500,Hours,USD,0.0640320000,0,0.0640320000,USD,,,AmazonEC2,Compute,Virtual Machines,SKU-ba1af7dafc2193aba45d4ae1,Commitment,SPRICE-1c6c93011ba15ebad41d70b9,"{""x_PurchaseTerm"":""1yr"",""x_PaymentOption"":""NoUpfront""}",arn:aws:ec2:us-west-2::reservation/f84d4e51878225fb,reservation-23f2f060a3d9,Reserved Instance,us-west-2,US West (Oregon),,arn:aws:ec2:us-west-2::reservation/f84d4e51878225fb,EC2ReservedInstance-1yr-NoUpfront,Usage,Reserved Instance,,500,Hours,,,"{""Environment"":""dev"",""CostCenter"":""cc-1042"",""Owner"":""team-payments""}"
AWS,AWS,AWS,INV-2026-05-0001,100000000001,ExampleCorp Master Payer,Payer Account,200000000014,sandbox-dev,Linked Account,2026-05-01T00:00:00Z,2026-06-01T00:00:00Z,2026-05-26T16:00:00Z,2026-05-26T17:00:00Z,Usage,,AmazonEC2 committed usage of 500 machine-equivalents,Usage-Based,0,32.016,48,43.2,0.0960000000,0.0864000000,Committed,500,Hours,USD,0.0864000000,32.016,0.0960000000,USD,500,Hours,AmazonEC2,Compute,Virtual Machines,SKU-e0e295f006e6a0732dd5f77b,Compute,SPRICE-98f5ebeb1125d6e984c27bb1,"{""InstanceType"":""m6i.large"",""InstanceSeries"":""M6i"",""CoreCount"":2,""MemorySize"":8,""OperatingSystem"":""Linux"",""x_Tenancy"":""Shared""}",urn:focus-sample:aws:us-west-2:200000000014:compute-fleet:fleet82d5a9b51fd0b19b203409f3,fleet82d5a9b51fd0b19b203409f3,Compute Fleet,us-west-2,US West (Oregon),us-west-2a,arn:aws:ec2:us-west-2::reservation/f84d4e51878225fb,EC2ReservedInstance-1yr-NoUpfront,Usage,Reserved Instance,Used,500,Hours,,,"{""Environment"":""staging"",""CostCenter"":""cc-2087"",""Owner"":""team-payments"",""SyntheticFleetSize"":""500""}"
AWS,AWS,AWS,INV-2026-05-0001,100000000001,ExampleCorp Master Payer,Payer Account,200000000014,sandbox-dev,Linked Account,2026-05-01T00:00:00Z,2026-06-01T00:00:00Z,2026-05-26T17:00:00Z,2026-05-26T18:00:00Z,Purchase,,"Reserved Instance commitment, amortised for the charge period",Recurring,32.016,0,32.016,32.016,0.0640320000,0.0640320000,Standard,500,Hours,USD,0.0640320000,0,0.0640320000,USD,,,AmazonEC2,Compute,Virtual Machines,SKU-ba1af7dafc2193aba45d4ae1,Commitment,SPRICE-1c6c93011ba15ebad41d70b9,"{""x_PurchaseTerm"":""1yr"",""x_PaymentOption"":""NoUpfront""}",arn:aws:ec2:us-west-2::reservation/f84d4e51878225fb,reservation-23f2f060a3d9,Reserved Instance,us-west-2,US West (Oregon),,arn:aws:ec2:us-west-2::reservation/f84d4e51878225fb,EC2ReservedInstance-1yr-NoUpfront,Usage,Reserved Instance,,500,Hours,,,"{""Environment"":""staging"",""CostCenter"":""cc-1042"",""Owner"":""team-payments""}"
AWS,AWS,AWS,INV-2026-05-0001,100000000001,ExampleCorp Master Payer,Payer Account,200000000014,sandbox-dev,Linked Account,2026-05-01T00:00:00Z,2026-06-01T00:00:00Z,2026-05-26T17:00:00Z,2026-05-26T18:00:00Z,Usage,,AmazonEC2 committed usage of 500 machine-equivalents,Usage-Based,0,32.016,48,43.2,0.0960000000,0.0864000000,Committed,500,Hours,USD,0.0864000000,32.016,0.0960000000,USD,500,Hours,AmazonEC2,Compute,Virtual Machines,SKU-e0e295f006e6a0732dd5f77b,Compute,SPRICE-98f5ebeb1125d6e984c27bb1,"{""InstanceType"":""m6i.large"",""InstanceSeries"":""M6i"",""CoreCount"":2,""MemorySize"":8,""OperatingSystem"":""Linux"",""x_Tenancy"":""Shared""}",urn:focus-sample:aws:us-west-2:200000000014:compute-fleet:fleet82d5a9b51fd0b19b203409f3,fleet82d5a9b51fd0b19b203409f3,Compute Fleet,us-west-2,US West (Oregon),us-west-2a,arn:aws:ec2:us-west-2::reservation/f84d4e51878225fb,EC2ReservedInstance-1yr-NoUpfront,Usage,Reserved Instance,Used,500,Hours,,,"{""Environment"":""dev"",""CostCenter"":""cc-2087"",""Owner"":""team-data"",""SyntheticFleetSize"":""500""}"
AWS,AWS,AWS,INV-2026-05-0001,100000000001,ExampleCorp Master Payer,Payer Account,200000000014,sandbox-dev,Linked Account,2026-05-01T00:00:00Z,2026-06-01T00:00:00Z,2026-05-26T18:00:00Z,2026-05-26T19:00:00Z,Purchase,,"Reserved Instance commitment, amortised for the charge period",Recurring,32.016,0,32.016,32.016,0.0640320000,0.0640320000,Standard,500,Hours,USD,0.0640320000,0,0.0640320000,USD,,,AmazonEC2,Compute,Virtual Machines,SKU-ba1af7dafc2193aba45d4ae1,Commitment,SPRICE-1c6c93011ba15ebad41d70b9,"{""x_PurchaseTerm"":""1yr"",""x_PaymentOption"":""NoUpfront""}",arn:aws:ec2:us-west-2::reservation/f84d4e51878225fb,reservation-23f2f060a3d9,Reserved Instance,us-west-2,US West (Oregon),,arn:aws:ec2:us-west-2::reservation/f84d4e51878225fb,EC2ReservedInstance-1yr-NoUpfront,Usage,Reserved Instance,,500,Hours,,,"{""Environment"":""dev"",""CostCenter"":""cc-3110"",""Owner"":""team-platform""}"
AWS,AWS,AWS,INV-2026-05-0001,100000000001,ExampleCorp Master Payer,Payer Account,200000000014,sandbox-dev,Linked Account,2026-05-01T00:00:00Z,2026-06-01T00:00:00Z,2026-05-26T18:00:00Z,2026-05-26T19:00:00Z,Usage,,AmazonEC2 committed usage of 500 machine-equivalents,Usage-Based,0,32.016,48,43.2,0.0960000000,0.0864000000,Committed,500,Hours,USD,0.0864000000,32.016,0.0960000000,USD,500,Hours,AmazonEC2,Compute,Virtual Machines,SKU-e0e295f006e6a0732dd5f77b,Compute,SPRICE-98f5ebeb1125d6e984c27bb1,"{""InstanceType"":""m6i.large"",""InstanceSeries"":""M6i"",""CoreCount"":2,""MemorySize"":8,""OperatingSystem"":""Linux"",""x_Tenancy"":""Shared""}",urn:focus-sample:aws:us-west-2:200000000014:compute-fleet:fleet82d5a9b51fd0b19b203409f3,fleet82d5a9b51fd0b19b203409f3,Compute Fleet,us-west-2,US West (Oregon),us-west-2a,arn:aws:ec2:us-west-2::reservation/f84d4e51878225fb,EC2ReservedInstance-1yr-NoUpfront,Usage,Reserved Instance,Used,500,Hours,,,"{""Environment"":""staging"",""CostCenter"":""cc-3110"",""Owner"":""team-payments"",""SyntheticFleetSize"":""500""}"
AWS,AWS,AWS,INV-2026-05-0001,100000000001,ExampleCorp Master Payer,Payer Account,200000000014,sandbox-dev,Linked Account,2026-05-01T00:00:00Z,2026-06-01T00:00:00Z,2026-05-26T19:00:00Z,2026-05-26T20:00:00Z,Purchase,,"Reserved Instance commitment, amortised for the charge period",Recurring,32.016,0,32.016,32.016,0.0640320000,0.0640320000,Standard,500,Hours,USD,0.0640320000,0,0.0640320000,USD,,,AmazonEC2,Compute,Virtual Machines,SKU-ba1af7dafc2193aba45d4ae1,Commitment,SPRICE-1c6c93011ba15ebad41d70b9,"{""x_PurchaseTerm"":""1yr"",""x_PaymentOption"":""NoUpfront""}",arn:aws:ec2:us-west-2::reservation/f84d4e51878225fb,reservation-23f2f060a3d9,Reserved Instance,us-west-2,US West (Oregon),,arn:aws:ec2:us-west-2::reservation/f84d4e51878225fb,EC2ReservedInstance-1yr-NoUpfront,Usage,Reserved Instance,,500,Hours,,,"{""Environment"":""dev"",""CostCenter"":""cc-1042"",""Owner"":""team-data""}"
AWS,AWS,AWS,INV-2026-05-0001,100000000001,ExampleCorp Master Payer,Payer Account,200000000014,sandbox-dev,Linked Account,2026-05-01T00:00:00Z,2026-06-01T00:00:00Z,2026-05-26T19:00:00Z,2026-05-26T20:00:00Z,Usage,,AmazonEC2 committed usage of 500 machine-equivalents,Usage-Based,0,32.016,48,43.2,0.0960000000,0.0864000000,Committed,500,Hours,USD,0.0864000000,32.016,0.0960000000,USD,500,Hours,AmazonEC2,Compute,Virtual Machines,SKU-e0e295f006e6a0732dd5f77b,Compute,SPRICE-98f5ebeb1125d6e984c27bb1,"{""InstanceType"":""m6i.large"",""InstanceSeries"":""M6i"",""CoreCount"":2,""MemorySize"":8,""OperatingSystem"":""Linux"",""x_Tenancy"":""Shared""}",urn:focus-sample:aws:us-west-2:200000000014:compute-fleet:fleet82d5a9b51fd0b19b203409f3,fleet82d5a9b51fd0b19b203409f3,Compute Fleet,us-west-2,US West (Oregon),us-west-2a,arn:aws:ec2:us-west-2::reservation/f84d4e51878225fb,EC2ReservedInstance-1yr-NoUpfront,Usage,Reserved Instance,Used,500,Hours,,,"{""Environment"":""prod"",""CostCenter"":""cc-2087"",""Owner"":""team-data"",""SyntheticFleetSize"":""500""}"
AWS,AWS,AWS,INV-2026-05-0001,100000000001,ExampleCorp Master Payer,Payer Account,200000000014,sandbox-dev,Linked Account,2026-05-01T00:00:00Z,2026-06-01T00:00:00Z,2026-05-26T20:00:00Z,2026-05-26T21:00:00Z,Purchase,,"Reserved Instance commitment, amortised for the charge period",Recurring,32.016,0,32.016,32.016,0.0640320000,0.0640320000,Standard,500,Hours,USD,0.0640320000,0,0.0640320000,USD,,,AmazonEC2,Compute,Virtual Machines,SKU-ba1af7dafc2193aba45d4ae1,Commitment,SPRICE-1c6c93011ba15ebad41d70b9,"{""x_PurchaseTerm"":""1yr"",""x_PaymentOption"":""NoUpfront""}",arn:aws:ec2:us-west-2::reservation/f84d4e51878225fb,reservation-23f2f060a3d9,Reserved Instance,us-west-2,US West (Oregon),,arn:aws:ec2:us-west-2::reservation/f84d4e51878225fb,EC2ReservedInstance-1yr-NoUpfront,Usage,Reserved Instance,,500,Hours,,,"{""Environment"":""staging"",""CostCenter"":""cc-1042"",""Owner"":""team-data""}"
AWS,AWS,AWS,INV-2026-05-0001,100000000001,ExampleCorp Master Payer,Payer Account,200000000014,sandbox-dev,Linked Account,2026-05-01T00:00:00Z,2026-06-01T00:00:00Z,2026-05-26T20:00:00Z,2026-05-26T21:00:00Z,Usage,,Reserved Instance unused commitment,Usage-Based,0,32.016,32.016,32.016,0.0640320000,0.0640320000,Committed,500,Hours,USD,0.0640320000,32.016,0.0640320000,USD,,,AmazonEC2,Compute,Virtual Machines,SKU-ba1af7dafc2193aba45d4ae1,Commitment,SPRICE-1c6c93011ba15ebad41d70b9,"{""x_PurchaseTerm"":""1yr"",""x_PaymentOption"":""NoUpfront""}",arn:aws:ec2:us-west-2::reservation/f84d4e51878225fb,reservation-23f2f060a3d9,Reserved Instance,us-west-2,US West (Oregon),,arn:aws:ec2:us-west-2::reservation/f84d4e51878225fb,EC2ReservedInstance-1yr-NoUpfront,Usage,Reserved Instance,Unused,500,Hours,,,"{""Environment"":""dev"",""CostCenter"":""cc-3110"",""Owner"":""team-payments""}"
AWS,AWS,AWS,INV-2026-05-0001,100000000001,ExampleCorp Master Payer,Payer Account,200000000014,sandbox-dev,Linked Account,2026-05-01T00:00:00Z,2026-06-01T00:00:00Z,2026-05-26T21:00:00Z,2026-05-26T22:00:00Z,Purchase,,"Reserved Instance commitment, amortised for the charge period",Recurring,32.016,0,32.016,32.016,0.0640320000,0.0640320000,Standard,500,Hours,USD,0.0640320000,0,0.0640320000,USD,,,AmazonEC2,Compute,Virtual Machines,SKU-ba1af7dafc2193aba45d4ae1,Commitment,SPRICE-1c6c93011ba15ebad41d70b9,"{""x_PurchaseTerm"":""1yr"",""x_PaymentOption"":""NoUpfront""}",arn:aws:ec2:us-west-2::reservation/f84d4e51878225fb,reservation-23f2f060a3d9,Reserved Instance,us-west-2,US West (Oregon),,arn:aws:ec2:us-west-2::reservation/f84d4e51878225fb,EC2ReservedInstance-1yr-NoUpfront,Usage,Reserved Instance,,500,Hours,,,"{""Environment"":""prod"",""CostCenter"":""cc-3110"",""Owner"":""team-platform""}"
AWS,AWS,AWS,INV-2026-05-0001,100000000001,ExampleCorp Master Payer,Payer Account,200000000014,sandbox-dev,Linked Account,2026-05-01T00:00:00Z,2026-06-01T00:00:00Z,2026-05-26T21:00:00Z,2026-05-26T22:00:00Z,Usage,,Reserved Instance unused commitment,Usage-Based,0,32.016,32.016,32.016,0.0640320000,0.0640320000,Committed,500,Hours,USD,0.0640320000,32.016,0.0640320000,USD,,,AmazonEC2,Compute,Virtual Machines,SKU-ba1af7dafc2193aba45d4ae1,Commitment,SPRICE-1c6c93011ba15ebad41d70b9,"{""x_PurchaseTerm"":""1yr"",""x_PaymentOption"":""NoUpfront""}",arn:aws:ec2:us-west-2::reservation/f84d4e51878225fb,reservation-23f2f060a3d9,Reserved Instance,us-west-2,US West (Oregon),,arn:aws:ec2:us-west-2::reservation/f84d4e51878225fb,EC2ReservedInstance-1yr-NoUpfront,Usage,Reserved Instance,Unused,500,Hours,,,"{""Environment"":""dev"",""CostCenter"":""cc-3110"",""Owner"":""team-payments""}"
AWS,AWS,AWS,INV-2026-05-0002,100000000002,ExampleCorp Secondary Payer,Payer Account,200000000011,prod-platform,Linked Account,2026-05-01T00:00:00Z,2026-06-01T00:00:00Z,2026-05-17T00:00:00Z,2026-05-18T00:00:00Z,Usage,,DynamoDB on-demand write requests,Usage-Based,5.3305577341875,5.3305577341875,5.922841926875,5.3305577341875,0.0000012500,0.0000011250,Standard,4738273.5415,Requests,USD,0.0000011250,5.3305577341875,0.0000012500,USD,4738273.5415,Requests,AmazonDynamoDB,Databases,NoSQL Databases,SKU-687affd9645b52f0bac81a2c,Database,SPRICE-716c8854825bf7430db8e755,"{""x_CapacityMode"":""On-Demand""}",arn:aws:dynamodb:us-west-2:200000000011:table/table-e731616d47ba,table-e731616d47ba,DynamoDB Table,us-west-2,US West (Oregon),,,,,,,,,,,"{""Environment"":""prod"",""CostCenter"":""cc-2087"",""Owner"":""team-platform""}"
AWS,AWS,AWS,INV-2026-05-0001,100000000001,ExampleCorp Master Payer,Payer Account,200000000011,prod-platform,Linked Account,2026-05-01T00:00:00Z,2026-06-01T00:00:00Z,2026-05-27T09:00:00Z,2026-05-27T10:00:00Z,Usage,,RDS PostgreSQL db.r6g.large,Usage-Based,0.216,0.216,0.24,0.216,0.2400000000,0.2160000000,Standard,1.0000,Hours,USD,0.2160000000,0.216,0.2400000000,USD,1.0000,Hours,AmazonRDS,Databases,Relational Databases,SKU-89bc59af83de149a442b21d0,Database,SPRICE-887d5388c52a801df4d42ba1,"{""InstanceType"":""db.r6g.large"",""InstanceSeries"":""R6g"",""CoreCount"":2,""MemorySize"":16,""x_Engine"":""PostgreSQL""}",arn:aws:rds:us-east-1:200000000011:db/db-04f46027c121,db-04f46027c121,RDS Instance,us-east-1,US East (N. Virginia),,,,,,,,,,,"{""Environment"":""dev"",""CostCenter"":""cc-3110"",""Owner"":""team-data""}"
AWS,AWS,AWS,INV-2026-05-0002,100000000002,ExampleCorp Secondary Payer,Payer Account,200000000012,staging-platform,Linked Account,2026-05-01T00:00:00Z,2026-06-01T00:00:00Z,2026-05-19T00:00:00Z,2026-05-20T00:00:00Z,Usage,,NAT gateway data processed,Usage-Based,6.6450375,6.6450375,7.383375,6.6450375,0.0450000000,0.0405000000,Standard,164.0750,GB,USD,0.0405000000,6.6450375,0.0450000000,USD,164.0750,GB,AmazonVPC,Networking,Network Connectivity,SKU-38ae1a660e2cadb9d64ca8e5,Data Transfer,SPRICE-974405df44bbf0808ce048b9,"{""x_TransferType"":""InterAZ""}",arn:aws:ec2:us-west-2:200000000012:natgateway/nat-453bb05c59a4,nat-453bb05c59a4,NAT Gateway,us-west-2,US West (Oregon),,,,,,,,,,,"{""Environment"":""dev"",""CostCenter"":""cc-1042"",""Owner"":""team-data""}"
AWS,AWS,AWS,INV-2026-05-0001,100000000001,ExampleCorp Master Payer,Payer Account,200000000011,prod-platform,Linked Account,2026-05-01T00:00:00Z,2026-06-01T00:00:00Z,2026-05-27T11:00:00Z,2026-05-27T12:00:00Z,Purchase,,"Savings Plan commitment, amortised for the charge period",Recurring,32.016,0,32.016,32.016,1,1,Standard,32.016,USD,USD,1.0000000000,0,1.0000000000,USD,,,AmazonEC2,Compute,Virtual Machines,SKU-53792a378695e386e0280d5c,Commitment,SPRICE-56a7b3778b922200186036dc,"{""x_PurchaseTerm"":""1yr"",""x_PaymentOption"":""NoUpfront""}",arn:aws:savingsplans:eu-west-1::savingsplan/02a8bb8a91c29c57,savingsplan-99608f0f23ee,Savings Plan,eu-west-1,EU (Ireland),,arn:aws:savingsplans:eu-west-1::savingsplan/02a8bb8a91c29c57,ComputeSavingsPlan-1yr-NoUpfront,Spend,Savings Plan,,32.016,USD,,,"{""Environment"":""staging"",""CostCenter"":""cc-2087"",""Owner"":""team-data""}"
AWS,AWS,AWS,INV-2026-05-0001,100000000001,ExampleCorp Master Payer,Payer Account,200000000011,prod-platform,Linked Account,2026-05-01T00:00:00Z,2026-06-01T00:00:00Z,2026-05-27T11:00:00Z,2026-05-27T12:00:00Z,Usage,,AmazonEC2 committed usage of 500 machine-equivalents,Usage-Based,0,32.016,48,43.2,0.0960000000,0.0864000000,Committed,500,Hours,USD,0.0864000000,32.016,0.0960000000,USD,500,Hours,AmazonEC2,Compute,Virtual Machines,SKU-ca9c2ba97f0b30fb137ef130,Compute,SPRICE-d7f4030fc2a8b65799f6b437,"{""InstanceType"":""m6i.large"",""InstanceSeries"":""M6i"",""CoreCount"":2,""MemorySize"":8,""OperatingSystem"":""Linux"",""x_Tenancy"":""Shared""}",urn:focus-sample:aws:eu-west-1:200000000011:compute-fleet:fleet7f4ef9aed7a6f26fcf276e37,fleet7f4ef9aed7a6f26fcf276e37,Compute Fleet,eu-west-1,EU (Ireland),eu-west-1b,arn:aws:savingsplans:eu-west-1::savingsplan/02a8bb8a91c29c57,ComputeSavingsPlan-1yr-NoUpfront,Spend,Savings Plan,Used,32.016,USD,,,"{""Environment"":""dev"",""CostCenter"":""cc-3110"",""Owner"":""team-data"",""SyntheticFleetSize"":""500""}"
AWS,AWS,AWS,INV-2026-05-0001,100000000001,ExampleCorp Master Payer,Payer Account,200000000011,prod-platform,Linked Account,2026-05-01T00:00:00Z,2026-06-01T00:00:00Z,2026-05-27T12:00:00Z,2026-05-27T13:00:00Z,Purchase,,"Savings Plan commitment, amortised for the charge period",Recurring,32.016,0,32.016,32.016,1,1,Standard,32.016,USD,USD,1.0000000000,0,1.0000000000,USD,,,AmazonEC2,Compute,Virtual Machines,SKU-53792a378695e386e0280d5c,Commitment,SPRICE-56a7b3778b922200186036dc,"{""x_PurchaseTerm"":""1yr"",""x_PaymentOption"":""NoUpfront""}",arn:aws:savingsplans:eu-west-1::savingsplan/02a8bb8a91c29c57,savingsplan-99608f0f23ee,Savings Plan,eu-west-1,EU (Ireland),,arn:aws:savingsplans:eu-west-1::savingsplan/02a8bb8a91c29c57,ComputeSavingsPlan-1yr-NoUpfront,Spend,Savings Plan,,32.016,USD,,,"{""Environment"":""prod"",""CostCenter"":""cc-3110"",""Owner"":""team-payments""}"
AWS,AWS,AWS,INV-2026-05-0001,100000000001,ExampleCorp Master Payer,Payer Account,200000000011,prod-platform,Linked Account,2026-05-01T00:00:00Z,2026-06-01T00:00:00Z,2026-05-27T12:00:00Z,2026-05-27T13:00:00Z,Usage,,AmazonEC2 committed usage of 500 machine-equivalents,Usage-Based,0,32.016,48,43.2,0.0960000000,0.0864000000,Committed,500,Hours,USD,0.0864000000,32.016,0.0960000000,USD,500,Hours,AmazonEC2,Compute,Virtual Machines,SKU-ca9c2ba97f0b30fb137ef130,Compute,SPRICE-d7f4030fc2a8b65799f6b437,"{""InstanceType"":""m6i.large"",""InstanceSeries"":""M6i"",""CoreCount"":2,""MemorySize"":8,""OperatingSystem"":""Linux"",""x_Tenancy"":""Shared""}",urn:focus-sample:aws:eu-west-1:200000000011:compute-fleet:fleet7f4ef9aed7a6f26fcf276e37,fleet7f4ef9aed7a6f26fcf276e37,Compute Fleet,eu-west-1,EU (Ireland),eu-west-1b,arn:aws:savingsplans:eu-west-1::savingsplan/02a8bb8a91c29c57,ComputeSavingsPlan-1yr-NoUpfront,Spend,Savings Plan,Used,32.016,USD,,,"{""Environment"":""prod"",""CostCenter"":""cc-3110"",""Owner"":""team-data"",""SyntheticFleetSize"":""500""}"
AWS,AWS,AWS,INV-2026-05-0001,100000000001,ExampleCorp Master Payer,Payer Account,200000000011,prod-platform,Linked Account,2026-05-01T00:00:00Z,2026-06-01T00:00:00Z,2026-05-27T13:00:00Z,2026-05-27T14:00:00Z,Purchase,,"Savings Plan commitment, amortised for the charge period",Recurring,32.016,0,32.016,32.016,1,1,Standard,32.016,USD,USD,1.0000000000,0,1.0000000000,USD,,,AmazonEC2,Compute,Virtual Machines,SKU-53792a378695e386e0280d5c,Commitment,SPRICE-56a7b3778b922200186036dc,"{""x_PurchaseTerm"":""1yr"",""x_PaymentOption"":""NoUpfront""}",arn:aws:savingsplans:eu-west-1::savingsplan/02a8bb8a91c29c57,savingsplan-99608f0f23ee,Savings Plan,eu-west-1,EU (Ireland),,arn:aws:savingsplans:eu-west-1::savingsplan/02a8bb8a91c29c57,ComputeSavingsPlan-1yr-NoUpfront,Spend,Savings Plan,,32.016,USD,,,"{""Environment"":""dev"",""CostCenter"":""cc-2087"",""Owner"":""team-platform""}"
AWS,AWS,AWS,INV-2026-05-0001,100000000001,ExampleCorp Master Payer,Payer Account,200000000011,prod-platform,Linked Account,2026-05-01T00:00:00Z,2026-06-01T00:00:00Z,2026-05-27T13:00:00Z,2026-05-27T14:00:00Z,Usage,,AmazonEC2 committed usage of 500 machine-equivalents,Usage-Based,0,32.016,48,43.2,0.0960000000,0.0864000000,Committed,500,Hours,USD,0.0864000000,32.016,0.0960000000,USD,500,Hours,AmazonEC2,Compute,Virtual Machines,SKU-ca9c2ba97f0b30fb137ef130,Compute,SPRICE-d7f4030fc2a8b65799f6b437,"{""InstanceType"":""m6i.large"",""InstanceSeries"":""M6i"",""CoreCount"":2,""MemorySize"":8,""OperatingSystem"":""Linux"",""x_Tenancy"":""Shared""}",urn:focus-sample:aws:eu-west-1:200000000011:compute-fleet:fleet7f4ef9aed7a6f26fcf276e37,fleet7f4ef9aed7a6f26fcf276e37,Compute Fleet,eu-west-1,EU (Ireland),eu-west-1b,arn:aws:savingsplans:eu-west-1::savingsplan/02a8bb8a91c29c57,ComputeSavingsPlan-1yr-NoUpfront,Spend,Savings Plan,Used,32.016,USD,,,"{""Environment"":""dev"",""CostCenter"":""cc-1042"",""Owner"":""team-data"",""SyntheticFleetSize"":""500""}"
AWS,AWS,AWS,INV-2026-05-0001,100000000001,ExampleCorp Master Payer,Payer Account,200000000011,prod-platform,Linked Account,2026-05-01T00:00:00Z,2026-06-01T00:00:00Z,2026-05-27T14:00:00Z,2026-05-27T15:00:00Z,Purchase,,"Savings Plan commitment, amortised for the charge period",Recurring,32.016,0,32.016,32.016,1,1,Standard,32.016,USD,USD,1.0000000000,0,1.0000000000,USD,,,AmazonEC2,Compute,Virtual Machines,SKU-53792a378695e386e0280d5c,Commitment,SPRICE-56a7b3778b922200186036dc,"{""x_PurchaseTerm"":""1yr"",""x_PaymentOption"":""NoUpfront""}",arn:aws:savingsplans:eu-west-1::savingsplan/02a8bb8a91c29c57,savingsplan-99608f0f23ee,Savings Plan,eu-west-1,EU (Ireland),,arn:aws:savingsplans:eu-west-1::savingsplan/02a8bb8a91c29c57,ComputeSavingsPlan-1yr-NoUpfront,Spend,Savings Plan,,32.016,USD,,,"{""Environment"":""dev"",""CostCenter"":""cc-2087"",""Owner"":""team-payments""}"
AWS,AWS,AWS,INV-2026-05-0001,100000000001,ExampleCorp Master Payer,Payer Account,200000000011,prod-platform,Linked Account,2026-05-01T00:00:00Z,2026-06-01T00:00:00Z,2026-05-27T14:00:00Z,2026-05-27T15:00:00Z,Usage,,AmazonEC2 committed usage of 500 machine-equivalents,Usage-Based,0,32.016,48,43.2,0.0960000000,0.0864000000,Committed,500,Hours,USD,0.0864000000,32.016,0.0960000000,USD,500,Hours,AmazonEC2,Compute,Virtual Machines,SKU-ca9c2ba97f0b30fb137ef130,Compute,SPRICE-d7f4030fc2a8b65799f6b437,"{""InstanceType"":""m6i.large"",""InstanceSeries"":""M6i"",""CoreCount"":2,""MemorySize"":8,""OperatingSystem"":""Linux"",""x_Tenancy"":""Shared""}",urn:focus-sample:aws:eu-west-1:200000000011:compute-fleet:fleet7f4ef9aed7a6f26fcf276e37,fleet7f4ef9aed7a6f26fcf276e37,Compute Fleet,eu-west-1,EU (Ireland),eu-west-1b,arn:aws:savingsplans:eu-west-1::savingsplan/02a8bb8a91c29c57,ComputeSavingsPlan-1yr-NoUpfront,Spend,Savings Plan,Used,32.016,USD,,,"{""Environment"":""staging"",""CostCenter"":""cc-2087"",""Owner"":""team-platform"",""SyntheticFleetSize"":""500""}"
AWS,AWS,AWS,INV-2026-05-0001,100000000001,ExampleCorp Master Payer,Payer Account,200000000011,prod-platform,Linked Account,2026-05-01T00:00:00Z,2026-06-01T00:00:00Z,2026-05-27T15:00:00Z,2026-05-27T16:00:00Z,Purchase,,"Savings Plan commitment, amortised for the charge period",Recurring,32.016,0,32.016,32.016,1,1,Standard,32.016,USD,USD,1.0000000000,0,1.0000000000,USD,,,AmazonEC2,Compute,Virtual Machines,SKU-53792a378695e386e0280d5c,Commitment,SPRICE-56a7b3778b922200186036dc,"{""x_PurchaseTerm"":""1yr"",""x_PaymentOption"":""NoUpfront""}",arn:aws:savingsplans:eu-west-1::savingsplan/02a8bb8a91c29c57,savingsplan-99608f0f23ee,Savings Plan,eu-west-1,EU (Ireland),,arn:aws:savingsplans:eu-west-1::savingsplan/02a8bb8a91c29c57,ComputeSavingsPlan-1yr-NoUpfront,Spend,Savings Plan,,32.016,USD,,,"{""Environment"":""dev"",""CostCenter"":""cc-3110"",""Owner"":""team-platform""}"
AWS,AWS,AWS,INV-2026-05-0001,100000000001,ExampleCorp Master Payer,Payer Account,200000000011,prod-platform,Linked Account,2026-05-01T00:00:00Z,2026-06-01T00:00:00Z,2026-05-27T15:00:00Z,2026-05-27T16:00:00Z,Usage,,AmazonEC2 committed usage of 500 machine-equivalents,Usage-Based,0,32.016,48,43.2,0.0960000000,0.0864000000,Committed,500,Hours,USD,0.0864000000,32.016,0.0960000000,USD,500,Hours,AmazonEC2,Compute,Virtual Machines,SKU-ca9c2ba97f0b30fb137ef130,Compute,SPRICE-d7f4030fc2a8b65799f6b437,"{""InstanceType"":""m6i.large"",""InstanceSeries"":""M6i"",""CoreCount"":2,""MemorySize"":8,""OperatingSystem"":""Linux"",""x_Tenancy"":""Shared""}",urn:focus-sample:aws:eu-west-1:200000000011:compute-fleet:fleet7f4ef9aed7a6f26fcf276e37,fleet7f4ef9aed7a6f26fcf276e37,Compute Fleet,eu-west-1,EU (Ireland),eu-west-1b,arn:aws:savingsplans:eu-west-1::savingsplan/02a8bb8a91c29c57,ComputeSavingsPlan-1yr-NoUpfront,Spend,Savings Plan,Used,32.016,USD,,,"{""Environment"":""staging"",""CostCenter"":""cc-1042"",""Owner"":""team-platform"",""SyntheticFleetSize"":""500""}"
AWS,AWS,AWS,INV-2026-05-0001,100000000001,ExampleCorp Master Payer,Payer Account,200000000011,prod-platform,Linked Account,2026-05-01T00:00:00Z,2026-06-01T00:00:00Z,2026-05-27T16:00:00Z,2026-05-27T17:00:00Z,Purchase,,"Savings Plan commitment, amortised for the charge period",Recurring,32.016,0,32.016,32.016,1,1,Standard,32.016,USD,USD,1.0000000000,0,1.0000000000,USD,,,AmazonEC2,Compute,Virtual Machines,SKU-53792a378695e386e0280d5c,Commitment,SPRICE-56a7b3778b922200186036dc,"{""x_PurchaseTerm"":""1yr"",""x_PaymentOption"":""NoUpfront""}",arn:aws:savingsplans:eu-west-1::savingsplan/02a8bb8a91c29c57,savingsplan-99608f0f23ee,Savings Plan,eu-west-1,EU (Ireland),,arn:aws:savingsplans:eu-west-1::savingsplan/02a8bb8a91c29c57,ComputeSavingsPlan-1yr-NoUpfront,Spend,Savings Plan,,32.016,USD,,,"{""Environment"":""staging"",""CostCenter"":""cc-1042"",""Owner"":""team-platform""}"
AWS,AWS,AWS,INV-2026-05-0001,100000000001,ExampleCorp Master Payer,Payer Account,200000000011,prod-platform,Linked Account,2026-05-01T00:00:00Z,2026-06-01T00:00:00Z,2026-05-27T16:00:00Z,2026-05-27T17:00:00Z,Usage,,AmazonEC2 committed usage of 500 machine-equivalents,Usage-Based,0,32.016,48,43.2,0.0960000000,0.0864000000,Committed,500,Hours,USD,0.0864000000,32.016,0.0960000000,USD,500,Hours,AmazonEC2,Compute,Virtual Machines,SKU-ca9c2ba97f0b30fb137ef130,Compute,SPRICE-d7f4030fc2a8b65799f6b437,"{""InstanceType"":""m6i.large"",""InstanceSeries"":""M6i"",""CoreCount"":2,""MemorySize"":8,""OperatingSystem"":""Linux"",""x_Tenancy"":""Shared""}",urn:focus-sample:aws:eu-west-1:200000000011:compute-fleet:fleet7f4ef9aed7a6f26fcf276e37,fleet7f4ef9aed7a6f26fcf276e37,Compute Fleet,eu-west-1,EU (Ireland),eu-west-1b,arn:aws:savingsplans:eu-west-1::savingsplan/02a8bb8a91c29c57,ComputeSavingsPlan-1yr-NoUpfront,Spend,Savings Plan,Used,32.016,USD,,,"{""Environment"":""dev"",""CostCenter"":""cc-1042"",""Owner"":""team-payments"",""SyntheticFleetSize"":""500""}"
AWS,AWS,AWS,INV-2026-05-0001,100000000001,ExampleCorp Master Payer,Payer Account,200000000011,prod-platform,Linked Account,2026-05-01T00:00:00Z,2026-06-01T00:00:00Z,2026-05-27T17:00:00Z,2026-05-27T18:00:00Z,Purchase,,"Savings Plan commitment, amortised for the charge period",Recurring,32.016,0,32.016,32.016,1,1,Standard,32.016,USD,USD,1.0000000000,0,1.0000000000,USD,,,AmazonEC2,Compute,Virtual Machines,SKU-53792a378695e386e0280d5c,Commitment,SPRICE-56a7b3778b922200186036dc,"{""x_PurchaseTerm"":""1yr"",""x_PaymentOption"":""NoUpfront""}",arn:aws:savingsplans:eu-west-1::savingsplan/02a8bb8a91c29c57,savingsplan-99608f0f23ee,Savings Plan,eu-west-1,EU (Ireland),,arn:aws:savingsplans:eu-west-1::savingsplan/02a8bb8a91c29c57,ComputeSavingsPlan-1yr-NoUpfront,Spend,Savings Plan,,32.016,USD,,,"{""Environment"":""staging"",""CostCenter"":""cc-2087"",""Owner"":""team-data""}"
AWS,AWS,AWS,INV-2026-05-0001,100000000001,ExampleCorp Master Payer,Payer Account,200000000011,prod-platform,Linked Account,2026-05-01T00:00:00Z,2026-06-01T00:00:00Z,2026-05-27T17:00:00Z,2026-05-27T18:00:00Z,Usage,,AmazonEC2 committed usage of 500 machine-equivalents,Usage-Based,0,32.016,48,43.2,0.0960000000,0.0864000000,Committed,500,Hours,USD,0.0864000000,32.016,0.0960000000,USD,500,Hours,AmazonEC2,Compute,Virtual Machines,SKU-ca9c2ba97f0b30fb137ef130,Compute,SPRICE-d7f4030fc2a8b65799f6b437,"{""InstanceType"":""m6i.large"",""InstanceSeries"":""M6i"",""CoreCount"":2,""MemorySize"":8,""OperatingSystem"":""Linux"",""x_Tenancy"":""Shared""}",urn:focus-sample:aws:eu-west-1:200000000011:compute-fleet:fleet7f4ef9aed7a6f26fcf276e37,fleet7f4ef9aed7a6f26fcf276e37,Compute Fleet,eu-west-1,EU (Ireland),eu-west-1b,arn:aws:savingsplans:eu-west-1::savingsplan/02a8bb8a91c29c57,ComputeSavingsPlan-1yr-NoUpfront,Spend,Savings Plan,Used,32.016,USD,,,"{""Environment"":""dev"",""CostCenter"":""cc-3110"",""Owner"":""team-platform"",""SyntheticFleetSize"":""500""}"
AWS,AWS,AWS,INV-2026-05-0001,100000000001,ExampleCorp Master Payer,Payer Account,200000000011,prod-platform,Linked Account,2026-05-01T00:00:00Z,2026-06-01T00:00:00Z,2026-05-27T18:00:00Z,2026-05-27T19:00:00Z,Purchase,,"Savings Plan commitment, amortised for the charge period",Recurring,32.016,0,32.016,32.016,1,1,Standard,32.016,USD,USD,1.0000000000,0,1.0000000000,USD,,,AmazonEC2,Compute,Virtual Machines,SKU-53792a378695e386e0280d5c,Commitment,SPRICE-56a7b3778b922200186036dc,"{""x_PurchaseTerm"":""1yr"",""x_PaymentOption"":""NoUpfront""}",arn:aws:savingsplans:eu-west-1::savingsplan/02a8bb8a91c29c57,savingsplan-99608f0f23ee,Savings Plan,eu-west-1,EU (Ireland),,arn:aws:savingsplans:eu-west-1::savingsplan/02a8bb8a91c29c57,ComputeSavingsPlan-1yr-NoUpfront,Spend,Savings Plan,,32.016,USD,,,"{""Environment"":""staging"",""CostCenter"":""cc-2087"",""Owner"":""team-platform""}"
AWS,AWS,AWS,INV-2026-05-0001,100000000001,ExampleCorp Master Payer,Payer Account,200000000011,prod-platform,Linked Account,2026-05-01T00:00:00Z,2026-06-01T00:00:00Z,2026-05-27T18:00:00Z,2026-05-27T19:00:00Z,Usage,,AmazonEC2 committed usage of 500 machine-equivalents,Usage-Based,0,32.016,48,43.2,0.0960000000,0.0864000000,Committed,500,Hours,USD,0.0864000000,32.016,0.0960000000,USD,500,Hours,AmazonEC2,Compute,Virtual Machines,SKU-ca9c2ba97f0b30fb137ef130,Compute,SPRICE-d7f4030fc2a8b65799f6b437,"{""InstanceType"":""m6i.large"",""InstanceSeries"":""M6i"",""CoreCount"":2,""MemorySize"":8,""OperatingSystem"":""Linux"",""x_Tenancy"":""Shared""}",urn:focus-sample:aws:eu-west-1:200000000011:compute-fleet:fleet7f4ef9aed7a6f26fcf276e37,fleet7f4ef9aed7a6f26fcf276e37,Compute Fleet,eu-west-1,EU (Ireland),eu-west-1b,arn:aws:savingsplans:eu-west-1::savingsplan/02a8bb8a91c29c57,ComputeSavingsPlan-1yr-NoUpfront,Spend,Savings Plan,Used,32.016,USD,,,"{""Environment"":""dev"",""CostCenter"":""cc-2087"",""Owner"":""team-platform"",""SyntheticFleetSize"":""500""}"
AWS,AWS,AWS,INV-2026-05-0001,100000000001,ExampleCorp Master Payer,Payer Account,200000000011,prod-platform,Linked Account,2026-05-01T00:00:00Z,2026-06-01T00:00:00Z,2026-05-27T19:00:00Z,2026-05-27T20:00:00Z,Purchase,,"Savings Plan commitment, amortised for the charge period",Recurring,32.016,0,32.016,32.016,1,1,Standard,32.016,USD,USD,1.0000000000,0,1.0000000000,USD,,,AmazonEC2,Compute,Virtual Machines,SKU-53792a378695e386e0280d5c,Commitment,SPRICE-56a7b3778b922200186036dc,"{""x_PurchaseTerm"":""1yr"",""x_PaymentOption"":""NoUpfront""}",arn:aws:savingsplans:eu-west-1::savingsplan/02a8bb8a91c29c57,savingsplan-99608f0f23ee,Savings Plan,eu-west-1,EU (Ireland),,arn:aws:savingsplans:eu-west-1::savingsplan/02a8bb8a91c29c57,ComputeSavingsPlan-1yr-NoUpfront,Spend,Savings Plan,,32.016,USD,,,"{""Environment"":""staging"",""CostCenter"":""cc-2087"",""Owner"":""team-platform""}"
AWS,AWS,AWS,INV-2026-05-0001,100000000001,ExampleCorp Master Payer,Payer Account,200000000011,prod-platform,Linked Account,2026-05-01T00:00:00Z,2026-06-01T00:00:00Z,2026-05-27T19:00:00Z,2026-05-27T20:00:00Z,Usage,,Savings Plan unused commitment,Usage-Based,0,32.016,32.016,32.016,1,1,Committed,32.016,USD,USD,1.0000000000,32.016,1.0000000000,USD,,,AmazonEC2,Compute,Virtual Machines,SKU-53792a378695e386e0280d5c,Commitment,SPRICE-56a7b3778b922200186036dc,"{""x_PurchaseTerm"":""1yr"",""x_PaymentOption"":""NoUpfront""}",arn:aws:savingsplans:eu-west-1::savingsplan/02a8bb8a91c29c57,savingsplan-99608f0f23ee,Savings Plan,eu-west-1,EU (Ireland),,arn:aws:savingsplans:eu-west-1::savingsplan/02a8bb8a91c29c57,ComputeSavingsPlan-1yr-NoUpfront,Spend,Savings Plan,Unused,32.016,USD,,,"{""Environment"":""dev"",""CostCenter"":""cc-3110"",""Owner"":""team-platform""}"
AWS,AWS,AWS,INV-2026-05-0002,100000000002,ExampleCorp Secondary Payer,Payer Account,200000000013,data-analytics,Linked Account,2026-05-01T00:00:00Z,2026-06-01T00:00:00Z,2026-05-10T00:00:00Z,2026-05-11T00:00:00Z,Usage,,NAT gateway data processed,Usage-Based,0.1745388,0.1745388,0.193932,0.1745388,0.0450000000,0.0405000000,Standard,4.3096,GB,USD,0.0405000000,0.1745388,0.0450000000,USD,4.3096,GB,AmazonVPC,Networking,Network Connectivity,SKU-0a48b40b1fa86593309c0c4c,Data Transfer,SPRICE-b948c57b4c22bb2955afff1a,"{""x_TransferType"":""InterAZ""}",arn:aws:ec2:ap-southeast-1:200000000013:natgateway/nat-bfd9919d3888,nat-bfd9919d3888,NAT Gateway,ap-southeast-1,Asia Pacific (Singapore),,,,,,,,,,,"{""Environment"":""staging"",""CostCenter"":""cc-2087"",""Owner"":""team-data""}"
AWS,AWS,AWS,INV-2026-05-0002,100000000002,ExampleCorp Secondary Payer,Payer Account,200000000014,sandbox-dev,Linked Account,2026-05-01T00:00:00Z,2026-06-01T00:00:00Z,2026-05-25T00:00:00Z,2026-05-26T00:00:00Z,Tax,,Synthetic tax 10% on usage record 221: AWSGlue,One-Time,7.2958644,7.2958644,8.106516,7.2958644,,,,,,EUR,,6.712195248,,USD,,,AWSGlue,Analytics,Data Processing,,,,,,,,,,,,,,,,,,,,"{""Environment"":""dev"",""CostCenter"":""cc-2087"",""Owner"":""team-data""}"
AWS,AWS,AWS,INV-2026-05-0002,100000000002,ExampleCorp Secondary Payer,Payer Account,200000000011,prod-platform,Linked Account,2026-05-01T00:00:00Z,2026-06-01T00:00:00Z,2026-05-12T00:00:00Z,2026-05-13T00:00:00Z,Usage,,Custom metrics,Usage-Based,24.001947,24.001947,26.66883,24.001947,0.3000000000,0.2700000000,Standard,88.8961,Metrics,USD,0.2700000000,24.001947,0.3000000000,USD,88.8961,Metrics,AmazonCloudWatch,Management and Governance,Observability,SKU-34e5538fb30cbad0ab6e9eda,Monitoring,SPRICE-7775836205fc8d4f07876728,"{""x_MetricType"":""Custom""}",arn:aws:cloudwatch:us-west-2:200000000011:metric/metric-73d91f6067af,metric-73d91f6067af,Metric,us-west-2,US West (Oregon),,,,,,,,,,,"{""Environment"":""staging"",""CostCenter"":""cc-3110"",""Owner"":""team-payments""}"
AWS,AWS,AWS,INV-2026-05-0002,100000000002,ExampleCorp Secondary Payer,Payer Account,200000000014,sandbox-dev,Linked Account,2026-05-01T00:00:00Z,2026-06-01T00:00:00Z,2026-05-19T00:00:00Z,2026-05-20T00:00:00Z,Tax,,Synthetic tax 10% on usage record 215: AmazonCloudWatch,One-Time,4.2159582,4.2159582,4.684398,4.2159582,,,,,,USD,,4.2159582,,USD,,,AmazonCloudWatch,Management and Governance,Observability,,,,,,,,,,,,,,,,,,,,"{""Environment"":""prod"",""CostCenter"":""cc-1042"",""Owner"":""team-payments""}"
AWS,AWS,AWS,INV-2026-05-0002,100000000002,ExampleCorp Secondary Payer,Payer Account,200000000011,prod-platform,Linked Account,2026-05-01T00:00:00Z,2026-06-01T00:00:00Z,2026-05-14T00:00:00Z,2026-05-15T00:00:00Z,Usage,,Custom metrics,Usage-Based,30.676347,30.676347,34.08483,30.676347,0.3000000000,0.2700000000,Standard,113.6161,Metrics,USD,0.2700000000,30.676347,0.3000000000,USD,113.6161,Metrics,AmazonCloudWatch,Management and Governance,Observability,SKU-34e5538fb30cbad0ab6e9eda,Monitoring,SPRICE-7775836205fc8d4f07876728,"{""x_MetricType"":""Custom""}",arn:aws:cloudwatch:us-west-2:200000000011:metric/metric-e4f1062b0461,metric-e4f1062b0461,Metric,us-west-2,US West (Oregon),,,,,,,,,,,"{""Environment"":""staging"",""CostCenter"":""cc-3110"",""Owner"":""team-payments""}"
AWS,AWS,AWS,INV-2026-05-0001,100000000001,ExampleCorp Master Payer,Payer Account,200000000014,sandbox-dev,Linked Account,2026-05-01T00:00:00Z,2026-06-01T00:00:00Z,2026-05-01T00:00:00Z,2026-06-01T00:00:00Z,Tax,,Synthetic tax 10% on usage record 162: AmazonS3,One-Time,2.200608513,2.200608513,2.44512057,2.200608513,,,,,,USD,,2.200608513,,USD,,,AmazonS3,Storage,Object Storage,,,,,,,,,,,,,,,,,,,,"{""Environment"":""dev"",""CostCenter"":""cc-1042"",""Owner"":""team-data""}"
AWS,AWS,AWS,INV-2026-05-0001,100000000001,ExampleCorp Master Payer,Payer Account,200000000011,prod-platform,Linked Account,2026-05-01T00:00:00Z,2026-06-01T00:00:00Z,2026-05-28T11:00:00Z,2026-05-28T12:00:00Z,Usage,,RDS PostgreSQL db.r6g.large,Usage-Based,0.216,0.216,0.24,0.216,0.2400000000,0.2160000000,Standard,1.0000,Hours,USD,0.2160000000,0.216,0.2400000000,USD,1.0000,Hours,AmazonRDS,Databases,Relational Databases,SKU-59cf7266a13e6ea4d00d0143,Database,SPRICE-bde64d57365802abbf64195d,"{""InstanceType"":""db.r6g.large"",""InstanceSeries"":""R6g"",""CoreCount"":2,""MemorySize"":16,""x_Engine"":""PostgreSQL""}",arn:aws:rds:ap-southeast-1:200000000011:db/db-ff1814ceeb6d,db-ff1814ceeb6d,RDS Instance,ap-southeast-1,Asia Pacific (Singapore),,,,,,,,,,,"{""Environment"":""dev"",""CostCenter"":""cc-2087"",""Owner"":""team-platform""}"
AWS,AWS,AWS,INV-2026-05-0002,100000000002,ExampleCorp Secondary Payer,Payer Account,200000000012,staging-platform,Linked Account,2026-05-01T00:00:00Z,2026-06-01T00:00:00Z,2026-05-28T12:00:00Z,2026-05-28T13:00:00Z,Usage,,Linux on-demand m6i.large,Usage-Based,0.0864,0.0864,0.096,0.0864,0.0960000000,0.0864000000,Standard,1.0000,Hours,USD,0.0864000000,0.0864,0.0960000000,USD,1.0000,Hours,AmazonEC2,Compute,Virtual Machines,SKU-093c0d7a3a0491f8523e34c8,Compute,SPRICE-bab283475cbbabd222878e74,"{""InstanceType"":""m6i.large"",""InstanceSeries"":""M6i"",""CoreCount"":2,""MemorySize"":8,""OperatingSystem"":""Linux"",""x_Tenancy"":""Shared""}",arn:aws:ec2:ap-southeast-1:200000000012:instance/i-7d092398456d,i-7d092398456d,EC2 Instance,ap-southeast-1,Asia Pacific (Singapore),ap-southeast-1b,,,,,,,,,,"{""Environment"":""dev"",""CostCenter"":""cc-2087"",""Owner"":""team-data""}"
AWS,AWS,AWS,INV-2026-05-0001,100000000001,ExampleCorp Master Payer,Payer Account,200000000011,prod-platform,Linked Account,2026-05-01T00:00:00Z,2026-06-01T00:00:00Z,2026-05-18T00:00:00Z,2026-05-19T00:00:00Z,Usage,,Glue ETL job run,Usage-Based,25.691094,25.691094,28.54566,25.691094,0.4400000000,0.3960000000,Standard,64.8765,DPU-Hours,USD,0.3960000000,25.691094,0.4400000000,USD,64.8765,DPU-Hours,AWSGlue,Analytics,Data Processing,SKU-8cd75c3064ca6c4c85c43ce6,Data Processing,SPRICE-31964d215aa8bccf440b844b,"{""x_WorkerType"":""G.1X""}",arn:aws:glue:eu-west-1:200000000011:job/job-44a955bebc47,job-44a955bebc47,Glue Job,eu-west-1,EU (Ireland),,,,,,,,,,,"{""Environment"":""staging"",""CostCenter"":""cc-3110"",""Owner"":""team-data""}"
AWS,AWS,AWS,INV-2026-05-0002,100000000002,ExampleCorp Secondary Payer,Payer Account,200000000011,prod-platform,Linked Account,2026-05-01T00:00:00Z,2026-06-01T00:00:00Z,2026-05-19T00:00:00Z,2026-05-20T00:00:00Z,Usage,,Glue ETL job run,Usage-Based,61.40871,61.40871,68.2319,61.40871,0.4400000000,0.3960000000,Standard,155.0725,DPU-Hours,USD,0.3960000000,61.40871,0.4400000000,USD,155.0725,DPU-Hours,AWSGlue,Analytics,Data Processing,SKU-edd508eddef1abee51edfd3a,Data Processing,SPRICE-d9fcf83357f0862b561e6bf6,"{""x_WorkerType"":""G.1X""}",arn:aws:glue:us-east-1:200000000011:job/job-96b7348fac7f,job-96b7348fac7f,Glue Job,us-east-1,US East (N. Virginia),,,,,,,,,,,"{""Environment"":""prod"",""CostCenter"":""cc-1042"",""Owner"":""team-platform""}"
AWS,AWS,AWS,INV-2026-05-0001,100000000001,ExampleCorp Master Payer,Payer Account,200000000011,prod-platform,Linked Account,2026-05-01T00:00:00Z,2026-06-01T00:00:00Z,2026-05-28T15:00:00Z,2026-05-28T16:00:00Z,Usage,,Lambda function duration,Usage-Based,9.0920636355,9.0920636355,10.10231313291919,9.0920636355,0.0000166667,0.0000150000,Standard,606137.5757,GB-Seconds,USD,0.0000150000,9.0920636355,0.0000166667,USD,606137.5757,GB-Seconds,AWSLambda,Compute,Serverless Compute,SKU-7828f3c3be040bf04a99c13a,Compute,SPRICE-f43f05862dbfbeb78999da05,"{""x_Runtime"":""python3.12"",""x_Architecture"":""arm64""}",arn:aws:lambda:eu-west-1:200000000011:function/fn-3a414d147eec,fn-3a414d147eec,Lambda Function,eu-west-1,EU (Ireland),,,,,,,,,,,"{""Environment"":""staging"",""CostCenter"":""cc-1042"",""Owner"":""team-data""}"
AWS,AWS,AWS,INV-2026-05-0001,100000000001,ExampleCorp Master Payer,Payer Account,200000000011,prod-platform,Linked Account,2026-05-01T00:00:00Z,2026-06-01T00:00:00Z,2026-05-21T00:00:00Z,2026-05-22T00:00:00Z,Usage,,Custom metrics,Usage-Based,4.292487,4.292487,4.76943,4.292487,0.3000000000,0.2700000000,Standard,15.8981,Metrics,USD,0.2700000000,4.292487,0.3000000000,USD,15.8981,Metrics,AmazonCloudWatch,Management and Governance,Observability,SKU-2491f45dad51aaef563400a5,Monitoring,SPRICE-5131bac450b55b26fd0cdc7e,"{""x_MetricType"":""Custom""}",arn:aws:cloudwatch:us-east-1:200000000011:metric/metric-8e802dd0ba9a,metric-8e802dd0ba9a,Metric,us-east-1,US East (N. Virginia),,,,,,,,,,,"{""Environment"":""dev"",""CostCenter"":""cc-3110"",""Owner"":""team-data""}"
AWS,AWS,AWS,INV-2026-05-0001,100000000001,ExampleCorp Master Payer,Payer Account,200000000011,prod-platform,Linked Account,2026-05-01T00:00:00Z,2026-06-01T00:00:00Z,2026-05-22T00:00:00Z,2026-05-23T00:00:00Z,Usage,,Custom metrics,Usage-Based,14.210262,14.210262,15.78918,14.210262,0.3000000000,0.2700000000,Standard,52.6306,Metrics,USD,0.2700000000,14.210262,0.3000000000,USD,52.6306,Metrics,AmazonCloudWatch,Management and Governance,Observability,SKU-917addcfe26d359456f585f4,Monitoring,SPRICE-bfed9ccd55f51b42ca94dd2b,"{""x_MetricType"":""Custom""}",arn:aws:cloudwatch:eu-west-1:200000000011:metric/metric-7030d89ea5b6,metric-7030d89ea5b6,Metric,eu-west-1,EU (Ireland),,,,,,,,,,,"{""Environment"":""staging"",""CostCenter"":""cc-1042"",""Owner"":""team-data""}"
AWS,AWS,AWS,INV-2026-05-0001,100000000001,ExampleCorp Master Payer,Payer Account,200000000014,sandbox-dev,Linked Account,2026-05-01T00:00:00Z,2026-06-01T00:00:00Z,2026-05-01T00:00:00Z,2026-06-01T00:00:00Z,Usage,,S3 Standard storage,Usage-Based,71.76171258,71.76171258,79.7352362,71.76171258,0.0230000000,0.0207000000,Standard,3466.7494,GB-Months,USD,0.0207000000,71.76171258,0.0230000000,USD,3466.7494,GB-Months,AmazonS3,Storage,Object Storage,SKU-36fb3a972f2cdabe2e87e8f5,Storage,SPRICE-2e0d1e6fc7695c1a2fe50a1a,"{""StorageClass"":""Standard"",""Redundancy"":""Zonal""}",arn:aws:s3:us-west-2:200000000014:bucket/bucket-cf1e40bfb9d2,bucket-cf1e40bfb9d2,S3 Bucket,us-west-2,US West (Oregon),,,,,,,,,,,"{""Environment"":""dev"",""CostCenter"":""cc-2087"",""Owner"":""team-platform""}"
AWS,AWS,AWS,INV-2026-05-0002,100000000002,ExampleCorp Secondary Payer,Payer Account,200000000014,sandbox-dev,Linked Account,2026-05-01T00:00:00Z,2026-06-01T00:00:00Z,2026-05-24T00:00:00Z,2026-05-25T00:00:00Z,Usage,,Custom metrics,Usage-Based,41.339025,41.339025,45.93225,41.339025,0.3000000000,0.2700000000,Standard,153.1075,Metrics,USD,0.2700000000,41.339025,0.3000000000,USD,153.1075,Metrics,AmazonCloudWatch,Management and Governance,Observability,SKU-917addcfe26d359456f585f4,Monitoring,SPRICE-bfed9ccd55f51b42ca94dd2b,"{""x_MetricType"":""Custom""}",arn:aws:cloudwatch:eu-west-1:200000000014:metric/metric-3ce62173c526,metric-3ce62173c526,Metric,eu-west-1,EU (Ireland),,,,,,,,,,,"{""Environment"":""staging"",""CostCenter"":""cc-1042"",""Owner"":""team-data""}"
AWS,AWS,AWS,INV-2026-05-0002,100000000002,ExampleCorp Secondary Payer,Payer Account,200000000014,sandbox-dev,Linked Account,2026-05-01T00:00:00Z,2026-06-01T00:00:00Z,2026-05-28T20:00:00Z,2026-05-28T21:00:00Z,Usage,,RDS PostgreSQL db.r6g.large,Usage-Based,0.216,0.216,0.24,0.216,0.2400000000,0.2160000000,Standard,1.0000,Hours,USD,0.2160000000,0.216,0.2400000000,USD,1.0000,Hours,AmazonRDS,Databases,Relational Databases,SKU-7a3ac49181ed25cc4a81dc35,Database,SPRICE-7a34752a4c02e0761e1464be,"{""InstanceType"":""db.r6g.large"",""InstanceSeries"":""R6g"",""CoreCount"":2,""MemorySize"":16,""x_Engine"":""PostgreSQL""}",arn:aws:rds:eu-west-1:200000000014:db/db-7a3a8d431339,db-7a3a8d431339,RDS Instance,eu-west-1,EU (Ireland),,,,,,,,,,,"{""Environment"":""prod"",""CostCenter"":""cc-1042"",""Owner"":""team-payments""}"
AWS,AWS,AWS,INV-2026-05-0002,100000000002,ExampleCorp Secondary Payer,Payer Account,200000000013,data-analytics,Linked Account,2026-05-01T00:00:00Z,2026-06-01T00:00:00Z,2026-05-26T00:00:00Z,2026-05-27T00:00:00Z,Usage,,DynamoDB on-demand write requests,Usage-Based,4.7825618482125,4.7825618482125,5.313957609125,4.7825618482125,0.0000012500,0.0000011250,Standard,4251166.0873,Requests,USD,0.0000011250,4.7825618482125,0.0000012500,USD,4251166.0873,Requests,AmazonDynamoDB,Databases,NoSQL Databases,SKU-687affd9645b52f0bac81a2c,Database,SPRICE-716c8854825bf7430db8e755,"{""x_CapacityMode"":""On-Demand""}",arn:aws:dynamodb:us-west-2:200000000013:table/table-8bf7e638fa72,table-8bf7e638fa72,DynamoDB Table,us-west-2,US West (Oregon),,,,,,,,,,,"{""Environment"":""prod"",""CostCenter"":""cc-3110"",""Owner"":""team-data""}"
AWS,AWS,AWS,INV-2026-05-0001,100000000001,ExampleCorp Master Payer,Payer Account,200000000011,prod-platform,Linked Account,2026-05-01T00:00:00Z,2026-06-01T00:00:00Z,2026-05-28T22:00:00Z,2026-05-28T23:00:00Z,Usage,,RDS PostgreSQL db.r6g.large,Usage-Based,0.216,0.216,0.24,0.216,0.2400000000,0.2160000000,Standard,1.0000,Hours,USD,0.2160000000,0.216,0.2400000000,USD,1.0000,Hours,AmazonRDS,Databases,Relational Databases,SKU-59cf7266a13e6ea4d00d0143,Database,SPRICE-bde64d57365802abbf64195d,"{""InstanceType"":""db.r6g.large"",""InstanceSeries"":""R6g"",""CoreCount"":2,""MemorySize"":16,""x_Engine"":""PostgreSQL""}",arn:aws:rds:ap-southeast-1:200000000011:db/db-9e251cbc8869,db-9e251cbc8869,RDS Instance,ap-southeast-1,Asia Pacific (Singapore),,,,,,,,,,,"{""Environment"":""prod"",""CostCenter"":""cc-2087"",""Owner"":""team-payments""}"
AWS,AWS,AWS,INV-2026-05-0002,100000000002,ExampleCorp Secondary Payer,Payer Account,200000000012,staging-platform,Linked Account,2026-05-01T00:00:00Z,2026-06-01T00:00:00Z,2026-05-28T00:00:00Z,2026-05-29T00:00:00Z,Usage,,NAT gateway data processed,Usage-Based,13.7749248,13.7749248,15.305472,13.7749248,0.0450000000,0.0405000000,Standard,340.1216,GB,USD,0.0405000000,13.7749248,0.0450000000,USD,340.1216,GB,AmazonVPC,Networking,Network Connectivity,SKU-38ae1a660e2cadb9d64ca8e5,Data Transfer,SPRICE-974405df44bbf0808ce048b9,"{""x_TransferType"":""InterAZ""}",arn:aws:ec2:us-west-2:200000000012:natgateway/nat-ded2a907d86d,nat-ded2a907d86d,NAT Gateway,us-west-2,US West (Oregon),,,,,,,,,,,"{""Environment"":""prod"",""CostCenter"":""cc-2087"",""Owner"":""team-data""}"
AWS,AWS,AWS,INV-2026-05-0001,100000000001,ExampleCorp Master Payer,Payer Account,200000000013,data-analytics,Linked Account,2026-05-01T00:00:00Z,2026-06-01T00:00:00Z,2026-05-01T00:00:00Z,2026-05-01T01:00:00Z,Usage,,Lambda function duration,Usage-Based,69.392367666,69.392367666,77.10278494526148,69.392367666,0.0000166667,0.0000150000,Standard,4626157.8444,GB-Seconds,USD,0.0000150000,69.392367666,0.0000166667,USD,4626157.8444,GB-Seconds,AWSLambda,Compute,Serverless Compute,SKU-790dfdd7277c16aec9cf7656,Compute,SPRICE-55fe45e894424abc4a1bb3fe,"{""x_Runtime"":""python3.12"",""x_Architecture"":""arm64""}",arn:aws:lambda:us-west-2:200000000013:function/fn-2301a9ac21b0,fn-2301a9ac21b0,Lambda Function,us-west-2,US West (Oregon),,,,,,,,,,,"{""Environment"":""staging"",""CostCenter"":""cc-3110"",""Owner"":""team-payments""}"
AWS,AWS,AWS,INV-2026-05-0001,100000000001,ExampleCorp Master Payer,Payer Account,200000000013,data-analytics,Linked Account,2026-05-01T00:00:00Z,2026-06-01T00:00:00Z,2026-05-01T01:00:00Z,2026-05-01T02:00:00Z,Usage,,Lambda function duration,Usage-Based,8.006780457,8.006780457,8.89644052284546,8.006780457,0.0000166667,0.0000150000,Standard,533785.3638,GB-Seconds,EUR,0.0000138000,7.36623802044,0.0000153334,USD,533785.3638,GB-Seconds,AWSLambda,Compute,Serverless Compute,SKU-10b7f1c880ad0bc78efd30e2,Compute,SPRICE-f698f85a0f5e59cb4990d3c1,"{""x_Runtime"":""python3.12"",""x_Architecture"":""arm64""}",arn:aws:lambda:ap-southeast-1:200000000013:function/fn-3a97be1a1ba8,fn-3a97be1a1ba8,Lambda Function,ap-southeast-1,Asia Pacific (Singapore),,,,,,,,,,,"{""Environment"":""staging"",""CostCenter"":""cc-2087"",""Owner"":""team-data""}"
AWS,AWS,AWS,INV-2026-05-0002,100000000002,ExampleCorp Secondary Payer,Payer Account,200000000014,sandbox-dev,Linked Account,2026-05-01T00:00:00Z,2026-06-01T00:00:00Z,2026-05-16T23:00:00Z,2026-05-17T00:00:00Z,Tax,,Synthetic tax 10% on usage record 384: AWSLambda,One-Time,5.82712001055,5.82712001055,6.474590738655579,5.82712001055,,,,,,USD,,5.82712001055,,USD,,,AWSLambda,Compute,Serverless Compute,,,,,,,,,,,,,,,,,,,,"{""Environment"":""prod"",""CostCenter"":""cc-3110"",""Owner"":""team-data""}"
AWS,AWS,AWS,INV-2026-05-0001,100000000001,ExampleCorp Master Payer,Payer Account,200000000012,staging-platform,Linked Account,2026-05-01T00:00:00Z,2026-06-01T00:00:00Z,2026-05-01T03:00:00Z,2026-05-01T04:00:00Z,Usage,,Lambda function duration,Usage-Based,47.2280150505,47.2280150505,52.47567722947789,47.2280150505,0.0000166667,0.0000150000,Standard,3148534.3367,GB-Seconds,USD,0.0000150000,47.2280150505,0.0000166667,USD,3148534.3367,GB-Seconds,AWSLambda,Compute,Serverless Compute,SKU-67dc4ce0843e58b6125cbdce,Compute,SPRICE-227d5491bbfb36c4f69bea63,"{""x_Runtime"":""python3.12"",""x_Architecture"":""arm64""}",arn:aws:lambda:us-east-1:200000000012:function/fn-e0e84d51452b,fn-e0e84d51452b,Lambda Function,us-east-1,US East (N. Virginia),,,,,,,,,,,"{""Environment"":""dev"",""CostCenter"":""cc-3110"",""Owner"":""team-data""}"
AWS,AWS,AWS,INV-2026-05-0001,100000000001,ExampleCorp Master Payer,Payer Account,200000000014,sandbox-dev,Linked Account,2026-05-01T00:00:00Z,2026-06-01T00:00:00Z,2026-05-09T18:00:00Z,2026-05-09T19:00:00Z,Tax,,Synthetic tax 10% on usage record 211: AmazonRDS,One-Time,0.0216,0.0216,0.024,0.0216,,,,,,USD,,0.0216,,USD,,,AmazonRDS,Databases,Relational Databases,,,,,,,,,,,,,,,,,,,,"{""Environment"":""staging"",""CostCenter"":""cc-2087"",""Owner"":""team-data""}"
AWS,AWS,AWS,INV-2026-05-0002,100000000002,ExampleCorp Secondary Payer,Payer Account,200000000012,staging-platform,Linked Account,2026-05-01T00:00:00Z,2026-06-01T00:00:00Z,2026-05-06T00:00:00Z,2026-05-07T00:00:00Z,Usage,,Custom metrics,Usage-Based,0.823257,0.823257,0.91473,0.823257,0.3000000000,0.2700000000,Standard,3.0491,Metrics,EUR,0.2484000000,0.75739644,0.2760000000,USD,3.0491,Metrics,AmazonCloudWatch,Management and Governance,Observability,SKU-7f3902e3f370805f0a245d7f,Monitoring,SPRICE-a898791670559a1f7da92145,"{""x_MetricType"":""Custom""}",arn:aws:cloudwatch:ap-southeast-1:200000000012:metric/metric-0163b429ed57,metric-0163b429ed57,Metric,ap-southeast-1,Asia Pacific (Singapore),,,,,,,,,,,"{""Environment"":""prod"",""CostCenter"":""cc-1042"",""Owner"":""team-data""}"
AWS,AWS,AWS,INV-2026-05-0001,100000000001,ExampleCorp Master Payer,Payer Account,200000000011,prod-platform,Linked Account,2026-05-01T00:00:00Z,2026-06-01T00:00:00Z,2026-05-07T00:00:00Z,2026-05-08T00:00:00Z,Usage,,DynamoDB on-demand write requests,Usage-Based,4.106608216425,4.106608216425,4.56289801825,4.106608216425,0.0000012500,0.0000011250,Standard,3650318.4146,Requests,USD,0.0000011250,4.106608216425,0.0000012500,USD,3650318.4146,Requests,AmazonDynamoDB,Databases,NoSQL Databases,SKU-687affd9645b52f0bac81a2c,Database,SPRICE-716c8854825bf7430db8e755,"{""x_CapacityMode"":""On-Demand""}",arn:aws:dynamodb:us-west-2:200000000011:table/table-1c81ff48f447,table-1c81ff48f447,DynamoDB Table,us-west-2,US West (Oregon),,,,,,,,,,,"{""Environment"":""prod"",""CostCenter"":""cc-2087"",""Owner"":""team-platform""}"
AWS,AWS,AWS,INV-2026-05-0001,100000000001,ExampleCorp Master Payer,Payer Account,200000000014,sandbox-dev,Linked Account,2026-05-01T00:00:00Z,2026-06-01T00:00:00Z,2026-05-08T00:00:00Z,2026-05-09T00:00:00Z,Usage,,Glue ETL job run,Usage-Based,29.7245124,29.7245124,33.027236,29.7245124,0.4400000000,0.3960000000,Standard,75.0619,DPU-Hours,EUR,0.3643200000,27.346551408,0.4048000000,USD,75.0619,DPU-Hours,AWSGlue,Analytics,Data Processing,SKU-d1426392ab27c72810db5ee9,Data Processing,SPRICE-5867ebd0cfa6188b74ea4b3a,"{""x_WorkerType"":""G.1X""}",arn:aws:glue:ap-southeast-1:200000000014:job/job-5d734dcb7b68,job-5d734dcb7b68,Glue Job,ap-southeast-1,Asia Pacific (Singapore),,,,,,,,,,,"{""Environment"":""prod"",""CostCenter"":""cc-2087"",""Owner"":""team-data""}"
AWS,AWS,AWS,INV-2026-05-0001,100000000001,ExampleCorp Master Payer,Payer Account,200000000013,data-analytics,Linked Account,2026-05-01T00:00:00Z,2026-06-01T00:00:00Z,2026-05-09T00:00:00Z,2026-05-10T00:00:00Z,Usage,,Custom metrics,Usage-Based,50.883444,50.883444,56.53716,50.883444,0.3000000000,0.2700000000,Standard,188.4572,Metrics,USD,0.2700000000,50.883444,0.3000000000,USD,188.4572,Metrics,AmazonCloudWatch,Management and Governance,Observability,SKU-2491f45dad51aaef563400a5,Monitoring,SPRICE-5131bac450b55b26fd0cdc7e,"{""x_MetricType"":""Custom""}",arn:aws:cloudwatch:us-east-1:200000000013:metric/metric-cab11d765ab2,metric-cab11d765ab2,Metric,us-east-1,US East (N. Virginia),,,,,,,,,,,"{""Environment"":""staging"",""CostCenter"":""cc-2087"",""Owner"":""team-payments""}"
AWS,AWS,AWS,INV-2026-05-0001,100000000001,ExampleCorp Master Payer,Payer Account,200000000011,prod-platform,Linked Account,2026-05-01T00:00:00Z,2026-06-01T00:00:00Z,2026-05-01T09:00:00Z,2026-05-01T10:00:00Z,Usage,,RDS PostgreSQL db.r6g.large,Usage-Based,0.216,0.216,0.24,0.216,0.2400000000,0.2160000000,Standard,1.0000,Hours,USD,0.2160000000,0.216,0.2400000000,USD,1.0000,Hours,AmazonRDS,Databases,Relational Databases,SKU-d70ac0acbdfcb8de90bd881a,Database,SPRICE-526e7acd56433e6d3c551cac,"{""InstanceType"":""db.r6g.large"",""InstanceSeries"":""R6g"",""CoreCount"":2,""MemorySize"":16,""x_Engine"":""PostgreSQL""}",arn:aws:rds:us-west-2:200000000011:db/db-94b15d4686b3,db-94b15d4686b3,RDS Instance,us-west-2,US West (Oregon),,,,,,,,,,,"{""Environment"":""dev"",""CostCenter"":""cc-1042"",""Owner"":""team-platform""}"
AWS,AWS,AWS,INV-2026-05-0001,100000000001,ExampleCorp Master Payer,Payer Account,200000000012,staging-platform,Linked Account,2026-05-01T00:00:00Z,2026-06-01T00:00:00Z,2026-05-11T00:00:00Z,2026-05-12T00:00:00Z,Usage,,Glue ETL job run,Usage-Based,14.4964908,14.4964908,16.107212,14.4964908,0.4400000000,0.3960000000,Standard,36.6073,DPU-Hours,USD,0.3960000000,14.4964908,0.4400000000,USD,36.6073,DPU-Hours,AWSGlue,Analytics,Data Processing,SKU-8cd75c3064ca6c4c85c43ce6,Data Processing,SPRICE-31964d215aa8bccf440b844b,"{""x_WorkerType"":""G.1X""}",arn:aws:glue:eu-west-1:200000000012:job/job-74fabebdb74e,job-74fabebdb74e,Glue Job,eu-west-1,EU (Ireland),,,,,,,,,,,"{""Environment"":""staging"",""CostCenter"":""cc-3110"",""Owner"":""team-data""}"
AWS,AWS,AWS,INV-2026-05-0002,100000000002,ExampleCorp Secondary Payer,Payer Account,200000000011,prod-platform,Linked Account,2026-05-01T00:00:00Z,2026-06-01T00:00:00Z,2026-05-12T00:00:00Z,2026-05-13T00:00:00Z,Usage,,Custom metrics,Usage-Based,5.913297,5.913297,6.57033,5.913297,0.3000000000,0.2700000000,Standard,21.9011,Metrics,EUR,0.2484000000,5.44023324,0.2760000000,USD,21.9011,Metrics,AmazonCloudWatch,Management and Governance,Observability,SKU-7f3902e3f370805f0a245d7f,Monitoring,SPRICE-a898791670559a1f7da92145,"{""x_MetricType"":""Custom""}",arn:aws:cloudwatch:ap-southeast-1:200000000011:metric/metric-c82eaebf2e2f,metric-c82eaebf2e2f,Metric,ap-southeast-1,Asia Pacific (Singapore),,,,,,,,,,,"{""Environment"":""staging"",""CostCenter"":""cc-3110"",""Owner"":""team-data""}"
AWS,AWS,AWS,INV-2026-05-0001,100000000001,ExampleCorp Master Payer,Payer Account,200000000011,prod-platform,Linked Account,2026-05-01T00:00:00Z,2026-06-01T00:00:00Z,2026-05-13T00:00:00Z,2026-05-14T00:00:00Z,Usage,,Custom metrics,Usage-Based,1.321191,1.321191,1.46799,1.321191,0.3000000000,0.2700000000,Standard,4.8933,Metrics,USD,0.2700000000,1.321191,0.3000000000,USD,4.8933,Metrics,AmazonCloudWatch,Management and Governance,Observability,SKU-2491f45dad51aaef563400a5,Monitoring,SPRICE-5131bac450b55b26fd0cdc7e,"{""x_MetricType"":""Custom""}",arn:aws:cloudwatch:us-east-1:200000000011:metric/metric-493a5713acfe,metric-493a5713acfe,Metric,us-east-1,US East (N. Virginia),,,,,,,,,,,"{""Environment"":""staging"",""CostCenter"":""cc-3110"",""Owner"":""team-data""}"
AWS,AWS,AWS,INV-2026-05-0002,100000000002,ExampleCorp Secondary Payer,Payer Account,200000000013,data-analytics,Linked Account,2026-05-01T00:00:00Z,2026-06-01T00:00:00Z,2026-05-01T00:00:00Z,2026-06-01T00:00:00Z,Usage,,S3 Standard storage,Usage-Based,44.19821772,44.19821772,49.1091308,44.19821772,0.0230000000,0.0207000000,Standard,2135.1796,GB-Months,EUR,0.0190440000,40.6623603024,0.0211600000,USD,2135.1796,GB-Months,AmazonS3,Storage,Object Storage,SKU-6042c508b21761919a0ed516,Storage,SPRICE-d8b71692d0c9bfaf5e90ae20,"{""StorageClass"":""Standard"",""Redundancy"":""Zonal""}",arn:aws:s3:eu-west-1:200000000013:bucket/bucket-12510089986d,bucket-12510089986d,S3 Bucket,eu-west-1,EU (Ireland),,,,,,,,,,,"{""Environment"":""dev"",""CostCenter"":""cc-2087"",""Owner"":""team-payments""}"
AWS,AWS,AWS,INV-2026-05-0002,100000000002,ExampleCorp Secondary Payer,Payer Account,200000000012,staging-platform,Linked Account,2026-05-01T00:00:00Z,2026-06-01T00:00:00Z,2026-05-01T14:00:00Z,2026-05-01T15:00:00Z,Usage,,Lambda function duration,Usage-Based,57.144296286,57.144296286,63.49378952732508,57.144296286,0.0000166667,0.0000150000,Standard,3809619.7524,GB-Seconds,USD,0.0000150000,57.144296286,0.0000166667,USD,3809619.7524,GB-Seconds,AWSLambda,Compute,Serverless Compute,SKU-790dfdd7277c16aec9cf7656,Compute,SPRICE-55fe45e894424abc4a1bb3fe,"{""x_Runtime"":""python3.12"",""x_Architecture"":""arm64""}",arn:aws:lambda:us-west-2:200000000012:function/fn-b31da16882cf,fn-b31da16882cf,Lambda Function,us-west-2,US West (Oregon),,,,,,,,,,,"{""Environment"":""staging"",""CostCenter"":""cc-1042"",""Owner"":""team-payments""}"
AWS,AWS,AWS,INV-2026-05-0001,100000000001,ExampleCorp Master Payer,Payer Account,200000000012,staging-platform,Linked Account,2026-05-01T00:00:00Z,2026-06-01T00:00:00Z,2026-05-16T00:00:00Z,2026-05-17T00:00:00Z,Usage,,Custom metrics,Usage-Based,36.758637,36.758637,40.84293,36.758637,0.3000000000,0.2700000000,Standard,136.1431,Metrics,USD,0.2700000000,36.758637,0.3000000000,USD,136.1431,Metrics,AmazonCloudWatch,Management and Governance,Observability,SKU-2491f45dad51aaef563400a5,Monitoring,SPRICE-5131bac450b55b26fd0cdc7e,"{""x_MetricType"":""Custom""}",arn:aws:cloudwatch:us-east-1:200000000012:metric/metric-6209c3bd52b6,metric-6209c3bd52b6,Metric,us-east-1,US East (N. Virginia),,,,,,,,,,,"{""Environment"":""prod"",""CostCenter"":""cc-1042"",""Owner"":""team-payments""}"
AWS,AWS,AWS,INV-2026-05-0001,100000000001,ExampleCorp Master Payer,Payer Account,200000000013,data-analytics,Linked Account,2026-05-01T00:00:00Z,2026-06-01T00:00:00Z,2026-05-17T00:00:00Z,2026-05-18T00:00:00Z,Usage,,NAT gateway data processed,Usage-Based,5.6010933,5.6010933,6.223437,5.6010933,0.0450000000,0.0405000000,Standard,138.2986,GB,USD,0.0405000000,5.6010933,0.0450000000,USD,138.2986,GB,AmazonVPC,Networking,Network Connectivity,SKU-0a48b40b1fa86593309c0c4c,Data Transfer,SPRICE-b948c57b4c22bb2955afff1a,"{""x_TransferType"":""InterAZ""}",arn:aws:ec2:ap-southeast-1:200000000013:natgateway/nat-f60cbdb9793a,nat-f60cbdb9793a,NAT Gateway,ap-southeast-1,Asia Pacific (Singapore),,,,,,,,,,,"{""Environment"":""dev"",""CostCenter"":""cc-2087"",""Owner"":""team-platform""}"
AWS,AWS,AWS,INV-2026-05-0002,100000000002,ExampleCorp Secondary Payer,Payer Account,200000000012,staging-platform,Linked Account,2026-05-01T00:00:00Z,2026-06-01T00:00:00Z,2026-05-01T17:00:00Z,2026-05-01T18:00:00Z,Usage,,Linux on-demand m6i.large,Usage-Based,0.0864,0.0864,0.096,0.0864,0.0960000000,0.0864000000,Standard,1.0000,Hours,USD,0.0864000000,0.0864,0.0960000000,USD,1.0000,Hours,AmazonEC2,Compute,Virtual Machines,SKU-093c0d7a3a0491f8523e34c8,Compute,SPRICE-bab283475cbbabd222878e74,"{""InstanceType"":""m6i.large"",""InstanceSeries"":""M6i"",""CoreCount"":2,""MemorySize"":8,""OperatingSystem"":""Linux"",""x_Tenancy"":""Shared""}",arn:aws:ec2:ap-southeast-1:200000000012:instance/i-fa5154a45b6e,i-fa5154a45b6e,EC2 Instance,ap-southeast-1,Asia Pacific (Singapore),ap-southeast-1a,,,,,,,,,,"{""Environment"":""dev"",""CostCenter"":""cc-2087"",""Owner"":""team-platform""}"
AWS,AWS,AWS,INV-2026-05-0001,100000000001,ExampleCorp Master Payer,Payer Account,200000000014,sandbox-dev,Linked Account,2026-05-01T00:00:00Z,2026-06-01T00:00:00Z,2026-05-05T00:00:00Z,2026-05-06T00:00:00Z,Tax,,Synthetic tax 10% on usage record 201: AmazonDynamoDB,One-Time,0.5349801681,0.5349801681,0.594422409,0.5349801681,,,,,,USD,,0.5349801681,,USD,,,AmazonDynamoDB,Databases,NoSQL Databases,,,,,,,,,,,,,,,,,,,,"{""Environment"":""prod"",""CostCenter"":""cc-3110"",""Owner"":""team-payments""}"
AWS,AWS,AWS,INV-2026-05-0002,100000000002,ExampleCorp Secondary Payer,Payer Account,200000000011,prod-platform,Linked Account,2026-05-01T00:00:00Z,2026-06-01T00:00:00Z,2026-05-01T19:00:00Z,2026-05-01T20:00:00Z,Usage,,Lambda function duration,Usage-Based,18.500330682,18.500330682,20.55596409184596,18.500330682,0.0000166667,0.0000150000,Standard,1233355.3788,GB-Seconds,USD,0.0000150000,18.500330682,0.0000166667,USD,1233355.3788,GB-Seconds,AWSLambda,Compute,Serverless Compute,SKU-10b7f1c880ad0bc78efd30e2,Compute,SPRICE-a9f6b13fa92ac1d53f2f387c,"{""x_Runtime"":""python3.12"",""x_Architecture"":""arm64""}",arn:aws:lambda:ap-southeast-1:200000000011:function/fn-2ed06c43070d,fn-2ed06c43070d,Lambda Function,ap-southeast-1,Asia Pacific (Singapore),,,,,,,,,,,"{""Environment"":""staging"",""CostCenter"":""cc-1042"",""Owner"":""team-data""}"
AWS,AWS,AWS,INV-2026-05-0002,100000000002,ExampleCorp Secondary Payer,Payer Account,200000000011,prod-platform,Linked Account,2026-05-01T00:00:00Z,2026-06-01T00:00:00Z,2026-05-01T20:00:00Z,2026-05-01T21:00:00Z,Usage,,Lambda function duration,Usage-Based,71.9117723265,71.9117723265,79.90212905560517,71.9117723265,0.0000166667,0.0000150000,Standard,4794118.1551,GB-Seconds,USD,0.0000150000,71.9117723265,0.0000166667,USD,4794118.1551,GB-Seconds,AWSLambda,Compute,Serverless Compute,SKU-790dfdd7277c16aec9cf7656,Compute,SPRICE-55fe45e894424abc4a1bb3fe,"{""x_Runtime"":""python3.12"",""x_Architecture"":""arm64""}",arn:aws:lambda:us-west-2:200000000011:function/fn-7bf7b5be4bf0,fn-7bf7b5be4bf0,Lambda Function,us-west-2,US West (Oregon),,,,,,,,,,,"{""Environment"":""dev"",""CostCenter"":""cc-3110"",""Owner"":""team-payments""}"
AWS,AWS,AWS,INV-2026-05-0002,100000000002,ExampleCorp Secondary Payer,Payer Account,200000000014,sandbox-dev,Linked Account,2026-05-01T00:00:00Z,2026-06-01T00:00:00Z,2026-05-01T21:00:00Z,2026-05-01T22:00:00Z,Usage,,Lambda function duration,Usage-Based,30.1525712685,30.1525712685,33.50292397071393,30.1525712685,0.0000166667,0.0000150000,Standard,2010171.4179,GB-Seconds,USD,0.0000150000,30.1525712685,0.0000166667,USD,2010171.4179,GB-Seconds,AWSLambda,Compute,Serverless Compute,SKU-7828f3c3be040bf04a99c13a,Compute,SPRICE-f43f05862dbfbeb78999da05,"{""x_Runtime"":""python3.12"",""x_Architecture"":""arm64""}",arn:aws:lambda:eu-west-1:200000000014:function/fn-13bc9a2dbbff,fn-13bc9a2dbbff,Lambda Function,eu-west-1,EU (Ireland),,,,,,,,,,,"{""Environment"":""dev"",""CostCenter"":""cc-1042"",""Owner"":""team-platform""}"
AWS,AWS,AWS,INV-2026-05-0001,100000000001,ExampleCorp Master Payer,Payer Account,200000000011,prod-platform,Linked Account,2026-05-01T00:00:00Z,2026-06-01T00:00:00Z,2026-05-26T10:00:00Z,2026-05-26T11:00:00Z,Tax,,Synthetic tax 10% on usage record 611: AWSLambda,One-Time,1.273355154,1.273355154,1.41484188967812,1.273355154,,,,,,USD,,1.273355154,,USD,,,AWSLambda,Compute,Serverless Compute,,,,,,,,,,,,,,,,,,,,"{""Environment"":""staging"",""CostCenter"":""cc-2087"",""Owner"":""team-data""}"
AWS,AWS,AWS,INV-2026-05-0002,100000000002,ExampleCorp Secondary Payer,Payer Account,200000000013,data-analytics,Linked Account,2026-05-01T00:00:00Z,2026-06-01T00:00:00Z,2026-05-01T23:00:00Z,2026-05-02T00:00:00Z,Usage,,RDS PostgreSQL db.r6g.large,Usage-Based,0.216,0.216,0.24,0.216,0.2400000000,0.2160000000,Standard,1.0000,Hours,USD,0.2160000000,0.216,0.2400000000,USD,1.0000,Hours,AmazonRDS,Databases,Relational Databases,SKU-59cf7266a13e6ea4d00d0143,Database,SPRICE-bde64d57365802abbf64195d,"{""InstanceType"":""db.r6g.large"",""InstanceSeries"":""R6g"",""CoreCount"":2,""MemorySize"":16,""x_Engine"":""PostgreSQL""}",arn:aws:rds:ap-southeast-1:200000000013:db/db-74e5cd06391e,db-74e5cd06391e,RDS Instance,ap-southeast-1,Asia Pacific (Singapore),,,,,,,,,,,"{""Environment"":""staging"",""CostCenter"":""cc-3110"",""Owner"":""team-data""}"
AWS,AWS,AWS,INV-2026-05-0001,100000000001,ExampleCorp Master Payer,Payer Account,200000000012,staging-platform,Linked Account,2026-05-01T00:00:00Z,2026-06-01T00:00:00Z,2026-05-20T07:00:00Z,2026-05-20T08:00:00Z,Tax,,Synthetic tax 10% on usage record 464: AmazonRDS,One-Time,0.0216,0.0216,0.024,0.0216,,,,,,USD,,0.0216,,USD,,,AmazonRDS,Databases,Relational Databases,,,,,,,,,,,,,,,,,,,,"{""Environment"":""prod"",""CostCenter"":""cc-2087"",""Owner"":""team-payments""}"
AWS,AWS,AWS,INV-2026-05-0002,100000000002,ExampleCorp Secondary Payer,Payer Account,200000000012,staging-platform,Linked Account,2026-05-01T00:00:00Z,2026-06-01T00:00:00Z,2026-05-24T10:00:00Z,2026-05-24T11:00:00Z,Tax,,Synthetic tax 10% on usage record 563: AmazonEC2,One-Time,0.00864,0.00864,0.0096,0.00864,,,,,,USD,,0.00864,,USD,,,AmazonEC2,Compute,Virtual Machines,,,,,,,,,,,,,,,,,,,,"{""Environment"":""staging"",""CostCenter"":""cc-2087"",""Owner"":""team-data""}"
AWS,AWS,AWS,INV-2026-05-0002,100000000002,ExampleCorp Secondary Payer,Payer Account,200000000013,data-analytics,Linked Account,2026-05-01T00:00:00Z,2026-06-01T00:00:00Z,2026-05-03T00:00:00Z,2026-05-04T00:00:00Z,Tax,,Synthetic tax 10% on usage record 479: AWSGlue,One-Time,6.81099804,6.81099804,7.5677756,6.81099804,,,,,,USD,,6.81099804,,USD,,,AWSGlue,Analytics,Data Processing,,,,,,,,,,,,,,,,,,,,"{""Environment"":""dev"",""CostCenter"":""cc-2087"",""Owner"":""team-platform""}"
AWS,AWS,AWS,INV-2026-05-0002,100000000002,ExampleCorp Secondary Payer,Payer Account,200000000012,staging-platform,Linked Account,2026-05-01T00:00:00Z,2026-06-01T00:00:00Z,2026-05-28T00:00:00Z,2026-05-29T00:00:00Z,Usage,,Custom metrics,Usage-Based,5.921991,5.921991,6.57999,5.921991,0.3000000000,0.2700000000,Standard,21.9333,Metrics,USD,0.2700000000,5.921991,0.3000000000,USD,21.9333,Metrics,AmazonCloudWatch,Management and Governance,Observability,SKU-7f3902e3f370805f0a245d7f,Monitoring,SPRICE-dae68554fa459d336630e8d7,"{""x_MetricType"":""Custom""}",arn:aws:cloudwatch:ap-southeast-1:200000000012:metric/metric-4ca53c5ec1f6,metric-4ca53c5ec1f6,Metric,ap-southeast-1,Asia Pacific (Singapore),,,,,,,,,,,"{""Environment"":""prod"",""CostCenter"":""cc-1042"",""Owner"":""team-payments""}"
AWS,AWS,AWS,INV-2026-05-0001,100000000001,ExampleCorp Master Payer,Payer Account,200000000012,staging-platform,Linked Account,2026-05-01T00:00:00Z,2026-06-01T00:00:00Z,2026-05-02T04:00:00Z,2026-05-02T05:00:00Z,Usage,,RDS PostgreSQL db.r6g.large,Usage-Based,0.216,0.216,0.24,0.216,0.2400000000,0.2160000000,Standard,1.0000,Hours,USD,0.2160000000,0.216,0.2400000000,USD,1.0000,Hours,AmazonRDS,Databases,Relational Databases,SKU-89bc59af83de149a442b21d0,Database,SPRICE-887d5388c52a801df4d42ba1,"{""InstanceType"":""db.r6g.large"",""InstanceSeries"":""R6g"",""CoreCount"":2,""MemorySize"":16,""x_Engine"":""PostgreSQL""}",arn:aws:rds:us-east-1:200000000012:db/db-bcb0e9ac524e,db-bcb0e9ac524e,RDS Instance,us-east-1,US East (N. Virginia),,,,,,,,,,,"{""Environment"":""staging"",""CostCenter"":""cc-2087"",""Owner"":""team-platform""}"
AWS,AWS,AWS,INV-2026-05-0002,100000000002,ExampleCorp Secondary Payer,Payer Account,200000000014,sandbox-dev,Linked Account,2026-05-01T00:00:00Z,2026-06-01T00:00:00Z,2026-05-02T05:00:00Z,2026-05-02T06:00:00Z,Usage,,Lambda function duration,Usage-Based,6.6405021165,6.6405021165,7.37835044167137,6.6405021165,0.0000166667,0.0000150000,Standard,442700.1411,GB-Seconds,USD,0.0000150000,6.6405021165,0.0000166667,USD,442700.1411,GB-Seconds,AWSLambda,Compute,Serverless Compute,SKU-7828f3c3be040bf04a99c13a,Compute,SPRICE-f43f05862dbfbeb78999da05,"{""x_Runtime"":""python3.12"",""x_Architecture"":""arm64""}",arn:aws:lambda:eu-west-1:200000000014:function/fn-84f9100500c3,fn-84f9100500c3,Lambda Function,eu-west-1,EU (Ireland),,,,,,,,,,,"{""Environment"":""staging"",""CostCenter"":""cc-3110"",""Owner"":""team-data""}"
AWS,AWS,AWS,INV-2026-05-0002,100000000002,ExampleCorp Secondary Payer,Payer Account,200000000014,sandbox-dev,Linked Account,2026-05-01T00:00:00Z,2026-06-01T00:00:00Z,2026-05-01T00:00:00Z,2026-06-01T00:00:00Z,Usage,,S3 Standard storage,Usage-Based,16.79640642,16.79640642,18.6626738,16.79640642,0.0230000000,0.0207000000,Standard,811.4206,GB-Months,USD,0.0207000000,16.79640642,0.0230000000,USD,811.4206,GB-Months,AmazonS3,Storage,Object Storage,SKU-ca447aa86bf44972e43c1f69,Storage,SPRICE-92e9b7d21ce3c83c68f72f47,"{""StorageClass"":""Standard"",""Redundancy"":""Zonal""}",arn:aws:s3:us-east-1:200000000014:bucket/bucket-a329a7d4bb59,bucket-a329a7d4bb59,S3 Bucket,us-east-1,US East (N. Virginia),,,,,,,,,,,"{""Environment"":""prod"",""CostCenter"":""cc-2087"",""Owner"":""team-platform""}"
AWS,AWS,AWS,INV-2026-05-0002,100000000002,ExampleCorp Secondary Payer,Payer Account,200000000013,data-analytics,Linked Account,2026-05-01T00:00:00Z,2026-06-01T00:00:00Z,2026-05-04T00:00:00Z,2026-05-05T00:00:00Z,Usage,,NAT gateway data processed,Usage-Based,5.5289304,5.5289304,6.143256,5.5289304,0.0450000000,0.0405000000,Standard,136.5168,GB,USD,0.0405000000,5.5289304,0.0450000000,USD,136.5168,GB,AmazonVPC,Networking,Network Connectivity,SKU-935abd9125f7268b4f0eb1ad,Data Transfer,SPRICE-130c94d71c797814c8e72b46,"{""x_TransferType"":""InterAZ""}",arn:aws:ec2:us-east-1:200000000013:natgateway/nat-af1dac0226a8,nat-af1dac0226a8,NAT Gateway,us-east-1,US East (N. Virginia),,,,,,,,,,,"{""Environment"":""staging"",""CostCenter"":""cc-1042"",""Owner"":""team-payments""}"
AWS,AWS,AWS,INV-2026-05-0001,100000000001,ExampleCorp Master Payer,Payer Account,200000000014,sandbox-dev,Linked Account,2026-05-01T00:00:00Z,2026-06-01T00:00:00Z,2026-05-05T00:00:00Z,2026-05-06T00:00:00Z,Usage,,Custom metrics,Usage-Based,28.697058,28.697058,31.88562,28.697058,0.3000000000,0.2700000000,Standard,106.2854,Metrics,USD,0.2700000000,28.697058,0.3000000000,USD,106.2854,Metrics,AmazonCloudWatch,Management and Governance,Observability,SKU-917addcfe26d359456f585f4,Monitoring,SPRICE-bfed9ccd55f51b42ca94dd2b,"{""x_MetricType"":""Custom""}",arn:aws:cloudwatch:eu-west-1:200000000014:metric/metric-5baba5accebf,metric-5baba5accebf,Metric,eu-west-1,EU (Ireland),,,,,,,,,,,"{""Environment"":""staging"",""CostCenter"":""cc-3110"",""Owner"":""team-platform""}"
AWS,AWS,AWS,INV-2026-05-0002,100000000002,ExampleCorp Secondary Payer,Payer Account,200000000011,prod-platform,Linked Account,2026-05-01T00:00:00Z,2026-06-01T00:00:00Z,2026-05-01T00:00:00Z,2026-06-01T00:00:00Z,Usage,,S3 Standard storage,Usage-Based,37.04213043,37.04213043,41.1579227,37.04213043,0.0230000000,0.0207000000,Standard,1789.4749,GB-Months,USD,0.0207000000,37.04213043,0.0230000000,USD,1789.4749,GB-Months,AmazonS3,Storage,Object Storage,SKU-6042c508b21761919a0ed516,Storage,SPRICE-d35afe08308f10d3695aa71d,"{""StorageClass"":""Standard"",""Redundancy"":""Zonal""}",arn:aws:s3:eu-west-1:200000000011:bucket/bucket-3776d8374aec,bucket-3776d8374aec,S3 Bucket,eu-west-1,EU (Ireland),,,,,,,,,,,"{""Environment"":""staging"",""CostCenter"":""cc-3110"",""Owner"":""team-data""}"
AWS,AWS,AWS,INV-2026-05-0002,100000000002,ExampleCorp Secondary Payer,Payer Account,200000000013,data-analytics,Linked Account,2026-05-01T00:00:00Z,2026-06-01T00:00:00Z,2026-05-07T00:00:00Z,2026-05-08T00:00:00Z,Usage,,NAT gateway data processed,Usage-Based,19.26193365,19.26193365,21.4021485,19.26193365,0.0450000000,0.0405000000,Standard,475.6033,GB,USD,0.0405000000,19.26193365,0.0450000000,USD,475.6033,GB,AmazonVPC,Networking,Network Connectivity,SKU-38ae1a660e2cadb9d64ca8e5,Data Transfer,SPRICE-974405df44bbf0808ce048b9,"{""x_TransferType"":""InterAZ""}",arn:aws:ec2:us-west-2:200000000013:natgateway/nat-fc89006d872f,nat-fc89006d872f,NAT Gateway,us-west-2,US West (Oregon),,,,,,,,,,,"{""Environment"":""staging"",""CostCenter"":""cc-3110"",""Owner"":""team-payments""}"
AWS,AWS,AWS,INV-2026-05-0002,100000000002,ExampleCorp Secondary Payer,Payer Account,200000000012,staging-platform,Linked Account,2026-05-01T00:00:00Z,2026-06-01T00:00:00Z,2026-05-28T00:00:00Z,2026-05-29T00:00:00Z,Tax,,Synthetic tax 10% on usage record 672: AmazonVPC,One-Time,1.37749248,1.37749248,1.5305472,1.37749248,,,,,,USD,,1.37749248,,USD,,,AmazonVPC,Networking,Network Connectivity,,,,,,,,,,,,,,,,,,,,"{""Environment"":""prod"",""CostCenter"":""cc-2087"",""Owner"":""team-data""}"
AWS,AWS,AWS,INV-2026-05-0002,100000000002,ExampleCorp Secondary Payer,Payer Account,200000000014,sandbox-dev,Linked Account,2026-05-01T00:00:00Z,2026-06-01T00:00:00Z,2026-05-09T00:00:00Z,2026-05-10T00:00:00Z,Usage,,NAT gateway data processed,Usage-Based,17.49598785,17.49598785,19.4399865,17.49598785,0.0450000000,0.0405000000,Standard,431.9997,GB,USD,0.0405000000,17.49598785,0.0450000000,USD,431.9997,GB,AmazonVPC,Networking,Network Connectivity,SKU-935abd9125f7268b4f0eb1ad,Data Transfer,SPRICE-130c94d71c797814c8e72b46,"{""x_TransferType"":""InterAZ""}",arn:aws:ec2:us-east-1:200000000014:natgateway/nat-c8a0901ec411,nat-c8a0901ec411,NAT Gateway,us-east-1,US East (N. Virginia),,,,,,,,,,,"{""Environment"":""staging"",""CostCenter"":""cc-2087"",""Owner"":""team-data""}"
AWS,AWS,AWS,INV-2026-05-0002,100000000002,ExampleCorp Secondary Payer,Payer Account,200000000014,sandbox-dev,Linked Account,2026-05-01T00:00:00Z,2026-06-01T00:00:00Z,2026-05-10T00:00:00Z,2026-05-11T00:00:00Z,Usage,,DynamoDB on-demand write requests,Usage-Based,3.393935532225,3.393935532225,3.77103948025,3.393935532225,0.0000012500,0.0000011250,Standard,3016831.5842,Requests,USD,0.0000011250,3.393935532225,0.0000012500,USD,3016831.5842,Requests,AmazonDynamoDB,Databases,NoSQL Databases,SKU-687affd9645b52f0bac81a2c,Database,SPRICE-716c8854825bf7430db8e755,"{""x_CapacityMode"":""On-Demand""}",arn:aws:dynamodb:us-west-2:200000000014:table/table-c84007c01aa6,table-c84007c01aa6,DynamoDB Table,us-west-2,US West (Oregon),,,,,,,,,,,"{""Environment"":""dev"",""CostCenter"":""cc-2087"",""Owner"":""team-payments""}"
AWS,AWS,AWS,INV-2026-05-0001,100000000001,ExampleCorp Master Payer,Payer Account,200000000011,prod-platform,Linked Account,2026-05-01T00:00:00Z,2026-06-01T00:00:00Z,2026-05-11T00:00:00Z,2026-05-12T00:00:00Z,Usage,,DynamoDB on-demand write requests,Usage-Based,4.9592452365,4.9592452365,5.510272485,4.9592452365,0.0000012500,0.0000011250,Standard,4408217.9880,Requests,USD,0.0000011250,4.9592452365,0.0000012500,USD,4408217.9880,Requests,AmazonDynamoDB,Databases,NoSQL Databases,SKU-b60be50671e3ea779ca4990a,Database,SPRICE-01c9691ef6482a9102c7a4ff,"{""x_CapacityMode"":""On-Demand""}",arn:aws:dynamodb:us-east-1:200000000011:table/table-f9bf9d33d4e6,table-f9bf9d33d4e6,DynamoDB Table,us-east-1,US East (N. Virginia),,,,,,,,,,,"{""Environment"":""dev"",""CostCenter"":""cc-3110"",""Owner"":""team-platform""}"
AWS,AWS,AWS,INV-2026-05-0002,100000000002,ExampleCorp Secondary Payer,Payer Account,200000000011,prod-platform,Linked Account,2026-05-01T00:00:00Z,2026-06-01T00:00:00Z,2026-05-12T00:00:00Z,2026-05-13T00:00:00Z,Usage,,DynamoDB on-demand write requests,Usage-Based,1.132520238675,1.132520238675,1.25835582075,1.132520238675,0.0000012500,0.0000011250,Standard,1006684.6566,Requests,USD,0.0000011250,1.132520238675,0.0000012500,USD,1006684.6566,Requests,AmazonDynamoDB,Databases,NoSQL Databases,SKU-fc4e454b36112dd390bf69e4,Database,SPRICE-6e7ea642b1065af97aedd9bf,"{""x_CapacityMode"":""On-Demand""}",arn:aws:dynamodb:eu-west-1:200000000011:table/table-44ee53044fd4,table-44ee53044fd4,DynamoDB Table,eu-west-1,EU (Ireland),,,,,,,,,,,"{""Environment"":""prod"",""CostCenter"":""cc-3110"",""Owner"":""team-data""}"
AWS,AWS,AWS,INV-2026-05-0002,100000000002,ExampleCorp Secondary Payer,Payer Account,200000000011,prod-platform,Linked Account,2026-05-01T00:00:00Z,2026-06-01T00:00:00Z,2026-05-02T16:00:00Z,2026-05-02T17:00:00Z,Usage,,Lambda function duration,Usage-Based,19.0281049635,19.0281049635,21.14238113301103,19.0281049635,0.0000166667,0.0000150000,Standard,1268540.3309,GB-Seconds,USD,0.0000150000,19.0281049635,0.0000166667,USD,1268540.3309,GB-Seconds,AWSLambda,Compute,Serverless Compute,SKU-7828f3c3be040bf04a99c13a,Compute,SPRICE-f43f05862dbfbeb78999da05,"{""x_Runtime"":""python3.12"",""x_Architecture"":""arm64""}",arn:aws:lambda:eu-west-1:200000000011:function/fn-4f4a18f1372d,fn-4f4a18f1372d,Lambda Function,eu-west-1,EU (Ireland),,,,,,,,,,,"{""Environment"":""prod"",""CostCenter"":""cc-2087"",""Owner"":""team-payments""}"
AWS,AWS,AWS,INV-2026-05-0001,100000000001,ExampleCorp Master Payer,Payer Account,200000000012,staging-platform,Linked Account,2026-05-01T00:00:00Z,2026-06-01T00:00:00Z,2026-05-02T17:00:00Z,2026-05-02T18:00:00Z,Usage,,Lambda function duration,Usage-Based,35.4386946255,35.4386946255,39.37640611432139,35.4386946255,0.0000166667,0.0000150000,Standard,2362579.6417,GB-Seconds,USD,0.0000150000,35.4386946255,0.0000166667,USD,2362579.6417,GB-Seconds,AWSLambda,Compute,Serverless Compute,SKU-67dc4ce0843e58b6125cbdce,Compute,SPRICE-227d5491bbfb36c4f69bea63,"{""x_Runtime"":""python3.12"",""x_Architecture"":""arm64""}",arn:aws:lambda:us-east-1:200000000012:function/fn-9772ef6e5c0d,fn-9772ef6e5c0d,Lambda Function,us-east-1,US East (N. Virginia),,,,,,,,,,,"{""Environment"":""prod"",""CostCenter"":""cc-3110"",""Owner"":""team-platform""}"
AWS,AWS,AWS,INV-2026-05-0001,100000000001,ExampleCorp Master Payer,Payer Account,200000000014,sandbox-dev,Linked Account,2026-05-01T00:00:00Z,2026-06-01T00:00:00Z,2026-05-26T09:00:00Z,2026-05-26T10:00:00Z,Tax,,Synthetic tax 10% on usage record 610: AmazonRDS,One-Time,0.0216,0.0216,0.024,0.0216,,,,,,USD,,0.0216,,USD,,,AmazonRDS,Databases,Relational Databases,,,,,,,,,,,,,,,,,,,,"{""Environment"":""prod"",""CostCenter"":""cc-1042"",""Owner"":""team-platform""}"
AWS,AWS,AWS,INV-2026-05-0002,100000000002,ExampleCorp Secondary Payer,Payer Account,200000000013,data-analytics,Linked Account,2026-05-01T00:00:00Z,2026-06-01T00:00:00Z,2026-05-02T19:00:00Z,2026-05-02T20:00:00Z,Usage,,RDS PostgreSQL db.r6g.large,Usage-Based,0.216,0.216,0.24,0.216,0.2400000000,0.2160000000,Standard,1.0000,Hours,USD,0.2160000000,0.216,0.2400000000,USD,1.0000,Hours,AmazonRDS,Databases,Relational Databases,SKU-59cf7266a13e6ea4d00d0143,Database,SPRICE-bde64d57365802abbf64195d,"{""InstanceType"":""db.r6g.large"",""InstanceSeries"":""R6g"",""CoreCount"":2,""MemorySize"":16,""x_Engine"":""PostgreSQL""}",arn:aws:rds:ap-southeast-1:200000000013:db/db-116408a57440,db-116408a57440,RDS Instance,ap-southeast-1,Asia Pacific (Singapore),,,,,,,,,,,"{""Environment"":""dev"",""CostCenter"":""cc-2087"",""Owner"":""team-data""}"
AWS,AWS,AWS,INV-2026-05-0002,100000000002,ExampleCorp Secondary Payer,Payer Account,200000000013,data-analytics,Linked Account,2026-05-01T00:00:00Z,2026-06-01T00:00:00Z,2026-05-10T15:00:00Z,2026-05-10T16:00:00Z,Tax,,Synthetic tax 10% on usage record 232: AmazonRDS,One-Time,0.0216,0.0216,0.024,0.0216,,,,,,USD,,0.0216,,USD,,,AmazonRDS,Databases,Relational Databases,,,,,,,,,,,,,,,,,,,,"{""Environment"":""dev"",""CostCenter"":""cc-2087"",""Owner"":""team-platform""}"
AWS,AWS,AWS,INV-2026-05-0001,100000000001,ExampleCorp Master Payer,Payer Account,200000000011,prod-platform,Linked Account,2026-05-01T00:00:00Z,2026-06-01T00:00:00Z,2026-05-02T21:00:00Z,2026-05-02T22:00:00Z,Usage,,Linux on-demand m6i.large,Usage-Based,0.0864,0.0864,0.096,0.0864,0.0960000000,0.0864000000,Standard,1.0000,Hours,USD,0.0864000000,0.0864,0.0960000000,USD,1.0000,Hours,AmazonEC2,Compute,Virtual Machines,SKU-e0e295f006e6a0732dd5f77b,Compute,SPRICE-98f5ebeb1125d6e984c27bb1,"{""InstanceType"":""m6i.large"",""InstanceSeries"":""M6i"",""CoreCount"":2,""MemorySize"":8,""OperatingSystem"":""Linux"",""x_Tenancy"":""Shared""}",arn:aws:ec2:us-west-2:200000000011:instance/i-ff7a0d55302e,i-ff7a0d55302e,EC2 Instance,us-west-2,US West (Oregon),us-west-2a,,,,,,,,,,"{""Environment"":""dev"",""CostCenter"":""cc-2087"",""Owner"":""team-platform""}"
AWS,AWS,AWS,INV-2026-05-0001,100000000001,ExampleCorp Master Payer,Payer Account,200000000013,data-analytics,Linked Account,2026-05-01T00:00:00Z,2026-06-01T00:00:00Z,2026-05-19T00:00:00Z,2026-05-20T00:00:00Z,Usage,,Custom metrics,Usage-Based,9.261621,9.261621,10.29069,9.261621,0.3000000000,0.2700000000,Standard,34.3023,Metrics,USD,0.2700000000,9.261621,0.3000000000,USD,34.3023,Metrics,AmazonCloudWatch,Management and Governance,Observability,SKU-34e5538fb30cbad0ab6e9eda,Monitoring,SPRICE-7775836205fc8d4f07876728,"{""x_MetricType"":""Custom""}",arn:aws:cloudwatch:us-west-2:200000000013:metric/metric-bfbbb4a1d523,metric-bfbbb4a1d523,Metric,us-west-2,US West (Oregon),,,,,,,,,,,"{""Environment"":""dev"",""CostCenter"":""cc-3110"",""Owner"":""team-data""}"
AWS,AWS,AWS,INV-2026-05-0002,100000000002,ExampleCorp Secondary Payer,Payer Account,200000000012,staging-platform,Linked Account,2026-05-01T00:00:00Z,2026-06-01T00:00:00Z,2026-05-20T00:00:00Z,2026-05-21T00:00:00Z,Usage,,NAT gateway data processed,Usage-Based,19.45093905,19.45093905,21.6121545,19.45093905,0.0450000000,0.0405000000,Standard,480.2701,GB,USD,0.0405000000,19.45093905,0.0450000000,USD,480.2701,GB,AmazonVPC,Networking,Network Connectivity,SKU-0a48b40b1fa86593309c0c4c,Data Transfer,SPRICE-b948c57b4c22bb2955afff1a,"{""x_TransferType"":""InterAZ""}",arn:aws:ec2:ap-southeast-1:200000000012:natgateway/nat-bea38a1174c2,nat-bea38a1174c2,NAT Gateway,ap-southeast-1,Asia Pacific (Singapore),,,,,,,,,,,"{""Environment"":""staging"",""CostCenter"":""cc-2087"",""Owner"":""team-payments""}"
AWS,AWS,AWS,INV-2026-05-0002,100000000002,ExampleCorp Secondary Payer,Payer Account,200000000011,prod-platform,Linked Account,2026-05-01T00:00:00Z,2026-06-01T00:00:00Z,2026-05-28T00:00:00Z,2026-05-29T00:00:00Z,Tax,,Synthetic tax 10% on usage record 420: AmazonVPC,One-Time,0.739404045,0.739404045,0.82156005,0.739404045,,,,,,USD,,0.739404045,,USD,,,AmazonVPC,Networking,Network Connectivity,,,,,,,,,,,,,,,,,,,,"{""Environment"":""staging"",""CostCenter"":""cc-2087"",""Owner"":""team-data""}"
AWS,AWS,AWS,INV-2026-05-0002,100000000002,ExampleCorp Secondary Payer,Payer Account,200000000014,sandbox-dev,Linked Account,2026-05-01T00:00:00Z,2026-06-01T00:00:00Z,2026-05-22T00:00:00Z,2026-05-23T00:00:00Z,Purchase,,AWSGlue subscription fee,Recurring,444.66,444.66,444.66,444.66,444.66,444.66,Standard,1,Units,USD,444.6600000000,444.66,444.6600000000,USD,,,AWSGlue,Analytics,Data Processing,SKU-67a20b1e9c6c8676f414f442,Subscription,SPRICE-269ca032e815bc6412571d75,"{""x_ChargeType"": ""SubscriptionFee""}",arn:aws:glue:eu-west-1:200000000014:job/job-628d26b6371e,job-628d26b6371e,Glue Job,eu-west-1,EU (Ireland),,,,,,,,,,,"{""Environment"":""staging"",""CostCenter"":""cc-1042"",""Owner"":""team-platform""}"
AWS,AWS,AWS,INV-2026-05-0001,100000000001,ExampleCorp Master Payer,Payer Account,200000000014,sandbox-dev,Linked Account,2026-05-01T00:00:00Z,2026-06-01T00:00:00Z,2026-05-23T00:00:00Z,2026-05-24T00:00:00Z,Purchase,,AmazonRDS subscription fee,Recurring,621.61,621.61,621.61,621.61,621.61,621.61,Standard,1,Units,USD,621.6100000000,621.61,621.6100000000,USD,,,AmazonRDS,Databases,Relational Databases,SKU-d3e0547efce83cca0c14c3b0,Subscription,SPRICE-7025e6692801f3f9edf4b5be,"{""x_ChargeType"": ""SubscriptionFee""}",arn:aws:rds:eu-west-1:200000000014:db/db-9ee5cbbd2e3b,db-9ee5cbbd2e3b,RDS Instance,eu-west-1,EU (Ireland),,,,,,,,,,,"{""Environment"":""dev"",""CostCenter"":""cc-1042"",""Owner"":""team-data""}"
AWS,AWS,AWS,INV-2026-05-0002,100000000002,ExampleCorp Secondary Payer,Payer Account,200000000012,staging-platform,Linked Account,2026-05-01T00:00:00Z,2026-06-01T00:00:00Z,2026-05-24T00:00:00Z,2026-05-25T00:00:00Z,Usage,,Custom metrics,Usage-Based,0.506574,0.506574,0.56286,0.506574,0.3000000000,0.2700000000,Standard,1.8762,Metrics,USD,0.2700000000,0.506574,0.3000000000,USD,1.8762,Metrics,AmazonCloudWatch,Management and Governance,Observability,SKU-34e5538fb30cbad0ab6e9eda,Monitoring,SPRICE-7775836205fc8d4f07876728,"{""x_MetricType"":""Custom""}",arn:aws:cloudwatch:us-west-2:200000000012:metric/metric-5864e495f3c7,metric-5864e495f3c7,Metric,us-west-2,US West (Oregon),,,,,,,,,,,"{""Environment"":""staging"",""CostCenter"":""cc-2087"",""Owner"":""team-platform""}"
AWS,AWS,AWS,INV-2026-05-0002,100000000002,ExampleCorp Secondary Payer,Payer Account,200000000014,sandbox-dev,Linked Account,2026-05-01T00:00:00Z,2026-06-01T00:00:00Z,2026-05-12T00:00:00Z,2026-05-13T00:00:00Z,Tax,,Synthetic tax 10% on usage record 600: AmazonVPC,One-Time,0.476401095,0.476401095,0.52933455,0.476401095,,,,,,USD,,0.476401095,,USD,,,AmazonVPC,Networking,Network Connectivity,,,,,,,,,,,,,,,,,,,,"{""Environment"":""prod"",""CostCenter"":""cc-2087"",""Owner"":""team-platform""}"
AWS,AWS,AWS,INV-2026-05-0002,100000000002,ExampleCorp Secondary Payer,Payer Account,200000000013,data-analytics,Linked Account,2026-05-01T00:00:00Z,2026-06-01T00:00:00Z,2026-05-03T05:00:00Z,2026-05-03T06:00:00Z,Usage,,RDS PostgreSQL db.r6g.large,Usage-Based,0.216,0.216,0.24,0.216,0.2400000000,0.2160000000,Standard,1.0000,Hours,USD,0.2160000000,0.216,0.2400000000,USD,1.0000,Hours,AmazonRDS,Databases,Relational Databases,SKU-d70ac0acbdfcb8de90bd881a,Database,SPRICE-526e7acd56433e6d3c551cac,"{""InstanceType"":""db.r6g.large"",""InstanceSeries"":""R6g"",""CoreCount"":2,""MemorySize"":16,""x_Engine"":""PostgreSQL""}",arn:aws:rds:us-west-2:200000000013:db/db-843ce574630d,db-843ce574630d,RDS Instance,us-west-2,US West (Oregon),,,,,,,,,,,"{""Environment"":""dev"",""CostCenter"":""cc-2087"",""Owner"":""team-payments""}"
AWS,AWS,AWS,INV-2026-05-0001,100000000001,ExampleCorp Master Payer,Payer Account,200000000014,sandbox-dev,Linked Account,2026-05-01T00:00:00Z,2026-06-01T00:00:00Z,2026-05-27T00:00:00Z,2026-05-28T00:00:00Z,Usage,,NAT gateway data processed,Usage-Based,6.5691405,6.5691405,7.299045,6.5691405,0.0450000000,0.0405000000,Standard,162.2010,GB,USD,0.0405000000,6.5691405,0.0450000000,USD,162.2010,GB,AmazonVPC,Networking,Network Connectivity,SKU-0a48b40b1fa86593309c0c4c,Data Transfer,SPRICE-b948c57b4c22bb2955afff1a,"{""x_TransferType"":""InterAZ""}",arn:aws:ec2:ap-southeast-1:200000000014:natgateway/nat-b17f213c40f5,nat-b17f213c40f5,NAT Gateway,ap-southeast-1,Asia Pacific (Singapore),,,,,,,,,,,"{""Environment"":""staging"",""CostCenter"":""cc-2087"",""Owner"":""team-data""}"
AWS,AWS,AWS,INV-2026-05-0001,100000000001,ExampleCorp Master Payer,Payer Account,200000000013,data-analytics,Linked Account,2026-05-01T00:00:00Z,2026-06-01T00:00:00Z,2026-05-28T00:00:00Z,2026-05-29T00:00:00Z,Usage,,Custom metrics,Usage-Based,43.658541,43.658541,48.50949,43.658541,0.3000000000,0.2700000000,Standard,161.6983,Metrics,USD,0.2700000000,43.658541,0.3000000000,USD,161.6983,Metrics,AmazonCloudWatch,Management and Governance,Observability,SKU-34e5538fb30cbad0ab6e9eda,Monitoring,SPRICE-7775836205fc8d4f07876728,"{""x_MetricType"":""Custom""}",arn:aws:cloudwatch:us-west-2:200000000013:metric/metric-f5fa3718f185,metric-f5fa3718f185,Metric,us-west-2,US West (Oregon),,,,,,,,,,,"{""Environment"":""dev"",""CostCenter"":""cc-1042"",""Owner"":""team-data""}"
AWS,AWS,AWS,INV-2026-05-0002,100000000002,ExampleCorp Secondary Payer,Payer Account,200000000014,sandbox-dev,Linked Account,2026-05-01T00:00:00Z,2026-06-01T00:00:00Z,2026-05-03T08:00:00Z,2026-05-03T09:00:00Z,Usage,,Lambda function duration,Usage-Based,57.679125021,57.679125021,64.08804486583338,57.679125021,0.0000166667,0.0000150000,Standard,3845275.0014,GB-Seconds,USD,0.0000150000,57.679125021,0.0000166667,USD,3845275.0014,GB-Seconds,AWSLambda,Compute,Serverless Compute,SKU-10b7f1c880ad0bc78efd30e2,Compute,SPRICE-a9f6b13fa92ac1d53f2f387c,"{""x_Runtime"":""python3.12"",""x_Architecture"":""arm64""}",arn:aws:lambda:ap-southeast-1:200000000014:function/fn-75b3623a1880,fn-75b3623a1880,Lambda Function,ap-southeast-1,Asia Pacific (Singapore),,,,,,,,,,,"{""Environment"":""staging"",""CostCenter"":""cc-3110"",""Owner"":""team-platform""}"
AWS,AWS,AWS,INV-2026-05-0001,100000000001,ExampleCorp Master Payer,Payer Account,200000000014,sandbox-dev,Linked Account,2026-05-01T00:00:00Z,2026-06-01T00:00:00Z,2026-05-02T00:00:00Z,2026-05-03T00:00:00Z,Usage,,Glue ETL job run,Usage-Based,11.4086808,11.4086808,12.676312,11.4086808,0.4400000000,0.3960000000,Standard,28.8098,DPU-Hours,USD,0.3960000000,11.4086808,0.4400000000,USD,28.8098,DPU-Hours,AWSGlue,Analytics,Data Processing,SKU-edd508eddef1abee51edfd3a,Data Processing,SPRICE-d9fcf83357f0862b561e6bf6,"{""x_WorkerType"":""G.1X""}",arn:aws:glue:us-east-1:200000000014:job/job-a1053c39620f,job-a1053c39620f,Glue Job,us-east-1,US East (N. Virginia),,,,,,,,,,,"{""Environment"":""dev"",""CostCenter"":""cc-2087"",""Owner"":""team-data""}"
AWS,AWS,AWS,INV-2026-05-0001,100000000001,ExampleCorp Master Payer,Payer Account,200000000013,data-analytics,Linked Account,2026-05-01T00:00:00Z,2026-06-01T00:00:00Z,2026-05-11T12:00:00Z,2026-05-11T13:00:00Z,Tax,,Synthetic tax 10% on usage record 253: AWSLambda,One-Time,6.57323359275,6.57323359275,7.303607488019095,6.57323359275,,,,,,USD,,6.57323359275,,USD,,,AWSLambda,Compute,Serverless Compute,,,,,,,,,,,,,,,,,,,,"{""Environment"":""staging"",""CostCenter"":""cc-2087"",""Owner"":""team-data""}"
AWS,AWS,AWS,INV-2026-05-0002,100000000002,ExampleCorp Secondary Payer,Payer Account,200000000011,prod-platform,Linked Account,2026-05-01T00:00:00Z,2026-06-01T00:00:00Z,2026-05-04T00:00:00Z,2026-05-05T00:00:00Z,Usage,,Custom metrics,Usage-Based,19.796373,19.796373,21.99597,19.796373,0.3000000000,0.2700000000,Standard,73.3199,Metrics,USD,0.2700000000,19.796373,0.3000000000,USD,73.3199,Metrics,AmazonCloudWatch,Management and Governance,Observability,SKU-917addcfe26d359456f585f4,Monitoring,SPRICE-bfed9ccd55f51b42ca94dd2b,"{""x_MetricType"":""Custom""}",arn:aws:cloudwatch:eu-west-1:200000000011:metric/metric-035989637211,metric-035989637211,Metric,eu-west-1,EU (Ireland),,,,,,,,,,,"{""Environment"":""staging"",""CostCenter"":""cc-2087"",""Owner"":""team-payments""}"
AWS,AWS,AWS,INV-2026-05-0001,100000000001,ExampleCorp Master Payer,Payer Account,200000000014,sandbox-dev,Linked Account,2026-05-01T00:00:00Z,2026-06-01T00:00:00Z,2026-05-05T00:00:00Z,2026-05-06T00:00:00Z,Purchase,,AWSLambda subscription fee,Recurring,60.85,60.85,60.85,60.85,60.85,60.85,Standard,1,Units,USD,60.8500000000,60.85,60.8500000000,USD,,,AWSLambda,Compute,Serverless Compute,SKU-2360875cc50b8c5d1fd5e962,Subscription,SPRICE-81336f2f12c495791f48dea1,"{""x_ChargeType"": ""SubscriptionFee""}",arn:aws:lambda:us-east-1:200000000014:function/fn-4e4476887217,fn-4e4476887217,Lambda Function,us-east-1,US East (N. Virginia),,,,,,,,,,,"{""Environment"":""prod"",""CostCenter"":""cc-1042"",""Owner"":""team-payments""}"
AWS,AWS,AWS,INV-2026-05-0001,100000000001,ExampleCorp Master Payer,Payer Account,200000000013,data-analytics,Linked Account,2026-05-01T00:00:00Z,2026-06-01T00:00:00Z,2026-05-03T00:00:00Z,2026-05-04T00:00:00Z,Tax,,Synthetic tax 10% on usage record 87: AmazonVPC,One-Time,0.436877955,0.436877955,0.48541995,0.436877955,,,,,,USD,,0.436877955,,USD,,,AmazonVPC,Networking,Network Connectivity,,,,,,,,,,,,,,,,,,,,"{""Environment"":""staging"",""CostCenter"":""cc-3110"",""Owner"":""team-platform""}"
AWS,AWS,AWS,INV-2026-05-0001,100000000001,ExampleCorp Master Payer,Payer Account,200000000013,data-analytics,Linked Account,2026-05-01T00:00:00Z,2026-06-01T00:00:00Z,2026-05-07T00:00:00Z,2026-05-08T00:00:00Z,Purchase,,AmazonEC2 subscription fee,Recurring,381.24,381.24,381.24,381.24,381.24,381.24,Standard,1,Units,USD,381.2400000000,381.24,381.2400000000,USD,,,AmazonEC2,Compute,Virtual Machines,SKU-0232c69e314718c266fb6913,Subscription,SPRICE-69eb8753a97dda18c1bcb3a5,"{""x_ChargeType"": ""SubscriptionFee""}",arn:aws:ec2:us-east-1:200000000013:instance/i-eff28e3c8e7f,i-eff28e3c8e7f,EC2 Instance,us-east-1,US East (N. Virginia),,,,,,,,,,,"{""Environment"":""dev"",""CostCenter"":""cc-1042"",""Owner"":""team-platform""}"
AWS,AWS,AWS,INV-2026-05-0002,100000000002,ExampleCorp Secondary Payer,Payer Account,200000000012,staging-platform,Linked Account,2026-05-01T00:00:00Z,2026-06-01T00:00:00Z,2026-05-08T00:00:00Z,2026-05-09T00:00:00Z,Usage,,DynamoDB on-demand write requests,Usage-Based,5.0047726030875,5.0047726030875,5.560858447875,5.0047726030875,0.0000012500,0.0000011250,Standard,4448686.7583,Requests,USD,0.0000011250,5.0047726030875,0.0000012500,USD,4448686.7583,Requests,AmazonDynamoDB,Databases,NoSQL Databases,SKU-b60be50671e3ea779ca4990a,Database,SPRICE-01c9691ef6482a9102c7a4ff,"{""x_CapacityMode"":""On-Demand""}",arn:aws:dynamodb:us-east-1:200000000012:table/table-87c04cfc8e03,table-87c04cfc8e03,DynamoDB Table,us-east-1,US East (N. Virginia),,,,,,,,,,,"{""Environment"":""dev"",""CostCenter"":""cc-1042"",""Owner"":""team-payments""}"
AWS,AWS,AWS,INV-2026-05-0002,100000000002,ExampleCorp Secondary Payer,Payer Account,200000000014,sandbox-dev,Linked Account,2026-05-01T00:00:00Z,2026-06-01T00:00:00Z,2026-05-03T16:00:00Z,2026-05-03T17:00:00Z,Usage,,Linux on-demand m6i.large,Usage-Based,0.0864,0.0864,0.096,0.0864,0.0960000000,0.0864000000,Standard,1.0000,Hours,USD,0.0864000000,0.0864,0.0960000000,USD,1.0000,Hours,AmazonEC2,Compute,Virtual Machines,SKU-e0e295f006e6a0732dd5f77b,Compute,SPRICE-98f5ebeb1125d6e984c27bb1,"{""InstanceType"":""m6i.large"",""InstanceSeries"":""M6i"",""CoreCount"":2,""MemorySize"":8,""OperatingSystem"":""Linux"",""x_Tenancy"":""Shared""}",arn:aws:ec2:us-west-2:200000000014:instance/i-f2f17132d5c7,i-f2f17132d5c7,EC2 Instance,us-west-2,US West (Oregon),us-west-2a,,,,,,,,,,"{""Environment"":""dev"",""CostCenter"":""cc-2087"",""Owner"":""team-platform""}"
AWS,AWS,AWS,INV-2026-05-0001,100000000001,ExampleCorp Master Payer,Payer Account,200000000012,staging-platform,Linked Account,2026-05-01T00:00:00Z,2026-06-01T00:00:00Z,2026-05-10T00:00:00Z,2026-05-11T00:00:00Z,Usage,,DynamoDB on-demand write requests,Usage-Based,3.6117484596,3.6117484596,4.013053844,3.6117484596,0.0000012500,0.0000011250,Standard,3210443.0752,Requests,USD,0.0000011250,3.6117484596,0.0000012500,USD,3210443.0752,Requests,AmazonDynamoDB,Databases,NoSQL Databases,SKU-fc4e454b36112dd390bf69e4,Database,SPRICE-6e7ea642b1065af97aedd9bf,"{""x_CapacityMode"":""On-Demand""}",arn:aws:dynamodb:eu-west-1:200000000012:table/table-086da78c616b,table-086da78c616b,DynamoDB Table,eu-west-1,EU (Ireland),,,,,,,,,,,"{""Environment"":""prod"",""CostCenter"":""cc-3110"",""Owner"":""team-payments""}"
AWS,AWS,AWS,INV-2026-05-0002,100000000002,ExampleCorp Secondary Payer,Payer Account,200000000011,prod-platform,Linked Account,2026-05-01T00:00:00Z,2026-06-01T00:00:00Z,2026-05-11T00:00:00Z,2026-05-12T00:00:00Z,Usage,,Glue ETL job run,Usage-Based,35.6129928,35.6129928,39.569992,35.6129928,0.4400000000,0.3960000000,Standard,89.9318,DPU-Hours,USD,0.3960000000,35.6129928,0.4400000000,USD,89.9318,DPU-Hours,AWSGlue,Analytics,Data Processing,SKU-d1426392ab27c72810db5ee9,Data Processing,SPRICE-2caf36fd8fbe6a68e682b866,"{""x_WorkerType"":""G.1X""}",arn:aws:glue:ap-southeast-1:200000000011:job/job-6afae6ce3a4c,job-6afae6ce3a4c,Glue Job,ap-southeast-1,Asia Pacific (Singapore),,,,,,,,,,,"{""Environment"":""dev"",""CostCenter"":""cc-2087"",""Owner"":""team-payments""}"
AWS,AWS,AWS,INV-2026-05-0002,100000000002,ExampleCorp Secondary Payer,Payer Account,200000000013,data-analytics,Linked Account,2026-05-01T00:00:00Z,2026-06-01T00:00:00Z,2026-05-03T19:00:00Z,2026-05-03T20:00:00Z,Usage,,RDS PostgreSQL db.r6g.large,Usage-Based,0.216,0.216,0.24,0.216,0.2400000000,0.2160000000,Standard,1.0000,Hours,USD,0.2160000000,0.216,0.2400000000,USD,1.0000,Hours,AmazonRDS,Databases,Relational Databases,SKU-d70ac0acbdfcb8de90bd881a,Database,SPRICE-526e7acd56433e6d3c551cac,"{""InstanceType"":""db.r6g.large"",""InstanceSeries"":""R6g"",""CoreCount"":2,""MemorySize"":16,""x_Engine"":""PostgreSQL""}",arn:aws:rds:us-west-2:200000000013:db/db-2a6b436308ec,db-2a6b436308ec,RDS Instance,us-west-2,US West (Oregon),,,,,,,,,,,"{""Environment"":""dev"",""CostCenter"":""cc-3110"",""Owner"":""team-data""}"
AWS,AWS,AWS,INV-2026-05-0002,100000000002,ExampleCorp Secondary Payer,Payer Account,200000000013,data-analytics,Linked Account,2026-05-01T00:00:00Z,2026-06-01T00:00:00Z,2026-05-13T00:00:00Z,2026-05-14T00:00:00Z,Usage,,NAT gateway data processed,Usage-Based,14.8632813,14.8632813,16.514757,14.8632813,0.0450000000,0.0405000000,Standard,366.9946,GB,USD,0.0405000000,14.8632813,0.0450000000,USD,366.9946,GB,AmazonVPC,Networking,Network Connectivity,SKU-38ae1a660e2cadb9d64ca8e5,Data Transfer,SPRICE-974405df44bbf0808ce048b9,"{""x_TransferType"":""InterAZ""}",arn:aws:ec2:us-west-2:200000000013:natgateway/nat-2c1e8bccce3c,nat-2c1e8bccce3c,NAT Gateway,us-west-2,US West (Oregon),,,,,,,,,,,"{""Environment"":""staging"",""CostCenter"":""cc-3110"",""Owner"":""team-payments""}"
AWS,AWS,AWS,INV-2026-05-0002,100000000002,ExampleCorp Secondary Payer,Payer Account,200000000011,prod-platform,Linked Account,2026-05-01T00:00:00Z,2026-06-01T00:00:00Z,2026-05-03T21:00:00Z,2026-05-03T22:00:00Z,Purchase,,"Savings Plan commitment, amortised for the charge period",Recurring,32.016,0,32.016,32.016,1,1,Standard,32.016,USD,USD,1.0000000000,0,1.0000000000,USD,,,AmazonEC2,Compute,Virtual Machines,SKU-4e70290591383090d3fb4e3b,Commitment,SPRICE-3123b98a0bc7ca93ff9d1c56,"{""x_PurchaseTerm"":""1yr"",""x_PaymentOption"":""NoUpfront""}",arn:aws:savingsplans:ap-southeast-1::savingsplan/11cfd2b6e7b7cdd9,savingsplan-47644dee9e23,Savings Plan,ap-southeast-1,Asia Pacific (Singapore),,arn:aws:savingsplans:ap-southeast-1::savingsplan/11cfd2b6e7b7cdd9,ComputeSavingsPlan-1yr-NoUpfront,Spend,Savings Plan,,32.016,USD,,,"{""Environment"":""staging"",""CostCenter"":""cc-2087"",""Owner"":""team-payments""}"
AWS,AWS,AWS,INV-2026-05-0002,100000000002,ExampleCorp Secondary Payer,Payer Account,200000000011,prod-platform,Linked Account,2026-05-01T00:00:00Z,2026-06-01T00:00:00Z,2026-05-03T21:00:00Z,2026-05-03T22:00:00Z,Usage,,AmazonEC2 committed usage of 500 machine-equivalents,Usage-Based,0,32.016,48,43.2,0.0960000000,0.0864000000,Committed,500,Hours,USD,0.0864000000,32.016,0.0960000000,USD,500,Hours,AmazonEC2,Compute,Virtual Machines,SKU-093c0d7a3a0491f8523e34c8,Compute,SPRICE-bab283475cbbabd222878e74,"{""InstanceType"":""m6i.large"",""InstanceSeries"":""M6i"",""CoreCount"":2,""MemorySize"":8,""OperatingSystem"":""Linux"",""x_Tenancy"":""Shared""}",urn:focus-sample:aws:ap-southeast-1:200000000011:compute-fleet:fleetdca8c0702858fc3a4eb25f41,fleetdca8c0702858fc3a4eb25f41,Compute Fleet,ap-southeast-1,Asia Pacific (Singapore),ap-southeast-1a,arn:aws:savingsplans:ap-southeast-1::savingsplan/11cfd2b6e7b7cdd9,ComputeSavingsPlan-1yr-NoUpfront,Spend,Savings Plan,Used,32.016,USD,,,"{""Environment"":""staging"",""CostCenter"":""cc-1042"",""Owner"":""team-data"",""SyntheticFleetSize"":""500""}"
AWS,AWS,AWS,INV-2026-05-0002,100000000002,ExampleCorp Secondary Payer,Payer Account,200000000011,prod-platform,Linked Account,2026-05-01T00:00:00Z,2026-06-01T00:00:00Z,2026-05-03T22:00:00Z,2026-05-03T23:00:00Z,Purchase,,"Savings Plan commitment, amortised for the charge period",Recurring,32.016,0,32.016,32.016,1,1,Standard,32.016,USD,USD,1.0000000000,0,1.0000000000,USD,,,AmazonEC2,Compute,Virtual Machines,SKU-4e70290591383090d3fb4e3b,Commitment,SPRICE-3123b98a0bc7ca93ff9d1c56,"{""x_PurchaseTerm"":""1yr"",""x_PaymentOption"":""NoUpfront""}",arn:aws:savingsplans:ap-southeast-1::savingsplan/11cfd2b6e7b7cdd9,savingsplan-47644dee9e23,Savings Plan,ap-southeast-1,Asia Pacific (Singapore),,arn:aws:savingsplans:ap-southeast-1::savingsplan/11cfd2b6e7b7cdd9,ComputeSavingsPlan-1yr-NoUpfront,Spend,Savings Plan,,32.016,USD,,,"{""Environment"":""prod"",""CostCenter"":""cc-2087"",""Owner"":""team-data""}"
AWS,AWS,AWS,INV-2026-05-0002,100000000002,ExampleCorp Secondary Payer,Payer Account,200000000011,prod-platform,Linked Account,2026-05-01T00:00:00Z,2026-06-01T00:00:00Z,2026-05-03T22:00:00Z,2026-05-03T23:00:00Z,Usage,,AmazonEC2 committed usage of 500 machine-equivalents,Usage-Based,0,32.016,48,43.2,0.0960000000,0.0864000000,Committed,500,Hours,USD,0.0864000000,32.016,0.0960000000,USD,500,Hours,AmazonEC2,Compute,Virtual Machines,SKU-093c0d7a3a0491f8523e34c8,Compute,SPRICE-bab283475cbbabd222878e74,"{""InstanceType"":""m6i.large"",""InstanceSeries"":""M6i"",""CoreCount"":2,""MemorySize"":8,""OperatingSystem"":""Linux"",""x_Tenancy"":""Shared""}",urn:focus-sample:aws:ap-southeast-1:200000000011:compute-fleet:fleetdca8c0702858fc3a4eb25f41,fleetdca8c0702858fc3a4eb25f41,Compute Fleet,ap-southeast-1,Asia Pacific (Singapore),ap-southeast-1a,arn:aws:savingsplans:ap-southeast-1::savingsplan/11cfd2b6e7b7cdd9,ComputeSavingsPlan-1yr-NoUpfront,Spend,Savings Plan,Used,32.016,USD,,,"{""Environment"":""prod"",""CostCenter"":""cc-1042"",""Owner"":""team-payments"",""SyntheticFleetSize"":""500""}"
AWS,AWS,AWS,INV-2026-05-0002,100000000002,ExampleCorp Secondary Payer,Payer Account,200000000011,prod-platform,Linked Account,2026-05-01T00:00:00Z,2026-06-01T00:00:00Z,2026-05-03T23:00:00Z,2026-05-04T00:00:00Z,Purchase,,"Savings Plan commitment, amortised for the charge period",Recurring,32.016,0,32.016,32.016,1,1,Standard,32.016,USD,USD,1.0000000000,0,1.0000000000,USD,,,AmazonEC2,Compute,Virtual Machines,SKU-4e70290591383090d3fb4e3b,Commitment,SPRICE-3123b98a0bc7ca93ff9d1c56,"{""x_PurchaseTerm"":""1yr"",""x_PaymentOption"":""NoUpfront""}",arn:aws:savingsplans:ap-southeast-1::savingsplan/11cfd2b6e7b7cdd9,savingsplan-47644dee9e23,Savings Plan,ap-southeast-1,Asia Pacific (Singapore),,arn:aws:savingsplans:ap-southeast-1::savingsplan/11cfd2b6e7b7cdd9,ComputeSavingsPlan-1yr-NoUpfront,Spend,Savings Plan,,32.016,USD,,,"{""Environment"":""staging"",""CostCenter"":""cc-3110"",""Owner"":""team-platform""}"
AWS,AWS,AWS,INV-2026-05-0002,100000000002,ExampleCorp Secondary Payer,Payer Account,200000000011,prod-platform,Linked Account,2026-05-01T00:00:00Z,2026-06-01T00:00:00Z,2026-05-03T23:00:00Z,2026-05-04T00:00:00Z,Usage,,AmazonEC2 committed usage of 500 machine-equivalents,Usage-Based,0,32.016,48,43.2,0.0960000000,0.0864000000,Committed,500,Hours,USD,0.0864000000,32.016,0.0960000000,USD,500,Hours,AmazonEC2,Compute,Virtual Machines,SKU-093c0d7a3a0491f8523e34c8,Compute,SPRICE-bab283475cbbabd222878e74,"{""InstanceType"":""m6i.large"",""InstanceSeries"":""M6i"",""CoreCount"":2,""MemorySize"":8,""OperatingSystem"":""Linux"",""x_Tenancy"":""Shared""}",urn:focus-sample:aws:ap-southeast-1:200000000011:compute-fleet:fleetdca8c0702858fc3a4eb25f41,fleetdca8c0702858fc3a4eb25f41,Compute Fleet,ap-southeast-1,Asia Pacific (Singapore),ap-southeast-1a,arn:aws:savingsplans:ap-southeast-1::savingsplan/11cfd2b6e7b7cdd9,ComputeSavingsPlan-1yr-NoUpfront,Spend,Savings Plan,Used,32.016,USD,,,"{""Environment"":""prod"",""CostCenter"":""cc-2087"",""Owner"":""team-payments"",""SyntheticFleetSize"":""500""}"
AWS,AWS,AWS,INV-2026-05-0002,100000000002,ExampleCorp Secondary Payer,Payer Account,200000000011,prod-platform,Linked Account,2026-05-01T00:00:00Z,2026-06-01T00:00:00Z,2026-05-04T00:00:00Z,2026-05-04T01:00:00Z,Purchase,,"Savings Plan commitment, amortised for the charge period",Recurring,32.016,0,32.016,32.016,1,1,Standard,32.016,USD,USD,1.0000000000,0,1.0000000000,USD,,,AmazonEC2,Compute,Virtual Machines,SKU-4e70290591383090d3fb4e3b,Commitment,SPRICE-3123b98a0bc7ca93ff9d1c56,"{""x_PurchaseTerm"":""1yr"",""x_PaymentOption"":""NoUpfront""}",arn:aws:savingsplans:ap-southeast-1::savingsplan/11cfd2b6e7b7cdd9,savingsplan-47644dee9e23,Savings Plan,ap-southeast-1,Asia Pacific (Singapore),,arn:aws:savingsplans:ap-southeast-1::savingsplan/11cfd2b6e7b7cdd9,ComputeSavingsPlan-1yr-NoUpfront,Spend,Savings Plan,,32.016,USD,,,"{""Environment"":""staging"",""CostCenter"":""cc-1042"",""Owner"":""team-platform""}"
AWS,AWS,AWS,INV-2026-05-0002,100000000002,ExampleCorp Secondary Payer,Payer Account,200000000011,prod-platform,Linked Account,2026-05-01T00:00:00Z,2026-06-01T00:00:00Z,2026-05-04T00:00:00Z,2026-05-04T01:00:00Z,Usage,,AmazonEC2 committed usage of 500 machine-equivalents,Usage-Based,0,32.016,48,43.2,0.0960000000,0.0864000000,Committed,500,Hours,USD,0.0864000000,32.016,0.0960000000,USD,500,Hours,AmazonEC2,Compute,Virtual Machines,SKU-093c0d7a3a0491f8523e34c8,Compute,SPRICE-bab283475cbbabd222878e74,"{""InstanceType"":""m6i.large"",""InstanceSeries"":""M6i"",""CoreCount"":2,""MemorySize"":8,""OperatingSystem"":""Linux"",""x_Tenancy"":""Shared""}",urn:focus-sample:aws:ap-southeast-1:200000000011:compute-fleet:fleetdca8c0702858fc3a4eb25f41,fleetdca8c0702858fc3a4eb25f41,Compute Fleet,ap-southeast-1,Asia Pacific (Singapore),ap-southeast-1a,arn:aws:savingsplans:ap-southeast-1::savingsplan/11cfd2b6e7b7cdd9,ComputeSavingsPlan-1yr-NoUpfront,Spend,Savings Plan,Used,32.016,USD,,,"{""Environment"":""dev"",""CostCenter"":""cc-1042"",""Owner"":""team-payments"",""SyntheticFleetSize"":""500""}"
AWS,AWS,AWS,INV-2026-05-0002,100000000002,ExampleCorp Secondary Payer,Payer Account,200000000011,prod-platform,Linked Account,2026-05-01T00:00:00Z,2026-06-01T00:00:00Z,2026-05-04T01:00:00Z,2026-05-04T02:00:00Z,Purchase,,"Savings Plan commitment, amortised for the charge period",Recurring,32.016,0,32.016,32.016,1,1,Standard,32.016,USD,USD,1.0000000000,0,1.0000000000,USD,,,AmazonEC2,Compute,Virtual Machines,SKU-4e70290591383090d3fb4e3b,Commitment,SPRICE-3123b98a0bc7ca93ff9d1c56,"{""x_PurchaseTerm"":""1yr"",""x_PaymentOption"":""NoUpfront""}",arn:aws:savingsplans:ap-southeast-1::savingsplan/11cfd2b6e7b7cdd9,savingsplan-47644dee9e23,Savings Plan,ap-southeast-1,Asia Pacific (Singapore),,arn:aws:savingsplans:ap-southeast-1::savingsplan/11cfd2b6e7b7cdd9,ComputeSavingsPlan-1yr-NoUpfront,Spend,Savings Plan,,32.016,USD,,,"{""Environment"":""prod"",""CostCenter"":""cc-2087"",""Owner"":""team-payments""}"
AWS,AWS,AWS,INV-2026-05-0002,100000000002,ExampleCorp Secondary Payer,Payer Account,200000000011,prod-platform,Linked Account,2026-05-01T00:00:00Z,2026-06-01T00:00:00Z,2026-05-04T01:00:00Z,2026-05-04T02:00:00Z,Usage,,AmazonEC2 committed usage of 500 machine-equivalents,Usage-Based,0,32.016,48,43.2,0.0960000000,0.0864000000,Committed,500,Hours,USD,0.0864000000,32.016,0.0960000000,USD,500,Hours,AmazonEC2,Compute,Virtual Machines,SKU-093c0d7a3a0491f8523e34c8,Compute,SPRICE-bab283475cbbabd222878e74,"{""InstanceType"":""m6i.large"",""InstanceSeries"":""M6i"",""CoreCount"":2,""MemorySize"":8,""OperatingSystem"":""Linux"",""x_Tenancy"":""Shared""}",urn:focus-sample:aws:ap-southeast-1:200000000011:compute-fleet:fleetdca8c0702858fc3a4eb25f41,fleetdca8c0702858fc3a4eb25f41,Compute Fleet,ap-southeast-1,Asia Pacific (Singapore),ap-southeast-1a,arn:aws:savingsplans:ap-southeast-1::savingsplan/11cfd2b6e7b7cdd9,ComputeSavingsPlan-1yr-NoUpfront,Spend,Savings Plan,Used,32.016,USD,,,"{""Environment"":""staging"",""CostCenter"":""cc-2087"",""Owner"":""team-payments"",""SyntheticFleetSize"":""500""}"
AWS,AWS,AWS,INV-2026-05-0002,100000000002,ExampleCorp Secondary Payer,Payer Account,200000000011,prod-platform,Linked Account,2026-05-01T00:00:00Z,2026-06-01T00:00:00Z,2026-05-04T02:00:00Z,2026-05-04T03:00:00Z,Purchase,,"Savings Plan commitment, amortised for the charge period",Recurring,32.016,0,32.016,32.016,1,1,Standard,32.016,USD,USD,1.0000000000,0,1.0000000000,USD,,,AmazonEC2,Compute,Virtual Machines,SKU-4e70290591383090d3fb4e3b,Commitment,SPRICE-3123b98a0bc7ca93ff9d1c56,"{""x_PurchaseTerm"":""1yr"",""x_PaymentOption"":""NoUpfront""}",arn:aws:savingsplans:ap-southeast-1::savingsplan/11cfd2b6e7b7cdd9,savingsplan-47644dee9e23,Savings Plan,ap-southeast-1,Asia Pacific (Singapore),,arn:aws:savingsplans:ap-southeast-1::savingsplan/11cfd2b6e7b7cdd9,ComputeSavingsPlan-1yr-NoUpfront,Spend,Savings Plan,,32.016,USD,,,"{""Environment"":""dev"",""CostCenter"":""cc-2087"",""Owner"":""team-payments""}"
AWS,AWS,AWS,INV-2026-05-0002,100000000002,ExampleCorp Secondary Payer,Payer Account,200000000011,prod-platform,Linked Account,2026-05-01T00:00:00Z,2026-06-01T00:00:00Z,2026-05-04T02:00:00Z,2026-05-04T03:00:00Z,Usage,,AmazonEC2 committed usage of 500 machine-equivalents,Usage-Based,0,32.016,48,43.2,0.0960000000,0.0864000000,Committed,500,Hours,USD,0.0864000000,32.016,0.0960000000,USD,500,Hours,AmazonEC2,Compute,Virtual Machines,SKU-093c0d7a3a0491f8523e34c8,Compute,SPRICE-bab283475cbbabd222878e74,"{""InstanceType"":""m6i.large"",""InstanceSeries"":""M6i"",""CoreCount"":2,""MemorySize"":8,""OperatingSystem"":""Linux"",""x_Tenancy"":""Shared""}",urn:focus-sample:aws:ap-southeast-1:200000000011:compute-fleet:fleetdca8c0702858fc3a4eb25f41,fleetdca8c0702858fc3a4eb25f41,Compute Fleet,ap-southeast-1,Asia Pacific (Singapore),ap-southeast-1a,arn:aws:savingsplans:ap-southeast-1::savingsplan/11cfd2b6e7b7cdd9,ComputeSavingsPlan-1yr-NoUpfront,Spend,Savings Plan,Used,32.016,USD,,,"{""Environment"":""prod"",""CostCenter"":""cc-1042"",""Owner"":""team-platform"",""SyntheticFleetSize"":""500""}"
AWS,AWS,AWS,INV-2026-05-0002,100000000002,ExampleCorp Secondary Payer,Payer Account,200000000011,prod-platform,Linked Account,2026-05-01T00:00:00Z,2026-06-01T00:00:00Z,2026-05-04T03:00:00Z,2026-05-04T04:00:00Z,Purchase,,"Savings Plan commitment, amortised for the charge period",Recurring,32.016,0,32.016,32.016,1,1,Standard,32.016,USD,USD,1.0000000000,0,1.0000000000,USD,,,AmazonEC2,Compute,Virtual Machines,SKU-4e70290591383090d3fb4e3b,Commitment,SPRICE-3123b98a0bc7ca93ff9d1c56,"{""x_PurchaseTerm"":""1yr"",""x_PaymentOption"":""NoUpfront""}",arn:aws:savingsplans:ap-southeast-1::savingsplan/11cfd2b6e7b7cdd9,savingsplan-47644dee9e23,Savings Plan,ap-southeast-1,Asia Pacific (Singapore),,arn:aws:savingsplans:ap-southeast-1::savingsplan/11cfd2b6e7b7cdd9,ComputeSavingsPlan-1yr-NoUpfront,Spend,Savings Plan,,32.016,USD,,,"{""Environment"":""dev"",""CostCenter"":""cc-2087"",""Owner"":""team-payments""}"
AWS,AWS,AWS,INV-2026-05-0002,100000000002,ExampleCorp Secondary Payer,Payer Account,200000000011,prod-platform,Linked Account,2026-05-01T00:00:00Z,2026-06-01T00:00:00Z,2026-05-04T03:00:00Z,2026-05-04T04:00:00Z,Usage,,AmazonEC2 committed usage of 500 machine-equivalents,Usage-Based,0,32.016,48,43.2,0.0960000000,0.0864000000,Committed,500,Hours,USD,0.0864000000,32.016,0.0960000000,USD,500,Hours,AmazonEC2,Compute,Virtual Machines,SKU-093c0d7a3a0491f8523e34c8,Compute,SPRICE-bab283475cbbabd222878e74,"{""InstanceType"":""m6i.large"",""InstanceSeries"":""M6i"",""CoreCount"":2,""MemorySize"":8,""OperatingSystem"":""Linux"",""x_Tenancy"":""Shared""}",urn:focus-sample:aws:ap-southeast-1:200000000011:compute-fleet:fleetdca8c0702858fc3a4eb25f41,fleetdca8c0702858fc3a4eb25f41,Compute Fleet,ap-southeast-1,Asia Pacific (Singapore),ap-southeast-1a,arn:aws:savingsplans:ap-southeast-1::savingsplan/11cfd2b6e7b7cdd9,ComputeSavingsPlan-1yr-NoUpfront,Spend,Savings Plan,Used,32.016,USD,,,"{""Environment"":""prod"",""CostCenter"":""cc-1042"",""Owner"":""team-payments"",""SyntheticFleetSize"":""500""}"
AWS,AWS,AWS,INV-2026-05-0002,100000000002,ExampleCorp Secondary Payer,Payer Account,200000000011,prod-platform,Linked Account,2026-05-01T00:00:00Z,2026-06-01T00:00:00Z,2026-05-04T04:00:00Z,2026-05-04T05:00:00Z,Purchase,,"Savings Plan commitment, amortised for the charge period",Recurring,32.016,0,32.016,32.016,1,1,Standard,32.016,USD,USD,1.0000000000,0,1.0000000000,USD,,,AmazonEC2,Compute,Virtual Machines,SKU-4e70290591383090d3fb4e3b,Commitment,SPRICE-3123b98a0bc7ca93ff9d1c56,"{""x_PurchaseTerm"":""1yr"",""x_PaymentOption"":""NoUpfront""}",arn:aws:savingsplans:ap-southeast-1::savingsplan/11cfd2b6e7b7cdd9,savingsplan-47644dee9e23,Savings Plan,ap-southeast-1,Asia Pacific (Singapore),,arn:aws:savingsplans:ap-southeast-1::savingsplan/11cfd2b6e7b7cdd9,ComputeSavingsPlan-1yr-NoUpfront,Spend,Savings Plan,,32.016,USD,,,"{""Environment"":""prod"",""CostCenter"":""cc-1042"",""Owner"":""team-platform""}"
AWS,AWS,AWS,INV-2026-05-0002,100000000002,ExampleCorp Secondary Payer,Payer Account,200000000011,prod-platform,Linked Account,2026-05-01T00:00:00Z,2026-06-01T00:00:00Z,2026-05-04T04:00:00Z,2026-05-04T05:00:00Z,Usage,,AmazonEC2 committed usage of 500 machine-equivalents,Usage-Based,0,32.016,48,43.2,0.0960000000,0.0864000000,Committed,500,Hours,USD,0.0864000000,32.016,0.0960000000,USD,500,Hours,AmazonEC2,Compute,Virtual Machines,SKU-093c0d7a3a0491f8523e34c8,Compute,SPRICE-bab283475cbbabd222878e74,"{""InstanceType"":""m6i.large"",""InstanceSeries"":""M6i"",""CoreCount"":2,""MemorySize"":8,""OperatingSystem"":""Linux"",""x_Tenancy"":""Shared""}",urn:focus-sample:aws:ap-southeast-1:200000000011:compute-fleet:fleetdca8c0702858fc3a4eb25f41,fleetdca8c0702858fc3a4eb25f41,Compute Fleet,ap-southeast-1,Asia Pacific (Singapore),ap-southeast-1a,arn:aws:savingsplans:ap-southeast-1::savingsplan/11cfd2b6e7b7cdd9,ComputeSavingsPlan-1yr-NoUpfront,Spend,Savings Plan,Used,32.016,USD,,,"{""Environment"":""staging"",""CostCenter"":""cc-3110"",""Owner"":""team-data"",""SyntheticFleetSize"":""500""}"
AWS,AWS,AWS,INV-2026-05-0002,100000000002,ExampleCorp Secondary Payer,Payer Account,200000000011,prod-platform,Linked Account,2026-05-01T00:00:00Z,2026-06-01T00:00:00Z,2026-05-04T05:00:00Z,2026-05-04T06:00:00Z,Purchase,,"Savings Plan commitment, amortised for the charge period",Recurring,32.016,0,32.016,32.016,1,1,Standard,32.016,USD,USD,1.0000000000,0,1.0000000000,USD,,,AmazonEC2,Compute,Virtual Machines,SKU-4e70290591383090d3fb4e3b,Commitment,SPRICE-3123b98a0bc7ca93ff9d1c56,"{""x_PurchaseTerm"":""1yr"",""x_PaymentOption"":""NoUpfront""}",arn:aws:savingsplans:ap-southeast-1::savingsplan/11cfd2b6e7b7cdd9,savingsplan-47644dee9e23,Savings Plan,ap-southeast-1,Asia Pacific (Singapore),,arn:aws:savingsplans:ap-southeast-1::savingsplan/11cfd2b6e7b7cdd9,ComputeSavingsPlan-1yr-NoUpfront,Spend,Savings Plan,,32.016,USD,,,"{""Environment"":""staging"",""CostCenter"":""cc-2087"",""Owner"":""team-data""}"
AWS,AWS,AWS,INV-2026-05-0002,100000000002,ExampleCorp Secondary Payer,Payer Account,200000000011,prod-platform,Linked Account,2026-05-01T00:00:00Z,2026-06-01T00:00:00Z,2026-05-04T05:00:00Z,2026-05-04T06:00:00Z,Usage,,Savings Plan unused commitment,Usage-Based,0,32.016,32.016,32.016,1,1,Committed,32.016,USD,USD,1.0000000000,32.016,1.0000000000,USD,,,AmazonEC2,Compute,Virtual Machines,SKU-4e70290591383090d3fb4e3b,Commitment,SPRICE-3123b98a0bc7ca93ff9d1c56,"{""x_PurchaseTerm"":""1yr"",""x_PaymentOption"":""NoUpfront""}",arn:aws:savingsplans:ap-southeast-1::savingsplan/11cfd2b6e7b7cdd9,savingsplan-47644dee9e23,Savings Plan,ap-southeast-1,Asia Pacific (Singapore),,arn:aws:savingsplans:ap-southeast-1::savingsplan/11cfd2b6e7b7cdd9,ComputeSavingsPlan-1yr-NoUpfront,Spend,Savings Plan,Unused,32.016,USD,,,"{""Environment"":""staging"",""CostCenter"":""cc-1042"",""Owner"":""team-data""}"
AWS,AWS,AWS,INV-2026-05-0002,100000000002,ExampleCorp Secondary Payer,Payer Account,200000000011,prod-platform,Linked Account,2026-05-01T00:00:00Z,2026-06-01T00:00:00Z,2026-05-04T06:00:00Z,2026-05-04T07:00:00Z,Purchase,,"Savings Plan commitment, amortised for the charge period",Recurring,32.016,0,32.016,32.016,1,1,Standard,32.016,USD,USD,1.0000000000,0,1.0000000000,USD,,,AmazonEC2,Compute,Virtual Machines,SKU-4e70290591383090d3fb4e3b,Commitment,SPRICE-3123b98a0bc7ca93ff9d1c56,"{""x_PurchaseTerm"":""1yr"",""x_PaymentOption"":""NoUpfront""}",arn:aws:savingsplans:ap-southeast-1::savingsplan/11cfd2b6e7b7cdd9,savingsplan-47644dee9e23,Savings Plan,ap-southeast-1,Asia Pacific (Singapore),,arn:aws:savingsplans:ap-southeast-1::savingsplan/11cfd2b6e7b7cdd9,ComputeSavingsPlan-1yr-NoUpfront,Spend,Savings Plan,,32.016,USD,,,"{""Environment"":""dev"",""CostCenter"":""cc-2087"",""Owner"":""team-payments""}"
AWS,AWS,AWS,INV-2026-05-0002,100000000002,ExampleCorp Secondary Payer,Payer Account,200000000011,prod-platform,Linked Account,2026-05-01T00:00:00Z,2026-06-01T00:00:00Z,2026-05-04T06:00:00Z,2026-05-04T07:00:00Z,Usage,,Savings Plan unused commitment,Usage-Based,0,32.016,32.016,32.016,1,1,Committed,32.016,USD,USD,1.0000000000,32.016,1.0000000000,USD,,,AmazonEC2,Compute,Virtual Machines,SKU-4e70290591383090d3fb4e3b,Commitment,SPRICE-3123b98a0bc7ca93ff9d1c56,"{""x_PurchaseTerm"":""1yr"",""x_PaymentOption"":""NoUpfront""}",arn:aws:savingsplans:ap-southeast-1::savingsplan/11cfd2b6e7b7cdd9,savingsplan-47644dee9e23,Savings Plan,ap-southeast-1,Asia Pacific (Singapore),,arn:aws:savingsplans:ap-southeast-1::savingsplan/11cfd2b6e7b7cdd9,ComputeSavingsPlan-1yr-NoUpfront,Spend,Savings Plan,Unused,32.016,USD,,,"{""Environment"":""prod"",""CostCenter"":""cc-3110"",""Owner"":""team-payments""}"
AWS,AWS,AWS,INV-2026-05-0002,100000000002,ExampleCorp Secondary Payer,Payer Account,200000000011,prod-platform,Linked Account,2026-05-01T00:00:00Z,2026-06-01T00:00:00Z,2026-05-04T07:00:00Z,2026-05-04T08:00:00Z,Purchase,,"Savings Plan commitment, amortised for the charge period",Recurring,32.016,0,32.016,32.016,1,1,Standard,32.016,USD,USD,1.0000000000,0,1.0000000000,USD,,,AmazonEC2,Compute,Virtual Machines,SKU-4e70290591383090d3fb4e3b,Commitment,SPRICE-3123b98a0bc7ca93ff9d1c56,"{""x_PurchaseTerm"":""1yr"",""x_PaymentOption"":""NoUpfront""}",arn:aws:savingsplans:ap-southeast-1::savingsplan/11cfd2b6e7b7cdd9,savingsplan-47644dee9e23,Savings Plan,ap-southeast-1,Asia Pacific (Singapore),,arn:aws:savingsplans:ap-southeast-1::savingsplan/11cfd2b6e7b7cdd9,ComputeSavingsPlan-1yr-NoUpfront,Spend,Savings Plan,,32.016,USD,,,"{""Environment"":""dev"",""CostCenter"":""cc-2087"",""Owner"":""team-platform""}"
AWS,AWS,AWS,INV-2026-05-0002,100000000002,ExampleCorp Secondary Payer,Payer Account,200000000011,prod-platform,Linked Account,2026-05-01T00:00:00Z,2026-06-01T00:00:00Z,2026-05-04T07:00:00Z,2026-05-04T08:00:00Z,Usage,,Savings Plan unused commitment,Usage-Based,0,32.016,32.016,32.016,1,1,Committed,32.016,USD,USD,1.0000000000,32.016,1.0000000000,USD,,,AmazonEC2,Compute,Virtual Machines,SKU-4e70290591383090d3fb4e3b,Commitment,SPRICE-3123b98a0bc7ca93ff9d1c56,"{""x_PurchaseTerm"":""1yr"",""x_PaymentOption"":""NoUpfront""}",arn:aws:savingsplans:ap-southeast-1::savingsplan/11cfd2b6e7b7cdd9,savingsplan-47644dee9e23,Savings Plan,ap-southeast-1,Asia Pacific (Singapore),,arn:aws:savingsplans:ap-southeast-1::savingsplan/11cfd2b6e7b7cdd9,ComputeSavingsPlan-1yr-NoUpfront,Spend,Savings Plan,Unused,32.016,USD,,,"{""Environment"":""prod"",""CostCenter"":""cc-1042"",""Owner"":""team-platform""}"
AWS,AWS,AWS,INV-2026-05-0001,100000000001,ExampleCorp Master Payer,Payer Account,200000000014,sandbox-dev,Linked Account,2026-05-01T00:00:00Z,2026-06-01T00:00:00Z,2026-05-08T00:00:00Z,2026-05-09T00:00:00Z,Usage,,NAT gateway data processed,Usage-Based,12.8697498,12.8697498,14.299722,12.8697498,0.0450000000,0.0405000000,Standard,317.7716,GB,USD,0.0405000000,12.8697498,0.0450000000,USD,317.7716,GB,AmazonVPC,Networking,Network Connectivity,SKU-935abd9125f7268b4f0eb1ad,Data Transfer,SPRICE-130c94d71c797814c8e72b46,"{""x_TransferType"":""InterAZ""}",arn:aws:ec2:us-east-1:200000000014:natgateway/nat-8c55be4df77c,nat-8c55be4df77c,NAT Gateway,us-east-1,US East (N. Virginia),,,,,,,,,,,"{""Environment"":""staging"",""CostCenter"":""cc-1042"",""Owner"":""team-platform""}"
AWS,AWS,AWS,INV-2026-05-0001,100000000001,ExampleCorp Master Payer,Payer Account,200000000011,prod-platform,Linked Account,2026-05-01T00:00:00Z,2026-06-01T00:00:00Z,2026-05-09T00:00:00Z,2026-05-10T00:00:00Z,Usage,,Glue ETL job run,Usage-Based,4.5722952,4.5722952,5.080328,4.5722952,0.4400000000,0.3960000000,Standard,11.5462,DPU-Hours,USD,0.3960000000,4.5722952,0.4400000000,USD,11.5462,DPU-Hours,AWSGlue,Analytics,Data Processing,SKU-118148093a04e718819dbb3f,Data Processing,SPRICE-f140a6944df35cbb51f25679,"{""x_WorkerType"":""G.1X""}",arn:aws:glue:us-west-2:200000000011:job/job-486592bb7044,job-486592bb7044,Glue Job,us-west-2,US West (Oregon),,,,,,,,,,,"{""Environment"":""prod"",""CostCenter"":""cc-2087"",""Owner"":""team-payments""}"
AWS,AWS,AWS,INV-2026-05-0002,100000000002,ExampleCorp Secondary Payer,Payer Account,200000000014,sandbox-dev,Linked Account,2026-05-01T00:00:00Z,2026-06-01T00:00:00Z,2026-05-04T21:00:00Z,2026-05-04T22:00:00Z,Usage,,RDS PostgreSQL db.r6g.large,Usage-Based,0.216,0.216,0.24,0.216,0.2400000000,0.2160000000,Standard,1.0000,Hours,USD,0.2160000000,0.216,0.2400000000,USD,1.0000,Hours,AmazonRDS,Databases,Relational Databases,SKU-d70ac0acbdfcb8de90bd881a,Database,SPRICE-526e7acd56433e6d3c551cac,"{""InstanceType"":""db.r6g.large"",""InstanceSeries"":""R6g"",""CoreCount"":2,""MemorySize"":16,""x_Engine"":""PostgreSQL""}",arn:aws:rds:us-west-2:200000000014:db/db-833ba53564d4,db-833ba53564d4,RDS Instance,us-west-2,US West (Oregon),,,,,,,,,,,"{""Environment"":""staging"",""CostCenter"":""cc-1042"",""Owner"":""team-data""}"
AWS,AWS,AWS,INV-2026-05-0001,100000000001,ExampleCorp Master Payer,Payer Account,200000000014,sandbox-dev,Linked Account,2026-05-01T00:00:00Z,2026-06-01T00:00:00Z,2026-05-11T00:00:00Z,2026-05-12T00:00:00Z,Purchase,,AWSGlue subscription fee,Recurring,444.66,444.66,444.66,444.66,444.66,444.66,Standard,1,Units,USD,444.6600000000,444.66,444.6600000000,USD,,,AWSGlue,Analytics,Data Processing,SKU-67a20b1e9c6c8676f414f442,Subscription,SPRICE-269ca032e815bc6412571d75,"{""x_ChargeType"": ""SubscriptionFee""}",arn:aws:glue:eu-west-1:200000000014:job/job-d922e3f3a7fb,job-d922e3f3a7fb,Glue Job,eu-west-1,EU (Ireland),,,,,,,,,,,"{""Environment"":""staging"",""CostCenter"":""cc-3110"",""Owner"":""team-platform""}"
AWS,AWS,AWS,INV-2026-05-0002,100000000002,ExampleCorp Secondary Payer,Payer Account,200000000011,prod-platform,Linked Account,2026-05-01T00:00:00Z,2026-06-01T00:00:00Z,2026-05-04T23:00:00Z,2026-05-05T00:00:00Z,Usage,,Lambda function duration,Usage-Based,51.516264741,51.516264741,57.24040863725498,51.516264741,0.0000166667,0.0000150000,Standard,3434417.6494,GB-Seconds,USD,0.0000150000,51.516264741,0.0000166667,USD,3434417.6494,GB-Seconds,AWSLambda,Compute,Serverless Compute,SKU-790dfdd7277c16aec9cf7656,Compute,SPRICE-55fe45e894424abc4a1bb3fe,"{""x_Runtime"":""python3.12"",""x_Architecture"":""arm64""}",arn:aws:lambda:us-west-2:200000000011:function/fn-d5606dc3bd8f,fn-d5606dc3bd8f,Lambda Function,us-west-2,US West (Oregon),,,,,,,,,,,"{""Environment"":""staging"",""CostCenter"":""cc-3110"",""Owner"":""team-payments""}"
AWS,AWS,AWS,INV-2026-05-0001,100000000001,ExampleCorp Master Payer,Payer Account,200000000011,prod-platform,Linked Account,2026-05-01T00:00:00Z,2026-06-01T00:00:00Z,2026-05-05T00:00:00Z,2026-05-05T01:00:00Z,Usage,,Linux on-demand m6i.large,Usage-Based,0.0864,0.0864,0.096,0.0864,0.0960000000,0.0864000000,Standard,1.0000,Hours,USD,0.0864000000,0.0864,0.0960000000,USD,1.0000,Hours,AmazonEC2,Compute,Virtual Machines,SKU-093c0d7a3a0491f8523e34c8,Compute,SPRICE-bab283475cbbabd222878e74,"{""InstanceType"":""m6i.large"",""InstanceSeries"":""M6i"",""CoreCount"":2,""MemorySize"":8,""OperatingSystem"":""Linux"",""x_Tenancy"":""Shared""}",arn:aws:ec2:ap-southeast-1:200000000011:instance/i-81479bc24716,i-81479bc24716,EC2 Instance,ap-southeast-1,Asia Pacific (Singapore),ap-southeast-1b,,,,,,,,,,"{""Environment"":""prod"",""CostCenter"":""cc-2087"",""Owner"":""team-payments""}"
AWS,AWS,AWS,INV-2026-05-0002,100000000002,ExampleCorp Secondary Payer,Payer Account,200000000014,sandbox-dev,Linked Account,2026-05-01T00:00:00Z,2026-06-01T00:00:00Z,2026-05-05T01:00:00Z,2026-05-05T02:00:00Z,Usage,,Linux on-demand m6i.large,Usage-Based,0.0864,0.0864,0.096,0.0864,0.0960000000,0.0864000000,Standard,1.0000,Hours,USD,0.0864000000,0.0864,0.0960000000,USD,1.0000,Hours,AmazonEC2,Compute,Virtual Machines,SKU-093c0d7a3a0491f8523e34c8,Compute,SPRICE-bab283475cbbabd222878e74,"{""InstanceType"":""m6i.large"",""InstanceSeries"":""M6i"",""CoreCount"":2,""MemorySize"":8,""OperatingSystem"":""Linux"",""x_Tenancy"":""Shared""}",arn:aws:ec2:ap-southeast-1:200000000014:instance/i-1440e59653ed,i-1440e59653ed,EC2 Instance,ap-southeast-1,Asia Pacific (Singapore),ap-southeast-1b,,,,,,,,,,"{""Environment"":""staging"",""CostCenter"":""cc-3110"",""Owner"":""team-platform""}"
AWS,AWS,AWS,INV-2026-05-0002,100000000002,ExampleCorp Secondary Payer,Payer Account,200000000011,prod-platform,Linked Account,2026-05-01T00:00:00Z,2026-06-01T00:00:00Z,2026-05-05T02:00:00Z,2026-05-05T03:00:00Z,Usage,,Lambda function duration,Usage-Based,73.040809467,73.040809467,81.15661727624326,73.040809467,0.0000166667,0.0000150000,Standard,4869387.2978,GB-Seconds,EUR,0.0000138000,67.19754470964,0.0000153334,USD,4869387.2978,GB-Seconds,AWSLambda,Compute,Serverless Compute,SKU-10b7f1c880ad0bc78efd30e2,Compute,SPRICE-f698f85a0f5e59cb4990d3c1,"{""x_Runtime"":""python3.12"",""x_Architecture"":""arm64""}",arn:aws:lambda:ap-southeast-1:200000000011:function/fn-fef06d1c4c85,fn-fef06d1c4c85,Lambda Function,ap-southeast-1,Asia Pacific (Singapore),,,,,,,,,,,"{""Environment"":""staging"",""CostCenter"":""cc-3110"",""Owner"":""team-payments""}"
AWS,AWS,AWS,INV-2026-05-0002,100000000002,ExampleCorp Secondary Payer,Payer Account,200000000014,sandbox-dev,Linked Account,2026-05-01T00:00:00Z,2026-06-01T00:00:00Z,2026-05-16T00:00:00Z,2026-05-17T00:00:00Z,Usage,,NAT gateway data processed,Usage-Based,5.3693766,5.3693766,5.965974,5.3693766,0.0450000000,0.0405000000,Standard,132.5772,GB,EUR,0.0372600000,4.939826472,0.0414000000,USD,132.5772,GB,AmazonVPC,Networking,Network Connectivity,SKU-0a48b40b1fa86593309c0c4c,Data Transfer,SPRICE-1d1c6c22bdd2b0ba78234c63,"{""x_TransferType"":""InterAZ""}",arn:aws:ec2:ap-southeast-1:200000000014:natgateway/nat-85881600a636,nat-85881600a636,NAT Gateway,ap-southeast-1,Asia Pacific (Singapore),,,,,,,,,,,"{""Environment"":""prod"",""CostCenter"":""cc-2087"",""Owner"":""team-payments""}"
AWS,AWS,AWS,INV-2026-05-0002,100000000002,ExampleCorp Secondary Payer,Payer Account,200000000012,staging-platform,Linked Account,2026-05-01T00:00:00Z,2026-06-01T00:00:00Z,2026-05-01T00:00:00Z,2026-06-01T00:00:00Z,Usage,,S3 Standard storage,Usage-Based,71.50821417,71.50821417,79.4535713,71.50821417,0.0230000000,0.0207000000,Standard,3454.5031,GB-Months,USD,0.0207000000,71.50821417,0.0230000000,USD,3454.5031,GB-Months,AmazonS3,Storage,Object Storage,SKU-e7cfcc3199bb16b2dd7b1493,Storage,SPRICE-5d75931c911c493aa2aa3d41,"{""StorageClass"":""Standard"",""Redundancy"":""Zonal""}",arn:aws:s3:ap-southeast-1:200000000012:bucket/bucket-e2d4f1b7a534,bucket-e2d4f1b7a534,S3 Bucket,ap-southeast-1,Asia Pacific (Singapore),,,,,,,,,,,"{""Environment"":""dev"",""CostCenter"":""cc-1042"",""Owner"":""team-platform""}"
AWS,AWS,AWS,INV-2026-05-0001,100000000001,ExampleCorp Master Payer,Payer Account,200000000011,prod-platform,Linked Account,2026-05-01T00:00:00Z,2026-06-01T00:00:00Z,2026-05-18T00:00:00Z,2026-05-19T00:00:00Z,Usage,,Custom metrics,Usage-Based,15.599385,15.599385,17.33265,15.599385,0.3000000000,0.2700000000,Standard,57.7755,Metrics,USD,0.2700000000,15.599385,0.3000000000,USD,57.7755,Metrics,AmazonCloudWatch,Management and Governance,Observability,SKU-917addcfe26d359456f585f4,Monitoring,SPRICE-bfed9ccd55f51b42ca94dd2b,"{""x_MetricType"":""Custom""}",arn:aws:cloudwatch:eu-west-1:200000000011:metric/metric-bd1a532e3e9a,metric-bd1a532e3e9a,Metric,eu-west-1,EU (Ireland),,,,,,,,,,,"{""Environment"":""staging"",""CostCenter"":""cc-2087"",""Owner"":""team-data""}"
AWS,AWS,AWS,INV-2026-05-0001,100000000001,ExampleCorp Master Payer,Payer Account,200000000011,prod-platform,Linked Account,2026-05-01T00:00:00Z,2026-06-01T00:00:00Z,2026-05-01T00:00:00Z,2026-06-01T00:00:00Z,Usage,,S3 Standard storage,Usage-Based,95.89203378,95.89203378,106.5467042,95.89203378,0.0230000000,0.0207000000,Standard,4632.4654,GB-Months,EUR,0.0190440000,88.2206710776,0.0211600000,USD,4632.4654,GB-Months,AmazonS3,Storage,Object Storage,SKU-6042c508b21761919a0ed516,Storage,SPRICE-d8b71692d0c9bfaf5e90ae20,"{""StorageClass"":""Standard"",""Redundancy"":""Zonal""}",arn:aws:s3:eu-west-1:200000000011:bucket/bucket-c2583bc74b9d,bucket-c2583bc74b9d,S3 Bucket,eu-west-1,EU (Ireland),,,,,,,,,,,"{""Environment"":""dev"",""CostCenter"":""cc-3110"",""Owner"":""team-payments""}"
AWS,AWS,AWS,INV-2026-05-0002,100000000002,ExampleCorp Secondary Payer,Payer Account,200000000012,staging-platform,Linked Account,2026-05-01T00:00:00Z,2026-06-01T00:00:00Z,2026-05-05T07:00:00Z,2026-05-05T08:00:00Z,Usage,,Linux on-demand m6i.large,Usage-Based,0.0864,0.0864,0.096,0.0864,0.0960000000,0.0864000000,Standard,1.0000,Hours,USD,0.0864000000,0.0864,0.0960000000,USD,1.0000,Hours,AmazonEC2,Compute,Virtual Machines,SKU-ca9c2ba97f0b30fb137ef130,Compute,SPRICE-d7f4030fc2a8b65799f6b437,"{""InstanceType"":""m6i.large"",""InstanceSeries"":""M6i"",""CoreCount"":2,""MemorySize"":8,""OperatingSystem"":""Linux"",""x_Tenancy"":""Shared""}",arn:aws:ec2:eu-west-1:200000000012:instance/i-33742eabb5fc,i-33742eabb5fc,EC2 Instance,eu-west-1,EU (Ireland),eu-west-1b,,,,,,,,,,"{""Environment"":""staging"",""CostCenter"":""cc-2087"",""Owner"":""team-payments""}"
AWS,AWS,AWS,INV-2026-05-0001,100000000001,ExampleCorp Master Payer,Payer Account,200000000013,data-analytics,Linked Account,2026-05-01T00:00:00Z,2026-06-01T00:00:00Z,2026-05-01T00:00:00Z,2026-06-01T00:00:00Z,Usage,,S3 Standard storage,Usage-Based,90.37232703,90.37232703,100.4136967,90.37232703,0.0230000000,0.0207000000,Standard,4365.8129,GB-Months,USD,0.0207000000,90.37232703,0.0230000000,USD,4365.8129,GB-Months,AmazonS3,Storage,Object Storage,SKU-e7cfcc3199bb16b2dd7b1493,Storage,SPRICE-5d75931c911c493aa2aa3d41,"{""StorageClass"":""Standard"",""Redundancy"":""Zonal""}",arn:aws:s3:ap-southeast-1:200000000013:bucket/bucket-f36bbeff13ff,bucket-f36bbeff13ff,S3 Bucket,ap-southeast-1,Asia Pacific (Singapore),,,,,,,,,,,"{""Environment"":""dev"",""CostCenter"":""cc-3110"",""Owner"":""team-data""}"
AWS,AWS,AWS,INV-2026-05-0001,100000000001,ExampleCorp Master Payer,Payer Account,200000000011,prod-platform,Linked Account,2026-05-01T00:00:00Z,2026-06-01T00:00:00Z,2026-05-22T00:00:00Z,2026-05-23T00:00:00Z,Usage,,NAT gateway data processed,Usage-Based,7.39048455,7.39048455,8.2116495,7.39048455,0.0450000000,0.0405000000,Standard,182.4811,GB,USD,0.0405000000,7.39048455,0.0450000000,USD,182.4811,GB,AmazonVPC,Networking,Network Connectivity,SKU-38ae1a660e2cadb9d64ca8e5,Data Transfer,SPRICE-974405df44bbf0808ce048b9,"{""x_TransferType"":""InterAZ""}",arn:aws:ec2:us-west-2:200000000011:natgateway/nat-109d11885c99,nat-109d11885c99,NAT Gateway,us-west-2,US West (Oregon),,,,,,,,,,,"{""Environment"":""prod"",""CostCenter"":""cc-3110"",""Owner"":""team-data""}"
AWS,AWS,AWS,INV-2026-05-0002,100000000002,ExampleCorp Secondary Payer,Payer Account,200000000012,staging-platform,Linked Account,2026-05-01T00:00:00Z,2026-06-01T00:00:00Z,2026-05-05T10:00:00Z,2026-05-05T11:00:00Z,Purchase,,"Savings Plan commitment, amortised for the charge period",Recurring,32.016,0,32.016,32.016,1,1,Standard,32.016,USD,USD,1.0000000000,0,1.0000000000,USD,,,AmazonEC2,Compute,Virtual Machines,SKU-53792a378695e386e0280d5c,Commitment,SPRICE-56a7b3778b922200186036dc,"{""x_PurchaseTerm"":""1yr"",""x_PaymentOption"":""NoUpfront""}",arn:aws:savingsplans:eu-west-1::savingsplan/cf9924d3e463c440,savingsplan-97be21879383,Savings Plan,eu-west-1,EU (Ireland),,arn:aws:savingsplans:eu-west-1::savingsplan/cf9924d3e463c440,ComputeSavingsPlan-1yr-NoUpfront,Spend,Savings Plan,,32.016,USD,,,"{""Environment"":""prod"",""CostCenter"":""cc-2087"",""Owner"":""team-platform""}"
AWS,AWS,AWS,INV-2026-05-0002,100000000002,ExampleCorp Secondary Payer,Payer Account,200000000012,staging-platform,Linked Account,2026-05-01T00:00:00Z,2026-06-01T00:00:00Z,2026-05-05T10:00:00Z,2026-05-05T11:00:00Z,Usage,,AmazonEC2 committed usage of 500 machine-equivalents,Usage-Based,0,32.016,48,43.2,0.0960000000,0.0864000000,Committed,500,Hours,USD,0.0864000000,32.016,0.0960000000,USD,500,Hours,AmazonEC2,Compute,Virtual Machines,SKU-ca9c2ba97f0b30fb137ef130,Compute,SPRICE-d7f4030fc2a8b65799f6b437,"{""InstanceType"":""m6i.large"",""InstanceSeries"":""M6i"",""CoreCount"":2,""MemorySize"":8,""OperatingSystem"":""Linux"",""x_Tenancy"":""Shared""}",urn:focus-sample:aws:eu-west-1:200000000012:compute-fleet:fleet77c9d2b4bd0ef2bacee8b148,fleet77c9d2b4bd0ef2bacee8b148,Compute Fleet,eu-west-1,EU (Ireland),eu-west-1a,arn:aws:savingsplans:eu-west-1::savingsplan/cf9924d3e463c440,ComputeSavingsPlan-1yr-NoUpfront,Spend,Savings Plan,Used,32.016,USD,,,"{""Environment"":""dev"",""CostCenter"":""cc-1042"",""Owner"":""team-data"",""SyntheticFleetSize"":""500""}"
AWS,AWS,AWS,INV-2026-05-0002,100000000002,ExampleCorp Secondary Payer,Payer Account,200000000012,staging-platform,Linked Account,2026-05-01T00:00:00Z,2026-06-01T00:00:00Z,2026-05-05T11:00:00Z,2026-05-05T12:00:00Z,Purchase,,"Savings Plan commitment, amortised for the charge period",Recurring,32.016,0,32.016,32.016,1,1,Standard,32.016,USD,USD,1.0000000000,0,1.0000000000,USD,,,AmazonEC2,Compute,Virtual Machines,SKU-53792a378695e386e0280d5c,Commitment,SPRICE-56a7b3778b922200186036dc,"{""x_PurchaseTerm"":""1yr"",""x_PaymentOption"":""NoUpfront""}",arn:aws:savingsplans:eu-west-1::savingsplan/cf9924d3e463c440,savingsplan-97be21879383,Savings Plan,eu-west-1,EU (Ireland),,arn:aws:savingsplans:eu-west-1::savingsplan/cf9924d3e463c440,ComputeSavingsPlan-1yr-NoUpfront,Spend,Savings Plan,,32.016,USD,,,"{""Environment"":""staging"",""CostCenter"":""cc-3110"",""Owner"":""team-payments""}"
AWS,AWS,AWS,INV-2026-05-0002,100000000002,ExampleCorp Secondary Payer,Payer Account,200000000012,staging-platform,Linked Account,2026-05-01T00:00:00Z,2026-06-01T00:00:00Z,2026-05-05T11:00:00Z,2026-05-05T12:00:00Z,Usage,,AmazonEC2 committed usage of 500 machine-equivalents,Usage-Based,0,32.016,48,43.2,0.0960000000,0.0864000000,Committed,500,Hours,USD,0.0864000000,32.016,0.0960000000,USD,500,Hours,AmazonEC2,Compute,Virtual Machines,SKU-ca9c2ba97f0b30fb137ef130,Compute,SPRICE-d7f4030fc2a8b65799f6b437,"{""InstanceType"":""m6i.large"",""InstanceSeries"":""M6i"",""CoreCount"":2,""MemorySize"":8,""OperatingSystem"":""Linux"",""x_Tenancy"":""Shared""}",urn:focus-sample:aws:eu-west-1:200000000012:compute-fleet:fleet77c9d2b4bd0ef2bacee8b148,fleet77c9d2b4bd0ef2bacee8b148,Compute Fleet,eu-west-1,EU (Ireland),eu-west-1a,arn:aws:savingsplans:eu-west-1::savingsplan/cf9924d3e463c440,ComputeSavingsPlan-1yr-NoUpfront,Spend,Savings Plan,Used,32.016,USD,,,"{""Environment"":""dev"",""CostCenter"":""cc-2087"",""Owner"":""team-data"",""SyntheticFleetSize"":""500""}"
AWS,AWS,AWS,INV-2026-05-0002,100000000002,ExampleCorp Secondary Payer,Payer Account,200000000012,staging-platform,Linked Account,2026-05-01T00:00:00Z,2026-06-01T00:00:00Z,2026-05-05T12:00:00Z,2026-05-05T13:00:00Z,Purchase,,"Savings Plan commitment, amortised for the charge period",Recurring,32.016,0,32.016,32.016,1,1,Standard,32.016,USD,USD,1.0000000000,0,1.0000000000,USD,,,AmazonEC2,Compute,Virtual Machines,SKU-53792a378695e386e0280d5c,Commitment,SPRICE-56a7b3778b922200186036dc,"{""x_PurchaseTerm"":""1yr"",""x_PaymentOption"":""NoUpfront""}",arn:aws:savingsplans:eu-west-1::savingsplan/cf9924d3e463c440,savingsplan-97be21879383,Savings Plan,eu-west-1,EU (Ireland),,arn:aws:savingsplans:eu-west-1::savingsplan/cf9924d3e463c440,ComputeSavingsPlan-1yr-NoUpfront,Spend,Savings Plan,,32.016,USD,,,"{""Environment"":""staging"",""CostCenter"":""cc-2087"",""Owner"":""team-data""}"
AWS,AWS,AWS,INV-2026-05-0002,100000000002,ExampleCorp Secondary Payer,Payer Account,200000000012,staging-platform,Linked Account,2026-05-01T00:00:00Z,2026-06-01T00:00:00Z,2026-05-05T12:00:00Z,2026-05-05T13:00:00Z,Usage,,AmazonEC2 committed usage of 500 machine-equivalents,Usage-Based,0,32.016,48,43.2,0.0960000000,0.0864000000,Committed,500,Hours,USD,0.0864000000,32.016,0.0960000000,USD,500,Hours,AmazonEC2,Compute,Virtual Machines,SKU-ca9c2ba97f0b30fb137ef130,Compute,SPRICE-d7f4030fc2a8b65799f6b437,"{""InstanceType"":""m6i.large"",""InstanceSeries"":""M6i"",""CoreCount"":2,""MemorySize"":8,""OperatingSystem"":""Linux"",""x_Tenancy"":""Shared""}",urn:focus-sample:aws:eu-west-1:200000000012:compute-fleet:fleet77c9d2b4bd0ef2bacee8b148,fleet77c9d2b4bd0ef2bacee8b148,Compute Fleet,eu-west-1,EU (Ireland),eu-west-1a,arn:aws:savingsplans:eu-west-1::savingsplan/cf9924d3e463c440,ComputeSavingsPlan-1yr-NoUpfront,Spend,Savings Plan,Used,32.016,USD,,,"{""Environment"":""prod"",""CostCenter"":""cc-2087"",""Owner"":""team-payments"",""SyntheticFleetSize"":""500""}"
AWS,AWS,AWS,INV-2026-05-0002,100000000002,ExampleCorp Secondary Payer,Payer Account,200000000012,staging-platform,Linked Account,2026-05-01T00:00:00Z,2026-06-01T00:00:00Z,2026-05-05T13:00:00Z,2026-05-05T14:00:00Z,Purchase,,"Savings Plan commitment, amortised for the charge period",Recurring,32.016,0,32.016,32.016,1,1,Standard,32.016,USD,USD,1.0000000000,0,1.0000000000,USD,,,AmazonEC2,Compute,Virtual Machines,SKU-53792a378695e386e0280d5c,Commitment,SPRICE-56a7b3778b922200186036dc,"{""x_PurchaseTerm"":""1yr"",""x_PaymentOption"":""NoUpfront""}",arn:aws:savingsplans:eu-west-1::savingsplan/cf9924d3e463c440,savingsplan-97be21879383,Savings Plan,eu-west-1,EU (Ireland),,arn:aws:savingsplans:eu-west-1::savingsplan/cf9924d3e463c440,ComputeSavingsPlan-1yr-NoUpfront,Spend,Savings Plan,,32.016,USD,,,"{""Environment"":""dev"",""CostCenter"":""cc-1042"",""Owner"":""team-platform""}"
AWS,AWS,AWS,INV-2026-05-0002,100000000002,ExampleCorp Secondary Payer,Payer Account,200000000012,staging-platform,Linked Account,2026-05-01T00:00:00Z,2026-06-01T00:00:00Z,2026-05-05T13:00:00Z,2026-05-05T14:00:00Z,Usage,,AmazonEC2 committed usage of 500 machine-equivalents,Usage-Based,0,32.016,48,43.2,0.0960000000,0.0864000000,Committed,500,Hours,USD,0.0864000000,32.016,0.0960000000,USD,500,Hours,AmazonEC2,Compute,Virtual Machines,SKU-ca9c2ba97f0b30fb137ef130,Compute,SPRICE-d7f4030fc2a8b65799f6b437,"{""InstanceType"":""m6i.large"",""InstanceSeries"":""M6i"",""CoreCount"":2,""MemorySize"":8,""OperatingSystem"":""Linux"",""x_Tenancy"":""Shared""}",urn:focus-sample:aws:eu-west-1:200000000012:compute-fleet:fleet77c9d2b4bd0ef2bacee8b148,fleet77c9d2b4bd0ef2bacee8b148,Compute Fleet,eu-west-1,EU (Ireland),eu-west-1a,arn:aws:savingsplans:eu-west-1::savingsplan/cf9924d3e463c440,ComputeSavingsPlan-1yr-NoUpfront,Spend,Savings Plan,Used,32.016,USD,,,"{""Environment"":""dev"",""CostCenter"":""cc-1042"",""Owner"":""team-data"",""SyntheticFleetSize"":""500""}"
AWS,AWS,AWS,INV-2026-05-0002,100000000002,ExampleCorp Secondary Payer,Payer Account,200000000012,staging-platform,Linked Account,2026-05-01T00:00:00Z,2026-06-01T00:00:00Z,2026-05-05T14:00:00Z,2026-05-05T15:00:00Z,Purchase,,"Savings Plan commitment, amortised for the charge period",Recurring,32.016,0,32.016,32.016,1,1,Standard,32.016,USD,USD,1.0000000000,0,1.0000000000,USD,,,AmazonEC2,Compute,Virtual Machines,SKU-53792a378695e386e0280d5c,Commitment,SPRICE-56a7b3778b922200186036dc,"{""x_PurchaseTerm"":""1yr"",""x_PaymentOption"":""NoUpfront""}",arn:aws:savingsplans:eu-west-1::savingsplan/cf9924d3e463c440,savingsplan-97be21879383,Savings Plan,eu-west-1,EU (Ireland),,arn:aws:savingsplans:eu-west-1::savingsplan/cf9924d3e463c440,ComputeSavingsPlan-1yr-NoUpfront,Spend,Savings Plan,,32.016,USD,,,"{""Environment"":""dev"",""CostCenter"":""cc-2087"",""Owner"":""team-platform""}"
AWS,AWS,AWS,INV-2026-05-0002,100000000002,ExampleCorp Secondary Payer,Payer Account,200000000012,staging-platform,Linked Account,2026-05-01T00:00:00Z,2026-06-01T00:00:00Z,2026-05-05T14:00:00Z,2026-05-05T15:00:00Z,Usage,,AmazonEC2 committed usage of 500 machine-equivalents,Usage-Based,0,32.016,48,43.2,0.0960000000,0.0864000000,Committed,500,Hours,USD,0.0864000000,32.016,0.0960000000,USD,500,Hours,AmazonEC2,Compute,Virtual Machines,SKU-ca9c2ba97f0b30fb137ef130,Compute,SPRICE-d7f4030fc2a8b65799f6b437,"{""InstanceType"":""m6i.large"",""InstanceSeries"":""M6i"",""CoreCount"":2,""MemorySize"":8,""OperatingSystem"":""Linux"",""x_Tenancy"":""Shared""}",urn:focus-sample:aws:eu-west-1:200000000012:compute-fleet:fleet77c9d2b4bd0ef2bacee8b148,fleet77c9d2b4bd0ef2bacee8b148,Compute Fleet,eu-west-1,EU (Ireland),eu-west-1a,arn:aws:savingsplans:eu-west-1::savingsplan/cf9924d3e463c440,ComputeSavingsPlan-1yr-NoUpfront,Spend,Savings Plan,Used,32.016,USD,,,"{""Environment"":""dev"",""CostCenter"":""cc-1042"",""Owner"":""team-data"",""SyntheticFleetSize"":""500""}"
AWS,AWS,AWS,INV-2026-05-0002,100000000002,ExampleCorp Secondary Payer,Payer Account,200000000012,staging-platform,Linked Account,2026-05-01T00:00:00Z,2026-06-01T00:00:00Z,2026-05-05T15:00:00Z,2026-05-05T16:00:00Z,Purchase,,"Savings Plan commitment, amortised for the charge period",Recurring,32.016,0,32.016,32.016,1,1,Standard,32.016,USD,USD,1.0000000000,0,1.0000000000,USD,,,AmazonEC2,Compute,Virtual Machines,SKU-53792a378695e386e0280d5c,Commitment,SPRICE-56a7b3778b922200186036dc,"{""x_PurchaseTerm"":""1yr"",""x_PaymentOption"":""NoUpfront""}",arn:aws:savingsplans:eu-west-1::savingsplan/cf9924d3e463c440,savingsplan-97be21879383,Savings Plan,eu-west-1,EU (Ireland),,arn:aws:savingsplans:eu-west-1::savingsplan/cf9924d3e463c440,ComputeSavingsPlan-1yr-NoUpfront,Spend,Savings Plan,,32.016,USD,,,"{""Environment"":""dev"",""CostCenter"":""cc-2087"",""Owner"":""team-data""}"
AWS,AWS,AWS,INV-2026-05-0002,100000000002,ExampleCorp Secondary Payer,Payer Account,200000000012,staging-platform,Linked Account,2026-05-01T00:00:00Z,2026-06-01T00:00:00Z,2026-05-05T15:00:00Z,2026-05-05T16:00:00Z,Usage,,AmazonEC2 committed usage of 500 machine-equivalents,Usage-Based,0,32.016,48,43.2,0.0960000000,0.0864000000,Committed,500,Hours,USD,0.0864000000,32.016,0.0960000000,USD,500,Hours,AmazonEC2,Compute,Virtual Machines,SKU-ca9c2ba97f0b30fb137ef130,Compute,SPRICE-d7f4030fc2a8b65799f6b437,"{""InstanceType"":""m6i.large"",""InstanceSeries"":""M6i"",""CoreCount"":2,""MemorySize"":8,""OperatingSystem"":""Linux"",""x_Tenancy"":""Shared""}",urn:focus-sample:aws:eu-west-1:200000000012:compute-fleet:fleet77c9d2b4bd0ef2bacee8b148,fleet77c9d2b4bd0ef2bacee8b148,Compute Fleet,eu-west-1,EU (Ireland),eu-west-1a,arn:aws:savingsplans:eu-west-1::savingsplan/cf9924d3e463c440,ComputeSavingsPlan-1yr-NoUpfront,Spend,Savings Plan,Used,32.016,USD,,,"{""Environment"":""prod"",""CostCenter"":""cc-1042"",""Owner"":""team-payments"",""SyntheticFleetSize"":""500""}"
AWS,AWS,AWS,INV-2026-05-0002,100000000002,ExampleCorp Secondary Payer,Payer Account,200000000012,staging-platform,Linked Account,2026-05-01T00:00:00Z,2026-06-01T00:00:00Z,2026-05-05T16:00:00Z,2026-05-05T17:00:00Z,Purchase,,"Savings Plan commitment, amortised for the charge period",Recurring,32.016,0,32.016,32.016,1,1,Standard,32.016,USD,USD,1.0000000000,0,1.0000000000,USD,,,AmazonEC2,Compute,Virtual Machines,SKU-53792a378695e386e0280d5c,Commitment,SPRICE-56a7b3778b922200186036dc,"{""x_PurchaseTerm"":""1yr"",""x_PaymentOption"":""NoUpfront""}",arn:aws:savingsplans:eu-west-1::savingsplan/cf9924d3e463c440,savingsplan-97be21879383,Savings Plan,eu-west-1,EU (Ireland),,arn:aws:savingsplans:eu-west-1::savingsplan/cf9924d3e463c440,ComputeSavingsPlan-1yr-NoUpfront,Spend,Savings Plan,,32.016,USD,,,"{""Environment"":""staging"",""CostCenter"":""cc-2087"",""Owner"":""team-payments""}"
AWS,AWS,AWS,INV-2026-05-0002,100000000002,ExampleCorp Secondary Payer,Payer Account,200000000012,staging-platform,Linked Account,2026-05-01T00:00:00Z,2026-06-01T00:00:00Z,2026-05-05T16:00:00Z,2026-05-05T17:00:00Z,Usage,,AmazonEC2 committed usage of 500 machine-equivalents,Usage-Based,0,32.016,48,43.2,0.0960000000,0.0864000000,Committed,500,Hours,USD,0.0864000000,32.016,0.0960000000,USD,500,Hours,AmazonEC2,Compute,Virtual Machines,SKU-ca9c2ba97f0b30fb137ef130,Compute,SPRICE-d7f4030fc2a8b65799f6b437,"{""InstanceType"":""m6i.large"",""InstanceSeries"":""M6i"",""CoreCount"":2,""MemorySize"":8,""OperatingSystem"":""Linux"",""x_Tenancy"":""Shared""}",urn:focus-sample:aws:eu-west-1:200000000012:compute-fleet:fleet77c9d2b4bd0ef2bacee8b148,fleet77c9d2b4bd0ef2bacee8b148,Compute Fleet,eu-west-1,EU (Ireland),eu-west-1a,arn:aws:savingsplans:eu-west-1::savingsplan/cf9924d3e463c440,ComputeSavingsPlan-1yr-NoUpfront,Spend,Savings Plan,Used,32.016,USD,,,"{""Environment"":""staging"",""CostCenter"":""cc-2087"",""Owner"":""team-data"",""SyntheticFleetSize"":""500""}"
AWS,AWS,AWS,INV-2026-05-0002,100000000002,ExampleCorp Secondary Payer,Payer Account,200000000012,staging-platform,Linked Account,2026-05-01T00:00:00Z,2026-06-01T00:00:00Z,2026-05-05T17:00:00Z,2026-05-05T18:00:00Z,Purchase,,"Savings Plan commitment, amortised for the charge period",Recurring,32.016,0,32.016,32.016,1,1,Standard,32.016,USD,USD,1.0000000000,0,1.0000000000,USD,,,AmazonEC2,Compute,Virtual Machines,SKU-53792a378695e386e0280d5c,Commitment,SPRICE-56a7b3778b922200186036dc,"{""x_PurchaseTerm"":""1yr"",""x_PaymentOption"":""NoUpfront""}",arn:aws:savingsplans:eu-west-1::savingsplan/cf9924d3e463c440,savingsplan-97be21879383,Savings Plan,eu-west-1,EU (Ireland),,arn:aws:savingsplans:eu-west-1::savingsplan/cf9924d3e463c440,ComputeSavingsPlan-1yr-NoUpfront,Spend,Savings Plan,,32.016,USD,,,"{""Environment"":""staging"",""CostCenter"":""cc-1042"",""Owner"":""team-payments""}"
AWS,AWS,AWS,INV-2026-05-0002,100000000002,ExampleCorp Secondary Payer,Payer Account,200000000012,staging-platform,Linked Account,2026-05-01T00:00:00Z,2026-06-01T00:00:00Z,2026-05-05T17:00:00Z,2026-05-05T18:00:00Z,Usage,,AmazonEC2 committed usage of 500 machine-equivalents,Usage-Based,0,32.016,48,43.2,0.0960000000,0.0864000000,Committed,500,Hours,USD,0.0864000000,32.016,0.0960000000,USD,500,Hours,AmazonEC2,Compute,Virtual Machines,SKU-ca9c2ba97f0b30fb137ef130,Compute,SPRICE-d7f4030fc2a8b65799f6b437,"{""InstanceType"":""m6i.large"",""InstanceSeries"":""M6i"",""CoreCount"":2,""MemorySize"":8,""OperatingSystem"":""Linux"",""x_Tenancy"":""Shared""}",urn:focus-sample:aws:eu-west-1:200000000012:compute-fleet:fleet77c9d2b4bd0ef2bacee8b148,fleet77c9d2b4bd0ef2bacee8b148,Compute Fleet,eu-west-1,EU (Ireland),eu-west-1a,arn:aws:savingsplans:eu-west-1::savingsplan/cf9924d3e463c440,ComputeSavingsPlan-1yr-NoUpfront,Spend,Savings Plan,Used,32.016,USD,,,"{""Environment"":""prod"",""CostCenter"":""cc-2087"",""Owner"":""team-data"",""SyntheticFleetSize"":""500""}"
AWS,AWS,AWS,INV-2026-05-0002,100000000002,ExampleCorp Secondary Payer,Payer Account,200000000012,staging-platform,Linked Account,2026-05-01T00:00:00Z,2026-06-01T00:00:00Z,2026-05-05T18:00:00Z,2026-05-05T19:00:00Z,Purchase,,"Savings Plan commitment, amortised for the charge period",Recurring,32.016,0,32.016,32.016,1,1,Standard,32.016,USD,USD,1.0000000000,0,1.0000000000,USD,,,AmazonEC2,Compute,Virtual Machines,SKU-53792a378695e386e0280d5c,Commitment,SPRICE-56a7b3778b922200186036dc,"{""x_PurchaseTerm"":""1yr"",""x_PaymentOption"":""NoUpfront""}",arn:aws:savingsplans:eu-west-1::savingsplan/cf9924d3e463c440,savingsplan-97be21879383,Savings Plan,eu-west-1,EU (Ireland),,arn:aws:savingsplans:eu-west-1::savingsplan/cf9924d3e463c440,ComputeSavingsPlan-1yr-NoUpfront,Spend,Savings Plan,,32.016,USD,,,"{""Environment"":""staging"",""CostCenter"":""cc-1042"",""Owner"":""team-data""}"
AWS,AWS,AWS,INV-2026-05-0002,100000000002,ExampleCorp Secondary Payer,Payer Account,200000000012,staging-platform,Linked Account,2026-05-01T00:00:00Z,2026-06-01T00:00:00Z,2026-05-05T18:00:00Z,2026-05-05T19:00:00Z,Usage,,AmazonEC2 committed usage of 500 machine-equivalents,Usage-Based,0,32.016,48,43.2,0.0960000000,0.0864000000,Committed,500,Hours,USD,0.0864000000,32.016,0.0960000000,USD,500,Hours,AmazonEC2,Compute,Virtual Machines,SKU-ca9c2ba97f0b30fb137ef130,Compute,SPRICE-d7f4030fc2a8b65799f6b437,"{""InstanceType"":""m6i.large"",""InstanceSeries"":""M6i"",""CoreCount"":2,""MemorySize"":8,""OperatingSystem"":""Linux"",""x_Tenancy"":""Shared""}",urn:focus-sample:aws:eu-west-1:200000000012:compute-fleet:fleet77c9d2b4bd0ef2bacee8b148,fleet77c9d2b4bd0ef2bacee8b148,Compute Fleet,eu-west-1,EU (Ireland),eu-west-1a,arn:aws:savingsplans:eu-west-1::savingsplan/cf9924d3e463c440,ComputeSavingsPlan-1yr-NoUpfront,Spend,Savings Plan,Used,32.016,USD,,,"{""Environment"":""dev"",""CostCenter"":""cc-2087"",""Owner"":""team-platform"",""SyntheticFleetSize"":""500""}"
AWS,AWS,AWS,INV-2026-05-0002,100000000002,ExampleCorp Secondary Payer,Payer Account,200000000012,staging-platform,Linked Account,2026-05-01T00:00:00Z,2026-06-01T00:00:00Z,2026-05-05T19:00:00Z,2026-05-05T20:00:00Z,Purchase,,"Savings Plan commitment, amortised for the charge period",Recurring,32.016,0,32.016,32.016,1,1,Standard,32.016,USD,USD,1.0000000000,0,1.0000000000,USD,,,AmazonEC2,Compute,Virtual Machines,SKU-53792a378695e386e0280d5c,Commitment,SPRICE-56a7b3778b922200186036dc,"{""x_PurchaseTerm"":""1yr"",""x_PaymentOption"":""NoUpfront""}",arn:aws:savingsplans:eu-west-1::savingsplan/cf9924d3e463c440,savingsplan-97be21879383,Savings Plan,eu-west-1,EU (Ireland),,arn:aws:savingsplans:eu-west-1::savingsplan/cf9924d3e463c440,ComputeSavingsPlan-1yr-NoUpfront,Spend,Savings Plan,,32.016,USD,,,"{""Environment"":""staging"",""CostCenter"":""cc-2087"",""Owner"":""team-payments""}"
AWS,AWS,AWS,INV-2026-05-0002,100000000002,ExampleCorp Secondary Payer,Payer Account,200000000012,staging-platform,Linked Account,2026-05-01T00:00:00Z,2026-06-01T00:00:00Z,2026-05-05T19:00:00Z,2026-05-05T20:00:00Z,Usage,,Savings Plan unused commitment,Usage-Based,0,32.016,32.016,32.016,1,1,Committed,32.016,USD,USD,1.0000000000,32.016,1.0000000000,USD,,,AmazonEC2,Compute,Virtual Machines,SKU-53792a378695e386e0280d5c,Commitment,SPRICE-56a7b3778b922200186036dc,"{""x_PurchaseTerm"":""1yr"",""x_PaymentOption"":""NoUpfront""}",arn:aws:savingsplans:eu-west-1::savingsplan/cf9924d3e463c440,savingsplan-97be21879383,Savings Plan,eu-west-1,EU (Ireland),,arn:aws:savingsplans:eu-west-1::savingsplan/cf9924d3e463c440,ComputeSavingsPlan-1yr-NoUpfront,Spend,Savings Plan,Unused,32.016,USD,,,"{""Environment"":""prod"",""CostCenter"":""cc-1042"",""Owner"":""team-platform""}"
AWS,AWS,AWS,INV-2026-05-0001,100000000001,ExampleCorp Master Payer,Payer Account,200000000012,staging-platform,Linked Account,2026-05-01T00:00:00Z,2026-06-01T00:00:00Z,2026-05-01T00:00:00Z,2026-06-01T00:00:00Z,Usage,,S3 Standard storage,Usage-Based,20.21634036,20.21634036,22.4626004,20.21634036,0.0230000000,0.0207000000,Standard,976.6348,GB-Months,USD,0.0207000000,20.21634036,0.0230000000,USD,976.6348,GB-Months,AmazonS3,Storage,Object Storage,SKU-36fb3a972f2cdabe2e87e8f5,Storage,SPRICE-2e0d1e6fc7695c1a2fe50a1a,"{""StorageClass"":""Standard"",""Redundancy"":""Zonal""}",arn:aws:s3:us-west-2:200000000012:bucket/bucket-5e7d2908249c,bucket-5e7d2908249c,S3 Bucket,us-west-2,US West (Oregon),,,,,,,,,,,"{""Environment"":""dev"",""CostCenter"":""cc-3110"",""Owner"":""team-data""}"
AWS,AWS,AWS,INV-2026-05-0002,100000000002,ExampleCorp Secondary Payer,Payer Account,200000000012,staging-platform,Linked Account,2026-05-01T00:00:00Z,2026-06-01T00:00:00Z,2026-05-06T07:00:00Z,2026-05-06T08:00:00Z,Usage,,Linux on-demand m6i.large,Usage-Based,0.0864,0.0864,0.096,0.0864,0.0960000000,0.0864000000,Standard,1.0000,Hours,USD,0.0864000000,0.0864,0.0960000000,USD,1.0000,Hours,AmazonEC2,Compute,Virtual Machines,SKU-e0e295f006e6a0732dd5f77b,Compute,SPRICE-98f5ebeb1125d6e984c27bb1,"{""InstanceType"":""m6i.large"",""InstanceSeries"":""M6i"",""CoreCount"":2,""MemorySize"":8,""OperatingSystem"":""Linux"",""x_Tenancy"":""Shared""}",arn:aws:ec2:us-west-2:200000000012:instance/i-61b576580019,i-61b576580019,EC2 Instance,us-west-2,US West (Oregon),us-west-2b,,,,,,,,,,"{""Environment"":""staging"",""CostCenter"":""cc-2087"",""Owner"":""team-data""}"
AWS,AWS,AWS,INV-2026-05-0002,100000000002,ExampleCorp Secondary Payer,Payer Account,200000000014,sandbox-dev,Linked Account,2026-05-01T00:00:00Z,2026-06-01T00:00:00Z,2026-05-06T08:00:00Z,2026-05-06T09:00:00Z,Usage,,Linux on-demand m6i.large,Usage-Based,0.0864,0.0864,0.096,0.0864,0.0960000000,0.0864000000,Standard,1.0000,Hours,USD,0.0864000000,0.0864,0.0960000000,USD,1.0000,Hours,AmazonEC2,Compute,Virtual Machines,SKU-736a4dd80178572d8370293d,Compute,SPRICE-c862323f09b487c42efb1c6b,"{""InstanceType"":""m6i.large"",""InstanceSeries"":""M6i"",""CoreCount"":2,""MemorySize"":8,""OperatingSystem"":""Linux"",""x_Tenancy"":""Shared""}",arn:aws:ec2:us-east-1:200000000014:instance/i-aaf208b8ab3d,i-aaf208b8ab3d,EC2 Instance,us-east-1,US East (N. Virginia),us-east-1c,,,,,,,,,,"{""Environment"":""staging"",""CostCenter"":""cc-2087"",""Owner"":""team-payments""}"
AWS,AWS,AWS,INV-2026-05-0002,100000000002,ExampleCorp Secondary Payer,Payer Account,200000000014,sandbox-dev,Linked Account,2026-05-01T00:00:00Z,2026-06-01T00:00:00Z,2026-05-06T09:00:00Z,2026-05-06T10:00:00Z,Usage,,RDS PostgreSQL db.r6g.large,Usage-Based,0.216,0.216,0.24,0.216,0.2400000000,0.2160000000,Standard,1.0000,Hours,USD,0.2160000000,0.216,0.2400000000,USD,1.0000,Hours,AmazonRDS,Databases,Relational Databases,SKU-89bc59af83de149a442b21d0,Database,SPRICE-887d5388c52a801df4d42ba1,"{""InstanceType"":""db.r6g.large"",""InstanceSeries"":""R6g"",""CoreCount"":2,""MemorySize"":16,""x_Engine"":""PostgreSQL""}",arn:aws:rds:us-east-1:200000000014:db/db-4ccaf993ebdc,db-4ccaf993ebdc,RDS Instance,us-east-1,US East (N. Virginia),,,,,,,,,,,"{""Environment"":""prod"",""CostCenter"":""cc-1042"",""Owner"":""team-payments""}"
AWS,AWS,AWS,INV-2026-05-0001,100000000001,ExampleCorp Master Payer,Payer Account,200000000014,sandbox-dev,Linked Account,2026-05-01T00:00:00Z,2026-06-01T00:00:00Z,2026-05-01T00:00:00Z,2026-06-01T00:00:00Z,Usage,,S3 Standard storage,Usage-Based,47.98869615,47.98869615,53.3207735,47.98869615,0.0230000000,0.0207000000,Standard,2318.2945,GB-Months,USD,0.0207000000,47.98869615,0.0230000000,USD,2318.2945,GB-Months,AmazonS3,Storage,Object Storage,SKU-36fb3a972f2cdabe2e87e8f5,Storage,SPRICE-2e0d1e6fc7695c1a2fe50a1a,"{""StorageClass"":""Standard"",""Redundancy"":""Zonal""}",arn:aws:s3:us-west-2:200000000014:bucket/bucket-9774f2a6ab7f,bucket-9774f2a6ab7f,S3 Bucket,us-west-2,US West (Oregon),,,,,,,,,,,"{""Environment"":""dev"",""CostCenter"":""cc-2087"",""Owner"":""team-payments""}"
AWS,AWS,AWS,INV-2026-05-0002,100000000002,ExampleCorp Secondary Payer,Payer Account,200000000012,staging-platform,Linked Account,2026-05-01T00:00:00Z,2026-06-01T00:00:00Z,2026-05-20T00:00:00Z,2026-05-21T00:00:00Z,Usage,,Glue ETL job run,Usage-Based,14.4304776,14.4304776,16.033864,14.4304776,0.4400000000,0.3960000000,Standard,36.4406,DPU-Hours,USD,0.3960000000,14.4304776,0.4400000000,USD,36.4406,DPU-Hours,AWSGlue,Analytics,Data Processing,SKU-118148093a04e718819dbb3f,Data Processing,SPRICE-f140a6944df35cbb51f25679,"{""x_WorkerType"":""G.1X""}",arn:aws:glue:us-west-2:200000000012:job/job-c7a9e20c49d4,job-c7a9e20c49d4,Glue Job,us-west-2,US West (Oregon),,,,,,,,,,,"{""Environment"":""prod"",""CostCenter"":""cc-3110"",""Owner"":""team-platform""}"
AWS,AWS,AWS,INV-2026-05-0002,100000000002,ExampleCorp Secondary Payer,Payer Account,200000000012,staging-platform,Linked Account,2026-05-01T00:00:00Z,2026-06-01T00:00:00Z,2026-05-01T00:00:00Z,2026-06-01T00:00:00Z,Usage,,S3 Standard storage,Usage-Based,121.03669638,121.03669638,134.4852182,121.03669638,0.0230000000,0.0207000000,Standard,5847.1834,GB-Months,USD,0.0207000000,121.03669638,0.0230000000,USD,5847.1834,GB-Months,AmazonS3,Storage,Object Storage,SKU-e7cfcc3199bb16b2dd7b1493,Storage,SPRICE-5d75931c911c493aa2aa3d41,"{""StorageClass"":""Standard"",""Redundancy"":""Zonal""}",arn:aws:s3:ap-southeast-1:200000000012:bucket/bucket-3630e658dde9,bucket-3630e658dde9,S3 Bucket,ap-southeast-1,Asia Pacific (Singapore),,,,,,,,,,,"{""Environment"":""staging"",""CostCenter"":""cc-1042"",""Owner"":""team-data""}"
AWS,AWS,AWS,INV-2026-05-0001,100000000001,ExampleCorp Master Payer,Payer Account,200000000013,data-analytics,Linked Account,2026-05-01T00:00:00Z,2026-06-01T00:00:00Z,2026-05-22T00:00:00Z,2026-05-23T00:00:00Z,Usage,,NAT gateway data processed,Usage-Based,19.0700973,19.0700973,21.188997,19.0700973,0.0450000000,0.0405000000,Standard,470.8666,GB,EUR,0.0372600000,17.544489516,0.0414000000,USD,470.8666,GB,AmazonVPC,Networking,Network Connectivity,SKU-38ae1a660e2cadb9d64ca8e5,Data Transfer,SPRICE-2b6053b6df3a76d4ab445b27,"{""x_TransferType"":""InterAZ""}",arn:aws:ec2:us-west-2:200000000013:natgateway/nat-e8c1a331033e,nat-e8c1a331033e,NAT Gateway,us-west-2,US West (Oregon),,,,,,,,,,,"{""Environment"":""prod"",""CostCenter"":""cc-2087"",""Owner"":""team-data""}"
AWS,AWS,AWS,INV-2026-05-0002,100000000002,ExampleCorp Secondary Payer,Payer Account,200000000013,data-analytics,Linked Account,2026-05-01T00:00:00Z,2026-06-01T00:00:00Z,2026-05-06T14:00:00Z,2026-05-06T15:00:00Z,Usage,,RDS PostgreSQL db.r6g.large,Usage-Based,0.216,0.216,0.24,0.216,0.2400000000,0.2160000000,Standard,1.0000,Hours,USD,0.2160000000,0.216,0.2400000000,USD,1.0000,Hours,AmazonRDS,Databases,Relational Databases,SKU-7a3ac49181ed25cc4a81dc35,Database,SPRICE-7a34752a4c02e0761e1464be,"{""InstanceType"":""db.r6g.large"",""InstanceSeries"":""R6g"",""CoreCount"":2,""MemorySize"":16,""x_Engine"":""PostgreSQL""}",arn:aws:rds:eu-west-1:200000000013:db/db-85433c56eac3,db-85433c56eac3,RDS Instance,eu-west-1,EU (Ireland),,,,,,,,,,,"{""Environment"":""prod"",""CostCenter"":""cc-3110"",""Owner"":""team-platform""}"
AWS,AWS,AWS,INV-2026-05-0002,100000000002,ExampleCorp Secondary Payer,Payer Account,200000000013,data-analytics,Linked Account,2026-05-01T00:00:00Z,2026-06-01T00:00:00Z,2026-05-24T00:00:00Z,2026-05-25T00:00:00Z,Usage,,NAT gateway data processed,Usage-Based,5.96107755,5.96107755,6.6234195,5.96107755,0.0450000000,0.0405000000,Standard,147.1871,GB,USD,0.0405000000,5.96107755,0.0450000000,USD,147.1871,GB,AmazonVPC,Networking,Network Connectivity,SKU-3d9b08c72ec44814e0bd4e25,Data Transfer,SPRICE-5df2ff31768360bf23008ec4,"{""x_TransferType"":""InterAZ""}",arn:aws:ec2:eu-west-1:200000000013:natgateway/nat-b799b4c49060,nat-b799b4c49060,NAT Gateway,eu-west-1,EU (Ireland),,,,,,,,,,,"{""Environment"":""staging"",""CostCenter"":""cc-3110"",""Owner"":""team-platform""}"
AWS,AWS,AWS,INV-2026-05-0001,100000000001,ExampleCorp Master Payer,Payer Account,200000000012,staging-platform,Linked Account,2026-05-01T00:00:00Z,2026-06-01T00:00:00Z,2026-05-25T00:00:00Z,2026-05-26T00:00:00Z,Usage,,Glue ETL job run,Usage-Based,65.9802924,65.9802924,73.311436,65.9802924,0.4400000000,0.3960000000,Standard,166.6169,DPU-Hours,USD,0.3960000000,65.9802924,0.4400000000,USD,166.6169,DPU-Hours,AWSGlue,Analytics,Data Processing,SKU-d1426392ab27c72810db5ee9,Data Processing,SPRICE-2caf36fd8fbe6a68e682b866,"{""x_WorkerType"":""G.1X""}",arn:aws:glue:ap-southeast-1:200000000012:job/job-0fbf53586c8c,job-0fbf53586c8c,Glue Job,ap-southeast-1,Asia Pacific (Singapore),,,,,,,,,,,"{""Environment"":""dev"",""CostCenter"":""cc-1042"",""Owner"":""team-data""}"
AWS,AWS,AWS,INV-2026-05-0002,100000000002,ExampleCorp Secondary Payer,Payer Account,200000000013,data-analytics,Linked Account,2026-05-01T00:00:00Z,2026-06-01T00:00:00Z,2026-05-01T00:00:00Z,2026-06-01T00:00:00Z,Usage,,S3 Standard storage,Usage-Based,70.19667873,70.19667873,77.9963097,70.19667873,0.0230000000,0.0207000000,Standard,3391.1439,GB-Months,USD,0.0207000000,70.19667873,0.0230000000,USD,3391.1439,GB-Months,AmazonS3,Storage,Object Storage,SKU-6042c508b21761919a0ed516,Storage,SPRICE-d35afe08308f10d3695aa71d,"{""StorageClass"":""Standard"",""Redundancy"":""Zonal""}",arn:aws:s3:eu-west-1:200000000013:bucket/bucket-e9e17232c6f2,bucket-e9e17232c6f2,S3 Bucket,eu-west-1,EU (Ireland),,,,,,,,,,,"{""Environment"":""prod"",""CostCenter"":""cc-1042"",""Owner"":""team-platform""}"
AWS,AWS,AWS,INV-2026-05-0001,100000000001,ExampleCorp Master Payer,Payer Account,200000000011,prod-platform,Linked Account,2026-05-01T00:00:00Z,2026-06-01T00:00:00Z,2026-05-07T00:00:00Z,2026-05-08T00:00:00Z,Tax,,Synthetic tax 10% on usage record 231: AWSGlue,One-Time,7.53826392,7.53826392,8.3758488,7.53826392,,,,,,EUR,,6.9352028064,,USD,,,AWSGlue,Analytics,Data Processing,,,,,,,,,,,,,,,,,,,,"{""Environment"":""prod"",""CostCenter"":""cc-3110"",""Owner"":""team-data""}"
AWS,AWS,AWS,INV-2026-05-0001,100000000001,ExampleCorp Master Payer,Payer Account,200000000011,prod-platform,Linked Account,2026-05-01T00:00:00Z,2026-06-01T00:00:00Z,2026-05-28T00:00:00Z,2026-05-29T00:00:00Z,Usage,,Glue ETL job run,Usage-Based,74.2690872,74.2690872,82.521208,74.2690872,0.4400000000,0.3960000000,Standard,187.5482,DPU-Hours,USD,0.3960000000,74.2690872,0.4400000000,USD,187.5482,DPU-Hours,AWSGlue,Analytics,Data Processing,SKU-8cd75c3064ca6c4c85c43ce6,Data Processing,SPRICE-31964d215aa8bccf440b844b,"{""x_WorkerType"":""G.1X""}",arn:aws:glue:eu-west-1:200000000011:job/job-8df348c446ba,job-8df348c446ba,Glue Job,eu-west-1,EU (Ireland),,,,,,,,,,,"{""Environment"":""prod"",""CostCenter"":""cc-1042"",""Owner"":""team-data""}"
AWS,AWS,AWS,INV-2026-05-0001,100000000001,ExampleCorp Master Payer,Payer Account,200000000013,data-analytics,Linked Account,2026-05-01T00:00:00Z,2026-06-01T00:00:00Z,2026-05-06T20:00:00Z,2026-05-06T21:00:00Z,Purchase,,"Savings Plan commitment, amortised for the charge period",Recurring,32.016,0,32.016,32.016,1,1,Standard,32.016,USD,USD,1.0000000000,0,1.0000000000,USD,,,AmazonEC2,Compute,Virtual Machines,SKU-5eb1e2ab28142b5f4f0ae8ff,Commitment,SPRICE-a77a79a05a2a7b1bbba559dc,"{""x_PurchaseTerm"":""1yr"",""x_PaymentOption"":""NoUpfront""}",arn:aws:savingsplans:us-west-2::savingsplan/52ecf009e68f7b10,savingsplan-d77964521388,Savings Plan,us-west-2,US West (Oregon),,arn:aws:savingsplans:us-west-2::savingsplan/52ecf009e68f7b10,ComputeSavingsPlan-1yr-NoUpfront,Spend,Savings Plan,,32.016,USD,,,"{""Environment"":""prod"",""CostCenter"":""cc-2087"",""Owner"":""team-platform""}"
AWS,AWS,AWS,INV-2026-05-0001,100000000001,ExampleCorp Master Payer,Payer Account,200000000013,data-analytics,Linked Account,2026-05-01T00:00:00Z,2026-06-01T00:00:00Z,2026-05-06T20:00:00Z,2026-05-06T21:00:00Z,Usage,,AmazonEC2 committed usage of 500 machine-equivalents,Usage-Based,0,32.016,48,43.2,0.0960000000,0.0864000000,Committed,500,Hours,USD,0.0864000000,32.016,0.0960000000,USD,500,Hours,AmazonEC2,Compute,Virtual Machines,SKU-e0e295f006e6a0732dd5f77b,Compute,SPRICE-98f5ebeb1125d6e984c27bb1,"{""InstanceType"":""m6i.large"",""InstanceSeries"":""M6i"",""CoreCount"":2,""MemorySize"":8,""OperatingSystem"":""Linux"",""x_Tenancy"":""Shared""}",urn:focus-sample:aws:us-west-2:200000000013:compute-fleet:fleet0999593067cc455f4aa4511e,fleet0999593067cc455f4aa4511e,Compute Fleet,us-west-2,US West (Oregon),us-west-2b,arn:aws:savingsplans:us-west-2::savingsplan/52ecf009e68f7b10,ComputeSavingsPlan-1yr-NoUpfront,Spend,Savings Plan,Used,32.016,USD,,,"{""Environment"":""staging"",""CostCenter"":""cc-3110"",""Owner"":""team-payments"",""SyntheticFleetSize"":""500""}"
AWS,AWS,AWS,INV-2026-05-0001,100000000001,ExampleCorp Master Payer,Payer Account,200000000013,data-analytics,Linked Account,2026-05-01T00:00:00Z,2026-06-01T00:00:00Z,2026-05-06T21:00:00Z,2026-05-06T22:00:00Z,Purchase,,"Savings Plan commitment, amortised for the charge period",Recurring,32.016,0,32.016,32.016,1,1,Standard,32.016,USD,USD,1.0000000000,0,1.0000000000,USD,,,AmazonEC2,Compute,Virtual Machines,SKU-5eb1e2ab28142b5f4f0ae8ff,Commitment,SPRICE-a77a79a05a2a7b1bbba559dc,"{""x_PurchaseTerm"":""1yr"",""x_PaymentOption"":""NoUpfront""}",arn:aws:savingsplans:us-west-2::savingsplan/52ecf009e68f7b10,savingsplan-d77964521388,Savings Plan,us-west-2,US West (Oregon),,arn:aws:savingsplans:us-west-2::savingsplan/52ecf009e68f7b10,ComputeSavingsPlan-1yr-NoUpfront,Spend,Savings Plan,,32.016,USD,,,"{""Environment"":""dev"",""CostCenter"":""cc-1042"",""Owner"":""team-data""}"
AWS,AWS,AWS,INV-2026-05-0001,100000000001,ExampleCorp Master Payer,Payer Account,200000000013,data-analytics,Linked Account,2026-05-01T00:00:00Z,2026-06-01T00:00:00Z,2026-05-06T21:00:00Z,2026-05-06T22:00:00Z,Usage,,AmazonEC2 committed usage of 500 machine-equivalents,Usage-Based,0,32.016,48,43.2,0.0960000000,0.0864000000,Committed,500,Hours,USD,0.0864000000,32.016,0.0960000000,USD,500,Hours,AmazonEC2,Compute,Virtual Machines,SKU-e0e295f006e6a0732dd5f77b,Compute,SPRICE-98f5ebeb1125d6e984c27bb1,"{""InstanceType"":""m6i.large"",""InstanceSeries"":""M6i"",""CoreCount"":2,""MemorySize"":8,""OperatingSystem"":""Linux"",""x_Tenancy"":""Shared""}",urn:focus-sample:aws:us-west-2:200000000013:compute-fleet:fleet0999593067cc455f4aa4511e,fleet0999593067cc455f4aa4511e,Compute Fleet,us-west-2,US West (Oregon),us-west-2b,arn:aws:savingsplans:us-west-2::savingsplan/52ecf009e68f7b10,ComputeSavingsPlan-1yr-NoUpfront,Spend,Savings Plan,Used,32.016,USD,,,"{""Environment"":""staging"",""CostCenter"":""cc-3110"",""Owner"":""team-platform"",""SyntheticFleetSize"":""500""}"
AWS,AWS,AWS,INV-2026-05-0001,100000000001,ExampleCorp Master Payer,Payer Account,200000000013,data-analytics,Linked Account,2026-05-01T00:00:00Z,2026-06-01T00:00:00Z,2026-05-06T22:00:00Z,2026-05-06T23:00:00Z,Purchase,,"Savings Plan commitment, amortised for the charge period",Recurring,32.016,0,32.016,32.016,1,1,Standard,32.016,USD,USD,1.0000000000,0,1.0000000000,USD,,,AmazonEC2,Compute,Virtual Machines,SKU-5eb1e2ab28142b5f4f0ae8ff,Commitment,SPRICE-a77a79a05a2a7b1bbba559dc,"{""x_PurchaseTerm"":""1yr"",""x_PaymentOption"":""NoUpfront""}",arn:aws:savingsplans:us-west-2::savingsplan/52ecf009e68f7b10,savingsplan-d77964521388,Savings Plan,us-west-2,US West (Oregon),,arn:aws:savingsplans:us-west-2::savingsplan/52ecf009e68f7b10,ComputeSavingsPlan-1yr-NoUpfront,Spend,Savings Plan,,32.016,USD,,,"{""Environment"":""staging"",""CostCenter"":""cc-2087"",""Owner"":""team-payments""}"
AWS,AWS,AWS,INV-2026-05-0001,100000000001,ExampleCorp Master Payer,Payer Account,200000000013,data-analytics,Linked Account,2026-05-01T00:00:00Z,2026-06-01T00:00:00Z,2026-05-06T22:00:00Z,2026-05-06T23:00:00Z,Usage,,AmazonEC2 committed usage of 500 machine-equivalents,Usage-Based,0,32.016,48,43.2,0.0960000000,0.0864000000,Committed,500,Hours,USD,0.0864000000,32.016,0.0960000000,USD,500,Hours,AmazonEC2,Compute,Virtual Machines,SKU-e0e295f006e6a0732dd5f77b,Compute,SPRICE-98f5ebeb1125d6e984c27bb1,"{""InstanceType"":""m6i.large"",""InstanceSeries"":""M6i"",""CoreCount"":2,""MemorySize"":8,""OperatingSystem"":""Linux"",""x_Tenancy"":""Shared""}",urn:focus-sample:aws:us-west-2:200000000013:compute-fleet:fleet0999593067cc455f4aa4511e,fleet0999593067cc455f4aa4511e,Compute Fleet,us-west-2,US West (Oregon),us-west-2b,arn:aws:savingsplans:us-west-2::savingsplan/52ecf009e68f7b10,ComputeSavingsPlan-1yr-NoUpfront,Spend,Savings Plan,Used,32.016,USD,,,"{""Environment"":""prod"",""CostCenter"":""cc-1042"",""Owner"":""team-data"",""SyntheticFleetSize"":""500""}"
AWS,AWS,AWS,INV-2026-05-0001,100000000001,ExampleCorp Master Payer,Payer Account,200000000013,data-analytics,Linked Account,2026-05-01T00:00:00Z,2026-06-01T00:00:00Z,2026-05-06T23:00:00Z,2026-05-07T00:00:00Z,Purchase,,"Savings Plan commitment, amortised for the charge period",Recurring,32.016,0,32.016,32.016,1,1,Standard,32.016,USD,USD,1.0000000000,0,1.0000000000,USD,,,AmazonEC2,Compute,Virtual Machines,SKU-5eb1e2ab28142b5f4f0ae8ff,Commitment,SPRICE-a77a79a05a2a7b1bbba559dc,"{""x_PurchaseTerm"":""1yr"",""x_PaymentOption"":""NoUpfront""}",arn:aws:savingsplans:us-west-2::savingsplan/52ecf009e68f7b10,savingsplan-d77964521388,Savings Plan,us-west-2,US West (Oregon),,arn:aws:savingsplans:us-west-2::savingsplan/52ecf009e68f7b10,ComputeSavingsPlan-1yr-NoUpfront,Spend,Savings Plan,,32.016,USD,,,"{""Environment"":""prod"",""CostCenter"":""cc-2087"",""Owner"":""team-data""}"
AWS,AWS,AWS,INV-2026-05-0001,100000000001,ExampleCorp Master Payer,Payer Account,200000000013,data-analytics,Linked Account,2026-05-01T00:00:00Z,2026-06-01T00:00:00Z,2026-05-06T23:00:00Z,2026-05-07T00:00:00Z,Usage,,AmazonEC2 committed usage of 500 machine-equivalents,Usage-Based,0,32.016,48,43.2,0.0960000000,0.0864000000,Committed,500,Hours,USD,0.0864000000,32.016,0.0960000000,USD,500,Hours,AmazonEC2,Compute,Virtual Machines,SKU-e0e295f006e6a0732dd5f77b,Compute,SPRICE-98f5ebeb1125d6e984c27bb1,"{""InstanceType"":""m6i.large"",""InstanceSeries"":""M6i"",""CoreCount"":2,""MemorySize"":8,""OperatingSystem"":""Linux"",""x_Tenancy"":""Shared""}",urn:focus-sample:aws:us-west-2:200000000013:compute-fleet:fleet0999593067cc455f4aa4511e,fleet0999593067cc455f4aa4511e,Compute Fleet,us-west-2,US West (Oregon),us-west-2b,arn:aws:savingsplans:us-west-2::savingsplan/52ecf009e68f7b10,ComputeSavingsPlan-1yr-NoUpfront,Spend,Savings Plan,Used,32.016,USD,,,"{""Environment"":""staging"",""CostCenter"":""cc-1042"",""Owner"":""team-payments"",""SyntheticFleetSize"":""500""}"
AWS,AWS,AWS,INV-2026-05-0001,100000000001,ExampleCorp Master Payer,Payer Account,200000000013,data-analytics,Linked Account,2026-05-01T00:00:00Z,2026-06-01T00:00:00Z,2026-05-07T00:00:00Z,2026-05-07T01:00:00Z,Purchase,,"Savings Plan commitment, amortised for the charge period",Recurring,32.016,0,32.016,32.016,1,1,Standard,32.016,USD,USD,1.0000000000,0,1.0000000000,USD,,,AmazonEC2,Compute,Virtual Machines,SKU-5eb1e2ab28142b5f4f0ae8ff,Commitment,SPRICE-a77a79a05a2a7b1bbba559dc,"{""x_PurchaseTerm"":""1yr"",""x_PaymentOption"":""NoUpfront""}",arn:aws:savingsplans:us-west-2::savingsplan/52ecf009e68f7b10,savingsplan-d77964521388,Savings Plan,us-west-2,US West (Oregon),,arn:aws:savingsplans:us-west-2::savingsplan/52ecf009e68f7b10,ComputeSavingsPlan-1yr-NoUpfront,Spend,Savings Plan,,32.016,USD,,,"{""Environment"":""staging"",""CostCenter"":""cc-2087"",""Owner"":""team-data""}"
AWS,AWS,AWS,INV-2026-05-0001,100000000001,ExampleCorp Master Payer,Payer Account,200000000013,data-analytics,Linked Account,2026-05-01T00:00:00Z,2026-06-01T00:00:00Z,2026-05-07T00:00:00Z,2026-05-07T01:00:00Z,Usage,,AmazonEC2 committed usage of 500 machine-equivalents,Usage-Based,0,32.016,48,43.2,0.0960000000,0.0864000000,Committed,500,Hours,USD,0.0864000000,32.016,0.0960000000,USD,500,Hours,AmazonEC2,Compute,Virtual Machines,SKU-e0e295f006e6a0732dd5f77b,Compute,SPRICE-98f5ebeb1125d6e984c27bb1,"{""InstanceType"":""m6i.large"",""InstanceSeries"":""M6i"",""CoreCount"":2,""MemorySize"":8,""OperatingSystem"":""Linux"",""x_Tenancy"":""Shared""}",urn:focus-sample:aws:us-west-2:200000000013:compute-fleet:fleet0999593067cc455f4aa4511e,fleet0999593067cc455f4aa4511e,Compute Fleet,us-west-2,US West (Oregon),us-west-2b,arn:aws:savingsplans:us-west-2::savingsplan/52ecf009e68f7b10,ComputeSavingsPlan-1yr-NoUpfront,Spend,Savings Plan,Used,32.016,USD,,,"{""Environment"":""dev"",""CostCenter"":""cc-2087"",""Owner"":""team-platform"",""SyntheticFleetSize"":""500""}"
AWS,AWS,AWS,INV-2026-05-0001,100000000001,ExampleCorp Master Payer,Payer Account,200000000013,data-analytics,Linked Account,2026-05-01T00:00:00Z,2026-06-01T00:00:00Z,2026-05-07T01:00:00Z,2026-05-07T02:00:00Z,Purchase,,"Savings Plan commitment, amortised for the charge period",Recurring,32.016,0,32.016,32.016,1,1,Standard,32.016,USD,USD,1.0000000000,0,1.0000000000,USD,,,AmazonEC2,Compute,Virtual Machines,SKU-5eb1e2ab28142b5f4f0ae8ff,Commitment,SPRICE-a77a79a05a2a7b1bbba559dc,"{""x_PurchaseTerm"":""1yr"",""x_PaymentOption"":""NoUpfront""}",arn:aws:savingsplans:us-west-2::savingsplan/52ecf009e68f7b10,savingsplan-d77964521388,Savings Plan,us-west-2,US West (Oregon),,arn:aws:savingsplans:us-west-2::savingsplan/52ecf009e68f7b10,ComputeSavingsPlan-1yr-NoUpfront,Spend,Savings Plan,,32.016,USD,,,"{""Environment"":""dev"",""CostCenter"":""cc-1042"",""Owner"":""team-payments""}"
AWS,AWS,AWS,INV-2026-05-0001,100000000001,ExampleCorp Master Payer,Payer Account,200000000013,data-analytics,Linked Account,2026-05-01T00:00:00Z,2026-06-01T00:00:00Z,2026-05-07T01:00:00Z,2026-05-07T02:00:00Z,Usage,,AmazonEC2 committed usage of 500 machine-equivalents,Usage-Based,0,32.016,48,43.2,0.0960000000,0.0864000000,Committed,500,Hours,USD,0.0864000000,32.016,0.0960000000,USD,500,Hours,AmazonEC2,Compute,Virtual Machines,SKU-e0e295f006e6a0732dd5f77b,Compute,SPRICE-98f5ebeb1125d6e984c27bb1,"{""InstanceType"":""m6i.large"",""InstanceSeries"":""M6i"",""CoreCount"":2,""MemorySize"":8,""OperatingSystem"":""Linux"",""x_Tenancy"":""Shared""}",urn:focus-sample:aws:us-west-2:200000000013:compute-fleet:fleet0999593067cc455f4aa4511e,fleet0999593067cc455f4aa4511e,Compute Fleet,us-west-2,US West (Oregon),us-west-2b,arn:aws:savingsplans:us-west-2::savingsplan/52ecf009e68f7b10,ComputeSavingsPlan-1yr-NoUpfront,Spend,Savings Plan,Used,32.016,USD,,,"{""Environment"":""prod"",""CostCenter"":""cc-1042"",""Owner"":""team-platform"",""SyntheticFleetSize"":""500""}"
AWS,AWS,AWS,INV-2026-05-0001,100000000001,ExampleCorp Master Payer,Payer Account,200000000013,data-analytics,Linked Account,2026-05-01T00:00:00Z,2026-06-01T00:00:00Z,2026-05-07T02:00:00Z,2026-05-07T03:00:00Z,Purchase,,"Savings Plan commitment, amortised for the charge period",Recurring,32.016,0,32.016,32.016,1,1,Standard,32.016,USD,USD,1.0000000000,0,1.0000000000,USD,,,AmazonEC2,Compute,Virtual Machines,SKU-5eb1e2ab28142b5f4f0ae8ff,Commitment,SPRICE-a77a79a05a2a7b1bbba559dc,"{""x_PurchaseTerm"":""1yr"",""x_PaymentOption"":""NoUpfront""}",arn:aws:savingsplans:us-west-2::savingsplan/52ecf009e68f7b10,savingsplan-d77964521388,Savings Plan,us-west-2,US West (Oregon),,arn:aws:savingsplans:us-west-2::savingsplan/52ecf009e68f7b10,ComputeSavingsPlan-1yr-NoUpfront,Spend,Savings Plan,,32.016,USD,,,"{""Environment"":""dev"",""CostCenter"":""cc-1042"",""Owner"":""team-payments""}"
AWS,AWS,AWS,INV-2026-05-0001,100000000001,ExampleCorp Master Payer,Payer Account,200000000013,data-analytics,Linked Account,2026-05-01T00:00:00Z,2026-06-01T00:00:00Z,2026-05-07T02:00:00Z,2026-05-07T03:00:00Z,Usage,,AmazonEC2 committed usage of 500 machine-equivalents,Usage-Based,0,32.016,48,43.2,0.0960000000,0.0864000000,Committed,500,Hours,USD,0.0864000000,32.016,0.0960000000,USD,500,Hours,AmazonEC2,Compute,Virtual Machines,SKU-e0e295f006e6a0732dd5f77b,Compute,SPRICE-98f5ebeb1125d6e984c27bb1,"{""InstanceType"":""m6i.large"",""InstanceSeries"":""M6i"",""CoreCount"":2,""MemorySize"":8,""OperatingSystem"":""Linux"",""x_Tenancy"":""Shared""}",urn:focus-sample:aws:us-west-2:200000000013:compute-fleet:fleet0999593067cc455f4aa4511e,fleet0999593067cc455f4aa4511e,Compute Fleet,us-west-2,US West (Oregon),us-west-2b,arn:aws:savingsplans:us-west-2::savingsplan/52ecf009e68f7b10,ComputeSavingsPlan-1yr-NoUpfront,Spend,Savings Plan,Used,32.016,USD,,,"{""Environment"":""staging"",""CostCenter"":""cc-2087"",""Owner"":""team-platform"",""SyntheticFleetSize"":""500""}"
AWS,AWS,AWS,INV-2026-05-0001,100000000001,ExampleCorp Master Payer,Payer Account,200000000013,data-analytics,Linked Account,2026-05-01T00:00:00Z,2026-06-01T00:00:00Z,2026-05-07T03:00:00Z,2026-05-07T04:00:00Z,Purchase,,"Savings Plan commitment, amortised for the charge period",Recurring,32.016,0,32.016,32.016,1,1,Standard,32.016,USD,USD,1.0000000000,0,1.0000000000,USD,,,AmazonEC2,Compute,Virtual Machines,SKU-5eb1e2ab28142b5f4f0ae8ff,Commitment,SPRICE-a77a79a05a2a7b1bbba559dc,"{""x_PurchaseTerm"":""1yr"",""x_PaymentOption"":""NoUpfront""}",arn:aws:savingsplans:us-west-2::savingsplan/52ecf009e68f7b10,savingsplan-d77964521388,Savings Plan,us-west-2,US West (Oregon),,arn:aws:savingsplans:us-west-2::savingsplan/52ecf009e68f7b10,ComputeSavingsPlan-1yr-NoUpfront,Spend,Savings Plan,,32.016,USD,,,"{""Environment"":""prod"",""CostCenter"":""cc-3110"",""Owner"":""team-payments""}"
AWS,AWS,AWS,INV-2026-05-0001,100000000001,ExampleCorp Master Payer,Payer Account,200000000013,data-analytics,Linked Account,2026-05-01T00:00:00Z,2026-06-01T00:00:00Z,2026-05-07T03:00:00Z,2026-05-07T04:00:00Z,Usage,,AmazonEC2 committed usage of 500 machine-equivalents,Usage-Based,0,32.016,48,43.2,0.0960000000,0.0864000000,Committed,500,Hours,USD,0.0864000000,32.016,0.0960000000,USD,500,Hours,AmazonEC2,Compute,Virtual Machines,SKU-e0e295f006e6a0732dd5f77b,Compute,SPRICE-98f5ebeb1125d6e984c27bb1,"{""InstanceType"":""m6i.large"",""InstanceSeries"":""M6i"",""CoreCount"":2,""MemorySize"":8,""OperatingSystem"":""Linux"",""x_Tenancy"":""Shared""}",urn:focus-sample:aws:us-west-2:200000000013:compute-fleet:fleet0999593067cc455f4aa4511e,fleet0999593067cc455f4aa4511e,Compute Fleet,us-west-2,US West (Oregon),us-west-2b,arn:aws:savingsplans:us-west-2::savingsplan/52ecf009e68f7b10,ComputeSavingsPlan-1yr-NoUpfront,Spend,Savings Plan,Used,32.016,USD,,,"{""Environment"":""dev"",""CostCenter"":""cc-2087"",""Owner"":""team-payments"",""SyntheticFleetSize"":""500""}"
AWS,AWS,AWS,INV-2026-05-0001,100000000001,ExampleCorp Master Payer,Payer Account,200000000013,data-analytics,Linked Account,2026-05-01T00:00:00Z,2026-06-01T00:00:00Z,2026-05-07T04:00:00Z,2026-05-07T05:00:00Z,Purchase,,"Savings Plan commitment, amortised for the charge period",Recurring,32.016,0,32.016,32.016,1,1,Standard,32.016,USD,USD,1.0000000000,0,1.0000000000,USD,,,AmazonEC2,Compute,Virtual Machines,SKU-5eb1e2ab28142b5f4f0ae8ff,Commitment,SPRICE-a77a79a05a2a7b1bbba559dc,"{""x_PurchaseTerm"":""1yr"",""x_PaymentOption"":""NoUpfront""}",arn:aws:savingsplans:us-west-2::savingsplan/52ecf009e68f7b10,savingsplan-d77964521388,Savings Plan,us-west-2,US West (Oregon),,arn:aws:savingsplans:us-west-2::savingsplan/52ecf009e68f7b10,ComputeSavingsPlan-1yr-NoUpfront,Spend,Savings Plan,,32.016,USD,,,"{""Environment"":""staging"",""CostCenter"":""cc-1042"",""Owner"":""team-platform""}"
AWS,AWS,AWS,INV-2026-05-0001,100000000001,ExampleCorp Master Payer,Payer Account,200000000013,data-analytics,Linked Account,2026-05-01T00:00:00Z,2026-06-01T00:00:00Z,2026-05-07T04:00:00Z,2026-05-07T05:00:00Z,Usage,,AmazonEC2 committed usage of 500 machine-equivalents,Usage-Based,0,32.016,48,43.2,0.0960000000,0.0864000000,Committed,500,Hours,USD,0.0864000000,32.016,0.0960000000,USD,500,Hours,AmazonEC2,Compute,Virtual Machines,SKU-e0e295f006e6a0732dd5f77b,Compute,SPRICE-98f5ebeb1125d6e984c27bb1,"{""InstanceType"":""m6i.large"",""InstanceSeries"":""M6i"",""CoreCount"":2,""MemorySize"":8,""OperatingSystem"":""Linux"",""x_Tenancy"":""Shared""}",urn:focus-sample:aws:us-west-2:200000000013:compute-fleet:fleet0999593067cc455f4aa4511e,fleet0999593067cc455f4aa4511e,Compute Fleet,us-west-2,US West (Oregon),us-west-2b,arn:aws:savingsplans:us-west-2::savingsplan/52ecf009e68f7b10,ComputeSavingsPlan-1yr-NoUpfront,Spend,Savings Plan,Used,32.016,USD,,,"{""Environment"":""prod"",""CostCenter"":""cc-3110"",""Owner"":""team-platform"",""SyntheticFleetSize"":""500""}"
AWS,AWS,AWS,INV-2026-05-0001,100000000001,ExampleCorp Master Payer,Payer Account,200000000013,data-analytics,Linked Account,2026-05-01T00:00:00Z,2026-06-01T00:00:00Z,2026-05-07T05:00:00Z,2026-05-07T06:00:00Z,Purchase,,"Savings Plan commitment, amortised for the charge period",Recurring,32.016,0,32.016,32.016,1,1,Standard,32.016,USD,USD,1.0000000000,0,1.0000000000,USD,,,AmazonEC2,Compute,Virtual Machines,SKU-5eb1e2ab28142b5f4f0ae8ff,Commitment,SPRICE-a77a79a05a2a7b1bbba559dc,"{""x_PurchaseTerm"":""1yr"",""x_PaymentOption"":""NoUpfront""}",arn:aws:savingsplans:us-west-2::savingsplan/52ecf009e68f7b10,savingsplan-d77964521388,Savings Plan,us-west-2,US West (Oregon),,arn:aws:savingsplans:us-west-2::savingsplan/52ecf009e68f7b10,ComputeSavingsPlan-1yr-NoUpfront,Spend,Savings Plan,,32.016,USD,,,"{""Environment"":""dev"",""CostCenter"":""cc-1042"",""Owner"":""team-platform""}"
AWS,AWS,AWS,INV-2026-05-0001,100000000001,ExampleCorp Master Payer,Payer Account,200000000013,data-analytics,Linked Account,2026-05-01T00:00:00Z,2026-06-01T00:00:00Z,2026-05-07T05:00:00Z,2026-05-07T06:00:00Z,Usage,,Savings Plan unused commitment,Usage-Based,0,32.016,32.016,32.016,1,1,Committed,32.016,USD,USD,1.0000000000,32.016,1.0000000000,USD,,,AmazonEC2,Compute,Virtual Machines,SKU-5eb1e2ab28142b5f4f0ae8ff,Commitment,SPRICE-a77a79a05a2a7b1bbba559dc,"{""x_PurchaseTerm"":""1yr"",""x_PaymentOption"":""NoUpfront""}",arn:aws:savingsplans:us-west-2::savingsplan/52ecf009e68f7b10,savingsplan-d77964521388,Savings Plan,us-west-2,US West (Oregon),,arn:aws:savingsplans:us-west-2::savingsplan/52ecf009e68f7b10,ComputeSavingsPlan-1yr-NoUpfront,Spend,Savings Plan,Unused,32.016,USD,,,"{""Environment"":""dev"",""CostCenter"":""cc-1042"",""Owner"":""team-platform""}"
AWS,AWS,AWS,INV-2026-05-0001,100000000001,ExampleCorp Master Payer,Payer Account,200000000014,sandbox-dev,Linked Account,2026-05-01T00:00:00Z,2026-06-01T00:00:00Z,2026-05-07T16:00:00Z,2026-05-07T17:00:00Z,Usage,,RDS PostgreSQL db.r6g.large,Usage-Based,0.216,0.216,0.24,0.216,0.2400000000,0.2160000000,Standard,1.0000,Hours,USD,0.2160000000,0.216,0.2400000000,USD,1.0000,Hours,AmazonRDS,Databases,Relational Databases,SKU-59cf7266a13e6ea4d00d0143,Database,SPRICE-bde64d57365802abbf64195d,"{""InstanceType"":""db.r6g.large"",""InstanceSeries"":""R6g"",""CoreCount"":2,""MemorySize"":16,""x_Engine"":""PostgreSQL""}",arn:aws:rds:ap-southeast-1:200000000014:db/db-d96799816acf,db-d96799816acf,RDS Instance,ap-southeast-1,Asia Pacific (Singapore),,,,,,,,,,,"{""Environment"":""staging"",""CostCenter"":""cc-3110"",""Owner"":""team-payments""}"
AWS,AWS,AWS,INV-2026-05-0002,100000000002,ExampleCorp Secondary Payer,Payer Account,200000000013,data-analytics,Linked Account,2026-05-01T00:00:00Z,2026-06-01T00:00:00Z,2026-05-22T00:00:00Z,2026-05-23T00:00:00Z,Usage,,Glue ETL job run,Usage-Based,66.9385728,66.9385728,74.376192,66.9385728,0.4400000000,0.3960000000,Standard,169.0368,DPU-Hours,USD,0.3960000000,66.9385728,0.4400000000,USD,169.0368,DPU-Hours,AWSGlue,Analytics,Data Processing,SKU-118148093a04e718819dbb3f,Data Processing,SPRICE-f140a6944df35cbb51f25679,"{""x_WorkerType"":""G.1X""}",arn:aws:glue:us-west-2:200000000013:job/job-2e5268362de0,job-2e5268362de0,Glue Job,us-west-2,US West (Oregon),,,,,,,,,,,"{""Environment"":""dev"",""CostCenter"":""cc-3110"",""Owner"":""team-data""}"
AWS,AWS,AWS,INV-2026-05-0002,100000000002,ExampleCorp Secondary Payer,Payer Account,200000000012,staging-platform,Linked Account,2026-05-01T00:00:00Z,2026-06-01T00:00:00Z,2026-05-23T00:00:00Z,2026-05-24T00:00:00Z,Usage,,DynamoDB on-demand write requests,Usage-Based,2.7485285943375,2.7485285943375,3.053920660375,2.7485285943375,0.0000012500,0.0000011250,Standard,2443136.5283,Requests,USD,0.0000011250,2.7485285943375,0.0000012500,USD,2443136.5283,Requests,AmazonDynamoDB,Databases,NoSQL Databases,SKU-ed668466fc7fc7bc80c6b1e8,Database,SPRICE-c01526413ebdb215913eebd3,"{""x_CapacityMode"":""On-Demand""}",arn:aws:dynamodb:ap-southeast-1:200000000012:table/table-a35e3f0767d1,table-a35e3f0767d1,DynamoDB Table,ap-southeast-1,Asia Pacific (Singapore),,,,,,,,,,,"{""Environment"":""prod"",""CostCenter"":""cc-1042"",""Owner"":""team-payments""}"
AWS,AWS,AWS,INV-2026-05-0001,100000000001,ExampleCorp Master Payer,Payer Account,200000000013,data-analytics,Linked Account,2026-05-01T00:00:00Z,2026-06-01T00:00:00Z,2026-05-24T00:00:00Z,2026-05-25T00:00:00Z,Purchase,,AWSLambda subscription fee,Recurring,308.8,308.8,308.8,308.8,308.8,308.8,Standard,1,Units,USD,308.8000000000,308.8,308.8000000000,USD,,,AWSLambda,Compute,Serverless Compute,SKU-490c429bd80320af986b2d39,Subscription,SPRICE-d4fc9418811957a6ed942061,"{""x_ChargeType"": ""SubscriptionFee""}",arn:aws:lambda:ap-southeast-1:200000000013:function/fn-f305579b37dc,fn-f305579b37dc,Lambda Function,ap-southeast-1,Asia Pacific (Singapore),,,,,,,,,,,"{""Environment"":""prod"",""CostCenter"":""cc-1042"",""Owner"":""team-data""}"
AWS,AWS,AWS,INV-2026-05-0002,100000000002,ExampleCorp Secondary Payer,Payer Account,200000000014,sandbox-dev,Linked Account,2026-05-01T00:00:00Z,2026-06-01T00:00:00Z,2026-05-07T20:00:00Z,2026-05-07T21:00:00Z,Usage,,Lambda function duration,Usage-Based,43.9952856855,43.9952856855,48.88374852896819,43.9952856855,0.0000166667,0.0000150000,Standard,2933019.0457,GB-Seconds,USD,0.0000150000,43.9952856855,0.0000166667,USD,2933019.0457,GB-Seconds,AWSLambda,Compute,Serverless Compute,SKU-67dc4ce0843e58b6125cbdce,Compute,SPRICE-227d5491bbfb36c4f69bea63,"{""x_Runtime"":""python3.12"",""x_Architecture"":""arm64""}",arn:aws:lambda:us-east-1:200000000014:function/fn-13d718e9c310,fn-13d718e9c310,Lambda Function,us-east-1,US East (N. Virginia),,,,,,,,,,,"{""Environment"":""prod"",""CostCenter"":""cc-3110"",""Owner"":""team-platform""}"
AWS,AWS,AWS,INV-2026-05-0001,100000000001,ExampleCorp Master Payer,Payer Account,200000000014,sandbox-dev,Linked Account,2026-05-01T00:00:00Z,2026-06-01T00:00:00Z,2026-05-26T00:00:00Z,2026-05-27T00:00:00Z,Usage,,Glue ETL job run,Usage-Based,47.1070116,47.1070116,52.341124,47.1070116,0.4400000000,0.3960000000,Standard,118.9571,DPU-Hours,USD,0.3960000000,47.1070116,0.4400000000,USD,118.9571,DPU-Hours,AWSGlue,Analytics,Data Processing,SKU-edd508eddef1abee51edfd3a,Data Processing,SPRICE-d9fcf83357f0862b561e6bf6,"{""x_WorkerType"":""G.1X""}",arn:aws:glue:us-east-1:200000000014:job/job-e135e5814ee1,job-e135e5814ee1,Glue Job,us-east-1,US East (N. Virginia),,,,,,,,,,,"{""Environment"":""prod"",""CostCenter"":""cc-2087"",""Owner"":""team-data""}"
AWS,AWS,AWS,INV-2026-05-0002,100000000002,ExampleCorp Secondary Payer,Payer Account,200000000013,data-analytics,Linked Account,2026-05-01T00:00:00Z,2026-06-01T00:00:00Z,2026-05-27T00:00:00Z,2026-05-28T00:00:00Z,Usage,,NAT gateway data processed,Usage-Based,3.774276,3.774276,4.19364,3.774276,0.0450000000,0.0405000000,Standard,93.1920,GB,EUR,0.0372600000,3.47233392,0.0414000000,USD,93.1920,GB,AmazonVPC,Networking,Network Connectivity,SKU-3d9b08c72ec44814e0bd4e25,Data Transfer,SPRICE-64b40b6b70d2bedfb1975249,"{""x_TransferType"":""InterAZ""}",arn:aws:ec2:eu-west-1:200000000013:natgateway/nat-3727f45be966,nat-3727f45be966,NAT Gateway,eu-west-1,EU (Ireland),,,,,,,,,,,"{""Environment"":""prod"",""CostCenter"":""cc-2087"",""Owner"":""team-payments""}"
AWS,AWS,AWS,INV-2026-05-0001,100000000001,ExampleCorp Master Payer,Payer Account,200000000011,prod-platform,Linked Account,2026-05-01T00:00:00Z,2026-06-01T00:00:00Z,2026-05-07T23:00:00Z,2026-05-08T00:00:00Z,Usage,,RDS PostgreSQL db.r6g.large,Usage-Based,0.216,0.216,0.24,0.216,0.2400000000,0.2160000000,Standard,1.0000,Hours,USD,0.2160000000,0.216,0.2400000000,USD,1.0000,Hours,AmazonRDS,Databases,Relational Databases,SKU-89bc59af83de149a442b21d0,Database,SPRICE-887d5388c52a801df4d42ba1,"{""InstanceType"":""db.r6g.large"",""InstanceSeries"":""R6g"",""CoreCount"":2,""MemorySize"":16,""x_Engine"":""PostgreSQL""}",arn:aws:rds:us-east-1:200000000011:db/db-eeab52b4cf2a,db-eeab52b4cf2a,RDS Instance,us-east-1,US East (N. Virginia),,,,,,,,,,,"{""Environment"":""prod"",""CostCenter"":""cc-1042"",""Owner"":""team-platform""}"
AWS,AWS,AWS,INV-2026-05-0002,100000000002,ExampleCorp Secondary Payer,Payer Account,200000000013,data-analytics,Linked Account,2026-05-01T00:00:00Z,2026-06-01T00:00:00Z,2026-05-08T00:00:00Z,2026-05-08T01:00:00Z,Usage,,RDS PostgreSQL db.r6g.large,Usage-Based,0.216,0.216,0.24,0.216,0.2400000000,0.2160000000,Standard,1.0000,Hours,USD,0.2160000000,0.216,0.2400000000,USD,1.0000,Hours,AmazonRDS,Databases,Relational Databases,SKU-59cf7266a13e6ea4d00d0143,Database,SPRICE-bde64d57365802abbf64195d,"{""InstanceType"":""db.r6g.large"",""InstanceSeries"":""R6g"",""CoreCount"":2,""MemorySize"":16,""x_Engine"":""PostgreSQL""}",arn:aws:rds:ap-southeast-1:200000000013:db/db-70dd1c46160a,db-70dd1c46160a,RDS Instance,ap-southeast-1,Asia Pacific (Singapore),,,,,,,,,,,"{""Environment"":""prod"",""CostCenter"":""cc-2087"",""Owner"":""team-data""}"
AWS,AWS,AWS,INV-2026-05-0001,100000000001,ExampleCorp Master Payer,Payer Account,200000000012,staging-platform,Linked Account,2026-05-01T00:00:00Z,2026-06-01T00:00:00Z,2026-05-08T19:00:00Z,2026-05-08T20:00:00Z,Tax,,Synthetic tax 10% on usage record 188: AWSLambda,One-Time,1.07786723625,1.07786723625,1.197632657760525,1.07786723625,,,,,,USD,,1.07786723625,,USD,,,AWSLambda,Compute,Serverless Compute,,,,,,,,,,,,,,,,,,,,"{""Environment"":""dev"",""CostCenter"":""cc-2087"",""Owner"":""team-payments""}"
AWS,AWS,AWS,INV-2026-05-0002,100000000002,ExampleCorp Secondary Payer,Payer Account,200000000012,staging-platform,Linked Account,2026-05-01T00:00:00Z,2026-06-01T00:00:00Z,2026-05-03T00:00:00Z,2026-05-04T00:00:00Z,Usage,,NAT gateway data processed,Usage-Based,16.6347189,16.6347189,18.483021,16.6347189,0.0450000000,0.0405000000,Standard,410.7338,GB,EUR,0.0372600000,15.303941388,0.0414000000,USD,410.7338,GB,AmazonVPC,Networking,Network Connectivity,SKU-38ae1a660e2cadb9d64ca8e5,Data Transfer,SPRICE-2b6053b6df3a76d4ab445b27,"{""x_TransferType"":""InterAZ""}",arn:aws:ec2:us-west-2:200000000012:natgateway/nat-d2b9ac2d7af5,nat-d2b9ac2d7af5,NAT Gateway,us-west-2,US West (Oregon),,,,,,,,,,,"{""Environment"":""dev"",""CostCenter"":""cc-3110"",""Owner"":""team-payments""}"
AWS,AWS,AWS,INV-2026-05-0001,100000000001,ExampleCorp Master Payer,Payer Account,200000000012,staging-platform,Linked Account,2026-05-01T00:00:00Z,2026-06-01T00:00:00Z,2026-05-04T00:00:00Z,2026-05-05T00:00:00Z,Usage,,Custom metrics,Usage-Based,23.751333,23.751333,26.39037,23.751333,0.3000000000,0.2700000000,Standard,87.9679,Metrics,USD,0.2700000000,23.751333,0.3000000000,USD,87.9679,Metrics,AmazonCloudWatch,Management and Governance,Observability,SKU-917addcfe26d359456f585f4,Monitoring,SPRICE-bfed9ccd55f51b42ca94dd2b,"{""x_MetricType"":""Custom""}",arn:aws:cloudwatch:eu-west-1:200000000012:metric/metric-3af8cc3f047b,metric-3af8cc3f047b,Metric,eu-west-1,EU (Ireland),,,,,,,,,,,"{""Environment"":""dev"",""CostCenter"":""cc-3110"",""Owner"":""team-payments""}"
AWS,AWS,AWS,INV-2026-05-0001,100000000001,ExampleCorp Master Payer,Payer Account,200000000013,data-analytics,Linked Account,2026-05-01T00:00:00Z,2026-06-01T00:00:00Z,2026-05-05T00:00:00Z,2026-05-06T00:00:00Z,Usage,,DynamoDB on-demand write requests,Usage-Based,0.8582290799625,0.8582290799625,0.953587866625,0.8582290799625,0.0000012500,0.0000011250,Standard,762870.2933,Requests,USD,0.0000011250,0.8582290799625,0.0000012500,USD,762870.2933,Requests,AmazonDynamoDB,Databases,NoSQL Databases,SKU-ed668466fc7fc7bc80c6b1e8,Database,SPRICE-c01526413ebdb215913eebd3,"{""x_CapacityMode"":""On-Demand""}",arn:aws:dynamodb:ap-southeast-1:200000000013:table/table-a80bd9abbebd,table-a80bd9abbebd,DynamoDB Table,ap-southeast-1,Asia Pacific (Singapore),,,,,,,,,,,"{""Environment"":""prod"",""CostCenter"":""cc-1042"",""Owner"":""team-platform""}"
AWS,AWS,AWS,INV-2026-05-0001,100000000001,ExampleCorp Master Payer,Payer Account,200000000011,prod-platform,Linked Account,2026-05-01T00:00:00Z,2026-06-01T00:00:00Z,2026-05-08T05:00:00Z,2026-05-08T06:00:00Z,Usage,,Linux on-demand m6i.large,Usage-Based,0.0864,0.0864,0.096,0.0864,0.0960000000,0.0864000000,Standard,1.0000,Hours,USD,0.0864000000,0.0864,0.0960000000,USD,1.0000,Hours,AmazonEC2,Compute,Virtual Machines,SKU-ca9c2ba97f0b30fb137ef130,Compute,SPRICE-d7f4030fc2a8b65799f6b437,"{""InstanceType"":""m6i.large"",""InstanceSeries"":""M6i"",""CoreCount"":2,""MemorySize"":8,""OperatingSystem"":""Linux"",""x_Tenancy"":""Shared""}",arn:aws:ec2:eu-west-1:200000000011:instance/i-e8e67e337d13,i-e8e67e337d13,EC2 Instance,eu-west-1,EU (Ireland),eu-west-1b,,,,,,,,,,"{""Environment"":""dev"",""CostCenter"":""cc-3110"",""Owner"":""team-payments""}"
AWS,AWS,AWS,INV-2026-05-0002,100000000002,ExampleCorp Secondary Payer,Payer Account,200000000012,staging-platform,Linked Account,2026-05-01T00:00:00Z,2026-06-01T00:00:00Z,2026-05-07T00:00:00Z,2026-05-08T00:00:00Z,Usage,,NAT gateway data processed,Usage-Based,3.8399994,3.8399994,4.266666,3.8399994,0.0450000000,0.0405000000,Standard,94.8148,GB,USD,0.0405000000,3.8399994,0.0450000000,USD,94.8148,GB,AmazonVPC,Networking,Network Connectivity,SKU-935abd9125f7268b4f0eb1ad,Data Transfer,SPRICE-130c94d71c797814c8e72b46,"{""x_TransferType"":""InterAZ""}",arn:aws:ec2:us-east-1:200000000012:natgateway/nat-e0ffaca8e153,nat-e0ffaca8e153,NAT Gateway,us-east-1,US East (N. Virginia),,,,,,,,,,,"{""Environment"":""prod"",""CostCenter"":""cc-2087"",""Owner"":""team-data""}"
AWS,AWS,AWS,INV-2026-05-0002,100000000002,ExampleCorp Secondary Payer,Payer Account,200000000011,prod-platform,Linked Account,2026-05-01T00:00:00Z,2026-06-01T00:00:00Z,2026-05-08T07:00:00Z,2026-05-08T08:00:00Z,Purchase,,"Reserved Instance commitment, amortised for the charge period",Recurring,32.016,0,32.016,32.016,0.0640320000,0.0640320000,Standard,500,Hours,USD,0.0640320000,0,0.0640320000,USD,,,AmazonEC2,Compute,Virtual Machines,SKU-ba1af7dafc2193aba45d4ae1,Commitment,SPRICE-1c6c93011ba15ebad41d70b9,"{""x_PurchaseTerm"":""1yr"",""x_PaymentOption"":""NoUpfront""}",arn:aws:ec2:us-west-2::reservation/8c679ee5cc1621b1,reservation-416e836d915f,Reserved Instance,us-west-2,US West (Oregon),,arn:aws:ec2:us-west-2::reservation/8c679ee5cc1621b1,EC2ReservedInstance-1yr-NoUpfront,Usage,Reserved Instance,,500,Hours,,,"{""Environment"":""staging"",""CostCenter"":""cc-3110"",""Owner"":""team-data""}"
AWS,AWS,AWS,INV-2026-05-0002,100000000002,ExampleCorp Secondary Payer,Payer Account,200000000011,prod-platform,Linked Account,2026-05-01T00:00:00Z,2026-06-01T00:00:00Z,2026-05-08T07:00:00Z,2026-05-08T08:00:00Z,Usage,,AmazonEC2 committed usage of 500 machine-equivalents,Usage-Based,0,32.016,48,43.2,0.0960000000,0.0864000000,Committed,500,Hours,USD,0.0864000000,32.016,0.0960000000,USD,500,Hours,AmazonEC2,Compute,Virtual Machines,SKU-e0e295f006e6a0732dd5f77b,Compute,SPRICE-98f5ebeb1125d6e984c27bb1,"{""InstanceType"":""m6i.large"",""InstanceSeries"":""M6i"",""CoreCount"":2,""MemorySize"":8,""OperatingSystem"":""Linux"",""x_Tenancy"":""Shared""}",urn:focus-sample:aws:us-west-2:200000000011:compute-fleet:fleet40ae4d3a91090c5a5e5bf6f2,fleet40ae4d3a91090c5a5e5bf6f2,Compute Fleet,us-west-2,US West (Oregon),us-west-2a,arn:aws:ec2:us-west-2::reservation/8c679ee5cc1621b1,EC2ReservedInstance-1yr-NoUpfront,Usage,Reserved Instance,Used,500,Hours,,,"{""Environment"":""dev"",""CostCenter"":""cc-3110"",""Owner"":""team-payments"",""SyntheticFleetSize"":""500""}"
AWS,AWS,AWS,INV-2026-05-0002,100000000002,ExampleCorp Secondary Payer,Payer Account,200000000011,prod-platform,Linked Account,2026-05-01T00:00:00Z,2026-06-01T00:00:00Z,2026-05-08T08:00:00Z,2026-05-08T09:00:00Z,Purchase,,"Reserved Instance commitment, amortised for the charge period",Recurring,32.016,0,32.016,32.016,0.0640320000,0.0640320000,Standard,500,Hours,USD,0.0640320000,0,0.0640320000,USD,,,AmazonEC2,Compute,Virtual Machines,SKU-ba1af7dafc2193aba45d4ae1,Commitment,SPRICE-1c6c93011ba15ebad41d70b9,"{""x_PurchaseTerm"":""1yr"",""x_PaymentOption"":""NoUpfront""}",arn:aws:ec2:us-west-2::reservation/8c679ee5cc1621b1,reservation-416e836d915f,Reserved Instance,us-west-2,US West (Oregon),,arn:aws:ec2:us-west-2::reservation/8c679ee5cc1621b1,EC2ReservedInstance-1yr-NoUpfront,Usage,Reserved Instance,,500,Hours,,,"{""Environment"":""dev"",""CostCenter"":""cc-2087"",""Owner"":""team-payments""}"
AWS,AWS,AWS,INV-2026-05-0002,100000000002,ExampleCorp Secondary Payer,Payer Account,200000000011,prod-platform,Linked Account,2026-05-01T00:00:00Z,2026-06-01T00:00:00Z,2026-05-08T08:00:00Z,2026-05-08T09:00:00Z,Usage,,AmazonEC2 committed usage of 500 machine-equivalents,Usage-Based,0,32.016,48,43.2,0.0960000000,0.0864000000,Committed,500,Hours,USD,0.0864000000,32.016,0.0960000000,USD,500,Hours,AmazonEC2,Compute,Virtual Machines,SKU-e0e295f006e6a0732dd5f77b,Compute,SPRICE-98f5ebeb1125d6e984c27bb1,"{""InstanceType"":""m6i.large"",""InstanceSeries"":""M6i"",""CoreCount"":2,""MemorySize"":8,""OperatingSystem"":""Linux"",""x_Tenancy"":""Shared""}",urn:focus-sample:aws:us-west-2:200000000011:compute-fleet:fleet40ae4d3a91090c5a5e5bf6f2,fleet40ae4d3a91090c5a5e5bf6f2,Compute Fleet,us-west-2,US West (Oregon),us-west-2a,arn:aws:ec2:us-west-2::reservation/8c679ee5cc1621b1,EC2ReservedInstance-1yr-NoUpfront,Usage,Reserved Instance,Used,500,Hours,,,"{""Environment"":""prod"",""CostCenter"":""cc-3110"",""Owner"":""team-payments"",""SyntheticFleetSize"":""500""}"
AWS,AWS,AWS,INV-2026-05-0002,100000000002,ExampleCorp Secondary Payer,Payer Account,200000000011,prod-platform,Linked Account,2026-05-01T00:00:00Z,2026-06-01T00:00:00Z,2026-05-08T09:00:00Z,2026-05-08T10:00:00Z,Purchase,,"Reserved Instance commitment, amortised for the charge period",Recurring,32.016,0,32.016,32.016,0.0640320000,0.0640320000,Standard,500,Hours,USD,0.0640320000,0,0.0640320000,USD,,,AmazonEC2,Compute,Virtual Machines,SKU-ba1af7dafc2193aba45d4ae1,Commitment,SPRICE-1c6c93011ba15ebad41d70b9,"{""x_PurchaseTerm"":""1yr"",""x_PaymentOption"":""NoUpfront""}",arn:aws:ec2:us-west-2::reservation/8c679ee5cc1621b1,reservation-416e836d915f,Reserved Instance,us-west-2,US West (Oregon),,arn:aws:ec2:us-west-2::reservation/8c679ee5cc1621b1,EC2ReservedInstance-1yr-NoUpfront,Usage,Reserved Instance,,500,Hours,,,"{""Environment"":""staging"",""CostCenter"":""cc-2087"",""Owner"":""team-data""}"
AWS,AWS,AWS,INV-2026-05-0002,100000000002,ExampleCorp Secondary Payer,Payer Account,200000000011,prod-platform,Linked Account,2026-05-01T00:00:00Z,2026-06-01T00:00:00Z,2026-05-08T09:00:00Z,2026-05-08T10:00:00Z,Usage,,AmazonEC2 committed usage of 500 machine-equivalents,Usage-Based,0,32.016,48,43.2,0.0960000000,0.0864000000,Committed,500,Hours,USD,0.0864000000,32.016,0.0960000000,USD,500,Hours,AmazonEC2,Compute,Virtual Machines,SKU-e0e295f006e6a0732dd5f77b,Compute,SPRICE-98f5ebeb1125d6e984c27bb1,"{""InstanceType"":""m6i.large"",""InstanceSeries"":""M6i"",""CoreCount"":2,""MemorySize"":8,""OperatingSystem"":""Linux"",""x_Tenancy"":""Shared""}",urn:focus-sample:aws:us-west-2:200000000011:compute-fleet:fleet40ae4d3a91090c5a5e5bf6f2,fleet40ae4d3a91090c5a5e5bf6f2,Compute Fleet,us-west-2,US West (Oregon),us-west-2a,arn:aws:ec2:us-west-2::reservation/8c679ee5cc1621b1,EC2ReservedInstance-1yr-NoUpfront,Usage,Reserved Instance,Used,500,Hours,,,"{""Environment"":""staging"",""CostCenter"":""cc-1042"",""Owner"":""team-payments"",""SyntheticFleetSize"":""500""}"
AWS,AWS,AWS,INV-2026-05-0002,100000000002,ExampleCorp Secondary Payer,Payer Account,200000000011,prod-platform,Linked Account,2026-05-01T00:00:00Z,2026-06-01T00:00:00Z,2026-05-08T10:00:00Z,2026-05-08T11:00:00Z,Purchase,,"Reserved Instance commitment, amortised for the charge period",Recurring,32.016,0,32.016,32.016,0.0640320000,0.0640320000,Standard,500,Hours,USD,0.0640320000,0,0.0640320000,USD,,,AmazonEC2,Compute,Virtual Machines,SKU-ba1af7dafc2193aba45d4ae1,Commitment,SPRICE-1c6c93011ba15ebad41d70b9,"{""x_PurchaseTerm"":""1yr"",""x_PaymentOption"":""NoUpfront""}",arn:aws:ec2:us-west-2::reservation/8c679ee5cc1621b1,reservation-416e836d915f,Reserved Instance,us-west-2,US West (Oregon),,arn:aws:ec2:us-west-2::reservation/8c679ee5cc1621b1,EC2ReservedInstance-1yr-NoUpfront,Usage,Reserved Instance,,500,Hours,,,"{""Environment"":""prod"",""CostCenter"":""cc-2087"",""Owner"":""team-data""}"
AWS,AWS,AWS,INV-2026-05-0002,100000000002,ExampleCorp Secondary Payer,Payer Account,200000000011,prod-platform,Linked Account,2026-05-01T00:00:00Z,2026-06-01T00:00:00Z,2026-05-08T10:00:00Z,2026-05-08T11:00:00Z,Usage,,AmazonEC2 committed usage of 500 machine-equivalents,Usage-Based,0,32.016,48,43.2,0.0960000000,0.0864000000,Committed,500,Hours,USD,0.0864000000,32.016,0.0960000000,USD,500,Hours,AmazonEC2,Compute,Virtual Machines,SKU-e0e295f006e6a0732dd5f77b,Compute,SPRICE-98f5ebeb1125d6e984c27bb1,"{""InstanceType"":""m6i.large"",""InstanceSeries"":""M6i"",""CoreCount"":2,""MemorySize"":8,""OperatingSystem"":""Linux"",""x_Tenancy"":""Shared""}",urn:focus-sample:aws:us-west-2:200000000011:compute-fleet:fleet40ae4d3a91090c5a5e5bf6f2,fleet40ae4d3a91090c5a5e5bf6f2,Compute Fleet,us-west-2,US West (Oregon),us-west-2a,arn:aws:ec2:us-west-2::reservation/8c679ee5cc1621b1,EC2ReservedInstance-1yr-NoUpfront,Usage,Reserved Instance,Used,500,Hours,,,"{""Environment"":""prod"",""CostCenter"":""cc-1042"",""Owner"":""team-payments"",""SyntheticFleetSize"":""500""}"
AWS,AWS,AWS,INV-2026-05-0002,100000000002,ExampleCorp Secondary Payer,Payer Account,200000000011,prod-platform,Linked Account,2026-05-01T00:00:00Z,2026-06-01T00:00:00Z,2026-05-08T11:00:00Z,2026-05-08T12:00:00Z,Purchase,,"Reserved Instance commitment, amortised for the charge period",Recurring,32.016,0,32.016,32.016,0.0640320000,0.0640320000,Standard,500,Hours,USD,0.0640320000,0,0.0640320000,USD,,,AmazonEC2,Compute,Virtual Machines,SKU-ba1af7dafc2193aba45d4ae1,Commitment,SPRICE-1c6c93011ba15ebad41d70b9,"{""x_PurchaseTerm"":""1yr"",""x_PaymentOption"":""NoUpfront""}",arn:aws:ec2:us-west-2::reservation/8c679ee5cc1621b1,reservation-416e836d915f,Reserved Instance,us-west-2,US West (Oregon),,arn:aws:ec2:us-west-2::reservation/8c679ee5cc1621b1,EC2ReservedInstance-1yr-NoUpfront,Usage,Reserved Instance,,500,Hours,,,"{""Environment"":""staging"",""CostCenter"":""cc-1042"",""Owner"":""team-platform""}"
AWS,AWS,AWS,INV-2026-05-0002,100000000002,ExampleCorp Secondary Payer,Payer Account,200000000011,prod-platform,Linked Account,2026-05-01T00:00:00Z,2026-06-01T00:00:00Z,2026-05-08T11:00:00Z,2026-05-08T12:00:00Z,Usage,,AmazonEC2 committed usage of 500 machine-equivalents,Usage-Based,0,32.016,48,43.2,0.0960000000,0.0864000000,Committed,500,Hours,USD,0.0864000000,32.016,0.0960000000,USD,500,Hours,AmazonEC2,Compute,Virtual Machines,SKU-e0e295f006e6a0732dd5f77b,Compute,SPRICE-98f5ebeb1125d6e984c27bb1,"{""InstanceType"":""m6i.large"",""InstanceSeries"":""M6i"",""CoreCount"":2,""MemorySize"":8,""OperatingSystem"":""Linux"",""x_Tenancy"":""Shared""}",urn:focus-sample:aws:us-west-2:200000000011:compute-fleet:fleet40ae4d3a91090c5a5e5bf6f2,fleet40ae4d3a91090c5a5e5bf6f2,Compute Fleet,us-west-2,US West (Oregon),us-west-2a,arn:aws:ec2:us-west-2::reservation/8c679ee5cc1621b1,EC2ReservedInstance-1yr-NoUpfront,Usage,Reserved Instance,Used,500,Hours,,,"{""Environment"":""staging"",""CostCenter"":""cc-3110"",""Owner"":""team-payments"",""SyntheticFleetSize"":""500""}"
AWS,AWS,AWS,INV-2026-05-0002,100000000002,ExampleCorp Secondary Payer,Payer Account,200000000011,prod-platform,Linked Account,2026-05-01T00:00:00Z,2026-06-01T00:00:00Z,2026-05-08T12:00:00Z,2026-05-08T13:00:00Z,Purchase,,"Reserved Instance commitment, amortised for the charge period",Recurring,32.016,0,32.016,32.016,0.0640320000,0.0640320000,Standard,500,Hours,USD,0.0640320000,0,0.0640320000,USD,,,AmazonEC2,Compute,Virtual Machines,SKU-ba1af7dafc2193aba45d4ae1,Commitment,SPRICE-1c6c93011ba15ebad41d70b9,"{""x_PurchaseTerm"":""1yr"",""x_PaymentOption"":""NoUpfront""}",arn:aws:ec2:us-west-2::reservation/8c679ee5cc1621b1,reservation-416e836d915f,Reserved Instance,us-west-2,US West (Oregon),,arn:aws:ec2:us-west-2::reservation/8c679ee5cc1621b1,EC2ReservedInstance-1yr-NoUpfront,Usage,Reserved Instance,,500,Hours,,,"{""Environment"":""prod"",""CostCenter"":""cc-1042"",""Owner"":""team-data""}"
AWS,AWS,AWS,INV-2026-05-0002,100000000002,ExampleCorp Secondary Payer,Payer Account,200000000011,prod-platform,Linked Account,2026-05-01T00:00:00Z,2026-06-01T00:00:00Z,2026-05-08T12:00:00Z,2026-05-08T13:00:00Z,Usage,,Reserved Instance unused commitment,Usage-Based,0,32.016,32.016,32.016,0.0640320000,0.0640320000,Committed,500,Hours,USD,0.0640320000,32.016,0.0640320000,USD,,,AmazonEC2,Compute,Virtual Machines,SKU-ba1af7dafc2193aba45d4ae1,Commitment,SPRICE-1c6c93011ba15ebad41d70b9,"{""x_PurchaseTerm"":""1yr"",""x_PaymentOption"":""NoUpfront""}",arn:aws:ec2:us-west-2::reservation/8c679ee5cc1621b1,reservation-416e836d915f,Reserved Instance,us-west-2,US West (Oregon),,arn:aws:ec2:us-west-2::reservation/8c679ee5cc1621b1,EC2ReservedInstance-1yr-NoUpfront,Usage,Reserved Instance,Unused,500,Hours,,,"{""Environment"":""prod"",""CostCenter"":""cc-3110"",""Owner"":""team-data""}"
AWS,AWS,AWS,INV-2026-05-0001,100000000001,ExampleCorp Master Payer,Payer Account,200000000014,sandbox-dev,Linked Account,2026-05-01T00:00:00Z,2026-06-01T00:00:00Z,2026-05-20T00:00:00Z,2026-05-21T00:00:00Z,Purchase,,AWSGlue subscription fee,Recurring,444.66,444.66,444.66,444.66,444.66,444.66,Standard,1,Units,USD,444.6600000000,444.66,444.6600000000,USD,,,AWSGlue,Analytics,Data Processing,SKU-67a20b1e9c6c8676f414f442,Subscription,SPRICE-269ca032e815bc6412571d75,"{""x_ChargeType"": ""SubscriptionFee""}",arn:aws:glue:eu-west-1:200000000014:job/job-7eeccf8bdb22,job-7eeccf8bdb22,Glue Job,eu-west-1,EU (Ireland),,,,,,,,,,,"{""Environment"":""prod"",""CostCenter"":""cc-2087"",""Owner"":""team-data""}"
AWS,AWS,AWS,INV-2026-05-0002,100000000002,ExampleCorp Secondary Payer,Payer Account,200000000013,data-analytics,Linked Account,2026-05-01T00:00:00Z,2026-06-01T00:00:00Z,2026-05-21T00:00:00Z,2026-05-22T00:00:00Z,Usage,,DynamoDB on-demand write requests,Usage-Based,3.0671966318625,3.0671966318625,3.407996257625,3.0671966318625,0.0000012500,0.0000011250,Standard,2726397.0061,Requests,USD,0.0000011250,3.0671966318625,0.0000012500,USD,2726397.0061,Requests,AmazonDynamoDB,Databases,NoSQL Databases,SKU-b60be50671e3ea779ca4990a,Database,SPRICE-01c9691ef6482a9102c7a4ff,"{""x_CapacityMode"":""On-Demand""}",arn:aws:dynamodb:us-east-1:200000000013:table/table-453b57055c1a,table-453b57055c1a,DynamoDB Table,us-east-1,US East (N. Virginia),,,,,,,,,,,"{""Environment"":""staging"",""CostCenter"":""cc-1042"",""Owner"":""team-data""}"
AWS,AWS,AWS,INV-2026-05-0001,100000000001,ExampleCorp Master Payer,Payer Account,200000000013,data-analytics,Linked Account,2026-05-01T00:00:00Z,2026-06-01T00:00:00Z,2026-05-22T00:00:00Z,2026-05-23T00:00:00Z,Usage,,DynamoDB on-demand write requests,Usage-Based,5.1893879677875,5.1893879677875,5.765986630875,5.1893879677875,0.0000012500,0.0000011250,Standard,4612789.3047,Requests,USD,0.0000011250,5.1893879677875,0.0000012500,USD,4612789.3047,Requests,AmazonDynamoDB,Databases,NoSQL Databases,SKU-fc4e454b36112dd390bf69e4,Database,SPRICE-6e7ea642b1065af97aedd9bf,"{""x_CapacityMode"":""On-Demand""}",arn:aws:dynamodb:eu-west-1:200000000013:table/table-cdd04b3eca37,table-cdd04b3eca37,DynamoDB Table,eu-west-1,EU (Ireland),,,,,,,,,,,"{""Environment"":""prod"",""CostCenter"":""cc-1042"",""Owner"":""team-data""}"
AWS,AWS,AWS,INV-2026-05-0001,100000000001,ExampleCorp Master Payer,Payer Account,200000000011,prod-platform,Linked Account,2026-05-01T00:00:00Z,2026-06-01T00:00:00Z,2026-05-23T00:00:00Z,2026-05-24T00:00:00Z,Usage,,Custom metrics,Usage-Based,16.593471,16.593471,18.43719,16.593471,0.3000000000,0.2700000000,Standard,61.4573,Metrics,USD,0.2700000000,16.593471,0.3000000000,USD,61.4573,Metrics,AmazonCloudWatch,Management and Governance,Observability,SKU-917addcfe26d359456f585f4,Monitoring,SPRICE-bfed9ccd55f51b42ca94dd2b,"{""x_MetricType"":""Custom""}",arn:aws:cloudwatch:eu-west-1:200000000011:metric/metric-9df46803ba18,metric-9df46803ba18,Metric,eu-west-1,EU (Ireland),,,,,,,,,,,"{""Environment"":""prod"",""CostCenter"":""cc-2087"",""Owner"":""team-platform""}"
AWS,AWS,AWS,INV-2026-05-0002,100000000002,ExampleCorp Secondary Payer,Payer Account,200000000012,staging-platform,Linked Account,2026-05-01T00:00:00Z,2026-06-01T00:00:00Z,2026-05-24T00:00:00Z,2026-05-25T00:00:00Z,Purchase,,AmazonDynamoDB subscription fee,Recurring,766.94,766.94,766.94,766.94,766.94,766.94,Standard,1,Units,USD,766.9400000000,766.94,766.9400000000,USD,,,AmazonDynamoDB,Databases,NoSQL Databases,SKU-125214544252bff5303e082f,Subscription,SPRICE-fc9426d640ba10313ec79963,"{""x_ChargeType"": ""SubscriptionFee""}",arn:aws:dynamodb:eu-west-1:200000000012:table/table-6686e5ae06d3,table-6686e5ae06d3,DynamoDB Table,eu-west-1,EU (Ireland),,,,,,,,,,,"{""Environment"":""prod"",""CostCenter"":""cc-1042"",""Owner"":""team-payments""}"
AWS,AWS,AWS,INV-2026-05-0001,100000000001,ExampleCorp Master Payer,Payer Account,200000000013,data-analytics,Linked Account,2026-05-01T00:00:00Z,2026-06-01T00:00:00Z,2026-05-05T00:00:00Z,2026-05-06T00:00:00Z,Tax,,Synthetic tax 10% on usage record 845: AmazonDynamoDB,One-Time,0.08582290799625,0.08582290799625,0.0953587866625,0.08582290799625,,,,,,USD,,0.08582290799625,,USD,,,AmazonDynamoDB,Databases,NoSQL Databases,,,,,,,,,,,,,,,,,,,,"{""Environment"":""prod"",""CostCenter"":""cc-1042"",""Owner"":""team-platform""}"
AWS,AWS,AWS,INV-2026-05-0002,100000000002,ExampleCorp Secondary Payer,Payer Account,200000000014,sandbox-dev,Linked Account,2026-05-01T00:00:00Z,2026-06-01T00:00:00Z,2026-05-23T00:00:00Z,2026-05-24T00:00:00Z,Tax,,Synthetic tax 10% on usage record 79: AmazonVPC,One-Time,0.40944204,0.40944204,0.4549356,0.40944204,,,,,,USD,,0.40944204,,USD,,,AmazonVPC,Networking,Network Connectivity,,,,,,,,,,,,,,,,,,,,"{""Environment"":""prod"",""CostCenter"":""cc-3110"",""Owner"":""team-platform""}"
AWS,AWS,AWS,INV-2026-05-0002,100000000002,ExampleCorp Secondary Payer,Payer Account,200000000011,prod-platform,Linked Account,2026-05-01T00:00:00Z,2026-06-01T00:00:00Z,2026-05-09T02:00:00Z,2026-05-09T03:00:00Z,Usage,,Lambda function duration,Usage-Based,36.5976837435,36.5976837435,40.66417437651943,36.5976837435,0.0000166667,0.0000150000,Standard,2439845.5829,GB-Seconds,USD,0.0000150000,36.5976837435,0.0000166667,USD,2439845.5829,GB-Seconds,AWSLambda,Compute,Serverless Compute,SKU-10b7f1c880ad0bc78efd30e2,Compute,SPRICE-a9f6b13fa92ac1d53f2f387c,"{""x_Runtime"":""python3.12"",""x_Architecture"":""arm64""}",arn:aws:lambda:ap-southeast-1:200000000011:function/fn-deac79fcf526,fn-deac79fcf526,Lambda Function,ap-southeast-1,Asia Pacific (Singapore),,,,,,,,,,,"{""Environment"":""prod"",""CostCenter"":""cc-2087"",""Owner"":""team-data""}"
AWS,AWS,AWS,INV-2026-05-0001,100000000001,ExampleCorp Master Payer,Payer Account,200000000013,data-analytics,Linked Account,2026-05-01T00:00:00Z,2026-06-01T00:00:00Z,2026-05-28T00:00:00Z,2026-05-29T00:00:00Z,Usage,,Custom metrics,Usage-Based,13.476672,13.476672,14.97408,13.476672,0.3000000000,0.2700000000,Standard,49.9136,Metrics,USD,0.2700000000,13.476672,0.3000000000,USD,49.9136,Metrics,AmazonCloudWatch,Management and Governance,Observability,SKU-7f3902e3f370805f0a245d7f,Monitoring,SPRICE-dae68554fa459d336630e8d7,"{""x_MetricType"":""Custom""}",arn:aws:cloudwatch:ap-southeast-1:200000000013:metric/metric-8bfb3d25fc31,metric-8bfb3d25fc31,Metric,ap-southeast-1,Asia Pacific (Singapore),,,,,,,,,,,"{""Environment"":""dev"",""CostCenter"":""cc-1042"",""Owner"":""team-platform""}"
AWS,AWS,AWS,INV-2026-05-0002,100000000002,ExampleCorp Secondary Payer,Payer Account,200000000011,prod-platform,Linked Account,2026-05-01T00:00:00Z,2026-06-01T00:00:00Z,2026-05-01T00:00:00Z,2026-05-02T00:00:00Z,Usage,,Glue ETL job run,Usage-Based,79.1005248,79.1005248,87.889472,79.1005248,0.4400000000,0.3960000000,Standard,199.7488,DPU-Hours,EUR,0.3643200000,72.772482816,0.4048000000,USD,199.7488,DPU-Hours,AWSGlue,Analytics,Data Processing,SKU-edd508eddef1abee51edfd3a,Data Processing,SPRICE-cba8743f603f7cbdd3f737a6,"{""x_WorkerType"":""G.1X""}",arn:aws:glue:us-east-1:200000000011:job/job-9cc9e3676103,job-9cc9e3676103,Glue Job,us-east-1,US East (N. Virginia),,,,,,,,,,,"{""Environment"":""staging"",""CostCenter"":""cc-3110"",""Owner"":""team-data""}"
AWS,AWS,AWS,INV-2026-05-0002,100000000002,ExampleCorp Secondary Payer,Payer Account,200000000012,staging-platform,Linked Account,2026-05-01T00:00:00Z,2026-06-01T00:00:00Z,2026-05-02T00:00:00Z,2026-05-03T00:00:00Z,Usage,,Glue ETL job run,Usage-Based,5.948712,5.948712,6.60968,5.948712,0.4400000000,0.3960000000,Standard,15.0220,DPU-Hours,USD,0.3960000000,5.948712,0.4400000000,USD,15.0220,DPU-Hours,AWSGlue,Analytics,Data Processing,SKU-d1426392ab27c72810db5ee9,Data Processing,SPRICE-2caf36fd8fbe6a68e682b866,"{""x_WorkerType"":""G.1X""}",arn:aws:glue:ap-southeast-1:200000000012:job/job-5e61bd23be6d,job-5e61bd23be6d,Glue Job,ap-southeast-1,Asia Pacific (Singapore),,,,,,,,,,,"{""Environment"":""prod"",""CostCenter"":""cc-2087"",""Owner"":""team-data""}"
AWS,AWS,AWS,INV-2026-05-0002,100000000002,ExampleCorp Secondary Payer,Payer Account,200000000011,prod-platform,Linked Account,2026-05-01T00:00:00Z,2026-06-01T00:00:00Z,2026-05-01T00:00:00Z,2026-06-01T00:00:00Z,Usage,,S3 Standard storage,Usage-Based,54.99703512,54.99703512,61.1078168,54.99703512,0.0230000000,0.0207000000,Standard,2656.8616,GB-Months,USD,0.0207000000,54.99703512,0.0230000000,USD,2656.8616,GB-Months,AmazonS3,Storage,Object Storage,SKU-e7cfcc3199bb16b2dd7b1493,Storage,SPRICE-5d75931c911c493aa2aa3d41,"{""StorageClass"":""Standard"",""Redundancy"":""Zonal""}",arn:aws:s3:ap-southeast-1:200000000011:bucket/bucket-92dcb1a5dddc,bucket-92dcb1a5dddc,S3 Bucket,ap-southeast-1,Asia Pacific (Singapore),,,,,,,,,,,"{""Environment"":""staging"",""CostCenter"":""cc-2087"",""Owner"":""team-payments""}"
AWS,AWS,AWS,INV-2026-05-0002,100000000002,ExampleCorp Secondary Payer,Payer Account,200000000012,staging-platform,Linked Account,2026-05-01T00:00:00Z,2026-06-01T00:00:00Z,2026-05-04T00:00:00Z,2026-05-05T00:00:00Z,Usage,,NAT gateway data processed,Usage-Based,5.1843645,5.1843645,5.760405,5.1843645,0.0450000000,0.0405000000,Standard,128.0090,GB,USD,0.0405000000,5.1843645,0.0450000000,USD,128.0090,GB,AmazonVPC,Networking,Network Connectivity,SKU-38ae1a660e2cadb9d64ca8e5,Data Transfer,SPRICE-974405df44bbf0808ce048b9,"{""x_TransferType"":""InterAZ""}",arn:aws:ec2:us-west-2:200000000012:natgateway/nat-9f1ce29cf0fd,nat-9f1ce29cf0fd,NAT Gateway,us-west-2,US West (Oregon),,,,,,,,,,,"{""Environment"":""dev"",""CostCenter"":""cc-2087"",""Owner"":""team-data""}"
AWS,AWS,AWS,INV-2026-05-0002,100000000002,ExampleCorp Secondary Payer,Payer Account,200000000013,data-analytics,Linked Account,2026-05-01T00:00:00Z,2026-06-01T00:00:00Z,2026-05-04T16:00:00Z,2026-05-04T17:00:00Z,Tax,,Synthetic tax 10% on usage record 89: AWSLambda,One-Time,6.2600371611,6.2600371611,6.955610756860358,6.2600371611,,,,,,USD,,6.2600371611,,USD,,,AWSLambda,Compute,Serverless Compute,,,,,,,,,,,,,,,,,,,,"{""Environment"":""staging"",""CostCenter"":""cc-2087"",""Owner"":""team-platform""}"
AWS,AWS,AWS,INV-2026-05-0001,100000000001,ExampleCorp Master Payer,Payer Account,200000000014,sandbox-dev,Linked Account,2026-05-01T00:00:00Z,2026-06-01T00:00:00Z,2026-05-09T09:00:00Z,2026-05-09T10:00:00Z,Usage,,RDS PostgreSQL db.r6g.large,Usage-Based,0.216,0.216,0.24,0.216,0.2400000000,0.2160000000,Standard,1.0000,Hours,EUR,0.1987200000,0.19872,0.2208000000,USD,1.0000,Hours,AmazonRDS,Databases,Relational Databases,SKU-d70ac0acbdfcb8de90bd881a,Database,SPRICE-7d4463a779fe1b874f386cb4,"{""InstanceType"":""db.r6g.large"",""InstanceSeries"":""R6g"",""CoreCount"":2,""MemorySize"":16,""x_Engine"":""PostgreSQL""}",arn:aws:rds:us-west-2:200000000014:db/db-b906d009d3c6,db-b906d009d3c6,RDS Instance,us-west-2,US West (Oregon),,,,,,,,,,,"{""Environment"":""dev"",""CostCenter"":""cc-2087"",""Owner"":""team-platform""}"
AWS,AWS,AWS,INV-2026-05-0002,100000000002,ExampleCorp Secondary Payer,Payer Account,200000000012,staging-platform,Linked Account,2026-05-01T00:00:00Z,2026-06-01T00:00:00Z,2026-05-07T05:00:00Z,2026-05-07T06:00:00Z,Tax,,Synthetic tax 10% on usage record 150: AmazonEC2,One-Time,0.00864,0.00864,0.0096,0.00864,,,,,,USD,,0.00864,,USD,,,AmazonEC2,Compute,Virtual Machines,,,,,,,,,,,,,,,,,,,,"{""Environment"":""dev"",""CostCenter"":""cc-2087"",""Owner"":""team-platform""}"
AWS,AWS,AWS,INV-2026-05-0002,100000000002,ExampleCorp Secondary Payer,Payer Account,200000000013,data-analytics,Linked Account,2026-05-01T00:00:00Z,2026-06-01T00:00:00Z,2026-05-12T07:00:00Z,2026-05-12T08:00:00Z,Tax,,Synthetic tax 10% on usage record 272: AWSLambda,One-Time,4.8846893298,4.8846893298,5.427443443531844,4.8846893298,,,,,,EUR,,4.493914183416,,USD,,,AWSLambda,Compute,Serverless Compute,,,,,,,,,,,,,,,,,,,,"{""Environment"":""staging"",""CostCenter"":""cc-3110"",""Owner"":""team-data""}"
AWS,AWS,AWS,INV-2026-05-0002,100000000002,ExampleCorp Secondary Payer,Payer Account,200000000011,prod-platform,Linked Account,2026-05-01T00:00:00Z,2026-06-01T00:00:00Z,2026-05-01T00:00:00Z,2026-06-01T00:00:00Z,Usage,,S3 Standard storage,Usage-Based,27.7563402,27.7563402,30.840378,27.7563402,0.0230000000,0.0207000000,Standard,1340.8860,GB-Months,USD,0.0207000000,27.7563402,0.0230000000,USD,1340.8860,GB-Months,AmazonS3,Storage,Object Storage,SKU-36fb3a972f2cdabe2e87e8f5,Storage,SPRICE-2e0d1e6fc7695c1a2fe50a1a,"{""StorageClass"":""Standard"",""Redundancy"":""Zonal""}",arn:aws:s3:us-west-2:200000000011:bucket/bucket-a1f6447d6f0b,bucket-a1f6447d6f0b,S3 Bucket,us-west-2,US West (Oregon),,,,,,,,,,,"{""Environment"":""dev"",""CostCenter"":""cc-1042"",""Owner"":""team-payments""}"
AWS,AWS,AWS,INV-2026-05-0002,100000000002,ExampleCorp Secondary Payer,Payer Account,200000000013,data-analytics,Linked Account,2026-05-01T00:00:00Z,2026-06-01T00:00:00Z,2026-05-09T13:00:00Z,2026-05-09T14:00:00Z,Usage,,RDS PostgreSQL db.r6g.large,Usage-Based,0.216,0.216,0.24,0.216,0.2400000000,0.2160000000,Standard,1.0000,Hours,USD,0.2160000000,0.216,0.2400000000,USD,1.0000,Hours,AmazonRDS,Databases,Relational Databases,SKU-59cf7266a13e6ea4d00d0143,Database,SPRICE-bde64d57365802abbf64195d,"{""InstanceType"":""db.r6g.large"",""InstanceSeries"":""R6g"",""CoreCount"":2,""MemorySize"":16,""x_Engine"":""PostgreSQL""}",arn:aws:rds:ap-southeast-1:200000000013:db/db-b3663d2cf899,db-b3663d2cf899,RDS Instance,ap-southeast-1,Asia Pacific (Singapore),,,,,,,,,,,"{""Environment"":""staging"",""CostCenter"":""cc-1042"",""Owner"":""team-data""}"
AWS,AWS,AWS,INV-2026-05-0002,100000000002,ExampleCorp Secondary Payer,Payer Account,200000000014,sandbox-dev,Linked Account,2026-05-01T00:00:00Z,2026-06-01T00:00:00Z,2026-05-09T14:00:00Z,2026-05-09T15:00:00Z,Purchase,,"Reserved Instance commitment, amortised for the charge period",Recurring,32.016,0,32.016,32.016,0.0640320000,0.0640320000,Standard,500,Hours,USD,0.0640320000,0,0.0640320000,USD,,,AmazonEC2,Compute,Virtual Machines,SKU-fbac7cbf4d87825da86489ad,Commitment,SPRICE-13c906529967f9d8590ef9d7,"{""x_PurchaseTerm"":""1yr"",""x_PaymentOption"":""NoUpfront""}",arn:aws:ec2:ap-southeast-1::reservation/bc2959e81cc76302,reservation-1987519cd1c8,Reserved Instance,ap-southeast-1,Asia Pacific (Singapore),,arn:aws:ec2:ap-southeast-1::reservation/bc2959e81cc76302,EC2ReservedInstance-1yr-NoUpfront,Usage,Reserved Instance,,500,Hours,,,"{""Environment"":""staging"",""CostCenter"":""cc-3110"",""Owner"":""team-platform""}"
AWS,AWS,AWS,INV-2026-05-0002,100000000002,ExampleCorp Secondary Payer,Payer Account,200000000014,sandbox-dev,Linked Account,2026-05-01T00:00:00Z,2026-06-01T00:00:00Z,2026-05-09T14:00:00Z,2026-05-09T15:00:00Z,Usage,,AmazonEC2 committed usage of 500 machine-equivalents,Usage-Based,0,32.016,48,43.2,0.0960000000,0.0864000000,Committed,500,Hours,USD,0.0864000000,32.016,0.0960000000,USD,500,Hours,AmazonEC2,Compute,Virtual Machines,SKU-093c0d7a3a0491f8523e34c8,Compute,SPRICE-bab283475cbbabd222878e74,"{""InstanceType"":""m6i.large"",""InstanceSeries"":""M6i"",""CoreCount"":2,""MemorySize"":8,""OperatingSystem"":""Linux"",""x_Tenancy"":""Shared""}",urn:focus-sample:aws:ap-southeast-1:200000000014:compute-fleet:fleetdfeb96a2bec719bf37034a27,fleetdfeb96a2bec719bf37034a27,Compute Fleet,ap-southeast-1,Asia Pacific (Singapore),ap-southeast-1b,arn:aws:ec2:ap-southeast-1::reservation/bc2959e81cc76302,EC2ReservedInstance-1yr-NoUpfront,Usage,Reserved Instance,Used,500,Hours,,,"{""Environment"":""dev"",""CostCenter"":""cc-2087"",""Owner"":""team-payments"",""SyntheticFleetSize"":""500""}"
AWS,AWS,AWS,INV-2026-05-0002,100000000002,ExampleCorp Secondary Payer,Payer Account,200000000014,sandbox-dev,Linked Account,2026-05-01T00:00:00Z,2026-06-01T00:00:00Z,2026-05-09T15:00:00Z,2026-05-09T16:00:00Z,Purchase,,"Reserved Instance commitment, amortised for the charge period",Recurring,32.016,0,32.016,32.016,0.0640320000,0.0640320000,Standard,500,Hours,USD,0.0640320000,0,0.0640320000,USD,,,AmazonEC2,Compute,Virtual Machines,SKU-fbac7cbf4d87825da86489ad,Commitment,SPRICE-13c906529967f9d8590ef9d7,"{""x_PurchaseTerm"":""1yr"",""x_PaymentOption"":""NoUpfront""}",arn:aws:ec2:ap-southeast-1::reservation/bc2959e81cc76302,reservation-1987519cd1c8,Reserved Instance,ap-southeast-1,Asia Pacific (Singapore),,arn:aws:ec2:ap-southeast-1::reservation/bc2959e81cc76302,EC2ReservedInstance-1yr-NoUpfront,Usage,Reserved Instance,,500,Hours,,,"{""Environment"":""staging"",""CostCenter"":""cc-1042"",""Owner"":""team-platform""}"
AWS,AWS,AWS,INV-2026-05-0002,100000000002,ExampleCorp Secondary Payer,Payer Account,200000000014,sandbox-dev,Linked Account,2026-05-01T00:00:00Z,2026-06-01T00:00:00Z,2026-05-09T15:00:00Z,2026-05-09T16:00:00Z,Usage,,AmazonEC2 committed usage of 500 machine-equivalents,Usage-Based,0,32.016,48,43.2,0.0960000000,0.0864000000,Committed,500,Hours,USD,0.0864000000,32.016,0.0960000000,USD,500,Hours,AmazonEC2,Compute,Virtual Machines,SKU-093c0d7a3a0491f8523e34c8,Compute,SPRICE-bab283475cbbabd222878e74,"{""InstanceType"":""m6i.large"",""InstanceSeries"":""M6i"",""CoreCount"":2,""MemorySize"":8,""OperatingSystem"":""Linux"",""x_Tenancy"":""Shared""}",urn:focus-sample:aws:ap-southeast-1:200000000014:compute-fleet:fleetdfeb96a2bec719bf37034a27,fleetdfeb96a2bec719bf37034a27,Compute Fleet,ap-southeast-1,Asia Pacific (Singapore),ap-southeast-1b,arn:aws:ec2:ap-southeast-1::reservation/bc2959e81cc76302,EC2ReservedInstance-1yr-NoUpfront,Usage,Reserved Instance,Used,500,Hours,,,"{""Environment"":""prod"",""CostCenter"":""cc-2087"",""Owner"":""team-platform"",""SyntheticFleetSize"":""500""}"
AWS,AWS,AWS,INV-2026-05-0002,100000000002,ExampleCorp Secondary Payer,Payer Account,200000000014,sandbox-dev,Linked Account,2026-05-01T00:00:00Z,2026-06-01T00:00:00Z,2026-05-09T16:00:00Z,2026-05-09T17:00:00Z,Purchase,,"Reserved Instance commitment, amortised for the charge period",Recurring,32.016,0,32.016,32.016,0.0640320000,0.0640320000,Standard,500,Hours,USD,0.0640320000,0,0.0640320000,USD,,,AmazonEC2,Compute,Virtual Machines,SKU-fbac7cbf4d87825da86489ad,Commitment,SPRICE-13c906529967f9d8590ef9d7,"{""x_PurchaseTerm"":""1yr"",""x_PaymentOption"":""NoUpfront""}",arn:aws:ec2:ap-southeast-1::reservation/bc2959e81cc76302,reservation-1987519cd1c8,Reserved Instance,ap-southeast-1,Asia Pacific (Singapore),,arn:aws:ec2:ap-southeast-1::reservation/bc2959e81cc76302,EC2ReservedInstance-1yr-NoUpfront,Usage,Reserved Instance,,500,Hours,,,"{""Environment"":""staging"",""CostCenter"":""cc-2087"",""Owner"":""team-data""}"
AWS,AWS,AWS,INV-2026-05-0002,100000000002,ExampleCorp Secondary Payer,Payer Account,200000000014,sandbox-dev,Linked Account,2026-05-01T00:00:00Z,2026-06-01T00:00:00Z,2026-05-09T16:00:00Z,2026-05-09T17:00:00Z,Usage,,AmazonEC2 committed usage of 500 machine-equivalents,Usage-Based,0,32.016,48,43.2,0.0960000000,0.0864000000,Committed,500,Hours,USD,0.0864000000,32.016,0.0960000000,USD,500,Hours,AmazonEC2,Compute,Virtual Machines,SKU-093c0d7a3a0491f8523e34c8,Compute,SPRICE-bab283475cbbabd222878e74,"{""InstanceType"":""m6i.large"",""InstanceSeries"":""M6i"",""CoreCount"":2,""MemorySize"":8,""OperatingSystem"":""Linux"",""x_Tenancy"":""Shared""}",urn:focus-sample:aws:ap-southeast-1:200000000014:compute-fleet:fleetdfeb96a2bec719bf37034a27,fleetdfeb96a2bec719bf37034a27,Compute Fleet,ap-southeast-1,Asia Pacific (Singapore),ap-southeast-1b,arn:aws:ec2:ap-southeast-1::reservation/bc2959e81cc76302,EC2ReservedInstance-1yr-NoUpfront,Usage,Reserved Instance,Used,500,Hours,,,"{""Environment"":""staging"",""CostCenter"":""cc-3110"",""Owner"":""team-data"",""SyntheticFleetSize"":""500""}"
AWS,AWS,AWS,INV-2026-05-0002,100000000002,ExampleCorp Secondary Payer,Payer Account,200000000014,sandbox-dev,Linked Account,2026-05-01T00:00:00Z,2026-06-01T00:00:00Z,2026-05-09T17:00:00Z,2026-05-09T18:00:00Z,Purchase,,"Reserved Instance commitment, amortised for the charge period",Recurring,32.016,0,32.016,32.016,0.0640320000,0.0640320000,Standard,500,Hours,USD,0.0640320000,0,0.0640320000,USD,,,AmazonEC2,Compute,Virtual Machines,SKU-fbac7cbf4d87825da86489ad,Commitment,SPRICE-13c906529967f9d8590ef9d7,"{""x_PurchaseTerm"":""1yr"",""x_PaymentOption"":""NoUpfront""}",arn:aws:ec2:ap-southeast-1::reservation/bc2959e81cc76302,reservation-1987519cd1c8,Reserved Instance,ap-southeast-1,Asia Pacific (Singapore),,arn:aws:ec2:ap-southeast-1::reservation/bc2959e81cc76302,EC2ReservedInstance-1yr-NoUpfront,Usage,Reserved Instance,,500,Hours,,,"{""Environment"":""dev"",""CostCenter"":""cc-3110"",""Owner"":""team-payments""}"
AWS,AWS,AWS,INV-2026-05-0002,100000000002,ExampleCorp Secondary Payer,Payer Account,200000000014,sandbox-dev,Linked Account,2026-05-01T00:00:00Z,2026-06-01T00:00:00Z,2026-05-09T17:00:00Z,2026-05-09T18:00:00Z,Usage,,AmazonEC2 committed usage of 500 machine-equivalents,Usage-Based,0,32.016,48,43.2,0.0960000000,0.0864000000,Committed,500,Hours,USD,0.0864000000,32.016,0.0960000000,USD,500,Hours,AmazonEC2,Compute,Virtual Machines,SKU-093c0d7a3a0491f8523e34c8,Compute,SPRICE-bab283475cbbabd222878e74,"{""InstanceType"":""m6i.large"",""InstanceSeries"":""M6i"",""CoreCount"":2,""MemorySize"":8,""OperatingSystem"":""Linux"",""x_Tenancy"":""Shared""}",urn:focus-sample:aws:ap-southeast-1:200000000014:compute-fleet:fleetdfeb96a2bec719bf37034a27,fleetdfeb96a2bec719bf37034a27,Compute Fleet,ap-southeast-1,Asia Pacific (Singapore),ap-southeast-1b,arn:aws:ec2:ap-southeast-1::reservation/bc2959e81cc76302,EC2ReservedInstance-1yr-NoUpfront,Usage,Reserved Instance,Used,500,Hours,,,"{""Environment"":""staging"",""CostCenter"":""cc-3110"",""Owner"":""team-data"",""SyntheticFleetSize"":""500""}"
AWS,AWS,AWS,INV-2026-05-0002,100000000002,ExampleCorp Secondary Payer,Payer Account,200000000014,sandbox-dev,Linked Account,2026-05-01T00:00:00Z,2026-06-01T00:00:00Z,2026-05-09T18:00:00Z,2026-05-09T19:00:00Z,Purchase,,"Reserved Instance commitment, amortised for the charge period",Recurring,32.016,0,32.016,32.016,0.0640320000,0.0640320000,Standard,500,Hours,USD,0.0640320000,0,0.0640320000,USD,,,AmazonEC2,Compute,Virtual Machines,SKU-fbac7cbf4d87825da86489ad,Commitment,SPRICE-13c906529967f9d8590ef9d7,"{""x_PurchaseTerm"":""1yr"",""x_PaymentOption"":""NoUpfront""}",arn:aws:ec2:ap-southeast-1::reservation/bc2959e81cc76302,reservation-1987519cd1c8,Reserved Instance,ap-southeast-1,Asia Pacific (Singapore),,arn:aws:ec2:ap-southeast-1::reservation/bc2959e81cc76302,EC2ReservedInstance-1yr-NoUpfront,Usage,Reserved Instance,,500,Hours,,,"{""Environment"":""staging"",""CostCenter"":""cc-3110"",""Owner"":""team-payments""}"
AWS,AWS,AWS,INV-2026-05-0002,100000000002,ExampleCorp Secondary Payer,Payer Account,200000000014,sandbox-dev,Linked Account,2026-05-01T00:00:00Z,2026-06-01T00:00:00Z,2026-05-09T18:00:00Z,2026-05-09T19:00:00Z,Usage,,AmazonEC2 committed usage of 500 machine-equivalents,Usage-Based,0,32.016,48,43.2,0.0960000000,0.0864000000,Committed,500,Hours,USD,0.0864000000,32.016,0.0960000000,USD,500,Hours,AmazonEC2,Compute,Virtual Machines,SKU-093c0d7a3a0491f8523e34c8,Compute,SPRICE-bab283475cbbabd222878e74,"{""InstanceType"":""m6i.large"",""InstanceSeries"":""M6i"",""CoreCount"":2,""MemorySize"":8,""OperatingSystem"":""Linux"",""x_Tenancy"":""Shared""}",urn:focus-sample:aws:ap-southeast-1:200000000014:compute-fleet:fleetdfeb96a2bec719bf37034a27,fleetdfeb96a2bec719bf37034a27,Compute Fleet,ap-southeast-1,Asia Pacific (Singapore),ap-southeast-1b,arn:aws:ec2:ap-southeast-1::reservation/bc2959e81cc76302,EC2ReservedInstance-1yr-NoUpfront,Usage,Reserved Instance,Used,500,Hours,,,"{""Environment"":""dev"",""CostCenter"":""cc-1042"",""Owner"":""team-data"",""SyntheticFleetSize"":""500""}"
AWS,AWS,AWS,INV-2026-05-0002,100000000002,ExampleCorp Secondary Payer,Payer Account,200000000014,sandbox-dev,Linked Account,2026-05-01T00:00:00Z,2026-06-01T00:00:00Z,2026-05-09T19:00:00Z,2026-05-09T20:00:00Z,Purchase,,"Reserved Instance commitment, amortised for the charge period",Recurring,32.016,0,32.016,32.016,0.0640320000,0.0640320000,Standard,500,Hours,USD,0.0640320000,0,0.0640320000,USD,,,AmazonEC2,Compute,Virtual Machines,SKU-fbac7cbf4d87825da86489ad,Commitment,SPRICE-13c906529967f9d8590ef9d7,"{""x_PurchaseTerm"":""1yr"",""x_PaymentOption"":""NoUpfront""}",arn:aws:ec2:ap-southeast-1::reservation/bc2959e81cc76302,reservation-1987519cd1c8,Reserved Instance,ap-southeast-1,Asia Pacific (Singapore),,arn:aws:ec2:ap-southeast-1::reservation/bc2959e81cc76302,EC2ReservedInstance-1yr-NoUpfront,Usage,Reserved Instance,,500,Hours,,,"{""Environment"":""staging"",""CostCenter"":""cc-1042"",""Owner"":""team-platform""}"
AWS,AWS,AWS,INV-2026-05-0002,100000000002,ExampleCorp Secondary Payer,Payer Account,200000000014,sandbox-dev,Linked Account,2026-05-01T00:00:00Z,2026-06-01T00:00:00Z,2026-05-09T19:00:00Z,2026-05-09T20:00:00Z,Usage,,Reserved Instance unused commitment,Usage-Based,0,32.016,32.016,32.016,0.0640320000,0.0640320000,Committed,500,Hours,USD,0.0640320000,32.016,0.0640320000,USD,,,AmazonEC2,Compute,Virtual Machines,SKU-fbac7cbf4d87825da86489ad,Commitment,SPRICE-13c906529967f9d8590ef9d7,"{""x_PurchaseTerm"":""1yr"",""x_PaymentOption"":""NoUpfront""}",arn:aws:ec2:ap-southeast-1::reservation/bc2959e81cc76302,reservation-1987519cd1c8,Reserved Instance,ap-southeast-1,Asia Pacific (Singapore),,arn:aws:ec2:ap-southeast-1::reservation/bc2959e81cc76302,EC2ReservedInstance-1yr-NoUpfront,Usage,Reserved Instance,Unused,500,Hours,,,"{""Environment"":""staging"",""CostCenter"":""cc-3110"",""Owner"":""team-platform""}"
AWS,AWS,AWS,INV-2026-05-0002,100000000002,ExampleCorp Secondary Payer,Payer Account,200000000014,sandbox-dev,Linked Account,2026-05-01T00:00:00Z,2026-06-01T00:00:00Z,2026-05-09T20:00:00Z,2026-05-09T21:00:00Z,Purchase,,"Reserved Instance commitment, amortised for the charge period",Recurring,32.016,0,32.016,32.016,0.0640320000,0.0640320000,Standard,500,Hours,USD,0.0640320000,0,0.0640320000,USD,,,AmazonEC2,Compute,Virtual Machines,SKU-fbac7cbf4d87825da86489ad,Commitment,SPRICE-13c906529967f9d8590ef9d7,"{""x_PurchaseTerm"":""1yr"",""x_PaymentOption"":""NoUpfront""}",arn:aws:ec2:ap-southeast-1::reservation/bc2959e81cc76302,reservation-1987519cd1c8,Reserved Instance,ap-southeast-1,Asia Pacific (Singapore),,arn:aws:ec2:ap-southeast-1::reservation/bc2959e81cc76302,EC2ReservedInstance-1yr-NoUpfront,Usage,Reserved Instance,,500,Hours,,,"{""Environment"":""dev"",""CostCenter"":""cc-2087"",""Owner"":""team-data""}"
AWS,AWS,AWS,INV-2026-05-0002,100000000002,ExampleCorp Secondary Payer,Payer Account,200000000014,sandbox-dev,Linked Account,2026-05-01T00:00:00Z,2026-06-01T00:00:00Z,2026-05-09T20:00:00Z,2026-05-09T21:00:00Z,Usage,,Reserved Instance unused commitment,Usage-Based,0,32.016,32.016,32.016,0.0640320000,0.0640320000,Committed,500,Hours,USD,0.0640320000,32.016,0.0640320000,USD,,,AmazonEC2,Compute,Virtual Machines,SKU-fbac7cbf4d87825da86489ad,Commitment,SPRICE-13c906529967f9d8590ef9d7,"{""x_PurchaseTerm"":""1yr"",""x_PaymentOption"":""NoUpfront""}",arn:aws:ec2:ap-southeast-1::reservation/bc2959e81cc76302,reservation-1987519cd1c8,Reserved Instance,ap-southeast-1,Asia Pacific (Singapore),,arn:aws:ec2:ap-southeast-1::reservation/bc2959e81cc76302,EC2ReservedInstance-1yr-NoUpfront,Usage,Reserved Instance,Unused,500,Hours,,,"{""Environment"":""prod"",""CostCenter"":""cc-1042"",""Owner"":""team-platform""}"
AWS,AWS,AWS,INV-2026-05-0002,100000000002,ExampleCorp Secondary Payer,Payer Account,200000000014,sandbox-dev,Linked Account,2026-05-01T00:00:00Z,2026-06-01T00:00:00Z,2026-05-09T21:00:00Z,2026-05-09T22:00:00Z,Purchase,,"Reserved Instance commitment, amortised for the charge period",Recurring,32.016,0,32.016,32.016,0.0640320000,0.0640320000,Standard,500,Hours,USD,0.0640320000,0,0.0640320000,USD,,,AmazonEC2,Compute,Virtual Machines,SKU-fbac7cbf4d87825da86489ad,Commitment,SPRICE-13c906529967f9d8590ef9d7,"{""x_PurchaseTerm"":""1yr"",""x_PaymentOption"":""NoUpfront""}",arn:aws:ec2:ap-southeast-1::reservation/bc2959e81cc76302,reservation-1987519cd1c8,Reserved Instance,ap-southeast-1,Asia Pacific (Singapore),,arn:aws:ec2:ap-southeast-1::reservation/bc2959e81cc76302,EC2ReservedInstance-1yr-NoUpfront,Usage,Reserved Instance,,500,Hours,,,"{""Environment"":""dev"",""CostCenter"":""cc-2087"",""Owner"":""team-data""}"
AWS,AWS,AWS,INV-2026-05-0002,100000000002,ExampleCorp Secondary Payer,Payer Account,200000000014,sandbox-dev,Linked Account,2026-05-01T00:00:00Z,2026-06-01T00:00:00Z,2026-05-09T21:00:00Z,2026-05-09T22:00:00Z,Usage,,Reserved Instance unused commitment,Usage-Based,0,32.016,32.016,32.016,0.0640320000,0.0640320000,Committed,500,Hours,USD,0.0640320000,32.016,0.0640320000,USD,,,AmazonEC2,Compute,Virtual Machines,SKU-fbac7cbf4d87825da86489ad,Commitment,SPRICE-13c906529967f9d8590ef9d7,"{""x_PurchaseTerm"":""1yr"",""x_PaymentOption"":""NoUpfront""}",arn:aws:ec2:ap-southeast-1::reservation/bc2959e81cc76302,reservation-1987519cd1c8,Reserved Instance,ap-southeast-1,Asia Pacific (Singapore),,arn:aws:ec2:ap-southeast-1::reservation/bc2959e81cc76302,EC2ReservedInstance-1yr-NoUpfront,Usage,Reserved Instance,Unused,500,Hours,,,"{""Environment"":""staging"",""CostCenter"":""cc-3110"",""Owner"":""team-platform""}"
AWS,AWS,AWS,INV-2026-05-0001,100000000001,ExampleCorp Master Payer,Payer Account,200000000011,prod-platform,Linked Account,2026-05-01T00:00:00Z,2026-06-01T00:00:00Z,2026-05-10T06:00:00Z,2026-05-10T07:00:00Z,Usage,,Lambda function duration,Usage-Based,15.3457611315,15.3457611315,17.05087980335807,15.3457611315,0.0000166667,0.0000150000,Standard,1023050.7421,GB-Seconds,USD,0.0000150000,15.3457611315,0.0000166667,USD,1023050.7421,GB-Seconds,AWSLambda,Compute,Serverless Compute,SKU-67dc4ce0843e58b6125cbdce,Compute,SPRICE-227d5491bbfb36c4f69bea63,"{""x_Runtime"":""python3.12"",""x_Architecture"":""arm64""}",arn:aws:lambda:us-east-1:200000000011:function/fn-96c95855548c,fn-96c95855548c,Lambda Function,us-east-1,US East (N. Virginia),,,,,,,,,,,"{""Environment"":""dev"",""CostCenter"":""cc-1042"",""Owner"":""team-data""}"
AWS,AWS,AWS,INV-2026-05-0001,100000000001,ExampleCorp Master Payer,Payer Account,200000000013,data-analytics,Linked Account,2026-05-01T00:00:00Z,2026-06-01T00:00:00Z,2026-05-10T07:00:00Z,2026-05-10T08:00:00Z,Usage,,RDS PostgreSQL db.r6g.large,Usage-Based,0.216,0.216,0.24,0.216,0.2400000000,0.2160000000,Standard,1.0000,Hours,USD,0.2160000000,0.216,0.2400000000,USD,1.0000,Hours,AmazonRDS,Databases,Relational Databases,SKU-d70ac0acbdfcb8de90bd881a,Database,SPRICE-526e7acd56433e6d3c551cac,"{""InstanceType"":""db.r6g.large"",""InstanceSeries"":""R6g"",""CoreCount"":2,""MemorySize"":16,""x_Engine"":""PostgreSQL""}",arn:aws:rds:us-west-2:200000000013:db/db-6c8f70842925,db-6c8f70842925,RDS Instance,us-west-2,US West (Oregon),,,,,,,,,,,"{""Environment"":""prod"",""CostCenter"":""cc-3110"",""Owner"":""team-platform""}"
AWS,AWS,AWS,INV-2026-05-0001,100000000001,ExampleCorp Master Payer,Payer Account,200000000014,sandbox-dev,Linked Account,2026-05-01T00:00:00Z,2026-06-01T00:00:00Z,2026-05-01T00:00:00Z,2026-05-02T00:00:00Z,Purchase,,AmazonDynamoDB subscription fee,Recurring,520.6,520.6,520.6,520.6,520.6,520.6,Standard,1,Units,USD,520.6000000000,520.6,520.6000000000,USD,,,AmazonDynamoDB,Databases,NoSQL Databases,SKU-7222f0769801e0522b7f83ba,Subscription,SPRICE-b92994c84f19c3bf79d5d324,"{""x_ChargeType"": ""SubscriptionFee""}",arn:aws:dynamodb:us-west-2:200000000014:table/table-47fcd1c13d72,table-47fcd1c13d72,DynamoDB Table,us-west-2,US West (Oregon),,,,,,,,,,,"{""Environment"":""staging"",""CostCenter"":""cc-2087"",""Owner"":""team-payments""}"
AWS,AWS,AWS,INV-2026-05-0001,100000000001,ExampleCorp Master Payer,Payer Account,200000000012,staging-platform,Linked Account,2026-05-01T00:00:00Z,2026-06-01T00:00:00Z,2026-05-10T09:00:00Z,2026-05-10T10:00:00Z,Usage,,RDS PostgreSQL db.r6g.large,Usage-Based,0.216,0.216,0.24,0.216,0.2400000000,0.2160000000,Standard,1.0000,Hours,USD,0.2160000000,0.216,0.2400000000,USD,1.0000,Hours,AmazonRDS,Databases,Relational Databases,SKU-d70ac0acbdfcb8de90bd881a,Database,SPRICE-526e7acd56433e6d3c551cac,"{""InstanceType"":""db.r6g.large"",""InstanceSeries"":""R6g"",""CoreCount"":2,""MemorySize"":16,""x_Engine"":""PostgreSQL""}",arn:aws:rds:us-west-2:200000000012:db/db-0a102906015a,db-0a102906015a,RDS Instance,us-west-2,US West (Oregon),,,,,,,,,,,"{""Environment"":""staging"",""CostCenter"":""cc-2087"",""Owner"":""team-data""}"
AWS,AWS,AWS,INV-2026-05-0001,100000000001,ExampleCorp Master Payer,Payer Account,200000000013,data-analytics,Linked Account,2026-05-01T00:00:00Z,2026-06-01T00:00:00Z,2026-05-09T00:00:00Z,2026-05-10T00:00:00Z,Tax,,Synthetic tax 10% on usage record 681: AmazonCloudWatch,One-Time,5.0883444,5.0883444,5.653716,5.0883444,,,,,,USD,,5.0883444,,USD,,,AmazonCloudWatch,Management and Governance,Observability,,,,,,,,,,,,,,,,,,,,"{""Environment"":""staging"",""CostCenter"":""cc-2087"",""Owner"":""team-payments""}"
AWS,AWS,AWS,INV-2026-05-0001,100000000001,ExampleCorp Master Payer,Payer Account,200000000012,staging-platform,Linked Account,2026-05-01T00:00:00Z,2026-06-01T00:00:00Z,2026-05-04T00:00:00Z,2026-05-05T00:00:00Z,Purchase,,AWSLambda subscription fee,Recurring,60.85,60.85,60.85,60.85,60.85,60.85,Standard,1,Units,USD,60.8500000000,60.85,60.8500000000,USD,,,AWSLambda,Compute,Serverless Compute,SKU-2360875cc50b8c5d1fd5e962,Subscription,SPRICE-81336f2f12c495791f48dea1,"{""x_ChargeType"": ""SubscriptionFee""}",arn:aws:lambda:us-east-1:200000000012:function/fn-0a582651711c,fn-0a582651711c,Lambda Function,us-east-1,US East (N. Virginia),,,,,,,,,,,"{""Environment"":""prod"",""CostCenter"":""cc-2087"",""Owner"":""team-platform""}"
AWS,AWS,AWS,INV-2026-05-0002,100000000002,ExampleCorp Secondary Payer,Payer Account,200000000014,sandbox-dev,Linked Account,2026-05-01T00:00:00Z,2026-06-01T00:00:00Z,2026-05-05T00:00:00Z,2026-05-06T00:00:00Z,Usage,,Custom metrics,Usage-Based,29.789262,29.789262,33.09918,29.789262,0.3000000000,0.2700000000,Standard,110.3306,Metrics,EUR,0.2484000000,27.40612104,0.2760000000,USD,110.3306,Metrics,AmazonCloudWatch,Management and Governance,Observability,SKU-2491f45dad51aaef563400a5,Monitoring,SPRICE-79598eeff4b7ed7d0c3ec4f6,"{""x_MetricType"":""Custom""}",arn:aws:cloudwatch:us-east-1:200000000014:metric/metric-236514df5315,metric-236514df5315,Metric,us-east-1,US East (N. Virginia),,,,,,,,,,,"{""Environment"":""prod"",""CostCenter"":""cc-3110"",""Owner"":""team-data""}"
AWS,AWS,AWS,INV-2026-05-0001,100000000001,ExampleCorp Master Payer,Payer Account,200000000011,prod-platform,Linked Account,2026-05-01T00:00:00Z,2026-06-01T00:00:00Z,2026-05-01T00:00:00Z,2026-06-01T00:00:00Z,Usage,,S3 Standard storage,Usage-Based,1.46715597,1.46715597,1.6301733,1.46715597,0.0230000000,0.0207000000,Standard,70.8771,GB-Months,USD,0.0207000000,1.46715597,0.0230000000,USD,70.8771,GB-Months,AmazonS3,Storage,Object Storage,SKU-ca447aa86bf44972e43c1f69,Storage,SPRICE-92e9b7d21ce3c83c68f72f47,"{""StorageClass"":""Standard"",""Redundancy"":""Zonal""}",arn:aws:s3:us-east-1:200000000011:bucket/bucket-a74552f70e25,bucket-a74552f70e25,S3 Bucket,us-east-1,US East (N. Virginia),,,,,,,,,,,"{""Environment"":""prod"",""CostCenter"":""cc-3110"",""Owner"":""team-platform""}"
AWS,AWS,AWS,INV-2026-05-0002,100000000002,ExampleCorp Secondary Payer,Payer Account,200000000012,staging-platform,Linked Account,2026-05-01T00:00:00Z,2026-06-01T00:00:00Z,2026-05-10T14:00:00Z,2026-05-10T15:00:00Z,Purchase,,"Reserved Instance commitment, amortised for the charge period",Recurring,32.016,0,32.016,32.016,0.0640320000,0.0640320000,Standard,500,Hours,USD,0.0640320000,0,0.0640320000,USD,,,AmazonEC2,Compute,Virtual Machines,SKU-b4b21963faec92bb7aa2fb9e,Commitment,SPRICE-e7c65befe9980278c6dd3c7c,"{""x_PurchaseTerm"":""1yr"",""x_PaymentOption"":""NoUpfront""}",arn:aws:ec2:us-east-1::reservation/c9d42f18239bfa86,reservation-05b323d1febf,Reserved Instance,us-east-1,US East (N. Virginia),,arn:aws:ec2:us-east-1::reservation/c9d42f18239bfa86,EC2ReservedInstance-1yr-NoUpfront,Usage,Reserved Instance,,500,Hours,,,"{""Environment"":""dev"",""CostCenter"":""cc-2087"",""Owner"":""team-payments""}"
AWS,AWS,AWS,INV-2026-05-0002,100000000002,ExampleCorp Secondary Payer,Payer Account,200000000012,staging-platform,Linked Account,2026-05-01T00:00:00Z,2026-06-01T00:00:00Z,2026-05-10T14:00:00Z,2026-05-10T15:00:00Z,Usage,,AmazonEC2 committed usage of 500 machine-equivalents,Usage-Based,0,32.016,48,43.2,0.0960000000,0.0864000000,Committed,500,Hours,USD,0.0864000000,32.016,0.0960000000,USD,500,Hours,AmazonEC2,Compute,Virtual Machines,SKU-736a4dd80178572d8370293d,Compute,SPRICE-c862323f09b487c42efb1c6b,"{""InstanceType"":""m6i.large"",""InstanceSeries"":""M6i"",""CoreCount"":2,""MemorySize"":8,""OperatingSystem"":""Linux"",""x_Tenancy"":""Shared""}",urn:focus-sample:aws:us-east-1:200000000012:compute-fleet:fleetaa456a54875e9fb024a5a444,fleetaa456a54875e9fb024a5a444,Compute Fleet,us-east-1,US East (N. Virginia),us-east-1b,arn:aws:ec2:us-east-1::reservation/c9d42f18239bfa86,EC2ReservedInstance-1yr-NoUpfront,Usage,Reserved Instance,Used,500,Hours,,,"{""Environment"":""prod"",""CostCenter"":""cc-1042"",""Owner"":""team-payments"",""SyntheticFleetSize"":""500""}"
AWS,AWS,AWS,INV-2026-05-0002,100000000002,ExampleCorp Secondary Payer,Payer Account,200000000012,staging-platform,Linked Account,2026-05-01T00:00:00Z,2026-06-01T00:00:00Z,2026-05-10T15:00:00Z,2026-05-10T16:00:00Z,Purchase,,"Reserved Instance commitment, amortised for the charge period",Recurring,32.016,0,32.016,32.016,0.0640320000,0.0640320000,Standard,500,Hours,USD,0.0640320000,0,0.0640320000,USD,,,AmazonEC2,Compute,Virtual Machines,SKU-b4b21963faec92bb7aa2fb9e,Commitment,SPRICE-e7c65befe9980278c6dd3c7c,"{""x_PurchaseTerm"":""1yr"",""x_PaymentOption"":""NoUpfront""}",arn:aws:ec2:us-east-1::reservation/c9d42f18239bfa86,reservation-05b323d1febf,Reserved Instance,us-east-1,US East (N. Virginia),,arn:aws:ec2:us-east-1::reservation/c9d42f18239bfa86,EC2ReservedInstance-1yr-NoUpfront,Usage,Reserved Instance,,500,Hours,,,"{""Environment"":""staging"",""CostCenter"":""cc-1042"",""Owner"":""team-data""}"
AWS,AWS,AWS,INV-2026-05-0002,100000000002,ExampleCorp Secondary Payer,Payer Account,200000000012,staging-platform,Linked Account,2026-05-01T00:00:00Z,2026-06-01T00:00:00Z,2026-05-10T15:00:00Z,2026-05-10T16:00:00Z,Usage,,AmazonEC2 committed usage of 500 machine-equivalents,Usage-Based,0,32.016,48,43.2,0.0960000000,0.0864000000,Committed,500,Hours,USD,0.0864000000,32.016,0.0960000000,USD,500,Hours,AmazonEC2,Compute,Virtual Machines,SKU-736a4dd80178572d8370293d,Compute,SPRICE-c862323f09b487c42efb1c6b,"{""InstanceType"":""m6i.large"",""InstanceSeries"":""M6i"",""CoreCount"":2,""MemorySize"":8,""OperatingSystem"":""Linux"",""x_Tenancy"":""Shared""}",urn:focus-sample:aws:us-east-1:200000000012:compute-fleet:fleetaa456a54875e9fb024a5a444,fleetaa456a54875e9fb024a5a444,Compute Fleet,us-east-1,US East (N. Virginia),us-east-1b,arn:aws:ec2:us-east-1::reservation/c9d42f18239bfa86,EC2ReservedInstance-1yr-NoUpfront,Usage,Reserved Instance,Used,500,Hours,,,"{""Environment"":""prod"",""CostCenter"":""cc-3110"",""Owner"":""team-platform"",""SyntheticFleetSize"":""500""}"
AWS,AWS,AWS,INV-2026-05-0002,100000000002,ExampleCorp Secondary Payer,Payer Account,200000000012,staging-platform,Linked Account,2026-05-01T00:00:00Z,2026-06-01T00:00:00Z,2026-05-10T16:00:00Z,2026-05-10T17:00:00Z,Purchase,,"Reserved Instance commitment, amortised for the charge period",Recurring,32.016,0,32.016,32.016,0.0640320000,0.0640320000,Standard,500,Hours,USD,0.0640320000,0,0.0640320000,USD,,,AmazonEC2,Compute,Virtual Machines,SKU-b4b21963faec92bb7aa2fb9e,Commitment,SPRICE-e7c65befe9980278c6dd3c7c,"{""x_PurchaseTerm"":""1yr"",""x_PaymentOption"":""NoUpfront""}",arn:aws:ec2:us-east-1::reservation/c9d42f18239bfa86,reservation-05b323d1febf,Reserved Instance,us-east-1,US East (N. Virginia),,arn:aws:ec2:us-east-1::reservation/c9d42f18239bfa86,EC2ReservedInstance-1yr-NoUpfront,Usage,Reserved Instance,,500,Hours,,,"{""Environment"":""staging"",""CostCenter"":""cc-1042"",""Owner"":""team-platform""}"
AWS,AWS,AWS,INV-2026-05-0002,100000000002,ExampleCorp Secondary Payer,Payer Account,200000000012,staging-platform,Linked Account,2026-05-01T00:00:00Z,2026-06-01T00:00:00Z,2026-05-10T16:00:00Z,2026-05-10T17:00:00Z,Usage,,AmazonEC2 committed usage of 500 machine-equivalents,Usage-Based,0,32.016,48,43.2,0.0960000000,0.0864000000,Committed,500,Hours,USD,0.0864000000,32.016,0.0960000000,USD,500,Hours,AmazonEC2,Compute,Virtual Machines,SKU-736a4dd80178572d8370293d,Compute,SPRICE-c862323f09b487c42efb1c6b,"{""InstanceType"":""m6i.large"",""InstanceSeries"":""M6i"",""CoreCount"":2,""MemorySize"":8,""OperatingSystem"":""Linux"",""x_Tenancy"":""Shared""}",urn:focus-sample:aws:us-east-1:200000000012:compute-fleet:fleetaa456a54875e9fb024a5a444,fleetaa456a54875e9fb024a5a444,Compute Fleet,us-east-1,US East (N. Virginia),us-east-1b,arn:aws:ec2:us-east-1::reservation/c9d42f18239bfa86,EC2ReservedInstance-1yr-NoUpfront,Usage,Reserved Instance,Used,500,Hours,,,"{""Environment"":""dev"",""CostCenter"":""cc-1042"",""Owner"":""team-data"",""SyntheticFleetSize"":""500""}"
AWS,AWS,AWS,INV-2026-05-0002,100000000002,ExampleCorp Secondary Payer,Payer Account,200000000012,staging-platform,Linked Account,2026-05-01T00:00:00Z,2026-06-01T00:00:00Z,2026-05-10T17:00:00Z,2026-05-10T18:00:00Z,Purchase,,"Reserved Instance commitment, amortised for the charge period",Recurring,32.016,0,32.016,32.016,0.0640320000,0.0640320000,Standard,500,Hours,USD,0.0640320000,0,0.0640320000,USD,,,AmazonEC2,Compute,Virtual Machines,SKU-b4b21963faec92bb7aa2fb9e,Commitment,SPRICE-e7c65befe9980278c6dd3c7c,"{""x_PurchaseTerm"":""1yr"",""x_PaymentOption"":""NoUpfront""}",arn:aws:ec2:us-east-1::reservation/c9d42f18239bfa86,reservation-05b323d1febf,Reserved Instance,us-east-1,US East (N. Virginia),,arn:aws:ec2:us-east-1::reservation/c9d42f18239bfa86,EC2ReservedInstance-1yr-NoUpfront,Usage,Reserved Instance,,500,Hours,,,"{""Environment"":""staging"",""CostCenter"":""cc-2087"",""Owner"":""team-platform""}"
AWS,AWS,AWS,INV-2026-05-0002,100000000002,ExampleCorp Secondary Payer,Payer Account,200000000012,staging-platform,Linked Account,2026-05-01T00:00:00Z,2026-06-01T00:00:00Z,2026-05-10T17:00:00Z,2026-05-10T18:00:00Z,Usage,,AmazonEC2 committed usage of 500 machine-equivalents,Usage-Based,0,32.016,48,43.2,0.0960000000,0.0864000000,Committed,500,Hours,USD,0.0864000000,32.016,0.0960000000,USD,500,Hours,AmazonEC2,Compute,Virtual Machines,SKU-736a4dd80178572d8370293d,Compute,SPRICE-c862323f09b487c42efb1c6b,"{""InstanceType"":""m6i.large"",""InstanceSeries"":""M6i"",""CoreCount"":2,""MemorySize"":8,""OperatingSystem"":""Linux"",""x_Tenancy"":""Shared""}",urn:focus-sample:aws:us-east-1:200000000012:compute-fleet:fleetaa456a54875e9fb024a5a444,fleetaa456a54875e9fb024a5a444,Compute Fleet,us-east-1,US East (N. Virginia),us-east-1b,arn:aws:ec2:us-east-1::reservation/c9d42f18239bfa86,EC2ReservedInstance-1yr-NoUpfront,Usage,Reserved Instance,Used,500,Hours,,,"{""Environment"":""staging"",""CostCenter"":""cc-1042"",""Owner"":""team-data"",""SyntheticFleetSize"":""500""}"
AWS,AWS,AWS,INV-2026-05-0002,100000000002,ExampleCorp Secondary Payer,Payer Account,200000000012,staging-platform,Linked Account,2026-05-01T00:00:00Z,2026-06-01T00:00:00Z,2026-05-10T18:00:00Z,2026-05-10T19:00:00Z,Purchase,,"Reserved Instance commitment, amortised for the charge period",Recurring,32.016,0,32.016,32.016,0.0640320000,0.0640320000,Standard,500,Hours,USD,0.0640320000,0,0.0640320000,USD,,,AmazonEC2,Compute,Virtual Machines,SKU-b4b21963faec92bb7aa2fb9e,Commitment,SPRICE-e7c65befe9980278c6dd3c7c,"{""x_PurchaseTerm"":""1yr"",""x_PaymentOption"":""NoUpfront""}",arn:aws:ec2:us-east-1::reservation/c9d42f18239bfa86,reservation-05b323d1febf,Reserved Instance,us-east-1,US East (N. Virginia),,arn:aws:ec2:us-east-1::reservation/c9d42f18239bfa86,EC2ReservedInstance-1yr-NoUpfront,Usage,Reserved Instance,,500,Hours,,,"{""Environment"":""dev"",""CostCenter"":""cc-2087"",""Owner"":""team-data""}"
AWS,AWS,AWS,INV-2026-05-0002,100000000002,ExampleCorp Secondary Payer,Payer Account,200000000012,staging-platform,Linked Account,2026-05-01T00:00:00Z,2026-06-01T00:00:00Z,2026-05-10T18:00:00Z,2026-05-10T19:00:00Z,Usage,,AmazonEC2 committed usage of 500 machine-equivalents,Usage-Based,0,32.016,48,43.2,0.0960000000,0.0864000000,Committed,500,Hours,USD,0.0864000000,32.016,0.0960000000,USD,500,Hours,AmazonEC2,Compute,Virtual Machines,SKU-736a4dd80178572d8370293d,Compute,SPRICE-c862323f09b487c42efb1c6b,"{""InstanceType"":""m6i.large"",""InstanceSeries"":""M6i"",""CoreCount"":2,""MemorySize"":8,""OperatingSystem"":""Linux"",""x_Tenancy"":""Shared""}",urn:focus-sample:aws:us-east-1:200000000012:compute-fleet:fleetaa456a54875e9fb024a5a444,fleetaa456a54875e9fb024a5a444,Compute Fleet,us-east-1,US East (N. Virginia),us-east-1b,arn:aws:ec2:us-east-1::reservation/c9d42f18239bfa86,EC2ReservedInstance-1yr-NoUpfront,Usage,Reserved Instance,Used,500,Hours,,,"{""Environment"":""staging"",""CostCenter"":""cc-3110"",""Owner"":""team-platform"",""SyntheticFleetSize"":""500""}"
AWS,AWS,AWS,INV-2026-05-0002,100000000002,ExampleCorp Secondary Payer,Payer Account,200000000012,staging-platform,Linked Account,2026-05-01T00:00:00Z,2026-06-01T00:00:00Z,2026-05-10T19:00:00Z,2026-05-10T20:00:00Z,Purchase,,"Reserved Instance commitment, amortised for the charge period",Recurring,32.016,0,32.016,32.016,0.0640320000,0.0640320000,Standard,500,Hours,USD,0.0640320000,0,0.0640320000,USD,,,AmazonEC2,Compute,Virtual Machines,SKU-b4b21963faec92bb7aa2fb9e,Commitment,SPRICE-e7c65befe9980278c6dd3c7c,"{""x_PurchaseTerm"":""1yr"",""x_PaymentOption"":""NoUpfront""}",arn:aws:ec2:us-east-1::reservation/c9d42f18239bfa86,reservation-05b323d1febf,Reserved Instance,us-east-1,US East (N. Virginia),,arn:aws:ec2:us-east-1::reservation/c9d42f18239bfa86,EC2ReservedInstance-1yr-NoUpfront,Usage,Reserved Instance,,500,Hours,,,"{""Environment"":""prod"",""CostCenter"":""cc-2087"",""Owner"":""team-payments""}"
AWS,AWS,AWS,INV-2026-05-0002,100000000002,ExampleCorp Secondary Payer,Payer Account,200000000012,staging-platform,Linked Account,2026-05-01T00:00:00Z,2026-06-01T00:00:00Z,2026-05-10T19:00:00Z,2026-05-10T20:00:00Z,Usage,,AmazonEC2 committed usage of 500 machine-equivalents,Usage-Based,0,32.016,48,43.2,0.0960000000,0.0864000000,Committed,500,Hours,USD,0.0864000000,32.016,0.0960000000,USD,500,Hours,AmazonEC2,Compute,Virtual Machines,SKU-736a4dd80178572d8370293d,Compute,SPRICE-c862323f09b487c42efb1c6b,"{""InstanceType"":""m6i.large"",""InstanceSeries"":""M6i"",""CoreCount"":2,""MemorySize"":8,""OperatingSystem"":""Linux"",""x_Tenancy"":""Shared""}",urn:focus-sample:aws:us-east-1:200000000012:compute-fleet:fleetaa456a54875e9fb024a5a444,fleetaa456a54875e9fb024a5a444,Compute Fleet,us-east-1,US East (N. Virginia),us-east-1b,arn:aws:ec2:us-east-1::reservation/c9d42f18239bfa86,EC2ReservedInstance-1yr-NoUpfront,Usage,Reserved Instance,Used,500,Hours,,,"{""Environment"":""prod"",""CostCenter"":""cc-1042"",""Owner"":""team-data"",""SyntheticFleetSize"":""500""}"
AWS,AWS,AWS,INV-2026-05-0002,100000000002,ExampleCorp Secondary Payer,Payer Account,200000000012,staging-platform,Linked Account,2026-05-01T00:00:00Z,2026-06-01T00:00:00Z,2026-05-10T20:00:00Z,2026-05-10T21:00:00Z,Purchase,,"Reserved Instance commitment, amortised for the charge period",Recurring,32.016,0,32.016,32.016,0.0640320000,0.0640320000,Standard,500,Hours,USD,0.0640320000,0,0.0640320000,USD,,,AmazonEC2,Compute,Virtual Machines,SKU-b4b21963faec92bb7aa2fb9e,Commitment,SPRICE-e7c65befe9980278c6dd3c7c,"{""x_PurchaseTerm"":""1yr"",""x_PaymentOption"":""NoUpfront""}",arn:aws:ec2:us-east-1::reservation/c9d42f18239bfa86,reservation-05b323d1febf,Reserved Instance,us-east-1,US East (N. Virginia),,arn:aws:ec2:us-east-1::reservation/c9d42f18239bfa86,EC2ReservedInstance-1yr-NoUpfront,Usage,Reserved Instance,,500,Hours,,,"{""Environment"":""dev"",""CostCenter"":""cc-1042"",""Owner"":""team-data""}"
AWS,AWS,AWS,INV-2026-05-0002,100000000002,ExampleCorp Secondary Payer,Payer Account,200000000012,staging-platform,Linked Account,2026-05-01T00:00:00Z,2026-06-01T00:00:00Z,2026-05-10T20:00:00Z,2026-05-10T21:00:00Z,Usage,,Reserved Instance unused commitment,Usage-Based,0,32.016,32.016,32.016,0.0640320000,0.0640320000,Committed,500,Hours,USD,0.0640320000,32.016,0.0640320000,USD,,,AmazonEC2,Compute,Virtual Machines,SKU-b4b21963faec92bb7aa2fb9e,Commitment,SPRICE-e7c65befe9980278c6dd3c7c,"{""x_PurchaseTerm"":""1yr"",""x_PaymentOption"":""NoUpfront""}",arn:aws:ec2:us-east-1::reservation/c9d42f18239bfa86,reservation-05b323d1febf,Reserved Instance,us-east-1,US East (N. Virginia),,arn:aws:ec2:us-east-1::reservation/c9d42f18239bfa86,EC2ReservedInstance-1yr-NoUpfront,Usage,Reserved Instance,Unused,500,Hours,,,"{""Environment"":""dev"",""CostCenter"":""cc-1042"",""Owner"":""team-platform""}"
AWS,AWS,AWS,INV-2026-05-0002,100000000002,ExampleCorp Secondary Payer,Payer Account,200000000013,data-analytics,Linked Account,2026-05-01T00:00:00Z,2026-06-01T00:00:00Z,2026-05-21T00:00:00Z,2026-05-22T00:00:00Z,Purchase,,AmazonS3 subscription fee,Recurring,515.75,515.75,515.75,515.75,515.75,515.75,Standard,1,Units,USD,515.7500000000,515.75,515.7500000000,USD,,,AmazonS3,Storage,Object Storage,SKU-fc4e3eb1f39d5a6844dfb39b,Subscription,SPRICE-d3afc54c8c4a89c62ec7ebf8,"{""x_ChargeType"": ""SubscriptionFee""}",arn:aws:s3:us-east-1:200000000013:bucket/bucket-eaa345f0610d,bucket-eaa345f0610d,S3 Bucket,us-east-1,US East (N. Virginia),,,,,,,,,,,"{""Environment"":""prod"",""CostCenter"":""cc-1042"",""Owner"":""team-platform""}"
AWS,AWS,AWS,INV-2026-05-0001,100000000001,ExampleCorp Master Payer,Payer Account,200000000013,data-analytics,Linked Account,2026-05-01T00:00:00Z,2026-06-01T00:00:00Z,2026-05-11T05:00:00Z,2026-05-11T06:00:00Z,Usage,,Linux on-demand m6i.large,Usage-Based,0.0864,0.0864,0.096,0.0864,0.0960000000,0.0864000000,Standard,1.0000,Hours,USD,0.0864000000,0.0864,0.0960000000,USD,1.0000,Hours,AmazonEC2,Compute,Virtual Machines,SKU-736a4dd80178572d8370293d,Compute,SPRICE-c862323f09b487c42efb1c6b,"{""InstanceType"":""m6i.large"",""InstanceSeries"":""M6i"",""CoreCount"":2,""MemorySize"":8,""OperatingSystem"":""Linux"",""x_Tenancy"":""Shared""}",arn:aws:ec2:us-east-1:200000000013:instance/i-0a9851e656aa,i-0a9851e656aa,EC2 Instance,us-east-1,US East (N. Virginia),us-east-1b,,,,,,,,,,"{""Environment"":""prod"",""CostCenter"":""cc-2087"",""Owner"":""team-data""}"
AWS,AWS,AWS,INV-2026-05-0002,100000000002,ExampleCorp Secondary Payer,Payer Account,200000000013,data-analytics,Linked Account,2026-05-01T00:00:00Z,2026-06-01T00:00:00Z,2026-05-23T00:00:00Z,2026-05-24T00:00:00Z,Usage,,NAT gateway data processed,Usage-Based,7.56670815,7.56670815,8.4074535,7.56670815,0.0450000000,0.0405000000,Standard,186.8323,GB,USD,0.0405000000,7.56670815,0.0450000000,USD,186.8323,GB,AmazonVPC,Networking,Network Connectivity,SKU-38ae1a660e2cadb9d64ca8e5,Data Transfer,SPRICE-974405df44bbf0808ce048b9,"{""x_TransferType"":""InterAZ""}",arn:aws:ec2:us-west-2:200000000013:natgateway/nat-6ee37b46912f,nat-6ee37b46912f,NAT Gateway,us-west-2,US West (Oregon),,,,,,,,,,,"{""Environment"":""prod"",""CostCenter"":""cc-2087"",""Owner"":""team-data""}"
AWS,AWS,AWS,INV-2026-05-0002,100000000002,ExampleCorp Secondary Payer,Payer Account,200000000014,sandbox-dev,Linked Account,2026-05-01T00:00:00Z,2026-06-01T00:00:00Z,2026-05-24T00:00:00Z,2026-05-25T00:00:00Z,Usage,,NAT gateway data processed,Usage-Based,14.8257702,14.8257702,16.473078,14.8257702,0.0450000000,0.0405000000,Standard,366.0684,GB,USD,0.0405000000,14.8257702,0.0450000000,USD,366.0684,GB,AmazonVPC,Networking,Network Connectivity,SKU-0a48b40b1fa86593309c0c4c,Data Transfer,SPRICE-b948c57b4c22bb2955afff1a,"{""x_TransferType"":""InterAZ""}",arn:aws:ec2:ap-southeast-1:200000000014:natgateway/nat-3911b21703b6,nat-3911b21703b6,NAT Gateway,ap-southeast-1,Asia Pacific (Singapore),,,,,,,,,,,"{""Environment"":""staging"",""CostCenter"":""cc-3110"",""Owner"":""team-platform""}"
AWS,AWS,AWS,INV-2026-05-0001,100000000001,ExampleCorp Master Payer,Payer Account,200000000013,data-analytics,Linked Account,2026-05-01T00:00:00Z,2026-06-01T00:00:00Z,2026-05-25T00:00:00Z,2026-05-26T00:00:00Z,Usage,,Custom metrics,Usage-Based,47.550618,47.550618,52.83402,47.550618,0.3000000000,0.2700000000,Standard,176.1134,Metrics,EUR,0.2484000000,43.74656856,0.2760000000,USD,176.1134,Metrics,AmazonCloudWatch,Management and Governance,Observability,SKU-2491f45dad51aaef563400a5,Monitoring,SPRICE-79598eeff4b7ed7d0c3ec4f6,"{""x_MetricType"":""Custom""}",arn:aws:cloudwatch:us-east-1:200000000013:metric/metric-197f204d7936,metric-197f204d7936,Metric,us-east-1,US East (N. Virginia),,,,,,,,,,,"{""Environment"":""dev"",""CostCenter"":""cc-1042"",""Owner"":""team-data""}"
AWS,AWS,AWS,INV-2026-05-0001,100000000001,ExampleCorp Master Payer,Payer Account,200000000011,prod-platform,Linked Account,2026-05-01T00:00:00Z,2026-06-01T00:00:00Z,2026-05-26T00:00:00Z,2026-05-27T00:00:00Z,Usage,,Custom metrics,Usage-Based,33.222501,33.222501,36.91389,33.222501,0.3000000000,0.2700000000,Standard,123.0463,Metrics,USD,0.2700000000,33.222501,0.3000000000,USD,123.0463,Metrics,AmazonCloudWatch,Management and Governance,Observability,SKU-917addcfe26d359456f585f4,Monitoring,SPRICE-bfed9ccd55f51b42ca94dd2b,"{""x_MetricType"":""Custom""}",arn:aws:cloudwatch:eu-west-1:200000000011:metric/metric-aa066c077a97,metric-aa066c077a97,Metric,eu-west-1,EU (Ireland),,,,,,,,,,,"{""Environment"":""staging"",""CostCenter"":""cc-1042"",""Owner"":""team-platform""}"
AWS,AWS,AWS,INV-2026-05-0002,100000000002,ExampleCorp Secondary Payer,Payer Account,200000000012,staging-platform,Linked Account,2026-05-01T00:00:00Z,2026-06-01T00:00:00Z,2026-05-27T00:00:00Z,2026-05-28T00:00:00Z,Usage,,DynamoDB on-demand write requests,Usage-Based,2.1367907708625,2.1367907708625,2.374211967625,2.1367907708625,0.0000012500,0.0000011250,Standard,1899369.5741,Requests,USD,0.0000011250,2.1367907708625,0.0000012500,USD,1899369.5741,Requests,AmazonDynamoDB,Databases,NoSQL Databases,SKU-687affd9645b52f0bac81a2c,Database,SPRICE-716c8854825bf7430db8e755,"{""x_CapacityMode"":""On-Demand""}",arn:aws:dynamodb:us-west-2:200000000012:table/table-93e81b75aaaa,table-93e81b75aaaa,DynamoDB Table,us-west-2,US West (Oregon),,,,,,,,,,,"{""Environment"":""staging"",""CostCenter"":""cc-3110"",""Owner"":""team-payments""}"
AWS,AWS,AWS,INV-2026-05-0002,100000000002,ExampleCorp Secondary Payer,Payer Account,200000000011,prod-platform,Linked Account,2026-05-01T00:00:00Z,2026-06-01T00:00:00Z,2026-05-11T11:00:00Z,2026-05-11T12:00:00Z,Usage,,Linux on-demand m6i.large,Usage-Based,0.0864,0.0864,0.096,0.0864,0.0960000000,0.0864000000,Standard,1.0000,Hours,USD,0.0864000000,0.0864,0.0960000000,USD,1.0000,Hours,AmazonEC2,Compute,Virtual Machines,SKU-ca9c2ba97f0b30fb137ef130,Compute,SPRICE-d7f4030fc2a8b65799f6b437,"{""InstanceType"":""m6i.large"",""InstanceSeries"":""M6i"",""CoreCount"":2,""MemorySize"":8,""OperatingSystem"":""Linux"",""x_Tenancy"":""Shared""}",arn:aws:ec2:eu-west-1:200000000011:instance/i-9c2f15375716,i-9c2f15375716,EC2 Instance,eu-west-1,EU (Ireland),eu-west-1b,,,,,,,,,,"{""Environment"":""staging"",""CostCenter"":""cc-1042"",""Owner"":""team-platform""}"
AWS,AWS,AWS,INV-2026-05-0002,100000000002,ExampleCorp Secondary Payer,Payer Account,200000000013,data-analytics,Linked Account,2026-05-01T00:00:00Z,2026-06-01T00:00:00Z,2026-05-11T12:00:00Z,2026-05-11T13:00:00Z,Usage,,Linux on-demand m6i.large,Usage-Based,0.0864,0.0864,0.096,0.0864,0.0960000000,0.0864000000,Standard,1.0000,Hours,USD,0.0864000000,0.0864,0.0960000000,USD,1.0000,Hours,AmazonEC2,Compute,Virtual Machines,SKU-e0e295f006e6a0732dd5f77b,Compute,SPRICE-98f5ebeb1125d6e984c27bb1,"{""InstanceType"":""m6i.large"",""InstanceSeries"":""M6i"",""CoreCount"":2,""MemorySize"":8,""OperatingSystem"":""Linux"",""x_Tenancy"":""Shared""}",arn:aws:ec2:us-west-2:200000000013:instance/i-e2791b6babcd,i-e2791b6babcd,EC2 Instance,us-west-2,US West (Oregon),us-west-2b,,,,,,,,,,"{""Environment"":""prod"",""CostCenter"":""cc-3110"",""Owner"":""team-data""}"
AWS,AWS,AWS,INV-2026-05-0001,100000000001,ExampleCorp Master Payer,Payer Account,200000000012,staging-platform,Linked Account,2026-05-01T00:00:00Z,2026-06-01T00:00:00Z,2026-05-02T00:00:00Z,2026-05-03T00:00:00Z,Usage,,Custom metrics,Usage-Based,25.100199,25.100199,27.88911,25.100199,0.3000000000,0.2700000000,Standard,92.9637,Metrics,USD,0.2700000000,25.100199,0.3000000000,USD,92.9637,Metrics,AmazonCloudWatch,Management and Governance,Observability,SKU-2491f45dad51aaef563400a5,Monitoring,SPRICE-5131bac450b55b26fd0cdc7e,"{""x_MetricType"":""Custom""}",arn:aws:cloudwatch:us-east-1:200000000012:metric/metric-812229e7e1e3,metric-812229e7e1e3,Metric,us-east-1,US East (N. Virginia),,,,,,,,,,,"{""Environment"":""dev"",""CostCenter"":""cc-3110"",""Owner"":""team-data""}"
AWS,AWS,AWS,INV-2026-05-0001,100000000001,ExampleCorp Master Payer,Payer Account,200000000011,prod-platform,Linked Account,2026-05-01T00:00:00Z,2026-06-01T00:00:00Z,2026-05-07T18:00:00Z,2026-05-07T19:00:00Z,Tax,,Synthetic tax 10% on usage record 163: AmazonRDS,One-Time,0.0216,0.0216,0.024,0.0216,,,,,,USD,,0.0216,,USD,,,AmazonRDS,Databases,Relational Databases,,,,,,,,,,,,,,,,,,,,"{""Environment"":""dev"",""CostCenter"":""cc-1042"",""Owner"":""team-payments""}"
AWS,AWS,AWS,INV-2026-05-0002,100000000002,ExampleCorp Secondary Payer,Payer Account,200000000013,data-analytics,Linked Account,2026-05-01T00:00:00Z,2026-06-01T00:00:00Z,2026-05-01T00:00:00Z,2026-06-01T00:00:00Z,Usage,,S3 Standard storage,Usage-Based,54.00577836,54.00577836,60.0064204,54.00577836,0.0230000000,0.0207000000,Standard,2608.9748,GB-Months,USD,0.0207000000,54.00577836,0.0230000000,USD,2608.9748,GB-Months,AmazonS3,Storage,Object Storage,SKU-6042c508b21761919a0ed516,Storage,SPRICE-d35afe08308f10d3695aa71d,"{""StorageClass"":""Standard"",""Redundancy"":""Zonal""}",arn:aws:s3:eu-west-1:200000000013:bucket/bucket-1680893b0e1e,bucket-1680893b0e1e,S3 Bucket,eu-west-1,EU (Ireland),,,,,,,,,,,"{""Environment"":""prod"",""CostCenter"":""cc-3110"",""Owner"":""team-payments""}"
AWS,AWS,AWS,INV-2026-05-0001,100000000001,ExampleCorp Master Payer,Payer Account,200000000014,sandbox-dev,Linked Account,2026-05-01T00:00:00Z,2026-06-01T00:00:00Z,2026-05-05T00:00:00Z,2026-05-06T00:00:00Z,Usage,,Glue ETL job run,Usage-Based,32.481504,32.481504,36.09056,32.481504,0.4400000000,0.3960000000,Standard,82.0240,DPU-Hours,USD,0.3960000000,32.481504,0.4400000000,USD,82.0240,DPU-Hours,AWSGlue,Analytics,Data Processing,SKU-8cd75c3064ca6c4c85c43ce6,Data Processing,SPRICE-31964d215aa8bccf440b844b,"{""x_WorkerType"":""G.1X""}",arn:aws:glue:eu-west-1:200000000014:job/job-efae5e894331,job-efae5e894331,Glue Job,eu-west-1,EU (Ireland),,,,,,,,,,,"{""Environment"":""staging"",""CostCenter"":""cc-1042"",""Owner"":""team-payments""}"
AWS,AWS,AWS,INV-2026-05-0002,100000000002,ExampleCorp Secondary Payer,Payer Account,200000000014,sandbox-dev,Linked Account,2026-05-01T00:00:00Z,2026-06-01T00:00:00Z,2026-05-11T17:00:00Z,2026-05-11T18:00:00Z,Usage,,Lambda function duration,Usage-Based,34.9771272225,34.9771272225,38.86355241861605,34.9771272225,0.0000166667,0.0000150000,Standard,2331808.4815,GB-Seconds,USD,0.0000150000,34.9771272225,0.0000166667,USD,2331808.4815,GB-Seconds,AWSLambda,Compute,Serverless Compute,SKU-10b7f1c880ad0bc78efd30e2,Compute,SPRICE-a9f6b13fa92ac1d53f2f387c,"{""x_Runtime"":""python3.12"",""x_Architecture"":""arm64""}",arn:aws:lambda:ap-southeast-1:200000000014:function/fn-4ee7405b844a,fn-4ee7405b844a,Lambda Function,ap-southeast-1,Asia Pacific (Singapore),,,,,,,,,,,"{""Environment"":""staging"",""CostCenter"":""cc-2087"",""Owner"":""team-platform""}"
AWS,AWS,AWS,INV-2026-05-0001,100000000001,ExampleCorp Master Payer,Payer Account,200000000014,sandbox-dev,Linked Account,2026-05-01T00:00:00Z,2026-06-01T00:00:00Z,2026-05-11T18:00:00Z,2026-05-11T19:00:00Z,Usage,,Lambda function duration,Usage-Based,56.6705994495,56.6705994495,62.96745865633211,56.6705994495,0.0000166667,0.0000150000,Standard,3778039.9633,GB-Seconds,EUR,0.0000138000,52.13695149354,0.0000153334,USD,3778039.9633,GB-Seconds,AWSLambda,Compute,Serverless Compute,SKU-7828f3c3be040bf04a99c13a,Compute,SPRICE-6184f12aac3b9e897d7d8c90,"{""x_Runtime"":""python3.12"",""x_Architecture"":""arm64""}",arn:aws:lambda:eu-west-1:200000000014:function/fn-6faf40d71083,fn-6faf40d71083,Lambda Function,eu-west-1,EU (Ireland),,,,,,,,,,,"{""Environment"":""staging"",""CostCenter"":""cc-3110"",""Owner"":""team-data""}"
AWS,AWS,AWS,INV-2026-05-0001,100000000001,ExampleCorp Master Payer,Payer Account,200000000012,staging-platform,Linked Account,2026-05-01T00:00:00Z,2026-06-01T00:00:00Z,2026-05-11T19:00:00Z,2026-05-11T20:00:00Z,Usage,,RDS PostgreSQL db.r6g.large,Usage-Based,0.216,0.216,0.24,0.216,0.2400000000,0.2160000000,Standard,1.0000,Hours,EUR,0.1987200000,0.19872,0.2208000000,USD,1.0000,Hours,AmazonRDS,Databases,Relational Databases,SKU-d70ac0acbdfcb8de90bd881a,Database,SPRICE-7d4463a779fe1b874f386cb4,"{""InstanceType"":""db.r6g.large"",""InstanceSeries"":""R6g"",""CoreCount"":2,""MemorySize"":16,""x_Engine"":""PostgreSQL""}",arn:aws:rds:us-west-2:200000000012:db/db-205e6e7499ec,db-205e6e7499ec,RDS Instance,us-west-2,US West (Oregon),,,,,,,,,,,"{""Environment"":""staging"",""CostCenter"":""cc-3110"",""Owner"":""team-data""}"
AWS,AWS,AWS,INV-2026-05-0002,100000000002,ExampleCorp Secondary Payer,Payer Account,200000000012,staging-platform,Linked Account,2026-05-01T00:00:00Z,2026-06-01T00:00:00Z,2026-05-09T00:00:00Z,2026-05-10T00:00:00Z,Purchase,,AWSGlue subscription fee,Recurring,135.37,135.37,135.37,135.37,135.37,135.37,Standard,1,Units,USD,135.3700000000,135.37,135.3700000000,USD,,,AWSGlue,Analytics,Data Processing,SKU-700ac91fdcb81e1d8ed742fe,Subscription,SPRICE-4781c7049739a526905d9661,"{""x_ChargeType"": ""SubscriptionFee""}",arn:aws:glue:us-east-1:200000000012:job/job-afb76ce07377,job-afb76ce07377,Glue Job,us-east-1,US East (N. Virginia),,,,,,,,,,,"{""Environment"":""dev"",""CostCenter"":""cc-1042"",""Owner"":""team-data""}"
AWS,AWS,AWS,INV-2026-05-0002,100000000002,ExampleCorp Secondary Payer,Payer Account,200000000011,prod-platform,Linked Account,2026-05-01T00:00:00Z,2026-06-01T00:00:00Z,2026-05-11T21:00:00Z,2026-05-11T22:00:00Z,Usage,,Lambda function duration,Usage-Based,63.6870364635,63.6870364635,70.76351537508103,63.6870364635,0.0000166667,0.0000150000,Standard,4245802.4309,GB-Seconds,USD,0.0000150000,63.6870364635,0.0000166667,USD,4245802.4309,GB-Seconds,AWSLambda,Compute,Serverless Compute,SKU-67dc4ce0843e58b6125cbdce,Compute,SPRICE-227d5491bbfb36c4f69bea63,"{""x_Runtime"":""python3.12"",""x_Architecture"":""arm64""}",arn:aws:lambda:us-east-1:200000000011:function/fn-d6377b6a6901,fn-d6377b6a6901,Lambda Function,us-east-1,US East (N. Virginia),,,,,,,,,,,"{""Environment"":""prod"",""CostCenter"":""cc-2087"",""Owner"":""team-data""}"
AWS,AWS,AWS,INV-2026-05-0001,100000000001,ExampleCorp Master Payer,Payer Account,200000000012,staging-platform,Linked Account,2026-05-01T00:00:00Z,2026-06-01T00:00:00Z,2026-05-11T22:00:00Z,2026-05-11T23:00:00Z,Usage,,RDS PostgreSQL db.r6g.large,Usage-Based,0.216,0.216,0.24,0.216,0.2400000000,0.2160000000,Standard,1.0000,Hours,USD,0.2160000000,0.216,0.2400000000,USD,1.0000,Hours,AmazonRDS,Databases,Relational Databases,SKU-89bc59af83de149a442b21d0,Database,SPRICE-887d5388c52a801df4d42ba1,"{""InstanceType"":""db.r6g.large"",""InstanceSeries"":""R6g"",""CoreCount"":2,""MemorySize"":16,""x_Engine"":""PostgreSQL""}",arn:aws:rds:us-east-1:200000000012:db/db-97c3c09c5f31,db-97c3c09c5f31,RDS Instance,us-east-1,US East (N. Virginia),,,,,,,,,,,"{""Environment"":""dev"",""CostCenter"":""cc-1042"",""Owner"":""team-platform""}"
AWS,AWS,AWS,INV-2026-05-0001,100000000001,ExampleCorp Master Payer,Payer Account,200000000011,prod-platform,Linked Account,2026-05-01T00:00:00Z,2026-06-01T00:00:00Z,2026-05-12T00:00:00Z,2026-05-13T00:00:00Z,Usage,,Custom metrics,Usage-Based,48.099042,48.099042,53.44338,48.099042,0.3000000000,0.2700000000,Standard,178.1446,Metrics,USD,0.2700000000,48.099042,0.3000000000,USD,178.1446,Metrics,AmazonCloudWatch,Management and Governance,Observability,SKU-917addcfe26d359456f585f4,Monitoring,SPRICE-bfed9ccd55f51b42ca94dd2b,"{""x_MetricType"":""Custom""}",arn:aws:cloudwatch:eu-west-1:200000000011:metric/metric-68328e4fc1a0,metric-68328e4fc1a0,Metric,eu-west-1,EU (Ireland),,,,,,,,,,,"{""Environment"":""prod"",""CostCenter"":""cc-1042"",""Owner"":""team-platform""}"
AWS,AWS,AWS,INV-2026-05-0001,100000000001,ExampleCorp Master Payer,Payer Account,200000000011,prod-platform,Linked Account,2026-05-01T00:00:00Z,2026-06-01T00:00:00Z,2026-05-13T00:00:00Z,2026-05-14T00:00:00Z,Usage,,Custom metrics,Usage-Based,40.453965,40.453965,44.94885,40.453965,0.3000000000,0.2700000000,Standard,149.8295,Metrics,USD,0.2700000000,40.453965,0.3000000000,USD,149.8295,Metrics,AmazonCloudWatch,Management and Governance,Observability,SKU-34e5538fb30cbad0ab6e9eda,Monitoring,SPRICE-7775836205fc8d4f07876728,"{""x_MetricType"":""Custom""}",arn:aws:cloudwatch:us-west-2:200000000011:metric/metric-313fcee45019,metric-313fcee45019,Metric,us-west-2,US West (Oregon),,,,,,,,,,,"{""Environment"":""prod"",""CostCenter"":""cc-2087"",""Owner"":""team-data""}"
AWS,AWS,AWS,INV-2026-05-0001,100000000001,ExampleCorp Master Payer,Payer Account,200000000011,prod-platform,Linked Account,2026-05-01T00:00:00Z,2026-06-01T00:00:00Z,2026-05-16T04:00:00Z,2026-05-16T05:00:00Z,Tax,,Synthetic tax 10% on usage record 365: AWSLambda,One-Time,2.3576896554,2.3576896554,2.619660411977012,2.3576896554,,,,,,USD,,2.3576896554,,USD,,,AWSLambda,Compute,Serverless Compute,,,,,,,,,,,,,,,,,,,,"{""Environment"":""staging"",""CostCenter"":""cc-3110"",""Owner"":""team-platform""}"
AWS,AWS,AWS,INV-2026-05-0001,100000000001,ExampleCorp Master Payer,Payer Account,200000000014,sandbox-dev,Linked Account,2026-05-01T00:00:00Z,2026-06-01T00:00:00Z,2026-05-12T02:00:00Z,2026-05-12T03:00:00Z,Usage,,Linux on-demand m6i.large,Usage-Based,0.0864,0.0864,0.096,0.0864,0.0960000000,0.0864000000,Standard,1.0000,Hours,USD,0.0864000000,0.0864,0.0960000000,USD,1.0000,Hours,AmazonEC2,Compute,Virtual Machines,SKU-736a4dd80178572d8370293d,Compute,SPRICE-c862323f09b487c42efb1c6b,"{""InstanceType"":""m6i.large"",""InstanceSeries"":""M6i"",""CoreCount"":2,""MemorySize"":8,""OperatingSystem"":""Linux"",""x_Tenancy"":""Shared""}",arn:aws:ec2:us-east-1:200000000014:instance/i-37e9573cd043,i-37e9573cd043,EC2 Instance,us-east-1,US East (N. Virginia),us-east-1b,,,,,,,,,,"{""Environment"":""staging"",""CostCenter"":""cc-3110"",""Owner"":""team-data""}"
AWS,AWS,AWS,INV-2026-05-0002,100000000002,ExampleCorp Secondary Payer,Payer Account,200000000014,sandbox-dev,Linked Account,2026-05-01T00:00:00Z,2026-06-01T00:00:00Z,2026-05-01T00:00:00Z,2026-06-01T00:00:00Z,Usage,,S3 Standard storage,Usage-Based,141.92318682,141.92318682,157.6924298,141.92318682,0.0230000000,0.0207000000,Standard,6856.1926,GB-Months,USD,0.0207000000,141.92318682,0.0230000000,USD,6856.1926,GB-Months,AmazonS3,Storage,Object Storage,SKU-36fb3a972f2cdabe2e87e8f5,Storage,SPRICE-2e0d1e6fc7695c1a2fe50a1a,"{""StorageClass"":""Standard"",""Redundancy"":""Zonal""}",arn:aws:s3:us-west-2:200000000014:bucket/bucket-1230c1acaa38,bucket-1230c1acaa38,S3 Bucket,us-west-2,US West (Oregon),,,,,,,,,,,"{""Environment"":""staging"",""CostCenter"":""cc-3110"",""Owner"":""team-data""}"
AWS,AWS,AWS,INV-2026-05-0001,100000000001,ExampleCorp Master Payer,Payer Account,200000000011,prod-platform,Linked Account,2026-05-01T00:00:00Z,2026-06-01T00:00:00Z,2026-05-17T00:00:00Z,2026-05-18T00:00:00Z,Usage,,NAT gateway data processed,Usage-Based,14.77578105,14.77578105,16.4175345,14.77578105,0.0450000000,0.0405000000,Standard,364.8341,GB,USD,0.0405000000,14.77578105,0.0450000000,USD,364.8341,GB,AmazonVPC,Networking,Network Connectivity,SKU-3d9b08c72ec44814e0bd4e25,Data Transfer,SPRICE-5df2ff31768360bf23008ec4,"{""x_TransferType"":""InterAZ""}",arn:aws:ec2:eu-west-1:200000000011:natgateway/nat-d17680f2d6ca,nat-d17680f2d6ca,NAT Gateway,eu-west-1,EU (Ireland),,,,,,,,,,,"{""Environment"":""dev"",""CostCenter"":""cc-2087"",""Owner"":""team-payments""}"
AWS,AWS,AWS,INV-2026-05-0002,100000000002,ExampleCorp Secondary Payer,Payer Account,200000000012,staging-platform,Linked Account,2026-05-01T00:00:00Z,2026-06-01T00:00:00Z,2026-05-12T05:00:00Z,2026-05-12T06:00:00Z,Usage,,Linux on-demand m6i.large,Usage-Based,0.0864,0.0864,0.096,0.0864,0.0960000000,0.0864000000,Standard,1.0000,Hours,USD,0.0864000000,0.0864,0.0960000000,USD,1.0000,Hours,AmazonEC2,Compute,Virtual Machines,SKU-ca9c2ba97f0b30fb137ef130,Compute,SPRICE-d7f4030fc2a8b65799f6b437,"{""InstanceType"":""m6i.large"",""InstanceSeries"":""M6i"",""CoreCount"":2,""MemorySize"":8,""OperatingSystem"":""Linux"",""x_Tenancy"":""Shared""}",arn:aws:ec2:eu-west-1:200000000012:instance/i-52c29dcc95d1,i-52c29dcc95d1,EC2 Instance,eu-west-1,EU (Ireland),eu-west-1a,,,,,,,,,,"{""Environment"":""dev"",""CostCenter"":""cc-3110"",""Owner"":""team-platform""}"
AWS,AWS,AWS,INV-2026-05-0001,100000000001,ExampleCorp Master Payer,Payer Account,200000000012,staging-platform,Linked Account,2026-05-01T00:00:00Z,2026-06-01T00:00:00Z,2026-05-19T00:00:00Z,2026-05-20T00:00:00Z,Usage,,NAT gateway data processed,Usage-Based,1.27283805,1.27283805,1.4142645,1.27283805,0.0450000000,0.0405000000,Standard,31.4281,GB,USD,0.0405000000,1.27283805,0.0450000000,USD,31.4281,GB,AmazonVPC,Networking,Network Connectivity,SKU-38ae1a660e2cadb9d64ca8e5,Data Transfer,SPRICE-974405df44bbf0808ce048b9,"{""x_TransferType"":""InterAZ""}",arn:aws:ec2:us-west-2:200000000012:natgateway/nat-efdb3a6b084d,nat-efdb3a6b084d,NAT Gateway,us-west-2,US West (Oregon),,,,,,,,,,,"{""Environment"":""dev"",""CostCenter"":""cc-1042"",""Owner"":""team-data""}"
AWS,AWS,AWS,INV-2026-05-0001,100000000001,ExampleCorp Master Payer,Payer Account,200000000012,staging-platform,Linked Account,2026-05-01T00:00:00Z,2026-06-01T00:00:00Z,2026-05-20T00:00:00Z,2026-05-21T00:00:00Z,Usage,,NAT gateway data processed,Usage-Based,13.6444338,13.6444338,15.160482,13.6444338,0.0450000000,0.0405000000,Standard,336.8996,GB,EUR,0.0372600000,12.552879096,0.0414000000,USD,336.8996,GB,AmazonVPC,Networking,Network Connectivity,SKU-935abd9125f7268b4f0eb1ad,Data Transfer,SPRICE-3e32128e943204700280bcac,"{""x_TransferType"":""InterAZ""}",arn:aws:ec2:us-east-1:200000000012:natgateway/nat-2da8ffecc4c9,nat-2da8ffecc4c9,NAT Gateway,us-east-1,US East (N. Virginia),,,,,,,,,,,"{""Environment"":""prod"",""CostCenter"":""cc-1042"",""Owner"":""team-platform""}"
AWS,AWS,AWS,INV-2026-05-0002,100000000002,ExampleCorp Secondary Payer,Payer Account,200000000013,data-analytics,Linked Account,2026-05-01T00:00:00Z,2026-06-01T00:00:00Z,2026-05-21T00:00:00Z,2026-05-22T00:00:00Z,Usage,,NAT gateway data processed,Usage-Based,4.01263065,4.01263065,4.4584785,4.01263065,0.0450000000,0.0405000000,Standard,99.0773,GB,USD,0.0405000000,4.01263065,0.0450000000,USD,99.0773,GB,AmazonVPC,Networking,Network Connectivity,SKU-3d9b08c72ec44814e0bd4e25,Data Transfer,SPRICE-5df2ff31768360bf23008ec4,"{""x_TransferType"":""InterAZ""}",arn:aws:ec2:eu-west-1:200000000013:natgateway/nat-434ee2b85af4,nat-434ee2b85af4,NAT Gateway,eu-west-1,EU (Ireland),,,,,,,,,,,"{""Environment"":""dev"",""CostCenter"":""cc-1042"",""Owner"":""team-payments""}"
AWS,AWS,AWS,INV-2026-05-0001,100000000001,ExampleCorp Master Payer,Payer Account,200000000012,staging-platform,Linked Account,2026-05-01T00:00:00Z,2026-06-01T00:00:00Z,2026-05-12T09:00:00Z,2026-05-12T10:00:00Z,Usage,,Linux on-demand m6i.large,Usage-Based,0.0864,0.0864,0.096,0.0864,0.0960000000,0.0864000000,Standard,1.0000,Hours,USD,0.0864000000,0.0864,0.0960000000,USD,1.0000,Hours,AmazonEC2,Compute,Virtual Machines,SKU-093c0d7a3a0491f8523e34c8,Compute,SPRICE-bab283475cbbabd222878e74,"{""InstanceType"":""m6i.large"",""InstanceSeries"":""M6i"",""CoreCount"":2,""MemorySize"":8,""OperatingSystem"":""Linux"",""x_Tenancy"":""Shared""}",arn:aws:ec2:ap-southeast-1:200000000012:instance/i-10a2456e8ca8,i-10a2456e8ca8,EC2 Instance,ap-southeast-1,Asia Pacific (Singapore),ap-southeast-1a,,,,,,,,,,"{""Environment"":""staging"",""CostCenter"":""cc-2087"",""Owner"":""team-platform""}"
AWS,AWS,AWS,INV-2026-05-0002,100000000002,ExampleCorp Secondary Payer,Payer Account,200000000013,data-analytics,Linked Account,2026-05-01T00:00:00Z,2026-06-01T00:00:00Z,2026-05-21T00:00:00Z,2026-05-22T00:00:00Z,Tax,,Synthetic tax 10% on usage record 945: AmazonVPC,One-Time,0.401263065,0.401263065,0.44584785,0.401263065,,,,,,USD,,0.401263065,,USD,,,AmazonVPC,Networking,Network Connectivity,,,,,,,,,,,,,,,,,,,,"{""Environment"":""dev"",""CostCenter"":""cc-1042"",""Owner"":""team-payments""}"
AWS,AWS,AWS,INV-2026-05-0002,100000000002,ExampleCorp Secondary Payer,Payer Account,200000000012,staging-platform,Linked Account,2026-05-01T00:00:00Z,2026-06-01T00:00:00Z,2026-05-24T00:00:00Z,2026-05-25T00:00:00Z,Usage,,Glue ETL job run,Usage-Based,29.7921888,29.7921888,33.102432,29.7921888,0.4400000000,0.3960000000,Standard,75.2328,DPU-Hours,USD,0.3960000000,29.7921888,0.4400000000,USD,75.2328,DPU-Hours,AWSGlue,Analytics,Data Processing,SKU-8cd75c3064ca6c4c85c43ce6,Data Processing,SPRICE-31964d215aa8bccf440b844b,"{""x_WorkerType"":""G.1X""}",arn:aws:glue:eu-west-1:200000000012:job/job-db5f695c5355,job-db5f695c5355,Glue Job,eu-west-1,EU (Ireland),,,,,,,,,,,"{""Environment"":""staging"",""CostCenter"":""cc-1042"",""Owner"":""team-data""}"
AWS,AWS,AWS,INV-2026-05-0001,100000000001,ExampleCorp Master Payer,Payer Account,200000000011,prod-platform,Linked Account,2026-05-01T00:00:00Z,2026-06-01T00:00:00Z,2026-05-12T12:00:00Z,2026-05-12T13:00:00Z,Usage,,RDS PostgreSQL db.r6g.large,Usage-Based,0.216,0.216,0.24,0.216,0.2400000000,0.2160000000,Standard,1.0000,Hours,USD,0.2160000000,0.216,0.2400000000,USD,1.0000,Hours,AmazonRDS,Databases,Relational Databases,SKU-d70ac0acbdfcb8de90bd881a,Database,SPRICE-526e7acd56433e6d3c551cac,"{""InstanceType"":""db.r6g.large"",""InstanceSeries"":""R6g"",""CoreCount"":2,""MemorySize"":16,""x_Engine"":""PostgreSQL""}",arn:aws:rds:us-west-2:200000000011:db/db-196fcc5a9f98,db-196fcc5a9f98,RDS Instance,us-west-2,US West (Oregon),,,,,,,,,,,"{""Environment"":""staging"",""CostCenter"":""cc-1042"",""Owner"":""team-platform""}"
AWS,AWS,AWS,INV-2026-05-0001,100000000001,ExampleCorp Master Payer,Payer Account,200000000014,sandbox-dev,Linked Account,2026-05-01T00:00:00Z,2026-06-01T00:00:00Z,2026-05-12T13:00:00Z,2026-05-12T14:00:00Z,Usage,,Lambda function duration,Usage-Based,17.726717082,17.726717082,19.69639170603796,17.726717082,0.0000166667,0.0000150000,Standard,1181781.1388,GB-Seconds,USD,0.0000150000,17.726717082,0.0000166667,USD,1181781.1388,GB-Seconds,AWSLambda,Compute,Serverless Compute,SKU-10b7f1c880ad0bc78efd30e2,Compute,SPRICE-a9f6b13fa92ac1d53f2f387c,"{""x_Runtime"":""python3.12"",""x_Architecture"":""arm64""}",arn:aws:lambda:ap-southeast-1:200000000014:function/fn-6c3c6a2fd1dd,fn-6c3c6a2fd1dd,Lambda Function,ap-southeast-1,Asia Pacific (Singapore),,,,,,,,,,,"{""Environment"":""dev"",""CostCenter"":""cc-3110"",""Owner"":""team-platform""}"
AWS,AWS,AWS,INV-2026-05-0001,100000000001,ExampleCorp Master Payer,Payer Account,200000000012,staging-platform,Linked Account,2026-05-01T00:00:00Z,2026-06-01T00:00:00Z,2026-05-27T00:00:00Z,2026-05-28T00:00:00Z,Usage,,Glue ETL job run,Usage-Based,15.0853428,15.0853428,16.761492,15.0853428,0.4400000000,0.3960000000,Standard,38.0943,DPU-Hours,USD,0.3960000000,15.0853428,0.4400000000,USD,38.0943,DPU-Hours,AWSGlue,Analytics,Data Processing,SKU-8cd75c3064ca6c4c85c43ce6,Data Processing,SPRICE-31964d215aa8bccf440b844b,"{""x_WorkerType"":""G.1X""}",arn:aws:glue:eu-west-1:200000000012:job/job-b13022fe849e,job-b13022fe849e,Glue Job,eu-west-1,EU (Ireland),,,,,,,,,,,"{""Environment"":""dev"",""CostCenter"":""cc-1042"",""Owner"":""team-payments""}"
AWS,AWS,AWS,INV-2026-05-0002,100000000002,ExampleCorp Secondary Payer,Payer Account,200000000012,staging-platform,Linked Account,2026-05-01T00:00:00Z,2026-06-01T00:00:00Z,2026-05-07T00:00:00Z,2026-05-08T00:00:00Z,Tax,,Synthetic tax 10% on usage record 847: AmazonVPC,One-Time,0.38399994,0.38399994,0.4266666,0.38399994,,,,,,USD,,0.38399994,,USD,,,AmazonVPC,Networking,Network Connectivity,,,,,,,,,,,,,,,,,,,,"{""Environment"":""prod"",""CostCenter"":""cc-2087"",""Owner"":""team-data""}"
AWS,AWS,AWS,INV-2026-05-0002,100000000002,ExampleCorp Secondary Payer,Payer Account,200000000011,prod-platform,Linked Account,2026-05-01T00:00:00Z,2026-06-01T00:00:00Z,2026-05-01T00:00:00Z,2026-06-01T00:00:00Z,Usage,,S3 Standard storage,Usage-Based,130.8367512,130.8367512,145.374168,130.8367512,0.0230000000,0.0207000000,Standard,6320.6160,GB-Months,USD,0.0207000000,130.8367512,0.0230000000,USD,6320.6160,GB-Months,AmazonS3,Storage,Object Storage,SKU-ca447aa86bf44972e43c1f69,Storage,SPRICE-92e9b7d21ce3c83c68f72f47,"{""StorageClass"":""Standard"",""Redundancy"":""Zonal""}",arn:aws:s3:us-east-1:200000000011:bucket/bucket-b753cf11a49e,bucket-b753cf11a49e,S3 Bucket,us-east-1,US East (N. Virginia),,,,,,,,,,,"{""Environment"":""dev"",""CostCenter"":""cc-2087"",""Owner"":""team-payments""}"
AWS,AWS,AWS,INV-2026-05-0002,100000000002,ExampleCorp Secondary Payer,Payer Account,200000000011,prod-platform,Linked Account,2026-05-01T00:00:00Z,2026-06-01T00:00:00Z,2026-05-01T00:00:00Z,2026-06-01T00:00:00Z,Usage,,S3 Standard storage,Usage-Based,31.51899783,31.51899783,35.0211087,31.51899783,0.0230000000,0.0207000000,Standard,1522.6569,GB-Months,USD,0.0207000000,31.51899783,0.0230000000,USD,1522.6569,GB-Months,AmazonS3,Storage,Object Storage,SKU-ca447aa86bf44972e43c1f69,Storage,SPRICE-92e9b7d21ce3c83c68f72f47,"{""StorageClass"":""Standard"",""Redundancy"":""Zonal""}",arn:aws:s3:us-east-1:200000000011:bucket/bucket-807b4d174fad,bucket-807b4d174fad,S3 Bucket,us-east-1,US East (N. Virginia),,,,,,,,,,,"{""Environment"":""prod"",""CostCenter"":""cc-2087"",""Owner"":""team-platform""}"
AWS,AWS,AWS,INV-2026-05-0002,100000000002,ExampleCorp Secondary Payer,Payer Account,200000000013,data-analytics,Linked Account,2026-05-01T00:00:00Z,2026-06-01T00:00:00Z,2026-05-03T00:00:00Z,2026-05-04T00:00:00Z,Usage,,Glue ETL job run,Usage-Based,4.2719688,4.2719688,4.746632,4.2719688,0.4400000000,0.3960000000,Standard,10.7878,DPU-Hours,USD,0.3960000000,4.2719688,0.4400000000,USD,10.7878,DPU-Hours,AWSGlue,Analytics,Data Processing,SKU-118148093a04e718819dbb3f,Data Processing,SPRICE-f140a6944df35cbb51f25679,"{""x_WorkerType"":""G.1X""}",arn:aws:glue:us-west-2:200000000013:job/job-27faa2bd2c18,job-27faa2bd2c18,Glue Job,us-west-2,US West (Oregon),,,,,,,,,,,"{""Environment"":""staging"",""CostCenter"":""cc-1042"",""Owner"":""team-data""}"
AWS,AWS,AWS,INV-2026-05-0002,100000000002,ExampleCorp Secondary Payer,Payer Account,200000000014,sandbox-dev,Linked Account,2026-05-01T00:00:00Z,2026-06-01T00:00:00Z,2026-05-12T19:00:00Z,2026-05-12T20:00:00Z,Usage,,RDS PostgreSQL db.r6g.large,Usage-Based,0.216,0.216,0.24,0.216,0.2400000000,0.2160000000,Standard,1.0000,Hours,USD,0.2160000000,0.216,0.2400000000,USD,1.0000,Hours,AmazonRDS,Databases,Relational Databases,SKU-d70ac0acbdfcb8de90bd881a,Database,SPRICE-526e7acd56433e6d3c551cac,"{""InstanceType"":""db.r6g.large"",""InstanceSeries"":""R6g"",""CoreCount"":2,""MemorySize"":16,""x_Engine"":""PostgreSQL""}",arn:aws:rds:us-west-2:200000000014:db/db-c2542831c83a,db-c2542831c83a,RDS Instance,us-west-2,US West (Oregon),,,,,,,,,,,"{""Environment"":""staging"",""CostCenter"":""cc-1042"",""Owner"":""team-platform""}"
AWS,AWS,AWS,INV-2026-05-0002,100000000002,ExampleCorp Secondary Payer,Payer Account,200000000014,sandbox-dev,Linked Account,2026-05-01T00:00:00Z,2026-06-01T00:00:00Z,2026-05-01T00:00:00Z,2026-06-01T00:00:00Z,Usage,,S3 Standard storage,Usage-Based,128.88229446,128.88229446,143.2025494,128.88229446,0.0230000000,0.0207000000,Standard,6226.1978,GB-Months,USD,0.0207000000,128.88229446,0.0230000000,USD,6226.1978,GB-Months,AmazonS3,Storage,Object Storage,SKU-ca447aa86bf44972e43c1f69,Storage,SPRICE-92e9b7d21ce3c83c68f72f47,"{""StorageClass"":""Standard"",""Redundancy"":""Zonal""}",arn:aws:s3:us-east-1:200000000014:bucket/bucket-7124151d83a5,bucket-7124151d83a5,S3 Bucket,us-east-1,US East (N. Virginia),,,,,,,,,,,"{""Environment"":""prod"",""CostCenter"":""cc-3110"",""Owner"":""team-platform""}"
AWS,AWS,AWS,INV-2026-05-0001,100000000001,ExampleCorp Master Payer,Payer Account,200000000011,prod-platform,Linked Account,2026-05-01T00:00:00Z,2026-06-01T00:00:00Z,2026-05-12T21:00:00Z,2026-05-12T22:00:00Z,Purchase,,"Reserved Instance commitment, amortised for the charge period",Recurring,32.016,0,32.016,32.016,0.0640320000,0.0640320000,Standard,500,Hours,USD,0.0640320000,0,0.0640320000,USD,,,AmazonEC2,Compute,Virtual Machines,SKU-ba1af7dafc2193aba45d4ae1,Commitment,SPRICE-1c6c93011ba15ebad41d70b9,"{""x_PurchaseTerm"":""1yr"",""x_PaymentOption"":""NoUpfront""}",arn:aws:ec2:us-west-2::reservation/0855ce8a4e727dd9,reservation-da462cf9121d,Reserved Instance,us-west-2,US West (Oregon),,arn:aws:ec2:us-west-2::reservation/0855ce8a4e727dd9,EC2ReservedInstance-1yr-NoUpfront,Usage,Reserved Instance,,500,Hours,,,"{""Environment"":""prod"",""CostCenter"":""cc-3110"",""Owner"":""team-payments""}"
AWS,AWS,AWS,INV-2026-05-0001,100000000001,ExampleCorp Master Payer,Payer Account,200000000011,prod-platform,Linked Account,2026-05-01T00:00:00Z,2026-06-01T00:00:00Z,2026-05-12T21:00:00Z,2026-05-12T22:00:00Z,Usage,,AmazonEC2 committed usage of 500 machine-equivalents,Usage-Based,0,32.016,48,43.2,0.0960000000,0.0864000000,Committed,500,Hours,USD,0.0864000000,32.016,0.0960000000,USD,500,Hours,AmazonEC2,Compute,Virtual Machines,SKU-e0e295f006e6a0732dd5f77b,Compute,SPRICE-98f5ebeb1125d6e984c27bb1,"{""InstanceType"":""m6i.large"",""InstanceSeries"":""M6i"",""CoreCount"":2,""MemorySize"":8,""OperatingSystem"":""Linux"",""x_Tenancy"":""Shared""}",urn:focus-sample:aws:us-west-2:200000000011:compute-fleet:fleet1defb37b933c847aa87ed1df,fleet1defb37b933c847aa87ed1df,Compute Fleet,us-west-2,US West (Oregon),us-west-2b,arn:aws:ec2:us-west-2::reservation/0855ce8a4e727dd9,EC2ReservedInstance-1yr-NoUpfront,Usage,Reserved Instance,Used,500,Hours,,,"{""Environment"":""staging"",""CostCenter"":""cc-3110"",""Owner"":""team-platform"",""SyntheticFleetSize"":""500""}"
AWS,AWS,AWS,INV-2026-05-0001,100000000001,ExampleCorp Master Payer,Payer Account,200000000011,prod-platform,Linked Account,2026-05-01T00:00:00Z,2026-06-01T00:00:00Z,2026-05-12T22:00:00Z,2026-05-12T23:00:00Z,Purchase,,"Reserved Instance commitment, amortised for the charge period",Recurring,32.016,0,32.016,32.016,0.0640320000,0.0640320000,Standard,500,Hours,USD,0.0640320000,0,0.0640320000,USD,,,AmazonEC2,Compute,Virtual Machines,SKU-ba1af7dafc2193aba45d4ae1,Commitment,SPRICE-1c6c93011ba15ebad41d70b9,"{""x_PurchaseTerm"":""1yr"",""x_PaymentOption"":""NoUpfront""}",arn:aws:ec2:us-west-2::reservation/0855ce8a4e727dd9,reservation-da462cf9121d,Reserved Instance,us-west-2,US West (Oregon),,arn:aws:ec2:us-west-2::reservation/0855ce8a4e727dd9,EC2ReservedInstance-1yr-NoUpfront,Usage,Reserved Instance,,500,Hours,,,"{""Environment"":""staging"",""CostCenter"":""cc-2087"",""Owner"":""team-platform""}"
AWS,AWS,AWS,INV-2026-05-0001,100000000001,ExampleCorp Master Payer,Payer Account,200000000011,prod-platform,Linked Account,2026-05-01T00:00:00Z,2026-06-01T00:00:00Z,2026-05-12T22:00:00Z,2026-05-12T23:00:00Z,Usage,,AmazonEC2 committed usage of 500 machine-equivalents,Usage-Based,0,32.016,48,43.2,0.0960000000,0.0864000000,Committed,500,Hours,USD,0.0864000000,32.016,0.0960000000,USD,500,Hours,AmazonEC2,Compute,Virtual Machines,SKU-e0e295f006e6a0732dd5f77b,Compute,SPRICE-98f5ebeb1125d6e984c27bb1,"{""InstanceType"":""m6i.large"",""InstanceSeries"":""M6i"",""CoreCount"":2,""MemorySize"":8,""OperatingSystem"":""Linux"",""x_Tenancy"":""Shared""}",urn:focus-sample:aws:us-west-2:200000000011:compute-fleet:fleet1defb37b933c847aa87ed1df,fleet1defb37b933c847aa87ed1df,Compute Fleet,us-west-2,US West (Oregon),us-west-2b,arn:aws:ec2:us-west-2::reservation/0855ce8a4e727dd9,EC2ReservedInstance-1yr-NoUpfront,Usage,Reserved Instance,Used,500,Hours,,,"{""Environment"":""prod"",""CostCenter"":""cc-2087"",""Owner"":""team-data"",""SyntheticFleetSize"":""500""}"
AWS,AWS,AWS,INV-2026-05-0001,100000000001,ExampleCorp Master Payer,Payer Account,200000000011,prod-platform,Linked Account,2026-05-01T00:00:00Z,2026-06-01T00:00:00Z,2026-05-12T23:00:00Z,2026-05-13T00:00:00Z,Purchase,,"Reserved Instance commitment, amortised for the charge period",Recurring,32.016,0,32.016,32.016,0.0640320000,0.0640320000,Standard,500,Hours,USD,0.0640320000,0,0.0640320000,USD,,,AmazonEC2,Compute,Virtual Machines,SKU-ba1af7dafc2193aba45d4ae1,Commitment,SPRICE-1c6c93011ba15ebad41d70b9,"{""x_PurchaseTerm"":""1yr"",""x_PaymentOption"":""NoUpfront""}",arn:aws:ec2:us-west-2::reservation/0855ce8a4e727dd9,reservation-da462cf9121d,Reserved Instance,us-west-2,US West (Oregon),,arn:aws:ec2:us-west-2::reservation/0855ce8a4e727dd9,EC2ReservedInstance-1yr-NoUpfront,Usage,Reserved Instance,,500,Hours,,,"{""Environment"":""prod"",""CostCenter"":""cc-2087"",""Owner"":""team-platform""}"
AWS,AWS,AWS,INV-2026-05-0001,100000000001,ExampleCorp Master Payer,Payer Account,200000000011,prod-platform,Linked Account,2026-05-01T00:00:00Z,2026-06-01T00:00:00Z,2026-05-12T23:00:00Z,2026-05-13T00:00:00Z,Usage,,AmazonEC2 committed usage of 500 machine-equivalents,Usage-Based,0,32.016,48,43.2,0.0960000000,0.0864000000,Committed,500,Hours,USD,0.0864000000,32.016,0.0960000000,USD,500,Hours,AmazonEC2,Compute,Virtual Machines,SKU-e0e295f006e6a0732dd5f77b,Compute,SPRICE-98f5ebeb1125d6e984c27bb1,"{""InstanceType"":""m6i.large"",""InstanceSeries"":""M6i"",""CoreCount"":2,""MemorySize"":8,""OperatingSystem"":""Linux"",""x_Tenancy"":""Shared""}",urn:focus-sample:aws:us-west-2:200000000011:compute-fleet:fleet1defb37b933c847aa87ed1df,fleet1defb37b933c847aa87ed1df,Compute Fleet,us-west-2,US West (Oregon),us-west-2b,arn:aws:ec2:us-west-2::reservation/0855ce8a4e727dd9,EC2ReservedInstance-1yr-NoUpfront,Usage,Reserved Instance,Used,500,Hours,,,"{""Environment"":""dev"",""CostCenter"":""cc-2087"",""Owner"":""team-payments"",""SyntheticFleetSize"":""500""}"
AWS,AWS,AWS,INV-2026-05-0001,100000000001,ExampleCorp Master Payer,Payer Account,200000000011,prod-platform,Linked Account,2026-05-01T00:00:00Z,2026-06-01T00:00:00Z,2026-05-13T00:00:00Z,2026-05-13T01:00:00Z,Purchase,,"Reserved Instance commitment, amortised for the charge period",Recurring,32.016,0,32.016,32.016,0.0640320000,0.0640320000,Standard,500,Hours,USD,0.0640320000,0,0.0640320000,USD,,,AmazonEC2,Compute,Virtual Machines,SKU-ba1af7dafc2193aba45d4ae1,Commitment,SPRICE-1c6c93011ba15ebad41d70b9,"{""x_PurchaseTerm"":""1yr"",""x_PaymentOption"":""NoUpfront""}",arn:aws:ec2:us-west-2::reservation/0855ce8a4e727dd9,reservation-da462cf9121d,Reserved Instance,us-west-2,US West (Oregon),,arn:aws:ec2:us-west-2::reservation/0855ce8a4e727dd9,EC2ReservedInstance-1yr-NoUpfront,Usage,Reserved Instance,,500,Hours,,,"{""Environment"":""staging"",""CostCenter"":""cc-3110"",""Owner"":""team-data""}"
AWS,AWS,AWS,INV-2026-05-0001,100000000001,ExampleCorp Master Payer,Payer Account,200000000011,prod-platform,Linked Account,2026-05-01T00:00:00Z,2026-06-01T00:00:00Z,2026-05-13T00:00:00Z,2026-05-13T01:00:00Z,Usage,,AmazonEC2 committed usage of 500 machine-equivalents,Usage-Based,0,32.016,48,43.2,0.0960000000,0.0864000000,Committed,500,Hours,USD,0.0864000000,32.016,0.0960000000,USD,500,Hours,AmazonEC2,Compute,Virtual Machines,SKU-e0e295f006e6a0732dd5f77b,Compute,SPRICE-98f5ebeb1125d6e984c27bb1,"{""InstanceType"":""m6i.large"",""InstanceSeries"":""M6i"",""CoreCount"":2,""MemorySize"":8,""OperatingSystem"":""Linux"",""x_Tenancy"":""Shared""}",urn:focus-sample:aws:us-west-2:200000000011:compute-fleet:fleet1defb37b933c847aa87ed1df,fleet1defb37b933c847aa87ed1df,Compute Fleet,us-west-2,US West (Oregon),us-west-2b,arn:aws:ec2:us-west-2::reservation/0855ce8a4e727dd9,EC2ReservedInstance-1yr-NoUpfront,Usage,Reserved Instance,Used,500,Hours,,,"{""Environment"":""dev"",""CostCenter"":""cc-1042"",""Owner"":""team-platform"",""SyntheticFleetSize"":""500""}"
AWS,AWS,AWS,INV-2026-05-0001,100000000001,ExampleCorp Master Payer,Payer Account,200000000011,prod-platform,Linked Account,2026-05-01T00:00:00Z,2026-06-01T00:00:00Z,2026-05-13T01:00:00Z,2026-05-13T02:00:00Z,Purchase,,"Reserved Instance commitment, amortised for the charge period",Recurring,32.016,0,32.016,32.016,0.0640320000,0.0640320000,Standard,500,Hours,USD,0.0640320000,0,0.0640320000,USD,,,AmazonEC2,Compute,Virtual Machines,SKU-ba1af7dafc2193aba45d4ae1,Commitment,SPRICE-1c6c93011ba15ebad41d70b9,"{""x_PurchaseTerm"":""1yr"",""x_PaymentOption"":""NoUpfront""}",arn:aws:ec2:us-west-2::reservation/0855ce8a4e727dd9,reservation-da462cf9121d,Reserved Instance,us-west-2,US West (Oregon),,arn:aws:ec2:us-west-2::reservation/0855ce8a4e727dd9,EC2ReservedInstance-1yr-NoUpfront,Usage,Reserved Instance,,500,Hours,,,"{""Environment"":""staging"",""CostCenter"":""cc-3110"",""Owner"":""team-data""}"
AWS,AWS,AWS,INV-2026-05-0001,100000000001,ExampleCorp Master Payer,Payer Account,200000000011,prod-platform,Linked Account,2026-05-01T00:00:00Z,2026-06-01T00:00:00Z,2026-05-13T01:00:00Z,2026-05-13T02:00:00Z,Usage,,AmazonEC2 committed usage of 500 machine-equivalents,Usage-Based,0,32.016,48,43.2,0.0960000000,0.0864000000,Committed,500,Hours,USD,0.0864000000,32.016,0.0960000000,USD,500,Hours,AmazonEC2,Compute,Virtual Machines,SKU-e0e295f006e6a0732dd5f77b,Compute,SPRICE-98f5ebeb1125d6e984c27bb1,"{""InstanceType"":""m6i.large"",""InstanceSeries"":""M6i"",""CoreCount"":2,""MemorySize"":8,""OperatingSystem"":""Linux"",""x_Tenancy"":""Shared""}",urn:focus-sample:aws:us-west-2:200000000011:compute-fleet:fleet1defb37b933c847aa87ed1df,fleet1defb37b933c847aa87ed1df,Compute Fleet,us-west-2,US West (Oregon),us-west-2b,arn:aws:ec2:us-west-2::reservation/0855ce8a4e727dd9,EC2ReservedInstance-1yr-NoUpfront,Usage,Reserved Instance,Used,500,Hours,,,"{""Environment"":""staging"",""CostCenter"":""cc-3110"",""Owner"":""team-payments"",""SyntheticFleetSize"":""500""}"
AWS,AWS,AWS,INV-2026-05-0001,100000000001,ExampleCorp Master Payer,Payer Account,200000000011,prod-platform,Linked Account,2026-05-01T00:00:00Z,2026-06-01T00:00:00Z,2026-05-13T02:00:00Z,2026-05-13T03:00:00Z,Purchase,,"Reserved Instance commitment, amortised for the charge period",Recurring,32.016,0,32.016,32.016,0.0640320000,0.0640320000,Standard,500,Hours,USD,0.0640320000,0,0.0640320000,USD,,,AmazonEC2,Compute,Virtual Machines,SKU-ba1af7dafc2193aba45d4ae1,Commitment,SPRICE-1c6c93011ba15ebad41d70b9,"{""x_PurchaseTerm"":""1yr"",""x_PaymentOption"":""NoUpfront""}",arn:aws:ec2:us-west-2::reservation/0855ce8a4e727dd9,reservation-da462cf9121d,Reserved Instance,us-west-2,US West (Oregon),,arn:aws:ec2:us-west-2::reservation/0855ce8a4e727dd9,EC2ReservedInstance-1yr-NoUpfront,Usage,Reserved Instance,,500,Hours,,,"{""Environment"":""staging"",""CostCenter"":""cc-2087"",""Owner"":""team-data""}"
AWS,AWS,AWS,INV-2026-05-0001,100000000001,ExampleCorp Master Payer,Payer Account,200000000011,prod-platform,Linked Account,2026-05-01T00:00:00Z,2026-06-01T00:00:00Z,2026-05-13T02:00:00Z,2026-05-13T03:00:00Z,Usage,,AmazonEC2 committed usage of 500 machine-equivalents,Usage-Based,0,32.016,48,43.2,0.0960000000,0.0864000000,Committed,500,Hours,USD,0.0864000000,32.016,0.0960000000,USD,500,Hours,AmazonEC2,Compute,Virtual Machines,SKU-e0e295f006e6a0732dd5f77b,Compute,SPRICE-98f5ebeb1125d6e984c27bb1,"{""InstanceType"":""m6i.large"",""InstanceSeries"":""M6i"",""CoreCount"":2,""MemorySize"":8,""OperatingSystem"":""Linux"",""x_Tenancy"":""Shared""}",urn:focus-sample:aws:us-west-2:200000000011:compute-fleet:fleet1defb37b933c847aa87ed1df,fleet1defb37b933c847aa87ed1df,Compute Fleet,us-west-2,US West (Oregon),us-west-2b,arn:aws:ec2:us-west-2::reservation/0855ce8a4e727dd9,EC2ReservedInstance-1yr-NoUpfront,Usage,Reserved Instance,Used,500,Hours,,,"{""Environment"":""dev"",""CostCenter"":""cc-2087"",""Owner"":""team-payments"",""SyntheticFleetSize"":""500""}"
AWS,AWS,AWS,INV-2026-05-0001,100000000001,ExampleCorp Master Payer,Payer Account,200000000011,prod-platform,Linked Account,2026-05-01T00:00:00Z,2026-06-01T00:00:00Z,2026-05-13T03:00:00Z,2026-05-13T04:00:00Z,Purchase,,"Reserved Instance commitment, amortised for the charge period",Recurring,32.016,0,32.016,32.016,0.0640320000,0.0640320000,Standard,500,Hours,USD,0.0640320000,0,0.0640320000,USD,,,AmazonEC2,Compute,Virtual Machines,SKU-ba1af7dafc2193aba45d4ae1,Commitment,SPRICE-1c6c93011ba15ebad41d70b9,"{""x_PurchaseTerm"":""1yr"",""x_PaymentOption"":""NoUpfront""}",arn:aws:ec2:us-west-2::reservation/0855ce8a4e727dd9,reservation-da462cf9121d,Reserved Instance,us-west-2,US West (Oregon),,arn:aws:ec2:us-west-2::reservation/0855ce8a4e727dd9,EC2ReservedInstance-1yr-NoUpfront,Usage,Reserved Instance,,500,Hours,,,"{""Environment"":""dev"",""CostCenter"":""cc-3110"",""Owner"":""team-data""}"
AWS,AWS,AWS,INV-2026-05-0001,100000000001,ExampleCorp Master Payer,Payer Account,200000000011,prod-platform,Linked Account,2026-05-01T00:00:00Z,2026-06-01T00:00:00Z,2026-05-13T03:00:00Z,2026-05-13T04:00:00Z,Usage,,AmazonEC2 committed usage of 500 machine-equivalents,Usage-Based,0,32.016,48,43.2,0.0960000000,0.0864000000,Committed,500,Hours,USD,0.0864000000,32.016,0.0960000000,USD,500,Hours,AmazonEC2,Compute,Virtual Machines,SKU-e0e295f006e6a0732dd5f77b,Compute,SPRICE-98f5ebeb1125d6e984c27bb1,"{""InstanceType"":""m6i.large"",""InstanceSeries"":""M6i"",""CoreCount"":2,""MemorySize"":8,""OperatingSystem"":""Linux"",""x_Tenancy"":""Shared""}",urn:focus-sample:aws:us-west-2:200000000011:compute-fleet:fleet1defb37b933c847aa87ed1df,fleet1defb37b933c847aa87ed1df,Compute Fleet,us-west-2,US West (Oregon),us-west-2b,arn:aws:ec2:us-west-2::reservation/0855ce8a4e727dd9,EC2ReservedInstance-1yr-NoUpfront,Usage,Reserved Instance,Used,500,Hours,,,"{""Environment"":""dev"",""CostCenter"":""cc-3110"",""Owner"":""team-payments"",""SyntheticFleetSize"":""500""}"
AWS,AWS,AWS,INV-2026-05-0001,100000000001,ExampleCorp Master Payer,Payer Account,200000000011,prod-platform,Linked Account,2026-05-01T00:00:00Z,2026-06-01T00:00:00Z,2026-05-13T04:00:00Z,2026-05-13T05:00:00Z,Purchase,,"Reserved Instance commitment, amortised for the charge period",Recurring,32.016,0,32.016,32.016,0.0640320000,0.0640320000,Standard,500,Hours,USD,0.0640320000,0,0.0640320000,USD,,,AmazonEC2,Compute,Virtual Machines,SKU-ba1af7dafc2193aba45d4ae1,Commitment,SPRICE-1c6c93011ba15ebad41d70b9,"{""x_PurchaseTerm"":""1yr"",""x_PaymentOption"":""NoUpfront""}",arn:aws:ec2:us-west-2::reservation/0855ce8a4e727dd9,reservation-da462cf9121d,Reserved Instance,us-west-2,US West (Oregon),,arn:aws:ec2:us-west-2::reservation/0855ce8a4e727dd9,EC2ReservedInstance-1yr-NoUpfront,Usage,Reserved Instance,,500,Hours,,,"{""Environment"":""dev"",""CostCenter"":""cc-2087"",""Owner"":""team-payments""}"
AWS,AWS,AWS,INV-2026-05-0001,100000000001,ExampleCorp Master Payer,Payer Account,200000000011,prod-platform,Linked Account,2026-05-01T00:00:00Z,2026-06-01T00:00:00Z,2026-05-13T04:00:00Z,2026-05-13T05:00:00Z,Usage,,AmazonEC2 committed usage of 500 machine-equivalents,Usage-Based,0,32.016,48,43.2,0.0960000000,0.0864000000,Committed,500,Hours,USD,0.0864000000,32.016,0.0960000000,USD,500,Hours,AmazonEC2,Compute,Virtual Machines,SKU-e0e295f006e6a0732dd5f77b,Compute,SPRICE-98f5ebeb1125d6e984c27bb1,"{""InstanceType"":""m6i.large"",""InstanceSeries"":""M6i"",""CoreCount"":2,""MemorySize"":8,""OperatingSystem"":""Linux"",""x_Tenancy"":""Shared""}",urn:focus-sample:aws:us-west-2:200000000011:compute-fleet:fleet1defb37b933c847aa87ed1df,fleet1defb37b933c847aa87ed1df,Compute Fleet,us-west-2,US West (Oregon),us-west-2b,arn:aws:ec2:us-west-2::reservation/0855ce8a4e727dd9,EC2ReservedInstance-1yr-NoUpfront,Usage,Reserved Instance,Used,500,Hours,,,"{""Environment"":""dev"",""CostCenter"":""cc-2087"",""Owner"":""team-platform"",""SyntheticFleetSize"":""500""}"
AWS,AWS,AWS,INV-2026-05-0001,100000000001,ExampleCorp Master Payer,Payer Account,200000000011,prod-platform,Linked Account,2026-05-01T00:00:00Z,2026-06-01T00:00:00Z,2026-05-13T05:00:00Z,2026-05-13T06:00:00Z,Purchase,,"Reserved Instance commitment, amortised for the charge period",Recurring,32.016,0,32.016,32.016,0.0640320000,0.0640320000,Standard,500,Hours,USD,0.0640320000,0,0.0640320000,USD,,,AmazonEC2,Compute,Virtual Machines,SKU-ba1af7dafc2193aba45d4ae1,Commitment,SPRICE-1c6c93011ba15ebad41d70b9,"{""x_PurchaseTerm"":""1yr"",""x_PaymentOption"":""NoUpfront""}",arn:aws:ec2:us-west-2::reservation/0855ce8a4e727dd9,reservation-da462cf9121d,Reserved Instance,us-west-2,US West (Oregon),,arn:aws:ec2:us-west-2::reservation/0855ce8a4e727dd9,EC2ReservedInstance-1yr-NoUpfront,Usage,Reserved Instance,,500,Hours,,,"{""Environment"":""prod"",""CostCenter"":""cc-3110"",""Owner"":""team-platform""}"
AWS,AWS,AWS,INV-2026-05-0001,100000000001,ExampleCorp Master Payer,Payer Account,200000000011,prod-platform,Linked Account,2026-05-01T00:00:00Z,2026-06-01T00:00:00Z,2026-05-13T05:00:00Z,2026-05-13T06:00:00Z,Usage,,AmazonEC2 committed usage of 500 machine-equivalents,Usage-Based,0,32.016,48,43.2,0.0960000000,0.0864000000,Committed,500,Hours,USD,0.0864000000,32.016,0.0960000000,USD,500,Hours,AmazonEC2,Compute,Virtual Machines,SKU-e0e295f006e6a0732dd5f77b,Compute,SPRICE-98f5ebeb1125d6e984c27bb1,"{""InstanceType"":""m6i.large"",""InstanceSeries"":""M6i"",""CoreCount"":2,""MemorySize"":8,""OperatingSystem"":""Linux"",""x_Tenancy"":""Shared""}",urn:focus-sample:aws:us-west-2:200000000011:compute-fleet:fleet1defb37b933c847aa87ed1df,fleet1defb37b933c847aa87ed1df,Compute Fleet,us-west-2,US West (Oregon),us-west-2b,arn:aws:ec2:us-west-2::reservation/0855ce8a4e727dd9,EC2ReservedInstance-1yr-NoUpfront,Usage,Reserved Instance,Used,500,Hours,,,"{""Environment"":""staging"",""CostCenter"":""cc-2087"",""Owner"":""team-platform"",""SyntheticFleetSize"":""500""}"
AWS,AWS,AWS,INV-2026-05-0001,100000000001,ExampleCorp Master Payer,Payer Account,200000000011,prod-platform,Linked Account,2026-05-01T00:00:00Z,2026-06-01T00:00:00Z,2026-05-13T06:00:00Z,2026-05-13T07:00:00Z,Purchase,,"Reserved Instance commitment, amortised for the charge period",Recurring,32.016,0,32.016,32.016,0.0640320000,0.0640320000,Standard,500,Hours,USD,0.0640320000,0,0.0640320000,USD,,,AmazonEC2,Compute,Virtual Machines,SKU-ba1af7dafc2193aba45d4ae1,Commitment,SPRICE-1c6c93011ba15ebad41d70b9,"{""x_PurchaseTerm"":""1yr"",""x_PaymentOption"":""NoUpfront""}",arn:aws:ec2:us-west-2::reservation/0855ce8a4e727dd9,reservation-da462cf9121d,Reserved Instance,us-west-2,US West (Oregon),,arn:aws:ec2:us-west-2::reservation/0855ce8a4e727dd9,EC2ReservedInstance-1yr-NoUpfront,Usage,Reserved Instance,,500,Hours,,,"{""Environment"":""dev"",""CostCenter"":""cc-2087"",""Owner"":""team-data""}"
AWS,AWS,AWS,INV-2026-05-0001,100000000001,ExampleCorp Master Payer,Payer Account,200000000011,prod-platform,Linked Account,2026-05-01T00:00:00Z,2026-06-01T00:00:00Z,2026-05-13T06:00:00Z,2026-05-13T07:00:00Z,Usage,,Reserved Instance unused commitment,Usage-Based,0,32.016,32.016,32.016,0.0640320000,0.0640320000,Committed,500,Hours,USD,0.0640320000,32.016,0.0640320000,USD,,,AmazonEC2,Compute,Virtual Machines,SKU-ba1af7dafc2193aba45d4ae1,Commitment,SPRICE-1c6c93011ba15ebad41d70b9,"{""x_PurchaseTerm"":""1yr"",""x_PaymentOption"":""NoUpfront""}",arn:aws:ec2:us-west-2::reservation/0855ce8a4e727dd9,reservation-da462cf9121d,Reserved Instance,us-west-2,US West (Oregon),,arn:aws:ec2:us-west-2::reservation/0855ce8a4e727dd9,EC2ReservedInstance-1yr-NoUpfront,Usage,Reserved Instance,Unused,500,Hours,,,"{""Environment"":""dev"",""CostCenter"":""cc-1042"",""Owner"":""team-platform""}"
AWS,AWS,AWS,INV-2026-05-0001,100000000001,ExampleCorp Master Payer,Payer Account,200000000011,prod-platform,Linked Account,2026-05-01T00:00:00Z,2026-06-01T00:00:00Z,2026-05-13T07:00:00Z,2026-05-13T08:00:00Z,Purchase,,"Reserved Instance commitment, amortised for the charge period",Recurring,32.016,0,32.016,32.016,0.0640320000,0.0640320000,Standard,500,Hours,USD,0.0640320000,0,0.0640320000,USD,,,AmazonEC2,Compute,Virtual Machines,SKU-ba1af7dafc2193aba45d4ae1,Commitment,SPRICE-1c6c93011ba15ebad41d70b9,"{""x_PurchaseTerm"":""1yr"",""x_PaymentOption"":""NoUpfront""}",arn:aws:ec2:us-west-2::reservation/0855ce8a4e727dd9,reservation-da462cf9121d,Reserved Instance,us-west-2,US West (Oregon),,arn:aws:ec2:us-west-2::reservation/0855ce8a4e727dd9,EC2ReservedInstance-1yr-NoUpfront,Usage,Reserved Instance,,500,Hours,,,"{""Environment"":""prod"",""CostCenter"":""cc-3110"",""Owner"":""team-payments""}"
AWS,AWS,AWS,INV-2026-05-0001,100000000001,ExampleCorp Master Payer,Payer Account,200000000011,prod-platform,Linked Account,2026-05-01T00:00:00Z,2026-06-01T00:00:00Z,2026-05-13T07:00:00Z,2026-05-13T08:00:00Z,Usage,,Reserved Instance unused commitment,Usage-Based,0,32.016,32.016,32.016,0.0640320000,0.0640320000,Committed,500,Hours,USD,0.0640320000,32.016,0.0640320000,USD,,,AmazonEC2,Compute,Virtual Machines,SKU-ba1af7dafc2193aba45d4ae1,Commitment,SPRICE-1c6c93011ba15ebad41d70b9,"{""x_PurchaseTerm"":""1yr"",""x_PaymentOption"":""NoUpfront""}",arn:aws:ec2:us-west-2::reservation/0855ce8a4e727dd9,reservation-da462cf9121d,Reserved Instance,us-west-2,US West (Oregon),,arn:aws:ec2:us-west-2::reservation/0855ce8a4e727dd9,EC2ReservedInstance-1yr-NoUpfront,Usage,Reserved Instance,Unused,500,Hours,,,"{""Environment"":""staging"",""CostCenter"":""cc-2087"",""Owner"":""team-platform""}"
AWS,AWS,AWS,INV-2026-05-0001,100000000001,ExampleCorp Master Payer,Payer Account,200000000012,staging-platform,Linked Account,2026-05-01T00:00:00Z,2026-06-01T00:00:00Z,2026-05-13T19:00:00Z,2026-05-13T20:00:00Z,Usage,,Linux on-demand m6i.large,Usage-Based,0.0864,0.0864,0.096,0.0864,0.0960000000,0.0864000000,Standard,1.0000,Hours,USD,0.0864000000,0.0864,0.0960000000,USD,1.0000,Hours,AmazonEC2,Compute,Virtual Machines,SKU-093c0d7a3a0491f8523e34c8,Compute,SPRICE-bab283475cbbabd222878e74,"{""InstanceType"":""m6i.large"",""InstanceSeries"":""M6i"",""CoreCount"":2,""MemorySize"":8,""OperatingSystem"":""Linux"",""x_Tenancy"":""Shared""}",arn:aws:ec2:ap-southeast-1:200000000012:instance/i-e95460efa49f,i-e95460efa49f,EC2 Instance,ap-southeast-1,Asia Pacific (Singapore),ap-southeast-1a,,,,,,,,,,"{""Environment"":""staging"",""CostCenter"":""cc-3110"",""Owner"":""team-data""}"
AWS,AWS,AWS,INV-2026-05-0002,100000000002,ExampleCorp Secondary Payer,Payer Account,200000000013,data-analytics,Linked Account,2026-05-01T00:00:00Z,2026-06-01T00:00:00Z,2026-05-01T00:00:00Z,2026-06-01T00:00:00Z,Usage,,S3 Standard storage,Usage-Based,33.19300269,33.19300269,36.8811141,33.19300269,0.0230000000,0.0207000000,Standard,1603.5267,GB-Months,EUR,0.0190440000,30.5375624748,0.0211600000,USD,1603.5267,GB-Months,AmazonS3,Storage,Object Storage,SKU-36fb3a972f2cdabe2e87e8f5,Storage,SPRICE-f6c15353e9178f39bb43b38d,"{""StorageClass"":""Standard"",""Redundancy"":""Zonal""}",arn:aws:s3:us-west-2:200000000013:bucket/bucket-744fb3a1afec,bucket-744fb3a1afec,S3 Bucket,us-west-2,US West (Oregon),,,,,,,,,,,"{""Environment"":""staging"",""CostCenter"":""cc-3110"",""Owner"":""team-data""}"
AWS,AWS,AWS,INV-2026-05-0001,100000000001,ExampleCorp Master Payer,Payer Account,200000000011,prod-platform,Linked Account,2026-05-01T00:00:00Z,2026-06-01T00:00:00Z,2026-05-02T00:00:00Z,2026-05-03T00:00:00Z,Purchase,,AWSLambda subscription fee,Recurring,308.8,308.8,308.8,308.8,308.8,308.8,Standard,1,Units,USD,308.8000000000,308.8,308.8000000000,USD,,,AWSLambda,Compute,Serverless Compute,SKU-490c429bd80320af986b2d39,Subscription,SPRICE-d4fc9418811957a6ed942061,"{""x_ChargeType"": ""SubscriptionFee""}",arn:aws:lambda:ap-southeast-1:200000000011:function/fn-5d5c7e102970,fn-5d5c7e102970,Lambda Function,ap-southeast-1,Asia Pacific (Singapore),,,,,,,,,,,"{""Environment"":""staging"",""CostCenter"":""cc-1042"",""Owner"":""team-data""}"
AWS,AWS,AWS,INV-2026-05-0002,100000000002,ExampleCorp Secondary Payer,Payer Account,200000000011,prod-platform,Linked Account,2026-05-01T00:00:00Z,2026-06-01T00:00:00Z,2026-05-03T00:00:00Z,2026-05-04T00:00:00Z,Usage,,Custom metrics,Usage-Based,26.7867,26.7867,29.763,26.7867,0.3000000000,0.2700000000,Standard,99.2100,Metrics,USD,0.2700000000,26.7867,0.3000000000,USD,99.2100,Metrics,AmazonCloudWatch,Management and Governance,Observability,SKU-2491f45dad51aaef563400a5,Monitoring,SPRICE-5131bac450b55b26fd0cdc7e,"{""x_MetricType"":""Custom""}",arn:aws:cloudwatch:us-east-1:200000000011:metric/metric-232303f9fe0b,metric-232303f9fe0b,Metric,us-east-1,US East (N. Virginia),,,,,,,,,,,"{""Environment"":""staging"",""CostCenter"":""cc-2087"",""Owner"":""team-platform""}"
AWS,AWS,AWS,INV-2026-05-0001,100000000001,ExampleCorp Master Payer,Payer Account,200000000012,staging-platform,Linked Account,2026-05-01T00:00:00Z,2026-06-01T00:00:00Z,2026-05-13T23:00:00Z,2026-05-14T00:00:00Z,Usage,,Lambda function duration,Usage-Based,26.2846502835,26.2846502835,29.20522539200063,26.2846502835,0.0000166667,0.0000150000,Standard,1752310.0189,GB-Seconds,USD,0.0000150000,26.2846502835,0.0000166667,USD,1752310.0189,GB-Seconds,AWSLambda,Compute,Serverless Compute,SKU-10b7f1c880ad0bc78efd30e2,Compute,SPRICE-a9f6b13fa92ac1d53f2f387c,"{""x_Runtime"":""python3.12"",""x_Architecture"":""arm64""}",arn:aws:lambda:ap-southeast-1:200000000012:function/fn-ec85586c48c0,fn-ec85586c48c0,Lambda Function,ap-southeast-1,Asia Pacific (Singapore),,,,,,,,,,,"{""Environment"":""staging"",""CostCenter"":""cc-3110"",""Owner"":""team-data""}"
AWS,AWS,AWS,INV-2026-05-0002,100000000002,ExampleCorp Secondary Payer,Payer Account,200000000014,sandbox-dev,Linked Account,2026-05-01T00:00:00Z,2026-06-01T00:00:00Z,2026-05-14T00:00:00Z,2026-05-14T01:00:00Z,Usage,,Linux on-demand m6i.large,Usage-Based,0.0864,0.0864,0.096,0.0864,0.0960000000,0.0864000000,Standard,1.0000,Hours,USD,0.0864000000,0.0864,0.0960000000,USD,1.0000,Hours,AmazonEC2,Compute,Virtual Machines,SKU-736a4dd80178572d8370293d,Compute,SPRICE-c862323f09b487c42efb1c6b,"{""InstanceType"":""m6i.large"",""InstanceSeries"":""M6i"",""CoreCount"":2,""MemorySize"":8,""OperatingSystem"":""Linux"",""x_Tenancy"":""Shared""}",arn:aws:ec2:us-east-1:200000000014:instance/i-0b8c869ab3a2,i-0b8c869ab3a2,EC2 Instance,us-east-1,US East (N. Virginia),us-east-1c,,,,,,,,,,"{""Environment"":""dev"",""CostCenter"":""cc-2087"",""Owner"":""team-platform""}"
AWS,AWS,AWS,INV-2026-05-0002,100000000002,ExampleCorp Secondary Payer,Payer Account,200000000014,sandbox-dev,Linked Account,2026-05-01T00:00:00Z,2026-06-01T00:00:00Z,2026-05-14T01:00:00Z,2026-05-14T02:00:00Z,Usage,,RDS PostgreSQL db.r6g.large,Usage-Based,0.216,0.216,0.24,0.216,0.2400000000,0.2160000000,Standard,1.0000,Hours,USD,0.2160000000,0.216,0.2400000000,USD,1.0000,Hours,AmazonRDS,Databases,Relational Databases,SKU-59cf7266a13e6ea4d00d0143,Database,SPRICE-bde64d57365802abbf64195d,"{""InstanceType"":""db.r6g.large"",""InstanceSeries"":""R6g"",""CoreCount"":2,""MemorySize"":16,""x_Engine"":""PostgreSQL""}",arn:aws:rds:ap-southeast-1:200000000014:db/db-4b085fed47e2,db-4b085fed47e2,RDS Instance,ap-southeast-1,Asia Pacific (Singapore),,,,,,,,,,,"{""Environment"":""staging"",""CostCenter"":""cc-3110"",""Owner"":""team-platform""}"
AWS,AWS,AWS,INV-2026-05-0001,100000000001,ExampleCorp Master Payer,Payer Account,200000000011,prod-platform,Linked Account,2026-05-01T00:00:00Z,2026-06-01T00:00:00Z,2026-05-07T00:00:00Z,2026-05-08T00:00:00Z,Usage,,Custom metrics,Usage-Based,24.276105,24.276105,26.97345,24.276105,0.3000000000,0.2700000000,Standard,89.9115,Metrics,USD,0.2700000000,24.276105,0.3000000000,USD,89.9115,Metrics,AmazonCloudWatch,Management and Governance,Observability,SKU-34e5538fb30cbad0ab6e9eda,Monitoring,SPRICE-7775836205fc8d4f07876728,"{""x_MetricType"":""Custom""}",arn:aws:cloudwatch:us-west-2:200000000011:metric/metric-9328988a08db,metric-9328988a08db,Metric,us-west-2,US West (Oregon),,,,,,,,,,,"{""Environment"":""prod"",""CostCenter"":""cc-2087"",""Owner"":""team-platform""}"
AWS,AWS,AWS,INV-2026-05-0002,100000000002,ExampleCorp Secondary Payer,Payer Account,200000000012,staging-platform,Linked Account,2026-05-01T00:00:00Z,2026-06-01T00:00:00Z,2026-05-08T00:00:00Z,2026-05-09T00:00:00Z,Usage,,NAT gateway data processed,Usage-Based,12.134529,12.134529,13.48281,12.134529,0.0450000000,0.0405000000,Standard,299.6180,GB,USD,0.0405000000,12.134529,0.0450000000,USD,299.6180,GB,AmazonVPC,Networking,Network Connectivity,SKU-935abd9125f7268b4f0eb1ad,Data Transfer,SPRICE-130c94d71c797814c8e72b46,"{""x_TransferType"":""InterAZ""}",arn:aws:ec2:us-east-1:200000000012:natgateway/nat-55800239dafa,nat-55800239dafa,NAT Gateway,us-east-1,US East (N. Virginia),,,,,,,,,,,"{""Environment"":""staging"",""CostCenter"":""cc-3110"",""Owner"":""team-data""}"
AWS,AWS,AWS,INV-2026-05-0001,100000000001,ExampleCorp Master Payer,Payer Account,200000000012,staging-platform,Linked Account,2026-05-01T00:00:00Z,2026-06-01T00:00:00Z,2026-05-01T00:00:00Z,2026-06-01T00:00:00Z,Usage,,S3 Standard storage,Usage-Based,36.23509746,36.23509746,40.2612194,36.23509746,0.0230000000,0.0207000000,Standard,1750.4878,GB-Months,USD,0.0207000000,36.23509746,0.0230000000,USD,1750.4878,GB-Months,AmazonS3,Storage,Object Storage,SKU-6042c508b21761919a0ed516,Storage,SPRICE-d35afe08308f10d3695aa71d,"{""StorageClass"":""Standard"",""Redundancy"":""Zonal""}",arn:aws:s3:eu-west-1:200000000012:bucket/bucket-8152ac6070e1,bucket-8152ac6070e1,S3 Bucket,eu-west-1,EU (Ireland),,,,,,,,,,,"{""Environment"":""dev"",""CostCenter"":""cc-1042"",""Owner"":""team-platform""}"
AWS,AWS,AWS,INV-2026-05-0001,100000000001,ExampleCorp Master Payer,Payer Account,200000000013,data-analytics,Linked Account,2026-05-01T00:00:00Z,2026-06-01T00:00:00Z,2026-05-14T05:00:00Z,2026-05-14T06:00:00Z,Usage,,Lambda function duration,Usage-Based,46.7764785825,46.7764785825,51.97396903939685,46.7764785825,0.0000166667,0.0000150000,Standard,3118431.9055,GB-Seconds,EUR,0.0000138000,43.0343602959,0.0000153334,USD,3118431.9055,GB-Seconds,AWSLambda,Compute,Serverless Compute,SKU-67dc4ce0843e58b6125cbdce,Compute,SPRICE-5a687e125db5dbd78b535b92,"{""x_Runtime"":""python3.12"",""x_Architecture"":""arm64""}",arn:aws:lambda:us-east-1:200000000013:function/fn-fe0ec7a57d98,fn-fe0ec7a57d98,Lambda Function,us-east-1,US East (N. Virginia),,,,,,,,,,,"{""Environment"":""dev"",""CostCenter"":""cc-1042"",""Owner"":""team-data""}"
AWS,AWS,AWS,INV-2026-05-0001,100000000001,ExampleCorp Master Payer,Payer Account,200000000011,prod-platform,Linked Account,2026-05-01T00:00:00Z,2026-06-01T00:00:00Z,2026-05-11T00:00:00Z,2026-05-12T00:00:00Z,Usage,,Glue ETL job run,Usage-Based,27.4076352,27.4076352,30.452928,27.4076352,0.4400000000,0.3960000000,Standard,69.2112,DPU-Hours,USD,0.3960000000,27.4076352,0.4400000000,USD,69.2112,DPU-Hours,AWSGlue,Analytics,Data Processing,SKU-118148093a04e718819dbb3f,Data Processing,SPRICE-f140a6944df35cbb51f25679,"{""x_WorkerType"":""G.1X""}",arn:aws:glue:us-west-2:200000000011:job/job-ac2806d921cd,job-ac2806d921cd,Glue Job,us-west-2,US West (Oregon),,,,,,,,,,,"{""Environment"":""prod"",""CostCenter"":""cc-2087"",""Owner"":""team-data""}"
AWS,AWS,AWS,INV-2026-05-0001,100000000001,ExampleCorp Master Payer,Payer Account,200000000012,staging-platform,Linked Account,2026-05-01T00:00:00Z,2026-06-01T00:00:00Z,2026-05-01T00:00:00Z,2026-06-01T00:00:00Z,Usage,,S3 Standard storage,Usage-Based,22.44110184,22.44110184,24.9345576,22.44110184,0.0230000000,0.0207000000,Standard,1084.1112,GB-Months,USD,0.0207000000,22.44110184,0.0230000000,USD,1084.1112,GB-Months,AmazonS3,Storage,Object Storage,SKU-6042c508b21761919a0ed516,Storage,SPRICE-d35afe08308f10d3695aa71d,"{""StorageClass"":""Standard"",""Redundancy"":""Zonal""}",arn:aws:s3:eu-west-1:200000000012:bucket/bucket-e3b820e2d6c7,bucket-e3b820e2d6c7,S3 Bucket,eu-west-1,EU (Ireland),,,,,,,,,,,"{""Environment"":""staging"",""CostCenter"":""cc-2087"",""Owner"":""team-payments""}"
AWS,AWS,AWS,INV-2026-05-0002,100000000002,ExampleCorp Secondary Payer,Payer Account,200000000011,prod-platform,Linked Account,2026-05-01T00:00:00Z,2026-06-01T00:00:00Z,2026-05-13T00:00:00Z,2026-05-14T00:00:00Z,Usage,,DynamoDB on-demand write requests,Usage-Based,4.15188455805,4.15188455805,4.6132050645,4.15188455805,0.0000012500,0.0000011250,Standard,3690564.0516,Requests,USD,0.0000011250,4.15188455805,0.0000012500,USD,3690564.0516,Requests,AmazonDynamoDB,Databases,NoSQL Databases,SKU-b60be50671e3ea779ca4990a,Database,SPRICE-01c9691ef6482a9102c7a4ff,"{""x_CapacityMode"":""On-Demand""}",arn:aws:dynamodb:us-east-1:200000000011:table/table-2843ed94c1ec,table-2843ed94c1ec,DynamoDB Table,us-east-1,US East (N. Virginia),,,,,,,,,,,"{""Environment"":""dev"",""CostCenter"":""cc-2087"",""Owner"":""team-platform""}"
AWS,AWS,AWS,INV-2026-05-0001,100000000001,ExampleCorp Master Payer,Payer Account,200000000012,staging-platform,Linked Account,2026-05-01T00:00:00Z,2026-06-01T00:00:00Z,2026-05-06T00:00:00Z,2026-05-07T00:00:00Z,Tax,,Synthetic tax 10% on usage record 286: AmazonCloudWatch,One-Time,3.492288,3.492288,3.88032,3.492288,,,,,,USD,,3.492288,,USD,,,AmazonCloudWatch,Management and Governance,Observability,,,,,,,,,,,,,,,,,,,,"{""Environment"":""staging"",""CostCenter"":""cc-2087"",""Owner"":""team-data""}"
AWS,AWS,AWS,INV-2026-05-0002,100000000002,ExampleCorp Secondary Payer,Payer Account,200000000012,staging-platform,Linked Account,2026-05-01T00:00:00Z,2026-06-01T00:00:00Z,2026-05-15T00:00:00Z,2026-05-16T00:00:00Z,Purchase,,AWSGlue subscription fee,Recurring,504.15,504.15,504.15,504.15,504.15,504.15,Standard,1,Units,USD,504.1500000000,504.15,504.1500000000,USD,,,AWSGlue,Analytics,Data Processing,SKU-acf41c124220d60c75fb3ecc,Subscription,SPRICE-739151144a5e3dc2ff847882,"{""x_ChargeType"": ""SubscriptionFee""}",arn:aws:glue:ap-southeast-1:200000000012:job/job-741ff074d7b3,job-741ff074d7b3,Glue Job,ap-southeast-1,Asia Pacific (Singapore),,,,,,,,,,,"{""Environment"":""staging"",""CostCenter"":""cc-1042"",""Owner"":""team-data""}"
AWS,AWS,AWS,INV-2026-05-0002,100000000002,ExampleCorp Secondary Payer,Payer Account,200000000014,sandbox-dev,Linked Account,2026-05-01T00:00:00Z,2026-06-01T00:00:00Z,2026-05-16T00:00:00Z,2026-05-17T00:00:00Z,Usage,,NAT gateway data processed,Usage-Based,20.15561475,20.15561475,22.3951275,20.15561475,0.0450000000,0.0405000000,Standard,497.6695,GB,USD,0.0405000000,20.15561475,0.0450000000,USD,497.6695,GB,AmazonVPC,Networking,Network Connectivity,SKU-3d9b08c72ec44814e0bd4e25,Data Transfer,SPRICE-5df2ff31768360bf23008ec4,"{""x_TransferType"":""InterAZ""}",arn:aws:ec2:eu-west-1:200000000014:natgateway/nat-807eec14ebcb,nat-807eec14ebcb,NAT Gateway,eu-west-1,EU (Ireland),,,,,,,,,,,"{""Environment"":""prod"",""CostCenter"":""cc-2087"",""Owner"":""team-payments""}"
AWS,AWS,AWS,INV-2026-05-0002,100000000002,ExampleCorp Secondary Payer,Payer Account,200000000013,data-analytics,Linked Account,2026-05-01T00:00:00Z,2026-06-01T00:00:00Z,2026-05-17T00:00:00Z,2026-05-18T00:00:00Z,Purchase,,AmazonS3 subscription fee,Recurring,387.83,387.83,387.83,387.83,387.83,387.83,Standard,1,Units,USD,387.8300000000,387.83,387.8300000000,USD,,,AmazonS3,Storage,Object Storage,SKU-b1746099ede53568b3911f52,Subscription,SPRICE-d8675cf4fb69d225a4692e54,"{""x_ChargeType"": ""SubscriptionFee""}",arn:aws:s3:ap-southeast-1:200000000013:bucket/bucket-b1c9f914effb,bucket-b1c9f914effb,S3 Bucket,ap-southeast-1,Asia Pacific (Singapore),,,,,,,,,,,"{""Environment"":""prod"",""CostCenter"":""cc-3110"",""Owner"":""team-data""}"
AWS,AWS,AWS,INV-2026-05-0002,100000000002,ExampleCorp Secondary Payer,Payer Account,200000000011,prod-platform,Linked Account,2026-05-01T00:00:00Z,2026-06-01T00:00:00Z,2026-05-18T00:00:00Z,2026-05-19T00:00:00Z,Usage,,DynamoDB on-demand write requests,Usage-Based,2.2393220085,2.2393220085,2.488135565,2.2393220085,0.0000012500,0.0000011250,Standard,1990508.4520,Requests,USD,0.0000011250,2.2393220085,0.0000012500,USD,1990508.4520,Requests,AmazonDynamoDB,Databases,NoSQL Databases,SKU-b60be50671e3ea779ca4990a,Database,SPRICE-01c9691ef6482a9102c7a4ff,"{""x_CapacityMode"":""On-Demand""}",arn:aws:dynamodb:us-east-1:200000000011:table/table-c59b30fe4804,table-c59b30fe4804,DynamoDB Table,us-east-1,US East (N. Virginia),,,,,,,,,,,"{""Environment"":""dev"",""CostCenter"":""cc-2087"",""Owner"":""team-payments""}"
AWS,AWS,AWS,INV-2026-05-0002,100000000002,ExampleCorp Secondary Payer,Payer Account,200000000013,data-analytics,Linked Account,2026-05-01T00:00:00Z,2026-06-01T00:00:00Z,2026-05-19T00:00:00Z,2026-05-20T00:00:00Z,Usage,,DynamoDB on-demand write requests,Usage-Based,0.360143753175,0.360143753175,0.40015972575,0.360143753175,0.0000012500,0.0000011250,Standard,320127.7806,Requests,USD,0.0000011250,0.360143753175,0.0000012500,USD,320127.7806,Requests,AmazonDynamoDB,Databases,NoSQL Databases,SKU-687affd9645b52f0bac81a2c,Database,SPRICE-716c8854825bf7430db8e755,"{""x_CapacityMode"":""On-Demand""}",arn:aws:dynamodb:us-west-2:200000000013:table/table-c3ba1185aca5,table-c3ba1185aca5,DynamoDB Table,us-west-2,US West (Oregon),,,,,,,,,,,"{""Environment"":""dev"",""CostCenter"":""cc-2087"",""Owner"":""team-platform""}"
AWS,AWS,AWS,INV-2026-05-0001,100000000001,ExampleCorp Master Payer,Payer Account,200000000012,staging-platform,Linked Account,2026-05-01T00:00:00Z,2026-06-01T00:00:00Z,2026-05-14T15:00:00Z,2026-05-14T16:00:00Z,Usage,,Lambda function duration,Usage-Based,74.428336971,74.428336971,82.69831758630438,74.428336971,0.0000166667,0.0000150000,Standard,4961889.1314,GB-Seconds,USD,0.0000150000,74.428336971,0.0000166667,USD,4961889.1314,GB-Seconds,AWSLambda,Compute,Serverless Compute,SKU-67dc4ce0843e58b6125cbdce,Compute,SPRICE-227d5491bbfb36c4f69bea63,"{""x_Runtime"":""python3.12"",""x_Architecture"":""arm64""}",arn:aws:lambda:us-east-1:200000000012:function/fn-53538394a794,fn-53538394a794,Lambda Function,us-east-1,US East (N. Virginia),,,,,,,,,,,"{""Environment"":""dev"",""CostCenter"":""cc-1042"",""Owner"":""team-data""}"
