ProviderName,PublisherName,ServiceProviderName,HostProviderName,InvoiceIssuerName,InvoiceId,BillingAccountId,BillingAccountName,BillingAccountType,SubAccountId,SubAccountName,SubAccountType,BillingPeriodStart,BillingPeriodEnd,ChargePeriodStart,ChargePeriodEnd,ChargeCategory,ChargeClass,ChargeDescription,ChargeFrequency,BilledCost,EffectiveCost,ListCost,ContractedCost,ListUnitPrice,ContractedUnitPrice,PricingCategory,PricingQuantity,PricingUnit,PricingCurrency,PricingCurrencyContractedUnitPrice,PricingCurrencyEffectiveCost,PricingCurrencyListUnitPrice,BillingCurrency,ConsumedQuantity,ConsumedUnit,ServiceName,ServiceCategory,ServiceSubcategory,SkuId,SkuMeter,SkuPriceId,SkuPriceDetails,ResourceId,ResourceName,ResourceType,RegionId,RegionName,AvailabilityZone,CommitmentDiscountId,CommitmentDiscountName,CommitmentDiscountCategory,CommitmentDiscountType,CommitmentDiscountStatus,CommitmentDiscountQuantity,CommitmentDiscountUnit,ContractApplied,CapacityReservationId,CapacityReservationStatus,AllocatedMethodId,AllocatedMethodDetails,AllocatedResourceId,AllocatedResourceName,AllocatedTags,Tags
AWS,AWS,AWS,AWS,AWS,INV-2026-05-0002,100000000002,ExampleCorp Secondary Payer,Payer Account,200000000012,staging-platform,Linked Account,2026-05-01T00:00:00Z,2026-06-01T00:00:00Z,2026-05-01T00:00:00Z,2026-06-01T00:00:00Z,Usage,,S3 Standard storage,Usage-Based,46.5179761,46.5179761,46.5179761,46.5179761,0.0230000000,0.0230000000,Standard,2022.5207,GB-Months,USD,0.0230000000,46.5179761,0.0230000000,USD,2022.5207,GB-Months,AmazonS3,Storage,Object Storage,SKU-e7cfcc3199bb16b2dd7b1493,Storage,SPRICE-5d75931c911c493aa2aa3d41,"{""StorageClass"":""Standard"",""Redundancy"":""Zonal""}",arn:aws:s3:ap-southeast-1:200000000012:bucket/bucket-f36bd2c40f3a,bucket-f36bd2c40f3a,S3 Bucket,ap-southeast-1,Asia Pacific (Singapore),,,,,,,,,,,,,,,,,"{""Environment"":""dev"",""CostCenter"":""cc-1042"",""Owner"":""team-payments""}"
AWS,AWS,AWS,AWS,AWS,INV-2026-05-0002,100000000002,ExampleCorp Secondary Payer,Payer Account,200000000011,prod-platform,Linked Account,2026-05-01T00:00:00Z,2026-06-01T00:00:00Z,2026-05-02T00:00:00Z,2026-05-03T00:00:00Z,Usage,,NAT gateway data processed,Usage-Based,5.480316,5.480316,5.480316,5.480316,0.0450000000,0.0450000000,Standard,121.7848,GB,USD,0.0450000000,5.480316,0.0450000000,USD,121.7848,GB,AmazonVPC,Networking,Network Connectivity,SKU-935abd9125f7268b4f0eb1ad,Data Transfer,SPRICE-130c94d71c797814c8e72b46,"{""x_TransferType"":""InterAZ""}",arn:aws:ec2:us-east-1:200000000011:natgateway/nat-a6e3667dcb4e,nat-a6e3667dcb4e,NAT Gateway,us-east-1,US East (N. Virginia),,,,,,,,,,,,,,,,,"{""Environment"":""prod"",""CostCenter"":""cc-3110"",""Owner"":""team-payments""}"
AWS,AWS,AWS,AWS,AWS,INV-2026-05-0001,100000000001,ExampleCorp Master Payer,Payer Account,200000000012,staging-platform,Linked Account,2026-05-01T00:00:00Z,2026-06-01T00:00:00Z,2026-05-01T02:00:00Z,2026-05-01T03:00:00Z,Usage,,Linux on-demand m6i.large,Usage-Based,0.096,0.096,0.096,0.096,0.0960000000,0.0960000000,Standard,1.0000,Hours,USD,0.0960000000,0.096,0.0960000000,USD,1.0000,Hours,AmazonEC2,Compute,Virtual Machines,SKU-e0e295f006e6a0732dd5f77b,Compute,SPRICE-98f5ebeb1125d6e984c27bb1,"{""InstanceType"":""m6i.large"",""InstanceSeries"":""M6i"",""CoreCount"":2,""MemorySize"":8,""OperatingSystem"":""Linux"",""x_Tenancy"":""Shared""}",arn:aws:ec2:us-west-2:200000000012:instance/i-8db946273b08,i-8db946273b08,EC2 Instance,us-west-2,US West (Oregon),us-west-2a,,,,,,,,,,,,,,,,"{""Environment"":""dev"",""CostCenter"":""cc-3110"",""Owner"":""team-data""}"
AWS,AWS,AWS,AWS,AWS,INV-2026-05-0002,100000000002,ExampleCorp Secondary Payer,Payer Account,200000000011,prod-platform,Linked Account,2026-05-01T00:00:00Z,2026-06-01T00:00:00Z,2026-05-02T00:00:00Z,2026-05-03T00:00:00Z,Tax,,Synthetic tax 10% on usage record 2: AmazonVPC,One-Time,0.5480316,0.5480316,0.5480316,0.5480316,,,,,,USD,,0.5480316,,USD,,,AmazonVPC,Networking,Network Connectivity,,,,,,,,,,,,,,,,,,,,,,,,,,"{""Environment"":""prod"",""CostCenter"":""cc-3110"",""Owner"":""team-payments""}"
AWS,AWS,AWS,AWS,AWS,INV-2026-05-0002,100000000002,ExampleCorp Secondary Payer,Payer Account,200000000014,sandbox-dev,Linked Account,2026-05-01T00:00:00Z,2026-06-01T00:00:00Z,2026-05-05T00:00:00Z,2026-05-06T00:00:00Z,Usage,,NAT gateway data processed,Usage-Based,13.871898,13.871898,15.41322,13.871898,0.0450000000,0.0405000000,Standard,342.5160,GB,USD,0.0405000000,13.871898,0.0450000000,USD,342.5160,GB,AmazonVPC,Networking,Network Connectivity,SKU-38ae1a660e2cadb9d64ca8e5,Data Transfer,SPRICE-974405df44bbf0808ce048b9,"{""x_TransferType"":""InterAZ""}",arn:aws:ec2:us-west-2:200000000014:natgateway/nat-50b471b98720,nat-50b471b98720,NAT Gateway,us-west-2,US West (Oregon),,,,,,,,,"{""Elements"":[{""ContractId"":""CONTRACT-EA-2026-0001"",""ContractCommitmentId"":""CC-EA-SPEND-0001"",""ContractCommitmentAppliedCost"":13.87189800000000}]}",,,,,,,,"{""Environment"":""prod"",""CostCenter"":""cc-2087"",""Owner"":""team-data""}"
AWS,AWS,AWS,AWS,AWS,INV-2026-05-0002,100000000002,ExampleCorp Secondary Payer,Payer Account,200000000014,sandbox-dev,Linked Account,2026-05-01T00:00:00Z,2026-06-01T00:00:00Z,2026-05-01T05:00:00Z,2026-05-01T06:00:00Z,Usage,,Shared EC2 host cost allocated to workload,Usage-Based,0.0159072,0.0159072,0.0159072,0.0159072,0.0960000000,0.0960000000,Standard,0.1657,Hours,USD,0.0960000000,0.0159072,0.0960000000,USD,0.1657,Hours,AmazonEC2,Compute,Virtual Machines,SKU-e0e295f006e6a0732dd5f77b,Compute,SPRICE-98f5ebeb1125d6e984c27bb1,"{""InstanceType"":""m6i.large"",""InstanceSeries"":""M6i"",""CoreCount"":2,""MemorySize"":8,""OperatingSystem"":""Linux"",""x_Tenancy"":""Shared""}",arn:aws:ec2:us-west-2:200000000014:instance/shared-host-d59ccc89,shared-host-d59ccc89,EC2 Instance,us-west-2,US West (Oregon),us-west-2a,,,,,,,,,,,split-even,"{""Elements"":[{""AllocatedRatio"":1,""UsageUnit"":""Hours"",""UsageQuantity"":0.1657,""x_Strategy"":""Even"",""x_Basis"":""Workloads""}]}",arn:aws:eks:us-west-2:200000000014:workload/search-27110f,workload-search,"{""workload"":""search"",""CostCenter"":""cc-1042""}","{""Environment"":""prod"",""CostCenter"":""cc-1042"",""Owner"":""team-payments""}"
AWS,AWS,AWS,AWS,AWS,INV-2026-05-0001,100000000001,ExampleCorp Master Payer,Payer Account,200000000012,staging-platform,Linked Account,2026-05-01T00:00:00Z,2026-06-01T00:00:00Z,2026-05-01T06:00:00Z,2026-05-01T07:00:00Z,Usage,,Linux on-demand m6i.large,Usage-Based,0.0864,0.0864,0.096,0.0864,0.0960000000,0.0864000000,Standard,1.0000,Hours,EUR,0.0794880000,0.079488,0.0883200000,USD,1.0000,Hours,AmazonEC2,Compute,Virtual Machines,SKU-ca9c2ba97f0b30fb137ef130,Compute,SPRICE-bcca3461b1b47a349114891e,"{""InstanceType"":""m6i.large"",""InstanceSeries"":""M6i"",""CoreCount"":2,""MemorySize"":8,""OperatingSystem"":""Linux"",""x_Tenancy"":""Shared""}",arn:aws:ec2:eu-west-1:200000000012:instance/i-5f70fe1afea7,i-5f70fe1afea7,EC2 Instance,eu-west-1,EU (Ireland),eu-west-1b,,,,,,,,"{""Elements"":[{""ContractId"":""CONTRACT-EA-2026-0001"",""ContractCommitmentId"":""CC-EA-COMPUTE-0003"",""ContractCommitmentAppliedCost"":0.08640000000000,""ContractCommitmentAppliedQuantity"":1.0000,""ContractCommitmentAppliedUnit"":""Hours""}]}",,,,,,,,"{""Environment"":""prod"",""CostCenter"":""cc-3110"",""Owner"":""team-data""}"
AWS,AWS,AWS,AWS,AWS,INV-2026-05-0001,100000000001,ExampleCorp Master Payer,Payer Account,200000000013,data-analytics,Linked Account,2026-05-01T00:00:00Z,2026-06-01T00:00:00Z,2026-05-08T00:00:00Z,2026-05-09T00:00:00Z,Usage,,Custom metrics,Usage-Based,10.33182,10.33182,10.33182,10.33182,0.3000000000,0.3000000000,Standard,34.4394,Metrics,USD,0.3000000000,10.33182,0.3000000000,USD,34.4394,Metrics,AmazonCloudWatch,Management and Governance,Observability,SKU-7f3902e3f370805f0a245d7f,Monitoring,SPRICE-dae68554fa459d336630e8d7,"{""x_MetricType"":""Custom""}",arn:aws:cloudwatch:ap-southeast-1:200000000013:metric/metric-f7251bfd3140,metric-f7251bfd3140,Metric,ap-southeast-1,Asia Pacific (Singapore),,,,,,,,,,,,,,,,,"{""Environment"":""staging"",""CostCenter"":""cc-3110"",""Owner"":""team-platform""}"
AWS,AWS,AWS,AWS,AWS,INV-2026-05-0001,100000000001,ExampleCorp Master Payer,Payer Account,200000000011,prod-platform,Linked Account,2026-05-01T00:00:00Z,2026-06-01T00:00:00Z,2026-05-09T00:00:00Z,2026-05-10T00:00:00Z,Usage,,DynamoDB on-demand write requests,Usage-Based,5.118185633125,5.118185633125,5.118185633125,5.118185633125,0.0000012500,0.0000012500,Standard,4094548.5065,Requests,EUR,0.0000011500,4.708730782475,0.0000011500,USD,4094548.5065,Requests,AmazonDynamoDB,Databases,NoSQL Databases,SKU-b60be50671e3ea779ca4990a,Database,SPRICE-71c2adf4888407850ca06aa7,"{""x_CapacityMode"":""On-Demand""}",arn:aws:dynamodb:us-east-1:200000000011:table/table-f89fd53132c2,table-f89fd53132c2,DynamoDB Table,us-east-1,US East (N. Virginia),,,,,,,,,,,,,,,,,"{""Environment"":""staging"",""CostCenter"":""cc-2087"",""Owner"":""team-payments""}"
AWS,AWS,AWS,AWS,AWS,INV-2026-05-0001,100000000001,ExampleCorp Master Payer,Payer Account,200000000013,data-analytics,Linked Account,2026-05-01T00:00:00Z,2026-06-01T00:00:00Z,2026-05-01T09:00:00Z,2026-05-01T10:00:00Z,Usage,,Shared EC2 host cost allocated to workload,Usage-Based,0.0520704,0.0520704,0.0520704,0.0520704,0.0960000000,0.0960000000,Standard,0.5424,Hours,USD,0.0960000000,0.0520704,0.0960000000,USD,0.5424,Hours,AmazonEC2,Compute,Virtual Machines,SKU-e0e295f006e6a0732dd5f77b,Compute,SPRICE-98f5ebeb1125d6e984c27bb1,"{""InstanceType"":""m6i.large"",""InstanceSeries"":""M6i"",""CoreCount"":2,""MemorySize"":8,""OperatingSystem"":""Linux"",""x_Tenancy"":""Shared""}",arn:aws:ec2:us-west-2:200000000013:instance/shared-host-ac3bbf67,shared-host-ac3bbf67,EC2 Instance,us-west-2,US West (Oregon),us-west-2b,,,,,,,,,,,split-even,"{""Elements"":[{""AllocatedRatio"":1,""UsageUnit"":""Hours"",""UsageQuantity"":0.5424,""x_Strategy"":""Even"",""x_Basis"":""Workloads""}]}",arn:aws:eks:us-west-2:200000000013:workload/billing-481ac0,workload-billing,"{""workload"":""billing"",""CostCenter"":""cc-3110""}","{""Environment"":""dev"",""CostCenter"":""cc-1042"",""Owner"":""team-platform""}"
AWS,AWS,AWS,AWS,AWS,INV-2026-05-0001,100000000001,ExampleCorp Master Payer,Payer Account,200000000012,staging-platform,Linked Account,2026-05-01T00:00:00Z,2026-06-01T00:00:00Z,2026-05-11T00:00:00Z,2026-05-12T00:00:00Z,Usage,,NAT gateway data processed,Usage-Based,3.34417005,3.34417005,3.7157445,3.34417005,0.0450000000,0.0405000000,Standard,82.5721,GB,USD,0.0405000000,3.34417005,0.0450000000,USD,82.5721,GB,AmazonVPC,Networking,Network Connectivity,SKU-0a48b40b1fa86593309c0c4c,Data Transfer,SPRICE-b948c57b4c22bb2955afff1a,"{""x_TransferType"":""InterAZ""}",arn:aws:ec2:ap-southeast-1:200000000012:natgateway/nat-6e3ef1f5c3a8,nat-6e3ef1f5c3a8,NAT Gateway,ap-southeast-1,Asia Pacific (Singapore),,,,,,,,,"{""Elements"":[{""ContractId"":""CONTRACT-EA-2026-0001"",""ContractCommitmentId"":""CC-EA-SPEND-0001"",""ContractCommitmentAppliedCost"":3.34417005000000}]}",,,,,,,,"{""Environment"":""prod"",""CostCenter"":""cc-1042"",""Owner"":""team-data""}"
AWS,AWS,AWS,AWS,AWS,INV-2026-05-0001,100000000001,ExampleCorp Master Payer,Payer Account,200000000013,data-analytics,Linked Account,2026-05-01T00:00:00Z,2026-06-01T00:00:00Z,2026-05-08T00:00:00Z,2026-05-09T00:00:00Z,Tax,,Synthetic tax 10% on usage record 8: AmazonCloudWatch,One-Time,1.033182,1.033182,1.033182,1.033182,,,,,,USD,,1.033182,,USD,,,AmazonCloudWatch,Management and Governance,Observability,,,,,,,,,,,,,,,,,,,,,,,,,,"{""Environment"":""staging"",""CostCenter"":""cc-3110"",""Owner"":""team-platform""}"
AWS,AWS,AWS,AWS,AWS,INV-2026-05-0001,100000000001,ExampleCorp Master Payer,Payer Account,200000000013,data-analytics,Linked Account,2026-05-01T00:00:00Z,2026-06-01T00:00:00Z,2026-05-01T12:00:00Z,2026-05-01T13:00:00Z,Usage,,Shared EC2 host cost allocated to workload,Usage-Based,0.0778464,0.0778464,0.0778464,0.0778464,0.0960000000,0.0960000000,Standard,0.8109,Hours,USD,0.0960000000,0.0778464,0.0960000000,USD,0.8109,Hours,AmazonEC2,Compute,Virtual Machines,SKU-736a4dd80178572d8370293d,Compute,SPRICE-c862323f09b487c42efb1c6b,"{""InstanceType"":""m6i.large"",""InstanceSeries"":""M6i"",""CoreCount"":2,""MemorySize"":8,""OperatingSystem"":""Linux"",""x_Tenancy"":""Shared""}",arn:aws:ec2:us-east-1:200000000013:instance/shared-host-32fbd6f8,shared-host-32fbd6f8,EC2 Instance,us-east-1,US East (N. Virginia),us-east-1a,,,,,,,,,,,split-weighted,"{""Elements"":[{""AllocatedRatio"":1,""UsageUnit"":""Hours"",""UsageQuantity"":0.8109,""x_Strategy"":""Weighted"",""x_Basis"":""MemoryBytes""}]}",arn:aws:eks:us-east-1:200000000013:workload/search-58ebce,workload-search,"{""workload"":""search"",""CostCenter"":""cc-3110""}","{""Environment"":""staging"",""CostCenter"":""cc-3110"",""Owner"":""team-platform""}"
AWS,AWS,AWS,AWS,AWS,INV-2026-05-0001,100000000001,ExampleCorp Master Payer,Payer Account,200000000013,data-analytics,Linked Account,2026-05-01T00:00:00Z,2026-06-01T00:00:00Z,2026-05-01T13:00:00Z,2026-05-01T14:00:00Z,Usage,,Shared EC2 host cost allocated to workload,Usage-Based,0.0539328,0.0539328,0.0539328,0.0539328,0.0960000000,0.0960000000,Standard,0.5618,Hours,USD,0.0960000000,0.0539328,0.0960000000,USD,0.5618,Hours,AmazonEC2,Compute,Virtual Machines,SKU-e0e295f006e6a0732dd5f77b,Compute,SPRICE-98f5ebeb1125d6e984c27bb1,"{""InstanceType"":""m6i.large"",""InstanceSeries"":""M6i"",""CoreCount"":2,""MemorySize"":8,""OperatingSystem"":""Linux"",""x_Tenancy"":""Shared""}",arn:aws:ec2:us-west-2:200000000013:instance/shared-host-6c8a8338,shared-host-6c8a8338,EC2 Instance,us-west-2,US West (Oregon),us-west-2a,,,,,,,,,,,split-weighted,"{""Elements"":[{""AllocatedRatio"":1,""UsageUnit"":""Hours"",""UsageQuantity"":0.5618,""x_Strategy"":""Weighted"",""x_Basis"":""MemoryBytes""}]}",arn:aws:eks:us-west-2:200000000013:workload/ingestion-88b631,workload-ingestion,"{""workload"":""ingestion"",""CostCenter"":""cc-1042""}","{""Environment"":""prod"",""CostCenter"":""cc-2087"",""Owner"":""team-data""}"
AWS,AWS,AWS,AWS,AWS,INV-2026-05-0001,100000000001,ExampleCorp Master Payer,Payer Account,200000000013,data-analytics,Linked Account,2026-05-01T00:00:00Z,2026-06-01T00:00:00Z,2026-05-15T00:00:00Z,2026-05-16T00:00:00Z,Usage,,NAT gateway data processed,Usage-Based,9.2844405,9.2844405,9.2844405,9.2844405,0.0450000000,0.0450000000,Standard,206.3209,GB,USD,0.0450000000,9.2844405,0.0450000000,USD,206.3209,GB,AmazonVPC,Networking,Network Connectivity,SKU-3d9b08c72ec44814e0bd4e25,Data Transfer,SPRICE-5df2ff31768360bf23008ec4,"{""x_TransferType"":""InterAZ""}",arn:aws:ec2:eu-west-1:200000000013:natgateway/nat-88126365c788,nat-88126365c788,NAT Gateway,eu-west-1,EU (Ireland),,,,,,,,,,,,,,,,,"{""Environment"":""staging"",""CostCenter"":""cc-3110"",""Owner"":""team-payments""}"
AWS,AWS,AWS,AWS,AWS,INV-2026-05-0001,100000000001,ExampleCorp Master Payer,Payer Account,200000000011,prod-platform,Linked Account,2026-05-01T00:00:00Z,2026-06-01T00:00:00Z,2026-05-01T15:00:00Z,2026-05-01T16:00:00Z,Usage,,Lambda function duration,Usage-Based,19.304861037,19.304861037,21.44988849635786,19.304861037,0.0000166667,0.0000150000,Standard,1286990.7358,GB-Seconds,EUR,0.0000138000,17.76047215404,0.0000153334,USD,1286990.7358,GB-Seconds,AWSLambda,Compute,Serverless Compute,SKU-790dfdd7277c16aec9cf7656,Compute,SPRICE-f3bbf94e2faecc81cd113fd7,"{""x_Runtime"":""python3.12"",""x_Architecture"":""arm64""}",arn:aws:lambda:us-west-2:200000000011:function/fn-39249aebe164,fn-39249aebe164,Lambda Function,us-west-2,US West (Oregon),,,,,,,,,"{""Elements"":[{""ContractId"":""CONTRACT-EA-2026-0001"",""ContractCommitmentId"":""CC-EA-SPEND-0001"",""ContractCommitmentAppliedCost"":19.30486103700000}]}",,,,,,,,"{""Environment"":""prod"",""CostCenter"":""cc-1042"",""Owner"":""team-payments""}"
AWS,AWS,AWS,AWS,AWS,INV-2026-05-0001,100000000001,ExampleCorp Master Payer,Payer Account,200000000012,staging-platform,Linked Account,2026-05-01T00:00:00Z,2026-06-01T00:00:00Z,2026-05-01T16:00:00Z,2026-05-01T17:00:00Z,Usage,,Shared EC2 host cost allocated to workload,Usage-Based,0.074544,0.074544,0.074544,0.074544,0.0960000000,0.0960000000,Standard,0.7765,Hours,USD,0.0960000000,0.074544,0.0960000000,USD,0.7765,Hours,AmazonEC2,Compute,Virtual Machines,SKU-ca9c2ba97f0b30fb137ef130,Compute,SPRICE-d7f4030fc2a8b65799f6b437,"{""InstanceType"":""m6i.large"",""InstanceSeries"":""M6i"",""CoreCount"":2,""MemorySize"":8,""OperatingSystem"":""Linux"",""x_Tenancy"":""Shared""}",arn:aws:ec2:eu-west-1:200000000012:instance/shared-host-15b9ae6f,shared-host-15b9ae6f,EC2 Instance,eu-west-1,EU (Ireland),eu-west-1b,,,,,,,,,,,split-proportional,"{""Elements"":[{""AllocatedRatio"":1,""UsageUnit"":""Hours"",""UsageQuantity"":0.7765,""x_Strategy"":""Proportional"",""x_Basis"":""vCPUSeconds""}]}",arn:aws:eks:eu-west-1:200000000012:workload/ingestion-ecef18,workload-ingestion,"{""workload"":""ingestion"",""CostCenter"":""cc-1042""}","{""Environment"":""staging"",""CostCenter"":""cc-3110"",""Owner"":""team-data""}"
AWS,AWS,AWS,AWS,AWS,INV-2026-05-0002,100000000002,ExampleCorp Secondary Payer,Payer Account,200000000014,sandbox-dev,Linked Account,2026-05-01T00:00:00Z,2026-06-01T00:00:00Z,2026-05-01T17:00:00Z,2026-05-01T18:00:00Z,Usage,,RDS PostgreSQL db.r6g.large,Usage-Based,0.24,0.24,0.24,0.24,0.2400000000,0.2400000000,Standard,1.0000,Hours,USD,0.2400000000,0.24,0.2400000000,USD,1.0000,Hours,AmazonRDS,Databases,Relational Databases,SKU-7a3ac49181ed25cc4a81dc35,Database,SPRICE-7a34752a4c02e0761e1464be,"{""InstanceType"":""db.r6g.large"",""InstanceSeries"":""R6g"",""CoreCount"":2,""MemorySize"":16,""x_Engine"":""PostgreSQL""}",arn:aws:rds:eu-west-1:200000000014:db/db-cebfd54a77cb,db-cebfd54a77cb,RDS Instance,eu-west-1,EU (Ireland),,,,,,,,,,,,,,,,,"{""Environment"":""dev"",""CostCenter"":""cc-2087"",""Owner"":""team-data""}"
AWS,AWS,AWS,AWS,AWS,INV-2026-05-0002,100000000002,ExampleCorp Secondary Payer,Payer Account,200000000012,staging-platform,Linked Account,2026-05-01T00:00:00Z,2026-06-01T00:00:00Z,2026-05-01T18:00:00Z,2026-05-01T19:00:00Z,Purchase,,"Reserved Instance commitment, amortised for the charge period",Recurring,32.016,0,32.016,32.016,0.0640320000,0.0640320000,Standard,500,Hours,USD,0.0640320000,0,0.0640320000,USD,,,AmazonEC2,Compute,Virtual Machines,SKU-b4b21963faec92bb7aa2fb9e,Commitment,SPRICE-e7c65befe9980278c6dd3c7c,"{""x_PurchaseTerm"":""1yr"",""x_PaymentOption"":""NoUpfront""}",arn:aws:ec2:us-east-1::reservation/1473bd0ea6ea2540,reservation-2c3a25d797b1,Reserved Instance,us-east-1,US East (N. Virginia),,arn:aws:ec2:us-east-1::reservation/1473bd0ea6ea2540,EC2ReservedInstance-1yr-NoUpfront,Usage,Reserved Instance,,500,Hours,,,,,,,,,"{""Environment"":""staging"",""CostCenter"":""cc-1042"",""Owner"":""team-data""}"
AWS,AWS,AWS,AWS,AWS,INV-2026-05-0002,100000000002,ExampleCorp Secondary Payer,Payer Account,200000000012,staging-platform,Linked Account,2026-05-01T00:00:00Z,2026-06-01T00:00:00Z,2026-05-01T18:00:00Z,2026-05-01T19:00:00Z,Usage,,AmazonEC2 committed usage of 500 machine-equivalents,Usage-Based,0,32.016,48,43.2,0.0960000000,0.0864000000,Committed,500,Hours,USD,0.0864000000,32.016,0.0960000000,USD,500,Hours,AmazonEC2,Compute,Virtual Machines,SKU-736a4dd80178572d8370293d,Compute,SPRICE-c862323f09b487c42efb1c6b,"{""InstanceType"":""m6i.large"",""InstanceSeries"":""M6i"",""CoreCount"":2,""MemorySize"":8,""OperatingSystem"":""Linux"",""x_Tenancy"":""Shared""}",urn:focus-sample:aws:us-east-1:200000000012:compute-fleet:fleet2eab30897a0ebfc8adc39af3,fleet2eab30897a0ebfc8adc39af3,Compute Fleet,us-east-1,US East (N. Virginia),us-east-1a,arn:aws:ec2:us-east-1::reservation/1473bd0ea6ea2540,EC2ReservedInstance-1yr-NoUpfront,Usage,Reserved Instance,Used,500,Hours,"{""Elements"":[{""ContractId"":""CONTRACT-CD-0001"",""ContractCommitmentId"":""arn:aws:ec2:us-east-1::reservation/1473bd0ea6ea2540"",""ContractCommitmentAppliedCost"":32.0160000000,""ContractCommitmentAppliedQuantity"":500,""ContractCommitmentAppliedUnit"":""Hours""}]}",,,,,,,,"{""Environment"":""staging"",""CostCenter"":""cc-1042"",""Owner"":""team-data"",""SyntheticFleetSize"":""500""}"
AWS,AWS,AWS,AWS,AWS,INV-2026-05-0002,100000000002,ExampleCorp Secondary Payer,Payer Account,200000000012,staging-platform,Linked Account,2026-05-01T00:00:00Z,2026-06-01T00:00:00Z,2026-05-01T19:00:00Z,2026-05-01T20:00:00Z,Purchase,,"Reserved Instance commitment, amortised for the charge period",Recurring,32.016,0,32.016,32.016,0.0640320000,0.0640320000,Standard,500,Hours,USD,0.0640320000,0,0.0640320000,USD,,,AmazonEC2,Compute,Virtual Machines,SKU-b4b21963faec92bb7aa2fb9e,Commitment,SPRICE-e7c65befe9980278c6dd3c7c,"{""x_PurchaseTerm"":""1yr"",""x_PaymentOption"":""NoUpfront""}",arn:aws:ec2:us-east-1::reservation/1473bd0ea6ea2540,reservation-2c3a25d797b1,Reserved Instance,us-east-1,US East (N. Virginia),,arn:aws:ec2:us-east-1::reservation/1473bd0ea6ea2540,EC2ReservedInstance-1yr-NoUpfront,Usage,Reserved Instance,,500,Hours,,,,,,,,,"{""Environment"":""prod"",""CostCenter"":""cc-3110"",""Owner"":""team-platform""}"
AWS,AWS,AWS,AWS,AWS,INV-2026-05-0002,100000000002,ExampleCorp Secondary Payer,Payer Account,200000000012,staging-platform,Linked Account,2026-05-01T00:00:00Z,2026-06-01T00:00:00Z,2026-05-01T19:00:00Z,2026-05-01T20:00:00Z,Usage,,AmazonEC2 committed usage of 500 machine-equivalents,Usage-Based,0,32.016,48,43.2,0.0960000000,0.0864000000,Committed,500,Hours,USD,0.0864000000,32.016,0.0960000000,USD,500,Hours,AmazonEC2,Compute,Virtual Machines,SKU-736a4dd80178572d8370293d,Compute,SPRICE-c862323f09b487c42efb1c6b,"{""InstanceType"":""m6i.large"",""InstanceSeries"":""M6i"",""CoreCount"":2,""MemorySize"":8,""OperatingSystem"":""Linux"",""x_Tenancy"":""Shared""}",urn:focus-sample:aws:us-east-1:200000000012:compute-fleet:fleet2eab30897a0ebfc8adc39af3,fleet2eab30897a0ebfc8adc39af3,Compute Fleet,us-east-1,US East (N. Virginia),us-east-1a,arn:aws:ec2:us-east-1::reservation/1473bd0ea6ea2540,EC2ReservedInstance-1yr-NoUpfront,Usage,Reserved Instance,Used,500,Hours,"{""Elements"":[{""ContractId"":""CONTRACT-CD-0001"",""ContractCommitmentId"":""arn:aws:ec2:us-east-1::reservation/1473bd0ea6ea2540"",""ContractCommitmentAppliedCost"":32.0160000000,""ContractCommitmentAppliedQuantity"":500,""ContractCommitmentAppliedUnit"":""Hours""}]}",,,,,,,,"{""Environment"":""dev"",""CostCenter"":""cc-1042"",""Owner"":""team-data"",""SyntheticFleetSize"":""500""}"
AWS,AWS,AWS,AWS,AWS,INV-2026-05-0002,100000000002,ExampleCorp Secondary Payer,Payer Account,200000000012,staging-platform,Linked Account,2026-05-01T00:00:00Z,2026-06-01T00:00:00Z,2026-05-01T20:00:00Z,2026-05-01T21:00:00Z,Purchase,,"Reserved Instance commitment, amortised for the charge period",Recurring,32.016,0,32.016,32.016,0.0640320000,0.0640320000,Standard,500,Hours,USD,0.0640320000,0,0.0640320000,USD,,,AmazonEC2,Compute,Virtual Machines,SKU-b4b21963faec92bb7aa2fb9e,Commitment,SPRICE-e7c65befe9980278c6dd3c7c,"{""x_PurchaseTerm"":""1yr"",""x_PaymentOption"":""NoUpfront""}",arn:aws:ec2:us-east-1::reservation/1473bd0ea6ea2540,reservation-2c3a25d797b1,Reserved Instance,us-east-1,US East (N. Virginia),,arn:aws:ec2:us-east-1::reservation/1473bd0ea6ea2540,EC2ReservedInstance-1yr-NoUpfront,Usage,Reserved Instance,,500,Hours,,,,,,,,,"{""Environment"":""dev"",""CostCenter"":""cc-3110"",""Owner"":""team-platform""}"
AWS,AWS,AWS,AWS,AWS,INV-2026-05-0002,100000000002,ExampleCorp Secondary Payer,Payer Account,200000000012,staging-platform,Linked Account,2026-05-01T00:00:00Z,2026-06-01T00:00:00Z,2026-05-01T20:00:00Z,2026-05-01T21:00:00Z,Usage,,AmazonEC2 committed usage of 500 machine-equivalents,Usage-Based,0,32.016,48,43.2,0.0960000000,0.0864000000,Committed,500,Hours,USD,0.0864000000,32.016,0.0960000000,USD,500,Hours,AmazonEC2,Compute,Virtual Machines,SKU-736a4dd80178572d8370293d,Compute,SPRICE-c862323f09b487c42efb1c6b,"{""InstanceType"":""m6i.large"",""InstanceSeries"":""M6i"",""CoreCount"":2,""MemorySize"":8,""OperatingSystem"":""Linux"",""x_Tenancy"":""Shared""}",urn:focus-sample:aws:us-east-1:200000000012:compute-fleet:fleet2eab30897a0ebfc8adc39af3,fleet2eab30897a0ebfc8adc39af3,Compute Fleet,us-east-1,US East (N. Virginia),us-east-1a,arn:aws:ec2:us-east-1::reservation/1473bd0ea6ea2540,EC2ReservedInstance-1yr-NoUpfront,Usage,Reserved Instance,Used,500,Hours,"{""Elements"":[{""ContractId"":""CONTRACT-CD-0001"",""ContractCommitmentId"":""arn:aws:ec2:us-east-1::reservation/1473bd0ea6ea2540"",""ContractCommitmentAppliedCost"":32.0160000000,""ContractCommitmentAppliedQuantity"":500,""ContractCommitmentAppliedUnit"":""Hours""}]}",,,,,,,,"{""Environment"":""prod"",""CostCenter"":""cc-1042"",""Owner"":""team-platform"",""SyntheticFleetSize"":""500""}"
AWS,AWS,AWS,AWS,AWS,INV-2026-05-0002,100000000002,ExampleCorp Secondary Payer,Payer Account,200000000012,staging-platform,Linked Account,2026-05-01T00:00:00Z,2026-06-01T00:00:00Z,2026-05-01T21:00:00Z,2026-05-01T22:00:00Z,Purchase,,"Reserved Instance commitment, amortised for the charge period",Recurring,32.016,0,32.016,32.016,0.0640320000,0.0640320000,Standard,500,Hours,USD,0.0640320000,0,0.0640320000,USD,,,AmazonEC2,Compute,Virtual Machines,SKU-b4b21963faec92bb7aa2fb9e,Commitment,SPRICE-e7c65befe9980278c6dd3c7c,"{""x_PurchaseTerm"":""1yr"",""x_PaymentOption"":""NoUpfront""}",arn:aws:ec2:us-east-1::reservation/1473bd0ea6ea2540,reservation-2c3a25d797b1,Reserved Instance,us-east-1,US East (N. Virginia),,arn:aws:ec2:us-east-1::reservation/1473bd0ea6ea2540,EC2ReservedInstance-1yr-NoUpfront,Usage,Reserved Instance,,500,Hours,,,,,,,,,"{""Environment"":""staging"",""CostCenter"":""cc-3110"",""Owner"":""team-data""}"
AWS,AWS,AWS,AWS,AWS,INV-2026-05-0002,100000000002,ExampleCorp Secondary Payer,Payer Account,200000000012,staging-platform,Linked Account,2026-05-01T00:00:00Z,2026-06-01T00:00:00Z,2026-05-01T21:00:00Z,2026-05-01T22:00:00Z,Usage,,AmazonEC2 committed usage of 500 machine-equivalents,Usage-Based,0,32.016,48,43.2,0.0960000000,0.0864000000,Committed,500,Hours,USD,0.0864000000,32.016,0.0960000000,USD,500,Hours,AmazonEC2,Compute,Virtual Machines,SKU-736a4dd80178572d8370293d,Compute,SPRICE-c862323f09b487c42efb1c6b,"{""InstanceType"":""m6i.large"",""InstanceSeries"":""M6i"",""CoreCount"":2,""MemorySize"":8,""OperatingSystem"":""Linux"",""x_Tenancy"":""Shared""}",urn:focus-sample:aws:us-east-1:200000000012:compute-fleet:fleet2eab30897a0ebfc8adc39af3,fleet2eab30897a0ebfc8adc39af3,Compute Fleet,us-east-1,US East (N. Virginia),us-east-1a,arn:aws:ec2:us-east-1::reservation/1473bd0ea6ea2540,EC2ReservedInstance-1yr-NoUpfront,Usage,Reserved Instance,Used,500,Hours,"{""Elements"":[{""ContractId"":""CONTRACT-CD-0001"",""ContractCommitmentId"":""arn:aws:ec2:us-east-1::reservation/1473bd0ea6ea2540"",""ContractCommitmentAppliedCost"":32.0160000000,""ContractCommitmentAppliedQuantity"":500,""ContractCommitmentAppliedUnit"":""Hours""}]}",,,,,,,,"{""Environment"":""prod"",""CostCenter"":""cc-3110"",""Owner"":""team-platform"",""SyntheticFleetSize"":""500""}"
AWS,AWS,AWS,AWS,AWS,INV-2026-05-0002,100000000002,ExampleCorp Secondary Payer,Payer Account,200000000012,staging-platform,Linked Account,2026-05-01T00:00:00Z,2026-06-01T00:00:00Z,2026-05-01T22:00:00Z,2026-05-01T23:00:00Z,Purchase,,"Reserved Instance commitment, amortised for the charge period",Recurring,32.016,0,32.016,32.016,0.0640320000,0.0640320000,Standard,500,Hours,USD,0.0640320000,0,0.0640320000,USD,,,AmazonEC2,Compute,Virtual Machines,SKU-b4b21963faec92bb7aa2fb9e,Commitment,SPRICE-e7c65befe9980278c6dd3c7c,"{""x_PurchaseTerm"":""1yr"",""x_PaymentOption"":""NoUpfront""}",arn:aws:ec2:us-east-1::reservation/1473bd0ea6ea2540,reservation-2c3a25d797b1,Reserved Instance,us-east-1,US East (N. Virginia),,arn:aws:ec2:us-east-1::reservation/1473bd0ea6ea2540,EC2ReservedInstance-1yr-NoUpfront,Usage,Reserved Instance,,500,Hours,,,,,,,,,"{""Environment"":""prod"",""CostCenter"":""cc-1042"",""Owner"":""team-platform""}"
AWS,AWS,AWS,AWS,AWS,INV-2026-05-0002,100000000002,ExampleCorp Secondary Payer,Payer Account,200000000012,staging-platform,Linked Account,2026-05-01T00:00:00Z,2026-06-01T00:00:00Z,2026-05-01T22:00:00Z,2026-05-01T23:00:00Z,Usage,,AmazonEC2 committed usage of 500 machine-equivalents,Usage-Based,0,32.016,48,43.2,0.0960000000,0.0864000000,Committed,500,Hours,USD,0.0864000000,32.016,0.0960000000,USD,500,Hours,AmazonEC2,Compute,Virtual Machines,SKU-736a4dd80178572d8370293d,Compute,SPRICE-c862323f09b487c42efb1c6b,"{""InstanceType"":""m6i.large"",""InstanceSeries"":""M6i"",""CoreCount"":2,""MemorySize"":8,""OperatingSystem"":""Linux"",""x_Tenancy"":""Shared""}",urn:focus-sample:aws:us-east-1:200000000012:compute-fleet:fleet2eab30897a0ebfc8adc39af3,fleet2eab30897a0ebfc8adc39af3,Compute Fleet,us-east-1,US East (N. Virginia),us-east-1a,arn:aws:ec2:us-east-1::reservation/1473bd0ea6ea2540,EC2ReservedInstance-1yr-NoUpfront,Usage,Reserved Instance,Used,500,Hours,"{""Elements"":[{""ContractId"":""CONTRACT-CD-0001"",""ContractCommitmentId"":""arn:aws:ec2:us-east-1::reservation/1473bd0ea6ea2540"",""ContractCommitmentAppliedCost"":32.0160000000,""ContractCommitmentAppliedQuantity"":500,""ContractCommitmentAppliedUnit"":""Hours""}]}",,,,,,,,"{""Environment"":""staging"",""CostCenter"":""cc-2087"",""Owner"":""team-payments"",""SyntheticFleetSize"":""500""}"
AWS,AWS,AWS,AWS,AWS,INV-2026-05-0002,100000000002,ExampleCorp Secondary Payer,Payer Account,200000000012,staging-platform,Linked Account,2026-05-01T00:00:00Z,2026-06-01T00:00:00Z,2026-05-01T23:00:00Z,2026-05-02T00:00:00Z,Purchase,,"Reserved Instance commitment, amortised for the charge period",Recurring,32.016,0,32.016,32.016,0.0640320000,0.0640320000,Standard,500,Hours,USD,0.0640320000,0,0.0640320000,USD,,,AmazonEC2,Compute,Virtual Machines,SKU-b4b21963faec92bb7aa2fb9e,Commitment,SPRICE-e7c65befe9980278c6dd3c7c,"{""x_PurchaseTerm"":""1yr"",""x_PaymentOption"":""NoUpfront""}",arn:aws:ec2:us-east-1::reservation/1473bd0ea6ea2540,reservation-2c3a25d797b1,Reserved Instance,us-east-1,US East (N. Virginia),,arn:aws:ec2:us-east-1::reservation/1473bd0ea6ea2540,EC2ReservedInstance-1yr-NoUpfront,Usage,Reserved Instance,,500,Hours,,,,,,,,,"{""Environment"":""prod"",""CostCenter"":""cc-3110"",""Owner"":""team-payments""}"
AWS,AWS,AWS,AWS,AWS,INV-2026-05-0002,100000000002,ExampleCorp Secondary Payer,Payer Account,200000000012,staging-platform,Linked Account,2026-05-01T00:00:00Z,2026-06-01T00:00:00Z,2026-05-01T23:00:00Z,2026-05-02T00:00:00Z,Usage,,AmazonEC2 committed usage of 500 machine-equivalents,Usage-Based,0,32.016,48,43.2,0.0960000000,0.0864000000,Committed,500,Hours,USD,0.0864000000,32.016,0.0960000000,USD,500,Hours,AmazonEC2,Compute,Virtual Machines,SKU-736a4dd80178572d8370293d,Compute,SPRICE-c862323f09b487c42efb1c6b,"{""InstanceType"":""m6i.large"",""InstanceSeries"":""M6i"",""CoreCount"":2,""MemorySize"":8,""OperatingSystem"":""Linux"",""x_Tenancy"":""Shared""}",urn:focus-sample:aws:us-east-1:200000000012:compute-fleet:fleet2eab30897a0ebfc8adc39af3,fleet2eab30897a0ebfc8adc39af3,Compute Fleet,us-east-1,US East (N. Virginia),us-east-1a,arn:aws:ec2:us-east-1::reservation/1473bd0ea6ea2540,EC2ReservedInstance-1yr-NoUpfront,Usage,Reserved Instance,Used,500,Hours,"{""Elements"":[{""ContractId"":""CONTRACT-CD-0001"",""ContractCommitmentId"":""arn:aws:ec2:us-east-1::reservation/1473bd0ea6ea2540"",""ContractCommitmentAppliedCost"":32.0160000000,""ContractCommitmentAppliedQuantity"":500,""ContractCommitmentAppliedUnit"":""Hours""}]}",,,,,,,,"{""Environment"":""staging"",""CostCenter"":""cc-3110"",""Owner"":""team-data"",""SyntheticFleetSize"":""500""}"
AWS,AWS,AWS,AWS,AWS,INV-2026-05-0002,100000000002,ExampleCorp Secondary Payer,Payer Account,200000000012,staging-platform,Linked Account,2026-05-01T00:00:00Z,2026-06-01T00:00:00Z,2026-05-02T00:00:00Z,2026-05-02T01:00:00Z,Purchase,,"Reserved Instance commitment, amortised for the charge period",Recurring,32.016,0,32.016,32.016,0.0640320000,0.0640320000,Standard,500,Hours,USD,0.0640320000,0,0.0640320000,USD,,,AmazonEC2,Compute,Virtual Machines,SKU-b4b21963faec92bb7aa2fb9e,Commitment,SPRICE-e7c65befe9980278c6dd3c7c,"{""x_PurchaseTerm"":""1yr"",""x_PaymentOption"":""NoUpfront""}",arn:aws:ec2:us-east-1::reservation/1473bd0ea6ea2540,reservation-2c3a25d797b1,Reserved Instance,us-east-1,US East (N. Virginia),,arn:aws:ec2:us-east-1::reservation/1473bd0ea6ea2540,EC2ReservedInstance-1yr-NoUpfront,Usage,Reserved Instance,,500,Hours,,,,,,,,,"{""Environment"":""staging"",""CostCenter"":""cc-1042"",""Owner"":""team-platform""}"
AWS,AWS,AWS,AWS,AWS,INV-2026-05-0002,100000000002,ExampleCorp Secondary Payer,Payer Account,200000000012,staging-platform,Linked Account,2026-05-01T00:00:00Z,2026-06-01T00:00:00Z,2026-05-02T00:00:00Z,2026-05-02T01:00:00Z,Usage,,AmazonEC2 committed usage of 500 machine-equivalents,Usage-Based,0,32.016,48,43.2,0.0960000000,0.0864000000,Committed,500,Hours,USD,0.0864000000,32.016,0.0960000000,USD,500,Hours,AmazonEC2,Compute,Virtual Machines,SKU-736a4dd80178572d8370293d,Compute,SPRICE-c862323f09b487c42efb1c6b,"{""InstanceType"":""m6i.large"",""InstanceSeries"":""M6i"",""CoreCount"":2,""MemorySize"":8,""OperatingSystem"":""Linux"",""x_Tenancy"":""Shared""}",urn:focus-sample:aws:us-east-1:200000000012:compute-fleet:fleet2eab30897a0ebfc8adc39af3,fleet2eab30897a0ebfc8adc39af3,Compute Fleet,us-east-1,US East (N. Virginia),us-east-1a,arn:aws:ec2:us-east-1::reservation/1473bd0ea6ea2540,EC2ReservedInstance-1yr-NoUpfront,Usage,Reserved Instance,Used,500,Hours,"{""Elements"":[{""ContractId"":""CONTRACT-CD-0001"",""ContractCommitmentId"":""arn:aws:ec2:us-east-1::reservation/1473bd0ea6ea2540"",""ContractCommitmentAppliedCost"":32.0160000000,""ContractCommitmentAppliedQuantity"":500,""ContractCommitmentAppliedUnit"":""Hours""}]}",,,,,,,,"{""Environment"":""dev"",""CostCenter"":""cc-3110"",""Owner"":""team-data"",""SyntheticFleetSize"":""500""}"
AWS,AWS,AWS,AWS,AWS,INV-2026-05-0002,100000000002,ExampleCorp Secondary Payer,Payer Account,200000000012,staging-platform,Linked Account,2026-05-01T00:00:00Z,2026-06-01T00:00:00Z,2026-05-02T01:00:00Z,2026-05-02T02:00:00Z,Purchase,,"Reserved Instance commitment, amortised for the charge period",Recurring,32.016,0,32.016,32.016,0.0640320000,0.0640320000,Standard,500,Hours,USD,0.0640320000,0,0.0640320000,USD,,,AmazonEC2,Compute,Virtual Machines,SKU-b4b21963faec92bb7aa2fb9e,Commitment,SPRICE-e7c65befe9980278c6dd3c7c,"{""x_PurchaseTerm"":""1yr"",""x_PaymentOption"":""NoUpfront""}",arn:aws:ec2:us-east-1::reservation/1473bd0ea6ea2540,reservation-2c3a25d797b1,Reserved Instance,us-east-1,US East (N. Virginia),,arn:aws:ec2:us-east-1::reservation/1473bd0ea6ea2540,EC2ReservedInstance-1yr-NoUpfront,Usage,Reserved Instance,,500,Hours,,,,,,,,,"{""Environment"":""dev"",""CostCenter"":""cc-2087"",""Owner"":""team-payments""}"
AWS,AWS,AWS,AWS,AWS,INV-2026-05-0002,100000000002,ExampleCorp Secondary Payer,Payer Account,200000000012,staging-platform,Linked Account,2026-05-01T00:00:00Z,2026-06-01T00:00:00Z,2026-05-02T01:00:00Z,2026-05-02T02:00:00Z,Usage,,AmazonEC2 committed usage of 500 machine-equivalents,Usage-Based,0,32.016,48,43.2,0.0960000000,0.0864000000,Committed,500,Hours,USD,0.0864000000,32.016,0.0960000000,USD,500,Hours,AmazonEC2,Compute,Virtual Machines,SKU-736a4dd80178572d8370293d,Compute,SPRICE-c862323f09b487c42efb1c6b,"{""InstanceType"":""m6i.large"",""InstanceSeries"":""M6i"",""CoreCount"":2,""MemorySize"":8,""OperatingSystem"":""Linux"",""x_Tenancy"":""Shared""}",urn:focus-sample:aws:us-east-1:200000000012:compute-fleet:fleet2eab30897a0ebfc8adc39af3,fleet2eab30897a0ebfc8adc39af3,Compute Fleet,us-east-1,US East (N. Virginia),us-east-1a,arn:aws:ec2:us-east-1::reservation/1473bd0ea6ea2540,EC2ReservedInstance-1yr-NoUpfront,Usage,Reserved Instance,Used,500,Hours,"{""Elements"":[{""ContractId"":""CONTRACT-CD-0001"",""ContractCommitmentId"":""arn:aws:ec2:us-east-1::reservation/1473bd0ea6ea2540"",""ContractCommitmentAppliedCost"":32.0160000000,""ContractCommitmentAppliedQuantity"":500,""ContractCommitmentAppliedUnit"":""Hours""}]}",,,,,,,,"{""Environment"":""staging"",""CostCenter"":""cc-2087"",""Owner"":""team-data"",""SyntheticFleetSize"":""500""}"
AWS,AWS,AWS,AWS,AWS,INV-2026-05-0002,100000000002,ExampleCorp Secondary Payer,Payer Account,200000000012,staging-platform,Linked Account,2026-05-01T00:00:00Z,2026-06-01T00:00:00Z,2026-05-02T02:00:00Z,2026-05-02T03:00:00Z,Purchase,,"Reserved Instance commitment, amortised for the charge period",Recurring,32.016,0,32.016,32.016,0.0640320000,0.0640320000,Standard,500,Hours,USD,0.0640320000,0,0.0640320000,USD,,,AmazonEC2,Compute,Virtual Machines,SKU-b4b21963faec92bb7aa2fb9e,Commitment,SPRICE-e7c65befe9980278c6dd3c7c,"{""x_PurchaseTerm"":""1yr"",""x_PaymentOption"":""NoUpfront""}",arn:aws:ec2:us-east-1::reservation/1473bd0ea6ea2540,reservation-2c3a25d797b1,Reserved Instance,us-east-1,US East (N. Virginia),,arn:aws:ec2:us-east-1::reservation/1473bd0ea6ea2540,EC2ReservedInstance-1yr-NoUpfront,Usage,Reserved Instance,,500,Hours,,,,,,,,,"{""Environment"":""prod"",""CostCenter"":""cc-3110"",""Owner"":""team-payments""}"
AWS,AWS,AWS,AWS,AWS,INV-2026-05-0002,100000000002,ExampleCorp Secondary Payer,Payer Account,200000000012,staging-platform,Linked Account,2026-05-01T00:00:00Z,2026-06-01T00:00:00Z,2026-05-02T02:00:00Z,2026-05-02T03:00:00Z,Usage,,Reserved Instance unused commitment,Usage-Based,0,32.016,32.016,32.016,0.0640320000,0.0640320000,Committed,500,Hours,USD,0.0640320000,32.016,0.0640320000,USD,,,AmazonEC2,Compute,Virtual Machines,SKU-b4b21963faec92bb7aa2fb9e,Commitment,SPRICE-e7c65befe9980278c6dd3c7c,"{""x_PurchaseTerm"":""1yr"",""x_PaymentOption"":""NoUpfront""}",arn:aws:ec2:us-east-1::reservation/1473bd0ea6ea2540,reservation-2c3a25d797b1,Reserved Instance,us-east-1,US East (N. Virginia),,arn:aws:ec2:us-east-1::reservation/1473bd0ea6ea2540,EC2ReservedInstance-1yr-NoUpfront,Usage,Reserved Instance,Unused,500,Hours,"{""Elements"":[{""ContractId"":""CONTRACT-CD-0001"",""ContractCommitmentId"":""arn:aws:ec2:us-east-1::reservation/1473bd0ea6ea2540"",""ContractCommitmentAppliedCost"":32.0160000000,""ContractCommitmentAppliedQuantity"":500,""ContractCommitmentAppliedUnit"":""Hours""}]}",,,,,,,,"{""Environment"":""staging"",""CostCenter"":""cc-2087"",""Owner"":""team-data""}"
AWS,AWS,AWS,AWS,AWS,INV-2026-05-0001,100000000001,ExampleCorp Master Payer,Payer Account,200000000014,sandbox-dev,Linked Account,2026-05-01T00:00:00Z,2026-06-01T00:00:00Z,2026-05-09T00:00:00Z,2026-05-10T00:00:00Z,Usage,,NAT gateway data processed,Usage-Based,8.70478245,8.70478245,9.6719805,8.70478245,0.0450000000,0.0405000000,Standard,214.9329,GB,USD,0.0405000000,8.70478245,0.0450000000,USD,214.9329,GB,AmazonVPC,Networking,Network Connectivity,SKU-935abd9125f7268b4f0eb1ad,Data Transfer,SPRICE-130c94d71c797814c8e72b46,"{""x_TransferType"":""InterAZ""}",arn:aws:ec2:us-east-1:200000000014:natgateway/nat-97ff4f30bb21,nat-97ff4f30bb21,NAT Gateway,us-east-1,US East (N. Virginia),,,,,,,,,"{""Elements"":[{""ContractId"":""CONTRACT-EA-2026-0001"",""ContractCommitmentId"":""CC-EA-SPEND-0001"",""ContractCommitmentAppliedCost"":8.70478245000000}]}",,,,,,,,"{""Environment"":""dev"",""CostCenter"":""cc-2087"",""Owner"":""team-payments""}"
AWS,AWS,AWS,AWS,AWS,INV-2026-05-0002,100000000002,ExampleCorp Secondary Payer,Payer Account,200000000014,sandbox-dev,Linked Account,2026-05-01T00:00:00Z,2026-06-01T00:00:00Z,2026-05-05T00:00:00Z,2026-05-06T00:00:00Z,Tax,,Synthetic tax 10% on usage record 5: AmazonVPC,One-Time,1.3871898,1.3871898,1.541322,1.3871898,,,,,,USD,,1.3871898,,USD,,,AmazonVPC,Networking,Network Connectivity,,,,,,,,,,,,,,,,,,,,,,,,,,"{""Environment"":""prod"",""CostCenter"":""cc-2087"",""Owner"":""team-data""}"
AWS,AWS,AWS,AWS,AWS,INV-2026-05-0001,100000000001,ExampleCorp Master Payer,Payer Account,200000000014,sandbox-dev,Linked Account,2026-05-01T00:00:00Z,2026-06-01T00:00:00Z,2026-05-11T00:00:00Z,2026-05-12T00:00:00Z,Usage,,DynamoDB on-demand write requests,Usage-Based,4.925794767375,4.925794767375,4.925794767375,4.925794767375,0.0000012500,0.0000012500,Standard,3940635.8139,Requests,USD,0.0000012500,4.925794767375,0.0000012500,USD,3940635.8139,Requests,AmazonDynamoDB,Databases,NoSQL Databases,SKU-ed668466fc7fc7bc80c6b1e8,Database,SPRICE-c01526413ebdb215913eebd3,"{""x_CapacityMode"":""On-Demand""}",arn:aws:dynamodb:ap-southeast-1:200000000014:table/table-e645b5ce2cc4,table-e645b5ce2cc4,DynamoDB Table,ap-southeast-1,Asia Pacific (Singapore),,,,,,,,,,,,,,,,,"{""Environment"":""dev"",""CostCenter"":""cc-1042"",""Owner"":""team-platform""}"
AWS,AWS,AWS,AWS,AWS,INV-2026-05-0001,100000000001,ExampleCorp Master Payer,Payer Account,200000000012,staging-platform,Linked Account,2026-05-01T00:00:00Z,2026-06-01T00:00:00Z,2026-05-01T00:00:00Z,2026-06-01T00:00:00Z,Usage,,S3 Standard storage,Usage-Based,128.26128204,128.26128204,142.5125356,128.26128204,0.0230000000,0.0207000000,Standard,6196.1972,GB-Months,USD,0.0207000000,128.26128204,0.0230000000,USD,6196.1972,GB-Months,AmazonS3,Storage,Object Storage,SKU-e7cfcc3199bb16b2dd7b1493,Storage,SPRICE-5d75931c911c493aa2aa3d41,"{""StorageClass"":""Standard"",""Redundancy"":""Zonal""}",arn:aws:s3:ap-southeast-1:200000000012:bucket/bucket-eade9f0ee496,bucket-eade9f0ee496,S3 Bucket,ap-southeast-1,Asia Pacific (Singapore),,,,,,,,,"{""Elements"":[{""ContractId"":""CONTRACT-EA-2026-0001"",""ContractCommitmentId"":""CC-EA-STORAGE-0002"",""ContractCommitmentAppliedCost"":128.26128204000000}]}",,,,,,,,"{""Environment"":""prod"",""CostCenter"":""cc-1042"",""Owner"":""team-data""}"
AWS,AWS,AWS,AWS,AWS,INV-2026-05-0002,100000000002,ExampleCorp Secondary Payer,Payer Account,200000000011,prod-platform,Linked Account,2026-05-01T00:00:00Z,2026-06-01T00:00:00Z,2026-05-02T16:00:00Z,2026-05-02T17:00:00Z,Usage,,Shared EC2 host cost allocated to workload,Usage-Based,0.0681696,0.0681696,0.0681696,0.0681696,0.0960000000,0.0960000000,Standard,0.7101,Hours,USD,0.0960000000,0.0681696,0.0960000000,USD,0.7101,Hours,AmazonEC2,Compute,Virtual Machines,SKU-ca9c2ba97f0b30fb137ef130,Compute,SPRICE-d7f4030fc2a8b65799f6b437,"{""InstanceType"":""m6i.large"",""InstanceSeries"":""M6i"",""CoreCount"":2,""MemorySize"":8,""OperatingSystem"":""Linux"",""x_Tenancy"":""Shared""}",arn:aws:ec2:eu-west-1:200000000011:instance/shared-host-019c0a68,shared-host-019c0a68,EC2 Instance,eu-west-1,EU (Ireland),eu-west-1a,,,,,,,,,,,split-even,"{""Elements"":[{""AllocatedRatio"":1,""UsageUnit"":""Hours"",""UsageQuantity"":0.7101,""x_Strategy"":""Even"",""x_Basis"":""Workloads""}]}",arn:aws:eks:eu-west-1:200000000011:workload/search-5532e6,workload-search,"{""workload"":""search"",""CostCenter"":""cc-1042""}","{""Environment"":""dev"",""CostCenter"":""cc-3110"",""Owner"":""team-platform""}"
AWS,AWS,AWS,AWS,AWS,INV-2026-05-0002,100000000002,ExampleCorp Secondary Payer,Payer Account,200000000011,prod-platform,Linked Account,2026-05-01T00:00:00Z,2026-06-01T00:00:00Z,2026-05-02T17:00:00Z,2026-05-02T18:00:00Z,Usage,,Linux on-demand m6i.large,Usage-Based,0.096,0.096,0.096,0.096,0.0960000000,0.0960000000,Standard,1.0000,Hours,USD,0.0960000000,0.096,0.0960000000,USD,1.0000,Hours,AmazonEC2,Compute,Virtual Machines,SKU-e0e295f006e6a0732dd5f77b,Compute,SPRICE-98f5ebeb1125d6e984c27bb1,"{""InstanceType"":""m6i.large"",""InstanceSeries"":""M6i"",""CoreCount"":2,""MemorySize"":8,""OperatingSystem"":""Linux"",""x_Tenancy"":""Shared""}",arn:aws:ec2:us-west-2:200000000011:instance/i-4b7de52cf749,i-4b7de52cf749,EC2 Instance,us-west-2,US West (Oregon),us-west-2a,,,,,,,,,,,,,,,,"{""Environment"":""prod"",""CostCenter"":""cc-3110"",""Owner"":""team-platform""}"
AWS,AWS,AWS,AWS,AWS,INV-2026-05-0001,100000000001,ExampleCorp Master Payer,Payer Account,200000000012,staging-platform,Linked Account,2026-05-01T00:00:00Z,2026-06-01T00:00:00Z,2026-05-02T18:00:00Z,2026-05-02T19:00:00Z,Usage,,Linux on-demand m6i.large,Usage-Based,0.096,0.096,0.096,0.096,0.0960000000,0.0960000000,Standard,1.0000,Hours,EUR,0.0883200000,0.08832,0.0883200000,USD,1.0000,Hours,AmazonEC2,Compute,Virtual Machines,SKU-093c0d7a3a0491f8523e34c8,Compute,SPRICE-899297d67f6c892f71467fa0,"{""InstanceType"":""m6i.large"",""InstanceSeries"":""M6i"",""CoreCount"":2,""MemorySize"":8,""OperatingSystem"":""Linux"",""x_Tenancy"":""Shared""}",arn:aws:ec2:ap-southeast-1:200000000012:instance/i-f4a22fa2f391,i-f4a22fa2f391,EC2 Instance,ap-southeast-1,Asia Pacific (Singapore),ap-southeast-1a,,,,,,,,,,,,,,,,"{""Environment"":""prod"",""CostCenter"":""cc-3110"",""Owner"":""team-payments""}"
AWS,AWS,AWS,AWS,AWS,INV-2026-05-0002,100000000002,ExampleCorp Secondary Payer,Payer Account,200000000012,staging-platform,Linked Account,2026-05-01T00:00:00Z,2026-06-01T00:00:00Z,2026-05-16T00:00:00Z,2026-05-17T00:00:00Z,Usage,,NAT gateway data processed,Usage-Based,8.6049135,8.6049135,8.6049135,8.6049135,0.0450000000,0.0450000000,Standard,191.2203,GB,USD,0.0450000000,8.6049135,0.0450000000,USD,191.2203,GB,AmazonVPC,Networking,Network Connectivity,SKU-38ae1a660e2cadb9d64ca8e5,Data Transfer,SPRICE-974405df44bbf0808ce048b9,"{""x_TransferType"":""InterAZ""}",arn:aws:ec2:us-west-2:200000000012:natgateway/nat-b81387bb193e,nat-b81387bb193e,NAT Gateway,us-west-2,US West (Oregon),,,,,,,,,,,,,,,,,"{""Environment"":""staging"",""CostCenter"":""cc-3110"",""Owner"":""team-payments""}"
AWS,AWS,AWS,AWS,AWS,INV-2026-05-0001,100000000001,ExampleCorp Master Payer,Payer Account,200000000014,sandbox-dev,Linked Account,2026-05-01T00:00:00Z,2026-06-01T00:00:00Z,2026-05-02T20:00:00Z,2026-05-02T21:00:00Z,Usage,,Shared EC2 host cost allocated to workload,Usage-Based,0.0174144,0.0174144,0.0174144,0.0174144,0.0960000000,0.0960000000,Standard,0.1814,Hours,USD,0.0960000000,0.0174144,0.0960000000,USD,0.1814,Hours,AmazonEC2,Compute,Virtual Machines,SKU-ca9c2ba97f0b30fb137ef130,Compute,SPRICE-d7f4030fc2a8b65799f6b437,"{""InstanceType"":""m6i.large"",""InstanceSeries"":""M6i"",""CoreCount"":2,""MemorySize"":8,""OperatingSystem"":""Linux"",""x_Tenancy"":""Shared""}",arn:aws:ec2:eu-west-1:200000000014:instance/shared-host-96ca7e42,shared-host-96ca7e42,EC2 Instance,eu-west-1,EU (Ireland),eu-west-1b,,,,,,,,,,,split-even,"{""Elements"":[{""AllocatedRatio"":1,""UsageUnit"":""Hours"",""UsageQuantity"":0.1814,""x_Strategy"":""Even"",""x_Basis"":""Workloads""}]}",arn:aws:eks:eu-west-1:200000000014:workload/billing-9f0837,workload-billing,"{""workload"":""billing"",""CostCenter"":""cc-2087""}","{""Environment"":""dev"",""CostCenter"":""cc-3110"",""Owner"":""team-data""}"
AWS,AWS,AWS,AWS,AWS,INV-2026-05-0002,100000000002,ExampleCorp Secondary Payer,Payer Account,200000000011,prod-platform,Linked Account,2026-05-01T00:00:00Z,2026-06-01T00:00:00Z,2026-05-02T21:00:00Z,2026-05-02T22:00:00Z,Usage,,Shared EC2 host cost allocated to workload,Usage-Based,0.026352,0.026352,0.026352,0.026352,0.0960000000,0.0960000000,Standard,0.2745,Hours,USD,0.0960000000,0.026352,0.0960000000,USD,0.2745,Hours,AmazonEC2,Compute,Virtual Machines,SKU-e0e295f006e6a0732dd5f77b,Compute,SPRICE-98f5ebeb1125d6e984c27bb1,"{""InstanceType"":""m6i.large"",""InstanceSeries"":""M6i"",""CoreCount"":2,""MemorySize"":8,""OperatingSystem"":""Linux"",""x_Tenancy"":""Shared""}",arn:aws:ec2:us-west-2:200000000011:instance/shared-host-ea3a055d,shared-host-ea3a055d,EC2 Instance,us-west-2,US West (Oregon),us-west-2b,,,,,,,,,,,split-proportional,"{""Elements"":[{""AllocatedRatio"":1,""UsageUnit"":""Hours"",""UsageQuantity"":0.2745,""x_Strategy"":""Proportional"",""x_Basis"":""vCPUSeconds""}]}",arn:aws:eks:us-west-2:200000000011:workload/search-631571,workload-search,"{""workload"":""search"",""CostCenter"":""cc-3110""}","{""Environment"":""prod"",""CostCenter"":""cc-1042"",""Owner"":""team-data""}"
AWS,AWS,AWS,AWS,AWS,INV-2026-05-0001,100000000001,ExampleCorp Master Payer,Payer Account,200000000014,sandbox-dev,Linked Account,2026-05-01T00:00:00Z,2026-06-01T00:00:00Z,2026-05-19T00:00:00Z,2026-05-20T00:00:00Z,Usage,,Glue ETL job run,Usage-Based,17.12084,17.12084,17.12084,17.12084,0.4400000000,0.4400000000,Standard,38.9110,DPU-Hours,USD,0.4400000000,17.12084,0.4400000000,USD,38.9110,DPU-Hours,AWSGlue,Analytics,Data Processing,SKU-8cd75c3064ca6c4c85c43ce6,Data Processing,SPRICE-31964d215aa8bccf440b844b,"{""x_WorkerType"":""G.1X""}",arn:aws:glue:eu-west-1:200000000014:job/job-e75f2d918b79,job-e75f2d918b79,Glue Job,eu-west-1,EU (Ireland),,,,,,,,,,,,,,,,,"{""Environment"":""dev"",""CostCenter"":""cc-1042"",""Owner"":""team-data""}"
AWS,AWS,AWS,AWS,AWS,INV-2026-05-0002,100000000002,ExampleCorp Secondary Payer,Payer Account,200000000012,staging-platform,Linked Account,2026-05-01T00:00:00Z,2026-06-01T00:00:00Z,2026-05-02T23:00:00Z,2026-05-03T00:00:00Z,Usage,,RDS PostgreSQL db.r6g.large,Usage-Based,0.24,0.24,0.24,0.24,0.2400000000,0.2400000000,Standard,1.0000,Hours,USD,0.2400000000,0.24,0.2400000000,USD,1.0000,Hours,AmazonRDS,Databases,Relational Databases,SKU-89bc59af83de149a442b21d0,Database,SPRICE-887d5388c52a801df4d42ba1,"{""InstanceType"":""db.r6g.large"",""InstanceSeries"":""R6g"",""CoreCount"":2,""MemorySize"":16,""x_Engine"":""PostgreSQL""}",arn:aws:rds:us-east-1:200000000012:db/db-37809df4f718,db-37809df4f718,RDS Instance,us-east-1,US East (N. Virginia),,,,,,,,,,,,,,,,,"{""Environment"":""dev"",""CostCenter"":""cc-1042"",""Owner"":""team-payments""}"
AWS,AWS,AWS,AWS,AWS,INV-2026-05-0001,100000000001,ExampleCorp Master Payer,Payer Account,200000000012,staging-platform,Linked Account,2026-05-01T00:00:00Z,2026-06-01T00:00:00Z,2026-05-01T02:00:00Z,2026-05-01T03:00:00Z,Tax,,Synthetic tax 10% on usage record 3: AmazonEC2,One-Time,0.0096,0.0096,0.0096,0.0096,,,,,,USD,,0.0096,,USD,,,AmazonEC2,Compute,Virtual Machines,,,,,,,,,,,,,,,,,,,,,,,,,,"{""Environment"":""dev"",""CostCenter"":""cc-3110"",""Owner"":""team-data""}"
AWS,AWS,AWS,AWS,AWS,INV-2026-05-0001,100000000001,ExampleCorp Master Payer,Payer Account,200000000013,data-analytics,Linked Account,2026-05-01T00:00:00Z,2026-06-01T00:00:00Z,2026-05-01T09:00:00Z,2026-05-01T10:00:00Z,Tax,,Synthetic tax 10% on usage record 10: AmazonEC2,One-Time,0.00520704,0.00520704,0.00520704,0.00520704,,,,,,USD,,0.00520704,,USD,,,AmazonEC2,Compute,Virtual Machines,,,,,,,,,,,,,,,,,,,,,,,,,,"{""Environment"":""dev"",""CostCenter"":""cc-1042"",""Owner"":""team-platform""}"
AWS,AWS,AWS,AWS,AWS,INV-2026-05-0001,100000000001,ExampleCorp Master Payer,Payer Account,200000000011,prod-platform,Linked Account,2026-05-01T00:00:00Z,2026-06-01T00:00:00Z,2026-05-23T00:00:00Z,2026-05-24T00:00:00Z,Usage,,DynamoDB on-demand write requests,Usage-Based,2.215258445125,2.215258445125,2.215258445125,2.215258445125,0.0000012500,0.0000012500,Standard,1772206.7561,Requests,USD,0.0000012500,2.215258445125,0.0000012500,USD,1772206.7561,Requests,AmazonDynamoDB,Databases,NoSQL Databases,SKU-fc4e454b36112dd390bf69e4,Database,SPRICE-6e7ea642b1065af97aedd9bf,"{""x_CapacityMode"":""On-Demand""}",arn:aws:dynamodb:eu-west-1:200000000011:table/table-308013755046,table-308013755046,DynamoDB Table,eu-west-1,EU (Ireland),,,,,,,,,,,,,,,,,"{""Environment"":""prod"",""CostCenter"":""cc-3110"",""Owner"":""team-data""}"
AWS,AWS,AWS,AWS,AWS,INV-2026-05-0001,100000000001,ExampleCorp Master Payer,Payer Account,200000000013,data-analytics,Linked Account,2026-05-01T00:00:00Z,2026-06-01T00:00:00Z,2026-05-24T00:00:00Z,2026-05-25T00:00:00Z,Usage,,Custom metrics,Usage-Based,21.26298,21.26298,21.26298,21.26298,0.3000000000,0.3000000000,Standard,70.8766,Metrics,USD,0.3000000000,21.26298,0.3000000000,USD,70.8766,Metrics,AmazonCloudWatch,Management and Governance,Observability,SKU-2491f45dad51aaef563400a5,Monitoring,SPRICE-5131bac450b55b26fd0cdc7e,"{""x_MetricType"":""Custom""}",arn:aws:cloudwatch:us-east-1:200000000013:metric/metric-5fc5d1b8b6fa,metric-5fc5d1b8b6fa,Metric,us-east-1,US East (N. Virginia),,,,,,,,,,,,,,,,,"{""Environment"":""dev"",""CostCenter"":""cc-1042"",""Owner"":""team-payments""}"
AWS,AWS,AWS,AWS,AWS,INV-2026-05-0002,100000000002,ExampleCorp Secondary Payer,Payer Account,200000000012,staging-platform,Linked Account,2026-05-01T00:00:00Z,2026-06-01T00:00:00Z,2026-05-03T04:00:00Z,2026-05-03T05:00:00Z,Usage,,RDS PostgreSQL db.r6g.large,Usage-Based,0.216,0.216,0.24,0.216,0.2400000000,0.2160000000,Standard,1.0000,Hours,USD,0.2160000000,0.216,0.2400000000,USD,1.0000,Hours,AmazonRDS,Databases,Relational Databases,SKU-7a3ac49181ed25cc4a81dc35,Database,SPRICE-7a34752a4c02e0761e1464be,"{""InstanceType"":""db.r6g.large"",""InstanceSeries"":""R6g"",""CoreCount"":2,""MemorySize"":16,""x_Engine"":""PostgreSQL""}",arn:aws:rds:eu-west-1:200000000012:db/db-5bcaea3bb44a,db-5bcaea3bb44a,RDS Instance,eu-west-1,EU (Ireland),,,,,,,,,"{""Elements"":[{""ContractId"":""CONTRACT-EA-2026-0001"",""ContractCommitmentId"":""CC-EA-SPEND-0001"",""ContractCommitmentAppliedCost"":0.21600000000000}]}",,,,,,,,"{""Environment"":""staging"",""CostCenter"":""cc-1042"",""Owner"":""team-data""}"
AWS,AWS,AWS,AWS,AWS,INV-2026-05-0001,100000000001,ExampleCorp Master Payer,Payer Account,200000000013,data-analytics,Linked Account,2026-05-01T00:00:00Z,2026-06-01T00:00:00Z,2026-05-26T00:00:00Z,2026-05-27T00:00:00Z,Usage,,Custom metrics,Usage-Based,34.10661,34.10661,34.10661,34.10661,0.3000000000,0.3000000000,Standard,113.6887,Metrics,USD,0.3000000000,34.10661,0.3000000000,USD,113.6887,Metrics,AmazonCloudWatch,Management and Governance,Observability,SKU-917addcfe26d359456f585f4,Monitoring,SPRICE-bfed9ccd55f51b42ca94dd2b,"{""x_MetricType"":""Custom""}",arn:aws:cloudwatch:eu-west-1:200000000013:metric/metric-a51019298998,metric-a51019298998,Metric,eu-west-1,EU (Ireland),,,,,,,,,,,,,,,,,"{""Environment"":""dev"",""CostCenter"":""cc-3110"",""Owner"":""team-data""}"
AWS,AWS,AWS,AWS,AWS,INV-2026-05-0001,100000000001,ExampleCorp Master Payer,Payer Account,200000000011,prod-platform,Linked Account,2026-05-01T00:00:00Z,2026-06-01T00:00:00Z,2026-05-03T06:00:00Z,2026-05-03T07:00:00Z,Usage,,Shared EC2 host cost allocated to workload,Usage-Based,0.077088,0.077088,0.077088,0.077088,0.0960000000,0.0960000000,Standard,0.8030,Hours,USD,0.0960000000,0.077088,0.0960000000,USD,0.8030,Hours,AmazonEC2,Compute,Virtual Machines,SKU-e0e295f006e6a0732dd5f77b,Compute,SPRICE-98f5ebeb1125d6e984c27bb1,"{""InstanceType"":""m6i.large"",""InstanceSeries"":""M6i"",""CoreCount"":2,""MemorySize"":8,""OperatingSystem"":""Linux"",""x_Tenancy"":""Shared""}",arn:aws:ec2:us-west-2:200000000011:instance/shared-host-00276140,shared-host-00276140,EC2 Instance,us-west-2,US West (Oregon),us-west-2a,,,,,,,,,,,split-even,"{""Elements"":[{""AllocatedRatio"":1,""UsageUnit"":""Hours"",""UsageQuantity"":0.8030,""x_Strategy"":""Even"",""x_Basis"":""Workloads""}]}",arn:aws:eks:us-west-2:200000000011:workload/checkout-d50f37,workload-checkout,"{""workload"":""checkout"",""CostCenter"":""cc-3110""}","{""Environment"":""prod"",""CostCenter"":""cc-1042"",""Owner"":""team-payments""}"
AWS,AWS,AWS,AWS,AWS,INV-2026-05-0001,100000000001,ExampleCorp Master Payer,Payer Account,200000000011,prod-platform,Linked Account,2026-05-01T00:00:00Z,2026-06-01T00:00:00Z,2026-05-03T07:00:00Z,2026-05-03T08:00:00Z,Usage,,Shared EC2 host cost allocated to workload,Usage-Based,0.0064992,0.0064992,0.0064992,0.0064992,0.0960000000,0.0960000000,Standard,0.0677,Hours,USD,0.0960000000,0.0064992,0.0960000000,USD,0.0677,Hours,AmazonEC2,Compute,Virtual Machines,SKU-736a4dd80178572d8370293d,Compute,SPRICE-c862323f09b487c42efb1c6b,"{""InstanceType"":""m6i.large"",""InstanceSeries"":""M6i"",""CoreCount"":2,""MemorySize"":8,""OperatingSystem"":""Linux"",""x_Tenancy"":""Shared""}",arn:aws:ec2:us-east-1:200000000011:instance/shared-host-6b70f0c8,shared-host-6b70f0c8,EC2 Instance,us-east-1,US East (N. Virginia),us-east-1a,,,,,,,,,,,split-even,"{""Elements"":[{""AllocatedRatio"":1,""UsageUnit"":""Hours"",""UsageQuantity"":0.0677,""x_Strategy"":""Even"",""x_Basis"":""Workloads""}]}",arn:aws:eks:us-east-1:200000000011:workload/checkout-281f4c,workload-checkout,"{""workload"":""checkout"",""CostCenter"":""cc-2087""}","{""Environment"":""prod"",""CostCenter"":""cc-2087"",""Owner"":""team-payments""}"
AWS,AWS,AWS,AWS,AWS,INV-2026-05-0002,100000000002,ExampleCorp Secondary Payer,Payer Account,200000000012,staging-platform,Linked Account,2026-05-01T00:00:00Z,2026-06-01T00:00:00Z,2026-05-03T08:00:00Z,2026-05-03T09:00:00Z,Usage,,Linux on-demand m6i.large,Usage-Based,0.0864,0.0864,0.096,0.0864,0.0960000000,0.0864000000,Standard,1.0000,Hours,USD,0.0864000000,0.0864,0.0960000000,USD,1.0000,Hours,AmazonEC2,Compute,Virtual Machines,SKU-736a4dd80178572d8370293d,Compute,SPRICE-c862323f09b487c42efb1c6b,"{""InstanceType"":""m6i.large"",""InstanceSeries"":""M6i"",""CoreCount"":2,""MemorySize"":8,""OperatingSystem"":""Linux"",""x_Tenancy"":""Shared""}",arn:aws:ec2:us-east-1:200000000012:instance/i-a42d7039bad0,i-a42d7039bad0,EC2 Instance,us-east-1,US East (N. Virginia),us-east-1a,,,,,,,,"{""Elements"":[{""ContractId"":""CONTRACT-EA-2026-0001"",""ContractCommitmentId"":""CC-EA-COMPUTE-0003"",""ContractCommitmentAppliedCost"":0.08640000000000,""ContractCommitmentAppliedQuantity"":1.0000,""ContractCommitmentAppliedUnit"":""Hours""}]}",,,,,,,,"{""Environment"":""prod"",""CostCenter"":""cc-2087"",""Owner"":""team-platform""}"
AWS,AWS,AWS,AWS,AWS,INV-2026-05-0001,100000000001,ExampleCorp Master Payer,Payer Account,200000000014,sandbox-dev,Linked Account,2026-05-01T00:00:00Z,2026-06-01T00:00:00Z,2026-05-03T09:00:00Z,2026-05-03T10:00:00Z,Usage,,Shared EC2 host cost allocated to workload,Usage-Based,0.0053472,0.0053472,0.0053472,0.0053472,0.0960000000,0.0960000000,Standard,0.0557,Hours,USD,0.0960000000,0.0053472,0.0960000000,USD,0.0557,Hours,AmazonEC2,Compute,Virtual Machines,SKU-093c0d7a3a0491f8523e34c8,Compute,SPRICE-bab283475cbbabd222878e74,"{""InstanceType"":""m6i.large"",""InstanceSeries"":""M6i"",""CoreCount"":2,""MemorySize"":8,""OperatingSystem"":""Linux"",""x_Tenancy"":""Shared""}",arn:aws:ec2:ap-southeast-1:200000000014:instance/shared-host-bd961fcf,shared-host-bd961fcf,EC2 Instance,ap-southeast-1,Asia Pacific (Singapore),ap-southeast-1b,,,,,,,,,,,split-even,"{""Elements"":[{""AllocatedRatio"":1,""UsageUnit"":""Hours"",""UsageQuantity"":0.0557,""x_Strategy"":""Even"",""x_Basis"":""Workloads""}]}",arn:aws:eks:ap-southeast-1:200000000014:workload/search-0f8deb,workload-search,"{""workload"":""search"",""CostCenter"":""cc-1042""}","{""Environment"":""dev"",""CostCenter"":""cc-3110"",""Owner"":""team-platform""}"
AWS,AWS,AWS,AWS,AWS,INV-2026-05-0002,100000000002,ExampleCorp Secondary Payer,Payer Account,200000000013,data-analytics,Linked Account,2026-05-01T00:00:00Z,2026-06-01T00:00:00Z,2026-05-03T10:00:00Z,2026-05-03T11:00:00Z,Usage,,Shared EC2 host cost allocated to workload,Usage-Based,0.087936,0.087936,0.087936,0.087936,0.0960000000,0.0960000000,Standard,0.9160,Hours,USD,0.0960000000,0.087936,0.0960000000,USD,0.9160,Hours,AmazonEC2,Compute,Virtual Machines,SKU-093c0d7a3a0491f8523e34c8,Compute,SPRICE-bab283475cbbabd222878e74,"{""InstanceType"":""m6i.large"",""InstanceSeries"":""M6i"",""CoreCount"":2,""MemorySize"":8,""OperatingSystem"":""Linux"",""x_Tenancy"":""Shared""}",arn:aws:ec2:ap-southeast-1:200000000013:instance/shared-host-d824565c,shared-host-d824565c,EC2 Instance,ap-southeast-1,Asia Pacific (Singapore),ap-southeast-1b,,,,,,,,,,,split-proportional,"{""Elements"":[{""AllocatedRatio"":1,""UsageUnit"":""Hours"",""UsageQuantity"":0.9160,""x_Strategy"":""Proportional"",""x_Basis"":""vCPUSeconds""}]}",arn:aws:eks:ap-southeast-1:200000000013:workload/ingestion-419249,workload-ingestion,"{""workload"":""ingestion"",""CostCenter"":""cc-1042""}","{""Environment"":""staging"",""CostCenter"":""cc-1042"",""Owner"":""team-payments""}"
AWS,AWS,AWS,AWS,AWS,INV-2026-05-0001,100000000001,ExampleCorp Master Payer,Payer Account,200000000014,sandbox-dev,Linked Account,2026-05-01T00:00:00Z,2026-06-01T00:00:00Z,2026-05-19T00:00:00Z,2026-05-20T00:00:00Z,Tax,,Synthetic tax 10% on usage record 47: AWSGlue,One-Time,1.712084,1.712084,1.712084,1.712084,,,,,,USD,,1.712084,,USD,,,AWSGlue,Analytics,Data Processing,,,,,,,,,,,,,,,,,,,,,,,,,,"{""Environment"":""dev"",""CostCenter"":""cc-1042"",""Owner"":""team-data""}"
AWS,AWS,AWS,AWS,AWS,INV-2026-05-0001,100000000001,ExampleCorp Master Payer,Payer Account,200000000013,data-analytics,Linked Account,2026-05-01T00:00:00Z,2026-06-01T00:00:00Z,2026-05-03T12:00:00Z,2026-05-03T13:00:00Z,Usage,,Shared EC2 host cost allocated to workload,Usage-Based,0.085152,0.085152,0.085152,0.085152,0.0960000000,0.0960000000,Standard,0.8870,Hours,USD,0.0960000000,0.085152,0.0960000000,USD,0.8870,Hours,AmazonEC2,Compute,Virtual Machines,SKU-ca9c2ba97f0b30fb137ef130,Compute,SPRICE-d7f4030fc2a8b65799f6b437,"{""InstanceType"":""m6i.large"",""InstanceSeries"":""M6i"",""CoreCount"":2,""MemorySize"":8,""OperatingSystem"":""Linux"",""x_Tenancy"":""Shared""}",arn:aws:ec2:eu-west-1:200000000013:instance/shared-host-4dbf4429,shared-host-4dbf4429,EC2 Instance,eu-west-1,EU (Ireland),eu-west-1a,,,,,,,,,,,split-even,"{""Elements"":[{""AllocatedRatio"":1,""UsageUnit"":""Hours"",""UsageQuantity"":0.8870,""x_Strategy"":""Even"",""x_Basis"":""Workloads""}]}",arn:aws:eks:eu-west-1:200000000013:workload/checkout-3b1330,workload-checkout,"{""workload"":""checkout"",""CostCenter"":""cc-2087""}","{""Environment"":""prod"",""CostCenter"":""cc-3110"",""Owner"":""team-platform""}"
AWS,AWS,AWS,AWS,AWS,INV-2026-05-0002,100000000002,ExampleCorp Secondary Payer,Payer Account,200000000013,data-analytics,Linked Account,2026-05-01T00:00:00Z,2026-06-01T00:00:00Z,2026-05-03T13:00:00Z,2026-05-03T14:00:00Z,Usage,,Shared EC2 host cost allocated to workload,Usage-Based,0.0591648,0.0591648,0.0591648,0.0591648,0.0960000000,0.0960000000,Standard,0.6163,Hours,USD,0.0960000000,0.0591648,0.0960000000,USD,0.6163,Hours,AmazonEC2,Compute,Virtual Machines,SKU-e0e295f006e6a0732dd5f77b,Compute,SPRICE-98f5ebeb1125d6e984c27bb1,"{""InstanceType"":""m6i.large"",""InstanceSeries"":""M6i"",""CoreCount"":2,""MemorySize"":8,""OperatingSystem"":""Linux"",""x_Tenancy"":""Shared""}",arn:aws:ec2:us-west-2:200000000013:instance/shared-host-e5e7f974,shared-host-e5e7f974,EC2 Instance,us-west-2,US West (Oregon),us-west-2b,,,,,,,,,,,split-weighted,"{""Elements"":[{""AllocatedRatio"":1,""UsageUnit"":""Hours"",""UsageQuantity"":0.6163,""x_Strategy"":""Weighted"",""x_Basis"":""MemoryBytes""}]}",arn:aws:eks:us-west-2:200000000013:workload/analytics-aa911b,workload-analytics,"{""workload"":""analytics"",""CostCenter"":""cc-2087""}","{""Environment"":""dev"",""CostCenter"":""cc-1042"",""Owner"":""team-platform""}"
AWS,AWS,AWS,AWS,AWS,INV-2026-05-0001,100000000001,ExampleCorp Master Payer,Payer Account,200000000013,data-analytics,Linked Account,2026-05-01T00:00:00Z,2026-06-01T00:00:00Z,2026-05-03T14:00:00Z,2026-05-03T15:00:00Z,Usage,,Lambda function duration,Usage-Based,42.54364526045368,42.54364526045368,42.54364526045368,42.54364526045368,0.0000166667,0.0000166667,Standard,2552613.6104,GB-Seconds,EUR,0.0000153334,39.1401536396173856,0.0000153334,USD,2552613.6104,GB-Seconds,AWSLambda,Compute,Serverless Compute,SKU-790dfdd7277c16aec9cf7656,Compute,SPRICE-f3bbf94e2faecc81cd113fd7,"{""x_Runtime"":""python3.12"",""x_Architecture"":""arm64""}",arn:aws:lambda:us-west-2:200000000013:function/fn-ef85ca4864cc,fn-ef85ca4864cc,Lambda Function,us-west-2,US West (Oregon),,,,,,,,,,,,,,,,,"{""Environment"":""prod"",""CostCenter"":""cc-2087"",""Owner"":""team-platform""}"
AWS,AWS,AWS,AWS,AWS,INV-2026-05-0001,100000000001,ExampleCorp Master Payer,Payer Account,200000000014,sandbox-dev,Linked Account,2026-05-01T00:00:00Z,2026-06-01T00:00:00Z,2026-05-03T15:00:00Z,2026-05-03T16:00:00Z,Usage,,RDS PostgreSQL db.r6g.large,Usage-Based,0.216,0.216,0.24,0.216,0.2400000000,0.2160000000,Standard,1.0000,Hours,USD,0.2160000000,0.216,0.2400000000,USD,1.0000,Hours,AmazonRDS,Databases,Relational Databases,SKU-7a3ac49181ed25cc4a81dc35,Database,SPRICE-7a34752a4c02e0761e1464be,"{""InstanceType"":""db.r6g.large"",""InstanceSeries"":""R6g"",""CoreCount"":2,""MemorySize"":16,""x_Engine"":""PostgreSQL""}",arn:aws:rds:eu-west-1:200000000014:db/db-a5bffab2c3c3,db-a5bffab2c3c3,RDS Instance,eu-west-1,EU (Ireland),,,,,,,,,"{""Elements"":[{""ContractId"":""CONTRACT-EA-2026-0001"",""ContractCommitmentId"":""CC-EA-SPEND-0001"",""ContractCommitmentAppliedCost"":0.21600000000000}]}",,,,,,,,"{""Environment"":""prod"",""CostCenter"":""cc-2087"",""Owner"":""team-platform""}"
AWS,AWS,AWS,AWS,AWS,INV-2026-05-0002,100000000002,ExampleCorp Secondary Payer,Payer Account,200000000011,prod-platform,Linked Account,2026-05-01T00:00:00Z,2026-06-01T00:00:00Z,2026-05-03T16:00:00Z,2026-05-03T17:00:00Z,Usage,,Lambda function duration,Usage-Based,19.3665712830651,19.3665712830651,19.3665712830651,19.3665712830651,0.0000166667,0.0000166667,Standard,1161991.9530,GB-Seconds,USD,0.0000166667,19.3665712830651,0.0000166667,USD,1161991.9530,GB-Seconds,AWSLambda,Compute,Serverless Compute,SKU-7828f3c3be040bf04a99c13a,Compute,SPRICE-f43f05862dbfbeb78999da05,"{""x_Runtime"":""python3.12"",""x_Architecture"":""arm64""}",arn:aws:lambda:eu-west-1:200000000011:function/fn-0b9bd795f8f0,fn-0b9bd795f8f0,Lambda Function,eu-west-1,EU (Ireland),,,,,,,,,,,,,,,,,"{""Environment"":""dev"",""CostCenter"":""cc-2087"",""Owner"":""team-payments""}"
AWS,AWS,AWS,AWS,AWS,INV-2026-05-0002,100000000002,ExampleCorp Secondary Payer,Payer Account,200000000012,staging-platform,Linked Account,2026-05-01T00:00:00Z,2026-06-01T00:00:00Z,2026-05-10T00:00:00Z,2026-05-11T00:00:00Z,Usage,,Glue ETL job run,Usage-Based,9.80408,9.80408,9.80408,9.80408,0.4400000000,0.4400000000,Standard,22.2820,DPU-Hours,USD,0.4400000000,9.80408,0.4400000000,USD,22.2820,DPU-Hours,AWSGlue,Analytics,Data Processing,SKU-8cd75c3064ca6c4c85c43ce6,Data Processing,SPRICE-31964d215aa8bccf440b844b,"{""x_WorkerType"":""G.1X""}",arn:aws:glue:eu-west-1:200000000012:job/job-a86a7a311c0a,job-a86a7a311c0a,Glue Job,eu-west-1,EU (Ireland),,,,,,,,,,,,,,,,,"{""Environment"":""staging"",""CostCenter"":""cc-1042"",""Owner"":""team-platform""}"
AWS,AWS,AWS,AWS,AWS,INV-2026-05-0002,100000000002,ExampleCorp Secondary Payer,Payer Account,200000000011,prod-platform,Linked Account,2026-05-01T00:00:00Z,2026-06-01T00:00:00Z,2026-05-03T18:00:00Z,2026-05-03T19:00:00Z,Usage,,Shared EC2 host cost allocated to workload,Usage-Based,0.0441696,0.0441696,0.0441696,0.0441696,0.0960000000,0.0960000000,Standard,0.4601,Hours,USD,0.0960000000,0.0441696,0.0960000000,USD,0.4601,Hours,AmazonEC2,Compute,Virtual Machines,SKU-e0e295f006e6a0732dd5f77b,Compute,SPRICE-98f5ebeb1125d6e984c27bb1,"{""InstanceType"":""m6i.large"",""InstanceSeries"":""M6i"",""CoreCount"":2,""MemorySize"":8,""OperatingSystem"":""Linux"",""x_Tenancy"":""Shared""}",arn:aws:ec2:us-west-2:200000000011:instance/shared-host-7140a404,shared-host-7140a404,EC2 Instance,us-west-2,US West (Oregon),us-west-2a,,,,,,,,,,,split-weighted,"{""Elements"":[{""AllocatedRatio"":1,""UsageUnit"":""Hours"",""UsageQuantity"":0.4601,""x_Strategy"":""Weighted"",""x_Basis"":""MemoryBytes""}]}",arn:aws:eks:us-west-2:200000000011:workload/ingestion-1f3630,workload-ingestion,"{""workload"":""ingestion"",""CostCenter"":""cc-1042""}","{""Environment"":""staging"",""CostCenter"":""cc-1042"",""Owner"":""team-data""}"
AWS,AWS,AWS,AWS,AWS,INV-2026-05-0002,100000000002,ExampleCorp Secondary Payer,Payer Account,200000000014,sandbox-dev,Linked Account,2026-05-01T00:00:00Z,2026-06-01T00:00:00Z,2026-05-12T00:00:00Z,2026-05-13T00:00:00Z,Usage,,DynamoDB on-demand write requests,Usage-Based,3.4263993900375,3.4263993900375,3.807110433375,3.4263993900375,0.0000012500,0.0000011250,Standard,3045688.3467,Requests,USD,0.0000011250,3.4263993900375,0.0000012500,USD,3045688.3467,Requests,AmazonDynamoDB,Databases,NoSQL Databases,SKU-687affd9645b52f0bac81a2c,Database,SPRICE-716c8854825bf7430db8e755,"{""x_CapacityMode"":""On-Demand""}",arn:aws:dynamodb:us-west-2:200000000014:table/table-22c1ff3ba67e,table-22c1ff3ba67e,DynamoDB Table,us-west-2,US West (Oregon),,,,,,,,,"{""Elements"":[{""ContractId"":""CONTRACT-EA-2026-0001"",""ContractCommitmentId"":""CC-EA-SPEND-0001"",""ContractCommitmentAppliedCost"":3.42639939003750}]}",,,,,,,,"{""Environment"":""prod"",""CostCenter"":""cc-1042"",""Owner"":""team-platform""}"
AWS,AWS,AWS,AWS,AWS,INV-2026-05-0001,100000000001,ExampleCorp Master Payer,Payer Account,200000000013,data-analytics,Linked Account,2026-05-01T00:00:00Z,2026-06-01T00:00:00Z,2026-05-03T20:00:00Z,2026-05-03T21:00:00Z,Usage,,Linux on-demand m6i.large,Usage-Based,0.096,0.096,0.096,0.096,0.0960000000,0.0960000000,Standard,1.0000,Hours,USD,0.0960000000,0.096,0.0960000000,USD,1.0000,Hours,AmazonEC2,Compute,Virtual Machines,SKU-736a4dd80178572d8370293d,Compute,SPRICE-c862323f09b487c42efb1c6b,"{""InstanceType"":""m6i.large"",""InstanceSeries"":""M6i"",""CoreCount"":2,""MemorySize"":8,""OperatingSystem"":""Linux"",""x_Tenancy"":""Shared""}",arn:aws:ec2:us-east-1:200000000013:instance/i-dac8af3d2f6e,i-dac8af3d2f6e,EC2 Instance,us-east-1,US East (N. Virginia),us-east-1a,,,,,,,,,,,,,,,,"{""Environment"":""staging"",""CostCenter"":""cc-3110"",""Owner"":""team-data""}"
AWS,AWS,AWS,AWS,AWS,INV-2026-05-0002,100000000002,ExampleCorp Secondary Payer,Payer Account,200000000011,prod-platform,Linked Account,2026-05-01T00:00:00Z,2026-06-01T00:00:00Z,2026-05-03T21:00:00Z,2026-05-03T22:00:00Z,Usage,,Lambda function duration,Usage-Based,40.66545263240927,40.66545263240927,40.66545263240927,40.66545263240927,0.0000166667,0.0000166667,Standard,2439922.2781,GB-Seconds,USD,0.0000166667,40.66545263240927,0.0000166667,USD,2439922.2781,GB-Seconds,AWSLambda,Compute,Serverless Compute,SKU-67dc4ce0843e58b6125cbdce,Compute,SPRICE-227d5491bbfb36c4f69bea63,"{""x_Runtime"":""python3.12"",""x_Architecture"":""arm64""}",arn:aws:lambda:us-east-1:200000000011:function/fn-72e77d54e7d8,fn-72e77d54e7d8,Lambda Function,us-east-1,US East (N. Virginia),,,,,,,,,,,,,,,,,"{""Environment"":""staging"",""CostCenter"":""cc-3110"",""Owner"":""team-payments""}"
AWS,AWS,AWS,AWS,AWS,INV-2026-05-0001,100000000001,ExampleCorp Master Payer,Payer Account,200000000014,sandbox-dev,Linked Account,2026-05-01T00:00:00Z,2026-06-01T00:00:00Z,2026-05-15T00:00:00Z,2026-05-16T00:00:00Z,Usage,,DynamoDB on-demand write requests,Usage-Based,2.459287960875,2.459287960875,2.459287960875,2.459287960875,0.0000012500,0.0000012500,Standard,1967430.3687,Requests,USD,0.0000012500,2.459287960875,0.0000012500,USD,1967430.3687,Requests,AmazonDynamoDB,Databases,NoSQL Databases,SKU-b60be50671e3ea779ca4990a,Database,SPRICE-01c9691ef6482a9102c7a4ff,"{""x_CapacityMode"":""On-Demand""}",arn:aws:dynamodb:us-east-1:200000000014:table/table-4fb45911437c,table-4fb45911437c,DynamoDB Table,us-east-1,US East (N. Virginia),,,,,,,,,,,,,,,,,"{""Environment"":""prod"",""CostCenter"":""cc-2087"",""Owner"":""team-data""}"
AWS,AWS,AWS,AWS,AWS,INV-2026-05-0002,100000000002,ExampleCorp Secondary Payer,Payer Account,200000000012,staging-platform,Linked Account,2026-05-01T00:00:00Z,2026-06-01T00:00:00Z,2026-05-16T00:00:00Z,2026-05-17T00:00:00Z,Usage,,Glue ETL job run,Usage-Based,0.8412228,0.8412228,0.934692,0.8412228,0.4400000000,0.3960000000,Standard,2.1243,DPU-Hours,USD,0.3960000000,0.8412228,0.4400000000,USD,2.1243,DPU-Hours,AWSGlue,Analytics,Data Processing,SKU-118148093a04e718819dbb3f,Data Processing,SPRICE-f140a6944df35cbb51f25679,"{""x_WorkerType"":""G.1X""}",arn:aws:glue:us-west-2:200000000012:job/job-204c2bf947a4,job-204c2bf947a4,Glue Job,us-west-2,US West (Oregon),,,,,,,,,"{""Elements"":[{""ContractId"":""CONTRACT-EA-2026-0001"",""ContractCommitmentId"":""CC-EA-SPEND-0001"",""ContractCommitmentAppliedCost"":0.84122280000000}]}",,,,,,,,"{""Environment"":""staging"",""CostCenter"":""cc-2087"",""Owner"":""team-payments""}"
AWS,AWS,AWS,AWS,AWS,INV-2026-05-0002,100000000002,ExampleCorp Secondary Payer,Payer Account,200000000013,data-analytics,Linked Account,2026-05-01T00:00:00Z,2026-06-01T00:00:00Z,2026-05-04T00:00:00Z,2026-05-04T01:00:00Z,Usage,,Shared EC2 host cost allocated to workload,Usage-Based,0.0418176,0.0418176,0.0418176,0.0418176,0.0960000000,0.0960000000,Standard,0.4356,Hours,USD,0.0960000000,0.0418176,0.0960000000,USD,0.4356,Hours,AmazonEC2,Compute,Virtual Machines,SKU-736a4dd80178572d8370293d,Compute,SPRICE-c862323f09b487c42efb1c6b,"{""InstanceType"":""m6i.large"",""InstanceSeries"":""M6i"",""CoreCount"":2,""MemorySize"":8,""OperatingSystem"":""Linux"",""x_Tenancy"":""Shared""}",arn:aws:ec2:us-east-1:200000000013:instance/shared-host-acb0f9aa,shared-host-acb0f9aa,EC2 Instance,us-east-1,US East (N. Virginia),us-east-1b,,,,,,,,,,,split-weighted,"{""Elements"":[{""AllocatedRatio"":1,""UsageUnit"":""Hours"",""UsageQuantity"":0.4356,""x_Strategy"":""Weighted"",""x_Basis"":""MemoryBytes""}]}",arn:aws:eks:us-east-1:200000000013:workload/checkout-fd3235,workload-checkout,"{""workload"":""checkout"",""CostCenter"":""cc-3110""}","{""Environment"":""prod"",""CostCenter"":""cc-1042"",""Owner"":""team-payments""}"
AWS,AWS,AWS,AWS,AWS,INV-2026-05-0002,100000000002,ExampleCorp Secondary Payer,Payer Account,200000000012,staging-platform,Linked Account,2026-05-01T00:00:00Z,2026-06-01T00:00:00Z,2026-05-03T04:00:00Z,2026-05-03T05:00:00Z,Tax,,Synthetic tax 10% on usage record 53: AmazonRDS,One-Time,0.0216,0.0216,0.024,0.0216,,,,,,USD,,0.0216,,USD,,,AmazonRDS,Databases,Relational Databases,,,,,,,,,,,,,,,,,,,,,,,,,,"{""Environment"":""staging"",""CostCenter"":""cc-1042"",""Owner"":""team-data""}"
AWS,AWS,AWS,AWS,AWS,INV-2026-05-0001,100000000001,ExampleCorp Master Payer,Payer Account,200000000012,staging-platform,Linked Account,2026-05-01T00:00:00Z,2026-06-01T00:00:00Z,2026-05-04T02:00:00Z,2026-05-04T03:00:00Z,Usage,,Lambda function duration,Usage-Based,33.0851809785,33.0851809785,36.76138572095773,33.0851809785,0.0000166667,0.0000150000,Standard,2205678.7319,GB-Seconds,USD,0.0000150000,33.0851809785,0.0000166667,USD,2205678.7319,GB-Seconds,AWSLambda,Compute,Serverless Compute,SKU-7828f3c3be040bf04a99c13a,Compute,SPRICE-f43f05862dbfbeb78999da05,"{""x_Runtime"":""python3.12"",""x_Architecture"":""arm64""}",arn:aws:lambda:eu-west-1:200000000012:function/fn-6bfae2733c1c,fn-6bfae2733c1c,Lambda Function,eu-west-1,EU (Ireland),,,,,,,,,"{""Elements"":[{""ContractId"":""CONTRACT-EA-2026-0001"",""ContractCommitmentId"":""CC-EA-SPEND-0001"",""ContractCommitmentAppliedCost"":33.08518097850000}]}",,,,,,,,"{""Environment"":""dev"",""CostCenter"":""cc-1042"",""Owner"":""team-data""}"
AWS,AWS,AWS,AWS,AWS,INV-2026-05-0002,100000000002,ExampleCorp Secondary Payer,Payer Account,200000000014,sandbox-dev,Linked Account,2026-05-01T00:00:00Z,2026-06-01T00:00:00Z,2026-05-20T00:00:00Z,2026-05-21T00:00:00Z,Usage,,Custom metrics,Usage-Based,51.93915,51.93915,51.93915,51.93915,0.3000000000,0.3000000000,Standard,173.1305,Metrics,EUR,0.2760000000,47.784018,0.2760000000,USD,173.1305,Metrics,AmazonCloudWatch,Management and Governance,Observability,SKU-917addcfe26d359456f585f4,Monitoring,SPRICE-e4d59a58535f0c50af9af126,"{""x_MetricType"":""Custom""}",arn:aws:cloudwatch:eu-west-1:200000000014:metric/metric-215afcf7bce7,metric-215afcf7bce7,Metric,eu-west-1,EU (Ireland),,,,,,,,,,,,,,,,,"{""Environment"":""prod"",""CostCenter"":""cc-1042"",""Owner"":""team-data""}"
AWS,AWS,AWS,AWS,AWS,INV-2026-05-0002,100000000002,ExampleCorp Secondary Payer,Payer Account,200000000014,sandbox-dev,Linked Account,2026-05-01T00:00:00Z,2026-06-01T00:00:00Z,2026-05-21T00:00:00Z,2026-05-22T00:00:00Z,Usage,,Glue ETL job run,Usage-Based,66.90596,66.90596,66.90596,66.90596,0.4400000000,0.4400000000,Standard,152.0590,DPU-Hours,EUR,0.4048000000,61.5534832,0.4048000000,USD,152.0590,DPU-Hours,AWSGlue,Analytics,Data Processing,SKU-d1426392ab27c72810db5ee9,Data Processing,SPRICE-5867ebd0cfa6188b74ea4b3a,"{""x_WorkerType"":""G.1X""}",arn:aws:glue:ap-southeast-1:200000000014:job/job-a98de4c4efb8,job-a98de4c4efb8,Glue Job,ap-southeast-1,Asia Pacific (Singapore),,,,,,,,,,,,,,,,,"{""Environment"":""dev"",""CostCenter"":""cc-2087"",""Owner"":""team-platform""}"
AWS,AWS,AWS,AWS,AWS,INV-2026-05-0002,100000000002,ExampleCorp Secondary Payer,Payer Account,200000000012,staging-platform,Linked Account,2026-05-01T00:00:00Z,2026-06-01T00:00:00Z,2026-05-04T05:00:00Z,2026-05-04T06:00:00Z,Usage,,Shared EC2 host cost allocated to workload,Usage-Based,0.0531456,0.0531456,0.0531456,0.0531456,0.0960000000,0.0960000000,Standard,0.5536,Hours,USD,0.0960000000,0.0531456,0.0960000000,USD,0.5536,Hours,AmazonEC2,Compute,Virtual Machines,SKU-093c0d7a3a0491f8523e34c8,Compute,SPRICE-bab283475cbbabd222878e74,"{""InstanceType"":""m6i.large"",""InstanceSeries"":""M6i"",""CoreCount"":2,""MemorySize"":8,""OperatingSystem"":""Linux"",""x_Tenancy"":""Shared""}",arn:aws:ec2:ap-southeast-1:200000000012:instance/shared-host-77e0655d,shared-host-77e0655d,EC2 Instance,ap-southeast-1,Asia Pacific (Singapore),ap-southeast-1a,,,,,,,,,,,split-proportional,"{""Elements"":[{""AllocatedRatio"":1,""UsageUnit"":""Hours"",""UsageQuantity"":0.5536,""x_Strategy"":""Proportional"",""x_Basis"":""vCPUSeconds""}]}",arn:aws:eks:ap-southeast-1:200000000012:workload/analytics-c45f68,workload-analytics,"{""workload"":""analytics"",""CostCenter"":""cc-1042""}","{""Environment"":""dev"",""CostCenter"":""cc-3110"",""Owner"":""team-platform""}"
AWS,AWS,AWS,AWS,AWS,INV-2026-05-0001,100000000001,ExampleCorp Master Payer,Payer Account,200000000011,prod-platform,Linked Account,2026-05-01T00:00:00Z,2026-06-01T00:00:00Z,2026-05-23T00:00:00Z,2026-05-24T00:00:00Z,Usage,,NAT gateway data processed,Usage-Based,16.369578,16.369578,16.369578,16.369578,0.0450000000,0.0450000000,Standard,363.7684,GB,USD,0.0450000000,16.369578,0.0450000000,USD,363.7684,GB,AmazonVPC,Networking,Network Connectivity,SKU-935abd9125f7268b4f0eb1ad,Data Transfer,SPRICE-130c94d71c797814c8e72b46,"{""x_TransferType"":""InterAZ""}",arn:aws:ec2:us-east-1:200000000011:natgateway/nat-0c1d9b1b089f,nat-0c1d9b1b089f,NAT Gateway,us-east-1,US East (N. Virginia),,,,,,,,,,,,,,,,,"{""Environment"":""staging"",""CostCenter"":""cc-3110"",""Owner"":""team-platform""}"
AWS,AWS,AWS,AWS,AWS,INV-2026-05-0001,100000000001,ExampleCorp Master Payer,Payer Account,200000000014,sandbox-dev,Linked Account,2026-05-01T00:00:00Z,2026-06-01T00:00:00Z,2026-05-04T07:00:00Z,2026-05-04T08:00:00Z,Usage,,Shared EC2 host cost allocated to workload,Usage-Based,0.0871968,0.0871968,0.0871968,0.0871968,0.0960000000,0.0960000000,Standard,0.9083,Hours,USD,0.0960000000,0.0871968,0.0960000000,USD,0.9083,Hours,AmazonEC2,Compute,Virtual Machines,SKU-e0e295f006e6a0732dd5f77b,Compute,SPRICE-98f5ebeb1125d6e984c27bb1,"{""InstanceType"":""m6i.large"",""InstanceSeries"":""M6i"",""CoreCount"":2,""MemorySize"":8,""OperatingSystem"":""Linux"",""x_Tenancy"":""Shared""}",arn:aws:ec2:us-west-2:200000000014:instance/shared-host-c2bfb049,shared-host-c2bfb049,EC2 Instance,us-west-2,US West (Oregon),us-west-2a,,,,,,,,,,,split-even,"{""Elements"":[{""AllocatedRatio"":1,""UsageUnit"":""Hours"",""UsageQuantity"":0.9083,""x_Strategy"":""Even"",""x_Basis"":""Workloads""}]}",arn:aws:eks:us-west-2:200000000014:workload/search-1e7381,workload-search,"{""workload"":""search"",""CostCenter"":""cc-2087""}","{""Environment"":""dev"",""CostCenter"":""cc-3110"",""Owner"":""team-platform""}"
AWS,AWS,AWS,AWS,AWS,INV-2026-05-0001,100000000001,ExampleCorp Master Payer,Payer Account,200000000012,staging-platform,Linked Account,2026-05-01T00:00:00Z,2026-06-01T00:00:00Z,2026-05-04T08:00:00Z,2026-05-04T09:00:00Z,Usage,,RDS PostgreSQL db.r6g.large,Usage-Based,0.24,0.24,0.24,0.24,0.2400000000,0.2400000000,Standard,1.0000,Hours,USD,0.2400000000,0.24,0.2400000000,USD,1.0000,Hours,AmazonRDS,Databases,Relational Databases,SKU-59cf7266a13e6ea4d00d0143,Database,SPRICE-bde64d57365802abbf64195d,"{""InstanceType"":""db.r6g.large"",""InstanceSeries"":""R6g"",""CoreCount"":2,""MemorySize"":16,""x_Engine"":""PostgreSQL""}",arn:aws:rds:ap-southeast-1:200000000012:db/db-f6a68a022043,db-f6a68a022043,RDS Instance,ap-southeast-1,Asia Pacific (Singapore),,,,,,,,,,,,,,,,,"{""Environment"":""prod"",""CostCenter"":""cc-1042"",""Owner"":""team-platform""}"
AWS,AWS,AWS,AWS,AWS,INV-2026-05-0002,100000000002,ExampleCorp Secondary Payer,Payer Account,200000000012,staging-platform,Linked Account,2026-05-01T00:00:00Z,2026-06-01T00:00:00Z,2026-05-04T09:00:00Z,2026-05-04T10:00:00Z,Usage,,RDS PostgreSQL db.r6g.large,Usage-Based,0.24,0.24,0.24,0.24,0.2400000000,0.2400000000,Standard,1.0000,Hours,USD,0.2400000000,0.24,0.2400000000,USD,1.0000,Hours,AmazonRDS,Databases,Relational Databases,SKU-89bc59af83de149a442b21d0,Database,SPRICE-887d5388c52a801df4d42ba1,"{""InstanceType"":""db.r6g.large"",""InstanceSeries"":""R6g"",""CoreCount"":2,""MemorySize"":16,""x_Engine"":""PostgreSQL""}",arn:aws:rds:us-east-1:200000000012:db/db-5c15fd8078c6,db-5c15fd8078c6,RDS Instance,us-east-1,US East (N. Virginia),,,,,,,,,,,,,,,,,"{""Environment"":""staging"",""CostCenter"":""cc-3110"",""Owner"":""team-platform""}"
AWS,AWS,AWS,AWS,AWS,INV-2026-05-0001,100000000001,ExampleCorp Master Payer,Payer Account,200000000014,sandbox-dev,Linked Account,2026-05-01T00:00:00Z,2026-06-01T00:00:00Z,2026-05-02T20:00:00Z,2026-05-02T21:00:00Z,Tax,,Synthetic tax 10% on usage record 45: AmazonEC2,One-Time,0.00174144,0.00174144,0.00174144,0.00174144,,,,,,USD,,0.00174144,,USD,,,AmazonEC2,Compute,Virtual Machines,,,,,,,,,,,,,,,,,,,,,,,,,,"{""Environment"":""dev"",""CostCenter"":""cc-3110"",""Owner"":""team-data""}"
AWS,AWS,AWS,AWS,AWS,INV-2026-05-0001,100000000001,ExampleCorp Master Payer,Payer Account,200000000014,sandbox-dev,Linked Account,2026-05-01T00:00:00Z,2026-06-01T00:00:00Z,2026-05-04T11:00:00Z,2026-05-04T12:00:00Z,Usage,,Shared EC2 host cost allocated to workload,Usage-Based,0.0670272,0.0670272,0.0670272,0.0670272,0.0960000000,0.0960000000,Standard,0.6982,Hours,USD,0.0960000000,0.0670272,0.0960000000,USD,0.6982,Hours,AmazonEC2,Compute,Virtual Machines,SKU-093c0d7a3a0491f8523e34c8,Compute,SPRICE-bab283475cbbabd222878e74,"{""InstanceType"":""m6i.large"",""InstanceSeries"":""M6i"",""CoreCount"":2,""MemorySize"":8,""OperatingSystem"":""Linux"",""x_Tenancy"":""Shared""}",arn:aws:ec2:ap-southeast-1:200000000014:instance/shared-host-cf0a5a21,shared-host-cf0a5a21,EC2 Instance,ap-southeast-1,Asia Pacific (Singapore),ap-southeast-1b,,,,,,,,,,,split-even,"{""Elements"":[{""AllocatedRatio"":1,""UsageUnit"":""Hours"",""UsageQuantity"":0.6982,""x_Strategy"":""Even"",""x_Basis"":""Workloads""}]}",arn:aws:eks:ap-southeast-1:200000000014:workload/ingestion-99867b,workload-ingestion,"{""workload"":""ingestion"",""CostCenter"":""cc-2087""}","{""Environment"":""staging"",""CostCenter"":""cc-3110"",""Owner"":""team-data""}"
AWS,AWS,AWS,AWS,AWS,INV-2026-05-0002,100000000002,ExampleCorp Secondary Payer,Payer Account,200000000012,staging-platform,Linked Account,2026-05-01T00:00:00Z,2026-06-01T00:00:00Z,2026-05-01T00:00:00Z,2026-05-02T00:00:00Z,Purchase,,AmazonEC2 subscription fee,Recurring,767.22,767.22,767.22,767.22,767.22,767.22,Standard,1,Units,USD,767.2200000000,767.22,767.2200000000,USD,,,AmazonEC2,Compute,Virtual Machines,SKU-b0218c23eab8c01cfaf2f814,Subscription,SPRICE-a218b786199322998ed93cb2,"{""x_ChargeType"": ""SubscriptionFee""}",arn:aws:ec2:ap-southeast-1:200000000012:instance/i-d6e8c68ef2f5,i-d6e8c68ef2f5,EC2 Instance,ap-southeast-1,Asia Pacific (Singapore),,,,,,,,,,,,,,,,,"{""Environment"":""staging"",""CostCenter"":""cc-3110"",""Owner"":""team-data""}"
AWS,AWS,AWS,AWS,AWS,INV-2026-05-0001,100000000001,ExampleCorp Master Payer,Payer Account,200000000011,prod-platform,Linked Account,2026-05-01T00:00:00Z,2026-06-01T00:00:00Z,2026-05-01T00:00:00Z,2026-06-01T00:00:00Z,Usage,,S3 Standard storage,Usage-Based,149.5180044,149.5180044,149.5180044,149.5180044,0.0230000000,0.0230000000,Standard,6500.7828,GB-Months,USD,0.0230000000,149.5180044,0.0230000000,USD,6500.7828,GB-Months,AmazonS3,Storage,Object Storage,SKU-6042c508b21761919a0ed516,Storage,SPRICE-d35afe08308f10d3695aa71d,"{""StorageClass"":""Standard"",""Redundancy"":""Zonal""}",arn:aws:s3:eu-west-1:200000000011:bucket/bucket-ea3eb714231d,bucket-ea3eb714231d,S3 Bucket,eu-west-1,EU (Ireland),,,,,,,,,,,,,,,,,"{""Environment"":""staging"",""CostCenter"":""cc-2087"",""Owner"":""team-platform""}"
AWS,AWS,AWS,AWS,AWS,INV-2026-05-0001,100000000001,ExampleCorp Master Payer,Payer Account,200000000011,prod-platform,Linked Account,2026-05-01T00:00:00Z,2026-06-01T00:00:00Z,2026-05-04T14:00:00Z,2026-05-04T15:00:00Z,Usage,,Shared EC2 host cost allocated to workload,Usage-Based,0.0469824,0.0469824,0.0469824,0.0469824,0.0960000000,0.0960000000,Standard,0.4894,Hours,USD,0.0960000000,0.0469824,0.0960000000,USD,0.4894,Hours,AmazonEC2,Compute,Virtual Machines,SKU-736a4dd80178572d8370293d,Compute,SPRICE-c862323f09b487c42efb1c6b,"{""InstanceType"":""m6i.large"",""InstanceSeries"":""M6i"",""CoreCount"":2,""MemorySize"":8,""OperatingSystem"":""Linux"",""x_Tenancy"":""Shared""}",arn:aws:ec2:us-east-1:200000000011:instance/shared-host-9fa6487d,shared-host-9fa6487d,EC2 Instance,us-east-1,US East (N. Virginia),us-east-1c,,,,,,,,,,,split-weighted,"{""Elements"":[{""AllocatedRatio"":1,""UsageUnit"":""Hours"",""UsageQuantity"":0.4894,""x_Strategy"":""Weighted"",""x_Basis"":""MemoryBytes""}]}",arn:aws:eks:us-east-1:200000000011:workload/ingestion-4d8b1d,workload-ingestion,"{""workload"":""ingestion"",""CostCenter"":""cc-1042""}","{""Environment"":""prod"",""CostCenter"":""cc-2087"",""Owner"":""team-data""}"
AWS,AWS,AWS,AWS,AWS,INV-2026-05-0001,100000000001,ExampleCorp Master Payer,Payer Account,200000000012,staging-platform,Linked Account,2026-05-01T00:00:00Z,2026-06-01T00:00:00Z,2026-05-04T00:00:00Z,2026-05-05T00:00:00Z,Usage,,NAT gateway data processed,Usage-Based,14.44713165,14.44713165,16.0523685,14.44713165,0.0450000000,0.0405000000,Standard,356.7193,GB,USD,0.0405000000,14.44713165,0.0450000000,USD,356.7193,GB,AmazonVPC,Networking,Network Connectivity,SKU-38ae1a660e2cadb9d64ca8e5,Data Transfer,SPRICE-974405df44bbf0808ce048b9,"{""x_TransferType"":""InterAZ""}",arn:aws:ec2:us-west-2:200000000012:natgateway/nat-fe80baf6e6c2,nat-fe80baf6e6c2,NAT Gateway,us-west-2,US West (Oregon),,,,,,,,,"{""Elements"":[{""ContractId"":""CONTRACT-EA-2026-0001"",""ContractCommitmentId"":""CC-EA-SPEND-0001"",""ContractCommitmentAppliedCost"":14.44713165000000}]}",,,,,,,,"{""Environment"":""dev"",""CostCenter"":""cc-2087"",""Owner"":""team-platform""}"
AWS,AWS,AWS,AWS,AWS,INV-2026-05-0001,100000000001,ExampleCorp Master Payer,Payer Account,200000000011,prod-platform,Linked Account,2026-05-01T00:00:00Z,2026-06-01T00:00:00Z,2026-05-05T00:00:00Z,2026-05-06T00:00:00Z,Usage,,DynamoDB on-demand write requests,Usage-Based,3.023171907875,3.023171907875,3.023171907875,3.023171907875,0.0000012500,0.0000012500,Standard,2418537.5263,Requests,USD,0.0000012500,3.023171907875,0.0000012500,USD,2418537.5263,Requests,AmazonDynamoDB,Databases,NoSQL Databases,SKU-b60be50671e3ea779ca4990a,Database,SPRICE-01c9691ef6482a9102c7a4ff,"{""x_CapacityMode"":""On-Demand""}",arn:aws:dynamodb:us-east-1:200000000011:table/table-e14634f6fde4,table-e14634f6fde4,DynamoDB Table,us-east-1,US East (N. Virginia),,,,,,,,,,,,,,,,,"{""Environment"":""dev"",""CostCenter"":""cc-1042"",""Owner"":""team-payments""}"
AWS,AWS,AWS,AWS,AWS,INV-2026-05-0002,100000000002,ExampleCorp Secondary Payer,Payer Account,200000000012,staging-platform,Linked Account,2026-05-01T00:00:00Z,2026-06-01T00:00:00Z,2026-05-04T17:00:00Z,2026-05-04T18:00:00Z,Usage,,Lambda function duration,Usage-Based,15.82640372274414,15.82640372274414,15.82640372274414,15.82640372274414,0.0000166667,0.0000166667,Standard,949582.3242,GB-Seconds,USD,0.0000166667,15.82640372274414,0.0000166667,USD,949582.3242,GB-Seconds,AWSLambda,Compute,Serverless Compute,SKU-67dc4ce0843e58b6125cbdce,Compute,SPRICE-227d5491bbfb36c4f69bea63,"{""x_Runtime"":""python3.12"",""x_Architecture"":""arm64""}",arn:aws:lambda:us-east-1:200000000012:function/fn-0f5c63fe5b35,fn-0f5c63fe5b35,Lambda Function,us-east-1,US East (N. Virginia),,,,,,,,,,,,,,,,,"{""Environment"":""dev"",""CostCenter"":""cc-3110"",""Owner"":""team-payments""}"
AWS,AWS,AWS,AWS,AWS,INV-2026-05-0002,100000000002,ExampleCorp Secondary Payer,Payer Account,200000000011,prod-platform,Linked Account,2026-05-01T00:00:00Z,2026-06-01T00:00:00Z,2026-05-03T16:00:00Z,2026-05-03T17:00:00Z,Tax,,Synthetic tax 10% on usage record 65: AWSLambda,One-Time,1.93665712830651,1.93665712830651,1.93665712830651,1.93665712830651,,,,,,USD,,1.93665712830651,,USD,,,AWSLambda,Compute,Serverless Compute,,,,,,,,,,,,,,,,,,,,,,,,,,"{""Environment"":""dev"",""CostCenter"":""cc-2087"",""Owner"":""team-payments""}"
AWS,AWS,AWS,AWS,AWS,INV-2026-05-0002,100000000002,ExampleCorp Secondary Payer,Payer Account,200000000014,sandbox-dev,Linked Account,2026-05-01T00:00:00Z,2026-06-01T00:00:00Z,2026-05-04T19:00:00Z,2026-05-04T20:00:00Z,Usage,,Lambda function duration,Usage-Based,65.14658577957764,65.14658577957764,65.14658577957764,65.14658577957764,0.0000166667,0.0000166667,Standard,3908787.3292,GB-Seconds,USD,0.0000166667,65.14658577957764,0.0000166667,USD,3908787.3292,GB-Seconds,AWSLambda,Compute,Serverless Compute,SKU-790dfdd7277c16aec9cf7656,Compute,SPRICE-55fe45e894424abc4a1bb3fe,"{""x_Runtime"":""python3.12"",""x_Architecture"":""arm64""}",arn:aws:lambda:us-west-2:200000000014:function/fn-aee25c5defab,fn-aee25c5defab,Lambda Function,us-west-2,US West (Oregon),,,,,,,,,,,,,,,,,"{""Environment"":""dev"",""CostCenter"":""cc-3110"",""Owner"":""team-payments""}"
AWS,AWS,AWS,AWS,AWS,INV-2026-05-0001,100000000001,ExampleCorp Master Payer,Payer Account,200000000012,staging-platform,Linked Account,2026-05-01T00:00:00Z,2026-06-01T00:00:00Z,2026-05-09T00:00:00Z,2026-05-10T00:00:00Z,Usage,,DynamoDB on-demand write requests,Usage-Based,2.153561546925,2.153561546925,2.39284616325,2.153561546925,0.0000012500,0.0000011250,Standard,1914276.9306,Requests,USD,0.0000011250,2.153561546925,0.0000012500,USD,1914276.9306,Requests,AmazonDynamoDB,Databases,NoSQL Databases,SKU-b60be50671e3ea779ca4990a,Database,SPRICE-01c9691ef6482a9102c7a4ff,"{""x_CapacityMode"":""On-Demand""}",arn:aws:dynamodb:us-east-1:200000000012:table/table-ae236785ca83,table-ae236785ca83,DynamoDB Table,us-east-1,US East (N. Virginia),,,,,,,,,"{""Elements"":[{""ContractId"":""CONTRACT-EA-2026-0001"",""ContractCommitmentId"":""CC-EA-SPEND-0001"",""ContractCommitmentAppliedCost"":2.15356154692500}]}",,,,,,,,"{""Environment"":""prod"",""CostCenter"":""cc-3110"",""Owner"":""team-data""}"
AWS,AWS,AWS,AWS,AWS,INV-2026-05-0001,100000000001,ExampleCorp Master Payer,Payer Account,200000000012,staging-platform,Linked Account,2026-05-01T00:00:00Z,2026-06-01T00:00:00Z,2026-05-04T21:00:00Z,2026-05-04T22:00:00Z,Usage,,Shared EC2 host cost allocated to workload,Usage-Based,0.0821664,0.0821664,0.0821664,0.0821664,0.0960000000,0.0960000000,Standard,0.8559,Hours,USD,0.0960000000,0.0821664,0.0960000000,USD,0.8559,Hours,AmazonEC2,Compute,Virtual Machines,SKU-093c0d7a3a0491f8523e34c8,Compute,SPRICE-bab283475cbbabd222878e74,"{""InstanceType"":""m6i.large"",""InstanceSeries"":""M6i"",""CoreCount"":2,""MemorySize"":8,""OperatingSystem"":""Linux"",""x_Tenancy"":""Shared""}",arn:aws:ec2:ap-southeast-1:200000000012:instance/shared-host-8b30bc9d,shared-host-8b30bc9d,EC2 Instance,ap-southeast-1,Asia Pacific (Singapore),ap-southeast-1a,,,,,,,,,,,split-even,"{""Elements"":[{""AllocatedRatio"":1,""UsageUnit"":""Hours"",""UsageQuantity"":0.8559,""x_Strategy"":""Even"",""x_Basis"":""Workloads""}]}",arn:aws:eks:ap-southeast-1:200000000012:workload/checkout-186ba9,workload-checkout,"{""workload"":""checkout"",""CostCenter"":""cc-3110""}","{""Environment"":""dev"",""CostCenter"":""cc-2087"",""Owner"":""team-payments""}"
AWS,AWS,AWS,AWS,AWS,INV-2026-05-0002,100000000002,ExampleCorp Secondary Payer,Payer Account,200000000011,prod-platform,Linked Account,2026-05-01T00:00:00Z,2026-06-01T00:00:00Z,2026-05-11T00:00:00Z,2026-05-12T00:00:00Z,Usage,,DynamoDB on-demand write requests,Usage-Based,0.68584481125,0.68584481125,0.68584481125,0.68584481125,0.0000012500,0.0000012500,Standard,548675.8490,Requests,USD,0.0000012500,0.68584481125,0.0000012500,USD,548675.8490,Requests,AmazonDynamoDB,Databases,NoSQL Databases,SKU-fc4e454b36112dd390bf69e4,Database,SPRICE-6e7ea642b1065af97aedd9bf,"{""x_CapacityMode"":""On-Demand""}",arn:aws:dynamodb:eu-west-1:200000000011:table/table-850ec41bfee6,table-850ec41bfee6,DynamoDB Table,eu-west-1,EU (Ireland),,,,,,,,,,,,,,,,,"{""Environment"":""staging"",""CostCenter"":""cc-1042"",""Owner"":""team-payments""}"
AWS,AWS,AWS,AWS,AWS,INV-2026-05-0001,100000000001,ExampleCorp Master Payer,Payer Account,200000000011,prod-platform,Linked Account,2026-05-01T00:00:00Z,2026-06-01T00:00:00Z,2026-05-04T23:00:00Z,2026-05-05T00:00:00Z,Usage,,Linux on-demand m6i.large,Usage-Based,0.096,0.096,0.096,0.096,0.0960000000,0.0960000000,Standard,1.0000,Hours,USD,0.0960000000,0.096,0.0960000000,USD,1.0000,Hours,AmazonEC2,Compute,Virtual Machines,SKU-736a4dd80178572d8370293d,Compute,SPRICE-c862323f09b487c42efb1c6b,"{""InstanceType"":""m6i.large"",""InstanceSeries"":""M6i"",""CoreCount"":2,""MemorySize"":8,""OperatingSystem"":""Linux"",""x_Tenancy"":""Shared""}",arn:aws:ec2:us-east-1:200000000011:instance/i-0c66a6e83077,i-0c66a6e83077,EC2 Instance,us-east-1,US East (N. Virginia),us-east-1a,,,,,,,,,,,,,,,,"{""Environment"":""staging"",""CostCenter"":""cc-2087"",""Owner"":""team-platform""}"
AWS,AWS,AWS,AWS,AWS,INV-2026-05-0001,100000000001,ExampleCorp Master Payer,Payer Account,200000000014,sandbox-dev,Linked Account,2026-05-01T00:00:00Z,2026-06-01T00:00:00Z,2026-05-05T00:00:00Z,2026-05-05T01:00:00Z,Usage,,Linux on-demand m6i.large,Usage-Based,0.096,0.096,0.096,0.096,0.0960000000,0.0960000000,Standard,1.0000,Hours,USD,0.0960000000,0.096,0.0960000000,USD,1.0000,Hours,AmazonEC2,Compute,Virtual Machines,SKU-ca9c2ba97f0b30fb137ef130,Compute,SPRICE-d7f4030fc2a8b65799f6b437,"{""InstanceType"":""m6i.large"",""InstanceSeries"":""M6i"",""CoreCount"":2,""MemorySize"":8,""OperatingSystem"":""Linux"",""x_Tenancy"":""Shared""}",arn:aws:ec2:eu-west-1:200000000014:instance/i-7ecf85237594,i-7ecf85237594,EC2 Instance,eu-west-1,EU (Ireland),eu-west-1b,,,,,,,,,,,,,,,,"{""Environment"":""prod"",""CostCenter"":""cc-2087"",""Owner"":""team-platform""}"
AWS,AWS,AWS,AWS,AWS,INV-2026-05-0002,100000000002,ExampleCorp Secondary Payer,Payer Account,200000000013,data-analytics,Linked Account,2026-05-01T00:00:00Z,2026-06-01T00:00:00Z,2026-05-05T01:00:00Z,2026-05-05T02:00:00Z,Usage,,Linux on-demand m6i.large,Usage-Based,0.096,0.096,0.096,0.096,0.0960000000,0.0960000000,Standard,1.0000,Hours,USD,0.0960000000,0.096,0.0960000000,USD,1.0000,Hours,AmazonEC2,Compute,Virtual Machines,SKU-e0e295f006e6a0732dd5f77b,Compute,SPRICE-98f5ebeb1125d6e984c27bb1,"{""InstanceType"":""m6i.large"",""InstanceSeries"":""M6i"",""CoreCount"":2,""MemorySize"":8,""OperatingSystem"":""Linux"",""x_Tenancy"":""Shared""}",arn:aws:ec2:us-west-2:200000000013:instance/i-f58ec1dbf71b,i-f58ec1dbf71b,EC2 Instance,us-west-2,US West (Oregon),us-west-2b,,,,,,,,,,,,,,,,"{""Environment"":""prod"",""CostCenter"":""cc-2087"",""Owner"":""team-platform""}"
AWS,AWS,AWS,AWS,AWS,INV-2026-05-0002,100000000002,ExampleCorp Secondary Payer,Payer Account,200000000013,data-analytics,Linked Account,2026-05-01T00:00:00Z,2026-06-01T00:00:00Z,2026-05-05T02:00:00Z,2026-05-05T03:00:00Z,Usage,,Shared EC2 host cost allocated to workload,Usage-Based,0.085008,0.085008,0.085008,0.085008,0.0960000000,0.0960000000,Standard,0.8855,Hours,USD,0.0960000000,0.085008,0.0960000000,USD,0.8855,Hours,AmazonEC2,Compute,Virtual Machines,SKU-736a4dd80178572d8370293d,Compute,SPRICE-c862323f09b487c42efb1c6b,"{""InstanceType"":""m6i.large"",""InstanceSeries"":""M6i"",""CoreCount"":2,""MemorySize"":8,""OperatingSystem"":""Linux"",""x_Tenancy"":""Shared""}",arn:aws:ec2:us-east-1:200000000013:instance/shared-host-14afe2e5,shared-host-14afe2e5,EC2 Instance,us-east-1,US East (N. Virginia),us-east-1b,,,,,,,,,,,split-weighted,"{""Elements"":[{""AllocatedRatio"":1,""UsageUnit"":""Hours"",""UsageQuantity"":0.8855,""x_Strategy"":""Weighted"",""x_Basis"":""MemoryBytes""}]}",arn:aws:eks:us-east-1:200000000013:workload/ingestion-06034d,workload-ingestion,"{""workload"":""ingestion"",""CostCenter"":""cc-1042""}","{""Environment"":""prod"",""CostCenter"":""cc-2087"",""Owner"":""team-data""}"
AWS,AWS,AWS,AWS,AWS,INV-2026-05-0002,100000000002,ExampleCorp Secondary Payer,Payer Account,200000000012,staging-platform,Linked Account,2026-05-01T00:00:00Z,2026-06-01T00:00:00Z,2026-05-16T00:00:00Z,2026-05-17T00:00:00Z,Usage,,NAT gateway data processed,Usage-Based,2.79495765,2.79495765,3.1055085,2.79495765,0.0450000000,0.0405000000,Standard,69.0113,GB,USD,0.0405000000,2.79495765,0.0450000000,USD,69.0113,GB,AmazonVPC,Networking,Network Connectivity,SKU-935abd9125f7268b4f0eb1ad,Data Transfer,SPRICE-130c94d71c797814c8e72b46,"{""x_TransferType"":""InterAZ""}",arn:aws:ec2:us-east-1:200000000012:natgateway/nat-daacd3445c87,nat-daacd3445c87,NAT Gateway,us-east-1,US East (N. Virginia),,,,,,,,,"{""Elements"":[{""ContractId"":""CONTRACT-EA-2026-0001"",""ContractCommitmentId"":""CC-EA-SPEND-0001"",""ContractCommitmentAppliedCost"":2.79495765000000}]}",,,,,,,,"{""Environment"":""prod"",""CostCenter"":""cc-1042"",""Owner"":""team-data""}"
AWS,AWS,AWS,AWS,AWS,INV-2026-05-0001,100000000001,ExampleCorp Master Payer,Payer Account,200000000011,prod-platform,Linked Account,2026-05-01T00:00:00Z,2026-06-01T00:00:00Z,2026-05-05T04:00:00Z,2026-05-05T05:00:00Z,Usage,,Shared EC2 host cost allocated to workload,Usage-Based,0.0676032,0.0676032,0.0676032,0.0676032,0.0960000000,0.0960000000,Standard,0.7042,Hours,USD,0.0960000000,0.0676032,0.0960000000,USD,0.7042,Hours,AmazonEC2,Compute,Virtual Machines,SKU-736a4dd80178572d8370293d,Compute,SPRICE-c862323f09b487c42efb1c6b,"{""InstanceType"":""m6i.large"",""InstanceSeries"":""M6i"",""CoreCount"":2,""MemorySize"":8,""OperatingSystem"":""Linux"",""x_Tenancy"":""Shared""}",arn:aws:ec2:us-east-1:200000000011:instance/shared-host-3d14d8ee,shared-host-3d14d8ee,EC2 Instance,us-east-1,US East (N. Virginia),us-east-1c,,,,,,,,,,,split-even,"{""Elements"":[{""AllocatedRatio"":1,""UsageUnit"":""Hours"",""UsageQuantity"":0.7042,""x_Strategy"":""Even"",""x_Basis"":""Workloads""}]}",arn:aws:eks:us-east-1:200000000011:workload/search-f15832,workload-search,"{""workload"":""search"",""CostCenter"":""cc-1042""}","{""Environment"":""staging"",""CostCenter"":""cc-2087"",""Owner"":""team-platform""}"
AWS,AWS,AWS,AWS,AWS,INV-2026-05-0001,100000000001,ExampleCorp Master Payer,Payer Account,200000000013,data-analytics,Linked Account,2026-05-01T00:00:00Z,2026-06-01T00:00:00Z,2026-05-18T00:00:00Z,2026-05-19T00:00:00Z,Usage,,Custom metrics,Usage-Based,20.495268,20.495268,22.77252,20.495268,0.3000000000,0.2700000000,Standard,75.9084,Metrics,USD,0.2700000000,20.495268,0.3000000000,USD,75.9084,Metrics,AmazonCloudWatch,Management and Governance,Observability,SKU-34e5538fb30cbad0ab6e9eda,Monitoring,SPRICE-7775836205fc8d4f07876728,"{""x_MetricType"":""Custom""}",arn:aws:cloudwatch:us-west-2:200000000013:metric/metric-5f4a001edabc,metric-5f4a001edabc,Metric,us-west-2,US West (Oregon),,,,,,,,,"{""Elements"":[{""ContractId"":""CONTRACT-EA-2026-0001"",""ContractCommitmentId"":""CC-EA-SPEND-0001"",""ContractCommitmentAppliedCost"":20.49526800000000}]}",,,,,,,,"{""Environment"":""dev"",""CostCenter"":""cc-1042"",""Owner"":""team-platform""}"
AWS,AWS,AWS,AWS,AWS,INV-2026-05-0001,100000000001,ExampleCorp Master Payer,Payer Account,200000000012,staging-platform,Linked Account,2026-05-01T00:00:00Z,2026-06-01T00:00:00Z,2026-05-05T06:00:00Z,2026-05-05T07:00:00Z,Usage,,Shared EC2 host cost allocated to workload,Usage-Based,0.0311808,0.0311808,0.0311808,0.0311808,0.0960000000,0.0960000000,Standard,0.3248,Hours,USD,0.0960000000,0.0311808,0.0960000000,USD,0.3248,Hours,AmazonEC2,Compute,Virtual Machines,SKU-ca9c2ba97f0b30fb137ef130,Compute,SPRICE-d7f4030fc2a8b65799f6b437,"{""InstanceType"":""m6i.large"",""InstanceSeries"":""M6i"",""CoreCount"":2,""MemorySize"":8,""OperatingSystem"":""Linux"",""x_Tenancy"":""Shared""}",arn:aws:ec2:eu-west-1:200000000012:instance/shared-host-20ba6201,shared-host-20ba6201,EC2 Instance,eu-west-1,EU (Ireland),eu-west-1b,,,,,,,,,,,split-even,"{""Elements"":[{""AllocatedRatio"":1,""UsageUnit"":""Hours"",""UsageQuantity"":0.3248,""x_Strategy"":""Even"",""x_Basis"":""Workloads""}]}",arn:aws:eks:eu-west-1:200000000012:workload/checkout-704888,workload-checkout,"{""workload"":""checkout"",""CostCenter"":""cc-3110""}","{""Environment"":""dev"",""CostCenter"":""cc-3110"",""Owner"":""team-payments""}"
AWS,AWS,AWS,AWS,AWS,INV-2026-05-0002,100000000002,ExampleCorp Secondary Payer,Payer Account,200000000013,data-analytics,Linked Account,2026-05-01T00:00:00Z,2026-06-01T00:00:00Z,2026-05-05T07:00:00Z,2026-05-05T08:00:00Z,Usage,,Shared EC2 host cost allocated to workload,Usage-Based,0.0108672,0.0108672,0.0108672,0.0108672,0.0960000000,0.0960000000,Standard,0.1132,Hours,USD,0.0960000000,0.0108672,0.0960000000,USD,0.1132,Hours,AmazonEC2,Compute,Virtual Machines,SKU-093c0d7a3a0491f8523e34c8,Compute,SPRICE-bab283475cbbabd222878e74,"{""InstanceType"":""m6i.large"",""InstanceSeries"":""M6i"",""CoreCount"":2,""MemorySize"":8,""OperatingSystem"":""Linux"",""x_Tenancy"":""Shared""}",arn:aws:ec2:ap-southeast-1:200000000013:instance/shared-host-588fde3f,shared-host-588fde3f,EC2 Instance,ap-southeast-1,Asia Pacific (Singapore),ap-southeast-1b,,,,,,,,,,,split-proportional,"{""Elements"":[{""AllocatedRatio"":1,""UsageUnit"":""Hours"",""UsageQuantity"":0.1132,""x_Strategy"":""Proportional"",""x_Basis"":""vCPUSeconds""}]}",arn:aws:eks:ap-southeast-1:200000000013:workload/analytics-eddbb1,workload-analytics,"{""workload"":""analytics"",""CostCenter"":""cc-2087""}","{""Environment"":""dev"",""CostCenter"":""cc-2087"",""Owner"":""team-payments""}"
AWS,AWS,AWS,AWS,AWS,INV-2026-05-0002,100000000002,ExampleCorp Secondary Payer,Payer Account,200000000014,sandbox-dev,Linked Account,2026-05-01T00:00:00Z,2026-06-01T00:00:00Z,2026-05-05T08:00:00Z,2026-05-05T09:00:00Z,Usage,,Shared EC2 host cost allocated to workload,Usage-Based,0.0269184,0.0269184,0.0269184,0.0269184,0.0960000000,0.0960000000,Standard,0.2804,Hours,USD,0.0960000000,0.0269184,0.0960000000,USD,0.2804,Hours,AmazonEC2,Compute,Virtual Machines,SKU-093c0d7a3a0491f8523e34c8,Compute,SPRICE-bab283475cbbabd222878e74,"{""InstanceType"":""m6i.large"",""InstanceSeries"":""M6i"",""CoreCount"":2,""MemorySize"":8,""OperatingSystem"":""Linux"",""x_Tenancy"":""Shared""}",arn:aws:ec2:ap-southeast-1:200000000014:instance/shared-host-28b2d23e,shared-host-28b2d23e,EC2 Instance,ap-southeast-1,Asia Pacific (Singapore),ap-southeast-1b,,,,,,,,,,,split-proportional,"{""Elements"":[{""AllocatedRatio"":1,""UsageUnit"":""Hours"",""UsageQuantity"":0.2804,""x_Strategy"":""Proportional"",""x_Basis"":""vCPUSeconds""}]}",arn:aws:eks:ap-southeast-1:200000000014:workload/checkout-68dcfc,workload-checkout,"{""workload"":""checkout"",""CostCenter"":""cc-3110""}","{""Environment"":""dev"",""CostCenter"":""cc-1042"",""Owner"":""team-payments""}"
AWS,AWS,AWS,AWS,AWS,INV-2026-05-0002,100000000002,ExampleCorp Secondary Payer,Payer Account,200000000012,staging-platform,Linked Account,2026-05-01T00:00:00Z,2026-06-01T00:00:00Z,2026-05-04T09:00:00Z,2026-05-04T10:00:00Z,Tax,,Synthetic tax 10% on usage record 82: AmazonRDS,One-Time,0.024,0.024,0.024,0.024,,,,,,USD,,0.024,,USD,,,AmazonRDS,Databases,Relational Databases,,,,,,,,,,,,,,,,,,,,,,,,,,"{""Environment"":""staging"",""CostCenter"":""cc-3110"",""Owner"":""team-platform""}"
AWS,AWS,AWS,AWS,AWS,INV-2026-05-0002,100000000002,ExampleCorp Secondary Payer,Payer Account,200000000014,sandbox-dev,Linked Account,2026-05-01T00:00:00Z,2026-06-01T00:00:00Z,2026-05-23T00:00:00Z,2026-05-24T00:00:00Z,Usage,,DynamoDB on-demand write requests,Usage-Based,5.572447419625,5.572447419625,5.572447419625,5.572447419625,0.0000012500,0.0000012500,Standard,4457957.9357,Requests,EUR,0.0000011500,5.126651626055,0.0000011500,USD,4457957.9357,Requests,AmazonDynamoDB,Databases,NoSQL Databases,SKU-ed668466fc7fc7bc80c6b1e8,Database,SPRICE-a8a8f082a0e0d99dfaeb42f1,"{""x_CapacityMode"":""On-Demand""}",arn:aws:dynamodb:ap-southeast-1:200000000014:table/table-1ec206be8e38,table-1ec206be8e38,DynamoDB Table,ap-southeast-1,Asia Pacific (Singapore),,,,,,,,,,,,,,,,,"{""Environment"":""prod"",""CostCenter"":""cc-3110"",""Owner"":""team-payments""}"
AWS,AWS,AWS,AWS,AWS,INV-2026-05-0001,100000000001,ExampleCorp Master Payer,Payer Account,200000000011,prod-platform,Linked Account,2026-05-01T00:00:00Z,2026-06-01T00:00:00Z,2026-05-01T15:00:00Z,2026-05-01T16:00:00Z,Tax,,Synthetic tax 10% on usage record 16: AWSLambda,One-Time,1.9304861037,1.9304861037,2.144988849635786,1.9304861037,,,,,,EUR,,1.776047215404,,USD,,,AWSLambda,Compute,Serverless Compute,,,,,,,,,,,,,,,,,,,,,,,,,,"{""Environment"":""prod"",""CostCenter"":""cc-1042"",""Owner"":""team-payments""}"
AWS,AWS,AWS,AWS,AWS,INV-2026-05-0001,100000000001,ExampleCorp Master Payer,Payer Account,200000000012,staging-platform,Linked Account,2026-05-01T00:00:00Z,2026-06-01T00:00:00Z,2026-05-25T00:00:00Z,2026-05-26T00:00:00Z,Usage,,Custom metrics,Usage-Based,3.3237,3.3237,3.3237,3.3237,0.3000000000,0.3000000000,Standard,11.0790,Metrics,USD,0.3000000000,3.3237,0.3000000000,USD,11.0790,Metrics,AmazonCloudWatch,Management and Governance,Observability,SKU-7f3902e3f370805f0a245d7f,Monitoring,SPRICE-dae68554fa459d336630e8d7,"{""x_MetricType"":""Custom""}",arn:aws:cloudwatch:ap-southeast-1:200000000012:metric/metric-375ecdc038fb,metric-375ecdc038fb,Metric,ap-southeast-1,Asia Pacific (Singapore),,,,,,,,,,,,,,,,,"{""Environment"":""prod"",""CostCenter"":""cc-2087"",""Owner"":""team-data""}"
AWS,AWS,AWS,AWS,AWS,INV-2026-05-0002,100000000002,ExampleCorp Secondary Payer,Payer Account,200000000014,sandbox-dev,Linked Account,2026-05-01T00:00:00Z,2026-06-01T00:00:00Z,2026-05-05T13:00:00Z,2026-05-05T14:00:00Z,Usage,,Shared EC2 host cost allocated to workload,Usage-Based,0.0185568,0.0185568,0.0185568,0.0185568,0.0960000000,0.0960000000,Standard,0.1933,Hours,USD,0.0960000000,0.0185568,0.0960000000,USD,0.1933,Hours,AmazonEC2,Compute,Virtual Machines,SKU-736a4dd80178572d8370293d,Compute,SPRICE-c862323f09b487c42efb1c6b,"{""InstanceType"":""m6i.large"",""InstanceSeries"":""M6i"",""CoreCount"":2,""MemorySize"":8,""OperatingSystem"":""Linux"",""x_Tenancy"":""Shared""}",arn:aws:ec2:us-east-1:200000000014:instance/shared-host-71fda15e,shared-host-71fda15e,EC2 Instance,us-east-1,US East (N. Virginia),us-east-1a,,,,,,,,,,,split-even,"{""Elements"":[{""AllocatedRatio"":1,""UsageUnit"":""Hours"",""UsageQuantity"":0.1933,""x_Strategy"":""Even"",""x_Basis"":""Workloads""}]}",arn:aws:eks:us-east-1:200000000014:workload/search-19aef0,workload-search,"{""workload"":""search"",""CostCenter"":""cc-3110""}","{""Environment"":""dev"",""CostCenter"":""cc-1042"",""Owner"":""team-data""}"
AWS,AWS,AWS,AWS,AWS,INV-2026-05-0001,100000000001,ExampleCorp Master Payer,Payer Account,200000000011,prod-platform,Linked Account,2026-05-01T00:00:00Z,2026-06-01T00:00:00Z,2026-05-23T00:00:00Z,2026-05-24T00:00:00Z,Tax,,Synthetic tax 10% on usage record 51: AmazonDynamoDB,One-Time,0.2215258445125,0.2215258445125,0.2215258445125,0.2215258445125,,,,,,USD,,0.2215258445125,,USD,,,AmazonDynamoDB,Databases,NoSQL Databases,,,,,,,,,,,,,,,,,,,,,,,,,,"{""Environment"":""prod"",""CostCenter"":""cc-3110"",""Owner"":""team-data""}"
AWS,AWS,AWS,AWS,AWS,INV-2026-05-0002,100000000002,ExampleCorp Secondary Payer,Payer Account,200000000013,data-analytics,Linked Account,2026-05-01T00:00:00Z,2026-06-01T00:00:00Z,2026-05-05T15:00:00Z,2026-05-05T16:00:00Z,Usage,,Shared EC2 host cost allocated to workload,Usage-Based,0.083568,0.083568,0.083568,0.083568,0.0960000000,0.0960000000,Standard,0.8705,Hours,USD,0.0960000000,0.083568,0.0960000000,USD,0.8705,Hours,AmazonEC2,Compute,Virtual Machines,SKU-ca9c2ba97f0b30fb137ef130,Compute,SPRICE-d7f4030fc2a8b65799f6b437,"{""InstanceType"":""m6i.large"",""InstanceSeries"":""M6i"",""CoreCount"":2,""MemorySize"":8,""OperatingSystem"":""Linux"",""x_Tenancy"":""Shared""}",arn:aws:ec2:eu-west-1:200000000013:instance/shared-host-fc8f9b07,shared-host-fc8f9b07,EC2 Instance,eu-west-1,EU (Ireland),eu-west-1b,,,,,,,,,,,split-weighted,"{""Elements"":[{""AllocatedRatio"":1,""UsageUnit"":""Hours"",""UsageQuantity"":0.8705,""x_Strategy"":""Weighted"",""x_Basis"":""MemoryBytes""}]}",arn:aws:eks:eu-west-1:200000000013:workload/analytics-c06a8c,workload-analytics,"{""workload"":""analytics"",""CostCenter"":""cc-1042""}","{""Environment"":""dev"",""CostCenter"":""cc-1042"",""Owner"":""team-payments""}"
AWS,AWS,AWS,AWS,AWS,INV-2026-05-0001,100000000001,ExampleCorp Master Payer,Payer Account,200000000011,prod-platform,Linked Account,2026-05-01T00:00:00Z,2026-06-01T00:00:00Z,2026-05-01T00:00:00Z,2026-05-02T00:00:00Z,Usage,,NAT gateway data processed,Usage-Based,22.378977,22.378977,22.378977,22.378977,0.0450000000,0.0450000000,Standard,497.3106,GB,USD,0.0450000000,22.378977,0.0450000000,USD,497.3106,GB,AmazonVPC,Networking,Network Connectivity,SKU-3d9b08c72ec44814e0bd4e25,Data Transfer,SPRICE-5df2ff31768360bf23008ec4,"{""x_TransferType"":""InterAZ""}",arn:aws:ec2:eu-west-1:200000000011:natgateway/nat-873cfb56435f,nat-873cfb56435f,NAT Gateway,eu-west-1,EU (Ireland),,,,,,,,,,,,,,,,,"{""Environment"":""dev"",""CostCenter"":""cc-1042"",""Owner"":""team-platform""}"
AWS,AWS,AWS,AWS,AWS,INV-2026-05-0002,100000000002,ExampleCorp Secondary Payer,Payer Account,200000000012,staging-platform,Linked Account,2026-05-01T00:00:00Z,2026-06-01T00:00:00Z,2026-05-05T17:00:00Z,2026-05-05T18:00:00Z,Usage,,Shared EC2 host cost allocated to workload,Usage-Based,0.0237984,0.0237984,0.0237984,0.0237984,0.0960000000,0.0960000000,Standard,0.2479,Hours,USD,0.0960000000,0.0237984,0.0960000000,USD,0.2479,Hours,AmazonEC2,Compute,Virtual Machines,SKU-ca9c2ba97f0b30fb137ef130,Compute,SPRICE-d7f4030fc2a8b65799f6b437,"{""InstanceType"":""m6i.large"",""InstanceSeries"":""M6i"",""CoreCount"":2,""MemorySize"":8,""OperatingSystem"":""Linux"",""x_Tenancy"":""Shared""}",arn:aws:ec2:eu-west-1:200000000012:instance/shared-host-d8ccf701,shared-host-d8ccf701,EC2 Instance,eu-west-1,EU (Ireland),eu-west-1a,,,,,,,,,,,split-weighted,"{""Elements"":[{""AllocatedRatio"":1,""UsageUnit"":""Hours"",""UsageQuantity"":0.2479,""x_Strategy"":""Weighted"",""x_Basis"":""MemoryBytes""}]}",arn:aws:eks:eu-west-1:200000000012:workload/analytics-b878b0,workload-analytics,"{""workload"":""analytics"",""CostCenter"":""cc-3110""}","{""Environment"":""prod"",""CostCenter"":""cc-2087"",""Owner"":""team-data""}"
AWS,AWS,AWS,AWS,AWS,INV-2026-05-0001,100000000001,ExampleCorp Master Payer,Payer Account,200000000013,data-analytics,Linked Account,2026-05-01T00:00:00Z,2026-06-01T00:00:00Z,2026-05-18T00:00:00Z,2026-05-19T00:00:00Z,Tax,,Synthetic tax 10% on usage record 102: AmazonCloudWatch,One-Time,2.0495268,2.0495268,2.277252,2.0495268,,,,,,USD,,2.0495268,,USD,,,AmazonCloudWatch,Management and Governance,Observability,,,,,,,,,,,,,,,,,,,,,,,,,,"{""Environment"":""dev"",""CostCenter"":""cc-1042"",""Owner"":""team-platform""}"
AWS,AWS,AWS,AWS,AWS,INV-2026-05-0002,100000000002,ExampleCorp Secondary Payer,Payer Account,200000000012,staging-platform,Linked Account,2026-05-01T00:00:00Z,2026-06-01T00:00:00Z,2026-05-05T19:00:00Z,2026-05-05T20:00:00Z,Usage,,RDS PostgreSQL db.r6g.large,Usage-Based,0.24,0.24,0.24,0.24,0.2400000000,0.2400000000,Standard,1.0000,Hours,USD,0.2400000000,0.24,0.2400000000,USD,1.0000,Hours,AmazonRDS,Databases,Relational Databases,SKU-7a3ac49181ed25cc4a81dc35,Database,SPRICE-7a34752a4c02e0761e1464be,"{""InstanceType"":""db.r6g.large"",""InstanceSeries"":""R6g"",""CoreCount"":2,""MemorySize"":16,""x_Engine"":""PostgreSQL""}",arn:aws:rds:eu-west-1:200000000012:db/db-6e883d3a0f90,db-6e883d3a0f90,RDS Instance,eu-west-1,EU (Ireland),,,,,,,,,,,,,,,,,"{""Environment"":""staging"",""CostCenter"":""cc-3110"",""Owner"":""team-platform""}"
AWS,AWS,AWS,AWS,AWS,INV-2026-05-0002,100000000002,ExampleCorp Secondary Payer,Payer Account,200000000013,data-analytics,Linked Account,2026-05-01T00:00:00Z,2026-06-01T00:00:00Z,2026-05-05T00:00:00Z,2026-05-06T00:00:00Z,Usage,,Custom metrics,Usage-Based,33.170337,33.170337,36.85593,33.170337,0.3000000000,0.2700000000,Standard,122.8531,Metrics,USD,0.2700000000,33.170337,0.3000000000,USD,122.8531,Metrics,AmazonCloudWatch,Management and Governance,Observability,SKU-7f3902e3f370805f0a245d7f,Monitoring,SPRICE-dae68554fa459d336630e8d7,"{""x_MetricType"":""Custom""}",arn:aws:cloudwatch:ap-southeast-1:200000000013:metric/metric-943f6d3de709,metric-943f6d3de709,Metric,ap-southeast-1,Asia Pacific (Singapore),,,,,,,,,"{""Elements"":[{""ContractId"":""CONTRACT-EA-2026-0001"",""ContractCommitmentId"":""CC-EA-SPEND-0001"",""ContractCommitmentAppliedCost"":33.17033700000000}]}",,,,,,,,"{""Environment"":""dev"",""CostCenter"":""cc-2087"",""Owner"":""team-platform""}"
AWS,AWS,AWS,AWS,AWS,INV-2026-05-0002,100000000002,ExampleCorp Secondary Payer,Payer Account,200000000011,prod-platform,Linked Account,2026-05-01T00:00:00Z,2026-06-01T00:00:00Z,2026-05-05T21:00:00Z,2026-05-05T22:00:00Z,Usage,,Shared EC2 host cost allocated to workload,Usage-Based,0.02688,0.02688,0.02688,0.02688,0.0960000000,0.0960000000,Standard,0.2800,Hours,USD,0.0960000000,0.02688,0.0960000000,USD,0.2800,Hours,AmazonEC2,Compute,Virtual Machines,SKU-093c0d7a3a0491f8523e34c8,Compute,SPRICE-bab283475cbbabd222878e74,"{""InstanceType"":""m6i.large"",""InstanceSeries"":""M6i"",""CoreCount"":2,""MemorySize"":8,""OperatingSystem"":""Linux"",""x_Tenancy"":""Shared""}",arn:aws:ec2:ap-southeast-1:200000000011:instance/shared-host-be6fee9e,shared-host-be6fee9e,EC2 Instance,ap-southeast-1,Asia Pacific (Singapore),ap-southeast-1b,,,,,,,,,,,split-weighted,"{""Elements"":[{""AllocatedRatio"":1,""UsageUnit"":""Hours"",""UsageQuantity"":0.2800,""x_Strategy"":""Weighted"",""x_Basis"":""MemoryBytes""}]}",arn:aws:eks:ap-southeast-1:200000000011:workload/billing-863983,workload-billing,"{""workload"":""billing"",""CostCenter"":""cc-1042""}","{""Environment"":""dev"",""CostCenter"":""cc-3110"",""Owner"":""team-payments""}"
AWS,AWS,AWS,AWS,AWS,INV-2026-05-0001,100000000001,ExampleCorp Master Payer,Payer Account,200000000012,staging-platform,Linked Account,2026-05-01T00:00:00Z,2026-06-01T00:00:00Z,2026-05-01T00:00:00Z,2026-06-01T00:00:00Z,Usage,,S3 Standard storage,Usage-Based,43.2712133,43.2712133,43.2712133,43.2712133,0.0230000000,0.0230000000,Standard,1881.3571,GB-Months,USD,0.0230000000,43.2712133,0.0230000000,USD,1881.3571,GB-Months,AmazonS3,Storage,Object Storage,SKU-36fb3a972f2cdabe2e87e8f5,Storage,SPRICE-2e0d1e6fc7695c1a2fe50a1a,"{""StorageClass"":""Standard"",""Redundancy"":""Zonal""}",arn:aws:s3:us-west-2:200000000012:bucket/bucket-87a31c9ded64,bucket-87a31c9ded64,S3 Bucket,us-west-2,US West (Oregon),,,,,,,,,,,,,,,,,"{""Environment"":""prod"",""CostCenter"":""cc-1042"",""Owner"":""team-data""}"
AWS,AWS,AWS,AWS,AWS,INV-2026-05-0001,100000000001,ExampleCorp Master Payer,Payer Account,200000000011,prod-platform,Linked Account,2026-05-01T00:00:00Z,2026-06-01T00:00:00Z,2026-05-05T23:00:00Z,2026-05-06T00:00:00Z,Usage,,Shared EC2 host cost allocated to workload,Usage-Based,0.0086592,0.0086592,0.0086592,0.0086592,0.0960000000,0.0960000000,Standard,0.0902,Hours,USD,0.0960000000,0.0086592,0.0960000000,USD,0.0902,Hours,AmazonEC2,Compute,Virtual Machines,SKU-e0e295f006e6a0732dd5f77b,Compute,SPRICE-98f5ebeb1125d6e984c27bb1,"{""InstanceType"":""m6i.large"",""InstanceSeries"":""M6i"",""CoreCount"":2,""MemorySize"":8,""OperatingSystem"":""Linux"",""x_Tenancy"":""Shared""}",arn:aws:ec2:us-west-2:200000000011:instance/shared-host-b09f778f,shared-host-b09f778f,EC2 Instance,us-west-2,US West (Oregon),us-west-2b,,,,,,,,,,,split-even,"{""Elements"":[{""AllocatedRatio"":1,""UsageUnit"":""Hours"",""UsageQuantity"":0.0902,""x_Strategy"":""Even"",""x_Basis"":""Workloads""}]}",arn:aws:eks:us-west-2:200000000011:workload/analytics-4f11e3,workload-analytics,"{""workload"":""analytics"",""CostCenter"":""cc-3110""}","{""Environment"":""staging"",""CostCenter"":""cc-1042"",""Owner"":""team-payments""}"
AWS,AWS,AWS,AWS,AWS,INV-2026-05-0002,100000000002,ExampleCorp Secondary Payer,Payer Account,200000000011,prod-platform,Linked Account,2026-05-01T00:00:00Z,2026-06-01T00:00:00Z,2026-05-02T16:00:00Z,2026-05-02T17:00:00Z,Tax,,Synthetic tax 10% on usage record 41: AmazonEC2,One-Time,0.00681696,0.00681696,0.00681696,0.00681696,,,,,,USD,,0.00681696,,USD,,,AmazonEC2,Compute,Virtual Machines,,,,,,,,,,,,,,,,,,,,,,,,,,"{""Environment"":""dev"",""CostCenter"":""cc-3110"",""Owner"":""team-platform""}"
AWS,AWS,AWS,AWS,AWS,INV-2026-05-0002,100000000002,ExampleCorp Secondary Payer,Payer Account,200000000014,sandbox-dev,Linked Account,2026-05-01T00:00:00Z,2026-06-01T00:00:00Z,2026-05-01T00:00:00Z,2026-06-01T00:00:00Z,Usage,,S3 Standard storage,Usage-Based,5.7688531,5.7688531,5.7688531,5.7688531,0.0230000000,0.0230000000,Standard,250.8197,GB-Months,USD,0.0230000000,5.7688531,0.0230000000,USD,250.8197,GB-Months,AmazonS3,Storage,Object Storage,SKU-36fb3a972f2cdabe2e87e8f5,Storage,SPRICE-2e0d1e6fc7695c1a2fe50a1a,"{""StorageClass"":""Standard"",""Redundancy"":""Zonal""}",arn:aws:s3:us-west-2:200000000014:bucket/bucket-5e1d7a396c06,bucket-5e1d7a396c06,S3 Bucket,us-west-2,US West (Oregon),,,,,,,,,,,,,,,,,"{""Environment"":""dev"",""CostCenter"":""cc-1042"",""Owner"":""team-payments""}"
AWS,AWS,AWS,AWS,AWS,INV-2026-05-0002,100000000002,ExampleCorp Secondary Payer,Payer Account,200000000012,staging-platform,Linked Account,2026-05-01T00:00:00Z,2026-06-01T00:00:00Z,2026-05-11T00:00:00Z,2026-05-12T00:00:00Z,Usage,,Custom metrics,Usage-Based,38.799513,38.799513,43.11057,38.799513,0.3000000000,0.2700000000,Standard,143.7019,Metrics,USD,0.2700000000,38.799513,0.3000000000,USD,143.7019,Metrics,AmazonCloudWatch,Management and Governance,Observability,SKU-7f3902e3f370805f0a245d7f,Monitoring,SPRICE-dae68554fa459d336630e8d7,"{""x_MetricType"":""Custom""}",arn:aws:cloudwatch:ap-southeast-1:200000000012:metric/metric-c75417636006,metric-c75417636006,Metric,ap-southeast-1,Asia Pacific (Singapore),,,,,,,,,"{""Elements"":[{""ContractId"":""CONTRACT-EA-2026-0001"",""ContractCommitmentId"":""CC-EA-SPEND-0001"",""ContractCommitmentAppliedCost"":38.79951300000000}]}",,,,,,,,"{""Environment"":""prod"",""CostCenter"":""cc-3110"",""Owner"":""team-platform""}"
AWS,AWS,AWS,AWS,AWS,INV-2026-05-0001,100000000001,ExampleCorp Master Payer,Payer Account,200000000014,sandbox-dev,Linked Account,2026-05-01T00:00:00Z,2026-06-01T00:00:00Z,2026-05-12T00:00:00Z,2026-05-13T00:00:00Z,Usage,,NAT gateway data processed,Usage-Based,16.853301,16.853301,16.853301,16.853301,0.0450000000,0.0450000000,Standard,374.5178,GB,USD,0.0450000000,16.853301,0.0450000000,USD,374.5178,GB,AmazonVPC,Networking,Network Connectivity,SKU-3d9b08c72ec44814e0bd4e25,Data Transfer,SPRICE-5df2ff31768360bf23008ec4,"{""x_TransferType"":""InterAZ""}",arn:aws:ec2:eu-west-1:200000000014:natgateway/nat-b0e344e3313a,nat-b0e344e3313a,NAT Gateway,eu-west-1,EU (Ireland),,,,,,,,,,,,,,,,,"{""Environment"":""staging"",""CostCenter"":""cc-2087"",""Owner"":""team-payments""}"
AWS,AWS,AWS,AWS,AWS,INV-2026-05-0001,100000000001,ExampleCorp Master Payer,Payer Account,200000000012,staging-platform,Linked Account,2026-05-01T00:00:00Z,2026-06-01T00:00:00Z,2026-05-04T00:00:00Z,2026-05-05T00:00:00Z,Tax,,Synthetic tax 10% on usage record 88: AmazonVPC,One-Time,1.444713165,1.444713165,1.60523685,1.444713165,,,,,,USD,,1.444713165,,USD,,,AmazonVPC,Networking,Network Connectivity,,,,,,,,,,,,,,,,,,,,,,,,,,"{""Environment"":""dev"",""CostCenter"":""cc-2087"",""Owner"":""team-platform""}"
AWS,AWS,AWS,AWS,AWS,INV-2026-05-0001,100000000001,ExampleCorp Master Payer,Payer Account,200000000014,sandbox-dev,Linked Account,2026-05-01T00:00:00Z,2026-06-01T00:00:00Z,2026-05-11T00:00:00Z,2026-05-12T00:00:00Z,Tax,,Synthetic tax 10% on usage record 39: AmazonDynamoDB,One-Time,0.4925794767375,0.4925794767375,0.4925794767375,0.4925794767375,,,,,,USD,,0.4925794767375,,USD,,,AmazonDynamoDB,Databases,NoSQL Databases,,,,,,,,,,,,,,,,,,,,,,,,,,"{""Environment"":""dev"",""CostCenter"":""cc-1042"",""Owner"":""team-platform""}"
AWS,AWS,AWS,AWS,AWS,INV-2026-05-0002,100000000002,ExampleCorp Secondary Payer,Payer Account,200000000011,prod-platform,Linked Account,2026-05-01T00:00:00Z,2026-06-01T00:00:00Z,2026-05-15T00:00:00Z,2026-05-16T00:00:00Z,Usage,,DynamoDB on-demand write requests,Usage-Based,3.775514301875,3.775514301875,3.775514301875,3.775514301875,0.0000012500,0.0000012500,Standard,3020411.4415,Requests,USD,0.0000012500,3.775514301875,0.0000012500,USD,3020411.4415,Requests,AmazonDynamoDB,Databases,NoSQL Databases,SKU-687affd9645b52f0bac81a2c,Database,SPRICE-716c8854825bf7430db8e755,"{""x_CapacityMode"":""On-Demand""}",arn:aws:dynamodb:us-west-2:200000000011:table/table-b6c597b78a5e,table-b6c597b78a5e,DynamoDB Table,us-west-2,US West (Oregon),,,,,,,,,,,,,,,,,"{""Environment"":""dev"",""CostCenter"":""cc-3110"",""Owner"":""team-platform""}"
AWS,AWS,AWS,AWS,AWS,INV-2026-05-0002,100000000002,ExampleCorp Secondary Payer,Payer Account,200000000011,prod-platform,Linked Account,2026-05-01T00:00:00Z,2026-06-01T00:00:00Z,2026-05-01T00:00:00Z,2026-06-01T00:00:00Z,Usage,,S3 Standard storage,Usage-Based,35.1744451,35.1744451,35.1744451,35.1744451,0.0230000000,0.0230000000,Standard,1529.3237,GB-Months,USD,0.0230000000,35.1744451,0.0230000000,USD,1529.3237,GB-Months,AmazonS3,Storage,Object Storage,SKU-6042c508b21761919a0ed516,Storage,SPRICE-d35afe08308f10d3695aa71d,"{""StorageClass"":""Standard"",""Redundancy"":""Zonal""}",arn:aws:s3:eu-west-1:200000000011:bucket/bucket-cffd40fb1d92,bucket-cffd40fb1d92,S3 Bucket,eu-west-1,EU (Ireland),,,,,,,,,,,,,,,,,"{""Environment"":""dev"",""CostCenter"":""cc-2087"",""Owner"":""team-platform""}"
AWS,AWS,AWS,AWS,AWS,INV-2026-05-0002,100000000002,ExampleCorp Secondary Payer,Payer Account,200000000012,staging-platform,Linked Account,2026-05-01T00:00:00Z,2026-06-01T00:00:00Z,2026-05-06T08:00:00Z,2026-05-06T09:00:00Z,Usage,,Shared EC2 host cost allocated to workload,Usage-Based,0.0919104,0.0919104,0.0919104,0.0919104,0.0960000000,0.0960000000,Standard,0.9574,Hours,USD,0.0960000000,0.0919104,0.0960000000,USD,0.9574,Hours,AmazonEC2,Compute,Virtual Machines,SKU-e0e295f006e6a0732dd5f77b,Compute,SPRICE-98f5ebeb1125d6e984c27bb1,"{""InstanceType"":""m6i.large"",""InstanceSeries"":""M6i"",""CoreCount"":2,""MemorySize"":8,""OperatingSystem"":""Linux"",""x_Tenancy"":""Shared""}",arn:aws:ec2:us-west-2:200000000012:instance/shared-host-8efd25ff,shared-host-8efd25ff,EC2 Instance,us-west-2,US West (Oregon),us-west-2b,,,,,,,,,,,split-weighted,"{""Elements"":[{""AllocatedRatio"":1,""UsageUnit"":""Hours"",""UsageQuantity"":0.9574,""x_Strategy"":""Weighted"",""x_Basis"":""MemoryBytes""}]}",arn:aws:eks:us-west-2:200000000012:workload/checkout-b03908,workload-checkout,"{""workload"":""checkout"",""CostCenter"":""cc-1042""}","{""Environment"":""prod"",""CostCenter"":""cc-3110"",""Owner"":""team-platform""}"
AWS,AWS,AWS,AWS,AWS,INV-2026-05-0002,100000000002,ExampleCorp Secondary Payer,Payer Account,200000000012,staging-platform,Linked Account,2026-05-01T00:00:00Z,2026-06-01T00:00:00Z,2026-05-06T09:00:00Z,2026-05-06T10:00:00Z,Usage,,Lambda function duration,Usage-Based,20.83795003415005,20.83795003415005,20.83795003415005,20.83795003415005,0.0000166667,0.0000166667,Standard,1250274.5015,GB-Seconds,USD,0.0000166667,20.83795003415005,0.0000166667,USD,1250274.5015,GB-Seconds,AWSLambda,Compute,Serverless Compute,SKU-10b7f1c880ad0bc78efd30e2,Compute,SPRICE-a9f6b13fa92ac1d53f2f387c,"{""x_Runtime"":""python3.12"",""x_Architecture"":""arm64""}",arn:aws:lambda:ap-southeast-1:200000000012:function/fn-b1322c506c03,fn-b1322c506c03,Lambda Function,ap-southeast-1,Asia Pacific (Singapore),,,,,,,,,,,,,,,,,"{""Environment"":""prod"",""CostCenter"":""cc-2087"",""Owner"":""team-payments""}"
AWS,AWS,AWS,AWS,AWS,INV-2026-05-0001,100000000001,ExampleCorp Master Payer,Payer Account,200000000014,sandbox-dev,Linked Account,2026-05-01T00:00:00Z,2026-06-01T00:00:00Z,2026-05-01T00:00:00Z,2026-06-01T00:00:00Z,Usage,,S3 Standard storage,Usage-Based,34.5373589,34.5373589,34.5373589,34.5373589,0.0230000000,0.0230000000,Standard,1501.6243,GB-Months,USD,0.0230000000,34.5373589,0.0230000000,USD,1501.6243,GB-Months,AmazonS3,Storage,Object Storage,SKU-6042c508b21761919a0ed516,Storage,SPRICE-d35afe08308f10d3695aa71d,"{""StorageClass"":""Standard"",""Redundancy"":""Zonal""}",arn:aws:s3:eu-west-1:200000000014:bucket/bucket-046b67466bfb,bucket-046b67466bfb,S3 Bucket,eu-west-1,EU (Ireland),,,,,,,,,,,,,,,,,"{""Environment"":""prod"",""CostCenter"":""cc-1042"",""Owner"":""team-platform""}"
AWS,AWS,AWS,AWS,AWS,INV-2026-05-0001,100000000001,ExampleCorp Master Payer,Payer Account,200000000014,sandbox-dev,Linked Account,2026-05-01T00:00:00Z,2026-06-01T00:00:00Z,2026-05-20T00:00:00Z,2026-05-21T00:00:00Z,Usage,,Custom metrics,Usage-Based,53.92821,53.92821,53.92821,53.92821,0.3000000000,0.3000000000,Standard,179.7607,Metrics,USD,0.3000000000,53.92821,0.3000000000,USD,179.7607,Metrics,AmazonCloudWatch,Management and Governance,Observability,SKU-917addcfe26d359456f585f4,Monitoring,SPRICE-bfed9ccd55f51b42ca94dd2b,"{""x_MetricType"":""Custom""}",arn:aws:cloudwatch:eu-west-1:200000000014:metric/metric-5a6e5c6a16bf,metric-5a6e5c6a16bf,Metric,eu-west-1,EU (Ireland),,,,,,,,,,,,,,,,,"{""Environment"":""dev"",""CostCenter"":""cc-2087"",""Owner"":""team-platform""}"
AWS,AWS,AWS,AWS,AWS,INV-2026-05-0001,100000000001,ExampleCorp Master Payer,Payer Account,200000000013,data-analytics,Linked Account,2026-05-01T00:00:00Z,2026-06-01T00:00:00Z,2026-05-06T12:00:00Z,2026-05-06T13:00:00Z,Usage,,Shared EC2 host cost allocated to workload,Usage-Based,0.0566112,0.0566112,0.0566112,0.0566112,0.0960000000,0.0960000000,Standard,0.5897,Hours,USD,0.0960000000,0.0566112,0.0960000000,USD,0.5897,Hours,AmazonEC2,Compute,Virtual Machines,SKU-e0e295f006e6a0732dd5f77b,Compute,SPRICE-98f5ebeb1125d6e984c27bb1,"{""InstanceType"":""m6i.large"",""InstanceSeries"":""M6i"",""CoreCount"":2,""MemorySize"":8,""OperatingSystem"":""Linux"",""x_Tenancy"":""Shared""}",arn:aws:ec2:us-west-2:200000000013:instance/shared-host-82eec591,shared-host-82eec591,EC2 Instance,us-west-2,US West (Oregon),us-west-2b,,,,,,,,,,,split-proportional,"{""Elements"":[{""AllocatedRatio"":1,""UsageUnit"":""Hours"",""UsageQuantity"":0.5897,""x_Strategy"":""Proportional"",""x_Basis"":""vCPUSeconds""}]}",arn:aws:eks:us-west-2:200000000013:workload/analytics-fa550b,workload-analytics,"{""workload"":""analytics"",""CostCenter"":""cc-3110""}","{""Environment"":""dev"",""CostCenter"":""cc-1042"",""Owner"":""team-platform""}"
AWS,AWS,AWS,AWS,AWS,INV-2026-05-0002,100000000002,ExampleCorp Secondary Payer,Payer Account,200000000014,sandbox-dev,Linked Account,2026-05-01T00:00:00Z,2026-06-01T00:00:00Z,2026-05-06T13:00:00Z,2026-05-06T14:00:00Z,Usage,,Shared EC2 host cost allocated to workload,Usage-Based,0.0382272,0.0382272,0.0382272,0.0382272,0.0960000000,0.0960000000,Standard,0.3982,Hours,USD,0.0960000000,0.0382272,0.0960000000,USD,0.3982,Hours,AmazonEC2,Compute,Virtual Machines,SKU-ca9c2ba97f0b30fb137ef130,Compute,SPRICE-d7f4030fc2a8b65799f6b437,"{""InstanceType"":""m6i.large"",""InstanceSeries"":""M6i"",""CoreCount"":2,""MemorySize"":8,""OperatingSystem"":""Linux"",""x_Tenancy"":""Shared""}",arn:aws:ec2:eu-west-1:200000000014:instance/shared-host-0149abaa,shared-host-0149abaa,EC2 Instance,eu-west-1,EU (Ireland),eu-west-1b,,,,,,,,,,,split-weighted,"{""Elements"":[{""AllocatedRatio"":1,""UsageUnit"":""Hours"",""UsageQuantity"":0.3982,""x_Strategy"":""Weighted"",""x_Basis"":""MemoryBytes""}]}",arn:aws:eks:eu-west-1:200000000014:workload/billing-82d65a,workload-billing,"{""workload"":""billing"",""CostCenter"":""cc-1042""}","{""Environment"":""dev"",""CostCenter"":""cc-2087"",""Owner"":""team-data""}"
AWS,AWS,AWS,AWS,AWS,INV-2026-05-0001,100000000001,ExampleCorp Master Payer,Payer Account,200000000014,sandbox-dev,Linked Account,2026-05-01T00:00:00Z,2026-06-01T00:00:00Z,2026-05-23T00:00:00Z,2026-05-24T00:00:00Z,Usage,,NAT gateway data processed,Usage-Based,11.09582955,11.09582955,12.3286995,11.09582955,0.0450000000,0.0405000000,Standard,273.9711,GB,USD,0.0405000000,11.09582955,0.0450000000,USD,273.9711,GB,AmazonVPC,Networking,Network Connectivity,SKU-3d9b08c72ec44814e0bd4e25,Data Transfer,SPRICE-5df2ff31768360bf23008ec4,"{""x_TransferType"":""InterAZ""}",arn:aws:ec2:eu-west-1:200000000014:natgateway/nat-8c4412865e2b,nat-8c4412865e2b,NAT Gateway,eu-west-1,EU (Ireland),,,,,,,,,"{""Elements"":[{""ContractId"":""CONTRACT-EA-2026-0001"",""ContractCommitmentId"":""CC-EA-SPEND-0001"",""ContractCommitmentAppliedCost"":11.09582955000000}]}",,,,,,,,"{""Environment"":""staging"",""CostCenter"":""cc-2087"",""Owner"":""team-payments""}"
AWS,AWS,AWS,AWS,AWS,INV-2026-05-0001,100000000001,ExampleCorp Master Payer,Payer Account,200000000012,staging-platform,Linked Account,2026-05-01T00:00:00Z,2026-06-01T00:00:00Z,2026-05-06T15:00:00Z,2026-05-06T16:00:00Z,Usage,,Shared EC2 host cost allocated to workload,Usage-Based,0.0473568,0.0473568,0.0473568,0.0473568,0.0960000000,0.0960000000,Standard,0.4933,Hours,USD,0.0960000000,0.0473568,0.0960000000,USD,0.4933,Hours,AmazonEC2,Compute,Virtual Machines,SKU-e0e295f006e6a0732dd5f77b,Compute,SPRICE-98f5ebeb1125d6e984c27bb1,"{""InstanceType"":""m6i.large"",""InstanceSeries"":""M6i"",""CoreCount"":2,""MemorySize"":8,""OperatingSystem"":""Linux"",""x_Tenancy"":""Shared""}",arn:aws:ec2:us-west-2:200000000012:instance/shared-host-e234f704,shared-host-e234f704,EC2 Instance,us-west-2,US West (Oregon),us-west-2a,,,,,,,,,,,split-even,"{""Elements"":[{""AllocatedRatio"":1,""UsageUnit"":""Hours"",""UsageQuantity"":0.4933,""x_Strategy"":""Even"",""x_Basis"":""Workloads""}]}",arn:aws:eks:us-west-2:200000000012:workload/analytics-692734,workload-analytics,"{""workload"":""analytics"",""CostCenter"":""cc-3110""}","{""Environment"":""dev"",""CostCenter"":""cc-3110"",""Owner"":""team-data""}"
AWS,AWS,AWS,AWS,AWS,INV-2026-05-0001,100000000001,ExampleCorp Master Payer,Payer Account,200000000011,prod-platform,Linked Account,2026-05-01T00:00:00Z,2026-06-01T00:00:00Z,2026-05-25T00:00:00Z,2026-05-26T00:00:00Z,Usage,,DynamoDB on-demand write requests,Usage-Based,4.406848707825,4.406848707825,4.89649856425,4.406848707825,0.0000012500,0.0000011250,Standard,3917198.8514,Requests,USD,0.0000011250,4.406848707825,0.0000012500,USD,3917198.8514,Requests,AmazonDynamoDB,Databases,NoSQL Databases,SKU-b60be50671e3ea779ca4990a,Database,SPRICE-01c9691ef6482a9102c7a4ff,"{""x_CapacityMode"":""On-Demand""}",arn:aws:dynamodb:us-east-1:200000000011:table/table-8b36c90bb714,table-8b36c90bb714,DynamoDB Table,us-east-1,US East (N. Virginia),,,,,,,,,"{""Elements"":[{""ContractId"":""CONTRACT-EA-2026-0001"",""ContractCommitmentId"":""CC-EA-SPEND-0001"",""ContractCommitmentAppliedCost"":4.40684870782500}]}",,,,,,,,"{""Environment"":""staging"",""CostCenter"":""cc-3110"",""Owner"":""team-data""}"
AWS,AWS,AWS,AWS,AWS,INV-2026-05-0002,100000000002,ExampleCorp Secondary Payer,Payer Account,200000000012,staging-platform,Linked Account,2026-05-01T00:00:00Z,2026-06-01T00:00:00Z,2026-05-06T17:00:00Z,2026-05-06T18:00:00Z,Usage,,Shared EC2 host cost allocated to workload,Usage-Based,0.0748032,0.0748032,0.0748032,0.0748032,0.0960000000,0.0960000000,Standard,0.7792,Hours,USD,0.0960000000,0.0748032,0.0960000000,USD,0.7792,Hours,AmazonEC2,Compute,Virtual Machines,SKU-736a4dd80178572d8370293d,Compute,SPRICE-c862323f09b487c42efb1c6b,"{""InstanceType"":""m6i.large"",""InstanceSeries"":""M6i"",""CoreCount"":2,""MemorySize"":8,""OperatingSystem"":""Linux"",""x_Tenancy"":""Shared""}",arn:aws:ec2:us-east-1:200000000012:instance/shared-host-aef74112,shared-host-aef74112,EC2 Instance,us-east-1,US East (N. Virginia),us-east-1c,,,,,,,,,,,split-proportional,"{""Elements"":[{""AllocatedRatio"":1,""UsageUnit"":""Hours"",""UsageQuantity"":0.7792,""x_Strategy"":""Proportional"",""x_Basis"":""vCPUSeconds""}]}",arn:aws:eks:us-east-1:200000000012:workload/ingestion-e6fe45,workload-ingestion,"{""workload"":""ingestion"",""CostCenter"":""cc-2087""}","{""Environment"":""dev"",""CostCenter"":""cc-2087"",""Owner"":""team-payments""}"
AWS,AWS,AWS,AWS,AWS,INV-2026-05-0001,100000000001,ExampleCorp Master Payer,Payer Account,200000000011,prod-platform,Linked Account,2026-05-01T00:00:00Z,2026-06-01T00:00:00Z,2026-05-06T18:00:00Z,2026-05-06T19:00:00Z,Usage,,RDS PostgreSQL db.r6g.large,Usage-Based,0.24,0.24,0.24,0.24,0.2400000000,0.2400000000,Standard,1.0000,Hours,USD,0.2400000000,0.24,0.2400000000,USD,1.0000,Hours,AmazonRDS,Databases,Relational Databases,SKU-d70ac0acbdfcb8de90bd881a,Database,SPRICE-526e7acd56433e6d3c551cac,"{""InstanceType"":""db.r6g.large"",""InstanceSeries"":""R6g"",""CoreCount"":2,""MemorySize"":16,""x_Engine"":""PostgreSQL""}",arn:aws:rds:us-west-2:200000000011:db/db-58e65fa5e491,db-58e65fa5e491,RDS Instance,us-west-2,US West (Oregon),,,,,,,,,,,,,,,,,"{""Environment"":""dev"",""CostCenter"":""cc-2087"",""Owner"":""team-payments""}"
AWS,AWS,AWS,AWS,AWS,INV-2026-05-0001,100000000001,ExampleCorp Master Payer,Payer Account,200000000011,prod-platform,Linked Account,2026-05-01T00:00:00Z,2026-06-01T00:00:00Z,2026-05-03T06:00:00Z,2026-05-03T07:00:00Z,Tax,,Synthetic tax 10% on usage record 55: AmazonEC2,One-Time,0.0077088,0.0077088,0.0077088,0.0077088,,,,,,USD,,0.0077088,,USD,,,AmazonEC2,Compute,Virtual Machines,,,,,,,,,,,,,,,,,,,,,,,,,,"{""Environment"":""prod"",""CostCenter"":""cc-1042"",""Owner"":""team-payments""}"
AWS,AWS,AWS,AWS,AWS,INV-2026-05-0002,100000000002,ExampleCorp Secondary Payer,Payer Account,200000000011,prod-platform,Linked Account,2026-05-01T00:00:00Z,2026-06-01T00:00:00Z,2026-05-06T20:00:00Z,2026-05-06T21:00:00Z,Usage,,Shared EC2 host cost allocated to workload,Usage-Based,0.0409728,0.0409728,0.0409728,0.0409728,0.0960000000,0.0960000000,Standard,0.4268,Hours,USD,0.0960000000,0.0409728,0.0960000000,USD,0.4268,Hours,AmazonEC2,Compute,Virtual Machines,SKU-ca9c2ba97f0b30fb137ef130,Compute,SPRICE-d7f4030fc2a8b65799f6b437,"{""InstanceType"":""m6i.large"",""InstanceSeries"":""M6i"",""CoreCount"":2,""MemorySize"":8,""OperatingSystem"":""Linux"",""x_Tenancy"":""Shared""}",arn:aws:ec2:eu-west-1:200000000011:instance/shared-host-ed659842,shared-host-ed659842,EC2 Instance,eu-west-1,EU (Ireland),eu-west-1b,,,,,,,,,,,split-proportional,"{""Elements"":[{""AllocatedRatio"":1,""UsageUnit"":""Hours"",""UsageQuantity"":0.4268,""x_Strategy"":""Proportional"",""x_Basis"":""vCPUSeconds""}]}",arn:aws:eks:eu-west-1:200000000011:workload/analytics-e46a1e,workload-analytics,"{""workload"":""analytics"",""CostCenter"":""cc-1042""}","{""Environment"":""staging"",""CostCenter"":""cc-2087"",""Owner"":""team-payments""}"
AWS,AWS,AWS,AWS,AWS,INV-2026-05-0001,100000000001,ExampleCorp Master Payer,Payer Account,200000000011,prod-platform,Linked Account,2026-05-01T00:00:00Z,2026-06-01T00:00:00Z,2026-05-06T21:00:00Z,2026-05-06T22:00:00Z,Usage,,Shared EC2 host cost allocated to workload,Usage-Based,0.0936,0.0936,0.0936,0.0936,0.0960000000,0.0960000000,Standard,0.9750,Hours,USD,0.0960000000,0.0936,0.0960000000,USD,0.9750,Hours,AmazonEC2,Compute,Virtual Machines,SKU-ca9c2ba97f0b30fb137ef130,Compute,SPRICE-d7f4030fc2a8b65799f6b437,"{""InstanceType"":""m6i.large"",""InstanceSeries"":""M6i"",""CoreCount"":2,""MemorySize"":8,""OperatingSystem"":""Linux"",""x_Tenancy"":""Shared""}",arn:aws:ec2:eu-west-1:200000000011:instance/shared-host-8b5e974c,shared-host-8b5e974c,EC2 Instance,eu-west-1,EU (Ireland),eu-west-1a,,,,,,,,,,,split-even,"{""Elements"":[{""AllocatedRatio"":1,""UsageUnit"":""Hours"",""UsageQuantity"":0.9750,""x_Strategy"":""Even"",""x_Basis"":""Workloads""}]}",arn:aws:eks:eu-west-1:200000000011:workload/billing-c0cbb0,workload-billing,"{""workload"":""billing"",""CostCenter"":""cc-3110""}","{""Environment"":""staging"",""CostCenter"":""cc-1042"",""Owner"":""team-payments""}"
AWS,AWS,AWS,AWS,AWS,INV-2026-05-0002,100000000002,ExampleCorp Secondary Payer,Payer Account,200000000013,data-analytics,Linked Account,2026-05-01T00:00:00Z,2026-06-01T00:00:00Z,2026-05-03T00:00:00Z,2026-05-04T00:00:00Z,Usage,,NAT gateway data processed,Usage-Based,5.537169,5.537169,5.537169,5.537169,0.0450000000,0.0450000000,Standard,123.0482,GB,USD,0.0450000000,5.537169,0.0450000000,USD,123.0482,GB,AmazonVPC,Networking,Network Connectivity,SKU-935abd9125f7268b4f0eb1ad,Data Transfer,SPRICE-130c94d71c797814c8e72b46,"{""x_TransferType"":""InterAZ""}",arn:aws:ec2:us-east-1:200000000013:natgateway/nat-280740d38700,nat-280740d38700,NAT Gateway,us-east-1,US East (N. Virginia),,,,,,,,,,,,,,,,,"{""Environment"":""staging"",""CostCenter"":""cc-2087"",""Owner"":""team-data""}"
AWS,AWS,AWS,AWS,AWS,INV-2026-05-0001,100000000001,ExampleCorp Master Payer,Payer Account,200000000014,sandbox-dev,Linked Account,2026-05-01T00:00:00Z,2026-06-01T00:00:00Z,2026-05-03T15:00:00Z,2026-05-03T16:00:00Z,Tax,,Synthetic tax 10% on usage record 64: AmazonRDS,One-Time,0.0216,0.0216,0.024,0.0216,,,,,,USD,,0.0216,,USD,,,AmazonRDS,Databases,Relational Databases,,,,,,,,,,,,,,,,,,,,,,,,,,"{""Environment"":""prod"",""CostCenter"":""cc-2087"",""Owner"":""team-platform""}"
AWS,AWS,AWS,AWS,AWS,INV-2026-05-0002,100000000002,ExampleCorp Secondary Payer,Payer Account,200000000013,data-analytics,Linked Account,2026-05-01T00:00:00Z,2026-06-01T00:00:00Z,2026-05-05T07:00:00Z,2026-05-05T08:00:00Z,Tax,,Synthetic tax 10% on usage record 104: AmazonEC2,One-Time,0.00108672,0.00108672,0.00108672,0.00108672,,,,,,USD,,0.00108672,,USD,,,AmazonEC2,Compute,Virtual Machines,,,,,,,,,,,,,,,,,,,,,,,,,,"{""Environment"":""dev"",""CostCenter"":""cc-2087"",""Owner"":""team-payments""}"
AWS,AWS,AWS,AWS,AWS,INV-2026-05-0002,100000000002,ExampleCorp Secondary Payer,Payer Account,200000000014,sandbox-dev,Linked Account,2026-05-01T00:00:00Z,2026-06-01T00:00:00Z,2026-05-07T01:00:00Z,2026-05-07T02:00:00Z,Usage,,RDS PostgreSQL db.r6g.large,Usage-Based,0.24,0.24,0.24,0.24,0.2400000000,0.2400000000,Standard,1.0000,Hours,USD,0.2400000000,0.24,0.2400000000,USD,1.0000,Hours,AmazonRDS,Databases,Relational Databases,SKU-89bc59af83de149a442b21d0,Database,SPRICE-887d5388c52a801df4d42ba1,"{""InstanceType"":""db.r6g.large"",""InstanceSeries"":""R6g"",""CoreCount"":2,""MemorySize"":16,""x_Engine"":""PostgreSQL""}",arn:aws:rds:us-east-1:200000000014:db/db-348cc331db69,db-348cc331db69,RDS Instance,us-east-1,US East (N. Virginia),,,,,,,,,,,,,,,,,"{""Environment"":""staging"",""CostCenter"":""cc-1042"",""Owner"":""team-payments""}"
AWS,AWS,AWS,AWS,AWS,INV-2026-05-0002,100000000002,ExampleCorp Secondary Payer,Payer Account,200000000011,prod-platform,Linked Account,2026-05-01T00:00:00Z,2026-06-01T00:00:00Z,2026-05-07T00:00:00Z,2026-05-08T00:00:00Z,Usage,,Glue ETL job run,Usage-Based,42.291612,42.291612,42.291612,42.291612,0.4400000000,0.4400000000,Standard,96.1173,DPU-Hours,USD,0.4400000000,42.291612,0.4400000000,USD,96.1173,DPU-Hours,AWSGlue,Analytics,Data Processing,SKU-8cd75c3064ca6c4c85c43ce6,Data Processing,SPRICE-31964d215aa8bccf440b844b,"{""x_WorkerType"":""G.1X""}",arn:aws:glue:eu-west-1:200000000011:job/job-9f726ba1c10a,job-9f726ba1c10a,Glue Job,eu-west-1,EU (Ireland),,,,,,,,,,,,,,,,,"{""Environment"":""staging"",""CostCenter"":""cc-1042"",""Owner"":""team-payments""}"
AWS,AWS,AWS,AWS,AWS,INV-2026-05-0002,100000000002,ExampleCorp Secondary Payer,Payer Account,200000000013,data-analytics,Linked Account,2026-05-01T00:00:00Z,2026-06-01T00:00:00Z,2026-05-08T00:00:00Z,2026-05-09T00:00:00Z,Usage,,NAT gateway data processed,Usage-Based,2.526435,2.526435,2.526435,2.526435,0.0450000000,0.0450000000,Standard,56.1430,GB,USD,0.0450000000,2.526435,0.0450000000,USD,56.1430,GB,AmazonVPC,Networking,Network Connectivity,SKU-935abd9125f7268b4f0eb1ad,Data Transfer,SPRICE-130c94d71c797814c8e72b46,"{""x_TransferType"":""InterAZ""}",arn:aws:ec2:us-east-1:200000000013:natgateway/nat-fa7f5d61f682,nat-fa7f5d61f682,NAT Gateway,us-east-1,US East (N. Virginia),,,,,,,,,,,,,,,,,"{""Environment"":""prod"",""CostCenter"":""cc-1042"",""Owner"":""team-data""}"
AWS,AWS,AWS,AWS,AWS,INV-2026-05-0001,100000000001,ExampleCorp Master Payer,Payer Account,200000000012,staging-platform,Linked Account,2026-05-01T00:00:00Z,2026-06-01T00:00:00Z,2026-05-09T00:00:00Z,2026-05-10T00:00:00Z,Usage,,NAT gateway data processed,Usage-Based,17.1424755,17.1424755,19.047195,17.1424755,0.0450000000,0.0405000000,Standard,423.2710,GB,USD,0.0405000000,17.1424755,0.0450000000,USD,423.2710,GB,AmazonVPC,Networking,Network Connectivity,SKU-0a48b40b1fa86593309c0c4c,Data Transfer,SPRICE-b948c57b4c22bb2955afff1a,"{""x_TransferType"":""InterAZ""}",arn:aws:ec2:ap-southeast-1:200000000012:natgateway/nat-7866e27e3206,nat-7866e27e3206,NAT Gateway,ap-southeast-1,Asia Pacific (Singapore),,,,,,,,,"{""Elements"":[{""ContractId"":""CONTRACT-EA-2026-0001"",""ContractCommitmentId"":""CC-EA-SPEND-0001"",""ContractCommitmentAppliedCost"":17.14247550000000}]}",,,,,,,,"{""Environment"":""staging"",""CostCenter"":""cc-2087"",""Owner"":""team-payments""}"
AWS,AWS,AWS,AWS,AWS,INV-2026-05-0002,100000000002,ExampleCorp Secondary Payer,Payer Account,200000000013,data-analytics,Linked Account,2026-05-01T00:00:00Z,2026-06-01T00:00:00Z,2026-05-01T00:00:00Z,2026-06-01T00:00:00Z,Usage,,S3 Standard storage,Usage-Based,93.31833447,93.31833447,103.6870383,93.31833447,0.0230000000,0.0207000000,Standard,4508.1321,GB-Months,USD,0.0207000000,93.31833447,0.0230000000,USD,4508.1321,GB-Months,AmazonS3,Storage,Object Storage,SKU-36fb3a972f2cdabe2e87e8f5,Storage,SPRICE-2e0d1e6fc7695c1a2fe50a1a,"{""StorageClass"":""Standard"",""Redundancy"":""Zonal""}",arn:aws:s3:us-west-2:200000000013:bucket/bucket-13ed46602351,bucket-13ed46602351,S3 Bucket,us-west-2,US West (Oregon),,,,,,,,,"{""Elements"":[{""ContractId"":""CONTRACT-EA-2026-0001"",""ContractCommitmentId"":""CC-EA-STORAGE-0002"",""ContractCommitmentAppliedCost"":93.31833447000000}]}",,,,,,,,"{""Environment"":""staging"",""CostCenter"":""cc-3110"",""Owner"":""team-payments""}"
AWS,AWS,AWS,AWS,AWS,INV-2026-05-0001,100000000001,ExampleCorp Master Payer,Payer Account,200000000011,prod-platform,Linked Account,2026-05-01T00:00:00Z,2026-06-01T00:00:00Z,2026-05-11T00:00:00Z,2026-05-12T00:00:00Z,Purchase,,AmazonVPC subscription fee,Recurring,559.17,559.17,559.17,559.17,559.17,559.17,Standard,1,Units,USD,559.1700000000,559.17,559.1700000000,USD,,,AmazonVPC,Networking,Network Connectivity,SKU-ffbbf90bbd22cc9e4defe22c,Subscription,SPRICE-c75d774dc0cda2284dbcd79b,"{""x_ChargeType"": ""SubscriptionFee""}",arn:aws:ec2:us-east-1:200000000011:natgateway/nat-bcac49afba12,nat-bcac49afba12,NAT Gateway,us-east-1,US East (N. Virginia),,,,,,,,,,,,,,,,,"{""Environment"":""staging"",""CostCenter"":""cc-2087"",""Owner"":""team-payments""}"
AWS,AWS,AWS,AWS,AWS,INV-2026-05-0001,100000000001,ExampleCorp Master Payer,Payer Account,200000000014,sandbox-dev,Linked Account,2026-05-01T00:00:00Z,2026-06-01T00:00:00Z,2026-05-07T07:00:00Z,2026-05-07T08:00:00Z,Usage,,Lambda function duration,Usage-Based,60.41854699185231,60.41854699185231,60.41854699185231,60.41854699185231,0.0000166667,0.0000166667,Standard,3625105.5693,GB-Seconds,USD,0.0000166667,60.41854699185231,0.0000166667,USD,3625105.5693,GB-Seconds,AWSLambda,Compute,Serverless Compute,SKU-67dc4ce0843e58b6125cbdce,Compute,SPRICE-227d5491bbfb36c4f69bea63,"{""x_Runtime"":""python3.12"",""x_Architecture"":""arm64""}",arn:aws:lambda:us-east-1:200000000014:function/fn-50df558d3f9c,fn-50df558d3f9c,Lambda Function,us-east-1,US East (N. Virginia),,,,,,,,,,,,,,,,,"{""Environment"":""prod"",""CostCenter"":""cc-2087"",""Owner"":""team-data""}"
AWS,AWS,AWS,AWS,AWS,INV-2026-05-0002,100000000002,ExampleCorp Secondary Payer,Payer Account,200000000013,data-analytics,Linked Account,2026-05-01T00:00:00Z,2026-06-01T00:00:00Z,2026-05-04T00:00:00Z,2026-05-04T01:00:00Z,Tax,,Synthetic tax 10% on usage record 73: AmazonEC2,One-Time,0.00418176,0.00418176,0.00418176,0.00418176,,,,,,USD,,0.00418176,,USD,,,AmazonEC2,Compute,Virtual Machines,,,,,,,,,,,,,,,,,,,,,,,,,,"{""Environment"":""prod"",""CostCenter"":""cc-1042"",""Owner"":""team-payments""}"
AWS,AWS,AWS,AWS,AWS,INV-2026-05-0001,100000000001,ExampleCorp Master Payer,Payer Account,200000000014,sandbox-dev,Linked Account,2026-05-01T00:00:00Z,2026-06-01T00:00:00Z,2026-05-07T09:00:00Z,2026-05-07T10:00:00Z,Usage,,Shared EC2 host cost allocated to workload,Usage-Based,0.0943584,0.0943584,0.0943584,0.0943584,0.0960000000,0.0960000000,Standard,0.9829,Hours,USD,0.0960000000,0.0943584,0.0960000000,USD,0.9829,Hours,AmazonEC2,Compute,Virtual Machines,SKU-093c0d7a3a0491f8523e34c8,Compute,SPRICE-bab283475cbbabd222878e74,"{""InstanceType"":""m6i.large"",""InstanceSeries"":""M6i"",""CoreCount"":2,""MemorySize"":8,""OperatingSystem"":""Linux"",""x_Tenancy"":""Shared""}",arn:aws:ec2:ap-southeast-1:200000000014:instance/shared-host-96180a10,shared-host-96180a10,EC2 Instance,ap-southeast-1,Asia Pacific (Singapore),ap-southeast-1b,,,,,,,,,,,split-weighted,"{""Elements"":[{""AllocatedRatio"":1,""UsageUnit"":""Hours"",""UsageQuantity"":0.9829,""x_Strategy"":""Weighted"",""x_Basis"":""MemoryBytes""}]}",arn:aws:eks:ap-southeast-1:200000000014:workload/analytics-f07d89,workload-analytics,"{""workload"":""analytics"",""CostCenter"":""cc-2087""}","{""Environment"":""staging"",""CostCenter"":""cc-1042"",""Owner"":""team-payments""}"
AWS,AWS,AWS,AWS,AWS,INV-2026-05-0002,100000000002,ExampleCorp Secondary Payer,Payer Account,200000000011,prod-platform,Linked Account,2026-05-01T00:00:00Z,2026-06-01T00:00:00Z,2026-05-07T10:00:00Z,2026-05-07T11:00:00Z,Usage,,Linux on-demand m6i.large,Usage-Based,0.0864,0.0864,0.096,0.0864,0.0960000000,0.0864000000,Standard,1.0000,Hours,EUR,0.0794880000,0.079488,0.0883200000,USD,1.0000,Hours,AmazonEC2,Compute,Virtual Machines,SKU-e0e295f006e6a0732dd5f77b,Compute,SPRICE-ede9d37fdc699653b58d5a0d,"{""InstanceType"":""m6i.large"",""InstanceSeries"":""M6i"",""CoreCount"":2,""MemorySize"":8,""OperatingSystem"":""Linux"",""x_Tenancy"":""Shared""}",arn:aws:ec2:us-west-2:200000000011:instance/i-e59e169bcaa6,i-e59e169bcaa6,EC2 Instance,us-west-2,US West (Oregon),us-west-2b,,,,,,,,"{""Elements"":[{""ContractId"":""CONTRACT-EA-2026-0001"",""ContractCommitmentId"":""CC-EA-COMPUTE-0003"",""ContractCommitmentAppliedCost"":0.08640000000000,""ContractCommitmentAppliedQuantity"":1.0000,""ContractCommitmentAppliedUnit"":""Hours""}]}",,,,,,,,"{""Environment"":""prod"",""CostCenter"":""cc-2087"",""Owner"":""team-payments""}"
AWS,AWS,AWS,AWS,AWS,INV-2026-05-0002,100000000002,ExampleCorp Secondary Payer,Payer Account,200000000013,data-analytics,Linked Account,2026-05-01T00:00:00Z,2026-06-01T00:00:00Z,2026-05-05T01:00:00Z,2026-05-05T02:00:00Z,Tax,,Synthetic tax 10% on usage record 98: AmazonEC2,One-Time,0.0096,0.0096,0.0096,0.0096,,,,,,USD,,0.0096,,USD,,,AmazonEC2,Compute,Virtual Machines,,,,,,,,,,,,,,,,,,,,,,,,,,"{""Environment"":""prod"",""CostCenter"":""cc-2087"",""Owner"":""team-platform""}"
AWS,AWS,AWS,AWS,AWS,INV-2026-05-0002,100000000002,ExampleCorp Secondary Payer,Payer Account,200000000012,staging-platform,Linked Account,2026-05-01T00:00:00Z,2026-06-01T00:00:00Z,2026-05-07T12:00:00Z,2026-05-07T13:00:00Z,Usage,,Linux on-demand m6i.large,Usage-Based,0.096,0.096,0.096,0.096,0.0960000000,0.0960000000,Standard,1.0000,Hours,USD,0.0960000000,0.096,0.0960000000,USD,1.0000,Hours,AmazonEC2,Compute,Virtual Machines,SKU-093c0d7a3a0491f8523e34c8,Compute,SPRICE-bab283475cbbabd222878e74,"{""InstanceType"":""m6i.large"",""InstanceSeries"":""M6i"",""CoreCount"":2,""MemorySize"":8,""OperatingSystem"":""Linux"",""x_Tenancy"":""Shared""}",arn:aws:ec2:ap-southeast-1:200000000012:instance/i-245a3d9b8f3b,i-245a3d9b8f3b,EC2 Instance,ap-southeast-1,Asia Pacific (Singapore),ap-southeast-1a,,,,,,,,,,,,,,,,"{""Environment"":""prod"",""CostCenter"":""cc-1042"",""Owner"":""team-platform""}"
AWS,AWS,AWS,AWS,AWS,INV-2026-05-0002,100000000002,ExampleCorp Secondary Payer,Payer Account,200000000011,prod-platform,Linked Account,2026-05-01T00:00:00Z,2026-06-01T00:00:00Z,2026-05-07T13:00:00Z,2026-05-07T14:00:00Z,Usage,,RDS PostgreSQL db.r6g.large,Usage-Based,0.24,0.24,0.24,0.24,0.2400000000,0.2400000000,Standard,1.0000,Hours,USD,0.2400000000,0.24,0.2400000000,USD,1.0000,Hours,AmazonRDS,Databases,Relational Databases,SKU-7a3ac49181ed25cc4a81dc35,Database,SPRICE-7a34752a4c02e0761e1464be,"{""InstanceType"":""db.r6g.large"",""InstanceSeries"":""R6g"",""CoreCount"":2,""MemorySize"":16,""x_Engine"":""PostgreSQL""}",arn:aws:rds:eu-west-1:200000000011:db/db-7a2f2aed399c,db-7a2f2aed399c,RDS Instance,eu-west-1,EU (Ireland),,,,,,,,,,,,,,,,,"{""Environment"":""staging"",""CostCenter"":""cc-3110"",""Owner"":""team-platform""}"
AWS,AWS,AWS,AWS,AWS,INV-2026-05-0001,100000000001,ExampleCorp Master Payer,Payer Account,200000000012,staging-platform,Linked Account,2026-05-01T00:00:00Z,2026-06-01T00:00:00Z,2026-05-19T00:00:00Z,2026-05-20T00:00:00Z,Usage,,NAT gateway data processed,Usage-Based,5.679954,5.679954,5.679954,5.679954,0.0450000000,0.0450000000,Standard,126.2212,GB,USD,0.0450000000,5.679954,0.0450000000,USD,126.2212,GB,AmazonVPC,Networking,Network Connectivity,SKU-0a48b40b1fa86593309c0c4c,Data Transfer,SPRICE-b948c57b4c22bb2955afff1a,"{""x_TransferType"":""InterAZ""}",arn:aws:ec2:ap-southeast-1:200000000012:natgateway/nat-d16ae0011ec3,nat-d16ae0011ec3,NAT Gateway,ap-southeast-1,Asia Pacific (Singapore),,,,,,,,,,,,,,,,,"{""Environment"":""dev"",""CostCenter"":""cc-2087"",""Owner"":""team-platform""}"
AWS,AWS,AWS,AWS,AWS,INV-2026-05-0002,100000000002,ExampleCorp Secondary Payer,Payer Account,200000000013,data-analytics,Linked Account,2026-05-01T00:00:00Z,2026-06-01T00:00:00Z,2026-05-01T00:00:00Z,2026-06-01T00:00:00Z,Usage,,S3 Standard storage,Usage-Based,41.93722503,41.93722503,46.5969167,41.93722503,0.0230000000,0.0207000000,Standard,2025.9529,GB-Months,USD,0.0207000000,41.93722503,0.0230000000,USD,2025.9529,GB-Months,AmazonS3,Storage,Object Storage,SKU-6042c508b21761919a0ed516,Storage,SPRICE-d35afe08308f10d3695aa71d,"{""StorageClass"":""Standard"",""Redundancy"":""Zonal""}",arn:aws:s3:eu-west-1:200000000013:bucket/bucket-578ea09453fe,bucket-578ea09453fe,S3 Bucket,eu-west-1,EU (Ireland),,,,,,,,,"{""Elements"":[{""ContractId"":""CONTRACT-EA-2026-0001"",""ContractCommitmentId"":""CC-EA-STORAGE-0002"",""ContractCommitmentAppliedCost"":41.93722503000000}]}",,,,,,,,"{""Environment"":""dev"",""CostCenter"":""cc-2087"",""Owner"":""team-data""}"
AWS,AWS,AWS,AWS,AWS,INV-2026-05-0002,100000000002,ExampleCorp Secondary Payer,Payer Account,200000000014,sandbox-dev,Linked Account,2026-05-01T00:00:00Z,2026-06-01T00:00:00Z,2026-05-07T16:00:00Z,2026-05-07T17:00:00Z,Usage,,RDS PostgreSQL db.r6g.large,Usage-Based,0.216,0.216,0.24,0.216,0.2400000000,0.2160000000,Standard,1.0000,Hours,USD,0.2160000000,0.216,0.2400000000,USD,1.0000,Hours,AmazonRDS,Databases,Relational Databases,SKU-59cf7266a13e6ea4d00d0143,Database,SPRICE-bde64d57365802abbf64195d,"{""InstanceType"":""db.r6g.large"",""InstanceSeries"":""R6g"",""CoreCount"":2,""MemorySize"":16,""x_Engine"":""PostgreSQL""}",arn:aws:rds:ap-southeast-1:200000000014:db/db-209a5c9b3525,db-209a5c9b3525,RDS Instance,ap-southeast-1,Asia Pacific (Singapore),,,,,,,,,"{""Elements"":[{""ContractId"":""CONTRACT-EA-2026-0001"",""ContractCommitmentId"":""CC-EA-SPEND-0001"",""ContractCommitmentAppliedCost"":0.21600000000000}]}",,,,,,,,"{""Environment"":""staging"",""CostCenter"":""cc-3110"",""Owner"":""team-payments""}"
AWS,AWS,AWS,AWS,AWS,INV-2026-05-0002,100000000002,ExampleCorp Secondary Payer,Payer Account,200000000011,prod-platform,Linked Account,2026-05-01T00:00:00Z,2026-06-01T00:00:00Z,2026-05-22T00:00:00Z,2026-05-23T00:00:00Z,Purchase,,AWSLambda subscription fee,Recurring,60.85,60.85,60.85,60.85,60.85,60.85,Standard,1,Units,USD,60.8500000000,60.85,60.8500000000,USD,,,AWSLambda,Compute,Serverless Compute,SKU-2360875cc50b8c5d1fd5e962,Subscription,SPRICE-81336f2f12c495791f48dea1,"{""x_ChargeType"": ""SubscriptionFee""}",arn:aws:lambda:us-east-1:200000000011:function/fn-a2aaa5938fd1,fn-a2aaa5938fd1,Lambda Function,us-east-1,US East (N. Virginia),,,,,,,,,,,,,,,,,"{""Environment"":""prod"",""CostCenter"":""cc-1042"",""Owner"":""team-payments""}"
AWS,AWS,AWS,AWS,AWS,INV-2026-05-0001,100000000001,ExampleCorp Master Payer,Payer Account,200000000011,prod-platform,Linked Account,2026-05-01T00:00:00Z,2026-06-01T00:00:00Z,2026-05-23T00:00:00Z,2026-05-24T00:00:00Z,Usage,,DynamoDB on-demand write requests,Usage-Based,5.767188649,5.767188649,5.767188649,5.767188649,0.0000012500,0.0000012500,Standard,4613750.9192,Requests,USD,0.0000012500,5.767188649,0.0000012500,USD,4613750.9192,Requests,AmazonDynamoDB,Databases,NoSQL Databases,SKU-fc4e454b36112dd390bf69e4,Database,SPRICE-6e7ea642b1065af97aedd9bf,"{""x_CapacityMode"":""On-Demand""}",arn:aws:dynamodb:eu-west-1:200000000011:table/table-2bcf62f708c9,table-2bcf62f708c9,DynamoDB Table,eu-west-1,EU (Ireland),,,,,,,,,,,,,,,,,"{""Environment"":""staging"",""CostCenter"":""cc-2087"",""Owner"":""team-payments""}"
AWS,AWS,AWS,AWS,AWS,INV-2026-05-0002,100000000002,ExampleCorp Secondary Payer,Payer Account,200000000011,prod-platform,Linked Account,2026-05-01T00:00:00Z,2026-06-01T00:00:00Z,2026-05-07T19:00:00Z,2026-05-07T20:00:00Z,Usage,,Linux on-demand m6i.large,Usage-Based,0.096,0.096,0.096,0.096,0.0960000000,0.0960000000,Standard,1.0000,Hours,EUR,0.0883200000,0.08832,0.0883200000,USD,1.0000,Hours,AmazonEC2,Compute,Virtual Machines,SKU-736a4dd80178572d8370293d,Compute,SPRICE-e94f739af83d396949c0ddd5,"{""InstanceType"":""m6i.large"",""InstanceSeries"":""M6i"",""CoreCount"":2,""MemorySize"":8,""OperatingSystem"":""Linux"",""x_Tenancy"":""Shared""}",arn:aws:ec2:us-east-1:200000000011:instance/i-9183c29cbc77,i-9183c29cbc77,EC2 Instance,us-east-1,US East (N. Virginia),us-east-1b,,,,,,,,,,,,,,,,"{""Environment"":""staging"",""CostCenter"":""cc-1042"",""Owner"":""team-platform""}"
AWS,AWS,AWS,AWS,AWS,INV-2026-05-0001,100000000001,ExampleCorp Master Payer,Payer Account,200000000013,data-analytics,Linked Account,2026-05-01T00:00:00Z,2026-06-01T00:00:00Z,2026-05-07T20:00:00Z,2026-05-07T21:00:00Z,Usage,,Lambda function duration,Usage-Based,70.72237322279689,70.72237322279689,70.72237322279689,70.72237322279689,0.0000166667,0.0000166667,Standard,4243333.9067,GB-Seconds,USD,0.0000166667,70.72237322279689,0.0000166667,USD,4243333.9067,GB-Seconds,AWSLambda,Compute,Serverless Compute,SKU-790dfdd7277c16aec9cf7656,Compute,SPRICE-55fe45e894424abc4a1bb3fe,"{""x_Runtime"":""python3.12"",""x_Architecture"":""arm64""}",arn:aws:lambda:us-west-2:200000000013:function/fn-c649bf7f6465,fn-c649bf7f6465,Lambda Function,us-west-2,US West (Oregon),,,,,,,,,,,,,,,,,"{""Environment"":""dev"",""CostCenter"":""cc-3110"",""Owner"":""team-platform""}"
AWS,AWS,AWS,AWS,AWS,INV-2026-05-0001,100000000001,ExampleCorp Master Payer,Payer Account,200000000014,sandbox-dev,Linked Account,2026-05-01T00:00:00Z,2026-06-01T00:00:00Z,2026-05-26T00:00:00Z,2026-05-27T00:00:00Z,Purchase,,AmazonEC2 subscription fee,Recurring,381.24,381.24,381.24,381.24,381.24,381.24,Standard,1,Units,USD,381.2400000000,381.24,381.2400000000,USD,,,AmazonEC2,Compute,Virtual Machines,SKU-0232c69e314718c266fb6913,Subscription,SPRICE-69eb8753a97dda18c1bcb3a5,"{""x_ChargeType"": ""SubscriptionFee""}",arn:aws:ec2:us-east-1:200000000014:instance/i-c4876018f1f6,i-c4876018f1f6,EC2 Instance,us-east-1,US East (N. Virginia),,,,,,,,,,,,,,,,,"{""Environment"":""dev"",""CostCenter"":""cc-3110"",""Owner"":""team-payments""}"
AWS,AWS,AWS,AWS,AWS,INV-2026-05-0002,100000000002,ExampleCorp Secondary Payer,Payer Account,200000000012,staging-platform,Linked Account,2026-05-01T00:00:00Z,2026-06-01T00:00:00Z,2026-05-07T22:00:00Z,2026-05-07T23:00:00Z,Purchase,,"Savings Plan commitment, amortised for the charge period",Recurring,32.016,0,32.016,32.016,1,1,Standard,32.016,USD,USD,1.0000000000,0,1.0000000000,USD,,,AmazonEC2,Compute,Virtual Machines,SKU-5eb1e2ab28142b5f4f0ae8ff,Commitment,SPRICE-a77a79a05a2a7b1bbba559dc,"{""x_PurchaseTerm"":""1yr"",""x_PaymentOption"":""NoUpfront""}",arn:aws:savingsplans:us-west-2::savingsplan/5bfb6525ebaa5a25,savingsplan-c37304868251,Savings Plan,us-west-2,US West (Oregon),,arn:aws:savingsplans:us-west-2::savingsplan/5bfb6525ebaa5a25,ComputeSavingsPlan-1yr-NoUpfront,Spend,Savings Plan,,32.016,USD,,,,,,,,,"{""Environment"":""staging"",""CostCenter"":""cc-2087"",""Owner"":""team-platform""}"
AWS,AWS,AWS,AWS,AWS,INV-2026-05-0002,100000000002,ExampleCorp Secondary Payer,Payer Account,200000000012,staging-platform,Linked Account,2026-05-01T00:00:00Z,2026-06-01T00:00:00Z,2026-05-07T22:00:00Z,2026-05-07T23:00:00Z,Usage,,AmazonEC2 committed usage of 500 machine-equivalents,Usage-Based,0,32.016,48,43.2,0.0960000000,0.0864000000,Committed,500,Hours,USD,0.0864000000,32.016,0.0960000000,USD,500,Hours,AmazonEC2,Compute,Virtual Machines,SKU-e0e295f006e6a0732dd5f77b,Compute,SPRICE-98f5ebeb1125d6e984c27bb1,"{""InstanceType"":""m6i.large"",""InstanceSeries"":""M6i"",""CoreCount"":2,""MemorySize"":8,""OperatingSystem"":""Linux"",""x_Tenancy"":""Shared""}",urn:focus-sample:aws:us-west-2:200000000012:compute-fleet:fleet0dacf55c55b8dc26aa00e6bf,fleet0dacf55c55b8dc26aa00e6bf,Compute Fleet,us-west-2,US West (Oregon),us-west-2b,arn:aws:savingsplans:us-west-2::savingsplan/5bfb6525ebaa5a25,ComputeSavingsPlan-1yr-NoUpfront,Spend,Savings Plan,Used,32.016,USD,"{""Elements"":[{""ContractId"":""CONTRACT-CD-0001"",""ContractCommitmentId"":""arn:aws:savingsplans:us-west-2::savingsplan/5bfb6525ebaa5a25"",""ContractCommitmentAppliedCost"":32.0160000000}]}",,,,,,,,"{""Environment"":""staging"",""CostCenter"":""cc-3110"",""Owner"":""team-payments"",""SyntheticFleetSize"":""500""}"
AWS,AWS,AWS,AWS,AWS,INV-2026-05-0002,100000000002,ExampleCorp Secondary Payer,Payer Account,200000000012,staging-platform,Linked Account,2026-05-01T00:00:00Z,2026-06-01T00:00:00Z,2026-05-07T23:00:00Z,2026-05-08T00:00:00Z,Purchase,,"Savings Plan commitment, amortised for the charge period",Recurring,32.016,0,32.016,32.016,1,1,Standard,32.016,USD,USD,1.0000000000,0,1.0000000000,USD,,,AmazonEC2,Compute,Virtual Machines,SKU-5eb1e2ab28142b5f4f0ae8ff,Commitment,SPRICE-a77a79a05a2a7b1bbba559dc,"{""x_PurchaseTerm"":""1yr"",""x_PaymentOption"":""NoUpfront""}",arn:aws:savingsplans:us-west-2::savingsplan/5bfb6525ebaa5a25,savingsplan-c37304868251,Savings Plan,us-west-2,US West (Oregon),,arn:aws:savingsplans:us-west-2::savingsplan/5bfb6525ebaa5a25,ComputeSavingsPlan-1yr-NoUpfront,Spend,Savings Plan,,32.016,USD,,,,,,,,,"{""Environment"":""staging"",""CostCenter"":""cc-1042"",""Owner"":""team-platform""}"
AWS,AWS,AWS,AWS,AWS,INV-2026-05-0002,100000000002,ExampleCorp Secondary Payer,Payer Account,200000000012,staging-platform,Linked Account,2026-05-01T00:00:00Z,2026-06-01T00:00:00Z,2026-05-07T23:00:00Z,2026-05-08T00:00:00Z,Usage,,AmazonEC2 committed usage of 500 machine-equivalents,Usage-Based,0,32.016,48,43.2,0.0960000000,0.0864000000,Committed,500,Hours,USD,0.0864000000,32.016,0.0960000000,USD,500,Hours,AmazonEC2,Compute,Virtual Machines,SKU-e0e295f006e6a0732dd5f77b,Compute,SPRICE-98f5ebeb1125d6e984c27bb1,"{""InstanceType"":""m6i.large"",""InstanceSeries"":""M6i"",""CoreCount"":2,""MemorySize"":8,""OperatingSystem"":""Linux"",""x_Tenancy"":""Shared""}",urn:focus-sample:aws:us-west-2:200000000012:compute-fleet:fleet0dacf55c55b8dc26aa00e6bf,fleet0dacf55c55b8dc26aa00e6bf,Compute Fleet,us-west-2,US West (Oregon),us-west-2b,arn:aws:savingsplans:us-west-2::savingsplan/5bfb6525ebaa5a25,ComputeSavingsPlan-1yr-NoUpfront,Spend,Savings Plan,Used,32.016,USD,"{""Elements"":[{""ContractId"":""CONTRACT-CD-0001"",""ContractCommitmentId"":""arn:aws:savingsplans:us-west-2::savingsplan/5bfb6525ebaa5a25"",""ContractCommitmentAppliedCost"":32.0160000000}]}",,,,,,,,"{""Environment"":""prod"",""CostCenter"":""cc-2087"",""Owner"":""team-data"",""SyntheticFleetSize"":""500""}"
AWS,AWS,AWS,AWS,AWS,INV-2026-05-0002,100000000002,ExampleCorp Secondary Payer,Payer Account,200000000012,staging-platform,Linked Account,2026-05-01T00:00:00Z,2026-06-01T00:00:00Z,2026-05-08T00:00:00Z,2026-05-08T01:00:00Z,Purchase,,"Savings Plan commitment, amortised for the charge period",Recurring,32.016,0,32.016,32.016,1,1,Standard,32.016,USD,USD,1.0000000000,0,1.0000000000,USD,,,AmazonEC2,Compute,Virtual Machines,SKU-5eb1e2ab28142b5f4f0ae8ff,Commitment,SPRICE-a77a79a05a2a7b1bbba559dc,"{""x_PurchaseTerm"":""1yr"",""x_PaymentOption"":""NoUpfront""}",arn:aws:savingsplans:us-west-2::savingsplan/5bfb6525ebaa5a25,savingsplan-c37304868251,Savings Plan,us-west-2,US West (Oregon),,arn:aws:savingsplans:us-west-2::savingsplan/5bfb6525ebaa5a25,ComputeSavingsPlan-1yr-NoUpfront,Spend,Savings Plan,,32.016,USD,,,,,,,,,"{""Environment"":""prod"",""CostCenter"":""cc-1042"",""Owner"":""team-platform""}"
AWS,AWS,AWS,AWS,AWS,INV-2026-05-0002,100000000002,ExampleCorp Secondary Payer,Payer Account,200000000012,staging-platform,Linked Account,2026-05-01T00:00:00Z,2026-06-01T00:00:00Z,2026-05-08T00:00:00Z,2026-05-08T01:00:00Z,Usage,,AmazonEC2 committed usage of 500 machine-equivalents,Usage-Based,0,32.016,48,43.2,0.0960000000,0.0864000000,Committed,500,Hours,USD,0.0864000000,32.016,0.0960000000,USD,500,Hours,AmazonEC2,Compute,Virtual Machines,SKU-e0e295f006e6a0732dd5f77b,Compute,SPRICE-98f5ebeb1125d6e984c27bb1,"{""InstanceType"":""m6i.large"",""InstanceSeries"":""M6i"",""CoreCount"":2,""MemorySize"":8,""OperatingSystem"":""Linux"",""x_Tenancy"":""Shared""}",urn:focus-sample:aws:us-west-2:200000000012:compute-fleet:fleet0dacf55c55b8dc26aa00e6bf,fleet0dacf55c55b8dc26aa00e6bf,Compute Fleet,us-west-2,US West (Oregon),us-west-2b,arn:aws:savingsplans:us-west-2::savingsplan/5bfb6525ebaa5a25,ComputeSavingsPlan-1yr-NoUpfront,Spend,Savings Plan,Used,32.016,USD,"{""Elements"":[{""ContractId"":""CONTRACT-CD-0001"",""ContractCommitmentId"":""arn:aws:savingsplans:us-west-2::savingsplan/5bfb6525ebaa5a25"",""ContractCommitmentAppliedCost"":32.0160000000}]}",,,,,,,,"{""Environment"":""staging"",""CostCenter"":""cc-3110"",""Owner"":""team-platform"",""SyntheticFleetSize"":""500""}"
AWS,AWS,AWS,AWS,AWS,INV-2026-05-0002,100000000002,ExampleCorp Secondary Payer,Payer Account,200000000012,staging-platform,Linked Account,2026-05-01T00:00:00Z,2026-06-01T00:00:00Z,2026-05-08T01:00:00Z,2026-05-08T02:00:00Z,Purchase,,"Savings Plan commitment, amortised for the charge period",Recurring,32.016,0,32.016,32.016,1,1,Standard,32.016,USD,USD,1.0000000000,0,1.0000000000,USD,,,AmazonEC2,Compute,Virtual Machines,SKU-5eb1e2ab28142b5f4f0ae8ff,Commitment,SPRICE-a77a79a05a2a7b1bbba559dc,"{""x_PurchaseTerm"":""1yr"",""x_PaymentOption"":""NoUpfront""}",arn:aws:savingsplans:us-west-2::savingsplan/5bfb6525ebaa5a25,savingsplan-c37304868251,Savings Plan,us-west-2,US West (Oregon),,arn:aws:savingsplans:us-west-2::savingsplan/5bfb6525ebaa5a25,ComputeSavingsPlan-1yr-NoUpfront,Spend,Savings Plan,,32.016,USD,,,,,,,,,"{""Environment"":""prod"",""CostCenter"":""cc-2087"",""Owner"":""team-payments""}"
AWS,AWS,AWS,AWS,AWS,INV-2026-05-0002,100000000002,ExampleCorp Secondary Payer,Payer Account,200000000012,staging-platform,Linked Account,2026-05-01T00:00:00Z,2026-06-01T00:00:00Z,2026-05-08T01:00:00Z,2026-05-08T02:00:00Z,Usage,,AmazonEC2 committed usage of 500 machine-equivalents,Usage-Based,0,32.016,48,43.2,0.0960000000,0.0864000000,Committed,500,Hours,USD,0.0864000000,32.016,0.0960000000,USD,500,Hours,AmazonEC2,Compute,Virtual Machines,SKU-e0e295f006e6a0732dd5f77b,Compute,SPRICE-98f5ebeb1125d6e984c27bb1,"{""InstanceType"":""m6i.large"",""InstanceSeries"":""M6i"",""CoreCount"":2,""MemorySize"":8,""OperatingSystem"":""Linux"",""x_Tenancy"":""Shared""}",urn:focus-sample:aws:us-west-2:200000000012:compute-fleet:fleet0dacf55c55b8dc26aa00e6bf,fleet0dacf55c55b8dc26aa00e6bf,Compute Fleet,us-west-2,US West (Oregon),us-west-2b,arn:aws:savingsplans:us-west-2::savingsplan/5bfb6525ebaa5a25,ComputeSavingsPlan-1yr-NoUpfront,Spend,Savings Plan,Used,32.016,USD,"{""Elements"":[{""ContractId"":""CONTRACT-CD-0001"",""ContractCommitmentId"":""arn:aws:savingsplans:us-west-2::savingsplan/5bfb6525ebaa5a25"",""ContractCommitmentAppliedCost"":32.0160000000}]}",,,,,,,,"{""Environment"":""dev"",""CostCenter"":""cc-1042"",""Owner"":""team-data"",""SyntheticFleetSize"":""500""}"
AWS,AWS,AWS,AWS,AWS,INV-2026-05-0002,100000000002,ExampleCorp Secondary Payer,Payer Account,200000000012,staging-platform,Linked Account,2026-05-01T00:00:00Z,2026-06-01T00:00:00Z,2026-05-08T02:00:00Z,2026-05-08T03:00:00Z,Purchase,,"Savings Plan commitment, amortised for the charge period",Recurring,32.016,0,32.016,32.016,1,1,Standard,32.016,USD,USD,1.0000000000,0,1.0000000000,USD,,,AmazonEC2,Compute,Virtual Machines,SKU-5eb1e2ab28142b5f4f0ae8ff,Commitment,SPRICE-a77a79a05a2a7b1bbba559dc,"{""x_PurchaseTerm"":""1yr"",""x_PaymentOption"":""NoUpfront""}",arn:aws:savingsplans:us-west-2::savingsplan/5bfb6525ebaa5a25,savingsplan-c37304868251,Savings Plan,us-west-2,US West (Oregon),,arn:aws:savingsplans:us-west-2::savingsplan/5bfb6525ebaa5a25,ComputeSavingsPlan-1yr-NoUpfront,Spend,Savings Plan,,32.016,USD,,,,,,,,,"{""Environment"":""prod"",""CostCenter"":""cc-2087"",""Owner"":""team-data""}"
AWS,AWS,AWS,AWS,AWS,INV-2026-05-0002,100000000002,ExampleCorp Secondary Payer,Payer Account,200000000012,staging-platform,Linked Account,2026-05-01T00:00:00Z,2026-06-01T00:00:00Z,2026-05-08T02:00:00Z,2026-05-08T03:00:00Z,Usage,,AmazonEC2 committed usage of 500 machine-equivalents,Usage-Based,0,32.016,48,43.2,0.0960000000,0.0864000000,Committed,500,Hours,USD,0.0864000000,32.016,0.0960000000,USD,500,Hours,AmazonEC2,Compute,Virtual Machines,SKU-e0e295f006e6a0732dd5f77b,Compute,SPRICE-98f5ebeb1125d6e984c27bb1,"{""InstanceType"":""m6i.large"",""InstanceSeries"":""M6i"",""CoreCount"":2,""MemorySize"":8,""OperatingSystem"":""Linux"",""x_Tenancy"":""Shared""}",urn:focus-sample:aws:us-west-2:200000000012:compute-fleet:fleet0dacf55c55b8dc26aa00e6bf,fleet0dacf55c55b8dc26aa00e6bf,Compute Fleet,us-west-2,US West (Oregon),us-west-2b,arn:aws:savingsplans:us-west-2::savingsplan/5bfb6525ebaa5a25,ComputeSavingsPlan-1yr-NoUpfront,Spend,Savings Plan,Used,32.016,USD,"{""Elements"":[{""ContractId"":""CONTRACT-CD-0001"",""ContractCommitmentId"":""arn:aws:savingsplans:us-west-2::savingsplan/5bfb6525ebaa5a25"",""ContractCommitmentAppliedCost"":32.0160000000}]}",,,,,,,,"{""Environment"":""dev"",""CostCenter"":""cc-1042"",""Owner"":""team-payments"",""SyntheticFleetSize"":""500""}"
AWS,AWS,AWS,AWS,AWS,INV-2026-05-0002,100000000002,ExampleCorp Secondary Payer,Payer Account,200000000012,staging-platform,Linked Account,2026-05-01T00:00:00Z,2026-06-01T00:00:00Z,2026-05-08T03:00:00Z,2026-05-08T04:00:00Z,Purchase,,"Savings Plan commitment, amortised for the charge period",Recurring,32.016,0,32.016,32.016,1,1,Standard,32.016,USD,USD,1.0000000000,0,1.0000000000,USD,,,AmazonEC2,Compute,Virtual Machines,SKU-5eb1e2ab28142b5f4f0ae8ff,Commitment,SPRICE-a77a79a05a2a7b1bbba559dc,"{""x_PurchaseTerm"":""1yr"",""x_PaymentOption"":""NoUpfront""}",arn:aws:savingsplans:us-west-2::savingsplan/5bfb6525ebaa5a25,savingsplan-c37304868251,Savings Plan,us-west-2,US West (Oregon),,arn:aws:savingsplans:us-west-2::savingsplan/5bfb6525ebaa5a25,ComputeSavingsPlan-1yr-NoUpfront,Spend,Savings Plan,,32.016,USD,,,,,,,,,"{""Environment"":""prod"",""CostCenter"":""cc-3110"",""Owner"":""team-platform""}"
AWS,AWS,AWS,AWS,AWS,INV-2026-05-0002,100000000002,ExampleCorp Secondary Payer,Payer Account,200000000012,staging-platform,Linked Account,2026-05-01T00:00:00Z,2026-06-01T00:00:00Z,2026-05-08T03:00:00Z,2026-05-08T04:00:00Z,Usage,,AmazonEC2 committed usage of 500 machine-equivalents,Usage-Based,0,32.016,48,43.2,0.0960000000,0.0864000000,Committed,500,Hours,USD,0.0864000000,32.016,0.0960000000,USD,500,Hours,AmazonEC2,Compute,Virtual Machines,SKU-e0e295f006e6a0732dd5f77b,Compute,SPRICE-98f5ebeb1125d6e984c27bb1,"{""InstanceType"":""m6i.large"",""InstanceSeries"":""M6i"",""CoreCount"":2,""MemorySize"":8,""OperatingSystem"":""Linux"",""x_Tenancy"":""Shared""}",urn:focus-sample:aws:us-west-2:200000000012:compute-fleet:fleet0dacf55c55b8dc26aa00e6bf,fleet0dacf55c55b8dc26aa00e6bf,Compute Fleet,us-west-2,US West (Oregon),us-west-2b,arn:aws:savingsplans:us-west-2::savingsplan/5bfb6525ebaa5a25,ComputeSavingsPlan-1yr-NoUpfront,Spend,Savings Plan,Used,32.016,USD,"{""Elements"":[{""ContractId"":""CONTRACT-CD-0001"",""ContractCommitmentId"":""arn:aws:savingsplans:us-west-2::savingsplan/5bfb6525ebaa5a25"",""ContractCommitmentAppliedCost"":32.0160000000}]}",,,,,,,,"{""Environment"":""staging"",""CostCenter"":""cc-1042"",""Owner"":""team-data"",""SyntheticFleetSize"":""500""}"
AWS,AWS,AWS,AWS,AWS,INV-2026-05-0002,100000000002,ExampleCorp Secondary Payer,Payer Account,200000000012,staging-platform,Linked Account,2026-05-01T00:00:00Z,2026-06-01T00:00:00Z,2026-05-08T04:00:00Z,2026-05-08T05:00:00Z,Purchase,,"Savings Plan commitment, amortised for the charge period",Recurring,32.016,0,32.016,32.016,1,1,Standard,32.016,USD,USD,1.0000000000,0,1.0000000000,USD,,,AmazonEC2,Compute,Virtual Machines,SKU-5eb1e2ab28142b5f4f0ae8ff,Commitment,SPRICE-a77a79a05a2a7b1bbba559dc,"{""x_PurchaseTerm"":""1yr"",""x_PaymentOption"":""NoUpfront""}",arn:aws:savingsplans:us-west-2::savingsplan/5bfb6525ebaa5a25,savingsplan-c37304868251,Savings Plan,us-west-2,US West (Oregon),,arn:aws:savingsplans:us-west-2::savingsplan/5bfb6525ebaa5a25,ComputeSavingsPlan-1yr-NoUpfront,Spend,Savings Plan,,32.016,USD,,,,,,,,,"{""Environment"":""dev"",""CostCenter"":""cc-1042"",""Owner"":""team-data""}"
AWS,AWS,AWS,AWS,AWS,INV-2026-05-0002,100000000002,ExampleCorp Secondary Payer,Payer Account,200000000012,staging-platform,Linked Account,2026-05-01T00:00:00Z,2026-06-01T00:00:00Z,2026-05-08T04:00:00Z,2026-05-08T05:00:00Z,Usage,,Savings Plan unused commitment,Usage-Based,0,32.016,32.016,32.016,1,1,Committed,32.016,USD,USD,1.0000000000,32.016,1.0000000000,USD,,,AmazonEC2,Compute,Virtual Machines,SKU-5eb1e2ab28142b5f4f0ae8ff,Commitment,SPRICE-a77a79a05a2a7b1bbba559dc,"{""x_PurchaseTerm"":""1yr"",""x_PaymentOption"":""NoUpfront""}",arn:aws:savingsplans:us-west-2::savingsplan/5bfb6525ebaa5a25,savingsplan-c37304868251,Savings Plan,us-west-2,US West (Oregon),,arn:aws:savingsplans:us-west-2::savingsplan/5bfb6525ebaa5a25,ComputeSavingsPlan-1yr-NoUpfront,Spend,Savings Plan,Unused,32.016,USD,"{""Elements"":[{""ContractId"":""CONTRACT-CD-0001"",""ContractCommitmentId"":""arn:aws:savingsplans:us-west-2::savingsplan/5bfb6525ebaa5a25"",""ContractCommitmentAppliedCost"":32.0160000000}]}",,,,,,,,"{""Environment"":""prod"",""CostCenter"":""cc-2087"",""Owner"":""team-data""}"
AWS,AWS,AWS,AWS,AWS,INV-2026-05-0002,100000000002,ExampleCorp Secondary Payer,Payer Account,200000000012,staging-platform,Linked Account,2026-05-01T00:00:00Z,2026-06-01T00:00:00Z,2026-05-13T00:00:00Z,2026-05-14T00:00:00Z,Usage,,Glue ETL job run,Usage-Based,3.293796,3.293796,3.293796,3.293796,0.4400000000,0.4400000000,Standard,7.4859,DPU-Hours,USD,0.4400000000,3.293796,0.4400000000,USD,7.4859,DPU-Hours,AWSGlue,Analytics,Data Processing,SKU-d1426392ab27c72810db5ee9,Data Processing,SPRICE-2caf36fd8fbe6a68e682b866,"{""x_WorkerType"":""G.1X""}",arn:aws:glue:ap-southeast-1:200000000012:job/job-51a02ff0a6a7,job-51a02ff0a6a7,Glue Job,ap-southeast-1,Asia Pacific (Singapore),,,,,,,,,,,,,,,,,"{""Environment"":""dev"",""CostCenter"":""cc-1042"",""Owner"":""team-data""}"
AWS,AWS,AWS,AWS,AWS,INV-2026-05-0002,100000000002,ExampleCorp Secondary Payer,Payer Account,200000000014,sandbox-dev,Linked Account,2026-05-01T00:00:00Z,2026-06-01T00:00:00Z,2026-05-08T13:00:00Z,2026-05-08T14:00:00Z,Usage,,Lambda function duration,Usage-Based,22.19734688293831,22.19734688293831,22.19734688293831,22.19734688293831,0.0000166667,0.0000166667,Standard,1331838.1493,GB-Seconds,USD,0.0000166667,22.19734688293831,0.0000166667,USD,1331838.1493,GB-Seconds,AWSLambda,Compute,Serverless Compute,SKU-10b7f1c880ad0bc78efd30e2,Compute,SPRICE-a9f6b13fa92ac1d53f2f387c,"{""x_Runtime"":""python3.12"",""x_Architecture"":""arm64""}",arn:aws:lambda:ap-southeast-1:200000000014:function/fn-81c5956a45dc,fn-81c5956a45dc,Lambda Function,ap-southeast-1,Asia Pacific (Singapore),,,,,,,,,,,,,,,,,"{""Environment"":""prod"",""CostCenter"":""cc-1042"",""Owner"":""team-payments""}"
AWS,AWS,AWS,AWS,AWS,INV-2026-05-0002,100000000002,ExampleCorp Secondary Payer,Payer Account,200000000012,staging-platform,Linked Account,2026-05-01T00:00:00Z,2026-06-01T00:00:00Z,2026-05-15T00:00:00Z,2026-05-16T00:00:00Z,Usage,,DynamoDB on-demand write requests,Usage-Based,4.792828623,4.792828623,4.792828623,4.792828623,0.0000012500,0.0000012500,Standard,3834262.8984,Requests,USD,0.0000012500,4.792828623,0.0000012500,USD,3834262.8984,Requests,AmazonDynamoDB,Databases,NoSQL Databases,SKU-fc4e454b36112dd390bf69e4,Database,SPRICE-6e7ea642b1065af97aedd9bf,"{""x_CapacityMode"":""On-Demand""}",arn:aws:dynamodb:eu-west-1:200000000012:table/table-07ea14a9d6a2,table-07ea14a9d6a2,DynamoDB Table,eu-west-1,EU (Ireland),,,,,,,,,,,,,,,,,"{""Environment"":""staging"",""CostCenter"":""cc-2087"",""Owner"":""team-platform""}"
AWS,AWS,AWS,AWS,AWS,INV-2026-05-0001,100000000001,ExampleCorp Master Payer,Payer Account,200000000013,data-analytics,Linked Account,2026-05-01T00:00:00Z,2026-06-01T00:00:00Z,2026-05-16T00:00:00Z,2026-05-17T00:00:00Z,Usage,,Glue ETL job run,Usage-Based,34.00672,34.00672,34.00672,34.00672,0.4400000000,0.4400000000,Standard,77.2880,DPU-Hours,USD,0.4400000000,34.00672,0.4400000000,USD,77.2880,DPU-Hours,AWSGlue,Analytics,Data Processing,SKU-d1426392ab27c72810db5ee9,Data Processing,SPRICE-2caf36fd8fbe6a68e682b866,"{""x_WorkerType"":""G.1X""}",arn:aws:glue:ap-southeast-1:200000000013:job/job-887ac04d0e37,job-887ac04d0e37,Glue Job,ap-southeast-1,Asia Pacific (Singapore),,,,,,,,,,,,,,,,,"{""Environment"":""dev"",""CostCenter"":""cc-2087"",""Owner"":""team-payments""}"
AWS,AWS,AWS,AWS,AWS,INV-2026-05-0002,100000000002,ExampleCorp Secondary Payer,Payer Account,200000000011,prod-platform,Linked Account,2026-05-01T00:00:00Z,2026-06-01T00:00:00Z,2026-05-08T16:00:00Z,2026-05-08T17:00:00Z,Usage,,Shared EC2 host cost allocated to workload,Usage-Based,0.006384,0.006384,0.006384,0.006384,0.0960000000,0.0960000000,Standard,0.0665,Hours,USD,0.0960000000,0.006384,0.0960000000,USD,0.0665,Hours,AmazonEC2,Compute,Virtual Machines,SKU-ca9c2ba97f0b30fb137ef130,Compute,SPRICE-d7f4030fc2a8b65799f6b437,"{""InstanceType"":""m6i.large"",""InstanceSeries"":""M6i"",""CoreCount"":2,""MemorySize"":8,""OperatingSystem"":""Linux"",""x_Tenancy"":""Shared""}",arn:aws:ec2:eu-west-1:200000000011:instance/shared-host-cec5409c,shared-host-cec5409c,EC2 Instance,eu-west-1,EU (Ireland),eu-west-1a,,,,,,,,,,,split-even,"{""Elements"":[{""AllocatedRatio"":1,""UsageUnit"":""Hours"",""UsageQuantity"":0.0665,""x_Strategy"":""Even"",""x_Basis"":""Workloads""}]}",arn:aws:eks:eu-west-1:200000000011:workload/search-9b64cb,workload-search,"{""workload"":""search"",""CostCenter"":""cc-1042""}","{""Environment"":""staging"",""CostCenter"":""cc-2087"",""Owner"":""team-platform""}"
AWS,AWS,AWS,AWS,AWS,INV-2026-05-0002,100000000002,ExampleCorp Secondary Payer,Payer Account,200000000011,prod-platform,Linked Account,2026-05-01T00:00:00Z,2026-06-01T00:00:00Z,2026-05-08T17:00:00Z,2026-05-08T18:00:00Z,Purchase,,"Reserved Instance commitment, amortised for the charge period",Recurring,32.016,0,32.016,32.016,0.0640320000,0.0640320000,Standard,500,Hours,USD,0.0640320000,0,0.0640320000,USD,,,AmazonEC2,Compute,Virtual Machines,SKU-ba1af7dafc2193aba45d4ae1,Commitment,SPRICE-1c6c93011ba15ebad41d70b9,"{""x_PurchaseTerm"":""1yr"",""x_PaymentOption"":""NoUpfront""}",arn:aws:ec2:us-west-2::reservation/3b4dce952d828355,reservation-cf42117db927,Reserved Instance,us-west-2,US West (Oregon),,arn:aws:ec2:us-west-2::reservation/3b4dce952d828355,EC2ReservedInstance-1yr-NoUpfront,Usage,Reserved Instance,,500,Hours,,,,,,,,,"{""Environment"":""prod"",""CostCenter"":""cc-1042"",""Owner"":""team-platform""}"
AWS,AWS,AWS,AWS,AWS,INV-2026-05-0002,100000000002,ExampleCorp Secondary Payer,Payer Account,200000000011,prod-platform,Linked Account,2026-05-01T00:00:00Z,2026-06-01T00:00:00Z,2026-05-08T17:00:00Z,2026-05-08T18:00:00Z,Usage,,AmazonEC2 committed usage of 500 machine-equivalents,Usage-Based,0,32.016,48,43.2,0.0960000000,0.0864000000,Committed,500,Hours,USD,0.0864000000,32.016,0.0960000000,USD,500,Hours,AmazonEC2,Compute,Virtual Machines,SKU-e0e295f006e6a0732dd5f77b,Compute,SPRICE-98f5ebeb1125d6e984c27bb1,"{""InstanceType"":""m6i.large"",""InstanceSeries"":""M6i"",""CoreCount"":2,""MemorySize"":8,""OperatingSystem"":""Linux"",""x_Tenancy"":""Shared""}",urn:focus-sample:aws:us-west-2:200000000011:compute-fleet:fleet1ec99106a13e65d7908eab98,fleet1ec99106a13e65d7908eab98,Compute Fleet,us-west-2,US West (Oregon),us-west-2a,arn:aws:ec2:us-west-2::reservation/3b4dce952d828355,EC2ReservedInstance-1yr-NoUpfront,Usage,Reserved Instance,Used,500,Hours,"{""Elements"":[{""ContractId"":""CONTRACT-CD-0001"",""ContractCommitmentId"":""arn:aws:ec2:us-west-2::reservation/3b4dce952d828355"",""ContractCommitmentAppliedCost"":32.0160000000,""ContractCommitmentAppliedQuantity"":500,""ContractCommitmentAppliedUnit"":""Hours""}]}",,,,,,,,"{""Environment"":""staging"",""CostCenter"":""cc-3110"",""Owner"":""team-data"",""SyntheticFleetSize"":""500""}"
AWS,AWS,AWS,AWS,AWS,INV-2026-05-0002,100000000002,ExampleCorp Secondary Payer,Payer Account,200000000011,prod-platform,Linked Account,2026-05-01T00:00:00Z,2026-06-01T00:00:00Z,2026-05-08T18:00:00Z,2026-05-08T19:00:00Z,Purchase,,"Reserved Instance commitment, amortised for the charge period",Recurring,32.016,0,32.016,32.016,0.0640320000,0.0640320000,Standard,500,Hours,USD,0.0640320000,0,0.0640320000,USD,,,AmazonEC2,Compute,Virtual Machines,SKU-ba1af7dafc2193aba45d4ae1,Commitment,SPRICE-1c6c93011ba15ebad41d70b9,"{""x_PurchaseTerm"":""1yr"",""x_PaymentOption"":""NoUpfront""}",arn:aws:ec2:us-west-2::reservation/3b4dce952d828355,reservation-cf42117db927,Reserved Instance,us-west-2,US West (Oregon),,arn:aws:ec2:us-west-2::reservation/3b4dce952d828355,EC2ReservedInstance-1yr-NoUpfront,Usage,Reserved Instance,,500,Hours,,,,,,,,,"{""Environment"":""prod"",""CostCenter"":""cc-1042"",""Owner"":""team-platform""}"
AWS,AWS,AWS,AWS,AWS,INV-2026-05-0002,100000000002,ExampleCorp Secondary Payer,Payer Account,200000000011,prod-platform,Linked Account,2026-05-01T00:00:00Z,2026-06-01T00:00:00Z,2026-05-08T18:00:00Z,2026-05-08T19:00:00Z,Usage,,AmazonEC2 committed usage of 500 machine-equivalents,Usage-Based,0,32.016,48,43.2,0.0960000000,0.0864000000,Committed,500,Hours,USD,0.0864000000,32.016,0.0960000000,USD,500,Hours,AmazonEC2,Compute,Virtual Machines,SKU-e0e295f006e6a0732dd5f77b,Compute,SPRICE-98f5ebeb1125d6e984c27bb1,"{""InstanceType"":""m6i.large"",""InstanceSeries"":""M6i"",""CoreCount"":2,""MemorySize"":8,""OperatingSystem"":""Linux"",""x_Tenancy"":""Shared""}",urn:focus-sample:aws:us-west-2:200000000011:compute-fleet:fleet1ec99106a13e65d7908eab98,fleet1ec99106a13e65d7908eab98,Compute Fleet,us-west-2,US West (Oregon),us-west-2a,arn:aws:ec2:us-west-2::reservation/3b4dce952d828355,EC2ReservedInstance-1yr-NoUpfront,Usage,Reserved Instance,Used,500,Hours,"{""Elements"":[{""ContractId"":""CONTRACT-CD-0001"",""ContractCommitmentId"":""arn:aws:ec2:us-west-2::reservation/3b4dce952d828355"",""ContractCommitmentAppliedCost"":32.0160000000,""ContractCommitmentAppliedQuantity"":500,""ContractCommitmentAppliedUnit"":""Hours""}]}",,,,,,,,"{""Environment"":""prod"",""CostCenter"":""cc-3110"",""Owner"":""team-data"",""SyntheticFleetSize"":""500""}"
AWS,AWS,AWS,AWS,AWS,INV-2026-05-0002,100000000002,ExampleCorp Secondary Payer,Payer Account,200000000011,prod-platform,Linked Account,2026-05-01T00:00:00Z,2026-06-01T00:00:00Z,2026-05-08T19:00:00Z,2026-05-08T20:00:00Z,Purchase,,"Reserved Instance commitment, amortised for the charge period",Recurring,32.016,0,32.016,32.016,0.0640320000,0.0640320000,Standard,500,Hours,USD,0.0640320000,0,0.0640320000,USD,,,AmazonEC2,Compute,Virtual Machines,SKU-ba1af7dafc2193aba45d4ae1,Commitment,SPRICE-1c6c93011ba15ebad41d70b9,"{""x_PurchaseTerm"":""1yr"",""x_PaymentOption"":""NoUpfront""}",arn:aws:ec2:us-west-2::reservation/3b4dce952d828355,reservation-cf42117db927,Reserved Instance,us-west-2,US West (Oregon),,arn:aws:ec2:us-west-2::reservation/3b4dce952d828355,EC2ReservedInstance-1yr-NoUpfront,Usage,Reserved Instance,,500,Hours,,,,,,,,,"{""Environment"":""staging"",""CostCenter"":""cc-2087"",""Owner"":""team-data""}"
AWS,AWS,AWS,AWS,AWS,INV-2026-05-0002,100000000002,ExampleCorp Secondary Payer,Payer Account,200000000011,prod-platform,Linked Account,2026-05-01T00:00:00Z,2026-06-01T00:00:00Z,2026-05-08T19:00:00Z,2026-05-08T20:00:00Z,Usage,,AmazonEC2 committed usage of 500 machine-equivalents,Usage-Based,0,32.016,48,43.2,0.0960000000,0.0864000000,Committed,500,Hours,USD,0.0864000000,32.016,0.0960000000,USD,500,Hours,AmazonEC2,Compute,Virtual Machines,SKU-e0e295f006e6a0732dd5f77b,Compute,SPRICE-98f5ebeb1125d6e984c27bb1,"{""InstanceType"":""m6i.large"",""InstanceSeries"":""M6i"",""CoreCount"":2,""MemorySize"":8,""OperatingSystem"":""Linux"",""x_Tenancy"":""Shared""}",urn:focus-sample:aws:us-west-2:200000000011:compute-fleet:fleet1ec99106a13e65d7908eab98,fleet1ec99106a13e65d7908eab98,Compute Fleet,us-west-2,US West (Oregon),us-west-2a,arn:aws:ec2:us-west-2::reservation/3b4dce952d828355,EC2ReservedInstance-1yr-NoUpfront,Usage,Reserved Instance,Used,500,Hours,"{""Elements"":[{""ContractId"":""CONTRACT-CD-0001"",""ContractCommitmentId"":""arn:aws:ec2:us-west-2::reservation/3b4dce952d828355"",""ContractCommitmentAppliedCost"":32.0160000000,""ContractCommitmentAppliedQuantity"":500,""ContractCommitmentAppliedUnit"":""Hours""}]}",,,,,,,,"{""Environment"":""prod"",""CostCenter"":""cc-2087"",""Owner"":""team-payments"",""SyntheticFleetSize"":""500""}"
AWS,AWS,AWS,AWS,AWS,INV-2026-05-0002,100000000002,ExampleCorp Secondary Payer,Payer Account,200000000011,prod-platform,Linked Account,2026-05-01T00:00:00Z,2026-06-01T00:00:00Z,2026-05-08T20:00:00Z,2026-05-08T21:00:00Z,Purchase,,"Reserved Instance commitment, amortised for the charge period",Recurring,32.016,0,32.016,32.016,0.0640320000,0.0640320000,Standard,500,Hours,USD,0.0640320000,0,0.0640320000,USD,,,AmazonEC2,Compute,Virtual Machines,SKU-ba1af7dafc2193aba45d4ae1,Commitment,SPRICE-1c6c93011ba15ebad41d70b9,"{""x_PurchaseTerm"":""1yr"",""x_PaymentOption"":""NoUpfront""}",arn:aws:ec2:us-west-2::reservation/3b4dce952d828355,reservation-cf42117db927,Reserved Instance,us-west-2,US West (Oregon),,arn:aws:ec2:us-west-2::reservation/3b4dce952d828355,EC2ReservedInstance-1yr-NoUpfront,Usage,Reserved Instance,,500,Hours,,,,,,,,,"{""Environment"":""dev"",""CostCenter"":""cc-3110"",""Owner"":""team-platform""}"
AWS,AWS,AWS,AWS,AWS,INV-2026-05-0002,100000000002,ExampleCorp Secondary Payer,Payer Account,200000000011,prod-platform,Linked Account,2026-05-01T00:00:00Z,2026-06-01T00:00:00Z,2026-05-08T20:00:00Z,2026-05-08T21:00:00Z,Usage,,AmazonEC2 committed usage of 500 machine-equivalents,Usage-Based,0,32.016,48,43.2,0.0960000000,0.0864000000,Committed,500,Hours,USD,0.0864000000,32.016,0.0960000000,USD,500,Hours,AmazonEC2,Compute,Virtual Machines,SKU-e0e295f006e6a0732dd5f77b,Compute,SPRICE-98f5ebeb1125d6e984c27bb1,"{""InstanceType"":""m6i.large"",""InstanceSeries"":""M6i"",""CoreCount"":2,""MemorySize"":8,""OperatingSystem"":""Linux"",""x_Tenancy"":""Shared""}",urn:focus-sample:aws:us-west-2:200000000011:compute-fleet:fleet1ec99106a13e65d7908eab98,fleet1ec99106a13e65d7908eab98,Compute Fleet,us-west-2,US West (Oregon),us-west-2a,arn:aws:ec2:us-west-2::reservation/3b4dce952d828355,EC2ReservedInstance-1yr-NoUpfront,Usage,Reserved Instance,Used,500,Hours,"{""Elements"":[{""ContractId"":""CONTRACT-CD-0001"",""ContractCommitmentId"":""arn:aws:ec2:us-west-2::reservation/3b4dce952d828355"",""ContractCommitmentAppliedCost"":32.0160000000,""ContractCommitmentAppliedQuantity"":500,""ContractCommitmentAppliedUnit"":""Hours""}]}",,,,,,,,"{""Environment"":""dev"",""CostCenter"":""cc-1042"",""Owner"":""team-payments"",""SyntheticFleetSize"":""500""}"
AWS,AWS,AWS,AWS,AWS,INV-2026-05-0002,100000000002,ExampleCorp Secondary Payer,Payer Account,200000000011,prod-platform,Linked Account,2026-05-01T00:00:00Z,2026-06-01T00:00:00Z,2026-05-08T21:00:00Z,2026-05-08T22:00:00Z,Purchase,,"Reserved Instance commitment, amortised for the charge period",Recurring,32.016,0,32.016,32.016,0.0640320000,0.0640320000,Standard,500,Hours,USD,0.0640320000,0,0.0640320000,USD,,,AmazonEC2,Compute,Virtual Machines,SKU-ba1af7dafc2193aba45d4ae1,Commitment,SPRICE-1c6c93011ba15ebad41d70b9,"{""x_PurchaseTerm"":""1yr"",""x_PaymentOption"":""NoUpfront""}",arn:aws:ec2:us-west-2::reservation/3b4dce952d828355,reservation-cf42117db927,Reserved Instance,us-west-2,US West (Oregon),,arn:aws:ec2:us-west-2::reservation/3b4dce952d828355,EC2ReservedInstance-1yr-NoUpfront,Usage,Reserved Instance,,500,Hours,,,,,,,,,"{""Environment"":""dev"",""CostCenter"":""cc-2087"",""Owner"":""team-data""}"
AWS,AWS,AWS,AWS,AWS,INV-2026-05-0002,100000000002,ExampleCorp Secondary Payer,Payer Account,200000000011,prod-platform,Linked Account,2026-05-01T00:00:00Z,2026-06-01T00:00:00Z,2026-05-08T21:00:00Z,2026-05-08T22:00:00Z,Usage,,AmazonEC2 committed usage of 500 machine-equivalents,Usage-Based,0,32.016,48,43.2,0.0960000000,0.0864000000,Committed,500,Hours,USD,0.0864000000,32.016,0.0960000000,USD,500,Hours,AmazonEC2,Compute,Virtual Machines,SKU-e0e295f006e6a0732dd5f77b,Compute,SPRICE-98f5ebeb1125d6e984c27bb1,"{""InstanceType"":""m6i.large"",""InstanceSeries"":""M6i"",""CoreCount"":2,""MemorySize"":8,""OperatingSystem"":""Linux"",""x_Tenancy"":""Shared""}",urn:focus-sample:aws:us-west-2:200000000011:compute-fleet:fleet1ec99106a13e65d7908eab98,fleet1ec99106a13e65d7908eab98,Compute Fleet,us-west-2,US West (Oregon),us-west-2a,arn:aws:ec2:us-west-2::reservation/3b4dce952d828355,EC2ReservedInstance-1yr-NoUpfront,Usage,Reserved Instance,Used,500,Hours,"{""Elements"":[{""ContractId"":""CONTRACT-CD-0001"",""ContractCommitmentId"":""arn:aws:ec2:us-west-2::reservation/3b4dce952d828355"",""ContractCommitmentAppliedCost"":32.0160000000,""ContractCommitmentAppliedQuantity"":500,""ContractCommitmentAppliedUnit"":""Hours""}]}",,,,,,,,"{""Environment"":""prod"",""CostCenter"":""cc-1042"",""Owner"":""team-platform"",""SyntheticFleetSize"":""500""}"
AWS,AWS,AWS,AWS,AWS,INV-2026-05-0002,100000000002,ExampleCorp Secondary Payer,Payer Account,200000000011,prod-platform,Linked Account,2026-05-01T00:00:00Z,2026-06-01T00:00:00Z,2026-05-08T22:00:00Z,2026-05-08T23:00:00Z,Purchase,,"Reserved Instance commitment, amortised for the charge period",Recurring,32.016,0,32.016,32.016,0.0640320000,0.0640320000,Standard,500,Hours,USD,0.0640320000,0,0.0640320000,USD,,,AmazonEC2,Compute,Virtual Machines,SKU-ba1af7dafc2193aba45d4ae1,Commitment,SPRICE-1c6c93011ba15ebad41d70b9,"{""x_PurchaseTerm"":""1yr"",""x_PaymentOption"":""NoUpfront""}",arn:aws:ec2:us-west-2::reservation/3b4dce952d828355,reservation-cf42117db927,Reserved Instance,us-west-2,US West (Oregon),,arn:aws:ec2:us-west-2::reservation/3b4dce952d828355,EC2ReservedInstance-1yr-NoUpfront,Usage,Reserved Instance,,500,Hours,,,,,,,,,"{""Environment"":""dev"",""CostCenter"":""cc-3110"",""Owner"":""team-data""}"
AWS,AWS,AWS,AWS,AWS,INV-2026-05-0002,100000000002,ExampleCorp Secondary Payer,Payer Account,200000000011,prod-platform,Linked Account,2026-05-01T00:00:00Z,2026-06-01T00:00:00Z,2026-05-08T22:00:00Z,2026-05-08T23:00:00Z,Usage,,AmazonEC2 committed usage of 500 machine-equivalents,Usage-Based,0,32.016,48,43.2,0.0960000000,0.0864000000,Committed,500,Hours,USD,0.0864000000,32.016,0.0960000000,USD,500,Hours,AmazonEC2,Compute,Virtual Machines,SKU-e0e295f006e6a0732dd5f77b,Compute,SPRICE-98f5ebeb1125d6e984c27bb1,"{""InstanceType"":""m6i.large"",""InstanceSeries"":""M6i"",""CoreCount"":2,""MemorySize"":8,""OperatingSystem"":""Linux"",""x_Tenancy"":""Shared""}",urn:focus-sample:aws:us-west-2:200000000011:compute-fleet:fleet1ec99106a13e65d7908eab98,fleet1ec99106a13e65d7908eab98,Compute Fleet,us-west-2,US West (Oregon),us-west-2a,arn:aws:ec2:us-west-2::reservation/3b4dce952d828355,EC2ReservedInstance-1yr-NoUpfront,Usage,Reserved Instance,Used,500,Hours,"{""Elements"":[{""ContractId"":""CONTRACT-CD-0001"",""ContractCommitmentId"":""arn:aws:ec2:us-west-2::reservation/3b4dce952d828355"",""ContractCommitmentAppliedCost"":32.0160000000,""ContractCommitmentAppliedQuantity"":500,""ContractCommitmentAppliedUnit"":""Hours""}]}",,,,,,,,"{""Environment"":""prod"",""CostCenter"":""cc-3110"",""Owner"":""team-payments"",""SyntheticFleetSize"":""500""}"
AWS,AWS,AWS,AWS,AWS,INV-2026-05-0002,100000000002,ExampleCorp Secondary Payer,Payer Account,200000000011,prod-platform,Linked Account,2026-05-01T00:00:00Z,2026-06-01T00:00:00Z,2026-05-08T23:00:00Z,2026-05-09T00:00:00Z,Purchase,,"Reserved Instance commitment, amortised for the charge period",Recurring,32.016,0,32.016,32.016,0.0640320000,0.0640320000,Standard,500,Hours,USD,0.0640320000,0,0.0640320000,USD,,,AmazonEC2,Compute,Virtual Machines,SKU-ba1af7dafc2193aba45d4ae1,Commitment,SPRICE-1c6c93011ba15ebad41d70b9,"{""x_PurchaseTerm"":""1yr"",""x_PaymentOption"":""NoUpfront""}",arn:aws:ec2:us-west-2::reservation/3b4dce952d828355,reservation-cf42117db927,Reserved Instance,us-west-2,US West (Oregon),,arn:aws:ec2:us-west-2::reservation/3b4dce952d828355,EC2ReservedInstance-1yr-NoUpfront,Usage,Reserved Instance,,500,Hours,,,,,,,,,"{""Environment"":""staging"",""CostCenter"":""cc-3110"",""Owner"":""team-payments""}"
AWS,AWS,AWS,AWS,AWS,INV-2026-05-0002,100000000002,ExampleCorp Secondary Payer,Payer Account,200000000011,prod-platform,Linked Account,2026-05-01T00:00:00Z,2026-06-01T00:00:00Z,2026-05-08T23:00:00Z,2026-05-09T00:00:00Z,Usage,,AmazonEC2 committed usage of 500 machine-equivalents,Usage-Based,0,32.016,48,43.2,0.0960000000,0.0864000000,Committed,500,Hours,USD,0.0864000000,32.016,0.0960000000,USD,500,Hours,AmazonEC2,Compute,Virtual Machines,SKU-e0e295f006e6a0732dd5f77b,Compute,SPRICE-98f5ebeb1125d6e984c27bb1,"{""InstanceType"":""m6i.large"",""InstanceSeries"":""M6i"",""CoreCount"":2,""MemorySize"":8,""OperatingSystem"":""Linux"",""x_Tenancy"":""Shared""}",urn:focus-sample:aws:us-west-2:200000000011:compute-fleet:fleet1ec99106a13e65d7908eab98,fleet1ec99106a13e65d7908eab98,Compute Fleet,us-west-2,US West (Oregon),us-west-2a,arn:aws:ec2:us-west-2::reservation/3b4dce952d828355,EC2ReservedInstance-1yr-NoUpfront,Usage,Reserved Instance,Used,500,Hours,"{""Elements"":[{""ContractId"":""CONTRACT-CD-0001"",""ContractCommitmentId"":""arn:aws:ec2:us-west-2::reservation/3b4dce952d828355"",""ContractCommitmentAppliedCost"":32.0160000000,""ContractCommitmentAppliedQuantity"":500,""ContractCommitmentAppliedUnit"":""Hours""}]}",,,,,,,,"{""Environment"":""dev"",""CostCenter"":""cc-2087"",""Owner"":""team-payments"",""SyntheticFleetSize"":""500""}"
AWS,AWS,AWS,AWS,AWS,INV-2026-05-0002,100000000002,ExampleCorp Secondary Payer,Payer Account,200000000011,prod-platform,Linked Account,2026-05-01T00:00:00Z,2026-06-01T00:00:00Z,2026-05-09T00:00:00Z,2026-05-09T01:00:00Z,Purchase,,"Reserved Instance commitment, amortised for the charge period",Recurring,32.016,0,32.016,32.016,0.0640320000,0.0640320000,Standard,500,Hours,USD,0.0640320000,0,0.0640320000,USD,,,AmazonEC2,Compute,Virtual Machines,SKU-ba1af7dafc2193aba45d4ae1,Commitment,SPRICE-1c6c93011ba15ebad41d70b9,"{""x_PurchaseTerm"":""1yr"",""x_PaymentOption"":""NoUpfront""}",arn:aws:ec2:us-west-2::reservation/3b4dce952d828355,reservation-cf42117db927,Reserved Instance,us-west-2,US West (Oregon),,arn:aws:ec2:us-west-2::reservation/3b4dce952d828355,EC2ReservedInstance-1yr-NoUpfront,Usage,Reserved Instance,,500,Hours,,,,,,,,,"{""Environment"":""staging"",""CostCenter"":""cc-1042"",""Owner"":""team-platform""}"
AWS,AWS,AWS,AWS,AWS,INV-2026-05-0002,100000000002,ExampleCorp Secondary Payer,Payer Account,200000000011,prod-platform,Linked Account,2026-05-01T00:00:00Z,2026-06-01T00:00:00Z,2026-05-09T00:00:00Z,2026-05-09T01:00:00Z,Usage,,AmazonEC2 committed usage of 500 machine-equivalents,Usage-Based,0,32.016,48,43.2,0.0960000000,0.0864000000,Committed,500,Hours,USD,0.0864000000,32.016,0.0960000000,USD,500,Hours,AmazonEC2,Compute,Virtual Machines,SKU-e0e295f006e6a0732dd5f77b,Compute,SPRICE-98f5ebeb1125d6e984c27bb1,"{""InstanceType"":""m6i.large"",""InstanceSeries"":""M6i"",""CoreCount"":2,""MemorySize"":8,""OperatingSystem"":""Linux"",""x_Tenancy"":""Shared""}",urn:focus-sample:aws:us-west-2:200000000011:compute-fleet:fleet1ec99106a13e65d7908eab98,fleet1ec99106a13e65d7908eab98,Compute Fleet,us-west-2,US West (Oregon),us-west-2a,arn:aws:ec2:us-west-2::reservation/3b4dce952d828355,EC2ReservedInstance-1yr-NoUpfront,Usage,Reserved Instance,Used,500,Hours,"{""Elements"":[{""ContractId"":""CONTRACT-CD-0001"",""ContractCommitmentId"":""arn:aws:ec2:us-west-2::reservation/3b4dce952d828355"",""ContractCommitmentAppliedCost"":32.0160000000,""ContractCommitmentAppliedQuantity"":500,""ContractCommitmentAppliedUnit"":""Hours""}]}",,,,,,,,"{""Environment"":""prod"",""CostCenter"":""cc-2087"",""Owner"":""team-payments"",""SyntheticFleetSize"":""500""}"
AWS,AWS,AWS,AWS,AWS,INV-2026-05-0002,100000000002,ExampleCorp Secondary Payer,Payer Account,200000000011,prod-platform,Linked Account,2026-05-01T00:00:00Z,2026-06-01T00:00:00Z,2026-05-09T01:00:00Z,2026-05-09T02:00:00Z,Purchase,,"Reserved Instance commitment, amortised for the charge period",Recurring,32.016,0,32.016,32.016,0.0640320000,0.0640320000,Standard,500,Hours,USD,0.0640320000,0,0.0640320000,USD,,,AmazonEC2,Compute,Virtual Machines,SKU-ba1af7dafc2193aba45d4ae1,Commitment,SPRICE-1c6c93011ba15ebad41d70b9,"{""x_PurchaseTerm"":""1yr"",""x_PaymentOption"":""NoUpfront""}",arn:aws:ec2:us-west-2::reservation/3b4dce952d828355,reservation-cf42117db927,Reserved Instance,us-west-2,US West (Oregon),,arn:aws:ec2:us-west-2::reservation/3b4dce952d828355,EC2ReservedInstance-1yr-NoUpfront,Usage,Reserved Instance,,500,Hours,,,,,,,,,"{""Environment"":""staging"",""CostCenter"":""cc-1042"",""Owner"":""team-data""}"
AWS,AWS,AWS,AWS,AWS,INV-2026-05-0002,100000000002,ExampleCorp Secondary Payer,Payer Account,200000000011,prod-platform,Linked Account,2026-05-01T00:00:00Z,2026-06-01T00:00:00Z,2026-05-09T01:00:00Z,2026-05-09T02:00:00Z,Usage,,AmazonEC2 committed usage of 500 machine-equivalents,Usage-Based,0,32.016,48,43.2,0.0960000000,0.0864000000,Committed,500,Hours,USD,0.0864000000,32.016,0.0960000000,USD,500,Hours,AmazonEC2,Compute,Virtual Machines,SKU-e0e295f006e6a0732dd5f77b,Compute,SPRICE-98f5ebeb1125d6e984c27bb1,"{""InstanceType"":""m6i.large"",""InstanceSeries"":""M6i"",""CoreCount"":2,""MemorySize"":8,""OperatingSystem"":""Linux"",""x_Tenancy"":""Shared""}",urn:focus-sample:aws:us-west-2:200000000011:compute-fleet:fleet1ec99106a13e65d7908eab98,fleet1ec99106a13e65d7908eab98,Compute Fleet,us-west-2,US West (Oregon),us-west-2a,arn:aws:ec2:us-west-2::reservation/3b4dce952d828355,EC2ReservedInstance-1yr-NoUpfront,Usage,Reserved Instance,Used,500,Hours,"{""Elements"":[{""ContractId"":""CONTRACT-CD-0001"",""ContractCommitmentId"":""arn:aws:ec2:us-west-2::reservation/3b4dce952d828355"",""ContractCommitmentAppliedCost"":32.0160000000,""ContractCommitmentAppliedQuantity"":500,""ContractCommitmentAppliedUnit"":""Hours""}]}",,,,,,,,"{""Environment"":""dev"",""CostCenter"":""cc-1042"",""Owner"":""team-platform"",""SyntheticFleetSize"":""500""}"
AWS,AWS,AWS,AWS,AWS,INV-2026-05-0002,100000000002,ExampleCorp Secondary Payer,Payer Account,200000000011,prod-platform,Linked Account,2026-05-01T00:00:00Z,2026-06-01T00:00:00Z,2026-05-09T02:00:00Z,2026-05-09T03:00:00Z,Purchase,,"Reserved Instance commitment, amortised for the charge period",Recurring,32.016,0,32.016,32.016,0.0640320000,0.0640320000,Standard,500,Hours,USD,0.0640320000,0,0.0640320000,USD,,,AmazonEC2,Compute,Virtual Machines,SKU-ba1af7dafc2193aba45d4ae1,Commitment,SPRICE-1c6c93011ba15ebad41d70b9,"{""x_PurchaseTerm"":""1yr"",""x_PaymentOption"":""NoUpfront""}",arn:aws:ec2:us-west-2::reservation/3b4dce952d828355,reservation-cf42117db927,Reserved Instance,us-west-2,US West (Oregon),,arn:aws:ec2:us-west-2::reservation/3b4dce952d828355,EC2ReservedInstance-1yr-NoUpfront,Usage,Reserved Instance,,500,Hours,,,,,,,,,"{""Environment"":""dev"",""CostCenter"":""cc-1042"",""Owner"":""team-data""}"
AWS,AWS,AWS,AWS,AWS,INV-2026-05-0002,100000000002,ExampleCorp Secondary Payer,Payer Account,200000000011,prod-platform,Linked Account,2026-05-01T00:00:00Z,2026-06-01T00:00:00Z,2026-05-09T02:00:00Z,2026-05-09T03:00:00Z,Usage,,Reserved Instance unused commitment,Usage-Based,0,32.016,32.016,32.016,0.0640320000,0.0640320000,Committed,500,Hours,USD,0.0640320000,32.016,0.0640320000,USD,,,AmazonEC2,Compute,Virtual Machines,SKU-ba1af7dafc2193aba45d4ae1,Commitment,SPRICE-1c6c93011ba15ebad41d70b9,"{""x_PurchaseTerm"":""1yr"",""x_PaymentOption"":""NoUpfront""}",arn:aws:ec2:us-west-2::reservation/3b4dce952d828355,reservation-cf42117db927,Reserved Instance,us-west-2,US West (Oregon),,arn:aws:ec2:us-west-2::reservation/3b4dce952d828355,EC2ReservedInstance-1yr-NoUpfront,Usage,Reserved Instance,Unused,500,Hours,"{""Elements"":[{""ContractId"":""CONTRACT-CD-0001"",""ContractCommitmentId"":""arn:aws:ec2:us-west-2::reservation/3b4dce952d828355"",""ContractCommitmentAppliedCost"":32.0160000000,""ContractCommitmentAppliedQuantity"":500,""ContractCommitmentAppliedUnit"":""Hours""}]}",,,,,,,,"{""Environment"":""prod"",""CostCenter"":""cc-1042"",""Owner"":""team-payments""}"
AWS,AWS,AWS,AWS,AWS,INV-2026-05-0002,100000000002,ExampleCorp Secondary Payer,Payer Account,200000000011,prod-platform,Linked Account,2026-05-01T00:00:00Z,2026-06-01T00:00:00Z,2026-05-09T03:00:00Z,2026-05-09T04:00:00Z,Purchase,,"Reserved Instance commitment, amortised for the charge period",Recurring,32.016,0,32.016,32.016,0.0640320000,0.0640320000,Standard,500,Hours,USD,0.0640320000,0,0.0640320000,USD,,,AmazonEC2,Compute,Virtual Machines,SKU-ba1af7dafc2193aba45d4ae1,Commitment,SPRICE-1c6c93011ba15ebad41d70b9,"{""x_PurchaseTerm"":""1yr"",""x_PaymentOption"":""NoUpfront""}",arn:aws:ec2:us-west-2::reservation/3b4dce952d828355,reservation-cf42117db927,Reserved Instance,us-west-2,US West (Oregon),,arn:aws:ec2:us-west-2::reservation/3b4dce952d828355,EC2ReservedInstance-1yr-NoUpfront,Usage,Reserved Instance,,500,Hours,,,,,,,,,"{""Environment"":""dev"",""CostCenter"":""cc-1042"",""Owner"":""team-data""}"
AWS,AWS,AWS,AWS,AWS,INV-2026-05-0002,100000000002,ExampleCorp Secondary Payer,Payer Account,200000000011,prod-platform,Linked Account,2026-05-01T00:00:00Z,2026-06-01T00:00:00Z,2026-05-09T03:00:00Z,2026-05-09T04:00:00Z,Usage,,Reserved Instance unused commitment,Usage-Based,0,32.016,32.016,32.016,0.0640320000,0.0640320000,Committed,500,Hours,USD,0.0640320000,32.016,0.0640320000,USD,,,AmazonEC2,Compute,Virtual Machines,SKU-ba1af7dafc2193aba45d4ae1,Commitment,SPRICE-1c6c93011ba15ebad41d70b9,"{""x_PurchaseTerm"":""1yr"",""x_PaymentOption"":""NoUpfront""}",arn:aws:ec2:us-west-2::reservation/3b4dce952d828355,reservation-cf42117db927,Reserved Instance,us-west-2,US West (Oregon),,arn:aws:ec2:us-west-2::reservation/3b4dce952d828355,EC2ReservedInstance-1yr-NoUpfront,Usage,Reserved Instance,Unused,500,Hours,"{""Elements"":[{""ContractId"":""CONTRACT-CD-0001"",""ContractCommitmentId"":""arn:aws:ec2:us-west-2::reservation/3b4dce952d828355"",""ContractCommitmentAppliedCost"":32.0160000000,""ContractCommitmentAppliedQuantity"":500,""ContractCommitmentAppliedUnit"":""Hours""}]}",,,,,,,,"{""Environment"":""prod"",""CostCenter"":""cc-1042"",""Owner"":""team-data""}"
AWS,AWS,AWS,AWS,AWS,INV-2026-05-0002,100000000002,ExampleCorp Secondary Payer,Payer Account,200000000011,prod-platform,Linked Account,2026-05-01T00:00:00Z,2026-06-01T00:00:00Z,2026-05-09T04:00:00Z,2026-05-09T05:00:00Z,Purchase,,"Reserved Instance commitment, amortised for the charge period",Recurring,32.016,0,32.016,32.016,0.0640320000,0.0640320000,Standard,500,Hours,USD,0.0640320000,0,0.0640320000,USD,,,AmazonEC2,Compute,Virtual Machines,SKU-ba1af7dafc2193aba45d4ae1,Commitment,SPRICE-1c6c93011ba15ebad41d70b9,"{""x_PurchaseTerm"":""1yr"",""x_PaymentOption"":""NoUpfront""}",arn:aws:ec2:us-west-2::reservation/3b4dce952d828355,reservation-cf42117db927,Reserved Instance,us-west-2,US West (Oregon),,arn:aws:ec2:us-west-2::reservation/3b4dce952d828355,EC2ReservedInstance-1yr-NoUpfront,Usage,Reserved Instance,,500,Hours,,,,,,,,,"{""Environment"":""prod"",""CostCenter"":""cc-1042"",""Owner"":""team-payments""}"
AWS,AWS,AWS,AWS,AWS,INV-2026-05-0002,100000000002,ExampleCorp Secondary Payer,Payer Account,200000000011,prod-platform,Linked Account,2026-05-01T00:00:00Z,2026-06-01T00:00:00Z,2026-05-09T04:00:00Z,2026-05-09T05:00:00Z,Usage,,Reserved Instance unused commitment,Usage-Based,0,32.016,32.016,32.016,0.0640320000,0.0640320000,Committed,500,Hours,USD,0.0640320000,32.016,0.0640320000,USD,,,AmazonEC2,Compute,Virtual Machines,SKU-ba1af7dafc2193aba45d4ae1,Commitment,SPRICE-1c6c93011ba15ebad41d70b9,"{""x_PurchaseTerm"":""1yr"",""x_PaymentOption"":""NoUpfront""}",arn:aws:ec2:us-west-2::reservation/3b4dce952d828355,reservation-cf42117db927,Reserved Instance,us-west-2,US West (Oregon),,arn:aws:ec2:us-west-2::reservation/3b4dce952d828355,EC2ReservedInstance-1yr-NoUpfront,Usage,Reserved Instance,Unused,500,Hours,"{""Elements"":[{""ContractId"":""CONTRACT-CD-0001"",""ContractCommitmentId"":""arn:aws:ec2:us-west-2::reservation/3b4dce952d828355"",""ContractCommitmentAppliedCost"":32.0160000000,""ContractCommitmentAppliedQuantity"":500,""ContractCommitmentAppliedUnit"":""Hours""}]}",,,,,,,,"{""Environment"":""dev"",""CostCenter"":""cc-2087"",""Owner"":""team-data""}"
AWS,AWS,AWS,AWS,AWS,INV-2026-05-0002,100000000002,ExampleCorp Secondary Payer,Payer Account,200000000012,staging-platform,Linked Account,2026-05-01T00:00:00Z,2026-06-01T00:00:00Z,2026-05-14T00:00:00Z,2026-05-15T00:00:00Z,Usage,,Custom metrics,Usage-Based,35.343459,35.343459,39.27051,35.343459,0.3000000000,0.2700000000,Standard,130.9017,Metrics,EUR,0.2484000000,32.51598228,0.2760000000,USD,130.9017,Metrics,AmazonCloudWatch,Management and Governance,Observability,SKU-917addcfe26d359456f585f4,Monitoring,SPRICE-e4d59a58535f0c50af9af126,"{""x_MetricType"":""Custom""}",arn:aws:cloudwatch:eu-west-1:200000000012:metric/metric-5c78e6870c9a,metric-5c78e6870c9a,Metric,eu-west-1,EU (Ireland),,,,,,,,,"{""Elements"":[{""ContractId"":""CONTRACT-EA-2026-0001"",""ContractCommitmentId"":""CC-EA-SPEND-0001"",""ContractCommitmentAppliedCost"":35.34345900000000}]}",,,,,,,,"{""Environment"":""staging"",""CostCenter"":""cc-1042"",""Owner"":""team-payments""}"
AWS,AWS,AWS,AWS,AWS,INV-2026-05-0001,100000000001,ExampleCorp Master Payer,Payer Account,200000000014,sandbox-dev,Linked Account,2026-05-01T00:00:00Z,2026-06-01T00:00:00Z,2026-05-09T18:00:00Z,2026-05-09T19:00:00Z,Usage,,Shared EC2 host cost allocated to workload,Usage-Based,0.0613344,0.0613344,0.0613344,0.0613344,0.0960000000,0.0960000000,Standard,0.6389,Hours,USD,0.0960000000,0.0613344,0.0960000000,USD,0.6389,Hours,AmazonEC2,Compute,Virtual Machines,SKU-ca9c2ba97f0b30fb137ef130,Compute,SPRICE-d7f4030fc2a8b65799f6b437,"{""InstanceType"":""m6i.large"",""InstanceSeries"":""M6i"",""CoreCount"":2,""MemorySize"":8,""OperatingSystem"":""Linux"",""x_Tenancy"":""Shared""}",arn:aws:ec2:eu-west-1:200000000014:instance/shared-host-bbed07e0,shared-host-bbed07e0,EC2 Instance,eu-west-1,EU (Ireland),eu-west-1a,,,,,,,,,,,split-weighted,"{""Elements"":[{""AllocatedRatio"":1,""UsageUnit"":""Hours"",""UsageQuantity"":0.6389,""x_Strategy"":""Weighted"",""x_Basis"":""MemoryBytes""}]}",arn:aws:eks:eu-west-1:200000000014:workload/billing-e73d2e,workload-billing,"{""workload"":""billing"",""CostCenter"":""cc-1042""}","{""Environment"":""dev"",""CostCenter"":""cc-2087"",""Owner"":""team-platform""}"
AWS,AWS,AWS,AWS,AWS,INV-2026-05-0001,100000000001,ExampleCorp Master Payer,Payer Account,200000000012,staging-platform,Linked Account,2026-05-01T00:00:00Z,2026-06-01T00:00:00Z,2026-05-16T00:00:00Z,2026-05-17T00:00:00Z,Usage,,Custom metrics,Usage-Based,15.798537,15.798537,17.55393,15.798537,0.3000000000,0.2700000000,Standard,58.5131,Metrics,USD,0.2700000000,15.798537,0.3000000000,USD,58.5131,Metrics,AmazonCloudWatch,Management and Governance,Observability,SKU-917addcfe26d359456f585f4,Monitoring,SPRICE-bfed9ccd55f51b42ca94dd2b,"{""x_MetricType"":""Custom""}",arn:aws:cloudwatch:eu-west-1:200000000012:metric/metric-215904c6cdcc,metric-215904c6cdcc,Metric,eu-west-1,EU (Ireland),,,,,,,,,"{""Elements"":[{""ContractId"":""CONTRACT-EA-2026-0001"",""ContractCommitmentId"":""CC-EA-SPEND-0001"",""ContractCommitmentAppliedCost"":15.79853700000000}]}",,,,,,,,"{""Environment"":""prod"",""CostCenter"":""cc-3110"",""Owner"":""team-platform""}"
AWS,AWS,AWS,AWS,AWS,INV-2026-05-0002,100000000002,ExampleCorp Secondary Payer,Payer Account,200000000012,staging-platform,Linked Account,2026-05-01T00:00:00Z,2026-06-01T00:00:00Z,2026-05-09T20:00:00Z,2026-05-09T21:00:00Z,Usage,,Linux on-demand m6i.large,Usage-Based,0.096,0.096,0.096,0.096,0.0960000000,0.0960000000,Standard,1.0000,Hours,EUR,0.0883200000,0.08832,0.0883200000,USD,1.0000,Hours,AmazonEC2,Compute,Virtual Machines,SKU-ca9c2ba97f0b30fb137ef130,Compute,SPRICE-bcca3461b1b47a349114891e,"{""InstanceType"":""m6i.large"",""InstanceSeries"":""M6i"",""CoreCount"":2,""MemorySize"":8,""OperatingSystem"":""Linux"",""x_Tenancy"":""Shared""}",arn:aws:ec2:eu-west-1:200000000012:instance/i-cf8ffa7891dc,i-cf8ffa7891dc,EC2 Instance,eu-west-1,EU (Ireland),eu-west-1a,,,,,,,,,,,,,,,,"{""Environment"":""dev"",""CostCenter"":""cc-1042"",""Owner"":""team-payments""}"
AWS,AWS,AWS,AWS,AWS,INV-2026-05-0001,100000000001,ExampleCorp Master Payer,Payer Account,200000000011,prod-platform,Linked Account,2026-05-01T00:00:00Z,2026-06-01T00:00:00Z,2026-05-18T00:00:00Z,2026-05-19T00:00:00Z,Usage,,DynamoDB on-demand write requests,Usage-Based,4.741538594175,4.741538594175,5.26837621575,4.741538594175,0.0000012500,0.0000011250,Standard,4214700.9726,Requests,USD,0.0000011250,4.741538594175,0.0000012500,USD,4214700.9726,Requests,AmazonDynamoDB,Databases,NoSQL Databases,SKU-ed668466fc7fc7bc80c6b1e8,Database,SPRICE-c01526413ebdb215913eebd3,"{""x_CapacityMode"":""On-Demand""}",arn:aws:dynamodb:ap-southeast-1:200000000011:table/table-a4ed640d09f9,table-a4ed640d09f9,DynamoDB Table,ap-southeast-1,Asia Pacific (Singapore),,,,,,,,,"{""Elements"":[{""ContractId"":""CONTRACT-EA-2026-0001"",""ContractCommitmentId"":""CC-EA-SPEND-0001"",""ContractCommitmentAppliedCost"":4.74153859417500}]}",,,,,,,,"{""Environment"":""prod"",""CostCenter"":""cc-1042"",""Owner"":""team-payments""}"
AWS,AWS,AWS,AWS,AWS,INV-2026-05-0001,100000000001,ExampleCorp Master Payer,Payer Account,200000000011,prod-platform,Linked Account,2026-05-01T00:00:00Z,2026-06-01T00:00:00Z,2026-05-09T22:00:00Z,2026-05-09T23:00:00Z,Usage,,Shared EC2 host cost allocated to workload,Usage-Based,0.0357504,0.0357504,0.0357504,0.0357504,0.0960000000,0.0960000000,Standard,0.3724,Hours,USD,0.0960000000,0.0357504,0.0960000000,USD,0.3724,Hours,AmazonEC2,Compute,Virtual Machines,SKU-ca9c2ba97f0b30fb137ef130,Compute,SPRICE-d7f4030fc2a8b65799f6b437,"{""InstanceType"":""m6i.large"",""InstanceSeries"":""M6i"",""CoreCount"":2,""MemorySize"":8,""OperatingSystem"":""Linux"",""x_Tenancy"":""Shared""}",arn:aws:ec2:eu-west-1:200000000011:instance/shared-host-8f1ddd30,shared-host-8f1ddd30,EC2 Instance,eu-west-1,EU (Ireland),eu-west-1a,,,,,,,,,,,split-proportional,"{""Elements"":[{""AllocatedRatio"":1,""UsageUnit"":""Hours"",""UsageQuantity"":0.3724,""x_Strategy"":""Proportional"",""x_Basis"":""vCPUSeconds""}]}",arn:aws:eks:eu-west-1:200000000011:workload/search-72e5e0,workload-search,"{""workload"":""search"",""CostCenter"":""cc-1042""}","{""Environment"":""dev"",""CostCenter"":""cc-1042"",""Owner"":""team-data""}"
AWS,AWS,AWS,AWS,AWS,INV-2026-05-0001,100000000001,ExampleCorp Master Payer,Payer Account,200000000013,data-analytics,Linked Account,2026-05-01T00:00:00Z,2026-06-01T00:00:00Z,2026-05-01T12:00:00Z,2026-05-01T13:00:00Z,Tax,,Synthetic tax 10% on usage record 13: AmazonEC2,One-Time,0.00778464,0.00778464,0.00778464,0.00778464,,,,,,USD,,0.00778464,,USD,,,AmazonEC2,Compute,Virtual Machines,,,,,,,,,,,,,,,,,,,,,,,,,,"{""Environment"":""staging"",""CostCenter"":""cc-3110"",""Owner"":""team-platform""}"
AWS,AWS,AWS,AWS,AWS,INV-2026-05-0001,100000000001,ExampleCorp Master Payer,Payer Account,200000000012,staging-platform,Linked Account,2026-05-01T00:00:00Z,2026-06-01T00:00:00Z,2026-05-10T00:00:00Z,2026-05-10T01:00:00Z,Usage,,Linux on-demand m6i.large,Usage-Based,0.096,0.096,0.096,0.096,0.0960000000,0.0960000000,Standard,1.0000,Hours,USD,0.0960000000,0.096,0.0960000000,USD,1.0000,Hours,AmazonEC2,Compute,Virtual Machines,SKU-e0e295f006e6a0732dd5f77b,Compute,SPRICE-98f5ebeb1125d6e984c27bb1,"{""InstanceType"":""m6i.large"",""InstanceSeries"":""M6i"",""CoreCount"":2,""MemorySize"":8,""OperatingSystem"":""Linux"",""x_Tenancy"":""Shared""}",arn:aws:ec2:us-west-2:200000000012:instance/i-c72dc467fc69,i-c72dc467fc69,EC2 Instance,us-west-2,US West (Oregon),us-west-2a,,,,,,,,,,,,,,,,"{""Environment"":""dev"",""CostCenter"":""cc-3110"",""Owner"":""team-payments""}"
AWS,AWS,AWS,AWS,AWS,INV-2026-05-0001,100000000001,ExampleCorp Master Payer,Payer Account,200000000014,sandbox-dev,Linked Account,2026-05-01T00:00:00Z,2026-06-01T00:00:00Z,2026-05-22T00:00:00Z,2026-05-23T00:00:00Z,Purchase,,AWSLambda subscription fee,Recurring,160.2,160.2,160.2,160.2,160.2,160.2,Standard,1,Units,USD,160.2000000000,160.2,160.2000000000,USD,,,AWSLambda,Compute,Serverless Compute,SKU-9a74fd410e6e4f08064b2dd5,Subscription,SPRICE-93ee86cad4d9013385430597,"{""x_ChargeType"": ""SubscriptionFee""}",arn:aws:lambda:eu-west-1:200000000014:function/fn-4b25aa0075ec,fn-4b25aa0075ec,Lambda Function,eu-west-1,EU (Ireland),,,,,,,,,,,,,,,,,"{""Environment"":""dev"",""CostCenter"":""cc-3110"",""Owner"":""team-platform""}"
AWS,AWS,AWS,AWS,AWS,INV-2026-05-0002,100000000002,ExampleCorp Secondary Payer,Payer Account,200000000013,data-analytics,Linked Account,2026-05-01T00:00:00Z,2026-06-01T00:00:00Z,2026-05-10T02:00:00Z,2026-05-10T03:00:00Z,Usage,,Shared EC2 host cost allocated to workload,Usage-Based,0.0399072,0.0399072,0.0399072,0.0399072,0.0960000000,0.0960000000,Standard,0.4157,Hours,USD,0.0960000000,0.0399072,0.0960000000,USD,0.4157,Hours,AmazonEC2,Compute,Virtual Machines,SKU-e0e295f006e6a0732dd5f77b,Compute,SPRICE-98f5ebeb1125d6e984c27bb1,"{""InstanceType"":""m6i.large"",""InstanceSeries"":""M6i"",""CoreCount"":2,""MemorySize"":8,""OperatingSystem"":""Linux"",""x_Tenancy"":""Shared""}",arn:aws:ec2:us-west-2:200000000013:instance/shared-host-337fd796,shared-host-337fd796,EC2 Instance,us-west-2,US West (Oregon),us-west-2a,,,,,,,,,,,split-weighted,"{""Elements"":[{""AllocatedRatio"":1,""UsageUnit"":""Hours"",""UsageQuantity"":0.4157,""x_Strategy"":""Weighted"",""x_Basis"":""MemoryBytes""}]}",arn:aws:eks:us-west-2:200000000013:workload/checkout-bee2a9,workload-checkout,"{""workload"":""checkout"",""CostCenter"":""cc-3110""}","{""Environment"":""staging"",""CostCenter"":""cc-2087"",""Owner"":""team-data""}"
AWS,AWS,AWS,AWS,AWS,INV-2026-05-0002,100000000002,ExampleCorp Secondary Payer,Payer Account,200000000013,data-analytics,Linked Account,2026-05-01T00:00:00Z,2026-06-01T00:00:00Z,2026-05-05T02:00:00Z,2026-05-05T03:00:00Z,Tax,,Synthetic tax 10% on usage record 99: AmazonEC2,One-Time,0.0085008,0.0085008,0.0085008,0.0085008,,,,,,USD,,0.0085008,,USD,,,AmazonEC2,Compute,Virtual Machines,,,,,,,,,,,,,,,,,,,,,,,,,,"{""Environment"":""prod"",""CostCenter"":""cc-2087"",""Owner"":""team-data""}"
AWS,AWS,AWS,AWS,AWS,INV-2026-05-0001,100000000001,ExampleCorp Master Payer,Payer Account,200000000013,data-analytics,Linked Account,2026-05-01T00:00:00Z,2026-06-01T00:00:00Z,2026-05-10T04:00:00Z,2026-05-10T05:00:00Z,Usage,,Shared EC2 host cost allocated to workload,Usage-Based,0.0183936,0.0183936,0.0183936,0.0183936,0.0960000000,0.0960000000,Standard,0.1916,Hours,USD,0.0960000000,0.0183936,0.0960000000,USD,0.1916,Hours,AmazonEC2,Compute,Virtual Machines,SKU-ca9c2ba97f0b30fb137ef130,Compute,SPRICE-d7f4030fc2a8b65799f6b437,"{""InstanceType"":""m6i.large"",""InstanceSeries"":""M6i"",""CoreCount"":2,""MemorySize"":8,""OperatingSystem"":""Linux"",""x_Tenancy"":""Shared""}",arn:aws:ec2:eu-west-1:200000000013:instance/shared-host-c035c25c,shared-host-c035c25c,EC2 Instance,eu-west-1,EU (Ireland),eu-west-1a,,,,,,,,,,,split-weighted,"{""Elements"":[{""AllocatedRatio"":1,""UsageUnit"":""Hours"",""UsageQuantity"":0.1916,""x_Strategy"":""Weighted"",""x_Basis"":""MemoryBytes""}]}",arn:aws:eks:eu-west-1:200000000013:workload/ingestion-efa3ef,workload-ingestion,"{""workload"":""ingestion"",""CostCenter"":""cc-2087""}","{""Environment"":""dev"",""CostCenter"":""cc-1042"",""Owner"":""team-platform""}"
AWS,AWS,AWS,AWS,AWS,INV-2026-05-0001,100000000001,ExampleCorp Master Payer,Payer Account,200000000014,sandbox-dev,Linked Account,2026-05-01T00:00:00Z,2026-06-01T00:00:00Z,2026-05-10T05:00:00Z,2026-05-10T06:00:00Z,Usage,,Linux on-demand m6i.large,Usage-Based,0.096,0.096,0.096,0.096,0.0960000000,0.0960000000,Standard,1.0000,Hours,USD,0.0960000000,0.096,0.0960000000,USD,1.0000,Hours,AmazonEC2,Compute,Virtual Machines,SKU-093c0d7a3a0491f8523e34c8,Compute,SPRICE-bab283475cbbabd222878e74,"{""InstanceType"":""m6i.large"",""InstanceSeries"":""M6i"",""CoreCount"":2,""MemorySize"":8,""OperatingSystem"":""Linux"",""x_Tenancy"":""Shared""}",arn:aws:ec2:ap-southeast-1:200000000014:instance/i-c8ed1cc5cb2e,i-c8ed1cc5cb2e,EC2 Instance,ap-southeast-1,Asia Pacific (Singapore),ap-southeast-1b,,,,,,,,,,,,,,,,"{""Environment"":""prod"",""CostCenter"":""cc-2087"",""Owner"":""team-platform""}"
AWS,AWS,AWS,AWS,AWS,INV-2026-05-0001,100000000001,ExampleCorp Master Payer,Payer Account,200000000012,staging-platform,Linked Account,2026-05-01T00:00:00Z,2026-06-01T00:00:00Z,2026-05-10T06:00:00Z,2026-05-10T07:00:00Z,Usage,,RDS PostgreSQL db.r6g.large,Usage-Based,0.216,0.216,0.24,0.216,0.2400000000,0.2160000000,Standard,1.0000,Hours,USD,0.2160000000,0.216,0.2400000000,USD,1.0000,Hours,AmazonRDS,Databases,Relational Databases,SKU-7a3ac49181ed25cc4a81dc35,Database,SPRICE-7a34752a4c02e0761e1464be,"{""InstanceType"":""db.r6g.large"",""InstanceSeries"":""R6g"",""CoreCount"":2,""MemorySize"":16,""x_Engine"":""PostgreSQL""}",arn:aws:rds:eu-west-1:200000000012:db/db-03a16646573a,db-03a16646573a,RDS Instance,eu-west-1,EU (Ireland),,,,,,,,,"{""Elements"":[{""ContractId"":""CONTRACT-EA-2026-0001"",""ContractCommitmentId"":""CC-EA-SPEND-0001"",""ContractCommitmentAppliedCost"":0.21600000000000}]}",,,,,,,,"{""Environment"":""prod"",""CostCenter"":""cc-1042"",""Owner"":""team-data""}"
AWS,AWS,AWS,AWS,AWS,INV-2026-05-0001,100000000001,ExampleCorp Master Payer,Payer Account,200000000013,data-analytics,Linked Account,2026-05-01T00:00:00Z,2026-06-01T00:00:00Z,2026-05-28T00:00:00Z,2026-05-29T00:00:00Z,Usage,,Custom metrics,Usage-Based,5.592159,5.592159,6.21351,5.592159,0.3000000000,0.2700000000,Standard,20.7117,Metrics,USD,0.2700000000,5.592159,0.3000000000,USD,20.7117,Metrics,AmazonCloudWatch,Management and Governance,Observability,SKU-7f3902e3f370805f0a245d7f,Monitoring,SPRICE-dae68554fa459d336630e8d7,"{""x_MetricType"":""Custom""}",arn:aws:cloudwatch:ap-southeast-1:200000000013:metric/metric-fe1de3ead34e,metric-fe1de3ead34e,Metric,ap-southeast-1,Asia Pacific (Singapore),,,,,,,,,"{""Elements"":[{""ContractId"":""CONTRACT-EA-2026-0001"",""ContractCommitmentId"":""CC-EA-SPEND-0001"",""ContractCommitmentAppliedCost"":5.59215900000000}]}",,,,,,,,"{""Environment"":""dev"",""CostCenter"":""cc-3110"",""Owner"":""team-data""}"
AWS,AWS,AWS,AWS,AWS,INV-2026-05-0002,100000000002,ExampleCorp Secondary Payer,Payer Account,200000000014,sandbox-dev,Linked Account,2026-05-01T00:00:00Z,2026-06-01T00:00:00Z,2026-05-07T01:00:00Z,2026-05-07T02:00:00Z,Tax,,Synthetic tax 10% on usage record 146: AmazonRDS,One-Time,0.024,0.024,0.024,0.024,,,,,,USD,,0.024,,USD,,,AmazonRDS,Databases,Relational Databases,,,,,,,,,,,,,,,,,,,,,,,,,,"{""Environment"":""staging"",""CostCenter"":""cc-1042"",""Owner"":""team-payments""}"
AWS,AWS,AWS,AWS,AWS,INV-2026-05-0002,100000000002,ExampleCorp Secondary Payer,Payer Account,200000000013,data-analytics,Linked Account,2026-05-01T00:00:00Z,2026-06-01T00:00:00Z,2026-05-10T09:00:00Z,2026-05-10T10:00:00Z,Purchase,,"Savings Plan commitment, amortised for the charge period",Recurring,32.016,0,32.016,32.016,1,1,Standard,32.016,USD,USD,1.0000000000,0,1.0000000000,USD,,,AmazonEC2,Compute,Virtual Machines,SKU-f97a0a852a001de98a89f822,Commitment,SPRICE-eabcd320fdf26504e5dc7dfb,"{""x_PurchaseTerm"":""1yr"",""x_PaymentOption"":""NoUpfront""}",arn:aws:savingsplans:us-east-1::savingsplan/c83c06cb35b406a9,savingsplan-92512fed04bb,Savings Plan,us-east-1,US East (N. Virginia),,arn:aws:savingsplans:us-east-1::savingsplan/c83c06cb35b406a9,ComputeSavingsPlan-1yr-NoUpfront,Spend,Savings Plan,,32.016,USD,,,,,,,,,"{""Environment"":""prod"",""CostCenter"":""cc-2087"",""Owner"":""team-platform""}"
AWS,AWS,AWS,AWS,AWS,INV-2026-05-0002,100000000002,ExampleCorp Secondary Payer,Payer Account,200000000013,data-analytics,Linked Account,2026-05-01T00:00:00Z,2026-06-01T00:00:00Z,2026-05-10T09:00:00Z,2026-05-10T10:00:00Z,Usage,,AmazonEC2 committed usage of 500 machine-equivalents,Usage-Based,0,32.016,48,43.2,0.0960000000,0.0864000000,Committed,500,Hours,USD,0.0864000000,32.016,0.0960000000,USD,500,Hours,AmazonEC2,Compute,Virtual Machines,SKU-736a4dd80178572d8370293d,Compute,SPRICE-c862323f09b487c42efb1c6b,"{""InstanceType"":""m6i.large"",""InstanceSeries"":""M6i"",""CoreCount"":2,""MemorySize"":8,""OperatingSystem"":""Linux"",""x_Tenancy"":""Shared""}",urn:focus-sample:aws:us-east-1:200000000013:compute-fleet:fleet51f91559bc79c65477f2962c,fleet51f91559bc79c65477f2962c,Compute Fleet,us-east-1,US East (N. Virginia),us-east-1b,arn:aws:savingsplans:us-east-1::savingsplan/c83c06cb35b406a9,ComputeSavingsPlan-1yr-NoUpfront,Spend,Savings Plan,Used,32.016,USD,"{""Elements"":[{""ContractId"":""CONTRACT-CD-0002"",""ContractCommitmentId"":""arn:aws:savingsplans:us-east-1::savingsplan/c83c06cb35b406a9"",""ContractCommitmentAppliedCost"":32.0160000000}]}",,,,,,,,"{""Environment"":""staging"",""CostCenter"":""cc-1042"",""Owner"":""team-data"",""SyntheticFleetSize"":""500""}"
AWS,AWS,AWS,AWS,AWS,INV-2026-05-0002,100000000002,ExampleCorp Secondary Payer,Payer Account,200000000013,data-analytics,Linked Account,2026-05-01T00:00:00Z,2026-06-01T00:00:00Z,2026-05-10T10:00:00Z,2026-05-10T11:00:00Z,Purchase,,"Savings Plan commitment, amortised for the charge period",Recurring,32.016,0,32.016,32.016,1,1,Standard,32.016,USD,USD,1.0000000000,0,1.0000000000,USD,,,AmazonEC2,Compute,Virtual Machines,SKU-f97a0a852a001de98a89f822,Commitment,SPRICE-eabcd320fdf26504e5dc7dfb,"{""x_PurchaseTerm"":""1yr"",""x_PaymentOption"":""NoUpfront""}",arn:aws:savingsplans:us-east-1::savingsplan/c83c06cb35b406a9,savingsplan-92512fed04bb,Savings Plan,us-east-1,US East (N. Virginia),,arn:aws:savingsplans:us-east-1::savingsplan/c83c06cb35b406a9,ComputeSavingsPlan-1yr-NoUpfront,Spend,Savings Plan,,32.016,USD,,,,,,,,,"{""Environment"":""dev"",""CostCenter"":""cc-1042"",""Owner"":""team-payments""}"
AWS,AWS,AWS,AWS,AWS,INV-2026-05-0002,100000000002,ExampleCorp Secondary Payer,Payer Account,200000000013,data-analytics,Linked Account,2026-05-01T00:00:00Z,2026-06-01T00:00:00Z,2026-05-10T10:00:00Z,2026-05-10T11:00:00Z,Usage,,AmazonEC2 committed usage of 500 machine-equivalents,Usage-Based,0,32.016,48,43.2,0.0960000000,0.0864000000,Committed,500,Hours,USD,0.0864000000,32.016,0.0960000000,USD,500,Hours,AmazonEC2,Compute,Virtual Machines,SKU-736a4dd80178572d8370293d,Compute,SPRICE-c862323f09b487c42efb1c6b,"{""InstanceType"":""m6i.large"",""InstanceSeries"":""M6i"",""CoreCount"":2,""MemorySize"":8,""OperatingSystem"":""Linux"",""x_Tenancy"":""Shared""}",urn:focus-sample:aws:us-east-1:200000000013:compute-fleet:fleet51f91559bc79c65477f2962c,fleet51f91559bc79c65477f2962c,Compute Fleet,us-east-1,US East (N. Virginia),us-east-1b,arn:aws:savingsplans:us-east-1::savingsplan/c83c06cb35b406a9,ComputeSavingsPlan-1yr-NoUpfront,Spend,Savings Plan,Used,32.016,USD,"{""Elements"":[{""ContractId"":""CONTRACT-CD-0002"",""ContractCommitmentId"":""arn:aws:savingsplans:us-east-1::savingsplan/c83c06cb35b406a9"",""ContractCommitmentAppliedCost"":32.0160000000}]}",,,,,,,,"{""Environment"":""prod"",""CostCenter"":""cc-1042"",""Owner"":""team-payments"",""SyntheticFleetSize"":""500""}"
AWS,AWS,AWS,AWS,AWS,INV-2026-05-0002,100000000002,ExampleCorp Secondary Payer,Payer Account,200000000013,data-analytics,Linked Account,2026-05-01T00:00:00Z,2026-06-01T00:00:00Z,2026-05-10T11:00:00Z,2026-05-10T12:00:00Z,Purchase,,"Savings Plan commitment, amortised for the charge period",Recurring,32.016,0,32.016,32.016,1,1,Standard,32.016,USD,USD,1.0000000000,0,1.0000000000,USD,,,AmazonEC2,Compute,Virtual Machines,SKU-f97a0a852a001de98a89f822,Commitment,SPRICE-eabcd320fdf26504e5dc7dfb,"{""x_PurchaseTerm"":""1yr"",""x_PaymentOption"":""NoUpfront""}",arn:aws:savingsplans:us-east-1::savingsplan/c83c06cb35b406a9,savingsplan-92512fed04bb,Savings Plan,us-east-1,US East (N. Virginia),,arn:aws:savingsplans:us-east-1::savingsplan/c83c06cb35b406a9,ComputeSavingsPlan-1yr-NoUpfront,Spend,Savings Plan,,32.016,USD,,,,,,,,,"{""Environment"":""dev"",""CostCenter"":""cc-3110"",""Owner"":""team-data""}"
AWS,AWS,AWS,AWS,AWS,INV-2026-05-0002,100000000002,ExampleCorp Secondary Payer,Payer Account,200000000013,data-analytics,Linked Account,2026-05-01T00:00:00Z,2026-06-01T00:00:00Z,2026-05-10T11:00:00Z,2026-05-10T12:00:00Z,Usage,,AmazonEC2 committed usage of 500 machine-equivalents,Usage-Based,0,32.016,48,43.2,0.0960000000,0.0864000000,Committed,500,Hours,USD,0.0864000000,32.016,0.0960000000,USD,500,Hours,AmazonEC2,Compute,Virtual Machines,SKU-736a4dd80178572d8370293d,Compute,SPRICE-c862323f09b487c42efb1c6b,"{""InstanceType"":""m6i.large"",""InstanceSeries"":""M6i"",""CoreCount"":2,""MemorySize"":8,""OperatingSystem"":""Linux"",""x_Tenancy"":""Shared""}",urn:focus-sample:aws:us-east-1:200000000013:compute-fleet:fleet51f91559bc79c65477f2962c,fleet51f91559bc79c65477f2962c,Compute Fleet,us-east-1,US East (N. Virginia),us-east-1b,arn:aws:savingsplans:us-east-1::savingsplan/c83c06cb35b406a9,ComputeSavingsPlan-1yr-NoUpfront,Spend,Savings Plan,Used,32.016,USD,"{""Elements"":[{""ContractId"":""CONTRACT-CD-0002"",""ContractCommitmentId"":""arn:aws:savingsplans:us-east-1::savingsplan/c83c06cb35b406a9"",""ContractCommitmentAppliedCost"":32.0160000000}]}",,,,,,,,"{""Environment"":""dev"",""CostCenter"":""cc-1042"",""Owner"":""team-payments"",""SyntheticFleetSize"":""500""}"
AWS,AWS,AWS,AWS,AWS,INV-2026-05-0002,100000000002,ExampleCorp Secondary Payer,Payer Account,200000000013,data-analytics,Linked Account,2026-05-01T00:00:00Z,2026-06-01T00:00:00Z,2026-05-10T12:00:00Z,2026-05-10T13:00:00Z,Purchase,,"Savings Plan commitment, amortised for the charge period",Recurring,32.016,0,32.016,32.016,1,1,Standard,32.016,USD,USD,1.0000000000,0,1.0000000000,USD,,,AmazonEC2,Compute,Virtual Machines,SKU-f97a0a852a001de98a89f822,Commitment,SPRICE-eabcd320fdf26504e5dc7dfb,"{""x_PurchaseTerm"":""1yr"",""x_PaymentOption"":""NoUpfront""}",arn:aws:savingsplans:us-east-1::savingsplan/c83c06cb35b406a9,savingsplan-92512fed04bb,Savings Plan,us-east-1,US East (N. Virginia),,arn:aws:savingsplans:us-east-1::savingsplan/c83c06cb35b406a9,ComputeSavingsPlan-1yr-NoUpfront,Spend,Savings Plan,,32.016,USD,,,,,,,,,"{""Environment"":""dev"",""CostCenter"":""cc-3110"",""Owner"":""team-platform""}"
AWS,AWS,AWS,AWS,AWS,INV-2026-05-0002,100000000002,ExampleCorp Secondary Payer,Payer Account,200000000013,data-analytics,Linked Account,2026-05-01T00:00:00Z,2026-06-01T00:00:00Z,2026-05-10T12:00:00Z,2026-05-10T13:00:00Z,Usage,,AmazonEC2 committed usage of 500 machine-equivalents,Usage-Based,0,32.016,48,43.2,0.0960000000,0.0864000000,Committed,500,Hours,USD,0.0864000000,32.016,0.0960000000,USD,500,Hours,AmazonEC2,Compute,Virtual Machines,SKU-736a4dd80178572d8370293d,Compute,SPRICE-c862323f09b487c42efb1c6b,"{""InstanceType"":""m6i.large"",""InstanceSeries"":""M6i"",""CoreCount"":2,""MemorySize"":8,""OperatingSystem"":""Linux"",""x_Tenancy"":""Shared""}",urn:focus-sample:aws:us-east-1:200000000013:compute-fleet:fleet51f91559bc79c65477f2962c,fleet51f91559bc79c65477f2962c,Compute Fleet,us-east-1,US East (N. Virginia),us-east-1b,arn:aws:savingsplans:us-east-1::savingsplan/c83c06cb35b406a9,ComputeSavingsPlan-1yr-NoUpfront,Spend,Savings Plan,Used,32.016,USD,"{""Elements"":[{""ContractId"":""CONTRACT-CD-0002"",""ContractCommitmentId"":""arn:aws:savingsplans:us-east-1::savingsplan/c83c06cb35b406a9"",""ContractCommitmentAppliedCost"":32.0160000000}]}",,,,,,,,"{""Environment"":""prod"",""CostCenter"":""cc-3110"",""Owner"":""team-data"",""SyntheticFleetSize"":""500""}"
AWS,AWS,AWS,AWS,AWS,INV-2026-05-0002,100000000002,ExampleCorp Secondary Payer,Payer Account,200000000013,data-analytics,Linked Account,2026-05-01T00:00:00Z,2026-06-01T00:00:00Z,2026-05-10T13:00:00Z,2026-05-10T14:00:00Z,Purchase,,"Savings Plan commitment, amortised for the charge period",Recurring,32.016,0,32.016,32.016,1,1,Standard,32.016,USD,USD,1.0000000000,0,1.0000000000,USD,,,AmazonEC2,Compute,Virtual Machines,SKU-f97a0a852a001de98a89f822,Commitment,SPRICE-eabcd320fdf26504e5dc7dfb,"{""x_PurchaseTerm"":""1yr"",""x_PaymentOption"":""NoUpfront""}",arn:aws:savingsplans:us-east-1::savingsplan/c83c06cb35b406a9,savingsplan-92512fed04bb,Savings Plan,us-east-1,US East (N. Virginia),,arn:aws:savingsplans:us-east-1::savingsplan/c83c06cb35b406a9,ComputeSavingsPlan-1yr-NoUpfront,Spend,Savings Plan,,32.016,USD,,,,,,,,,"{""Environment"":""dev"",""CostCenter"":""cc-2087"",""Owner"":""team-platform""}"
AWS,AWS,AWS,AWS,AWS,INV-2026-05-0002,100000000002,ExampleCorp Secondary Payer,Payer Account,200000000013,data-analytics,Linked Account,2026-05-01T00:00:00Z,2026-06-01T00:00:00Z,2026-05-10T13:00:00Z,2026-05-10T14:00:00Z,Usage,,AmazonEC2 committed usage of 500 machine-equivalents,Usage-Based,0,32.016,48,43.2,0.0960000000,0.0864000000,Committed,500,Hours,USD,0.0864000000,32.016,0.0960000000,USD,500,Hours,AmazonEC2,Compute,Virtual Machines,SKU-736a4dd80178572d8370293d,Compute,SPRICE-c862323f09b487c42efb1c6b,"{""InstanceType"":""m6i.large"",""InstanceSeries"":""M6i"",""CoreCount"":2,""MemorySize"":8,""OperatingSystem"":""Linux"",""x_Tenancy"":""Shared""}",urn:focus-sample:aws:us-east-1:200000000013:compute-fleet:fleet51f91559bc79c65477f2962c,fleet51f91559bc79c65477f2962c,Compute Fleet,us-east-1,US East (N. Virginia),us-east-1b,arn:aws:savingsplans:us-east-1::savingsplan/c83c06cb35b406a9,ComputeSavingsPlan-1yr-NoUpfront,Spend,Savings Plan,Used,32.016,USD,"{""Elements"":[{""ContractId"":""CONTRACT-CD-0002"",""ContractCommitmentId"":""arn:aws:savingsplans:us-east-1::savingsplan/c83c06cb35b406a9"",""ContractCommitmentAppliedCost"":32.0160000000}]}",,,,,,,,"{""Environment"":""dev"",""CostCenter"":""cc-1042"",""Owner"":""team-data"",""SyntheticFleetSize"":""500""}"
AWS,AWS,AWS,AWS,AWS,INV-2026-05-0002,100000000002,ExampleCorp Secondary Payer,Payer Account,200000000013,data-analytics,Linked Account,2026-05-01T00:00:00Z,2026-06-01T00:00:00Z,2026-05-10T14:00:00Z,2026-05-10T15:00:00Z,Purchase,,"Savings Plan commitment, amortised for the charge period",Recurring,32.016,0,32.016,32.016,1,1,Standard,32.016,USD,USD,1.0000000000,0,1.0000000000,USD,,,AmazonEC2,Compute,Virtual Machines,SKU-f97a0a852a001de98a89f822,Commitment,SPRICE-eabcd320fdf26504e5dc7dfb,"{""x_PurchaseTerm"":""1yr"",""x_PaymentOption"":""NoUpfront""}",arn:aws:savingsplans:us-east-1::savingsplan/c83c06cb35b406a9,savingsplan-92512fed04bb,Savings Plan,us-east-1,US East (N. Virginia),,arn:aws:savingsplans:us-east-1::savingsplan/c83c06cb35b406a9,ComputeSavingsPlan-1yr-NoUpfront,Spend,Savings Plan,,32.016,USD,,,,,,,,,"{""Environment"":""prod"",""CostCenter"":""cc-3110"",""Owner"":""team-platform""}"
AWS,AWS,AWS,AWS,AWS,INV-2026-05-0002,100000000002,ExampleCorp Secondary Payer,Payer Account,200000000013,data-analytics,Linked Account,2026-05-01T00:00:00Z,2026-06-01T00:00:00Z,2026-05-10T14:00:00Z,2026-05-10T15:00:00Z,Usage,,AmazonEC2 committed usage of 500 machine-equivalents,Usage-Based,0,32.016,48,43.2,0.0960000000,0.0864000000,Committed,500,Hours,USD,0.0864000000,32.016,0.0960000000,USD,500,Hours,AmazonEC2,Compute,Virtual Machines,SKU-736a4dd80178572d8370293d,Compute,SPRICE-c862323f09b487c42efb1c6b,"{""InstanceType"":""m6i.large"",""InstanceSeries"":""M6i"",""CoreCount"":2,""MemorySize"":8,""OperatingSystem"":""Linux"",""x_Tenancy"":""Shared""}",urn:focus-sample:aws:us-east-1:200000000013:compute-fleet:fleet51f91559bc79c65477f2962c,fleet51f91559bc79c65477f2962c,Compute Fleet,us-east-1,US East (N. Virginia),us-east-1b,arn:aws:savingsplans:us-east-1::savingsplan/c83c06cb35b406a9,ComputeSavingsPlan-1yr-NoUpfront,Spend,Savings Plan,Used,32.016,USD,"{""Elements"":[{""ContractId"":""CONTRACT-CD-0002"",""ContractCommitmentId"":""arn:aws:savingsplans:us-east-1::savingsplan/c83c06cb35b406a9"",""ContractCommitmentAppliedCost"":32.0160000000}]}",,,,,,,,"{""Environment"":""dev"",""CostCenter"":""cc-3110"",""Owner"":""team-platform"",""SyntheticFleetSize"":""500""}"
AWS,AWS,AWS,AWS,AWS,INV-2026-05-0002,100000000002,ExampleCorp Secondary Payer,Payer Account,200000000013,data-analytics,Linked Account,2026-05-01T00:00:00Z,2026-06-01T00:00:00Z,2026-05-10T15:00:00Z,2026-05-10T16:00:00Z,Purchase,,"Savings Plan commitment, amortised for the charge period",Recurring,32.016,0,32.016,32.016,1,1,Standard,32.016,USD,USD,1.0000000000,0,1.0000000000,USD,,,AmazonEC2,Compute,Virtual Machines,SKU-f97a0a852a001de98a89f822,Commitment,SPRICE-eabcd320fdf26504e5dc7dfb,"{""x_PurchaseTerm"":""1yr"",""x_PaymentOption"":""NoUpfront""}",arn:aws:savingsplans:us-east-1::savingsplan/c83c06cb35b406a9,savingsplan-92512fed04bb,Savings Plan,us-east-1,US East (N. Virginia),,arn:aws:savingsplans:us-east-1::savingsplan/c83c06cb35b406a9,ComputeSavingsPlan-1yr-NoUpfront,Spend,Savings Plan,,32.016,USD,,,,,,,,,"{""Environment"":""prod"",""CostCenter"":""cc-3110"",""Owner"":""team-platform""}"
AWS,AWS,AWS,AWS,AWS,INV-2026-05-0002,100000000002,ExampleCorp Secondary Payer,Payer Account,200000000013,data-analytics,Linked Account,2026-05-01T00:00:00Z,2026-06-01T00:00:00Z,2026-05-10T15:00:00Z,2026-05-10T16:00:00Z,Usage,,AmazonEC2 committed usage of 500 machine-equivalents,Usage-Based,0,32.016,48,43.2,0.0960000000,0.0864000000,Committed,500,Hours,USD,0.0864000000,32.016,0.0960000000,USD,500,Hours,AmazonEC2,Compute,Virtual Machines,SKU-736a4dd80178572d8370293d,Compute,SPRICE-c862323f09b487c42efb1c6b,"{""InstanceType"":""m6i.large"",""InstanceSeries"":""M6i"",""CoreCount"":2,""MemorySize"":8,""OperatingSystem"":""Linux"",""x_Tenancy"":""Shared""}",urn:focus-sample:aws:us-east-1:200000000013:compute-fleet:fleet51f91559bc79c65477f2962c,fleet51f91559bc79c65477f2962c,Compute Fleet,us-east-1,US East (N. Virginia),us-east-1b,arn:aws:savingsplans:us-east-1::savingsplan/c83c06cb35b406a9,ComputeSavingsPlan-1yr-NoUpfront,Spend,Savings Plan,Used,32.016,USD,"{""Elements"":[{""ContractId"":""CONTRACT-CD-0002"",""ContractCommitmentId"":""arn:aws:savingsplans:us-east-1::savingsplan/c83c06cb35b406a9"",""ContractCommitmentAppliedCost"":32.0160000000}]}",,,,,,,,"{""Environment"":""dev"",""CostCenter"":""cc-2087"",""Owner"":""team-platform"",""SyntheticFleetSize"":""500""}"
AWS,AWS,AWS,AWS,AWS,INV-2026-05-0002,100000000002,ExampleCorp Secondary Payer,Payer Account,200000000013,data-analytics,Linked Account,2026-05-01T00:00:00Z,2026-06-01T00:00:00Z,2026-05-10T16:00:00Z,2026-05-10T17:00:00Z,Purchase,,"Savings Plan commitment, amortised for the charge period",Recurring,32.016,0,32.016,32.016,1,1,Standard,32.016,USD,USD,1.0000000000,0,1.0000000000,USD,,,AmazonEC2,Compute,Virtual Machines,SKU-f97a0a852a001de98a89f822,Commitment,SPRICE-eabcd320fdf26504e5dc7dfb,"{""x_PurchaseTerm"":""1yr"",""x_PaymentOption"":""NoUpfront""}",arn:aws:savingsplans:us-east-1::savingsplan/c83c06cb35b406a9,savingsplan-92512fed04bb,Savings Plan,us-east-1,US East (N. Virginia),,arn:aws:savingsplans:us-east-1::savingsplan/c83c06cb35b406a9,ComputeSavingsPlan-1yr-NoUpfront,Spend,Savings Plan,,32.016,USD,,,,,,,,,"{""Environment"":""prod"",""CostCenter"":""cc-2087"",""Owner"":""team-data""}"
AWS,AWS,AWS,AWS,AWS,INV-2026-05-0002,100000000002,ExampleCorp Secondary Payer,Payer Account,200000000013,data-analytics,Linked Account,2026-05-01T00:00:00Z,2026-06-01T00:00:00Z,2026-05-10T16:00:00Z,2026-05-10T17:00:00Z,Usage,,AmazonEC2 committed usage of 500 machine-equivalents,Usage-Based,0,32.016,48,43.2,0.0960000000,0.0864000000,Committed,500,Hours,USD,0.0864000000,32.016,0.0960000000,USD,500,Hours,AmazonEC2,Compute,Virtual Machines,SKU-736a4dd80178572d8370293d,Compute,SPRICE-c862323f09b487c42efb1c6b,"{""InstanceType"":""m6i.large"",""InstanceSeries"":""M6i"",""CoreCount"":2,""MemorySize"":8,""OperatingSystem"":""Linux"",""x_Tenancy"":""Shared""}",urn:focus-sample:aws:us-east-1:200000000013:compute-fleet:fleet51f91559bc79c65477f2962c,fleet51f91559bc79c65477f2962c,Compute Fleet,us-east-1,US East (N. Virginia),us-east-1b,arn:aws:savingsplans:us-east-1::savingsplan/c83c06cb35b406a9,ComputeSavingsPlan-1yr-NoUpfront,Spend,Savings Plan,Used,32.016,USD,"{""Elements"":[{""ContractId"":""CONTRACT-CD-0002"",""ContractCommitmentId"":""arn:aws:savingsplans:us-east-1::savingsplan/c83c06cb35b406a9"",""ContractCommitmentAppliedCost"":32.0160000000}]}",,,,,,,,"{""Environment"":""dev"",""CostCenter"":""cc-1042"",""Owner"":""team-platform"",""SyntheticFleetSize"":""500""}"
AWS,AWS,AWS,AWS,AWS,INV-2026-05-0002,100000000002,ExampleCorp Secondary Payer,Payer Account,200000000013,data-analytics,Linked Account,2026-05-01T00:00:00Z,2026-06-01T00:00:00Z,2026-05-10T17:00:00Z,2026-05-10T18:00:00Z,Purchase,,"Savings Plan commitment, amortised for the charge period",Recurring,32.016,0,32.016,32.016,1,1,Standard,32.016,USD,USD,1.0000000000,0,1.0000000000,USD,,,AmazonEC2,Compute,Virtual Machines,SKU-f97a0a852a001de98a89f822,Commitment,SPRICE-eabcd320fdf26504e5dc7dfb,"{""x_PurchaseTerm"":""1yr"",""x_PaymentOption"":""NoUpfront""}",arn:aws:savingsplans:us-east-1::savingsplan/c83c06cb35b406a9,savingsplan-92512fed04bb,Savings Plan,us-east-1,US East (N. Virginia),,arn:aws:savingsplans:us-east-1::savingsplan/c83c06cb35b406a9,ComputeSavingsPlan-1yr-NoUpfront,Spend,Savings Plan,,32.016,USD,,,,,,,,,"{""Environment"":""staging"",""CostCenter"":""cc-2087"",""Owner"":""team-payments""}"
AWS,AWS,AWS,AWS,AWS,INV-2026-05-0002,100000000002,ExampleCorp Secondary Payer,Payer Account,200000000013,data-analytics,Linked Account,2026-05-01T00:00:00Z,2026-06-01T00:00:00Z,2026-05-10T17:00:00Z,2026-05-10T18:00:00Z,Usage,,AmazonEC2 committed usage of 500 machine-equivalents,Usage-Based,0,32.016,48,43.2,0.0960000000,0.0864000000,Committed,500,Hours,USD,0.0864000000,32.016,0.0960000000,USD,500,Hours,AmazonEC2,Compute,Virtual Machines,SKU-736a4dd80178572d8370293d,Compute,SPRICE-c862323f09b487c42efb1c6b,"{""InstanceType"":""m6i.large"",""InstanceSeries"":""M6i"",""CoreCount"":2,""MemorySize"":8,""OperatingSystem"":""Linux"",""x_Tenancy"":""Shared""}",urn:focus-sample:aws:us-east-1:200000000013:compute-fleet:fleet51f91559bc79c65477f2962c,fleet51f91559bc79c65477f2962c,Compute Fleet,us-east-1,US East (N. Virginia),us-east-1b,arn:aws:savingsplans:us-east-1::savingsplan/c83c06cb35b406a9,ComputeSavingsPlan-1yr-NoUpfront,Spend,Savings Plan,Used,32.016,USD,"{""Elements"":[{""ContractId"":""CONTRACT-CD-0002"",""ContractCommitmentId"":""arn:aws:savingsplans:us-east-1::savingsplan/c83c06cb35b406a9"",""ContractCommitmentAppliedCost"":32.0160000000}]}",,,,,,,,"{""Environment"":""staging"",""CostCenter"":""cc-1042"",""Owner"":""team-data"",""SyntheticFleetSize"":""500""}"
AWS,AWS,AWS,AWS,AWS,INV-2026-05-0002,100000000002,ExampleCorp Secondary Payer,Payer Account,200000000013,data-analytics,Linked Account,2026-05-01T00:00:00Z,2026-06-01T00:00:00Z,2026-05-10T18:00:00Z,2026-05-10T19:00:00Z,Purchase,,"Savings Plan commitment, amortised for the charge period",Recurring,32.016,0,32.016,32.016,1,1,Standard,32.016,USD,USD,1.0000000000,0,1.0000000000,USD,,,AmazonEC2,Compute,Virtual Machines,SKU-f97a0a852a001de98a89f822,Commitment,SPRICE-eabcd320fdf26504e5dc7dfb,"{""x_PurchaseTerm"":""1yr"",""x_PaymentOption"":""NoUpfront""}",arn:aws:savingsplans:us-east-1::savingsplan/c83c06cb35b406a9,savingsplan-92512fed04bb,Savings Plan,us-east-1,US East (N. Virginia),,arn:aws:savingsplans:us-east-1::savingsplan/c83c06cb35b406a9,ComputeSavingsPlan-1yr-NoUpfront,Spend,Savings Plan,,32.016,USD,,,,,,,,,"{""Environment"":""staging"",""CostCenter"":""cc-1042"",""Owner"":""team-platform""}"
AWS,AWS,AWS,AWS,AWS,INV-2026-05-0002,100000000002,ExampleCorp Secondary Payer,Payer Account,200000000013,data-analytics,Linked Account,2026-05-01T00:00:00Z,2026-06-01T00:00:00Z,2026-05-10T18:00:00Z,2026-05-10T19:00:00Z,Usage,,Savings Plan unused commitment,Usage-Based,0,32.016,32.016,32.016,1,1,Committed,32.016,USD,USD,1.0000000000,32.016,1.0000000000,USD,,,AmazonEC2,Compute,Virtual Machines,SKU-f97a0a852a001de98a89f822,Commitment,SPRICE-eabcd320fdf26504e5dc7dfb,"{""x_PurchaseTerm"":""1yr"",""x_PaymentOption"":""NoUpfront""}",arn:aws:savingsplans:us-east-1::savingsplan/c83c06cb35b406a9,savingsplan-92512fed04bb,Savings Plan,us-east-1,US East (N. Virginia),,arn:aws:savingsplans:us-east-1::savingsplan/c83c06cb35b406a9,ComputeSavingsPlan-1yr-NoUpfront,Spend,Savings Plan,Unused,32.016,USD,"{""Elements"":[{""ContractId"":""CONTRACT-CD-0002"",""ContractCommitmentId"":""arn:aws:savingsplans:us-east-1::savingsplan/c83c06cb35b406a9"",""ContractCommitmentAppliedCost"":32.0160000000}]}",,,,,,,,"{""Environment"":""dev"",""CostCenter"":""cc-3110"",""Owner"":""team-payments""}"
AWS,AWS,AWS,AWS,AWS,INV-2026-05-0001,100000000001,ExampleCorp Master Payer,Payer Account,200000000014,sandbox-dev,Linked Account,2026-05-01T00:00:00Z,2026-06-01T00:00:00Z,2026-05-22T00:00:00Z,2026-05-23T00:00:00Z,Usage,,Glue ETL job run,Usage-Based,87.49158,87.49158,87.49158,87.49158,0.4400000000,0.4400000000,Standard,198.8445,DPU-Hours,USD,0.4400000000,87.49158,0.4400000000,USD,198.8445,DPU-Hours,AWSGlue,Analytics,Data Processing,SKU-118148093a04e718819dbb3f,Data Processing,SPRICE-f140a6944df35cbb51f25679,"{""x_WorkerType"":""G.1X""}",arn:aws:glue:us-west-2:200000000014:job/job-c43124bf2bdd,job-c43124bf2bdd,Glue Job,us-west-2,US West (Oregon),,,,,,,,,,,,,,,,,"{""Environment"":""dev"",""CostCenter"":""cc-2087"",""Owner"":""team-payments""}"
AWS,AWS,AWS,AWS,AWS,INV-2026-05-0002,100000000002,ExampleCorp Secondary Payer,Payer Account,200000000011,prod-platform,Linked Account,2026-05-01T00:00:00Z,2026-06-01T00:00:00Z,2026-05-23T00:00:00Z,2026-05-24T00:00:00Z,Purchase,,AmazonS3 subscription fee,Recurring,387.83,387.83,387.83,387.83,387.83,387.83,Standard,1,Units,USD,387.8300000000,387.83,387.8300000000,USD,,,AmazonS3,Storage,Object Storage,SKU-b1746099ede53568b3911f52,Subscription,SPRICE-d8675cf4fb69d225a4692e54,"{""x_ChargeType"": ""SubscriptionFee""}",arn:aws:s3:ap-southeast-1:200000000011:bucket/bucket-60ad24beaa57,bucket-60ad24beaa57,S3 Bucket,ap-southeast-1,Asia Pacific (Singapore),,,,,,,,,,,,,,,,,"{""Environment"":""staging"",""CostCenter"":""cc-3110"",""Owner"":""team-platform""}"
AWS,AWS,AWS,AWS,AWS,INV-2026-05-0002,100000000002,ExampleCorp Secondary Payer,Payer Account,200000000013,data-analytics,Linked Account,2026-05-01T00:00:00Z,2026-06-01T00:00:00Z,2026-05-01T00:00:00Z,2026-06-01T00:00:00Z,Usage,,S3 Standard storage,Usage-Based,113.3675842,113.3675842,113.3675842,113.3675842,0.0230000000,0.0230000000,Standard,4929.0254,GB-Months,USD,0.0230000000,113.3675842,0.0230000000,USD,4929.0254,GB-Months,AmazonS3,Storage,Object Storage,SKU-e7cfcc3199bb16b2dd7b1493,Storage,SPRICE-5d75931c911c493aa2aa3d41,"{""StorageClass"":""Standard"",""Redundancy"":""Zonal""}",arn:aws:s3:ap-southeast-1:200000000013:bucket/bucket-e723f41a2aef,bucket-e723f41a2aef,S3 Bucket,ap-southeast-1,Asia Pacific (Singapore),,,,,,,,,,,,,,,,,"{""Environment"":""prod"",""CostCenter"":""cc-2087"",""Owner"":""team-payments""}"
AWS,AWS,AWS,AWS,AWS,INV-2026-05-0002,100000000002,ExampleCorp Secondary Payer,Payer Account,200000000013,data-analytics,Linked Account,2026-05-01T00:00:00Z,2026-06-01T00:00:00Z,2026-05-11T08:00:00Z,2026-05-11T09:00:00Z,Usage,,Lambda function duration,Usage-Based,51.66827511467689,51.66827511467689,51.66827511467689,51.66827511467689,0.0000166667,0.0000166667,Standard,3100090.3067,GB-Seconds,USD,0.0000166667,51.66827511467689,0.0000166667,USD,3100090.3067,GB-Seconds,AWSLambda,Compute,Serverless Compute,SKU-7828f3c3be040bf04a99c13a,Compute,SPRICE-f43f05862dbfbeb78999da05,"{""x_Runtime"":""python3.12"",""x_Architecture"":""arm64""}",arn:aws:lambda:eu-west-1:200000000013:function/fn-f6ef95d4462e,fn-f6ef95d4462e,Lambda Function,eu-west-1,EU (Ireland),,,,,,,,,,,,,,,,,"{""Environment"":""dev"",""CostCenter"":""cc-2087"",""Owner"":""team-data""}"
AWS,AWS,AWS,AWS,AWS,INV-2026-05-0002,100000000002,ExampleCorp Secondary Payer,Payer Account,200000000012,staging-platform,Linked Account,2026-05-01T00:00:00Z,2026-06-01T00:00:00Z,2026-05-11T09:00:00Z,2026-05-11T10:00:00Z,Purchase,,"Savings Plan commitment, amortised for the charge period",Recurring,32.016,0,32.016,32.016,1,1,Standard,32.016,USD,USD,1.0000000000,0,1.0000000000,USD,,,AmazonEC2,Compute,Virtual Machines,SKU-f97a0a852a001de98a89f822,Commitment,SPRICE-eabcd320fdf26504e5dc7dfb,"{""x_PurchaseTerm"":""1yr"",""x_PaymentOption"":""NoUpfront""}",arn:aws:savingsplans:us-east-1::savingsplan/92e4acaf3c4b87b0,savingsplan-997bff9c7a1b,Savings Plan,us-east-1,US East (N. Virginia),,arn:aws:savingsplans:us-east-1::savingsplan/92e4acaf3c4b87b0,ComputeSavingsPlan-1yr-NoUpfront,Spend,Savings Plan,,32.016,USD,,,,,,,,,"{""Environment"":""dev"",""CostCenter"":""cc-1042"",""Owner"":""team-data""}"
AWS,AWS,AWS,AWS,AWS,INV-2026-05-0002,100000000002,ExampleCorp Secondary Payer,Payer Account,200000000012,staging-platform,Linked Account,2026-05-01T00:00:00Z,2026-06-01T00:00:00Z,2026-05-11T09:00:00Z,2026-05-11T10:00:00Z,Usage,,AmazonEC2 committed usage of 500 machine-equivalents,Usage-Based,0,32.016,48,43.2,0.0960000000,0.0864000000,Committed,500,Hours,USD,0.0864000000,32.016,0.0960000000,USD,500,Hours,AmazonEC2,Compute,Virtual Machines,SKU-736a4dd80178572d8370293d,Compute,SPRICE-c862323f09b487c42efb1c6b,"{""InstanceType"":""m6i.large"",""InstanceSeries"":""M6i"",""CoreCount"":2,""MemorySize"":8,""OperatingSystem"":""Linux"",""x_Tenancy"":""Shared""}",urn:focus-sample:aws:us-east-1:200000000012:compute-fleet:fleet826e34485d0dc850a24c5cfc,fleet826e34485d0dc850a24c5cfc,Compute Fleet,us-east-1,US East (N. Virginia),us-east-1b,arn:aws:savingsplans:us-east-1::savingsplan/92e4acaf3c4b87b0,ComputeSavingsPlan-1yr-NoUpfront,Spend,Savings Plan,Used,32.016,USD,"{""Elements"":[{""ContractId"":""CONTRACT-CD-0002"",""ContractCommitmentId"":""arn:aws:savingsplans:us-east-1::savingsplan/92e4acaf3c4b87b0"",""ContractCommitmentAppliedCost"":32.0160000000}]}",,,,,,,,"{""Environment"":""prod"",""CostCenter"":""cc-3110"",""Owner"":""team-platform"",""SyntheticFleetSize"":""500""}"
AWS,AWS,AWS,AWS,AWS,INV-2026-05-0002,100000000002,ExampleCorp Secondary Payer,Payer Account,200000000012,staging-platform,Linked Account,2026-05-01T00:00:00Z,2026-06-01T00:00:00Z,2026-05-11T10:00:00Z,2026-05-11T11:00:00Z,Purchase,,"Savings Plan commitment, amortised for the charge period",Recurring,32.016,0,32.016,32.016,1,1,Standard,32.016,USD,USD,1.0000000000,0,1.0000000000,USD,,,AmazonEC2,Compute,Virtual Machines,SKU-f97a0a852a001de98a89f822,Commitment,SPRICE-eabcd320fdf26504e5dc7dfb,"{""x_PurchaseTerm"":""1yr"",""x_PaymentOption"":""NoUpfront""}",arn:aws:savingsplans:us-east-1::savingsplan/92e4acaf3c4b87b0,savingsplan-997bff9c7a1b,Savings Plan,us-east-1,US East (N. Virginia),,arn:aws:savingsplans:us-east-1::savingsplan/92e4acaf3c4b87b0,ComputeSavingsPlan-1yr-NoUpfront,Spend,Savings Plan,,32.016,USD,,,,,,,,,"{""Environment"":""prod"",""CostCenter"":""cc-2087"",""Owner"":""team-data""}"
AWS,AWS,AWS,AWS,AWS,INV-2026-05-0002,100000000002,ExampleCorp Secondary Payer,Payer Account,200000000012,staging-platform,Linked Account,2026-05-01T00:00:00Z,2026-06-01T00:00:00Z,2026-05-11T10:00:00Z,2026-05-11T11:00:00Z,Usage,,AmazonEC2 committed usage of 500 machine-equivalents,Usage-Based,0,32.016,48,43.2,0.0960000000,0.0864000000,Committed,500,Hours,USD,0.0864000000,32.016,0.0960000000,USD,500,Hours,AmazonEC2,Compute,Virtual Machines,SKU-736a4dd80178572d8370293d,Compute,SPRICE-c862323f09b487c42efb1c6b,"{""InstanceType"":""m6i.large"",""InstanceSeries"":""M6i"",""CoreCount"":2,""MemorySize"":8,""OperatingSystem"":""Linux"",""x_Tenancy"":""Shared""}",urn:focus-sample:aws:us-east-1:200000000012:compute-fleet:fleet826e34485d0dc850a24c5cfc,fleet826e34485d0dc850a24c5cfc,Compute Fleet,us-east-1,US East (N. Virginia),us-east-1b,arn:aws:savingsplans:us-east-1::savingsplan/92e4acaf3c4b87b0,ComputeSavingsPlan-1yr-NoUpfront,Spend,Savings Plan,Used,32.016,USD,"{""Elements"":[{""ContractId"":""CONTRACT-CD-0002"",""ContractCommitmentId"":""arn:aws:savingsplans:us-east-1::savingsplan/92e4acaf3c4b87b0"",""ContractCommitmentAppliedCost"":32.0160000000}]}",,,,,,,,"{""Environment"":""staging"",""CostCenter"":""cc-1042"",""Owner"":""team-payments"",""SyntheticFleetSize"":""500""}"
AWS,AWS,AWS,AWS,AWS,INV-2026-05-0002,100000000002,ExampleCorp Secondary Payer,Payer Account,200000000012,staging-platform,Linked Account,2026-05-01T00:00:00Z,2026-06-01T00:00:00Z,2026-05-11T11:00:00Z,2026-05-11T12:00:00Z,Purchase,,"Savings Plan commitment, amortised for the charge period",Recurring,32.016,0,32.016,32.016,1,1,Standard,32.016,USD,USD,1.0000000000,0,1.0000000000,USD,,,AmazonEC2,Compute,Virtual Machines,SKU-f97a0a852a001de98a89f822,Commitment,SPRICE-eabcd320fdf26504e5dc7dfb,"{""x_PurchaseTerm"":""1yr"",""x_PaymentOption"":""NoUpfront""}",arn:aws:savingsplans:us-east-1::savingsplan/92e4acaf3c4b87b0,savingsplan-997bff9c7a1b,Savings Plan,us-east-1,US East (N. Virginia),,arn:aws:savingsplans:us-east-1::savingsplan/92e4acaf3c4b87b0,ComputeSavingsPlan-1yr-NoUpfront,Spend,Savings Plan,,32.016,USD,,,,,,,,,"{""Environment"":""staging"",""CostCenter"":""cc-2087"",""Owner"":""team-payments""}"
AWS,AWS,AWS,AWS,AWS,INV-2026-05-0002,100000000002,ExampleCorp Secondary Payer,Payer Account,200000000012,staging-platform,Linked Account,2026-05-01T00:00:00Z,2026-06-01T00:00:00Z,2026-05-11T11:00:00Z,2026-05-11T12:00:00Z,Usage,,AmazonEC2 committed usage of 500 machine-equivalents,Usage-Based,0,32.016,48,43.2,0.0960000000,0.0864000000,Committed,500,Hours,USD,0.0864000000,32.016,0.0960000000,USD,500,Hours,AmazonEC2,Compute,Virtual Machines,SKU-736a4dd80178572d8370293d,Compute,SPRICE-c862323f09b487c42efb1c6b,"{""InstanceType"":""m6i.large"",""InstanceSeries"":""M6i"",""CoreCount"":2,""MemorySize"":8,""OperatingSystem"":""Linux"",""x_Tenancy"":""Shared""}",urn:focus-sample:aws:us-east-1:200000000012:compute-fleet:fleet826e34485d0dc850a24c5cfc,fleet826e34485d0dc850a24c5cfc,Compute Fleet,us-east-1,US East (N. Virginia),us-east-1b,arn:aws:savingsplans:us-east-1::savingsplan/92e4acaf3c4b87b0,ComputeSavingsPlan-1yr-NoUpfront,Spend,Savings Plan,Used,32.016,USD,"{""Elements"":[{""ContractId"":""CONTRACT-CD-0002"",""ContractCommitmentId"":""arn:aws:savingsplans:us-east-1::savingsplan/92e4acaf3c4b87b0"",""ContractCommitmentAppliedCost"":32.0160000000}]}",,,,,,,,"{""Environment"":""staging"",""CostCenter"":""cc-2087"",""Owner"":""team-platform"",""SyntheticFleetSize"":""500""}"
AWS,AWS,AWS,AWS,AWS,INV-2026-05-0002,100000000002,ExampleCorp Secondary Payer,Payer Account,200000000012,staging-platform,Linked Account,2026-05-01T00:00:00Z,2026-06-01T00:00:00Z,2026-05-11T12:00:00Z,2026-05-11T13:00:00Z,Purchase,,"Savings Plan commitment, amortised for the charge period",Recurring,32.016,0,32.016,32.016,1,1,Standard,32.016,USD,USD,1.0000000000,0,1.0000000000,USD,,,AmazonEC2,Compute,Virtual Machines,SKU-f97a0a852a001de98a89f822,Commitment,SPRICE-eabcd320fdf26504e5dc7dfb,"{""x_PurchaseTerm"":""1yr"",""x_PaymentOption"":""NoUpfront""}",arn:aws:savingsplans:us-east-1::savingsplan/92e4acaf3c4b87b0,savingsplan-997bff9c7a1b,Savings Plan,us-east-1,US East (N. Virginia),,arn:aws:savingsplans:us-east-1::savingsplan/92e4acaf3c4b87b0,ComputeSavingsPlan-1yr-NoUpfront,Spend,Savings Plan,,32.016,USD,,,,,,,,,"{""Environment"":""dev"",""CostCenter"":""cc-2087"",""Owner"":""team-data""}"
AWS,AWS,AWS,AWS,AWS,INV-2026-05-0002,100000000002,ExampleCorp Secondary Payer,Payer Account,200000000012,staging-platform,Linked Account,2026-05-01T00:00:00Z,2026-06-01T00:00:00Z,2026-05-11T12:00:00Z,2026-05-11T13:00:00Z,Usage,,AmazonEC2 committed usage of 500 machine-equivalents,Usage-Based,0,32.016,48,43.2,0.0960000000,0.0864000000,Committed,500,Hours,USD,0.0864000000,32.016,0.0960000000,USD,500,Hours,AmazonEC2,Compute,Virtual Machines,SKU-736a4dd80178572d8370293d,Compute,SPRICE-c862323f09b487c42efb1c6b,"{""InstanceType"":""m6i.large"",""InstanceSeries"":""M6i"",""CoreCount"":2,""MemorySize"":8,""OperatingSystem"":""Linux"",""x_Tenancy"":""Shared""}",urn:focus-sample:aws:us-east-1:200000000012:compute-fleet:fleet826e34485d0dc850a24c5cfc,fleet826e34485d0dc850a24c5cfc,Compute Fleet,us-east-1,US East (N. Virginia),us-east-1b,arn:aws:savingsplans:us-east-1::savingsplan/92e4acaf3c4b87b0,ComputeSavingsPlan-1yr-NoUpfront,Spend,Savings Plan,Used,32.016,USD,"{""Elements"":[{""ContractId"":""CONTRACT-CD-0002"",""ContractCommitmentId"":""arn:aws:savingsplans:us-east-1::savingsplan/92e4acaf3c4b87b0"",""ContractCommitmentAppliedCost"":32.0160000000}]}",,,,,,,,"{""Environment"":""staging"",""CostCenter"":""cc-1042"",""Owner"":""team-data"",""SyntheticFleetSize"":""500""}"
AWS,AWS,AWS,AWS,AWS,INV-2026-05-0002,100000000002,ExampleCorp Secondary Payer,Payer Account,200000000012,staging-platform,Linked Account,2026-05-01T00:00:00Z,2026-06-01T00:00:00Z,2026-05-11T13:00:00Z,2026-05-11T14:00:00Z,Purchase,,"Savings Plan commitment, amortised for the charge period",Recurring,32.016,0,32.016,32.016,1,1,Standard,32.016,USD,USD,1.0000000000,0,1.0000000000,USD,,,AmazonEC2,Compute,Virtual Machines,SKU-f97a0a852a001de98a89f822,Commitment,SPRICE-eabcd320fdf26504e5dc7dfb,"{""x_PurchaseTerm"":""1yr"",""x_PaymentOption"":""NoUpfront""}",arn:aws:savingsplans:us-east-1::savingsplan/92e4acaf3c4b87b0,savingsplan-997bff9c7a1b,Savings Plan,us-east-1,US East (N. Virginia),,arn:aws:savingsplans:us-east-1::savingsplan/92e4acaf3c4b87b0,ComputeSavingsPlan-1yr-NoUpfront,Spend,Savings Plan,,32.016,USD,,,,,,,,,"{""Environment"":""prod"",""CostCenter"":""cc-3110"",""Owner"":""team-platform""}"
AWS,AWS,AWS,AWS,AWS,INV-2026-05-0002,100000000002,ExampleCorp Secondary Payer,Payer Account,200000000012,staging-platform,Linked Account,2026-05-01T00:00:00Z,2026-06-01T00:00:00Z,2026-05-11T13:00:00Z,2026-05-11T14:00:00Z,Usage,,AmazonEC2 committed usage of 500 machine-equivalents,Usage-Based,0,32.016,48,43.2,0.0960000000,0.0864000000,Committed,500,Hours,USD,0.0864000000,32.016,0.0960000000,USD,500,Hours,AmazonEC2,Compute,Virtual Machines,SKU-736a4dd80178572d8370293d,Compute,SPRICE-c862323f09b487c42efb1c6b,"{""InstanceType"":""m6i.large"",""InstanceSeries"":""M6i"",""CoreCount"":2,""MemorySize"":8,""OperatingSystem"":""Linux"",""x_Tenancy"":""Shared""}",urn:focus-sample:aws:us-east-1:200000000012:compute-fleet:fleet826e34485d0dc850a24c5cfc,fleet826e34485d0dc850a24c5cfc,Compute Fleet,us-east-1,US East (N. Virginia),us-east-1b,arn:aws:savingsplans:us-east-1::savingsplan/92e4acaf3c4b87b0,ComputeSavingsPlan-1yr-NoUpfront,Spend,Savings Plan,Used,32.016,USD,"{""Elements"":[{""ContractId"":""CONTRACT-CD-0002"",""ContractCommitmentId"":""arn:aws:savingsplans:us-east-1::savingsplan/92e4acaf3c4b87b0"",""ContractCommitmentAppliedCost"":32.0160000000}]}",,,,,,,,"{""Environment"":""dev"",""CostCenter"":""cc-3110"",""Owner"":""team-data"",""SyntheticFleetSize"":""500""}"
AWS,AWS,AWS,AWS,AWS,INV-2026-05-0002,100000000002,ExampleCorp Secondary Payer,Payer Account,200000000012,staging-platform,Linked Account,2026-05-01T00:00:00Z,2026-06-01T00:00:00Z,2026-05-11T14:00:00Z,2026-05-11T15:00:00Z,Purchase,,"Savings Plan commitment, amortised for the charge period",Recurring,32.016,0,32.016,32.016,1,1,Standard,32.016,USD,USD,1.0000000000,0,1.0000000000,USD,,,AmazonEC2,Compute,Virtual Machines,SKU-f97a0a852a001de98a89f822,Commitment,SPRICE-eabcd320fdf26504e5dc7dfb,"{""x_PurchaseTerm"":""1yr"",""x_PaymentOption"":""NoUpfront""}",arn:aws:savingsplans:us-east-1::savingsplan/92e4acaf3c4b87b0,savingsplan-997bff9c7a1b,Savings Plan,us-east-1,US East (N. Virginia),,arn:aws:savingsplans:us-east-1::savingsplan/92e4acaf3c4b87b0,ComputeSavingsPlan-1yr-NoUpfront,Spend,Savings Plan,,32.016,USD,,,,,,,,,"{""Environment"":""dev"",""CostCenter"":""cc-2087"",""Owner"":""team-platform""}"
AWS,AWS,AWS,AWS,AWS,INV-2026-05-0002,100000000002,ExampleCorp Secondary Payer,Payer Account,200000000012,staging-platform,Linked Account,2026-05-01T00:00:00Z,2026-06-01T00:00:00Z,2026-05-11T14:00:00Z,2026-05-11T15:00:00Z,Usage,,Savings Plan unused commitment,Usage-Based,0,32.016,32.016,32.016,1,1,Committed,32.016,USD,USD,1.0000000000,32.016,1.0000000000,USD,,,AmazonEC2,Compute,Virtual Machines,SKU-f97a0a852a001de98a89f822,Commitment,SPRICE-eabcd320fdf26504e5dc7dfb,"{""x_PurchaseTerm"":""1yr"",""x_PaymentOption"":""NoUpfront""}",arn:aws:savingsplans:us-east-1::savingsplan/92e4acaf3c4b87b0,savingsplan-997bff9c7a1b,Savings Plan,us-east-1,US East (N. Virginia),,arn:aws:savingsplans:us-east-1::savingsplan/92e4acaf3c4b87b0,ComputeSavingsPlan-1yr-NoUpfront,Spend,Savings Plan,Unused,32.016,USD,"{""Elements"":[{""ContractId"":""CONTRACT-CD-0002"",""ContractCommitmentId"":""arn:aws:savingsplans:us-east-1::savingsplan/92e4acaf3c4b87b0"",""ContractCommitmentAppliedCost"":32.0160000000}]}",,,,,,,,"{""Environment"":""dev"",""CostCenter"":""cc-1042"",""Owner"":""team-payments""}"
AWS,AWS,AWS,AWS,AWS,INV-2026-05-0002,100000000002,ExampleCorp Secondary Payer,Payer Account,200000000012,staging-platform,Linked Account,2026-05-01T00:00:00Z,2026-06-01T00:00:00Z,2026-05-11T15:00:00Z,2026-05-11T16:00:00Z,Purchase,,"Savings Plan commitment, amortised for the charge period",Recurring,32.016,0,32.016,32.016,1,1,Standard,32.016,USD,USD,1.0000000000,0,1.0000000000,USD,,,AmazonEC2,Compute,Virtual Machines,SKU-f97a0a852a001de98a89f822,Commitment,SPRICE-eabcd320fdf26504e5dc7dfb,"{""x_PurchaseTerm"":""1yr"",""x_PaymentOption"":""NoUpfront""}",arn:aws:savingsplans:us-east-1::savingsplan/92e4acaf3c4b87b0,savingsplan-997bff9c7a1b,Savings Plan,us-east-1,US East (N. Virginia),,arn:aws:savingsplans:us-east-1::savingsplan/92e4acaf3c4b87b0,ComputeSavingsPlan-1yr-NoUpfront,Spend,Savings Plan,,32.016,USD,,,,,,,,,"{""Environment"":""dev"",""CostCenter"":""cc-2087"",""Owner"":""team-platform""}"
AWS,AWS,AWS,AWS,AWS,INV-2026-05-0002,100000000002,ExampleCorp Secondary Payer,Payer Account,200000000012,staging-platform,Linked Account,2026-05-01T00:00:00Z,2026-06-01T00:00:00Z,2026-05-11T15:00:00Z,2026-05-11T16:00:00Z,Usage,,Savings Plan unused commitment,Usage-Based,0,32.016,32.016,32.016,1,1,Committed,32.016,USD,USD,1.0000000000,32.016,1.0000000000,USD,,,AmazonEC2,Compute,Virtual Machines,SKU-f97a0a852a001de98a89f822,Commitment,SPRICE-eabcd320fdf26504e5dc7dfb,"{""x_PurchaseTerm"":""1yr"",""x_PaymentOption"":""NoUpfront""}",arn:aws:savingsplans:us-east-1::savingsplan/92e4acaf3c4b87b0,savingsplan-997bff9c7a1b,Savings Plan,us-east-1,US East (N. Virginia),,arn:aws:savingsplans:us-east-1::savingsplan/92e4acaf3c4b87b0,ComputeSavingsPlan-1yr-NoUpfront,Spend,Savings Plan,Unused,32.016,USD,"{""Elements"":[{""ContractId"":""CONTRACT-CD-0002"",""ContractCommitmentId"":""arn:aws:savingsplans:us-east-1::savingsplan/92e4acaf3c4b87b0"",""ContractCommitmentAppliedCost"":32.0160000000}]}",,,,,,,,"{""Environment"":""prod"",""CostCenter"":""cc-3110"",""Owner"":""team-platform""}"
AWS,AWS,AWS,AWS,AWS,INV-2026-05-0002,100000000002,ExampleCorp Secondary Payer,Payer Account,200000000012,staging-platform,Linked Account,2026-05-01T00:00:00Z,2026-06-01T00:00:00Z,2026-05-11T16:00:00Z,2026-05-11T17:00:00Z,Purchase,,"Savings Plan commitment, amortised for the charge period",Recurring,32.016,0,32.016,32.016,1,1,Standard,32.016,USD,USD,1.0000000000,0,1.0000000000,USD,,,AmazonEC2,Compute,Virtual Machines,SKU-f97a0a852a001de98a89f822,Commitment,SPRICE-eabcd320fdf26504e5dc7dfb,"{""x_PurchaseTerm"":""1yr"",""x_PaymentOption"":""NoUpfront""}",arn:aws:savingsplans:us-east-1::savingsplan/92e4acaf3c4b87b0,savingsplan-997bff9c7a1b,Savings Plan,us-east-1,US East (N. Virginia),,arn:aws:savingsplans:us-east-1::savingsplan/92e4acaf3c4b87b0,ComputeSavingsPlan-1yr-NoUpfront,Spend,Savings Plan,,32.016,USD,,,,,,,,,"{""Environment"":""prod"",""CostCenter"":""cc-2087"",""Owner"":""team-platform""}"
AWS,AWS,AWS,AWS,AWS,INV-2026-05-0002,100000000002,ExampleCorp Secondary Payer,Payer Account,200000000012,staging-platform,Linked Account,2026-05-01T00:00:00Z,2026-06-01T00:00:00Z,2026-05-11T16:00:00Z,2026-05-11T17:00:00Z,Usage,,Savings Plan unused commitment,Usage-Based,0,32.016,32.016,32.016,1,1,Committed,32.016,USD,USD,1.0000000000,32.016,1.0000000000,USD,,,AmazonEC2,Compute,Virtual Machines,SKU-f97a0a852a001de98a89f822,Commitment,SPRICE-eabcd320fdf26504e5dc7dfb,"{""x_PurchaseTerm"":""1yr"",""x_PaymentOption"":""NoUpfront""}",arn:aws:savingsplans:us-east-1::savingsplan/92e4acaf3c4b87b0,savingsplan-997bff9c7a1b,Savings Plan,us-east-1,US East (N. Virginia),,arn:aws:savingsplans:us-east-1::savingsplan/92e4acaf3c4b87b0,ComputeSavingsPlan-1yr-NoUpfront,Spend,Savings Plan,Unused,32.016,USD,"{""Elements"":[{""ContractId"":""CONTRACT-CD-0002"",""ContractCommitmentId"":""arn:aws:savingsplans:us-east-1::savingsplan/92e4acaf3c4b87b0"",""ContractCommitmentAppliedCost"":32.0160000000}]}",,,,,,,,"{""Environment"":""staging"",""CostCenter"":""cc-2087"",""Owner"":""team-platform""}"
AWS,AWS,AWS,AWS,AWS,INV-2026-05-0002,100000000002,ExampleCorp Secondary Payer,Payer Account,200000000014,sandbox-dev,Linked Account,2026-05-01T00:00:00Z,2026-06-01T00:00:00Z,2026-05-14T00:00:00Z,2026-05-15T00:00:00Z,Usage,,NAT gateway data processed,Usage-Based,8.8262325,8.8262325,8.8262325,8.8262325,0.0450000000,0.0450000000,Standard,196.1385,GB,USD,0.0450000000,8.8262325,0.0450000000,USD,196.1385,GB,AmazonVPC,Networking,Network Connectivity,SKU-0a48b40b1fa86593309c0c4c,Data Transfer,SPRICE-b948c57b4c22bb2955afff1a,"{""x_TransferType"":""InterAZ""}",arn:aws:ec2:ap-southeast-1:200000000014:natgateway/nat-d10c265d40be,nat-d10c265d40be,NAT Gateway,ap-southeast-1,Asia Pacific (Singapore),,,,,,,,,,,,,,,,,"{""Environment"":""prod"",""CostCenter"":""cc-3110"",""Owner"":""team-payments""}"
AWS,AWS,AWS,AWS,AWS,INV-2026-05-0001,100000000001,ExampleCorp Master Payer,Payer Account,200000000013,data-analytics,Linked Account,2026-05-01T00:00:00Z,2026-06-01T00:00:00Z,2026-05-03T14:00:00Z,2026-05-03T15:00:00Z,Tax,,Synthetic tax 10% on usage record 63: AWSLambda,One-Time,4.254364526045368,4.254364526045368,4.254364526045368,4.254364526045368,,,,,,EUR,,3.91401536396173856,,USD,,,AWSLambda,Compute,Serverless Compute,,,,,,,,,,,,,,,,,,,,,,,,,,"{""Environment"":""prod"",""CostCenter"":""cc-2087"",""Owner"":""team-platform""}"
AWS,AWS,AWS,AWS,AWS,INV-2026-05-0002,100000000002,ExampleCorp Secondary Payer,Payer Account,200000000012,staging-platform,Linked Account,2026-05-01T00:00:00Z,2026-06-01T00:00:00Z,2026-05-12T03:00:00Z,2026-05-12T04:00:00Z,Usage,,Shared EC2 host cost allocated to workload,Usage-Based,0.0771936,0.0771936,0.0771936,0.0771936,0.0960000000,0.0960000000,Standard,0.8041,Hours,USD,0.0960000000,0.0771936,0.0960000000,USD,0.8041,Hours,AmazonEC2,Compute,Virtual Machines,SKU-e0e295f006e6a0732dd5f77b,Compute,SPRICE-98f5ebeb1125d6e984c27bb1,"{""InstanceType"":""m6i.large"",""InstanceSeries"":""M6i"",""CoreCount"":2,""MemorySize"":8,""OperatingSystem"":""Linux"",""x_Tenancy"":""Shared""}",arn:aws:ec2:us-west-2:200000000012:instance/shared-host-db75d079,shared-host-db75d079,EC2 Instance,us-west-2,US West (Oregon),us-west-2a,,,,,,,,,,,split-proportional,"{""Elements"":[{""AllocatedRatio"":1,""UsageUnit"":""Hours"",""UsageQuantity"":0.8041,""x_Strategy"":""Proportional"",""x_Basis"":""vCPUSeconds""}]}",arn:aws:eks:us-west-2:200000000012:workload/search-a8551f,workload-search,"{""workload"":""search"",""CostCenter"":""cc-3110""}","{""Environment"":""prod"",""CostCenter"":""cc-2087"",""Owner"":""team-platform""}"
AWS,AWS,AWS,AWS,AWS,INV-2026-05-0002,100000000002,ExampleCorp Secondary Payer,Payer Account,200000000012,staging-platform,Linked Account,2026-05-01T00:00:00Z,2026-06-01T00:00:00Z,2026-05-05T17:00:00Z,2026-05-05T18:00:00Z,Tax,,Synthetic tax 10% on usage record 114: AmazonEC2,One-Time,0.00237984,0.00237984,0.00237984,0.00237984,,,,,,USD,,0.00237984,,USD,,,AmazonEC2,Compute,Virtual Machines,,,,,,,,,,,,,,,,,,,,,,,,,,"{""Environment"":""prod"",""CostCenter"":""cc-2087"",""Owner"":""team-data""}"
AWS,AWS,AWS,AWS,AWS,INV-2026-05-0002,100000000002,ExampleCorp Secondary Payer,Payer Account,200000000011,prod-platform,Linked Account,2026-05-01T00:00:00Z,2026-06-01T00:00:00Z,2026-05-18T00:00:00Z,2026-05-19T00:00:00Z,Usage,,Custom metrics,Usage-Based,30.39471,30.39471,33.7719,30.39471,0.3000000000,0.2700000000,Standard,112.5730,Metrics,USD,0.2700000000,30.39471,0.3000000000,USD,112.5730,Metrics,AmazonCloudWatch,Management and Governance,Observability,SKU-2491f45dad51aaef563400a5,Monitoring,SPRICE-5131bac450b55b26fd0cdc7e,"{""x_MetricType"":""Custom""}",arn:aws:cloudwatch:us-east-1:200000000011:metric/metric-21d318420b57,metric-21d318420b57,Metric,us-east-1,US East (N. Virginia),,,,,,,,,"{""Elements"":[{""ContractId"":""CONTRACT-EA-2026-0001"",""ContractCommitmentId"":""CC-EA-SPEND-0001"",""ContractCommitmentAppliedCost"":30.39471000000000}]}",,,,,,,,"{""Environment"":""prod"",""CostCenter"":""cc-1042"",""Owner"":""team-platform""}"
AWS,AWS,AWS,AWS,AWS,INV-2026-05-0002,100000000002,ExampleCorp Secondary Payer,Payer Account,200000000014,sandbox-dev,Linked Account,2026-05-01T00:00:00Z,2026-06-01T00:00:00Z,2026-05-12T06:00:00Z,2026-05-12T07:00:00Z,Usage,,Lambda function duration,Usage-Based,68.29546707566097,68.29546707566097,68.29546707566097,68.29546707566097,0.0000166667,0.0000166667,Standard,4097719.8291,GB-Seconds,USD,0.0000166667,68.29546707566097,0.0000166667,USD,4097719.8291,GB-Seconds,AWSLambda,Compute,Serverless Compute,SKU-790dfdd7277c16aec9cf7656,Compute,SPRICE-55fe45e894424abc4a1bb3fe,"{""x_Runtime"":""python3.12"",""x_Architecture"":""arm64""}",arn:aws:lambda:us-west-2:200000000014:function/fn-1a244d18787c,fn-1a244d18787c,Lambda Function,us-west-2,US West (Oregon),,,,,,,,,,,,,,,,,"{""Environment"":""dev"",""CostCenter"":""cc-3110"",""Owner"":""team-data""}"
AWS,AWS,AWS,AWS,AWS,INV-2026-05-0001,100000000001,ExampleCorp Master Payer,Payer Account,200000000011,prod-platform,Linked Account,2026-05-01T00:00:00Z,2026-06-01T00:00:00Z,2026-05-12T07:00:00Z,2026-05-12T08:00:00Z,Usage,,Shared EC2 host cost allocated to workload,Usage-Based,0.0384192,0.0384192,0.0384192,0.0384192,0.0960000000,0.0960000000,Standard,0.4002,Hours,USD,0.0960000000,0.0384192,0.0960000000,USD,0.4002,Hours,AmazonEC2,Compute,Virtual Machines,SKU-736a4dd80178572d8370293d,Compute,SPRICE-c862323f09b487c42efb1c6b,"{""InstanceType"":""m6i.large"",""InstanceSeries"":""M6i"",""CoreCount"":2,""MemorySize"":8,""OperatingSystem"":""Linux"",""x_Tenancy"":""Shared""}",arn:aws:ec2:us-east-1:200000000011:instance/shared-host-7214e555,shared-host-7214e555,EC2 Instance,us-east-1,US East (N. Virginia),us-east-1c,,,,,,,,,,,split-even,"{""Elements"":[{""AllocatedRatio"":1,""UsageUnit"":""Hours"",""UsageQuantity"":0.4002,""x_Strategy"":""Even"",""x_Basis"":""Workloads""}]}",arn:aws:eks:us-east-1:200000000011:workload/ingestion-3483f4,workload-ingestion,"{""workload"":""ingestion"",""CostCenter"":""cc-3110""}","{""Environment"":""staging"",""CostCenter"":""cc-2087"",""Owner"":""team-data""}"
AWS,AWS,AWS,AWS,AWS,INV-2026-05-0001,100000000001,ExampleCorp Master Payer,Payer Account,200000000012,staging-platform,Linked Account,2026-05-01T00:00:00Z,2026-06-01T00:00:00Z,2026-05-12T08:00:00Z,2026-05-12T09:00:00Z,Usage,,Linux on-demand m6i.large,Usage-Based,0.096,0.096,0.096,0.096,0.0960000000,0.0960000000,Standard,1.0000,Hours,USD,0.0960000000,0.096,0.0960000000,USD,1.0000,Hours,AmazonEC2,Compute,Virtual Machines,SKU-e0e295f006e6a0732dd5f77b,Compute,SPRICE-98f5ebeb1125d6e984c27bb1,"{""InstanceType"":""m6i.large"",""InstanceSeries"":""M6i"",""CoreCount"":2,""MemorySize"":8,""OperatingSystem"":""Linux"",""x_Tenancy"":""Shared""}",arn:aws:ec2:us-west-2:200000000012:instance/i-29134ad3771d,i-29134ad3771d,EC2 Instance,us-west-2,US West (Oregon),us-west-2b,,,,,,,,,,,,,,,,"{""Environment"":""dev"",""CostCenter"":""cc-3110"",""Owner"":""team-platform""}"
AWS,AWS,AWS,AWS,AWS,INV-2026-05-0001,100000000001,ExampleCorp Master Payer,Payer Account,200000000013,data-analytics,Linked Account,2026-05-01T00:00:00Z,2026-06-01T00:00:00Z,2026-05-22T00:00:00Z,2026-05-23T00:00:00Z,Usage,,DynamoDB on-demand write requests,Usage-Based,5.60507717425,5.60507717425,5.60507717425,5.60507717425,0.0000012500,0.0000012500,Standard,4484061.7394,Requests,USD,0.0000012500,5.60507717425,0.0000012500,USD,4484061.7394,Requests,AmazonDynamoDB,Databases,NoSQL Databases,SKU-ed668466fc7fc7bc80c6b1e8,Database,SPRICE-c01526413ebdb215913eebd3,"{""x_CapacityMode"":""On-Demand""}",arn:aws:dynamodb:ap-southeast-1:200000000013:table/table-337464f36a3c,table-337464f36a3c,DynamoDB Table,ap-southeast-1,Asia Pacific (Singapore),,,,,,,,,,,,,,,,,"{""Environment"":""dev"",""CostCenter"":""cc-2087"",""Owner"":""team-data""}"
AWS,AWS,AWS,AWS,AWS,INV-2026-05-0001,100000000001,ExampleCorp Master Payer,Payer Account,200000000011,prod-platform,Linked Account,2026-05-01T00:00:00Z,2026-06-01T00:00:00Z,2026-05-12T10:00:00Z,2026-05-12T11:00:00Z,Usage,,RDS PostgreSQL db.r6g.large,Usage-Based,0.24,0.24,0.24,0.24,0.2400000000,0.2400000000,Standard,1.0000,Hours,USD,0.2400000000,0.24,0.2400000000,USD,1.0000,Hours,AmazonRDS,Databases,Relational Databases,SKU-7a3ac49181ed25cc4a81dc35,Database,SPRICE-7a34752a4c02e0761e1464be,"{""InstanceType"":""db.r6g.large"",""InstanceSeries"":""R6g"",""CoreCount"":2,""MemorySize"":16,""x_Engine"":""PostgreSQL""}",arn:aws:rds:eu-west-1:200000000011:db/db-b21903f40af9,db-b21903f40af9,RDS Instance,eu-west-1,EU (Ireland),,,,,,,,,,,,,,,,,"{""Environment"":""dev"",""CostCenter"":""cc-3110"",""Owner"":""team-platform""}"
AWS,AWS,AWS,AWS,AWS,INV-2026-05-0002,100000000002,ExampleCorp Secondary Payer,Payer Account,200000000014,sandbox-dev,Linked Account,2026-05-01T00:00:00Z,2026-06-01T00:00:00Z,2026-05-24T00:00:00Z,2026-05-25T00:00:00Z,Usage,,DynamoDB on-demand write requests,Usage-Based,0.371637008,0.371637008,0.371637008,0.371637008,0.0000012500,0.0000012500,Standard,297309.6064,Requests,USD,0.0000012500,0.371637008,0.0000012500,USD,297309.6064,Requests,AmazonDynamoDB,Databases,NoSQL Databases,SKU-fc4e454b36112dd390bf69e4,Database,SPRICE-6e7ea642b1065af97aedd9bf,"{""x_CapacityMode"":""On-Demand""}",arn:aws:dynamodb:eu-west-1:200000000014:table/table-b98110195763,table-b98110195763,DynamoDB Table,eu-west-1,EU (Ireland),,,,,,,,,,,,,,,,,"{""Environment"":""prod"",""CostCenter"":""cc-3110"",""Owner"":""team-platform""}"
AWS,AWS,AWS,AWS,AWS,INV-2026-05-0002,100000000002,ExampleCorp Secondary Payer,Payer Account,200000000011,prod-platform,Linked Account,2026-05-01T00:00:00Z,2026-06-01T00:00:00Z,2026-05-25T00:00:00Z,2026-05-26T00:00:00Z,Usage,,DynamoDB on-demand write requests,Usage-Based,0.481174467625,0.481174467625,0.481174467625,0.481174467625,0.0000012500,0.0000012500,Standard,384939.5741,Requests,USD,0.0000012500,0.481174467625,0.0000012500,USD,384939.5741,Requests,AmazonDynamoDB,Databases,NoSQL Databases,SKU-687affd9645b52f0bac81a2c,Database,SPRICE-716c8854825bf7430db8e755,"{""x_CapacityMode"":""On-Demand""}",arn:aws:dynamodb:us-west-2:200000000011:table/table-59deceebf449,table-59deceebf449,DynamoDB Table,us-west-2,US West (Oregon),,,,,,,,,,,,,,,,,"{""Environment"":""dev"",""CostCenter"":""cc-3110"",""Owner"":""team-platform""}"
AWS,AWS,AWS,AWS,AWS,INV-2026-05-0001,100000000001,ExampleCorp Master Payer,Payer Account,200000000012,staging-platform,Linked Account,2026-05-01T00:00:00Z,2026-06-01T00:00:00Z,2026-05-26T00:00:00Z,2026-05-27T00:00:00Z,Usage,,Glue ETL job run,Usage-Based,85.80044,85.80044,85.80044,85.80044,0.4400000000,0.4400000000,Standard,195.0010,DPU-Hours,USD,0.4400000000,85.80044,0.4400000000,USD,195.0010,DPU-Hours,AWSGlue,Analytics,Data Processing,SKU-d1426392ab27c72810db5ee9,Data Processing,SPRICE-2caf36fd8fbe6a68e682b866,"{""x_WorkerType"":""G.1X""}",arn:aws:glue:ap-southeast-1:200000000012:job/job-4b452db88fa7,job-4b452db88fa7,Glue Job,ap-southeast-1,Asia Pacific (Singapore),,,,,,,,,,,,,,,,,"{""Environment"":""staging"",""CostCenter"":""cc-1042"",""Owner"":""team-data""}"
AWS,AWS,AWS,AWS,AWS,INV-2026-05-0001,100000000001,ExampleCorp Master Payer,Payer Account,200000000011,prod-platform,Linked Account,2026-05-01T00:00:00Z,2026-06-01T00:00:00Z,2026-05-12T14:00:00Z,2026-05-12T15:00:00Z,Usage,,Shared EC2 host cost allocated to workload,Usage-Based,0.0910848,0.0910848,0.0910848,0.0910848,0.0960000000,0.0960000000,Standard,0.9488,Hours,USD,0.0960000000,0.0910848,0.0960000000,USD,0.9488,Hours,AmazonEC2,Compute,Virtual Machines,SKU-e0e295f006e6a0732dd5f77b,Compute,SPRICE-98f5ebeb1125d6e984c27bb1,"{""InstanceType"":""m6i.large"",""InstanceSeries"":""M6i"",""CoreCount"":2,""MemorySize"":8,""OperatingSystem"":""Linux"",""x_Tenancy"":""Shared""}",arn:aws:ec2:us-west-2:200000000011:instance/shared-host-ce343f44,shared-host-ce343f44,EC2 Instance,us-west-2,US West (Oregon),us-west-2b,,,,,,,,,,,split-weighted,"{""Elements"":[{""AllocatedRatio"":1,""UsageUnit"":""Hours"",""UsageQuantity"":0.9488,""x_Strategy"":""Weighted"",""x_Basis"":""MemoryBytes""}]}",arn:aws:eks:us-west-2:200000000011:workload/billing-f1d0bd,workload-billing,"{""workload"":""billing"",""CostCenter"":""cc-1042""}","{""Environment"":""dev"",""CostCenter"":""cc-1042"",""Owner"":""team-platform""}"
AWS,AWS,AWS,AWS,AWS,INV-2026-05-0001,100000000001,ExampleCorp Master Payer,Payer Account,200000000011,prod-platform,Linked Account,2026-05-01T00:00:00Z,2026-06-01T00:00:00Z,2026-05-28T00:00:00Z,2026-05-29T00:00:00Z,Usage,,Custom metrics,Usage-Based,39.5415,39.5415,39.5415,39.5415,0.3000000000,0.3000000000,Standard,131.8050,Metrics,USD,0.3000000000,39.5415,0.3000000000,USD,131.8050,Metrics,AmazonCloudWatch,Management and Governance,Observability,SKU-2491f45dad51aaef563400a5,Monitoring,SPRICE-5131bac450b55b26fd0cdc7e,"{""x_MetricType"":""Custom""}",arn:aws:cloudwatch:us-east-1:200000000011:metric/metric-3fbbf5121347,metric-3fbbf5121347,Metric,us-east-1,US East (N. Virginia),,,,,,,,,,,,,,,,,"{""Environment"":""staging"",""CostCenter"":""cc-3110"",""Owner"":""team-payments""}"
AWS,AWS,AWS,AWS,AWS,INV-2026-05-0002,100000000002,ExampleCorp Secondary Payer,Payer Account,200000000012,staging-platform,Linked Account,2026-05-01T00:00:00Z,2026-06-01T00:00:00Z,2026-05-01T00:00:00Z,2026-05-02T00:00:00Z,Usage,,Custom metrics,Usage-Based,17.60967,17.60967,17.60967,17.60967,0.3000000000,0.3000000000,Standard,58.6989,Metrics,USD,0.3000000000,17.60967,0.3000000000,USD,58.6989,Metrics,AmazonCloudWatch,Management and Governance,Observability,SKU-34e5538fb30cbad0ab6e9eda,Monitoring,SPRICE-7775836205fc8d4f07876728,"{""x_MetricType"":""Custom""}",arn:aws:cloudwatch:us-west-2:200000000012:metric/metric-4c3eef192848,metric-4c3eef192848,Metric,us-west-2,US West (Oregon),,,,,,,,,,,,,,,,,"{""Environment"":""dev"",""CostCenter"":""cc-2087"",""Owner"":""team-platform""}"
AWS,AWS,AWS,AWS,AWS,INV-2026-05-0001,100000000001,ExampleCorp Master Payer,Payer Account,200000000013,data-analytics,Linked Account,2026-05-01T00:00:00Z,2026-06-01T00:00:00Z,2026-05-12T17:00:00Z,2026-05-12T18:00:00Z,Usage,,Linux on-demand m6i.large,Usage-Based,0.096,0.096,0.096,0.096,0.0960000000,0.0960000000,Standard,1.0000,Hours,USD,0.0960000000,0.096,0.0960000000,USD,1.0000,Hours,AmazonEC2,Compute,Virtual Machines,SKU-e0e295f006e6a0732dd5f77b,Compute,SPRICE-98f5ebeb1125d6e984c27bb1,"{""InstanceType"":""m6i.large"",""InstanceSeries"":""M6i"",""CoreCount"":2,""MemorySize"":8,""OperatingSystem"":""Linux"",""x_Tenancy"":""Shared""}",arn:aws:ec2:us-west-2:200000000013:instance/i-d924f14203fc,i-d924f14203fc,EC2 Instance,us-west-2,US West (Oregon),us-west-2b,,,,,,,,,,,,,,,,"{""Environment"":""prod"",""CostCenter"":""cc-3110"",""Owner"":""team-data""}"
AWS,AWS,AWS,AWS,AWS,INV-2026-05-0001,100000000001,ExampleCorp Master Payer,Payer Account,200000000013,data-analytics,Linked Account,2026-05-01T00:00:00Z,2026-06-01T00:00:00Z,2026-05-03T00:00:00Z,2026-05-04T00:00:00Z,Usage,,Custom metrics,Usage-Based,30.494826,30.494826,33.88314,30.494826,0.3000000000,0.2700000000,Standard,112.9438,Metrics,USD,0.2700000000,30.494826,0.3000000000,USD,112.9438,Metrics,AmazonCloudWatch,Management and Governance,Observability,SKU-2491f45dad51aaef563400a5,Monitoring,SPRICE-5131bac450b55b26fd0cdc7e,"{""x_MetricType"":""Custom""}",arn:aws:cloudwatch:us-east-1:200000000013:metric/metric-6ff2a1e9c7e0,metric-6ff2a1e9c7e0,Metric,us-east-1,US East (N. Virginia),,,,,,,,,"{""Elements"":[{""ContractId"":""CONTRACT-EA-2026-0001"",""ContractCommitmentId"":""CC-EA-SPEND-0001"",""ContractCommitmentAppliedCost"":30.49482600000000}]}",,,,,,,,"{""Environment"":""dev"",""CostCenter"":""cc-2087"",""Owner"":""team-data""}"
AWS,AWS,AWS,AWS,AWS,INV-2026-05-0001,100000000001,ExampleCorp Master Payer,Payer Account,200000000011,prod-platform,Linked Account,2026-05-01T00:00:00Z,2026-06-01T00:00:00Z,2026-05-01T00:00:00Z,2026-06-01T00:00:00Z,Usage,,S3 Standard storage,Usage-Based,15.8754349,15.8754349,15.8754349,15.8754349,0.0230000000,0.0230000000,Standard,690.2363,GB-Months,USD,0.0230000000,15.8754349,0.0230000000,USD,690.2363,GB-Months,AmazonS3,Storage,Object Storage,SKU-36fb3a972f2cdabe2e87e8f5,Storage,SPRICE-2e0d1e6fc7695c1a2fe50a1a,"{""StorageClass"":""Standard"",""Redundancy"":""Zonal""}",arn:aws:s3:us-west-2:200000000011:bucket/bucket-63fb7de3b42a,bucket-63fb7de3b42a,S3 Bucket,us-west-2,US West (Oregon),,,,,,,,,,,,,,,,,"{""Environment"":""prod"",""CostCenter"":""cc-2087"",""Owner"":""team-platform""}"
AWS,AWS,AWS,AWS,AWS,INV-2026-05-0002,100000000002,ExampleCorp Secondary Payer,Payer Account,200000000014,sandbox-dev,Linked Account,2026-05-01T00:00:00Z,2026-06-01T00:00:00Z,2026-05-05T00:00:00Z,2026-05-06T00:00:00Z,Purchase,,AmazonS3 subscription fee,Recurring,569.22,569.22,569.22,569.22,569.22,569.22,Standard,1,Units,USD,569.2200000000,569.22,569.2200000000,USD,,,AmazonS3,Storage,Object Storage,SKU-ac2528b51cc970970b628cb6,Subscription,SPRICE-4180b1cf948994c4fb38bfc7,"{""x_ChargeType"": ""SubscriptionFee""}",arn:aws:s3:us-west-2:200000000014:bucket/bucket-60dacc64d25a,bucket-60dacc64d25a,S3 Bucket,us-west-2,US West (Oregon),,,,,,,,,,,,,,,,,"{""Environment"":""dev"",""CostCenter"":""cc-3110"",""Owner"":""team-data""}"
AWS,AWS,AWS,AWS,AWS,INV-2026-05-0001,100000000001,ExampleCorp Master Payer,Payer Account,200000000011,prod-platform,Linked Account,2026-05-01T00:00:00Z,2026-06-01T00:00:00Z,2026-05-12T21:00:00Z,2026-05-12T22:00:00Z,Purchase,,"Reserved Instance commitment, amortised for the charge period",Recurring,32.016,0,32.016,32.016,0.0640320000,0.0640320000,Standard,500,Hours,USD,0.0640320000,0,0.0640320000,USD,,,AmazonEC2,Compute,Virtual Machines,SKU-75736a819098caf502bcad16,Commitment,SPRICE-6dcbfe5c8c0e088d96b30a50,"{""x_PurchaseTerm"":""1yr"",""x_PaymentOption"":""NoUpfront""}",arn:aws:ec2:eu-west-1::reservation/a1b21348903a83bf,reservation-ea0a52da9b02,Reserved Instance,eu-west-1,EU (Ireland),,arn:aws:ec2:eu-west-1::reservation/a1b21348903a83bf,EC2ReservedInstance-1yr-NoUpfront,Usage,Reserved Instance,,500,Hours,,,,,,,,,"{""Environment"":""staging"",""CostCenter"":""cc-2087"",""Owner"":""team-platform""}"
AWS,AWS,AWS,AWS,AWS,INV-2026-05-0001,100000000001,ExampleCorp Master Payer,Payer Account,200000000011,prod-platform,Linked Account,2026-05-01T00:00:00Z,2026-06-01T00:00:00Z,2026-05-12T21:00:00Z,2026-05-12T22:00:00Z,Usage,,AmazonEC2 committed usage of 500 machine-equivalents,Usage-Based,0,32.016,48,43.2,0.0960000000,0.0864000000,Committed,500,Hours,USD,0.0864000000,32.016,0.0960000000,USD,500,Hours,AmazonEC2,Compute,Virtual Machines,SKU-ca9c2ba97f0b30fb137ef130,Compute,SPRICE-d7f4030fc2a8b65799f6b437,"{""InstanceType"":""m6i.large"",""InstanceSeries"":""M6i"",""CoreCount"":2,""MemorySize"":8,""OperatingSystem"":""Linux"",""x_Tenancy"":""Shared""}",urn:focus-sample:aws:eu-west-1:200000000011:compute-fleet:fleet67ada6f85c424386e11e0ad7,fleet67ada6f85c424386e11e0ad7,Compute Fleet,eu-west-1,EU (Ireland),eu-west-1a,arn:aws:ec2:eu-west-1::reservation/a1b21348903a83bf,EC2ReservedInstance-1yr-NoUpfront,Usage,Reserved Instance,Used,500,Hours,"{""Elements"":[{""ContractId"":""CONTRACT-CD-0002"",""ContractCommitmentId"":""arn:aws:ec2:eu-west-1::reservation/a1b21348903a83bf"",""ContractCommitmentAppliedCost"":32.0160000000,""ContractCommitmentAppliedQuantity"":500,""ContractCommitmentAppliedUnit"":""Hours""}]}",,,,,,,,"{""Environment"":""prod"",""CostCenter"":""cc-1042"",""Owner"":""team-payments"",""SyntheticFleetSize"":""500""}"
AWS,AWS,AWS,AWS,AWS,INV-2026-05-0001,100000000001,ExampleCorp Master Payer,Payer Account,200000000011,prod-platform,Linked Account,2026-05-01T00:00:00Z,2026-06-01T00:00:00Z,2026-05-12T22:00:00Z,2026-05-12T23:00:00Z,Purchase,,"Reserved Instance commitment, amortised for the charge period",Recurring,32.016,0,32.016,32.016,0.0640320000,0.0640320000,Standard,500,Hours,USD,0.0640320000,0,0.0640320000,USD,,,AmazonEC2,Compute,Virtual Machines,SKU-75736a819098caf502bcad16,Commitment,SPRICE-6dcbfe5c8c0e088d96b30a50,"{""x_PurchaseTerm"":""1yr"",""x_PaymentOption"":""NoUpfront""}",arn:aws:ec2:eu-west-1::reservation/a1b21348903a83bf,reservation-ea0a52da9b02,Reserved Instance,eu-west-1,EU (Ireland),,arn:aws:ec2:eu-west-1::reservation/a1b21348903a83bf,EC2ReservedInstance-1yr-NoUpfront,Usage,Reserved Instance,,500,Hours,,,,,,,,,"{""Environment"":""prod"",""CostCenter"":""cc-1042"",""Owner"":""team-payments""}"
AWS,AWS,AWS,AWS,AWS,INV-2026-05-0001,100000000001,ExampleCorp Master Payer,Payer Account,200000000011,prod-platform,Linked Account,2026-05-01T00:00:00Z,2026-06-01T00:00:00Z,2026-05-12T22:00:00Z,2026-05-12T23:00:00Z,Usage,,AmazonEC2 committed usage of 500 machine-equivalents,Usage-Based,0,32.016,48,43.2,0.0960000000,0.0864000000,Committed,500,Hours,USD,0.0864000000,32.016,0.0960000000,USD,500,Hours,AmazonEC2,Compute,Virtual Machines,SKU-ca9c2ba97f0b30fb137ef130,Compute,SPRICE-d7f4030fc2a8b65799f6b437,"{""InstanceType"":""m6i.large"",""InstanceSeries"":""M6i"",""CoreCount"":2,""MemorySize"":8,""OperatingSystem"":""Linux"",""x_Tenancy"":""Shared""}",urn:focus-sample:aws:eu-west-1:200000000011:compute-fleet:fleet67ada6f85c424386e11e0ad7,fleet67ada6f85c424386e11e0ad7,Compute Fleet,eu-west-1,EU (Ireland),eu-west-1a,arn:aws:ec2:eu-west-1::reservation/a1b21348903a83bf,EC2ReservedInstance-1yr-NoUpfront,Usage,Reserved Instance,Used,500,Hours,"{""Elements"":[{""ContractId"":""CONTRACT-CD-0002"",""ContractCommitmentId"":""arn:aws:ec2:eu-west-1::reservation/a1b21348903a83bf"",""ContractCommitmentAppliedCost"":32.0160000000,""ContractCommitmentAppliedQuantity"":500,""ContractCommitmentAppliedUnit"":""Hours""}]}",,,,,,,,"{""Environment"":""prod"",""CostCenter"":""cc-1042"",""Owner"":""team-platform"",""SyntheticFleetSize"":""500""}"
AWS,AWS,AWS,AWS,AWS,INV-2026-05-0001,100000000001,ExampleCorp Master Payer,Payer Account,200000000011,prod-platform,Linked Account,2026-05-01T00:00:00Z,2026-06-01T00:00:00Z,2026-05-12T23:00:00Z,2026-05-13T00:00:00Z,Purchase,,"Reserved Instance commitment, amortised for the charge period",Recurring,32.016,0,32.016,32.016,0.0640320000,0.0640320000,Standard,500,Hours,USD,0.0640320000,0,0.0640320000,USD,,,AmazonEC2,Compute,Virtual Machines,SKU-75736a819098caf502bcad16,Commitment,SPRICE-6dcbfe5c8c0e088d96b30a50,"{""x_PurchaseTerm"":""1yr"",""x_PaymentOption"":""NoUpfront""}",arn:aws:ec2:eu-west-1::reservation/a1b21348903a83bf,reservation-ea0a52da9b02,Reserved Instance,eu-west-1,EU (Ireland),,arn:aws:ec2:eu-west-1::reservation/a1b21348903a83bf,EC2ReservedInstance-1yr-NoUpfront,Usage,Reserved Instance,,500,Hours,,,,,,,,,"{""Environment"":""staging"",""CostCenter"":""cc-1042"",""Owner"":""team-data""}"
AWS,AWS,AWS,AWS,AWS,INV-2026-05-0001,100000000001,ExampleCorp Master Payer,Payer Account,200000000011,prod-platform,Linked Account,2026-05-01T00:00:00Z,2026-06-01T00:00:00Z,2026-05-12T23:00:00Z,2026-05-13T00:00:00Z,Usage,,AmazonEC2 committed usage of 500 machine-equivalents,Usage-Based,0,32.016,48,43.2,0.0960000000,0.0864000000,Committed,500,Hours,USD,0.0864000000,32.016,0.0960000000,USD,500,Hours,AmazonEC2,Compute,Virtual Machines,SKU-ca9c2ba97f0b30fb137ef130,Compute,SPRICE-d7f4030fc2a8b65799f6b437,"{""InstanceType"":""m6i.large"",""InstanceSeries"":""M6i"",""CoreCount"":2,""MemorySize"":8,""OperatingSystem"":""Linux"",""x_Tenancy"":""Shared""}",urn:focus-sample:aws:eu-west-1:200000000011:compute-fleet:fleet67ada6f85c424386e11e0ad7,fleet67ada6f85c424386e11e0ad7,Compute Fleet,eu-west-1,EU (Ireland),eu-west-1a,arn:aws:ec2:eu-west-1::reservation/a1b21348903a83bf,EC2ReservedInstance-1yr-NoUpfront,Usage,Reserved Instance,Used,500,Hours,"{""Elements"":[{""ContractId"":""CONTRACT-CD-0002"",""ContractCommitmentId"":""arn:aws:ec2:eu-west-1::reservation/a1b21348903a83bf"",""ContractCommitmentAppliedCost"":32.0160000000,""ContractCommitmentAppliedQuantity"":500,""ContractCommitmentAppliedUnit"":""Hours""}]}",,,,,,,,"{""Environment"":""staging"",""CostCenter"":""cc-3110"",""Owner"":""team-payments"",""SyntheticFleetSize"":""500""}"
AWS,AWS,AWS,AWS,AWS,INV-2026-05-0001,100000000001,ExampleCorp Master Payer,Payer Account,200000000011,prod-platform,Linked Account,2026-05-01T00:00:00Z,2026-06-01T00:00:00Z,2026-05-13T00:00:00Z,2026-05-13T01:00:00Z,Purchase,,"Reserved Instance commitment, amortised for the charge period",Recurring,32.016,0,32.016,32.016,0.0640320000,0.0640320000,Standard,500,Hours,USD,0.0640320000,0,0.0640320000,USD,,,AmazonEC2,Compute,Virtual Machines,SKU-75736a819098caf502bcad16,Commitment,SPRICE-6dcbfe5c8c0e088d96b30a50,"{""x_PurchaseTerm"":""1yr"",""x_PaymentOption"":""NoUpfront""}",arn:aws:ec2:eu-west-1::reservation/a1b21348903a83bf,reservation-ea0a52da9b02,Reserved Instance,eu-west-1,EU (Ireland),,arn:aws:ec2:eu-west-1::reservation/a1b21348903a83bf,EC2ReservedInstance-1yr-NoUpfront,Usage,Reserved Instance,,500,Hours,,,,,,,,,"{""Environment"":""staging"",""CostCenter"":""cc-3110"",""Owner"":""team-platform""}"
AWS,AWS,AWS,AWS,AWS,INV-2026-05-0001,100000000001,ExampleCorp Master Payer,Payer Account,200000000011,prod-platform,Linked Account,2026-05-01T00:00:00Z,2026-06-01T00:00:00Z,2026-05-13T00:00:00Z,2026-05-13T01:00:00Z,Usage,,AmazonEC2 committed usage of 500 machine-equivalents,Usage-Based,0,32.016,48,43.2,0.0960000000,0.0864000000,Committed,500,Hours,USD,0.0864000000,32.016,0.0960000000,USD,500,Hours,AmazonEC2,Compute,Virtual Machines,SKU-ca9c2ba97f0b30fb137ef130,Compute,SPRICE-d7f4030fc2a8b65799f6b437,"{""InstanceType"":""m6i.large"",""InstanceSeries"":""M6i"",""CoreCount"":2,""MemorySize"":8,""OperatingSystem"":""Linux"",""x_Tenancy"":""Shared""}",urn:focus-sample:aws:eu-west-1:200000000011:compute-fleet:fleet67ada6f85c424386e11e0ad7,fleet67ada6f85c424386e11e0ad7,Compute Fleet,eu-west-1,EU (Ireland),eu-west-1a,arn:aws:ec2:eu-west-1::reservation/a1b21348903a83bf,EC2ReservedInstance-1yr-NoUpfront,Usage,Reserved Instance,Used,500,Hours,"{""Elements"":[{""ContractId"":""CONTRACT-CD-0002"",""ContractCommitmentId"":""arn:aws:ec2:eu-west-1::reservation/a1b21348903a83bf"",""ContractCommitmentAppliedCost"":32.0160000000,""ContractCommitmentAppliedQuantity"":500,""ContractCommitmentAppliedUnit"":""Hours""}]}",,,,,,,,"{""Environment"":""prod"",""CostCenter"":""cc-1042"",""Owner"":""team-platform"",""SyntheticFleetSize"":""500""}"
AWS,AWS,AWS,AWS,AWS,INV-2026-05-0001,100000000001,ExampleCorp Master Payer,Payer Account,200000000011,prod-platform,Linked Account,2026-05-01T00:00:00Z,2026-06-01T00:00:00Z,2026-05-13T01:00:00Z,2026-05-13T02:00:00Z,Purchase,,"Reserved Instance commitment, amortised for the charge period",Recurring,32.016,0,32.016,32.016,0.0640320000,0.0640320000,Standard,500,Hours,USD,0.0640320000,0,0.0640320000,USD,,,AmazonEC2,Compute,Virtual Machines,SKU-75736a819098caf502bcad16,Commitment,SPRICE-6dcbfe5c8c0e088d96b30a50,"{""x_PurchaseTerm"":""1yr"",""x_PaymentOption"":""NoUpfront""}",arn:aws:ec2:eu-west-1::reservation/a1b21348903a83bf,reservation-ea0a52da9b02,Reserved Instance,eu-west-1,EU (Ireland),,arn:aws:ec2:eu-west-1::reservation/a1b21348903a83bf,EC2ReservedInstance-1yr-NoUpfront,Usage,Reserved Instance,,500,Hours,,,,,,,,,"{""Environment"":""staging"",""CostCenter"":""cc-1042"",""Owner"":""team-payments""}"
AWS,AWS,AWS,AWS,AWS,INV-2026-05-0001,100000000001,ExampleCorp Master Payer,Payer Account,200000000011,prod-platform,Linked Account,2026-05-01T00:00:00Z,2026-06-01T00:00:00Z,2026-05-13T01:00:00Z,2026-05-13T02:00:00Z,Usage,,AmazonEC2 committed usage of 500 machine-equivalents,Usage-Based,0,32.016,48,43.2,0.0960000000,0.0864000000,Committed,500,Hours,USD,0.0864000000,32.016,0.0960000000,USD,500,Hours,AmazonEC2,Compute,Virtual Machines,SKU-ca9c2ba97f0b30fb137ef130,Compute,SPRICE-d7f4030fc2a8b65799f6b437,"{""InstanceType"":""m6i.large"",""InstanceSeries"":""M6i"",""CoreCount"":2,""MemorySize"":8,""OperatingSystem"":""Linux"",""x_Tenancy"":""Shared""}",urn:focus-sample:aws:eu-west-1:200000000011:compute-fleet:fleet67ada6f85c424386e11e0ad7,fleet67ada6f85c424386e11e0ad7,Compute Fleet,eu-west-1,EU (Ireland),eu-west-1a,arn:aws:ec2:eu-west-1::reservation/a1b21348903a83bf,EC2ReservedInstance-1yr-NoUpfront,Usage,Reserved Instance,Used,500,Hours,"{""Elements"":[{""ContractId"":""CONTRACT-CD-0002"",""ContractCommitmentId"":""arn:aws:ec2:eu-west-1::reservation/a1b21348903a83bf"",""ContractCommitmentAppliedCost"":32.0160000000,""ContractCommitmentAppliedQuantity"":500,""ContractCommitmentAppliedUnit"":""Hours""}]}",,,,,,,,"{""Environment"":""dev"",""CostCenter"":""cc-2087"",""Owner"":""team-platform"",""SyntheticFleetSize"":""500""}"
AWS,AWS,AWS,AWS,AWS,INV-2026-05-0001,100000000001,ExampleCorp Master Payer,Payer Account,200000000011,prod-platform,Linked Account,2026-05-01T00:00:00Z,2026-06-01T00:00:00Z,2026-05-13T02:00:00Z,2026-05-13T03:00:00Z,Purchase,,"Reserved Instance commitment, amortised for the charge period",Recurring,32.016,0,32.016,32.016,0.0640320000,0.0640320000,Standard,500,Hours,USD,0.0640320000,0,0.0640320000,USD,,,AmazonEC2,Compute,Virtual Machines,SKU-75736a819098caf502bcad16,Commitment,SPRICE-6dcbfe5c8c0e088d96b30a50,"{""x_PurchaseTerm"":""1yr"",""x_PaymentOption"":""NoUpfront""}",arn:aws:ec2:eu-west-1::reservation/a1b21348903a83bf,reservation-ea0a52da9b02,Reserved Instance,eu-west-1,EU (Ireland),,arn:aws:ec2:eu-west-1::reservation/a1b21348903a83bf,EC2ReservedInstance-1yr-NoUpfront,Usage,Reserved Instance,,500,Hours,,,,,,,,,"{""Environment"":""dev"",""CostCenter"":""cc-1042"",""Owner"":""team-payments""}"
AWS,AWS,AWS,AWS,AWS,INV-2026-05-0001,100000000001,ExampleCorp Master Payer,Payer Account,200000000011,prod-platform,Linked Account,2026-05-01T00:00:00Z,2026-06-01T00:00:00Z,2026-05-13T02:00:00Z,2026-05-13T03:00:00Z,Usage,,AmazonEC2 committed usage of 500 machine-equivalents,Usage-Based,0,32.016,48,43.2,0.0960000000,0.0864000000,Committed,500,Hours,USD,0.0864000000,32.016,0.0960000000,USD,500,Hours,AmazonEC2,Compute,Virtual Machines,SKU-ca9c2ba97f0b30fb137ef130,Compute,SPRICE-d7f4030fc2a8b65799f6b437,"{""InstanceType"":""m6i.large"",""InstanceSeries"":""M6i"",""CoreCount"":2,""MemorySize"":8,""OperatingSystem"":""Linux"",""x_Tenancy"":""Shared""}",urn:focus-sample:aws:eu-west-1:200000000011:compute-fleet:fleet67ada6f85c424386e11e0ad7,fleet67ada6f85c424386e11e0ad7,Compute Fleet,eu-west-1,EU (Ireland),eu-west-1a,arn:aws:ec2:eu-west-1::reservation/a1b21348903a83bf,EC2ReservedInstance-1yr-NoUpfront,Usage,Reserved Instance,Used,500,Hours,"{""Elements"":[{""ContractId"":""CONTRACT-CD-0002"",""ContractCommitmentId"":""arn:aws:ec2:eu-west-1::reservation/a1b21348903a83bf"",""ContractCommitmentAppliedCost"":32.0160000000,""ContractCommitmentAppliedQuantity"":500,""ContractCommitmentAppliedUnit"":""Hours""}]}",,,,,,,,"{""Environment"":""prod"",""CostCenter"":""cc-3110"",""Owner"":""team-data"",""SyntheticFleetSize"":""500""}"
AWS,AWS,AWS,AWS,AWS,INV-2026-05-0001,100000000001,ExampleCorp Master Payer,Payer Account,200000000011,prod-platform,Linked Account,2026-05-01T00:00:00Z,2026-06-01T00:00:00Z,2026-05-13T03:00:00Z,2026-05-13T04:00:00Z,Purchase,,"Reserved Instance commitment, amortised for the charge period",Recurring,32.016,0,32.016,32.016,0.0640320000,0.0640320000,Standard,500,Hours,USD,0.0640320000,0,0.0640320000,USD,,,AmazonEC2,Compute,Virtual Machines,SKU-75736a819098caf502bcad16,Commitment,SPRICE-6dcbfe5c8c0e088d96b30a50,"{""x_PurchaseTerm"":""1yr"",""x_PaymentOption"":""NoUpfront""}",arn:aws:ec2:eu-west-1::reservation/a1b21348903a83bf,reservation-ea0a52da9b02,Reserved Instance,eu-west-1,EU (Ireland),,arn:aws:ec2:eu-west-1::reservation/a1b21348903a83bf,EC2ReservedInstance-1yr-NoUpfront,Usage,Reserved Instance,,500,Hours,,,,,,,,,"{""Environment"":""staging"",""CostCenter"":""cc-1042"",""Owner"":""team-platform""}"
AWS,AWS,AWS,AWS,AWS,INV-2026-05-0001,100000000001,ExampleCorp Master Payer,Payer Account,200000000011,prod-platform,Linked Account,2026-05-01T00:00:00Z,2026-06-01T00:00:00Z,2026-05-13T03:00:00Z,2026-05-13T04:00:00Z,Usage,,AmazonEC2 committed usage of 500 machine-equivalents,Usage-Based,0,32.016,48,43.2,0.0960000000,0.0864000000,Committed,500,Hours,USD,0.0864000000,32.016,0.0960000000,USD,500,Hours,AmazonEC2,Compute,Virtual Machines,SKU-ca9c2ba97f0b30fb137ef130,Compute,SPRICE-d7f4030fc2a8b65799f6b437,"{""InstanceType"":""m6i.large"",""InstanceSeries"":""M6i"",""CoreCount"":2,""MemorySize"":8,""OperatingSystem"":""Linux"",""x_Tenancy"":""Shared""}",urn:focus-sample:aws:eu-west-1:200000000011:compute-fleet:fleet67ada6f85c424386e11e0ad7,fleet67ada6f85c424386e11e0ad7,Compute Fleet,eu-west-1,EU (Ireland),eu-west-1a,arn:aws:ec2:eu-west-1::reservation/a1b21348903a83bf,EC2ReservedInstance-1yr-NoUpfront,Usage,Reserved Instance,Used,500,Hours,"{""Elements"":[{""ContractId"":""CONTRACT-CD-0002"",""ContractCommitmentId"":""arn:aws:ec2:eu-west-1::reservation/a1b21348903a83bf"",""ContractCommitmentAppliedCost"":32.0160000000,""ContractCommitmentAppliedQuantity"":500,""ContractCommitmentAppliedUnit"":""Hours""}]}",,,,,,,,"{""Environment"":""dev"",""CostCenter"":""cc-1042"",""Owner"":""team-platform"",""SyntheticFleetSize"":""500""}"
AWS,AWS,AWS,AWS,AWS,INV-2026-05-0001,100000000001,ExampleCorp Master Payer,Payer Account,200000000011,prod-platform,Linked Account,2026-05-01T00:00:00Z,2026-06-01T00:00:00Z,2026-05-13T04:00:00Z,2026-05-13T05:00:00Z,Purchase,,"Reserved Instance commitment, amortised for the charge period",Recurring,32.016,0,32.016,32.016,0.0640320000,0.0640320000,Standard,500,Hours,USD,0.0640320000,0,0.0640320000,USD,,,AmazonEC2,Compute,Virtual Machines,SKU-75736a819098caf502bcad16,Commitment,SPRICE-6dcbfe5c8c0e088d96b30a50,"{""x_PurchaseTerm"":""1yr"",""x_PaymentOption"":""NoUpfront""}",arn:aws:ec2:eu-west-1::reservation/a1b21348903a83bf,reservation-ea0a52da9b02,Reserved Instance,eu-west-1,EU (Ireland),,arn:aws:ec2:eu-west-1::reservation/a1b21348903a83bf,EC2ReservedInstance-1yr-NoUpfront,Usage,Reserved Instance,,500,Hours,,,,,,,,,"{""Environment"":""dev"",""CostCenter"":""cc-1042"",""Owner"":""team-data""}"
AWS,AWS,AWS,AWS,AWS,INV-2026-05-0001,100000000001,ExampleCorp Master Payer,Payer Account,200000000011,prod-platform,Linked Account,2026-05-01T00:00:00Z,2026-06-01T00:00:00Z,2026-05-13T04:00:00Z,2026-05-13T05:00:00Z,Usage,,Reserved Instance unused commitment,Usage-Based,0,32.016,32.016,32.016,0.0640320000,0.0640320000,Committed,500,Hours,USD,0.0640320000,32.016,0.0640320000,USD,,,AmazonEC2,Compute,Virtual Machines,SKU-75736a819098caf502bcad16,Commitment,SPRICE-6dcbfe5c8c0e088d96b30a50,"{""x_PurchaseTerm"":""1yr"",""x_PaymentOption"":""NoUpfront""}",arn:aws:ec2:eu-west-1::reservation/a1b21348903a83bf,reservation-ea0a52da9b02,Reserved Instance,eu-west-1,EU (Ireland),,arn:aws:ec2:eu-west-1::reservation/a1b21348903a83bf,EC2ReservedInstance-1yr-NoUpfront,Usage,Reserved Instance,Unused,500,Hours,"{""Elements"":[{""ContractId"":""CONTRACT-CD-0002"",""ContractCommitmentId"":""arn:aws:ec2:eu-west-1::reservation/a1b21348903a83bf"",""ContractCommitmentAppliedCost"":32.0160000000,""ContractCommitmentAppliedQuantity"":500,""ContractCommitmentAppliedUnit"":""Hours""}]}",,,,,,,,"{""Environment"":""staging"",""CostCenter"":""cc-2087"",""Owner"":""team-platform""}"
AWS,AWS,AWS,AWS,AWS,INV-2026-05-0001,100000000001,ExampleCorp Master Payer,Payer Account,200000000011,prod-platform,Linked Account,2026-05-01T00:00:00Z,2026-06-01T00:00:00Z,2026-05-13T05:00:00Z,2026-05-13T06:00:00Z,Purchase,,"Reserved Instance commitment, amortised for the charge period",Recurring,32.016,0,32.016,32.016,0.0640320000,0.0640320000,Standard,500,Hours,USD,0.0640320000,0,0.0640320000,USD,,,AmazonEC2,Compute,Virtual Machines,SKU-75736a819098caf502bcad16,Commitment,SPRICE-6dcbfe5c8c0e088d96b30a50,"{""x_PurchaseTerm"":""1yr"",""x_PaymentOption"":""NoUpfront""}",arn:aws:ec2:eu-west-1::reservation/a1b21348903a83bf,reservation-ea0a52da9b02,Reserved Instance,eu-west-1,EU (Ireland),,arn:aws:ec2:eu-west-1::reservation/a1b21348903a83bf,EC2ReservedInstance-1yr-NoUpfront,Usage,Reserved Instance,,500,Hours,,,,,,,,,"{""Environment"":""prod"",""CostCenter"":""cc-2087"",""Owner"":""team-platform""}"
AWS,AWS,AWS,AWS,AWS,INV-2026-05-0001,100000000001,ExampleCorp Master Payer,Payer Account,200000000011,prod-platform,Linked Account,2026-05-01T00:00:00Z,2026-06-01T00:00:00Z,2026-05-13T05:00:00Z,2026-05-13T06:00:00Z,Usage,,Reserved Instance unused commitment,Usage-Based,0,32.016,32.016,32.016,0.0640320000,0.0640320000,Committed,500,Hours,USD,0.0640320000,32.016,0.0640320000,USD,,,AmazonEC2,Compute,Virtual Machines,SKU-75736a819098caf502bcad16,Commitment,SPRICE-6dcbfe5c8c0e088d96b30a50,"{""x_PurchaseTerm"":""1yr"",""x_PaymentOption"":""NoUpfront""}",arn:aws:ec2:eu-west-1::reservation/a1b21348903a83bf,reservation-ea0a52da9b02,Reserved Instance,eu-west-1,EU (Ireland),,arn:aws:ec2:eu-west-1::reservation/a1b21348903a83bf,EC2ReservedInstance-1yr-NoUpfront,Usage,Reserved Instance,Unused,500,Hours,"{""Elements"":[{""ContractId"":""CONTRACT-CD-0002"",""ContractCommitmentId"":""arn:aws:ec2:eu-west-1::reservation/a1b21348903a83bf"",""ContractCommitmentAppliedCost"":32.0160000000,""ContractCommitmentAppliedQuantity"":500,""ContractCommitmentAppliedUnit"":""Hours""}]}",,,,,,,,"{""Environment"":""dev"",""CostCenter"":""cc-3110"",""Owner"":""team-payments""}"
AWS,AWS,AWS,AWS,AWS,INV-2026-05-0001,100000000001,ExampleCorp Master Payer,Payer Account,200000000011,prod-platform,Linked Account,2026-05-01T00:00:00Z,2026-06-01T00:00:00Z,2026-05-13T06:00:00Z,2026-05-13T07:00:00Z,Purchase,,"Reserved Instance commitment, amortised for the charge period",Recurring,32.016,0,32.016,32.016,0.0640320000,0.0640320000,Standard,500,Hours,USD,0.0640320000,0,0.0640320000,USD,,,AmazonEC2,Compute,Virtual Machines,SKU-75736a819098caf502bcad16,Commitment,SPRICE-6dcbfe5c8c0e088d96b30a50,"{""x_PurchaseTerm"":""1yr"",""x_PaymentOption"":""NoUpfront""}",arn:aws:ec2:eu-west-1::reservation/a1b21348903a83bf,reservation-ea0a52da9b02,Reserved Instance,eu-west-1,EU (Ireland),,arn:aws:ec2:eu-west-1::reservation/a1b21348903a83bf,EC2ReservedInstance-1yr-NoUpfront,Usage,Reserved Instance,,500,Hours,,,,,,,,,"{""Environment"":""dev"",""CostCenter"":""cc-3110"",""Owner"":""team-payments""}"
AWS,AWS,AWS,AWS,AWS,INV-2026-05-0001,100000000001,ExampleCorp Master Payer,Payer Account,200000000011,prod-platform,Linked Account,2026-05-01T00:00:00Z,2026-06-01T00:00:00Z,2026-05-13T06:00:00Z,2026-05-13T07:00:00Z,Usage,,Reserved Instance unused commitment,Usage-Based,0,32.016,32.016,32.016,0.0640320000,0.0640320000,Committed,500,Hours,USD,0.0640320000,32.016,0.0640320000,USD,,,AmazonEC2,Compute,Virtual Machines,SKU-75736a819098caf502bcad16,Commitment,SPRICE-6dcbfe5c8c0e088d96b30a50,"{""x_PurchaseTerm"":""1yr"",""x_PaymentOption"":""NoUpfront""}",arn:aws:ec2:eu-west-1::reservation/a1b21348903a83bf,reservation-ea0a52da9b02,Reserved Instance,eu-west-1,EU (Ireland),,arn:aws:ec2:eu-west-1::reservation/a1b21348903a83bf,EC2ReservedInstance-1yr-NoUpfront,Usage,Reserved Instance,Unused,500,Hours,"{""Elements"":[{""ContractId"":""CONTRACT-CD-0002"",""ContractCommitmentId"":""arn:aws:ec2:eu-west-1::reservation/a1b21348903a83bf"",""ContractCommitmentAppliedCost"":32.0160000000,""ContractCommitmentAppliedQuantity"":500,""ContractCommitmentAppliedUnit"":""Hours""}]}",,,,,,,,"{""Environment"":""dev"",""CostCenter"":""cc-1042"",""Owner"":""team-data""}"
AWS,AWS,AWS,AWS,AWS,INV-2026-05-0002,100000000002,ExampleCorp Secondary Payer,Payer Account,200000000011,prod-platform,Linked Account,2026-05-01T00:00:00Z,2026-06-01T00:00:00Z,2026-05-13T17:00:00Z,2026-05-13T18:00:00Z,Usage,,RDS PostgreSQL db.r6g.large,Usage-Based,0.24,0.24,0.24,0.24,0.2400000000,0.2400000000,Standard,1.0000,Hours,USD,0.2400000000,0.24,0.2400000000,USD,1.0000,Hours,AmazonRDS,Databases,Relational Databases,SKU-59cf7266a13e6ea4d00d0143,Database,SPRICE-bde64d57365802abbf64195d,"{""InstanceType"":""db.r6g.large"",""InstanceSeries"":""R6g"",""CoreCount"":2,""MemorySize"":16,""x_Engine"":""PostgreSQL""}",arn:aws:rds:ap-southeast-1:200000000011:db/db-8827175a8068,db-8827175a8068,RDS Instance,ap-southeast-1,Asia Pacific (Singapore),,,,,,,,,,,,,,,,,"{""Environment"":""dev"",""CostCenter"":""cc-1042"",""Owner"":""team-platform""}"
AWS,AWS,AWS,AWS,AWS,INV-2026-05-0001,100000000001,ExampleCorp Master Payer,Payer Account,200000000012,staging-platform,Linked Account,2026-05-01T00:00:00Z,2026-06-01T00:00:00Z,2026-05-13T18:00:00Z,2026-05-13T19:00:00Z,Usage,,Shared EC2 host cost allocated to workload,Usage-Based,0.0422976,0.0422976,0.0422976,0.0422976,0.0960000000,0.0960000000,Standard,0.4406,Hours,USD,0.0960000000,0.0422976,0.0960000000,USD,0.4406,Hours,AmazonEC2,Compute,Virtual Machines,SKU-736a4dd80178572d8370293d,Compute,SPRICE-c862323f09b487c42efb1c6b,"{""InstanceType"":""m6i.large"",""InstanceSeries"":""M6i"",""CoreCount"":2,""MemorySize"":8,""OperatingSystem"":""Linux"",""x_Tenancy"":""Shared""}",arn:aws:ec2:us-east-1:200000000012:instance/shared-host-2fe1c519,shared-host-2fe1c519,EC2 Instance,us-east-1,US East (N. Virginia),us-east-1a,,,,,,,,,,,split-proportional,"{""Elements"":[{""AllocatedRatio"":1,""UsageUnit"":""Hours"",""UsageQuantity"":0.4406,""x_Strategy"":""Proportional"",""x_Basis"":""vCPUSeconds""}]}",arn:aws:eks:us-east-1:200000000012:workload/checkout-35a424,workload-checkout,"{""workload"":""checkout"",""CostCenter"":""cc-3110""}","{""Environment"":""prod"",""CostCenter"":""cc-1042"",""Owner"":""team-payments""}"
AWS,AWS,AWS,AWS,AWS,INV-2026-05-0002,100000000002,ExampleCorp Secondary Payer,Payer Account,200000000012,staging-platform,Linked Account,2026-05-01T00:00:00Z,2026-06-01T00:00:00Z,2026-05-13T19:00:00Z,2026-05-13T20:00:00Z,Usage,,RDS PostgreSQL db.r6g.large,Usage-Based,0.24,0.24,0.24,0.24,0.2400000000,0.2400000000,Standard,1.0000,Hours,USD,0.2400000000,0.24,0.2400000000,USD,1.0000,Hours,AmazonRDS,Databases,Relational Databases,SKU-7a3ac49181ed25cc4a81dc35,Database,SPRICE-7a34752a4c02e0761e1464be,"{""InstanceType"":""db.r6g.large"",""InstanceSeries"":""R6g"",""CoreCount"":2,""MemorySize"":16,""x_Engine"":""PostgreSQL""}",arn:aws:rds:eu-west-1:200000000012:db/db-3f0f916a0cb3,db-3f0f916a0cb3,RDS Instance,eu-west-1,EU (Ireland),,,,,,,,,,,,,,,,,"{""Environment"":""prod"",""CostCenter"":""cc-2087"",""Owner"":""team-payments""}"
AWS,AWS,AWS,AWS,AWS,INV-2026-05-0001,100000000001,ExampleCorp Master Payer,Payer Account,200000000014,sandbox-dev,Linked Account,2026-05-01T00:00:00Z,2026-06-01T00:00:00Z,2026-05-13T20:00:00Z,2026-05-13T21:00:00Z,Usage,,Shared EC2 host cost allocated to workload,Usage-Based,0.0923616,0.0923616,0.0923616,0.0923616,0.0960000000,0.0960000000,Standard,0.9621,Hours,USD,0.0960000000,0.0923616,0.0960000000,USD,0.9621,Hours,AmazonEC2,Compute,Virtual Machines,SKU-093c0d7a3a0491f8523e34c8,Compute,SPRICE-bab283475cbbabd222878e74,"{""InstanceType"":""m6i.large"",""InstanceSeries"":""M6i"",""CoreCount"":2,""MemorySize"":8,""OperatingSystem"":""Linux"",""x_Tenancy"":""Shared""}",arn:aws:ec2:ap-southeast-1:200000000014:instance/shared-host-f7cee861,shared-host-f7cee861,EC2 Instance,ap-southeast-1,Asia Pacific (Singapore),ap-southeast-1b,,,,,,,,,,,split-proportional,"{""Elements"":[{""AllocatedRatio"":1,""UsageUnit"":""Hours"",""UsageQuantity"":0.9621,""x_Strategy"":""Proportional"",""x_Basis"":""vCPUSeconds""}]}",arn:aws:eks:ap-southeast-1:200000000014:workload/search-aefa1e,workload-search,"{""workload"":""search"",""CostCenter"":""cc-3110""}","{""Environment"":""prod"",""CostCenter"":""cc-3110"",""Owner"":""team-platform""}"
AWS,AWS,AWS,AWS,AWS,INV-2026-05-0001,100000000001,ExampleCorp Master Payer,Payer Account,200000000013,data-analytics,Linked Account,2026-05-01T00:00:00Z,2026-06-01T00:00:00Z,2026-05-13T21:00:00Z,2026-05-13T22:00:00Z,Usage,,RDS PostgreSQL db.r6g.large,Usage-Based,0.24,0.24,0.24,0.24,0.2400000000,0.2400000000,Standard,1.0000,Hours,USD,0.2400000000,0.24,0.2400000000,USD,1.0000,Hours,AmazonRDS,Databases,Relational Databases,SKU-59cf7266a13e6ea4d00d0143,Database,SPRICE-bde64d57365802abbf64195d,"{""InstanceType"":""db.r6g.large"",""InstanceSeries"":""R6g"",""CoreCount"":2,""MemorySize"":16,""x_Engine"":""PostgreSQL""}",arn:aws:rds:ap-southeast-1:200000000013:db/db-826d5c1de612,db-826d5c1de612,RDS Instance,ap-southeast-1,Asia Pacific (Singapore),,,,,,,,,,,,,,,,,"{""Environment"":""dev"",""CostCenter"":""cc-3110"",""Owner"":""team-payments""}"
AWS,AWS,AWS,AWS,AWS,INV-2026-05-0001,100000000001,ExampleCorp Master Payer,Payer Account,200000000014,sandbox-dev,Linked Account,2026-05-01T00:00:00Z,2026-06-01T00:00:00Z,2026-05-01T00:00:00Z,2026-06-01T00:00:00Z,Usage,,S3 Standard storage,Usage-Based,88.7237742,88.7237742,88.7237742,88.7237742,0.0230000000,0.0230000000,Standard,3857.5554,GB-Months,USD,0.0230000000,88.7237742,0.0230000000,USD,3857.5554,GB-Months,AmazonS3,Storage,Object Storage,SKU-e7cfcc3199bb16b2dd7b1493,Storage,SPRICE-5d75931c911c493aa2aa3d41,"{""StorageClass"":""Standard"",""Redundancy"":""Zonal""}",arn:aws:s3:ap-southeast-1:200000000014:bucket/bucket-708db93b93b9,bucket-708db93b93b9,S3 Bucket,ap-southeast-1,Asia Pacific (Singapore),,,,,,,,,,,,,,,,,"{""Environment"":""prod"",""CostCenter"":""cc-2087"",""Owner"":""team-data""}"
AWS,AWS,AWS,AWS,AWS,INV-2026-05-0001,100000000001,ExampleCorp Master Payer,Payer Account,200000000012,staging-platform,Linked Account,2026-05-01T00:00:00Z,2026-06-01T00:00:00Z,2026-05-13T23:00:00Z,2026-05-14T00:00:00Z,Usage,,Shared EC2 host cost allocated to workload,Usage-Based,0.0488448,0.0488448,0.0488448,0.0488448,0.0960000000,0.0960000000,Standard,0.5088,Hours,USD,0.0960000000,0.0488448,0.0960000000,USD,0.5088,Hours,AmazonEC2,Compute,Virtual Machines,SKU-093c0d7a3a0491f8523e34c8,Compute,SPRICE-bab283475cbbabd222878e74,"{""InstanceType"":""m6i.large"",""InstanceSeries"":""M6i"",""CoreCount"":2,""MemorySize"":8,""OperatingSystem"":""Linux"",""x_Tenancy"":""Shared""}",arn:aws:ec2:ap-southeast-1:200000000012:instance/shared-host-a4a9e734,shared-host-a4a9e734,EC2 Instance,ap-southeast-1,Asia Pacific (Singapore),ap-southeast-1b,,,,,,,,,,,split-weighted,"{""Elements"":[{""AllocatedRatio"":1,""UsageUnit"":""Hours"",""UsageQuantity"":0.5088,""x_Strategy"":""Weighted"",""x_Basis"":""MemoryBytes""}]}",arn:aws:eks:ap-southeast-1:200000000012:workload/analytics-c39765,workload-analytics,"{""workload"":""analytics"",""CostCenter"":""cc-2087""}","{""Environment"":""prod"",""CostCenter"":""cc-2087"",""Owner"":""team-data""}"
AWS,AWS,AWS,AWS,AWS,INV-2026-05-0001,100000000001,ExampleCorp Master Payer,Payer Account,200000000011,prod-platform,Linked Account,2026-05-01T00:00:00Z,2026-06-01T00:00:00Z,2026-05-05T00:00:00Z,2026-05-06T00:00:00Z,Purchase,,AWSLambda subscription fee,Recurring,160.2,160.2,160.2,160.2,160.2,160.2,Standard,1,Units,USD,160.2000000000,160.2,160.2000000000,USD,,,AWSLambda,Compute,Serverless Compute,SKU-9a74fd410e6e4f08064b2dd5,Subscription,SPRICE-93ee86cad4d9013385430597,"{""x_ChargeType"": ""SubscriptionFee""}",arn:aws:lambda:eu-west-1:200000000011:function/fn-d2fe4acc851e,fn-d2fe4acc851e,Lambda Function,eu-west-1,EU (Ireland),,,,,,,,,,,,,,,,,"{""Environment"":""staging"",""CostCenter"":""cc-1042"",""Owner"":""team-platform""}"
AWS,AWS,AWS,AWS,AWS,INV-2026-05-0002,100000000002,ExampleCorp Secondary Payer,Payer Account,200000000013,data-analytics,Linked Account,2026-05-01T00:00:00Z,2026-06-01T00:00:00Z,2026-05-03T13:00:00Z,2026-05-03T14:00:00Z,Tax,,Synthetic tax 10% on usage record 62: AmazonEC2,One-Time,0.00591648,0.00591648,0.00591648,0.00591648,,,,,,USD,,0.00591648,,USD,,,AmazonEC2,Compute,Virtual Machines,,,,,,,,,,,,,,,,,,,,,,,,,,"{""Environment"":""dev"",""CostCenter"":""cc-1042"",""Owner"":""team-platform""}"
AWS,AWS,AWS,AWS,AWS,INV-2026-05-0001,100000000001,ExampleCorp Master Payer,Payer Account,200000000011,prod-platform,Linked Account,2026-05-01T00:00:00Z,2026-06-01T00:00:00Z,2026-05-01T00:00:00Z,2026-05-02T00:00:00Z,Tax,,Synthetic tax 10% on usage record 113: AmazonVPC,One-Time,2.2378977,2.2378977,2.2378977,2.2378977,,,,,,USD,,2.2378977,,USD,,,AmazonVPC,Networking,Network Connectivity,,,,,,,,,,,,,,,,,,,,,,,,,,"{""Environment"":""dev"",""CostCenter"":""cc-1042"",""Owner"":""team-platform""}"
AWS,AWS,AWS,AWS,AWS,INV-2026-05-0001,100000000001,ExampleCorp Master Payer,Payer Account,200000000013,data-analytics,Linked Account,2026-05-01T00:00:00Z,2026-06-01T00:00:00Z,2026-05-08T00:00:00Z,2026-05-09T00:00:00Z,Purchase,,AmazonEC2 subscription fee,Recurring,381.24,381.24,381.24,381.24,381.24,381.24,Standard,1,Units,USD,381.2400000000,381.24,381.2400000000,USD,,,AmazonEC2,Compute,Virtual Machines,SKU-0232c69e314718c266fb6913,Subscription,SPRICE-69eb8753a97dda18c1bcb3a5,"{""x_ChargeType"": ""SubscriptionFee""}",arn:aws:ec2:us-east-1:200000000013:instance/i-e64617e45630,i-e64617e45630,EC2 Instance,us-east-1,US East (N. Virginia),,,,,,,,,,,,,,,,,"{""Environment"":""prod"",""CostCenter"":""cc-1042"",""Owner"":""team-data""}"
AWS,AWS,AWS,AWS,AWS,INV-2026-05-0001,100000000001,ExampleCorp Master Payer,Payer Account,200000000012,staging-platform,Linked Account,2026-05-01T00:00:00Z,2026-06-01T00:00:00Z,2026-05-01T00:00:00Z,2026-06-01T00:00:00Z,Usage,,S3 Standard storage,Usage-Based,72.0023579,72.0023579,72.0023579,72.0023579,0.0230000000,0.0230000000,Standard,3130.5373,GB-Months,USD,0.0230000000,72.0023579,0.0230000000,USD,3130.5373,GB-Months,AmazonS3,Storage,Object Storage,SKU-6042c508b21761919a0ed516,Storage,SPRICE-d35afe08308f10d3695aa71d,"{""StorageClass"":""Standard"",""Redundancy"":""Zonal""}",arn:aws:s3:eu-west-1:200000000012:bucket/bucket-8386b843e15f,bucket-8386b843e15f,S3 Bucket,eu-west-1,EU (Ireland),,,,,,,,,,,,,,,,,"{""Environment"":""dev"",""CostCenter"":""cc-1042"",""Owner"":""team-data""}"
AWS,AWS,AWS,AWS,AWS,INV-2026-05-0001,100000000001,ExampleCorp Master Payer,Payer Account,200000000014,sandbox-dev,Linked Account,2026-05-01T00:00:00Z,2026-06-01T00:00:00Z,2026-05-10T00:00:00Z,2026-05-11T00:00:00Z,Usage,,Custom metrics,Usage-Based,6.23955,6.23955,6.23955,6.23955,0.3000000000,0.3000000000,Standard,20.7985,Metrics,EUR,0.2760000000,5.740386,0.2760000000,USD,20.7985,Metrics,AmazonCloudWatch,Management and Governance,Observability,SKU-7f3902e3f370805f0a245d7f,Monitoring,SPRICE-a898791670559a1f7da92145,"{""x_MetricType"":""Custom""}",arn:aws:cloudwatch:ap-southeast-1:200000000014:metric/metric-a65fcf7fd391,metric-a65fcf7fd391,Metric,ap-southeast-1,Asia Pacific (Singapore),,,,,,,,,,,,,,,,,"{""Environment"":""staging"",""CostCenter"":""cc-2087"",""Owner"":""team-data""}"
AWS,AWS,AWS,AWS,AWS,INV-2026-05-0002,100000000002,ExampleCorp Secondary Payer,Payer Account,200000000011,prod-platform,Linked Account,2026-05-01T00:00:00Z,2026-06-01T00:00:00Z,2026-05-02T17:00:00Z,2026-05-02T18:00:00Z,Tax,,Synthetic tax 10% on usage record 42: AmazonEC2,One-Time,0.0096,0.0096,0.0096,0.0096,,,,,,USD,,0.0096,,USD,,,AmazonEC2,Compute,Virtual Machines,,,,,,,,,,,,,,,,,,,,,,,,,,"{""Environment"":""prod"",""CostCenter"":""cc-3110"",""Owner"":""team-platform""}"
AWS,AWS,AWS,AWS,AWS,INV-2026-05-0001,100000000001,ExampleCorp Master Payer,Payer Account,200000000011,prod-platform,Linked Account,2026-05-01T00:00:00Z,2026-06-01T00:00:00Z,2026-05-12T00:00:00Z,2026-05-13T00:00:00Z,Usage,,Custom metrics,Usage-Based,52.065612,52.065612,57.85068,52.065612,0.3000000000,0.2700000000,Standard,192.8356,Metrics,USD,0.2700000000,52.065612,0.3000000000,USD,192.8356,Metrics,AmazonCloudWatch,Management and Governance,Observability,SKU-34e5538fb30cbad0ab6e9eda,Monitoring,SPRICE-7775836205fc8d4f07876728,"{""x_MetricType"":""Custom""}",arn:aws:cloudwatch:us-west-2:200000000011:metric/metric-1ea13352823e,metric-1ea13352823e,Metric,us-west-2,US West (Oregon),,,,,,,,,"{""Elements"":[{""ContractId"":""CONTRACT-EA-2026-0001"",""ContractCommitmentId"":""CC-EA-SPEND-0001"",""ContractCommitmentAppliedCost"":52.06561200000000}]}",,,,,,,,"{""Environment"":""staging"",""CostCenter"":""cc-1042"",""Owner"":""team-platform""}"
AWS,AWS,AWS,AWS,AWS,INV-2026-05-0001,100000000001,ExampleCorp Master Payer,Payer Account,200000000013,data-analytics,Linked Account,2026-05-01T00:00:00Z,2026-06-01T00:00:00Z,2026-05-13T00:00:00Z,2026-05-14T00:00:00Z,Usage,,DynamoDB on-demand write requests,Usage-Based,1.7253222795,1.7253222795,1.7253222795,1.7253222795,0.0000012500,0.0000012500,Standard,1380257.8236,Requests,USD,0.0000012500,1.7253222795,0.0000012500,USD,1380257.8236,Requests,AmazonDynamoDB,Databases,NoSQL Databases,SKU-fc4e454b36112dd390bf69e4,Database,SPRICE-6e7ea642b1065af97aedd9bf,"{""x_CapacityMode"":""On-Demand""}",arn:aws:dynamodb:eu-west-1:200000000013:table/table-778516fc9cdc,table-778516fc9cdc,DynamoDB Table,eu-west-1,EU (Ireland),,,,,,,,,,,,,,,,,"{""Environment"":""dev"",""CostCenter"":""cc-2087"",""Owner"":""team-platform""}"
AWS,AWS,AWS,AWS,AWS,INV-2026-05-0001,100000000001,ExampleCorp Master Payer,Payer Account,200000000011,prod-platform,Linked Account,2026-05-01T00:00:00Z,2026-06-01T00:00:00Z,2026-05-14T09:00:00Z,2026-05-14T10:00:00Z,Usage,,Shared EC2 host cost allocated to workload,Usage-Based,0.0764928,0.0764928,0.0764928,0.0764928,0.0960000000,0.0960000000,Standard,0.7968,Hours,USD,0.0960000000,0.0764928,0.0960000000,USD,0.7968,Hours,AmazonEC2,Compute,Virtual Machines,SKU-736a4dd80178572d8370293d,Compute,SPRICE-c862323f09b487c42efb1c6b,"{""InstanceType"":""m6i.large"",""InstanceSeries"":""M6i"",""CoreCount"":2,""MemorySize"":8,""OperatingSystem"":""Linux"",""x_Tenancy"":""Shared""}",arn:aws:ec2:us-east-1:200000000011:instance/shared-host-d5b4e016,shared-host-d5b4e016,EC2 Instance,us-east-1,US East (N. Virginia),us-east-1a,,,,,,,,,,,split-weighted,"{""Elements"":[{""AllocatedRatio"":1,""UsageUnit"":""Hours"",""UsageQuantity"":0.7968,""x_Strategy"":""Weighted"",""x_Basis"":""MemoryBytes""}]}",arn:aws:eks:us-east-1:200000000011:workload/billing-78a0bf,workload-billing,"{""workload"":""billing"",""CostCenter"":""cc-2087""}","{""Environment"":""prod"",""CostCenter"":""cc-3110"",""Owner"":""team-data""}"
AWS,AWS,AWS,AWS,AWS,INV-2026-05-0001,100000000001,ExampleCorp Master Payer,Payer Account,200000000014,sandbox-dev,Linked Account,2026-05-01T00:00:00Z,2026-06-01T00:00:00Z,2026-05-15T00:00:00Z,2026-05-16T00:00:00Z,Purchase,,AmazonEC2 subscription fee,Recurring,596.74,596.74,596.74,596.74,596.74,596.74,Standard,1,Units,USD,596.7400000000,596.74,596.7400000000,USD,,,AmazonEC2,Compute,Virtual Machines,SKU-d628ef34dd76e494858ef744,Subscription,SPRICE-be085248bbc4792303298e2e,"{""x_ChargeType"": ""SubscriptionFee""}",arn:aws:ec2:eu-west-1:200000000014:instance/i-f4ee5780e196,i-f4ee5780e196,EC2 Instance,eu-west-1,EU (Ireland),,,,,,,,,,,,,,,,,"{""Environment"":""staging"",""CostCenter"":""cc-2087"",""Owner"":""team-payments""}"
AWS,AWS,AWS,AWS,AWS,INV-2026-05-0001,100000000001,ExampleCorp Master Payer,Payer Account,200000000013,data-analytics,Linked Account,2026-05-01T00:00:00Z,2026-06-01T00:00:00Z,2026-05-07T20:00:00Z,2026-05-07T21:00:00Z,Tax,,Synthetic tax 10% on usage record 165: AWSLambda,One-Time,7.072237322279689,7.072237322279689,7.072237322279689,7.072237322279689,,,,,,USD,,7.072237322279689,,USD,,,AWSLambda,Compute,Serverless Compute,,,,,,,,,,,,,,,,,,,,,,,,,,"{""Environment"":""dev"",""CostCenter"":""cc-3110"",""Owner"":""team-platform""}"
AWS,AWS,AWS,AWS,AWS,INV-2026-05-0001,100000000001,ExampleCorp Master Payer,Payer Account,200000000014,sandbox-dev,Linked Account,2026-05-01T00:00:00Z,2026-06-01T00:00:00Z,2026-05-14T12:00:00Z,2026-05-14T13:00:00Z,Usage,,Shared EC2 host cost allocated to workload,Usage-Based,0.00912,0.00912,0.00912,0.00912,0.0960000000,0.0960000000,Standard,0.0950,Hours,USD,0.0960000000,0.00912,0.0960000000,USD,0.0950,Hours,AmazonEC2,Compute,Virtual Machines,SKU-ca9c2ba97f0b30fb137ef130,Compute,SPRICE-d7f4030fc2a8b65799f6b437,"{""InstanceType"":""m6i.large"",""InstanceSeries"":""M6i"",""CoreCount"":2,""MemorySize"":8,""OperatingSystem"":""Linux"",""x_Tenancy"":""Shared""}",arn:aws:ec2:eu-west-1:200000000014:instance/shared-host-ec52353c,shared-host-ec52353c,EC2 Instance,eu-west-1,EU (Ireland),eu-west-1a,,,,,,,,,,,split-proportional,"{""Elements"":[{""AllocatedRatio"":1,""UsageUnit"":""Hours"",""UsageQuantity"":0.0950,""x_Strategy"":""Proportional"",""x_Basis"":""vCPUSeconds""}]}",arn:aws:eks:eu-west-1:200000000014:workload/checkout-359214,workload-checkout,"{""workload"":""checkout"",""CostCenter"":""cc-3110""}","{""Environment"":""prod"",""CostCenter"":""cc-3110"",""Owner"":""team-data""}"
AWS,AWS,AWS,AWS,AWS,INV-2026-05-0001,100000000001,ExampleCorp Master Payer,Payer Account,200000000012,staging-platform,Linked Account,2026-05-01T00:00:00Z,2026-06-01T00:00:00Z,2026-05-01T00:00:00Z,2026-06-01T00:00:00Z,Usage,,S3 Standard storage,Usage-Based,56.9962195,56.9962195,56.9962195,56.9962195,0.0230000000,0.0230000000,Standard,2478.0965,GB-Months,USD,0.0230000000,56.9962195,0.0230000000,USD,2478.0965,GB-Months,AmazonS3,Storage,Object Storage,SKU-e7cfcc3199bb16b2dd7b1493,Storage,SPRICE-5d75931c911c493aa2aa3d41,"{""StorageClass"":""Standard"",""Redundancy"":""Zonal""}",arn:aws:s3:ap-southeast-1:200000000012:bucket/bucket-e0f7cc313172,bucket-e0f7cc313172,S3 Bucket,ap-southeast-1,Asia Pacific (Singapore),,,,,,,,,,,,,,,,,"{""Environment"":""dev"",""CostCenter"":""cc-2087"",""Owner"":""team-platform""}"
AWS,AWS,AWS,AWS,AWS,INV-2026-05-0001,100000000001,ExampleCorp Master Payer,Payer Account,200000000013,data-analytics,Linked Account,2026-05-01T00:00:00Z,2026-06-01T00:00:00Z,2026-05-01T00:00:00Z,2026-06-01T00:00:00Z,Usage,,S3 Standard storage,Usage-Based,101.57711904,101.57711904,112.8634656,101.57711904,0.0230000000,0.0207000000,Standard,4907.1072,GB-Months,USD,0.0207000000,101.57711904,0.0230000000,USD,4907.1072,GB-Months,AmazonS3,Storage,Object Storage,SKU-e7cfcc3199bb16b2dd7b1493,Storage,SPRICE-5d75931c911c493aa2aa3d41,"{""StorageClass"":""Standard"",""Redundancy"":""Zonal""}",arn:aws:s3:ap-southeast-1:200000000013:bucket/bucket-e2b174b90214,bucket-e2b174b90214,S3 Bucket,ap-southeast-1,Asia Pacific (Singapore),,,,,,,,,"{""Elements"":[{""ContractId"":""CONTRACT-EA-2026-0001"",""ContractCommitmentId"":""CC-EA-STORAGE-0002"",""ContractCommitmentAppliedCost"":101.57711904000000}]}",,,,,,,,"{""Environment"":""prod"",""CostCenter"":""cc-2087"",""Owner"":""team-data""}"
AWS,AWS,AWS,AWS,AWS,INV-2026-05-0001,100000000001,ExampleCorp Master Payer,Payer Account,200000000013,data-analytics,Linked Account,2026-05-01T00:00:00Z,2026-06-01T00:00:00Z,2026-05-14T15:00:00Z,2026-05-14T16:00:00Z,Usage,,Lambda function duration,Usage-Based,69.54490782620414,69.54490782620414,69.54490782620414,69.54490782620414,0.0000166667,0.0000166667,Standard,4172686.1242,GB-Seconds,USD,0.0000166667,69.54490782620414,0.0000166667,USD,4172686.1242,GB-Seconds,AWSLambda,Compute,Serverless Compute,SKU-67dc4ce0843e58b6125cbdce,Compute,SPRICE-227d5491bbfb36c4f69bea63,"{""x_Runtime"":""python3.12"",""x_Architecture"":""arm64""}",arn:aws:lambda:us-east-1:200000000013:function/fn-5dc40d667bbe,fn-5dc40d667bbe,Lambda Function,us-east-1,US East (N. Virginia),,,,,,,,,,,,,,,,,"{""Environment"":""dev"",""CostCenter"":""cc-2087"",""Owner"":""team-data""}"
AWS,AWS,AWS,AWS,AWS,INV-2026-05-0001,100000000001,ExampleCorp Master Payer,Payer Account,200000000012,staging-platform,Linked Account,2026-05-01T00:00:00Z,2026-06-01T00:00:00Z,2026-05-16T00:00:00Z,2026-05-17T00:00:00Z,Tax,,Synthetic tax 10% on usage record 212: AmazonCloudWatch,One-Time,1.5798537,1.5798537,1.755393,1.5798537,,,,,,USD,,1.5798537,,USD,,,AmazonCloudWatch,Management and Governance,Observability,,,,,,,,,,,,,,,,,,,,,,,,,,"{""Environment"":""prod"",""CostCenter"":""cc-3110"",""Owner"":""team-platform""}"
AWS,AWS,AWS,AWS,AWS,INV-2026-05-0002,100000000002,ExampleCorp Secondary Payer,Payer Account,200000000013,data-analytics,Linked Account,2026-05-01T00:00:00Z,2026-06-01T00:00:00Z,2026-05-22T00:00:00Z,2026-05-23T00:00:00Z,Usage,,NAT gateway data processed,Usage-Based,1.7673255,1.7673255,1.7673255,1.7673255,0.0450000000,0.0450000000,Standard,39.2739,GB,USD,0.0450000000,1.7673255,0.0450000000,USD,39.2739,GB,AmazonVPC,Networking,Network Connectivity,SKU-3d9b08c72ec44814e0bd4e25,Data Transfer,SPRICE-5df2ff31768360bf23008ec4,"{""x_TransferType"":""InterAZ""}",arn:aws:ec2:eu-west-1:200000000013:natgateway/nat-2cd3b1bac96f,nat-2cd3b1bac96f,NAT Gateway,eu-west-1,EU (Ireland),,,,,,,,,,,,,,,,,"{""Environment"":""prod"",""CostCenter"":""cc-2087"",""Owner"":""team-platform""}"
AWS,AWS,AWS,AWS,AWS,INV-2026-05-0002,100000000002,ExampleCorp Secondary Payer,Payer Account,200000000013,data-analytics,Linked Account,2026-05-01T00:00:00Z,2026-06-01T00:00:00Z,2026-05-10T02:00:00Z,2026-05-10T03:00:00Z,Tax,,Synthetic tax 10% on usage record 219: AmazonEC2,One-Time,0.00399072,0.00399072,0.00399072,0.00399072,,,,,,USD,,0.00399072,,USD,,,AmazonEC2,Compute,Virtual Machines,,,,,,,,,,,,,,,,,,,,,,,,,,"{""Environment"":""staging"",""CostCenter"":""cc-2087"",""Owner"":""team-data""}"
AWS,AWS,AWS,AWS,AWS,INV-2026-05-0001,100000000001,ExampleCorp Master Payer,Payer Account,200000000012,staging-platform,Linked Account,2026-05-01T00:00:00Z,2026-06-01T00:00:00Z,2026-05-24T00:00:00Z,2026-05-25T00:00:00Z,Usage,,Glue ETL job run,Usage-Based,17.349552,17.349552,17.349552,17.349552,0.4400000000,0.4400000000,Standard,39.4308,DPU-Hours,USD,0.4400000000,17.349552,0.4400000000,USD,39.4308,DPU-Hours,AWSGlue,Analytics,Data Processing,SKU-d1426392ab27c72810db5ee9,Data Processing,SPRICE-2caf36fd8fbe6a68e682b866,"{""x_WorkerType"":""G.1X""}",arn:aws:glue:ap-southeast-1:200000000012:job/job-dca6bb7f9ebf,job-dca6bb7f9ebf,Glue Job,ap-southeast-1,Asia Pacific (Singapore),,,,,,,,,,,,,,,,,"{""Environment"":""staging"",""CostCenter"":""cc-1042"",""Owner"":""team-platform""}"
AWS,AWS,AWS,AWS,AWS,INV-2026-05-0002,100000000002,ExampleCorp Secondary Payer,Payer Account,200000000013,data-analytics,Linked Account,2026-05-01T00:00:00Z,2026-06-01T00:00:00Z,2026-05-25T00:00:00Z,2026-05-26T00:00:00Z,Usage,,DynamoDB on-demand write requests,Usage-Based,4.78300239,4.78300239,4.78300239,4.78300239,0.0000012500,0.0000012500,Standard,3826401.9120,Requests,USD,0.0000012500,4.78300239,0.0000012500,USD,3826401.9120,Requests,AmazonDynamoDB,Databases,NoSQL Databases,SKU-ed668466fc7fc7bc80c6b1e8,Database,SPRICE-c01526413ebdb215913eebd3,"{""x_CapacityMode"":""On-Demand""}",arn:aws:dynamodb:ap-southeast-1:200000000013:table/table-9b5953f4b278,table-9b5953f4b278,DynamoDB Table,ap-southeast-1,Asia Pacific (Singapore),,,,,,,,,,,,,,,,,"{""Environment"":""prod"",""CostCenter"":""cc-2087"",""Owner"":""team-data""}"
AWS,AWS,AWS,AWS,AWS,INV-2026-05-0001,100000000001,ExampleCorp Master Payer,Payer Account,200000000011,prod-platform,Linked Account,2026-05-01T00:00:00Z,2026-06-01T00:00:00Z,2026-05-26T00:00:00Z,2026-05-27T00:00:00Z,Purchase,,AmazonRDS subscription fee,Recurring,574.66,574.66,574.66,574.66,574.66,574.66,Standard,1,Units,USD,574.6600000000,574.66,574.6600000000,USD,,,AmazonRDS,Databases,Relational Databases,SKU-7c4079934f8ab18bdfc7b383,Subscription,SPRICE-38df3bd9142ad6f96724f046,"{""x_ChargeType"": ""SubscriptionFee""}",arn:aws:rds:us-west-2:200000000011:db/db-496aebcdfc4e,db-496aebcdfc4e,RDS Instance,us-west-2,US West (Oregon),,,,,,,,,,,,,,,,,"{""Environment"":""staging"",""CostCenter"":""cc-2087"",""Owner"":""team-platform""}"
AWS,AWS,AWS,AWS,AWS,INV-2026-05-0002,100000000002,ExampleCorp Secondary Payer,Payer Account,200000000012,staging-platform,Linked Account,2026-05-01T00:00:00Z,2026-06-01T00:00:00Z,2026-05-27T00:00:00Z,2026-05-28T00:00:00Z,Usage,,NAT gateway data processed,Usage-Based,3.3062337,3.3062337,3.673593,3.3062337,0.0450000000,0.0405000000,Standard,81.6354,GB,USD,0.0405000000,3.3062337,0.0450000000,USD,81.6354,GB,AmazonVPC,Networking,Network Connectivity,SKU-3d9b08c72ec44814e0bd4e25,Data Transfer,SPRICE-5df2ff31768360bf23008ec4,"{""x_TransferType"":""InterAZ""}",arn:aws:ec2:eu-west-1:200000000012:natgateway/nat-d3f3033573c0,nat-d3f3033573c0,NAT Gateway,eu-west-1,EU (Ireland),,,,,,,,,"{""Elements"":[{""ContractId"":""CONTRACT-EA-2026-0001"",""ContractCommitmentId"":""CC-EA-SPEND-0001"",""ContractCommitmentAppliedCost"":3.30623370000000}]}",,,,,,,,"{""Environment"":""prod"",""CostCenter"":""cc-2087"",""Owner"":""team-platform""}"
AWS,AWS,AWS,AWS,AWS,INV-2026-05-0001,100000000001,ExampleCorp Master Payer,Payer Account,200000000014,sandbox-dev,Linked Account,2026-05-01T00:00:00Z,2026-06-01T00:00:00Z,2026-05-14T23:00:00Z,2026-05-15T00:00:00Z,Usage,,Shared EC2 host cost allocated to workload,Usage-Based,0.0575904,0.0575904,0.0575904,0.0575904,0.0960000000,0.0960000000,Standard,0.5999,Hours,USD,0.0960000000,0.0575904,0.0960000000,USD,0.5999,Hours,AmazonEC2,Compute,Virtual Machines,SKU-736a4dd80178572d8370293d,Compute,SPRICE-c862323f09b487c42efb1c6b,"{""InstanceType"":""m6i.large"",""InstanceSeries"":""M6i"",""CoreCount"":2,""MemorySize"":8,""OperatingSystem"":""Linux"",""x_Tenancy"":""Shared""}",arn:aws:ec2:us-east-1:200000000014:instance/shared-host-ba0c284a,shared-host-ba0c284a,EC2 Instance,us-east-1,US East (N. Virginia),us-east-1b,,,,,,,,,,,split-weighted,"{""Elements"":[{""AllocatedRatio"":1,""UsageUnit"":""Hours"",""UsageQuantity"":0.5999,""x_Strategy"":""Weighted"",""x_Basis"":""MemoryBytes""}]}",arn:aws:eks:us-east-1:200000000014:workload/search-8464c7,workload-search,"{""workload"":""search"",""CostCenter"":""cc-2087""}","{""Environment"":""prod"",""CostCenter"":""cc-1042"",""Owner"":""team-platform""}"
AWS,AWS,AWS,AWS,AWS,INV-2026-05-0002,100000000002,ExampleCorp Secondary Payer,Payer Account,200000000013,data-analytics,Linked Account,2026-05-01T00:00:00Z,2026-06-01T00:00:00Z,2026-05-03T00:00:00Z,2026-05-04T00:00:00Z,Tax,,Synthetic tax 10% on usage record 143: AmazonVPC,One-Time,0.5537169,0.5537169,0.5537169,0.5537169,,,,,,USD,,0.5537169,,USD,,,AmazonVPC,Networking,Network Connectivity,,,,,,,,,,,,,,,,,,,,,,,,,,"{""Environment"":""staging"",""CostCenter"":""cc-2087"",""Owner"":""team-data""}"
AWS,AWS,AWS,AWS,AWS,INV-2026-05-0001,100000000001,ExampleCorp Master Payer,Payer Account,200000000014,sandbox-dev,Linked Account,2026-05-01T00:00:00Z,2026-06-01T00:00:00Z,2026-05-15T01:00:00Z,2026-05-15T02:00:00Z,Usage,,Shared EC2 host cost allocated to workload,Usage-Based,0.0795744,0.0795744,0.0795744,0.0795744,0.0960000000,0.0960000000,Standard,0.8289,Hours,USD,0.0960000000,0.0795744,0.0960000000,USD,0.8289,Hours,AmazonEC2,Compute,Virtual Machines,SKU-093c0d7a3a0491f8523e34c8,Compute,SPRICE-bab283475cbbabd222878e74,"{""InstanceType"":""m6i.large"",""InstanceSeries"":""M6i"",""CoreCount"":2,""MemorySize"":8,""OperatingSystem"":""Linux"",""x_Tenancy"":""Shared""}",arn:aws:ec2:ap-southeast-1:200000000014:instance/shared-host-82fa9e07,shared-host-82fa9e07,EC2 Instance,ap-southeast-1,Asia Pacific (Singapore),ap-southeast-1b,,,,,,,,,,,split-proportional,"{""Elements"":[{""AllocatedRatio"":1,""UsageUnit"":""Hours"",""UsageQuantity"":0.8289,""x_Strategy"":""Proportional"",""x_Basis"":""vCPUSeconds""}]}",arn:aws:eks:ap-southeast-1:200000000014:workload/analytics-bec1ea,workload-analytics,"{""workload"":""analytics"",""CostCenter"":""cc-2087""}","{""Environment"":""dev"",""CostCenter"":""cc-1042"",""Owner"":""team-platform""}"
AWS,AWS,AWS,AWS,AWS,INV-2026-05-0002,100000000002,ExampleCorp Secondary Payer,Payer Account,200000000012,staging-platform,Linked Account,2026-05-01T00:00:00Z,2026-06-01T00:00:00Z,2026-05-04T05:00:00Z,2026-05-04T06:00:00Z,Tax,,Synthetic tax 10% on usage record 78: AmazonEC2,One-Time,0.00531456,0.00531456,0.00531456,0.00531456,,,,,,USD,,0.00531456,,USD,,,AmazonEC2,Compute,Virtual Machines,,,,,,,,,,,,,,,,,,,,,,,,,,"{""Environment"":""dev"",""CostCenter"":""cc-3110"",""Owner"":""team-platform""}"
AWS,AWS,AWS,AWS,AWS,INV-2026-05-0001,100000000001,ExampleCorp Master Payer,Payer Account,200000000011,prod-platform,Linked Account,2026-05-01T00:00:00Z,2026-06-01T00:00:00Z,2026-05-04T00:00:00Z,2026-05-05T00:00:00Z,Usage,,Glue ETL job run,Usage-Based,2.951696,2.951696,2.951696,2.951696,0.4400000000,0.4400000000,Standard,6.7084,DPU-Hours,USD,0.4400000000,2.951696,0.4400000000,USD,6.7084,DPU-Hours,AWSGlue,Analytics,Data Processing,SKU-118148093a04e718819dbb3f,Data Processing,SPRICE-f140a6944df35cbb51f25679,"{""x_WorkerType"":""G.1X""}",arn:aws:glue:us-west-2:200000000011:job/job-47a939bd3f3b,job-47a939bd3f3b,Glue Job,us-west-2,US West (Oregon),,,,,,,,,,,,,,,,,"{""Environment"":""dev"",""CostCenter"":""cc-2087"",""Owner"":""team-payments""}"
AWS,AWS,AWS,AWS,AWS,INV-2026-05-0001,100000000001,ExampleCorp Master Payer,Payer Account,200000000013,data-analytics,Linked Account,2026-05-01T00:00:00Z,2026-06-01T00:00:00Z,2026-05-15T04:00:00Z,2026-05-15T05:00:00Z,Usage,,Shared EC2 host cost allocated to workload,Usage-Based,0.0162528,0.0162528,0.0162528,0.0162528,0.0960000000,0.0960000000,Standard,0.1693,Hours,USD,0.0960000000,0.0162528,0.0960000000,USD,0.1693,Hours,AmazonEC2,Compute,Virtual Machines,SKU-093c0d7a3a0491f8523e34c8,Compute,SPRICE-bab283475cbbabd222878e74,"{""InstanceType"":""m6i.large"",""InstanceSeries"":""M6i"",""CoreCount"":2,""MemorySize"":8,""OperatingSystem"":""Linux"",""x_Tenancy"":""Shared""}",arn:aws:ec2:ap-southeast-1:200000000013:instance/shared-host-11714260,shared-host-11714260,EC2 Instance,ap-southeast-1,Asia Pacific (Singapore),ap-southeast-1a,,,,,,,,,,,split-even,"{""Elements"":[{""AllocatedRatio"":1,""UsageUnit"":""Hours"",""UsageQuantity"":0.1693,""x_Strategy"":""Even"",""x_Basis"":""Workloads""}]}",arn:aws:eks:ap-southeast-1:200000000013:workload/search-1dd2fb,workload-search,"{""workload"":""search"",""CostCenter"":""cc-1042""}","{""Environment"":""staging"",""CostCenter"":""cc-3110"",""Owner"":""team-payments""}"
AWS,AWS,AWS,AWS,AWS,INV-2026-05-0002,100000000002,ExampleCorp Secondary Payer,Payer Account,200000000012,staging-platform,Linked Account,2026-05-01T00:00:00Z,2026-06-01T00:00:00Z,2026-05-06T00:00:00Z,2026-05-07T00:00:00Z,Usage,,NAT gateway data processed,Usage-Based,0.5880285,0.5880285,0.5880285,0.5880285,0.0450000000,0.0450000000,Standard,13.0673,GB,USD,0.0450000000,0.5880285,0.0450000000,USD,13.0673,GB,AmazonVPC,Networking,Network Connectivity,SKU-935abd9125f7268b4f0eb1ad,Data Transfer,SPRICE-130c94d71c797814c8e72b46,"{""x_TransferType"":""InterAZ""}",arn:aws:ec2:us-east-1:200000000012:natgateway/nat-260fa71930ce,nat-260fa71930ce,NAT Gateway,us-east-1,US East (N. Virginia),,,,,,,,,,,,,,,,,"{""Environment"":""staging"",""CostCenter"":""cc-1042"",""Owner"":""team-data""}"
AWS,AWS,AWS,AWS,AWS,INV-2026-05-0001,100000000001,ExampleCorp Master Payer,Payer Account,200000000011,prod-platform,Linked Account,2026-05-01T00:00:00Z,2026-06-01T00:00:00Z,2026-05-15T06:00:00Z,2026-05-15T07:00:00Z,Usage,,Lambda function duration,Usage-Based,15.96374993076934,15.96374993076934,15.96374993076934,15.96374993076934,0.0000166667,0.0000166667,Standard,957823.0802,GB-Seconds,USD,0.0000166667,15.96374993076934,0.0000166667,USD,957823.0802,GB-Seconds,AWSLambda,Compute,Serverless Compute,SKU-7828f3c3be040bf04a99c13a,Compute,SPRICE-f43f05862dbfbeb78999da05,"{""x_Runtime"":""python3.12"",""x_Architecture"":""arm64""}",arn:aws:lambda:eu-west-1:200000000011:function/fn-05a03de369ed,fn-05a03de369ed,Lambda Function,eu-west-1,EU (Ireland),,,,,,,,,,,,,,,,,"{""Environment"":""staging"",""CostCenter"":""cc-2087"",""Owner"":""team-data""}"
AWS,AWS,AWS,AWS,AWS,INV-2026-05-0001,100000000001,ExampleCorp Master Payer,Payer Account,200000000012,staging-platform,Linked Account,2026-05-01T00:00:00Z,2026-06-01T00:00:00Z,2026-05-15T07:00:00Z,2026-05-15T08:00:00Z,Usage,,Lambda function duration,Usage-Based,5.86358401547791,5.86358401547791,5.86358401547791,5.86358401547791,0.0000166667,0.0000166667,Standard,351814.3373,GB-Seconds,USD,0.0000166667,5.86358401547791,0.0000166667,USD,351814.3373,GB-Seconds,AWSLambda,Compute,Serverless Compute,SKU-67dc4ce0843e58b6125cbdce,Compute,SPRICE-227d5491bbfb36c4f69bea63,"{""x_Runtime"":""python3.12"",""x_Architecture"":""arm64""}",arn:aws:lambda:us-east-1:200000000012:function/fn-564f278d84cd,fn-564f278d84cd,Lambda Function,us-east-1,US East (N. Virginia),,,,,,,,,,,,,,,,,"{""Environment"":""dev"",""CostCenter"":""cc-1042"",""Owner"":""team-platform""}"
AWS,AWS,AWS,AWS,AWS,INV-2026-05-0002,100000000002,ExampleCorp Secondary Payer,Payer Account,200000000013,data-analytics,Linked Account,2026-05-01T00:00:00Z,2026-06-01T00:00:00Z,2026-05-15T08:00:00Z,2026-05-15T09:00:00Z,Usage,,Lambda function duration,Usage-Based,48.0106986712053,48.0106986712053,48.0106986712053,48.0106986712053,0.0000166667,0.0000166667,Standard,2880636.1590,GB-Seconds,EUR,0.0000153334,44.169842777508876,0.0000153334,USD,2880636.1590,GB-Seconds,AWSLambda,Compute,Serverless Compute,SKU-67dc4ce0843e58b6125cbdce,Compute,SPRICE-5a687e125db5dbd78b535b92,"{""x_Runtime"":""python3.12"",""x_Architecture"":""arm64""}",arn:aws:lambda:us-east-1:200000000013:function/fn-5879084b3a21,fn-5879084b3a21,Lambda Function,us-east-1,US East (N. Virginia),,,,,,,,,,,,,,,,,"{""Environment"":""prod"",""CostCenter"":""cc-2087"",""Owner"":""team-payments""}"
AWS,AWS,AWS,AWS,AWS,INV-2026-05-0001,100000000001,ExampleCorp Master Payer,Payer Account,200000000013,data-analytics,Linked Account,2026-05-01T00:00:00Z,2026-06-01T00:00:00Z,2026-05-10T00:00:00Z,2026-05-11T00:00:00Z,Usage,,Custom metrics,Usage-Based,40.71951,40.71951,40.71951,40.71951,0.3000000000,0.3000000000,Standard,135.7317,Metrics,USD,0.3000000000,40.71951,0.3000000000,USD,135.7317,Metrics,AmazonCloudWatch,Management and Governance,Observability,SKU-2491f45dad51aaef563400a5,Monitoring,SPRICE-5131bac450b55b26fd0cdc7e,"{""x_MetricType"":""Custom""}",arn:aws:cloudwatch:us-east-1:200000000013:metric/metric-ffc85f149e2d,metric-ffc85f149e2d,Metric,us-east-1,US East (N. Virginia),,,,,,,,,,,,,,,,,"{""Environment"":""prod"",""CostCenter"":""cc-2087"",""Owner"":""team-payments""}"
AWS,AWS,AWS,AWS,AWS,INV-2026-05-0001,100000000001,ExampleCorp Master Payer,Payer Account,200000000014,sandbox-dev,Linked Account,2026-05-01T00:00:00Z,2026-06-01T00:00:00Z,2026-05-11T00:00:00Z,2026-05-12T00:00:00Z,Usage,,Custom metrics,Usage-Based,17.589,17.589,17.589,17.589,0.3000000000,0.3000000000,Standard,58.6300,Metrics,EUR,0.2760000000,16.18188,0.2760000000,USD,58.6300,Metrics,AmazonCloudWatch,Management and Governance,Observability,SKU-34e5538fb30cbad0ab6e9eda,Monitoring,SPRICE-8d5446a3bf1657f41b79b0c7,"{""x_MetricType"":""Custom""}",arn:aws:cloudwatch:us-west-2:200000000014:metric/metric-48ed5ba316e7,metric-48ed5ba316e7,Metric,us-west-2,US West (Oregon),,,,,,,,,,,,,,,,,"{""Environment"":""prod"",""CostCenter"":""cc-1042"",""Owner"":""team-payments""}"
AWS,AWS,AWS,AWS,AWS,INV-2026-05-0002,100000000002,ExampleCorp Secondary Payer,Payer Account,200000000013,data-analytics,Linked Account,2026-05-01T00:00:00Z,2026-06-01T00:00:00Z,2026-05-12T00:00:00Z,2026-05-13T00:00:00Z,Usage,,Custom metrics,Usage-Based,53.42739,53.42739,53.42739,53.42739,0.3000000000,0.3000000000,Standard,178.0913,Metrics,USD,0.3000000000,53.42739,0.3000000000,USD,178.0913,Metrics,AmazonCloudWatch,Management and Governance,Observability,SKU-7f3902e3f370805f0a245d7f,Monitoring,SPRICE-dae68554fa459d336630e8d7,"{""x_MetricType"":""Custom""}",arn:aws:cloudwatch:ap-southeast-1:200000000013:metric/metric-e39e5f84aac8,metric-e39e5f84aac8,Metric,ap-southeast-1,Asia Pacific (Singapore),,,,,,,,,,,,,,,,,"{""Environment"":""staging"",""CostCenter"":""cc-1042"",""Owner"":""team-payments""}"
AWS,AWS,AWS,AWS,AWS,INV-2026-05-0002,100000000002,ExampleCorp Secondary Payer,Payer Account,200000000012,staging-platform,Linked Account,2026-05-01T00:00:00Z,2026-06-01T00:00:00Z,2026-05-04T17:00:00Z,2026-05-04T18:00:00Z,Tax,,Synthetic tax 10% on usage record 90: AWSLambda,One-Time,1.582640372274414,1.582640372274414,1.582640372274414,1.582640372274414,,,,,,USD,,1.582640372274414,,USD,,,AWSLambda,Compute,Serverless Compute,,,,,,,,,,,,,,,,,,,,,,,,,,"{""Environment"":""dev"",""CostCenter"":""cc-3110"",""Owner"":""team-payments""}"
AWS,AWS,AWS,AWS,AWS,INV-2026-05-0002,100000000002,ExampleCorp Secondary Payer,Payer Account,200000000014,sandbox-dev,Linked Account,2026-05-01T00:00:00Z,2026-06-01T00:00:00Z,2026-05-15T13:00:00Z,2026-05-15T14:00:00Z,Usage,,Shared EC2 host cost allocated to workload,Usage-Based,0.0749856,0.0749856,0.0749856,0.0749856,0.0960000000,0.0960000000,Standard,0.7811,Hours,USD,0.0960000000,0.0749856,0.0960000000,USD,0.7811,Hours,AmazonEC2,Compute,Virtual Machines,SKU-e0e295f006e6a0732dd5f77b,Compute,SPRICE-98f5ebeb1125d6e984c27bb1,"{""InstanceType"":""m6i.large"",""InstanceSeries"":""M6i"",""CoreCount"":2,""MemorySize"":8,""OperatingSystem"":""Linux"",""x_Tenancy"":""Shared""}",arn:aws:ec2:us-west-2:200000000014:instance/shared-host-294dbfe2,shared-host-294dbfe2,EC2 Instance,us-west-2,US West (Oregon),us-west-2b,,,,,,,,,,,split-even,"{""Elements"":[{""AllocatedRatio"":1,""UsageUnit"":""Hours"",""UsageQuantity"":0.7811,""x_Strategy"":""Even"",""x_Basis"":""Workloads""}]}",arn:aws:eks:us-west-2:200000000014:workload/ingestion-5575fe,workload-ingestion,"{""workload"":""ingestion"",""CostCenter"":""cc-1042""}","{""Environment"":""staging"",""CostCenter"":""cc-3110"",""Owner"":""team-payments""}"
AWS,AWS,AWS,AWS,AWS,INV-2026-05-0001,100000000001,ExampleCorp Master Payer,Payer Account,200000000012,staging-platform,Linked Account,2026-05-01T00:00:00Z,2026-06-01T00:00:00Z,2026-05-25T00:00:00Z,2026-05-26T00:00:00Z,Tax,,Synthetic tax 10% on usage record 109: AmazonCloudWatch,One-Time,0.33237,0.33237,0.33237,0.33237,,,,,,USD,,0.33237,,USD,,,AmazonCloudWatch,Management and Governance,Observability,,,,,,,,,,,,,,,,,,,,,,,,,,"{""Environment"":""prod"",""CostCenter"":""cc-2087"",""Owner"":""team-data""}"
AWS,AWS,AWS,AWS,AWS,INV-2026-05-0001,100000000001,ExampleCorp Master Payer,Payer Account,200000000014,sandbox-dev,Linked Account,2026-05-01T00:00:00Z,2026-06-01T00:00:00Z,2026-05-15T15:00:00Z,2026-05-15T16:00:00Z,Usage,,Shared EC2 host cost allocated to workload,Usage-Based,0.0313248,0.0313248,0.0313248,0.0313248,0.0960000000,0.0960000000,Standard,0.3263,Hours,USD,0.0960000000,0.0313248,0.0960000000,USD,0.3263,Hours,AmazonEC2,Compute,Virtual Machines,SKU-e0e295f006e6a0732dd5f77b,Compute,SPRICE-98f5ebeb1125d6e984c27bb1,"{""InstanceType"":""m6i.large"",""InstanceSeries"":""M6i"",""CoreCount"":2,""MemorySize"":8,""OperatingSystem"":""Linux"",""x_Tenancy"":""Shared""}",arn:aws:ec2:us-west-2:200000000014:instance/shared-host-1a25d11a,shared-host-1a25d11a,EC2 Instance,us-west-2,US West (Oregon),us-west-2b,,,,,,,,,,,split-weighted,"{""Elements"":[{""AllocatedRatio"":1,""UsageUnit"":""Hours"",""UsageQuantity"":0.3263,""x_Strategy"":""Weighted"",""x_Basis"":""MemoryBytes""}]}",arn:aws:eks:us-west-2:200000000014:workload/checkout-8ed995,workload-checkout,"{""workload"":""checkout"",""CostCenter"":""cc-3110""}","{""Environment"":""dev"",""CostCenter"":""cc-2087"",""Owner"":""team-data""}"
AWS,AWS,AWS,AWS,AWS,INV-2026-05-0001,100000000001,ExampleCorp Master Payer,Payer Account,200000000013,data-analytics,Linked Account,2026-05-01T00:00:00Z,2026-06-01T00:00:00Z,2026-05-03T00:00:00Z,2026-05-04T00:00:00Z,Tax,,Synthetic tax 10% on usage record 283: AmazonCloudWatch,One-Time,3.0494826,3.0494826,3.388314,3.0494826,,,,,,USD,,3.0494826,,USD,,,AmazonCloudWatch,Management and Governance,Observability,,,,,,,,,,,,,,,,,,,,,,,,,,"{""Environment"":""dev"",""CostCenter"":""cc-2087"",""Owner"":""team-data""}"
AWS,AWS,AWS,AWS,AWS,INV-2026-05-0001,100000000001,ExampleCorp Master Payer,Payer Account,200000000011,prod-platform,Linked Account,2026-05-01T00:00:00Z,2026-06-01T00:00:00Z,2026-05-18T00:00:00Z,2026-05-19T00:00:00Z,Usage,,Glue ETL job run,Usage-Based,14.7650184,14.7650184,16.405576,14.7650184,0.4400000000,0.3960000000,Standard,37.2854,DPU-Hours,USD,0.3960000000,14.7650184,0.4400000000,USD,37.2854,DPU-Hours,AWSGlue,Analytics,Data Processing,SKU-edd508eddef1abee51edfd3a,Data Processing,SPRICE-d9fcf83357f0862b561e6bf6,"{""x_WorkerType"":""G.1X""}",arn:aws:glue:us-east-1:200000000011:job/job-f60cfe83ff12,job-f60cfe83ff12,Glue Job,us-east-1,US East (N. Virginia),,,,,,,,,"{""Elements"":[{""ContractId"":""CONTRACT-EA-2026-0001"",""ContractCommitmentId"":""CC-EA-SPEND-0001"",""ContractCommitmentAppliedCost"":14.76501840000000}]}",,,,,,,,"{""Environment"":""dev"",""CostCenter"":""cc-2087"",""Owner"":""team-payments""}"
AWS,AWS,AWS,AWS,AWS,INV-2026-05-0001,100000000001,ExampleCorp Master Payer,Payer Account,200000000014,sandbox-dev,Linked Account,2026-05-01T00:00:00Z,2026-06-01T00:00:00Z,2026-05-20T00:00:00Z,2026-05-21T00:00:00Z,Tax,,Synthetic tax 10% on usage record 132: AmazonCloudWatch,One-Time,5.392821,5.392821,5.392821,5.392821,,,,,,USD,,5.392821,,USD,,,AmazonCloudWatch,Management and Governance,Observability,,,,,,,,,,,,,,,,,,,,,,,,,,"{""Environment"":""dev"",""CostCenter"":""cc-2087"",""Owner"":""team-platform""}"
AWS,AWS,AWS,AWS,AWS,INV-2026-05-0002,100000000002,ExampleCorp Secondary Payer,Payer Account,200000000011,prod-platform,Linked Account,2026-05-01T00:00:00Z,2026-06-01T00:00:00Z,2026-05-20T00:00:00Z,2026-05-21T00:00:00Z,Usage,,Custom metrics,Usage-Based,56.592,56.592,56.592,56.592,0.3000000000,0.3000000000,Standard,188.6400,Metrics,USD,0.3000000000,56.592,0.3000000000,USD,188.6400,Metrics,AmazonCloudWatch,Management and Governance,Observability,SKU-7f3902e3f370805f0a245d7f,Monitoring,SPRICE-dae68554fa459d336630e8d7,"{""x_MetricType"":""Custom""}",arn:aws:cloudwatch:ap-southeast-1:200000000011:metric/metric-bb239342e4f2,metric-bb239342e4f2,Metric,ap-southeast-1,Asia Pacific (Singapore),,,,,,,,,,,,,,,,,"{""Environment"":""dev"",""CostCenter"":""cc-2087"",""Owner"":""team-platform""}"
AWS,AWS,AWS,AWS,AWS,INV-2026-05-0001,100000000001,ExampleCorp Master Payer,Payer Account,200000000011,prod-platform,Linked Account,2026-05-01T00:00:00Z,2026-06-01T00:00:00Z,2026-05-15T20:00:00Z,2026-05-15T21:00:00Z,Usage,,Linux on-demand m6i.large,Usage-Based,0.096,0.096,0.096,0.096,0.0960000000,0.0960000000,Standard,1.0000,Hours,USD,0.0960000000,0.096,0.0960000000,USD,1.0000,Hours,AmazonEC2,Compute,Virtual Machines,SKU-736a4dd80178572d8370293d,Compute,SPRICE-c862323f09b487c42efb1c6b,"{""InstanceType"":""m6i.large"",""InstanceSeries"":""M6i"",""CoreCount"":2,""MemorySize"":8,""OperatingSystem"":""Linux"",""x_Tenancy"":""Shared""}",arn:aws:ec2:us-east-1:200000000011:instance/i-026f60e250b0,i-026f60e250b0,EC2 Instance,us-east-1,US East (N. Virginia),us-east-1a,,,,,,,,,,,,,,,,"{""Environment"":""staging"",""CostCenter"":""cc-3110"",""Owner"":""team-platform""}"
AWS,AWS,AWS,AWS,AWS,INV-2026-05-0001,100000000001,ExampleCorp Master Payer,Payer Account,200000000014,sandbox-dev,Linked Account,2026-05-01T00:00:00Z,2026-06-01T00:00:00Z,2026-05-10T00:00:00Z,2026-05-11T00:00:00Z,Tax,,Synthetic tax 10% on usage record 318: AmazonCloudWatch,One-Time,0.623955,0.623955,0.623955,0.623955,,,,,,EUR,,0.5740386,,USD,,,AmazonCloudWatch,Management and Governance,Observability,,,,,,,,,,,,,,,,,,,,,,,,,,"{""Environment"":""staging"",""CostCenter"":""cc-2087"",""Owner"":""team-data""}"
AWS,AWS,AWS,AWS,AWS,INV-2026-05-0002,100000000002,ExampleCorp Secondary Payer,Payer Account,200000000014,sandbox-dev,Linked Account,2026-05-01T00:00:00Z,2026-06-01T00:00:00Z,2026-05-15T22:00:00Z,2026-05-15T23:00:00Z,Usage,,RDS PostgreSQL db.r6g.large,Usage-Based,0.216,0.216,0.24,0.216,0.2400000000,0.2160000000,Standard,1.0000,Hours,USD,0.2160000000,0.216,0.2400000000,USD,1.0000,Hours,AmazonRDS,Databases,Relational Databases,SKU-7a3ac49181ed25cc4a81dc35,Database,SPRICE-7a34752a4c02e0761e1464be,"{""InstanceType"":""db.r6g.large"",""InstanceSeries"":""R6g"",""CoreCount"":2,""MemorySize"":16,""x_Engine"":""PostgreSQL""}",arn:aws:rds:eu-west-1:200000000014:db/db-5a64951ad4f4,db-5a64951ad4f4,RDS Instance,eu-west-1,EU (Ireland),,,,,,,,,"{""Elements"":[{""ContractId"":""CONTRACT-EA-2026-0001"",""ContractCommitmentId"":""CC-EA-SPEND-0001"",""ContractCommitmentAppliedCost"":0.21600000000000}]}",,,,,,,,"{""Environment"":""prod"",""CostCenter"":""cc-3110"",""Owner"":""team-data""}"
AWS,AWS,AWS,AWS,AWS,INV-2026-05-0001,100000000001,ExampleCorp Master Payer,Payer Account,200000000012,staging-platform,Linked Account,2026-05-01T00:00:00Z,2026-06-01T00:00:00Z,2026-05-15T23:00:00Z,2026-05-16T00:00:00Z,Purchase,,"Savings Plan commitment, amortised for the charge period",Recurring,32.016,0,32.016,32.016,1,1,Standard,32.016,USD,USD,1.0000000000,0,1.0000000000,USD,,,AmazonEC2,Compute,Virtual Machines,SKU-53792a378695e386e0280d5c,Commitment,SPRICE-56a7b3778b922200186036dc,"{""x_PurchaseTerm"":""1yr"",""x_PaymentOption"":""NoUpfront""}",arn:aws:savingsplans:eu-west-1::savingsplan/420bf21df4c0adfc,savingsplan-48c656d738ce,Savings Plan,eu-west-1,EU (Ireland),,arn:aws:savingsplans:eu-west-1::savingsplan/420bf21df4c0adfc,ComputeSavingsPlan-1yr-NoUpfront,Spend,Savings Plan,,32.016,USD,,,,,,,,,"{""Environment"":""dev"",""CostCenter"":""cc-1042"",""Owner"":""team-payments""}"
AWS,AWS,AWS,AWS,AWS,INV-2026-05-0001,100000000001,ExampleCorp Master Payer,Payer Account,200000000012,staging-platform,Linked Account,2026-05-01T00:00:00Z,2026-06-01T00:00:00Z,2026-05-15T23:00:00Z,2026-05-16T00:00:00Z,Usage,,AmazonEC2 committed usage of 500 machine-equivalents,Usage-Based,0,32.016,48,43.2,0.0960000000,0.0864000000,Committed,500,Hours,USD,0.0864000000,32.016,0.0960000000,USD,500,Hours,AmazonEC2,Compute,Virtual Machines,SKU-ca9c2ba97f0b30fb137ef130,Compute,SPRICE-d7f4030fc2a8b65799f6b437,"{""InstanceType"":""m6i.large"",""InstanceSeries"":""M6i"",""CoreCount"":2,""MemorySize"":8,""OperatingSystem"":""Linux"",""x_Tenancy"":""Shared""}",urn:focus-sample:aws:eu-west-1:200000000012:compute-fleet:fleet3680cf282ed9610a61ebc262,fleet3680cf282ed9610a61ebc262,Compute Fleet,eu-west-1,EU (Ireland),eu-west-1a,arn:aws:savingsplans:eu-west-1::savingsplan/420bf21df4c0adfc,ComputeSavingsPlan-1yr-NoUpfront,Spend,Savings Plan,Used,32.016,USD,"{""Elements"":[{""ContractId"":""CONTRACT-CD-0003"",""ContractCommitmentId"":""arn:aws:savingsplans:eu-west-1::savingsplan/420bf21df4c0adfc"",""ContractCommitmentAppliedCost"":32.0160000000}]}",,,,,,,,"{""Environment"":""prod"",""CostCenter"":""cc-3110"",""Owner"":""team-payments"",""SyntheticFleetSize"":""500""}"
AWS,AWS,AWS,AWS,AWS,INV-2026-05-0001,100000000001,ExampleCorp Master Payer,Payer Account,200000000012,staging-platform,Linked Account,2026-05-01T00:00:00Z,2026-06-01T00:00:00Z,2026-05-16T00:00:00Z,2026-05-16T01:00:00Z,Purchase,,"Savings Plan commitment, amortised for the charge period",Recurring,32.016,0,32.016,32.016,1,1,Standard,32.016,USD,USD,1.0000000000,0,1.0000000000,USD,,,AmazonEC2,Compute,Virtual Machines,SKU-53792a378695e386e0280d5c,Commitment,SPRICE-56a7b3778b922200186036dc,"{""x_PurchaseTerm"":""1yr"",""x_PaymentOption"":""NoUpfront""}",arn:aws:savingsplans:eu-west-1::savingsplan/420bf21df4c0adfc,savingsplan-48c656d738ce,Savings Plan,eu-west-1,EU (Ireland),,arn:aws:savingsplans:eu-west-1::savingsplan/420bf21df4c0adfc,ComputeSavingsPlan-1yr-NoUpfront,Spend,Savings Plan,,32.016,USD,,,,,,,,,"{""Environment"":""prod"",""CostCenter"":""cc-1042"",""Owner"":""team-platform""}"
AWS,AWS,AWS,AWS,AWS,INV-2026-05-0001,100000000001,ExampleCorp Master Payer,Payer Account,200000000012,staging-platform,Linked Account,2026-05-01T00:00:00Z,2026-06-01T00:00:00Z,2026-05-16T00:00:00Z,2026-05-16T01:00:00Z,Usage,,AmazonEC2 committed usage of 500 machine-equivalents,Usage-Based,0,32.016,48,43.2,0.0960000000,0.0864000000,Committed,500,Hours,USD,0.0864000000,32.016,0.0960000000,USD,500,Hours,AmazonEC2,Compute,Virtual Machines,SKU-ca9c2ba97f0b30fb137ef130,Compute,SPRICE-d7f4030fc2a8b65799f6b437,"{""InstanceType"":""m6i.large"",""InstanceSeries"":""M6i"",""CoreCount"":2,""MemorySize"":8,""OperatingSystem"":""Linux"",""x_Tenancy"":""Shared""}",urn:focus-sample:aws:eu-west-1:200000000012:compute-fleet:fleet3680cf282ed9610a61ebc262,fleet3680cf282ed9610a61ebc262,Compute Fleet,eu-west-1,EU (Ireland),eu-west-1a,arn:aws:savingsplans:eu-west-1::savingsplan/420bf21df4c0adfc,ComputeSavingsPlan-1yr-NoUpfront,Spend,Savings Plan,Used,32.016,USD,"{""Elements"":[{""ContractId"":""CONTRACT-CD-0003"",""ContractCommitmentId"":""arn:aws:savingsplans:eu-west-1::savingsplan/420bf21df4c0adfc"",""ContractCommitmentAppliedCost"":32.0160000000}]}",,,,,,,,"{""Environment"":""staging"",""CostCenter"":""cc-1042"",""Owner"":""team-platform"",""SyntheticFleetSize"":""500""}"
AWS,AWS,AWS,AWS,AWS,INV-2026-05-0001,100000000001,ExampleCorp Master Payer,Payer Account,200000000012,staging-platform,Linked Account,2026-05-01T00:00:00Z,2026-06-01T00:00:00Z,2026-05-16T01:00:00Z,2026-05-16T02:00:00Z,Purchase,,"Savings Plan commitment, amortised for the charge period",Recurring,32.016,0,32.016,32.016,1,1,Standard,32.016,USD,USD,1.0000000000,0,1.0000000000,USD,,,AmazonEC2,Compute,Virtual Machines,SKU-53792a378695e386e0280d5c,Commitment,SPRICE-56a7b3778b922200186036dc,"{""x_PurchaseTerm"":""1yr"",""x_PaymentOption"":""NoUpfront""}",arn:aws:savingsplans:eu-west-1::savingsplan/420bf21df4c0adfc,savingsplan-48c656d738ce,Savings Plan,eu-west-1,EU (Ireland),,arn:aws:savingsplans:eu-west-1::savingsplan/420bf21df4c0adfc,ComputeSavingsPlan-1yr-NoUpfront,Spend,Savings Plan,,32.016,USD,,,,,,,,,"{""Environment"":""prod"",""CostCenter"":""cc-3110"",""Owner"":""team-data""}"
AWS,AWS,AWS,AWS,AWS,INV-2026-05-0001,100000000001,ExampleCorp Master Payer,Payer Account,200000000012,staging-platform,Linked Account,2026-05-01T00:00:00Z,2026-06-01T00:00:00Z,2026-05-16T01:00:00Z,2026-05-16T02:00:00Z,Usage,,AmazonEC2 committed usage of 500 machine-equivalents,Usage-Based,0,32.016,48,43.2,0.0960000000,0.0864000000,Committed,500,Hours,USD,0.0864000000,32.016,0.0960000000,USD,500,Hours,AmazonEC2,Compute,Virtual Machines,SKU-ca9c2ba97f0b30fb137ef130,Compute,SPRICE-d7f4030fc2a8b65799f6b437,"{""InstanceType"":""m6i.large"",""InstanceSeries"":""M6i"",""CoreCount"":2,""MemorySize"":8,""OperatingSystem"":""Linux"",""x_Tenancy"":""Shared""}",urn:focus-sample:aws:eu-west-1:200000000012:compute-fleet:fleet3680cf282ed9610a61ebc262,fleet3680cf282ed9610a61ebc262,Compute Fleet,eu-west-1,EU (Ireland),eu-west-1a,arn:aws:savingsplans:eu-west-1::savingsplan/420bf21df4c0adfc,ComputeSavingsPlan-1yr-NoUpfront,Spend,Savings Plan,Used,32.016,USD,"{""Elements"":[{""ContractId"":""CONTRACT-CD-0003"",""ContractCommitmentId"":""arn:aws:savingsplans:eu-west-1::savingsplan/420bf21df4c0adfc"",""ContractCommitmentAppliedCost"":32.0160000000}]}",,,,,,,,"{""Environment"":""dev"",""CostCenter"":""cc-2087"",""Owner"":""team-payments"",""SyntheticFleetSize"":""500""}"
AWS,AWS,AWS,AWS,AWS,INV-2026-05-0001,100000000001,ExampleCorp Master Payer,Payer Account,200000000012,staging-platform,Linked Account,2026-05-01T00:00:00Z,2026-06-01T00:00:00Z,2026-05-16T02:00:00Z,2026-05-16T03:00:00Z,Purchase,,"Savings Plan commitment, amortised for the charge period",Recurring,32.016,0,32.016,32.016,1,1,Standard,32.016,USD,USD,1.0000000000,0,1.0000000000,USD,,,AmazonEC2,Compute,Virtual Machines,SKU-53792a378695e386e0280d5c,Commitment,SPRICE-56a7b3778b922200186036dc,"{""x_PurchaseTerm"":""1yr"",""x_PaymentOption"":""NoUpfront""}",arn:aws:savingsplans:eu-west-1::savingsplan/420bf21df4c0adfc,savingsplan-48c656d738ce,Savings Plan,eu-west-1,EU (Ireland),,arn:aws:savingsplans:eu-west-1::savingsplan/420bf21df4c0adfc,ComputeSavingsPlan-1yr-NoUpfront,Spend,Savings Plan,,32.016,USD,,,,,,,,,"{""Environment"":""staging"",""CostCenter"":""cc-3110"",""Owner"":""team-data""}"
AWS,AWS,AWS,AWS,AWS,INV-2026-05-0001,100000000001,ExampleCorp Master Payer,Payer Account,200000000012,staging-platform,Linked Account,2026-05-01T00:00:00Z,2026-06-01T00:00:00Z,2026-05-16T02:00:00Z,2026-05-16T03:00:00Z,Usage,,AmazonEC2 committed usage of 500 machine-equivalents,Usage-Based,0,32.016,48,43.2,0.0960000000,0.0864000000,Committed,500,Hours,USD,0.0864000000,32.016,0.0960000000,USD,500,Hours,AmazonEC2,Compute,Virtual Machines,SKU-ca9c2ba97f0b30fb137ef130,Compute,SPRICE-d7f4030fc2a8b65799f6b437,"{""InstanceType"":""m6i.large"",""InstanceSeries"":""M6i"",""CoreCount"":2,""MemorySize"":8,""OperatingSystem"":""Linux"",""x_Tenancy"":""Shared""}",urn:focus-sample:aws:eu-west-1:200000000012:compute-fleet:fleet3680cf282ed9610a61ebc262,fleet3680cf282ed9610a61ebc262,Compute Fleet,eu-west-1,EU (Ireland),eu-west-1a,arn:aws:savingsplans:eu-west-1::savingsplan/420bf21df4c0adfc,ComputeSavingsPlan-1yr-NoUpfront,Spend,Savings Plan,Used,32.016,USD,"{""Elements"":[{""ContractId"":""CONTRACT-CD-0003"",""ContractCommitmentId"":""arn:aws:savingsplans:eu-west-1::savingsplan/420bf21df4c0adfc"",""ContractCommitmentAppliedCost"":32.0160000000}]}",,,,,,,,"{""Environment"":""staging"",""CostCenter"":""cc-2087"",""Owner"":""team-platform"",""SyntheticFleetSize"":""500""}"
AWS,AWS,AWS,AWS,AWS,INV-2026-05-0001,100000000001,ExampleCorp Master Payer,Payer Account,200000000012,staging-platform,Linked Account,2026-05-01T00:00:00Z,2026-06-01T00:00:00Z,2026-05-16T03:00:00Z,2026-05-16T04:00:00Z,Purchase,,"Savings Plan commitment, amortised for the charge period",Recurring,32.016,0,32.016,32.016,1,1,Standard,32.016,USD,USD,1.0000000000,0,1.0000000000,USD,,,AmazonEC2,Compute,Virtual Machines,SKU-53792a378695e386e0280d5c,Commitment,SPRICE-56a7b3778b922200186036dc,"{""x_PurchaseTerm"":""1yr"",""x_PaymentOption"":""NoUpfront""}",arn:aws:savingsplans:eu-west-1::savingsplan/420bf21df4c0adfc,savingsplan-48c656d738ce,Savings Plan,eu-west-1,EU (Ireland),,arn:aws:savingsplans:eu-west-1::savingsplan/420bf21df4c0adfc,ComputeSavingsPlan-1yr-NoUpfront,Spend,Savings Plan,,32.016,USD,,,,,,,,,"{""Environment"":""dev"",""CostCenter"":""cc-2087"",""Owner"":""team-payments""}"
AWS,AWS,AWS,AWS,AWS,INV-2026-05-0001,100000000001,ExampleCorp Master Payer,Payer Account,200000000012,staging-platform,Linked Account,2026-05-01T00:00:00Z,2026-06-01T00:00:00Z,2026-05-16T03:00:00Z,2026-05-16T04:00:00Z,Usage,,AmazonEC2 committed usage of 500 machine-equivalents,Usage-Based,0,32.016,48,43.2,0.0960000000,0.0864000000,Committed,500,Hours,USD,0.0864000000,32.016,0.0960000000,USD,500,Hours,AmazonEC2,Compute,Virtual Machines,SKU-ca9c2ba97f0b30fb137ef130,Compute,SPRICE-d7f4030fc2a8b65799f6b437,"{""InstanceType"":""m6i.large"",""InstanceSeries"":""M6i"",""CoreCount"":2,""MemorySize"":8,""OperatingSystem"":""Linux"",""x_Tenancy"":""Shared""}",urn:focus-sample:aws:eu-west-1:200000000012:compute-fleet:fleet3680cf282ed9610a61ebc262,fleet3680cf282ed9610a61ebc262,Compute Fleet,eu-west-1,EU (Ireland),eu-west-1a,arn:aws:savingsplans:eu-west-1::savingsplan/420bf21df4c0adfc,ComputeSavingsPlan-1yr-NoUpfront,Spend,Savings Plan,Used,32.016,USD,"{""Elements"":[{""ContractId"":""CONTRACT-CD-0003"",""ContractCommitmentId"":""arn:aws:savingsplans:eu-west-1::savingsplan/420bf21df4c0adfc"",""ContractCommitmentAppliedCost"":32.0160000000}]}",,,,,,,,"{""Environment"":""dev"",""CostCenter"":""cc-2087"",""Owner"":""team-payments"",""SyntheticFleetSize"":""500""}"
AWS,AWS,AWS,AWS,AWS,INV-2026-05-0001,100000000001,ExampleCorp Master Payer,Payer Account,200000000012,staging-platform,Linked Account,2026-05-01T00:00:00Z,2026-06-01T00:00:00Z,2026-05-16T04:00:00Z,2026-05-16T05:00:00Z,Purchase,,"Savings Plan commitment, amortised for the charge period",Recurring,32.016,0,32.016,32.016,1,1,Standard,32.016,USD,USD,1.0000000000,0,1.0000000000,USD,,,AmazonEC2,Compute,Virtual Machines,SKU-53792a378695e386e0280d5c,Commitment,SPRICE-56a7b3778b922200186036dc,"{""x_PurchaseTerm"":""1yr"",""x_PaymentOption"":""NoUpfront""}",arn:aws:savingsplans:eu-west-1::savingsplan/420bf21df4c0adfc,savingsplan-48c656d738ce,Savings Plan,eu-west-1,EU (Ireland),,arn:aws:savingsplans:eu-west-1::savingsplan/420bf21df4c0adfc,ComputeSavingsPlan-1yr-NoUpfront,Spend,Savings Plan,,32.016,USD,,,,,,,,,"{""Environment"":""dev"",""CostCenter"":""cc-3110"",""Owner"":""team-platform""}"
AWS,AWS,AWS,AWS,AWS,INV-2026-05-0001,100000000001,ExampleCorp Master Payer,Payer Account,200000000012,staging-platform,Linked Account,2026-05-01T00:00:00Z,2026-06-01T00:00:00Z,2026-05-16T04:00:00Z,2026-05-16T05:00:00Z,Usage,,AmazonEC2 committed usage of 500 machine-equivalents,Usage-Based,0,32.016,48,43.2,0.0960000000,0.0864000000,Committed,500,Hours,USD,0.0864000000,32.016,0.0960000000,USD,500,Hours,AmazonEC2,Compute,Virtual Machines,SKU-ca9c2ba97f0b30fb137ef130,Compute,SPRICE-d7f4030fc2a8b65799f6b437,"{""InstanceType"":""m6i.large"",""InstanceSeries"":""M6i"",""CoreCount"":2,""MemorySize"":8,""OperatingSystem"":""Linux"",""x_Tenancy"":""Shared""}",urn:focus-sample:aws:eu-west-1:200000000012:compute-fleet:fleet3680cf282ed9610a61ebc262,fleet3680cf282ed9610a61ebc262,Compute Fleet,eu-west-1,EU (Ireland),eu-west-1a,arn:aws:savingsplans:eu-west-1::savingsplan/420bf21df4c0adfc,ComputeSavingsPlan-1yr-NoUpfront,Spend,Savings Plan,Used,32.016,USD,"{""Elements"":[{""ContractId"":""CONTRACT-CD-0003"",""ContractCommitmentId"":""arn:aws:savingsplans:eu-west-1::savingsplan/420bf21df4c0adfc"",""ContractCommitmentAppliedCost"":32.0160000000}]}",,,,,,,,"{""Environment"":""prod"",""CostCenter"":""cc-1042"",""Owner"":""team-data"",""SyntheticFleetSize"":""500""}"
AWS,AWS,AWS,AWS,AWS,INV-2026-05-0001,100000000001,ExampleCorp Master Payer,Payer Account,200000000012,staging-platform,Linked Account,2026-05-01T00:00:00Z,2026-06-01T00:00:00Z,2026-05-16T05:00:00Z,2026-05-16T06:00:00Z,Purchase,,"Savings Plan commitment, amortised for the charge period",Recurring,32.016,0,32.016,32.016,1,1,Standard,32.016,USD,USD,1.0000000000,0,1.0000000000,USD,,,AmazonEC2,Compute,Virtual Machines,SKU-53792a378695e386e0280d5c,Commitment,SPRICE-56a7b3778b922200186036dc,"{""x_PurchaseTerm"":""1yr"",""x_PaymentOption"":""NoUpfront""}",arn:aws:savingsplans:eu-west-1::savingsplan/420bf21df4c0adfc,savingsplan-48c656d738ce,Savings Plan,eu-west-1,EU (Ireland),,arn:aws:savingsplans:eu-west-1::savingsplan/420bf21df4c0adfc,ComputeSavingsPlan-1yr-NoUpfront,Spend,Savings Plan,,32.016,USD,,,,,,,,,"{""Environment"":""staging"",""CostCenter"":""cc-3110"",""Owner"":""team-platform""}"
AWS,AWS,AWS,AWS,AWS,INV-2026-05-0001,100000000001,ExampleCorp Master Payer,Payer Account,200000000012,staging-platform,Linked Account,2026-05-01T00:00:00Z,2026-06-01T00:00:00Z,2026-05-16T05:00:00Z,2026-05-16T06:00:00Z,Usage,,AmazonEC2 committed usage of 500 machine-equivalents,Usage-Based,0,32.016,48,43.2,0.0960000000,0.0864000000,Committed,500,Hours,USD,0.0864000000,32.016,0.0960000000,USD,500,Hours,AmazonEC2,Compute,Virtual Machines,SKU-ca9c2ba97f0b30fb137ef130,Compute,SPRICE-d7f4030fc2a8b65799f6b437,"{""InstanceType"":""m6i.large"",""InstanceSeries"":""M6i"",""CoreCount"":2,""MemorySize"":8,""OperatingSystem"":""Linux"",""x_Tenancy"":""Shared""}",urn:focus-sample:aws:eu-west-1:200000000012:compute-fleet:fleet3680cf282ed9610a61ebc262,fleet3680cf282ed9610a61ebc262,Compute Fleet,eu-west-1,EU (Ireland),eu-west-1a,arn:aws:savingsplans:eu-west-1::savingsplan/420bf21df4c0adfc,ComputeSavingsPlan-1yr-NoUpfront,Spend,Savings Plan,Used,32.016,USD,"{""Elements"":[{""ContractId"":""CONTRACT-CD-0003"",""ContractCommitmentId"":""arn:aws:savingsplans:eu-west-1::savingsplan/420bf21df4c0adfc"",""ContractCommitmentAppliedCost"":32.0160000000}]}",,,,,,,,"{""Environment"":""prod"",""CostCenter"":""cc-3110"",""Owner"":""team-platform"",""SyntheticFleetSize"":""500""}"
AWS,AWS,AWS,AWS,AWS,INV-2026-05-0001,100000000001,ExampleCorp Master Payer,Payer Account,200000000012,staging-platform,Linked Account,2026-05-01T00:00:00Z,2026-06-01T00:00:00Z,2026-05-16T06:00:00Z,2026-05-16T07:00:00Z,Purchase,,"Savings Plan commitment, amortised for the charge period",Recurring,32.016,0,32.016,32.016,1,1,Standard,32.016,USD,USD,1.0000000000,0,1.0000000000,USD,,,AmazonEC2,Compute,Virtual Machines,SKU-53792a378695e386e0280d5c,Commitment,SPRICE-56a7b3778b922200186036dc,"{""x_PurchaseTerm"":""1yr"",""x_PaymentOption"":""NoUpfront""}",arn:aws:savingsplans:eu-west-1::savingsplan/420bf21df4c0adfc,savingsplan-48c656d738ce,Savings Plan,eu-west-1,EU (Ireland),,arn:aws:savingsplans:eu-west-1::savingsplan/420bf21df4c0adfc,ComputeSavingsPlan-1yr-NoUpfront,Spend,Savings Plan,,32.016,USD,,,,,,,,,"{""Environment"":""dev"",""CostCenter"":""cc-3110"",""Owner"":""team-payments""}"
AWS,AWS,AWS,AWS,AWS,INV-2026-05-0001,100000000001,ExampleCorp Master Payer,Payer Account,200000000012,staging-platform,Linked Account,2026-05-01T00:00:00Z,2026-06-01T00:00:00Z,2026-05-16T06:00:00Z,2026-05-16T07:00:00Z,Usage,,AmazonEC2 committed usage of 500 machine-equivalents,Usage-Based,0,32.016,48,43.2,0.0960000000,0.0864000000,Committed,500,Hours,USD,0.0864000000,32.016,0.0960000000,USD,500,Hours,AmazonEC2,Compute,Virtual Machines,SKU-ca9c2ba97f0b30fb137ef130,Compute,SPRICE-d7f4030fc2a8b65799f6b437,"{""InstanceType"":""m6i.large"",""InstanceSeries"":""M6i"",""CoreCount"":2,""MemorySize"":8,""OperatingSystem"":""Linux"",""x_Tenancy"":""Shared""}",urn:focus-sample:aws:eu-west-1:200000000012:compute-fleet:fleet3680cf282ed9610a61ebc262,fleet3680cf282ed9610a61ebc262,Compute Fleet,eu-west-1,EU (Ireland),eu-west-1a,arn:aws:savingsplans:eu-west-1::savingsplan/420bf21df4c0adfc,ComputeSavingsPlan-1yr-NoUpfront,Spend,Savings Plan,Used,32.016,USD,"{""Elements"":[{""ContractId"":""CONTRACT-CD-0003"",""ContractCommitmentId"":""arn:aws:savingsplans:eu-west-1::savingsplan/420bf21df4c0adfc"",""ContractCommitmentAppliedCost"":32.0160000000}]}",,,,,,,,"{""Environment"":""dev"",""CostCenter"":""cc-3110"",""Owner"":""team-platform"",""SyntheticFleetSize"":""500""}"
AWS,AWS,AWS,AWS,AWS,INV-2026-05-0001,100000000001,ExampleCorp Master Payer,Payer Account,200000000012,staging-platform,Linked Account,2026-05-01T00:00:00Z,2026-06-01T00:00:00Z,2026-05-16T07:00:00Z,2026-05-16T08:00:00Z,Purchase,,"Savings Plan commitment, amortised for the charge period",Recurring,32.016,0,32.016,32.016,1,1,Standard,32.016,USD,USD,1.0000000000,0,1.0000000000,USD,,,AmazonEC2,Compute,Virtual Machines,SKU-53792a378695e386e0280d5c,Commitment,SPRICE-56a7b3778b922200186036dc,"{""x_PurchaseTerm"":""1yr"",""x_PaymentOption"":""NoUpfront""}",arn:aws:savingsplans:eu-west-1::savingsplan/420bf21df4c0adfc,savingsplan-48c656d738ce,Savings Plan,eu-west-1,EU (Ireland),,arn:aws:savingsplans:eu-west-1::savingsplan/420bf21df4c0adfc,ComputeSavingsPlan-1yr-NoUpfront,Spend,Savings Plan,,32.016,USD,,,,,,,,,"{""Environment"":""prod"",""CostCenter"":""cc-1042"",""Owner"":""team-data""}"
AWS,AWS,AWS,AWS,AWS,INV-2026-05-0001,100000000001,ExampleCorp Master Payer,Payer Account,200000000012,staging-platform,Linked Account,2026-05-01T00:00:00Z,2026-06-01T00:00:00Z,2026-05-16T07:00:00Z,2026-05-16T08:00:00Z,Usage,,AmazonEC2 committed usage of 500 machine-equivalents,Usage-Based,0,32.016,48,43.2,0.0960000000,0.0864000000,Committed,500,Hours,USD,0.0864000000,32.016,0.0960000000,USD,500,Hours,AmazonEC2,Compute,Virtual Machines,SKU-ca9c2ba97f0b30fb137ef130,Compute,SPRICE-d7f4030fc2a8b65799f6b437,"{""InstanceType"":""m6i.large"",""InstanceSeries"":""M6i"",""CoreCount"":2,""MemorySize"":8,""OperatingSystem"":""Linux"",""x_Tenancy"":""Shared""}",urn:focus-sample:aws:eu-west-1:200000000012:compute-fleet:fleet3680cf282ed9610a61ebc262,fleet3680cf282ed9610a61ebc262,Compute Fleet,eu-west-1,EU (Ireland),eu-west-1a,arn:aws:savingsplans:eu-west-1::savingsplan/420bf21df4c0adfc,ComputeSavingsPlan-1yr-NoUpfront,Spend,Savings Plan,Used,32.016,USD,"{""Elements"":[{""ContractId"":""CONTRACT-CD-0003"",""ContractCommitmentId"":""arn:aws:savingsplans:eu-west-1::savingsplan/420bf21df4c0adfc"",""ContractCommitmentAppliedCost"":32.0160000000}]}",,,,,,,,"{""Environment"":""staging"",""CostCenter"":""cc-2087"",""Owner"":""team-payments"",""SyntheticFleetSize"":""500""}"
AWS,AWS,AWS,AWS,AWS,INV-2026-05-0001,100000000001,ExampleCorp Master Payer,Payer Account,200000000012,staging-platform,Linked Account,2026-05-01T00:00:00Z,2026-06-01T00:00:00Z,2026-05-16T08:00:00Z,2026-05-16T09:00:00Z,Purchase,,"Savings Plan commitment, amortised for the charge period",Recurring,32.016,0,32.016,32.016,1,1,Standard,32.016,USD,USD,1.0000000000,0,1.0000000000,USD,,,AmazonEC2,Compute,Virtual Machines,SKU-53792a378695e386e0280d5c,Commitment,SPRICE-56a7b3778b922200186036dc,"{""x_PurchaseTerm"":""1yr"",""x_PaymentOption"":""NoUpfront""}",arn:aws:savingsplans:eu-west-1::savingsplan/420bf21df4c0adfc,savingsplan-48c656d738ce,Savings Plan,eu-west-1,EU (Ireland),,arn:aws:savingsplans:eu-west-1::savingsplan/420bf21df4c0adfc,ComputeSavingsPlan-1yr-NoUpfront,Spend,Savings Plan,,32.016,USD,,,,,,,,,"{""Environment"":""dev"",""CostCenter"":""cc-2087"",""Owner"":""team-data""}"
AWS,AWS,AWS,AWS,AWS,INV-2026-05-0001,100000000001,ExampleCorp Master Payer,Payer Account,200000000012,staging-platform,Linked Account,2026-05-01T00:00:00Z,2026-06-01T00:00:00Z,2026-05-16T08:00:00Z,2026-05-16T09:00:00Z,Usage,,Savings Plan unused commitment,Usage-Based,0,32.016,32.016,32.016,1,1,Committed,32.016,USD,USD,1.0000000000,32.016,1.0000000000,USD,,,AmazonEC2,Compute,Virtual Machines,SKU-53792a378695e386e0280d5c,Commitment,SPRICE-56a7b3778b922200186036dc,"{""x_PurchaseTerm"":""1yr"",""x_PaymentOption"":""NoUpfront""}",arn:aws:savingsplans:eu-west-1::savingsplan/420bf21df4c0adfc,savingsplan-48c656d738ce,Savings Plan,eu-west-1,EU (Ireland),,arn:aws:savingsplans:eu-west-1::savingsplan/420bf21df4c0adfc,ComputeSavingsPlan-1yr-NoUpfront,Spend,Savings Plan,Unused,32.016,USD,"{""Elements"":[{""ContractId"":""CONTRACT-CD-0003"",""ContractCommitmentId"":""arn:aws:savingsplans:eu-west-1::savingsplan/420bf21df4c0adfc"",""ContractCommitmentAppliedCost"":32.0160000000}]}",,,,,,,,"{""Environment"":""dev"",""CostCenter"":""cc-3110"",""Owner"":""team-data""}"
AWS,AWS,AWS,AWS,AWS,INV-2026-05-0001,100000000001,ExampleCorp Master Payer,Payer Account,200000000012,staging-platform,Linked Account,2026-05-01T00:00:00Z,2026-06-01T00:00:00Z,2026-05-16T09:00:00Z,2026-05-16T10:00:00Z,Purchase,,"Savings Plan commitment, amortised for the charge period",Recurring,32.016,0,32.016,32.016,1,1,Standard,32.016,USD,USD,1.0000000000,0,1.0000000000,USD,,,AmazonEC2,Compute,Virtual Machines,SKU-53792a378695e386e0280d5c,Commitment,SPRICE-56a7b3778b922200186036dc,"{""x_PurchaseTerm"":""1yr"",""x_PaymentOption"":""NoUpfront""}",arn:aws:savingsplans:eu-west-1::savingsplan/420bf21df4c0adfc,savingsplan-48c656d738ce,Savings Plan,eu-west-1,EU (Ireland),,arn:aws:savingsplans:eu-west-1::savingsplan/420bf21df4c0adfc,ComputeSavingsPlan-1yr-NoUpfront,Spend,Savings Plan,,32.016,USD,,,,,,,,,"{""Environment"":""staging"",""CostCenter"":""cc-2087"",""Owner"":""team-payments""}"
AWS,AWS,AWS,AWS,AWS,INV-2026-05-0001,100000000001,ExampleCorp Master Payer,Payer Account,200000000012,staging-platform,Linked Account,2026-05-01T00:00:00Z,2026-06-01T00:00:00Z,2026-05-16T09:00:00Z,2026-05-16T10:00:00Z,Usage,,Savings Plan unused commitment,Usage-Based,0,32.016,32.016,32.016,1,1,Committed,32.016,USD,USD,1.0000000000,32.016,1.0000000000,USD,,,AmazonEC2,Compute,Virtual Machines,SKU-53792a378695e386e0280d5c,Commitment,SPRICE-56a7b3778b922200186036dc,"{""x_PurchaseTerm"":""1yr"",""x_PaymentOption"":""NoUpfront""}",arn:aws:savingsplans:eu-west-1::savingsplan/420bf21df4c0adfc,savingsplan-48c656d738ce,Savings Plan,eu-west-1,EU (Ireland),,arn:aws:savingsplans:eu-west-1::savingsplan/420bf21df4c0adfc,ComputeSavingsPlan-1yr-NoUpfront,Spend,Savings Plan,Unused,32.016,USD,"{""Elements"":[{""ContractId"":""CONTRACT-CD-0003"",""ContractCommitmentId"":""arn:aws:savingsplans:eu-west-1::savingsplan/420bf21df4c0adfc"",""ContractCommitmentAppliedCost"":32.0160000000}]}",,,,,,,,"{""Environment"":""staging"",""CostCenter"":""cc-3110"",""Owner"":""team-payments""}"
AWS,AWS,AWS,AWS,AWS,INV-2026-05-0001,100000000001,ExampleCorp Master Payer,Payer Account,200000000011,prod-platform,Linked Account,2026-05-01T00:00:00Z,2026-06-01T00:00:00Z,2026-05-18T00:00:00Z,2026-05-19T00:00:00Z,Usage,,Glue ETL job run,Usage-Based,44.821744,44.821744,44.821744,44.821744,0.4400000000,0.4400000000,Standard,101.8676,DPU-Hours,USD,0.4400000000,44.821744,0.4400000000,USD,101.8676,DPU-Hours,AWSGlue,Analytics,Data Processing,SKU-118148093a04e718819dbb3f,Data Processing,SPRICE-f140a6944df35cbb51f25679,"{""x_WorkerType"":""G.1X""}",arn:aws:glue:us-west-2:200000000011:job/job-d19cd5853218,job-d19cd5853218,Glue Job,us-west-2,US West (Oregon),,,,,,,,,,,,,,,,,"{""Environment"":""staging"",""CostCenter"":""cc-3110"",""Owner"":""team-payments""}"
AWS,AWS,AWS,AWS,AWS,INV-2026-05-0001,100000000001,ExampleCorp Master Payer,Payer Account,200000000014,sandbox-dev,Linked Account,2026-05-01T00:00:00Z,2026-06-01T00:00:00Z,2026-05-19T00:00:00Z,2026-05-20T00:00:00Z,Purchase,,AmazonS3 subscription fee,Recurring,515.75,515.75,515.75,515.75,515.75,515.75,Standard,1,Units,USD,515.7500000000,515.75,515.7500000000,USD,,,AmazonS3,Storage,Object Storage,SKU-fc4e3eb1f39d5a6844dfb39b,Subscription,SPRICE-d3afc54c8c4a89c62ec7ebf8,"{""x_ChargeType"": ""SubscriptionFee""}",arn:aws:s3:us-east-1:200000000014:bucket/bucket-1cfc1e95226f,bucket-1cfc1e95226f,S3 Bucket,us-east-1,US East (N. Virginia),,,,,,,,,,,,,,,,,"{""Environment"":""prod"",""CostCenter"":""cc-1042"",""Owner"":""team-platform""}"
AWS,AWS,AWS,AWS,AWS,INV-2026-05-0001,100000000001,ExampleCorp Master Payer,Payer Account,200000000012,staging-platform,Linked Account,2026-05-01T00:00:00Z,2026-06-01T00:00:00Z,2026-05-20T00:00:00Z,2026-05-21T00:00:00Z,Usage,,NAT gateway data processed,Usage-Based,12.755637,12.755637,12.755637,12.755637,0.0450000000,0.0450000000,Standard,283.4586,GB,USD,0.0450000000,12.755637,0.0450000000,USD,283.4586,GB,AmazonVPC,Networking,Network Connectivity,SKU-3d9b08c72ec44814e0bd4e25,Data Transfer,SPRICE-5df2ff31768360bf23008ec4,"{""x_TransferType"":""InterAZ""}",arn:aws:ec2:eu-west-1:200000000012:natgateway/nat-fb9d9342546c,nat-fb9d9342546c,NAT Gateway,eu-west-1,EU (Ireland),,,,,,,,,,,,,,,,,"{""Environment"":""dev"",""CostCenter"":""cc-3110"",""Owner"":""team-data""}"
AWS,AWS,AWS,AWS,AWS,INV-2026-05-0001,100000000001,ExampleCorp Master Payer,Payer Account,200000000012,staging-platform,Linked Account,2026-05-01T00:00:00Z,2026-06-01T00:00:00Z,2026-05-15T07:00:00Z,2026-05-15T08:00:00Z,Tax,,Synthetic tax 10% on usage record 344: AWSLambda,One-Time,0.586358401547791,0.586358401547791,0.586358401547791,0.586358401547791,,,,,,USD,,0.586358401547791,,USD,,,AWSLambda,Compute,Serverless Compute,,,,,,,,,,,,,,,,,,,,,,,,,,"{""Environment"":""dev"",""CostCenter"":""cc-1042"",""Owner"":""team-platform""}"
AWS,AWS,AWS,AWS,AWS,INV-2026-05-0002,100000000002,ExampleCorp Secondary Payer,Payer Account,200000000014,sandbox-dev,Linked Account,2026-05-01T00:00:00Z,2026-06-01T00:00:00Z,2026-05-22T00:00:00Z,2026-05-23T00:00:00Z,Usage,,Glue ETL job run,Usage-Based,1.843424,1.843424,1.843424,1.843424,0.4400000000,0.4400000000,Standard,4.1896,DPU-Hours,USD,0.4400000000,1.843424,0.4400000000,USD,4.1896,DPU-Hours,AWSGlue,Analytics,Data Processing,SKU-edd508eddef1abee51edfd3a,Data Processing,SPRICE-d9fcf83357f0862b561e6bf6,"{""x_WorkerType"":""G.1X""}",arn:aws:glue:us-east-1:200000000014:job/job-1d9f2ac74edf,job-1d9f2ac74edf,Glue Job,us-east-1,US East (N. Virginia),,,,,,,,,,,,,,,,,"{""Environment"":""dev"",""CostCenter"":""cc-2087"",""Owner"":""team-payments""}"
AWS,AWS,AWS,AWS,AWS,INV-2026-05-0001,100000000001,ExampleCorp Master Payer,Payer Account,200000000013,data-analytics,Linked Account,2026-05-01T00:00:00Z,2026-06-01T00:00:00Z,2026-05-01T00:00:00Z,2026-06-01T00:00:00Z,Usage,,S3 Standard storage,Usage-Based,39.7213726,39.7213726,39.7213726,39.7213726,0.0230000000,0.0230000000,Standard,1727.0162,GB-Months,USD,0.0230000000,39.7213726,0.0230000000,USD,1727.0162,GB-Months,AmazonS3,Storage,Object Storage,SKU-36fb3a972f2cdabe2e87e8f5,Storage,SPRICE-2e0d1e6fc7695c1a2fe50a1a,"{""StorageClass"":""Standard"",""Redundancy"":""Zonal""}",arn:aws:s3:us-west-2:200000000013:bucket/bucket-16861a819b26,bucket-16861a819b26,S3 Bucket,us-west-2,US West (Oregon),,,,,,,,,,,,,,,,,"{""Environment"":""staging"",""CostCenter"":""cc-2087"",""Owner"":""team-platform""}"
AWS,AWS,AWS,AWS,AWS,INV-2026-05-0001,100000000001,ExampleCorp Master Payer,Payer Account,200000000012,staging-platform,Linked Account,2026-05-01T00:00:00Z,2026-06-01T00:00:00Z,2026-05-04T02:00:00Z,2026-05-04T03:00:00Z,Tax,,Synthetic tax 10% on usage record 75: AWSLambda,One-Time,3.30851809785,3.30851809785,3.676138572095773,3.30851809785,,,,,,USD,,3.30851809785,,USD,,,AWSLambda,Compute,Serverless Compute,,,,,,,,,,,,,,,,,,,,,,,,,,"{""Environment"":""dev"",""CostCenter"":""cc-1042"",""Owner"":""team-data""}"
AWS,AWS,AWS,AWS,AWS,INV-2026-05-0001,100000000001,ExampleCorp Master Payer,Payer Account,200000000012,staging-platform,Linked Account,2026-05-01T00:00:00Z,2026-06-01T00:00:00Z,2026-05-17T04:00:00Z,2026-05-17T05:00:00Z,Usage,,RDS PostgreSQL db.r6g.large,Usage-Based,0.216,0.216,0.24,0.216,0.2400000000,0.2160000000,Standard,1.0000,Hours,EUR,0.1987200000,0.19872,0.2208000000,USD,1.0000,Hours,AmazonRDS,Databases,Relational Databases,SKU-59cf7266a13e6ea4d00d0143,Database,SPRICE-c454e751f0ee8b49ad68ea81,"{""InstanceType"":""db.r6g.large"",""InstanceSeries"":""R6g"",""CoreCount"":2,""MemorySize"":16,""x_Engine"":""PostgreSQL""}",arn:aws:rds:ap-southeast-1:200000000012:db/db-8b1989c9048e,db-8b1989c9048e,RDS Instance,ap-southeast-1,Asia Pacific (Singapore),,,,,,,,,"{""Elements"":[{""ContractId"":""CONTRACT-EA-2026-0001"",""ContractCommitmentId"":""CC-EA-SPEND-0001"",""ContractCommitmentAppliedCost"":0.21600000000000}]}",,,,,,,,"{""Environment"":""staging"",""CostCenter"":""cc-3110"",""Owner"":""team-platform""}"
AWS,AWS,AWS,AWS,AWS,INV-2026-05-0001,100000000001,ExampleCorp Master Payer,Payer Account,200000000012,staging-platform,Linked Account,2026-05-01T00:00:00Z,2026-06-01T00:00:00Z,2026-05-17T05:00:00Z,2026-05-17T06:00:00Z,Usage,,Shared EC2 host cost allocated to workload,Usage-Based,0.0130944,0.0130944,0.0130944,0.0130944,0.0960000000,0.0960000000,Standard,0.1364,Hours,USD,0.0960000000,0.0130944,0.0960000000,USD,0.1364,Hours,AmazonEC2,Compute,Virtual Machines,SKU-736a4dd80178572d8370293d,Compute,SPRICE-c862323f09b487c42efb1c6b,"{""InstanceType"":""m6i.large"",""InstanceSeries"":""M6i"",""CoreCount"":2,""MemorySize"":8,""OperatingSystem"":""Linux"",""x_Tenancy"":""Shared""}",arn:aws:ec2:us-east-1:200000000012:instance/shared-host-e0bcd7dc,shared-host-e0bcd7dc,EC2 Instance,us-east-1,US East (N. Virginia),us-east-1b,,,,,,,,,,,split-weighted,"{""Elements"":[{""AllocatedRatio"":1,""UsageUnit"":""Hours"",""UsageQuantity"":0.1364,""x_Strategy"":""Weighted"",""x_Basis"":""MemoryBytes""}]}",arn:aws:eks:us-east-1:200000000012:workload/analytics-31a9f3,workload-analytics,"{""workload"":""analytics"",""CostCenter"":""cc-1042""}","{""Environment"":""dev"",""CostCenter"":""cc-1042"",""Owner"":""team-payments""}"
AWS,AWS,AWS,AWS,AWS,INV-2026-05-0001,100000000001,ExampleCorp Master Payer,Payer Account,200000000012,staging-platform,Linked Account,2026-05-01T00:00:00Z,2026-06-01T00:00:00Z,2026-05-17T06:00:00Z,2026-05-17T07:00:00Z,Usage,,Shared EC2 host cost allocated to workload,Usage-Based,0.0677472,0.0677472,0.0677472,0.0677472,0.0960000000,0.0960000000,Standard,0.7057,Hours,USD,0.0960000000,0.0677472,0.0960000000,USD,0.7057,Hours,AmazonEC2,Compute,Virtual Machines,SKU-736a4dd80178572d8370293d,Compute,SPRICE-c862323f09b487c42efb1c6b,"{""InstanceType"":""m6i.large"",""InstanceSeries"":""M6i"",""CoreCount"":2,""MemorySize"":8,""OperatingSystem"":""Linux"",""x_Tenancy"":""Shared""}",arn:aws:ec2:us-east-1:200000000012:instance/shared-host-358abc85,shared-host-358abc85,EC2 Instance,us-east-1,US East (N. Virginia),us-east-1a,,,,,,,,,,,split-proportional,"{""Elements"":[{""AllocatedRatio"":1,""UsageUnit"":""Hours"",""UsageQuantity"":0.7057,""x_Strategy"":""Proportional"",""x_Basis"":""vCPUSeconds""}]}",arn:aws:eks:us-east-1:200000000012:workload/checkout-976d7a,workload-checkout,"{""workload"":""checkout"",""CostCenter"":""cc-1042""}","{""Environment"":""staging"",""CostCenter"":""cc-3110"",""Owner"":""team-data""}"
AWS,AWS,AWS,AWS,AWS,INV-2026-05-0002,100000000002,ExampleCorp Secondary Payer,Payer Account,200000000012,staging-platform,Linked Account,2026-05-01T00:00:00Z,2026-06-01T00:00:00Z,2026-05-17T07:00:00Z,2026-05-17T08:00:00Z,Usage,,Lambda function duration,Usage-Based,60.986768517,60.986768517,67.76321165615226,60.986768517,0.0000166667,0.0000150000,Standard,4065784.5678,GB-Seconds,EUR,0.0000138000,56.10782703564,0.0000153334,USD,4065784.5678,GB-Seconds,AWSLambda,Compute,Serverless Compute,SKU-790dfdd7277c16aec9cf7656,Compute,SPRICE-f3bbf94e2faecc81cd113fd7,"{""x_Runtime"":""python3.12"",""x_Architecture"":""arm64""}",arn:aws:lambda:us-west-2:200000000012:function/fn-9dcc5013a39b,fn-9dcc5013a39b,Lambda Function,us-west-2,US West (Oregon),,,,,,,,,"{""Elements"":[{""ContractId"":""CONTRACT-EA-2026-0001"",""ContractCommitmentId"":""CC-EA-SPEND-0001"",""ContractCommitmentAppliedCost"":60.98676851700000}]}",,,,,,,,"{""Environment"":""dev"",""CostCenter"":""cc-1042"",""Owner"":""team-payments""}"
AWS,AWS,AWS,AWS,AWS,INV-2026-05-0002,100000000002,ExampleCorp Secondary Payer,Payer Account,200000000012,staging-platform,Linked Account,2026-05-01T00:00:00Z,2026-06-01T00:00:00Z,2026-05-01T00:00:00Z,2026-06-01T00:00:00Z,Tax,,Synthetic tax 10% on usage record 1: AmazonS3,One-Time,4.65179761,4.65179761,4.65179761,4.65179761,,,,,,USD,,4.65179761,,USD,,,AmazonS3,Storage,Object Storage,,,,,,,,,,,,,,,,,,,,,,,,,,"{""Environment"":""dev"",""CostCenter"":""cc-1042"",""Owner"":""team-payments""}"
AWS,AWS,AWS,AWS,AWS,INV-2026-05-0002,100000000002,ExampleCorp Secondary Payer,Payer Account,200000000011,prod-platform,Linked Account,2026-05-01T00:00:00Z,2026-06-01T00:00:00Z,2026-05-17T09:00:00Z,2026-05-17T10:00:00Z,Usage,,RDS PostgreSQL db.r6g.large,Usage-Based,0.216,0.216,0.24,0.216,0.2400000000,0.2160000000,Standard,1.0000,Hours,USD,0.2160000000,0.216,0.2400000000,USD,1.0000,Hours,AmazonRDS,Databases,Relational Databases,SKU-59cf7266a13e6ea4d00d0143,Database,SPRICE-bde64d57365802abbf64195d,"{""InstanceType"":""db.r6g.large"",""InstanceSeries"":""R6g"",""CoreCount"":2,""MemorySize"":16,""x_Engine"":""PostgreSQL""}",arn:aws:rds:ap-southeast-1:200000000011:db/db-1bf4a8654780,db-1bf4a8654780,RDS Instance,ap-southeast-1,Asia Pacific (Singapore),,,,,,,,,"{""Elements"":[{""ContractId"":""CONTRACT-EA-2026-0001"",""ContractCommitmentId"":""CC-EA-SPEND-0001"",""ContractCommitmentAppliedCost"":0.21600000000000}]}",,,,,,,,"{""Environment"":""dev"",""CostCenter"":""cc-1042"",""Owner"":""team-platform""}"
AWS,AWS,AWS,AWS,AWS,INV-2026-05-0001,100000000001,ExampleCorp Master Payer,Payer Account,200000000014,sandbox-dev,Linked Account,2026-05-01T00:00:00Z,2026-06-01T00:00:00Z,2026-05-23T00:00:00Z,2026-05-24T00:00:00Z,Tax,,Synthetic tax 10% on usage record 135: AmazonVPC,One-Time,1.109582955,1.109582955,1.23286995,1.109582955,,,,,,USD,,1.109582955,,USD,,,AmazonVPC,Networking,Network Connectivity,,,,,,,,,,,,,,,,,,,,,,,,,,"{""Environment"":""staging"",""CostCenter"":""cc-2087"",""Owner"":""team-payments""}"
AWS,AWS,AWS,AWS,AWS,INV-2026-05-0002,100000000002,ExampleCorp Secondary Payer,Payer Account,200000000011,prod-platform,Linked Account,2026-05-01T00:00:00Z,2026-06-01T00:00:00Z,2026-05-20T00:00:00Z,2026-05-21T00:00:00Z,Tax,,Synthetic tax 10% on usage record 356: AmazonCloudWatch,One-Time,5.6592,5.6592,5.6592,5.6592,,,,,,USD,,5.6592,,USD,,,AmazonCloudWatch,Management and Governance,Observability,,,,,,,,,,,,,,,,,,,,,,,,,,"{""Environment"":""dev"",""CostCenter"":""cc-2087"",""Owner"":""team-platform""}"
AWS,AWS,AWS,AWS,AWS,INV-2026-05-0001,100000000001,ExampleCorp Master Payer,Payer Account,200000000014,sandbox-dev,Linked Account,2026-05-01T00:00:00Z,2026-06-01T00:00:00Z,2026-05-09T00:00:00Z,2026-05-10T00:00:00Z,Tax,,Synthetic tax 10% on usage record 37: AmazonVPC,One-Time,0.870478245,0.870478245,0.96719805,0.870478245,,,,,,USD,,0.870478245,,USD,,,AmazonVPC,Networking,Network Connectivity,,,,,,,,,,,,,,,,,,,,,,,,,,"{""Environment"":""dev"",""CostCenter"":""cc-2087"",""Owner"":""team-payments""}"
AWS,AWS,AWS,AWS,AWS,INV-2026-05-0001,100000000001,ExampleCorp Master Payer,Payer Account,200000000014,sandbox-dev,Linked Account,2026-05-01T00:00:00Z,2026-06-01T00:00:00Z,2026-05-17T13:00:00Z,2026-05-17T14:00:00Z,Purchase,,"Savings Plan commitment, amortised for the charge period",Recurring,32.016,0,32.016,32.016,1,1,Standard,32.016,USD,USD,1.0000000000,0,1.0000000000,USD,,,AmazonEC2,Compute,Virtual Machines,SKU-5eb1e2ab28142b5f4f0ae8ff,Commitment,SPRICE-a77a79a05a2a7b1bbba559dc,"{""x_PurchaseTerm"":""1yr"",""x_PaymentOption"":""NoUpfront""}",arn:aws:savingsplans:us-west-2::savingsplan/0ffb13704f59e8a5,savingsplan-2cf85c81b5d0,Savings Plan,us-west-2,US West (Oregon),,arn:aws:savingsplans:us-west-2::savingsplan/0ffb13704f59e8a5,ComputeSavingsPlan-1yr-NoUpfront,Spend,Savings Plan,,32.016,USD,,,,,,,,,"{""Environment"":""dev"",""CostCenter"":""cc-2087"",""Owner"":""team-data""}"
AWS,AWS,AWS,AWS,AWS,INV-2026-05-0001,100000000001,ExampleCorp Master Payer,Payer Account,200000000014,sandbox-dev,Linked Account,2026-05-01T00:00:00Z,2026-06-01T00:00:00Z,2026-05-17T13:00:00Z,2026-05-17T14:00:00Z,Usage,,AmazonEC2 committed usage of 500 machine-equivalents,Usage-Based,0,32.016,48,43.2,0.0960000000,0.0864000000,Committed,500,Hours,USD,0.0864000000,32.016,0.0960000000,USD,500,Hours,AmazonEC2,Compute,Virtual Machines,SKU-e0e295f006e6a0732dd5f77b,Compute,SPRICE-98f5ebeb1125d6e984c27bb1,"{""InstanceType"":""m6i.large"",""InstanceSeries"":""M6i"",""CoreCount"":2,""MemorySize"":8,""OperatingSystem"":""Linux"",""x_Tenancy"":""Shared""}",urn:focus-sample:aws:us-west-2:200000000014:compute-fleet:fleet7f45e2810bef435a940cc59a,fleet7f45e2810bef435a940cc59a,Compute Fleet,us-west-2,US West (Oregon),us-west-2a,arn:aws:savingsplans:us-west-2::savingsplan/0ffb13704f59e8a5,ComputeSavingsPlan-1yr-NoUpfront,Spend,Savings Plan,Used,32.016,USD,"{""Elements"":[{""ContractId"":""CONTRACT-CD-0003"",""ContractCommitmentId"":""arn:aws:savingsplans:us-west-2::savingsplan/0ffb13704f59e8a5"",""ContractCommitmentAppliedCost"":32.0160000000}]}",,,,,,,,"{""Environment"":""dev"",""CostCenter"":""cc-3110"",""Owner"":""team-platform"",""SyntheticFleetSize"":""500""}"
AWS,AWS,AWS,AWS,AWS,INV-2026-05-0001,100000000001,ExampleCorp Master Payer,Payer Account,200000000014,sandbox-dev,Linked Account,2026-05-01T00:00:00Z,2026-06-01T00:00:00Z,2026-05-17T14:00:00Z,2026-05-17T15:00:00Z,Purchase,,"Savings Plan commitment, amortised for the charge period",Recurring,32.016,0,32.016,32.016,1,1,Standard,32.016,USD,USD,1.0000000000,0,1.0000000000,USD,,,AmazonEC2,Compute,Virtual Machines,SKU-5eb1e2ab28142b5f4f0ae8ff,Commitment,SPRICE-a77a79a05a2a7b1bbba559dc,"{""x_PurchaseTerm"":""1yr"",""x_PaymentOption"":""NoUpfront""}",arn:aws:savingsplans:us-west-2::savingsplan/0ffb13704f59e8a5,savingsplan-2cf85c81b5d0,Savings Plan,us-west-2,US West (Oregon),,arn:aws:savingsplans:us-west-2::savingsplan/0ffb13704f59e8a5,ComputeSavingsPlan-1yr-NoUpfront,Spend,Savings Plan,,32.016,USD,,,,,,,,,"{""Environment"":""staging"",""CostCenter"":""cc-2087"",""Owner"":""team-platform""}"
AWS,AWS,AWS,AWS,AWS,INV-2026-05-0001,100000000001,ExampleCorp Master Payer,Payer Account,200000000014,sandbox-dev,Linked Account,2026-05-01T00:00:00Z,2026-06-01T00:00:00Z,2026-05-17T14:00:00Z,2026-05-17T15:00:00Z,Usage,,AmazonEC2 committed usage of 500 machine-equivalents,Usage-Based,0,32.016,48,43.2,0.0960000000,0.0864000000,Committed,500,Hours,USD,0.0864000000,32.016,0.0960000000,USD,500,Hours,AmazonEC2,Compute,Virtual Machines,SKU-e0e295f006e6a0732dd5f77b,Compute,SPRICE-98f5ebeb1125d6e984c27bb1,"{""InstanceType"":""m6i.large"",""InstanceSeries"":""M6i"",""CoreCount"":2,""MemorySize"":8,""OperatingSystem"":""Linux"",""x_Tenancy"":""Shared""}",urn:focus-sample:aws:us-west-2:200000000014:compute-fleet:fleet7f45e2810bef435a940cc59a,fleet7f45e2810bef435a940cc59a,Compute Fleet,us-west-2,US West (Oregon),us-west-2a,arn:aws:savingsplans:us-west-2::savingsplan/0ffb13704f59e8a5,ComputeSavingsPlan-1yr-NoUpfront,Spend,Savings Plan,Used,32.016,USD,"{""Elements"":[{""ContractId"":""CONTRACT-CD-0003"",""ContractCommitmentId"":""arn:aws:savingsplans:us-west-2::savingsplan/0ffb13704f59e8a5"",""ContractCommitmentAppliedCost"":32.0160000000}]}",,,,,,,,"{""Environment"":""prod"",""CostCenter"":""cc-3110"",""Owner"":""team-platform"",""SyntheticFleetSize"":""500""}"
AWS,AWS,AWS,AWS,AWS,INV-2026-05-0001,100000000001,ExampleCorp Master Payer,Payer Account,200000000014,sandbox-dev,Linked Account,2026-05-01T00:00:00Z,2026-06-01T00:00:00Z,2026-05-17T15:00:00Z,2026-05-17T16:00:00Z,Purchase,,"Savings Plan commitment, amortised for the charge period",Recurring,32.016,0,32.016,32.016,1,1,Standard,32.016,USD,USD,1.0000000000,0,1.0000000000,USD,,,AmazonEC2,Compute,Virtual Machines,SKU-5eb1e2ab28142b5f4f0ae8ff,Commitment,SPRICE-a77a79a05a2a7b1bbba559dc,"{""x_PurchaseTerm"":""1yr"",""x_PaymentOption"":""NoUpfront""}",arn:aws:savingsplans:us-west-2::savingsplan/0ffb13704f59e8a5,savingsplan-2cf85c81b5d0,Savings Plan,us-west-2,US West (Oregon),,arn:aws:savingsplans:us-west-2::savingsplan/0ffb13704f59e8a5,ComputeSavingsPlan-1yr-NoUpfront,Spend,Savings Plan,,32.016,USD,,,,,,,,,"{""Environment"":""dev"",""CostCenter"":""cc-1042"",""Owner"":""team-payments""}"
AWS,AWS,AWS,AWS,AWS,INV-2026-05-0001,100000000001,ExampleCorp Master Payer,Payer Account,200000000014,sandbox-dev,Linked Account,2026-05-01T00:00:00Z,2026-06-01T00:00:00Z,2026-05-17T15:00:00Z,2026-05-17T16:00:00Z,Usage,,AmazonEC2 committed usage of 500 machine-equivalents,Usage-Based,0,32.016,48,43.2,0.0960000000,0.0864000000,Committed,500,Hours,USD,0.0864000000,32.016,0.0960000000,USD,500,Hours,AmazonEC2,Compute,Virtual Machines,SKU-e0e295f006e6a0732dd5f77b,Compute,SPRICE-98f5ebeb1125d6e984c27bb1,"{""InstanceType"":""m6i.large"",""InstanceSeries"":""M6i"",""CoreCount"":2,""MemorySize"":8,""OperatingSystem"":""Linux"",""x_Tenancy"":""Shared""}",urn:focus-sample:aws:us-west-2:200000000014:compute-fleet:fleet7f45e2810bef435a940cc59a,fleet7f45e2810bef435a940cc59a,Compute Fleet,us-west-2,US West (Oregon),us-west-2a,arn:aws:savingsplans:us-west-2::savingsplan/0ffb13704f59e8a5,ComputeSavingsPlan-1yr-NoUpfront,Spend,Savings Plan,Used,32.016,USD,"{""Elements"":[{""ContractId"":""CONTRACT-CD-0003"",""ContractCommitmentId"":""arn:aws:savingsplans:us-west-2::savingsplan/0ffb13704f59e8a5"",""ContractCommitmentAppliedCost"":32.0160000000}]}",,,,,,,,"{""Environment"":""dev"",""CostCenter"":""cc-3110"",""Owner"":""team-payments"",""SyntheticFleetSize"":""500""}"
AWS,AWS,AWS,AWS,AWS,INV-2026-05-0001,100000000001,ExampleCorp Master Payer,Payer Account,200000000014,sandbox-dev,Linked Account,2026-05-01T00:00:00Z,2026-06-01T00:00:00Z,2026-05-17T16:00:00Z,2026-05-17T17:00:00Z,Purchase,,"Savings Plan commitment, amortised for the charge period",Recurring,32.016,0,32.016,32.016,1,1,Standard,32.016,USD,USD,1.0000000000,0,1.0000000000,USD,,,AmazonEC2,Compute,Virtual Machines,SKU-5eb1e2ab28142b5f4f0ae8ff,Commitment,SPRICE-a77a79a05a2a7b1bbba559dc,"{""x_PurchaseTerm"":""1yr"",""x_PaymentOption"":""NoUpfront""}",arn:aws:savingsplans:us-west-2::savingsplan/0ffb13704f59e8a5,savingsplan-2cf85c81b5d0,Savings Plan,us-west-2,US West (Oregon),,arn:aws:savingsplans:us-west-2::savingsplan/0ffb13704f59e8a5,ComputeSavingsPlan-1yr-NoUpfront,Spend,Savings Plan,,32.016,USD,,,,,,,,,"{""Environment"":""staging"",""CostCenter"":""cc-2087"",""Owner"":""team-data""}"
AWS,AWS,AWS,AWS,AWS,INV-2026-05-0001,100000000001,ExampleCorp Master Payer,Payer Account,200000000014,sandbox-dev,Linked Account,2026-05-01T00:00:00Z,2026-06-01T00:00:00Z,2026-05-17T16:00:00Z,2026-05-17T17:00:00Z,Usage,,AmazonEC2 committed usage of 500 machine-equivalents,Usage-Based,0,32.016,48,43.2,0.0960000000,0.0864000000,Committed,500,Hours,USD,0.0864000000,32.016,0.0960000000,USD,500,Hours,AmazonEC2,Compute,Virtual Machines,SKU-e0e295f006e6a0732dd5f77b,Compute,SPRICE-98f5ebeb1125d6e984c27bb1,"{""InstanceType"":""m6i.large"",""InstanceSeries"":""M6i"",""CoreCount"":2,""MemorySize"":8,""OperatingSystem"":""Linux"",""x_Tenancy"":""Shared""}",urn:focus-sample:aws:us-west-2:200000000014:compute-fleet:fleet7f45e2810bef435a940cc59a,fleet7f45e2810bef435a940cc59a,Compute Fleet,us-west-2,US West (Oregon),us-west-2a,arn:aws:savingsplans:us-west-2::savingsplan/0ffb13704f59e8a5,ComputeSavingsPlan-1yr-NoUpfront,Spend,Savings Plan,Used,32.016,USD,"{""Elements"":[{""ContractId"":""CONTRACT-CD-0003"",""ContractCommitmentId"":""arn:aws:savingsplans:us-west-2::savingsplan/0ffb13704f59e8a5"",""ContractCommitmentAppliedCost"":32.0160000000}]}",,,,,,,,"{""Environment"":""prod"",""CostCenter"":""cc-3110"",""Owner"":""team-platform"",""SyntheticFleetSize"":""500""}"
AWS,AWS,AWS,AWS,AWS,INV-2026-05-0001,100000000001,ExampleCorp Master Payer,Payer Account,200000000014,sandbox-dev,Linked Account,2026-05-01T00:00:00Z,2026-06-01T00:00:00Z,2026-05-17T17:00:00Z,2026-05-17T18:00:00Z,Purchase,,"Savings Plan commitment, amortised for the charge period",Recurring,32.016,0,32.016,32.016,1,1,Standard,32.016,USD,USD,1.0000000000,0,1.0000000000,USD,,,AmazonEC2,Compute,Virtual Machines,SKU-5eb1e2ab28142b5f4f0ae8ff,Commitment,SPRICE-a77a79a05a2a7b1bbba559dc,"{""x_PurchaseTerm"":""1yr"",""x_PaymentOption"":""NoUpfront""}",arn:aws:savingsplans:us-west-2::savingsplan/0ffb13704f59e8a5,savingsplan-2cf85c81b5d0,Savings Plan,us-west-2,US West (Oregon),,arn:aws:savingsplans:us-west-2::savingsplan/0ffb13704f59e8a5,ComputeSavingsPlan-1yr-NoUpfront,Spend,Savings Plan,,32.016,USD,,,,,,,,,"{""Environment"":""staging"",""CostCenter"":""cc-2087"",""Owner"":""team-payments""}"
AWS,AWS,AWS,AWS,AWS,INV-2026-05-0001,100000000001,ExampleCorp Master Payer,Payer Account,200000000014,sandbox-dev,Linked Account,2026-05-01T00:00:00Z,2026-06-01T00:00:00Z,2026-05-17T17:00:00Z,2026-05-17T18:00:00Z,Usage,,AmazonEC2 committed usage of 500 machine-equivalents,Usage-Based,0,32.016,48,43.2,0.0960000000,0.0864000000,Committed,500,Hours,USD,0.0864000000,32.016,0.0960000000,USD,500,Hours,AmazonEC2,Compute,Virtual Machines,SKU-e0e295f006e6a0732dd5f77b,Compute,SPRICE-98f5ebeb1125d6e984c27bb1,"{""InstanceType"":""m6i.large"",""InstanceSeries"":""M6i"",""CoreCount"":2,""MemorySize"":8,""OperatingSystem"":""Linux"",""x_Tenancy"":""Shared""}",urn:focus-sample:aws:us-west-2:200000000014:compute-fleet:fleet7f45e2810bef435a940cc59a,fleet7f45e2810bef435a940cc59a,Compute Fleet,us-west-2,US West (Oregon),us-west-2a,arn:aws:savingsplans:us-west-2::savingsplan/0ffb13704f59e8a5,ComputeSavingsPlan-1yr-NoUpfront,Spend,Savings Plan,Used,32.016,USD,"{""Elements"":[{""ContractId"":""CONTRACT-CD-0003"",""ContractCommitmentId"":""arn:aws:savingsplans:us-west-2::savingsplan/0ffb13704f59e8a5"",""ContractCommitmentAppliedCost"":32.0160000000}]}",,,,,,,,"{""Environment"":""dev"",""CostCenter"":""cc-2087"",""Owner"":""team-platform"",""SyntheticFleetSize"":""500""}"
AWS,AWS,AWS,AWS,AWS,INV-2026-05-0001,100000000001,ExampleCorp Master Payer,Payer Account,200000000014,sandbox-dev,Linked Account,2026-05-01T00:00:00Z,2026-06-01T00:00:00Z,2026-05-17T18:00:00Z,2026-05-17T19:00:00Z,Purchase,,"Savings Plan commitment, amortised for the charge period",Recurring,32.016,0,32.016,32.016,1,1,Standard,32.016,USD,USD,1.0000000000,0,1.0000000000,USD,,,AmazonEC2,Compute,Virtual Machines,SKU-5eb1e2ab28142b5f4f0ae8ff,Commitment,SPRICE-a77a79a05a2a7b1bbba559dc,"{""x_PurchaseTerm"":""1yr"",""x_PaymentOption"":""NoUpfront""}",arn:aws:savingsplans:us-west-2::savingsplan/0ffb13704f59e8a5,savingsplan-2cf85c81b5d0,Savings Plan,us-west-2,US West (Oregon),,arn:aws:savingsplans:us-west-2::savingsplan/0ffb13704f59e8a5,ComputeSavingsPlan-1yr-NoUpfront,Spend,Savings Plan,,32.016,USD,,,,,,,,,"{""Environment"":""dev"",""CostCenter"":""cc-2087"",""Owner"":""team-payments""}"
AWS,AWS,AWS,AWS,AWS,INV-2026-05-0001,100000000001,ExampleCorp Master Payer,Payer Account,200000000014,sandbox-dev,Linked Account,2026-05-01T00:00:00Z,2026-06-01T00:00:00Z,2026-05-17T18:00:00Z,2026-05-17T19:00:00Z,Usage,,Savings Plan unused commitment,Usage-Based,0,32.016,32.016,32.016,1,1,Committed,32.016,USD,USD,1.0000000000,32.016,1.0000000000,USD,,,AmazonEC2,Compute,Virtual Machines,SKU-5eb1e2ab28142b5f4f0ae8ff,Commitment,SPRICE-a77a79a05a2a7b1bbba559dc,"{""x_PurchaseTerm"":""1yr"",""x_PaymentOption"":""NoUpfront""}",arn:aws:savingsplans:us-west-2::savingsplan/0ffb13704f59e8a5,savingsplan-2cf85c81b5d0,Savings Plan,us-west-2,US West (Oregon),,arn:aws:savingsplans:us-west-2::savingsplan/0ffb13704f59e8a5,ComputeSavingsPlan-1yr-NoUpfront,Spend,Savings Plan,Unused,32.016,USD,"{""Elements"":[{""ContractId"":""CONTRACT-CD-0003"",""ContractCommitmentId"":""arn:aws:savingsplans:us-west-2::savingsplan/0ffb13704f59e8a5"",""ContractCommitmentAppliedCost"":32.0160000000}]}",,,,,,,,"{""Environment"":""prod"",""CostCenter"":""cc-1042"",""Owner"":""team-platform""}"
AWS,AWS,AWS,AWS,AWS,INV-2026-05-0001,100000000001,ExampleCorp Master Payer,Payer Account,200000000014,sandbox-dev,Linked Account,2026-05-01T00:00:00Z,2026-06-01T00:00:00Z,2026-05-17T19:00:00Z,2026-05-17T20:00:00Z,Purchase,,"Savings Plan commitment, amortised for the charge period",Recurring,32.016,0,32.016,32.016,1,1,Standard,32.016,USD,USD,1.0000000000,0,1.0000000000,USD,,,AmazonEC2,Compute,Virtual Machines,SKU-5eb1e2ab28142b5f4f0ae8ff,Commitment,SPRICE-a77a79a05a2a7b1bbba559dc,"{""x_PurchaseTerm"":""1yr"",""x_PaymentOption"":""NoUpfront""}",arn:aws:savingsplans:us-west-2::savingsplan/0ffb13704f59e8a5,savingsplan-2cf85c81b5d0,Savings Plan,us-west-2,US West (Oregon),,arn:aws:savingsplans:us-west-2::savingsplan/0ffb13704f59e8a5,ComputeSavingsPlan-1yr-NoUpfront,Spend,Savings Plan,,32.016,USD,,,,,,,,,"{""Environment"":""dev"",""CostCenter"":""cc-3110"",""Owner"":""team-payments""}"
AWS,AWS,AWS,AWS,AWS,INV-2026-05-0001,100000000001,ExampleCorp Master Payer,Payer Account,200000000014,sandbox-dev,Linked Account,2026-05-01T00:00:00Z,2026-06-01T00:00:00Z,2026-05-17T19:00:00Z,2026-05-17T20:00:00Z,Usage,,Savings Plan unused commitment,Usage-Based,0,32.016,32.016,32.016,1,1,Committed,32.016,USD,USD,1.0000000000,32.016,1.0000000000,USD,,,AmazonEC2,Compute,Virtual Machines,SKU-5eb1e2ab28142b5f4f0ae8ff,Commitment,SPRICE-a77a79a05a2a7b1bbba559dc,"{""x_PurchaseTerm"":""1yr"",""x_PaymentOption"":""NoUpfront""}",arn:aws:savingsplans:us-west-2::savingsplan/0ffb13704f59e8a5,savingsplan-2cf85c81b5d0,Savings Plan,us-west-2,US West (Oregon),,arn:aws:savingsplans:us-west-2::savingsplan/0ffb13704f59e8a5,ComputeSavingsPlan-1yr-NoUpfront,Spend,Savings Plan,Unused,32.016,USD,"{""Elements"":[{""ContractId"":""CONTRACT-CD-0003"",""ContractCommitmentId"":""arn:aws:savingsplans:us-west-2::savingsplan/0ffb13704f59e8a5"",""ContractCommitmentAppliedCost"":32.0160000000}]}",,,,,,,,"{""Environment"":""prod"",""CostCenter"":""cc-3110"",""Owner"":""team-payments""}"
AWS,AWS,AWS,AWS,AWS,INV-2026-05-0002,100000000002,ExampleCorp Secondary Payer,Payer Account,200000000014,sandbox-dev,Linked Account,2026-05-01T00:00:00Z,2026-06-01T00:00:00Z,2026-05-20T00:00:00Z,2026-05-21T00:00:00Z,Usage,,NAT gateway data processed,Usage-Based,3.579849,3.579849,3.579849,3.579849,0.0450000000,0.0450000000,Standard,79.5522,GB,USD,0.0450000000,3.579849,0.0450000000,USD,79.5522,GB,AmazonVPC,Networking,Network Connectivity,SKU-0a48b40b1fa86593309c0c4c,Data Transfer,SPRICE-b948c57b4c22bb2955afff1a,"{""x_TransferType"":""InterAZ""}",arn:aws:ec2:ap-southeast-1:200000000014:natgateway/nat-bc97995e457d,nat-bc97995e457d,NAT Gateway,ap-southeast-1,Asia Pacific (Singapore),,,,,,,,,,,,,,,,,"{""Environment"":""dev"",""CostCenter"":""cc-2087"",""Owner"":""team-platform""}"
AWS,AWS,AWS,AWS,AWS,INV-2026-05-0002,100000000002,ExampleCorp Secondary Payer,Payer Account,200000000013,data-analytics,Linked Account,2026-05-01T00:00:00Z,2026-06-01T00:00:00Z,2026-05-03T10:00:00Z,2026-05-03T11:00:00Z,Tax,,Synthetic tax 10% on usage record 59: AmazonEC2,One-Time,0.0087936,0.0087936,0.0087936,0.0087936,,,,,,USD,,0.0087936,,USD,,,AmazonEC2,Compute,Virtual Machines,,,,,,,,,,,,,,,,,,,,,,,,,,"{""Environment"":""staging"",""CostCenter"":""cc-1042"",""Owner"":""team-payments""}"
AWS,AWS,AWS,AWS,AWS,INV-2026-05-0001,100000000001,ExampleCorp Master Payer,Payer Account,200000000014,sandbox-dev,Linked Account,2026-05-01T00:00:00Z,2026-06-01T00:00:00Z,2026-05-22T00:00:00Z,2026-05-23T00:00:00Z,Usage,,DynamoDB on-demand write requests,Usage-Based,1.17550924775,1.17550924775,1.17550924775,1.17550924775,0.0000012500,0.0000012500,Standard,940407.3982,Requests,USD,0.0000012500,1.17550924775,0.0000012500,USD,940407.3982,Requests,AmazonDynamoDB,Databases,NoSQL Databases,SKU-687affd9645b52f0bac81a2c,Database,SPRICE-716c8854825bf7430db8e755,"{""x_CapacityMode"":""On-Demand""}",arn:aws:dynamodb:us-west-2:200000000014:table/table-6ac477623296,table-6ac477623296,DynamoDB Table,us-west-2,US West (Oregon),,,,,,,,,,,,,,,,,"{""Environment"":""dev"",""CostCenter"":""cc-2087"",""Owner"":""team-data""}"
AWS,AWS,AWS,AWS,AWS,INV-2026-05-0002,100000000002,ExampleCorp Secondary Payer,Payer Account,200000000013,data-analytics,Linked Account,2026-05-01T00:00:00Z,2026-06-01T00:00:00Z,2026-05-15T08:00:00Z,2026-05-15T09:00:00Z,Tax,,Synthetic tax 10% on usage record 345: AWSLambda,One-Time,4.80106986712053,4.80106986712053,4.80106986712053,4.80106986712053,,,,,,EUR,,4.4169842777508876,,USD,,,AWSLambda,Compute,Serverless Compute,,,,,,,,,,,,,,,,,,,,,,,,,,"{""Environment"":""prod"",""CostCenter"":""cc-2087"",""Owner"":""team-payments""}"
AWS,AWS,AWS,AWS,AWS,INV-2026-05-0002,100000000002,ExampleCorp Secondary Payer,Payer Account,200000000014,sandbox-dev,Linked Account,2026-05-01T00:00:00Z,2026-06-01T00:00:00Z,2026-05-18T07:00:00Z,2026-05-18T08:00:00Z,Usage,,Linux on-demand m6i.large,Usage-Based,0.0864,0.0864,0.096,0.0864,0.0960000000,0.0864000000,Standard,1.0000,Hours,USD,0.0864000000,0.0864,0.0960000000,USD,1.0000,Hours,AmazonEC2,Compute,Virtual Machines,SKU-e0e295f006e6a0732dd5f77b,Compute,SPRICE-98f5ebeb1125d6e984c27bb1,"{""InstanceType"":""m6i.large"",""InstanceSeries"":""M6i"",""CoreCount"":2,""MemorySize"":8,""OperatingSystem"":""Linux"",""x_Tenancy"":""Shared""}",arn:aws:ec2:us-west-2:200000000014:instance/i-1774f02ca921,i-1774f02ca921,EC2 Instance,us-west-2,US West (Oregon),us-west-2b,,,,,,,,"{""Elements"":[{""ContractId"":""CONTRACT-EA-2026-0001"",""ContractCommitmentId"":""CC-EA-COMPUTE-0003"",""ContractCommitmentAppliedCost"":0.08640000000000,""ContractCommitmentAppliedQuantity"":1.0000,""ContractCommitmentAppliedUnit"":""Hours""}]}",,,,,,,,"{""Environment"":""staging"",""CostCenter"":""cc-2087"",""Owner"":""team-platform""}"
AWS,AWS,AWS,AWS,AWS,INV-2026-05-0002,100000000002,ExampleCorp Secondary Payer,Payer Account,200000000011,prod-platform,Linked Account,2026-05-01T00:00:00Z,2026-06-01T00:00:00Z,2026-05-18T08:00:00Z,2026-05-18T09:00:00Z,Usage,,Shared EC2 host cost allocated to workload,Usage-Based,0.0710112,0.0710112,0.0710112,0.0710112,0.0960000000,0.0960000000,Standard,0.7397,Hours,USD,0.0960000000,0.0710112,0.0960000000,USD,0.7397,Hours,AmazonEC2,Compute,Virtual Machines,SKU-e0e295f006e6a0732dd5f77b,Compute,SPRICE-98f5ebeb1125d6e984c27bb1,"{""InstanceType"":""m6i.large"",""InstanceSeries"":""M6i"",""CoreCount"":2,""MemorySize"":8,""OperatingSystem"":""Linux"",""x_Tenancy"":""Shared""}",arn:aws:ec2:us-west-2:200000000011:instance/shared-host-4f4ebb55,shared-host-4f4ebb55,EC2 Instance,us-west-2,US West (Oregon),us-west-2a,,,,,,,,,,,split-even,"{""Elements"":[{""AllocatedRatio"":1,""UsageUnit"":""Hours"",""UsageQuantity"":0.7397,""x_Strategy"":""Even"",""x_Basis"":""Workloads""}]}",arn:aws:eks:us-west-2:200000000011:workload/ingestion-1d0d3a,workload-ingestion,"{""workload"":""ingestion"",""CostCenter"":""cc-2087""}","{""Environment"":""staging"",""CostCenter"":""cc-1042"",""Owner"":""team-data""}"
AWS,AWS,AWS,AWS,AWS,INV-2026-05-0001,100000000001,ExampleCorp Master Payer,Payer Account,200000000011,prod-platform,Linked Account,2026-05-01T00:00:00Z,2026-06-01T00:00:00Z,2026-05-26T00:00:00Z,2026-05-27T00:00:00Z,Usage,,Custom metrics,Usage-Based,24.456492,24.456492,27.17388,24.456492,0.3000000000,0.2700000000,Standard,90.5796,Metrics,USD,0.2700000000,24.456492,0.3000000000,USD,90.5796,Metrics,AmazonCloudWatch,Management and Governance,Observability,SKU-2491f45dad51aaef563400a5,Monitoring,SPRICE-5131bac450b55b26fd0cdc7e,"{""x_MetricType"":""Custom""}",arn:aws:cloudwatch:us-east-1:200000000011:metric/metric-8265d102adc9,metric-8265d102adc9,Metric,us-east-1,US East (N. Virginia),,,,,,,,,"{""Elements"":[{""ContractId"":""CONTRACT-EA-2026-0001"",""ContractCommitmentId"":""CC-EA-SPEND-0001"",""ContractCommitmentAppliedCost"":24.45649200000000}]}",,,,,,,,"{""Environment"":""prod"",""CostCenter"":""cc-1042"",""Owner"":""team-payments""}"
AWS,AWS,AWS,AWS,AWS,INV-2026-05-0001,100000000001,ExampleCorp Master Payer,Payer Account,200000000012,staging-platform,Linked Account,2026-05-01T00:00:00Z,2026-06-01T00:00:00Z,2026-05-27T00:00:00Z,2026-05-28T00:00:00Z,Usage,,Custom metrics,Usage-Based,1.670814,1.670814,1.85646,1.670814,0.3000000000,0.2700000000,Standard,6.1882,Metrics,USD,0.2700000000,1.670814,0.3000000000,USD,6.1882,Metrics,AmazonCloudWatch,Management and Governance,Observability,SKU-7f3902e3f370805f0a245d7f,Monitoring,SPRICE-dae68554fa459d336630e8d7,"{""x_MetricType"":""Custom""}",arn:aws:cloudwatch:ap-southeast-1:200000000012:metric/metric-7c94f5cc4b36,metric-7c94f5cc4b36,Metric,ap-southeast-1,Asia Pacific (Singapore),,,,,,,,,"{""Elements"":[{""ContractId"":""CONTRACT-EA-2026-0001"",""ContractCommitmentId"":""CC-EA-SPEND-0001"",""ContractCommitmentAppliedCost"":1.67081400000000}]}",,,,,,,,"{""Environment"":""prod"",""CostCenter"":""cc-3110"",""Owner"":""team-data""}"
AWS,AWS,AWS,AWS,AWS,INV-2026-05-0002,100000000002,ExampleCorp Secondary Payer,Payer Account,200000000011,prod-platform,Linked Account,2026-05-01T00:00:00Z,2026-06-01T00:00:00Z,2026-05-18T11:00:00Z,2026-05-18T12:00:00Z,Usage,,Shared EC2 host cost allocated to workload,Usage-Based,0.0439104,0.0439104,0.0439104,0.0439104,0.0960000000,0.0960000000,Standard,0.4574,Hours,USD,0.0960000000,0.0439104,0.0960000000,USD,0.4574,Hours,AmazonEC2,Compute,Virtual Machines,SKU-e0e295f006e6a0732dd5f77b,Compute,SPRICE-98f5ebeb1125d6e984c27bb1,"{""InstanceType"":""m6i.large"",""InstanceSeries"":""M6i"",""CoreCount"":2,""MemorySize"":8,""OperatingSystem"":""Linux"",""x_Tenancy"":""Shared""}",arn:aws:ec2:us-west-2:200000000011:instance/shared-host-0a8e34b6,shared-host-0a8e34b6,EC2 Instance,us-west-2,US West (Oregon),us-west-2a,,,,,,,,,,,split-proportional,"{""Elements"":[{""AllocatedRatio"":1,""UsageUnit"":""Hours"",""UsageQuantity"":0.4574,""x_Strategy"":""Proportional"",""x_Basis"":""vCPUSeconds""}]}",arn:aws:eks:us-west-2:200000000011:workload/search-a40d25,workload-search,"{""workload"":""search"",""CostCenter"":""cc-1042""}","{""Environment"":""prod"",""CostCenter"":""cc-2087"",""Owner"":""team-data""}"
AWS,AWS,AWS,AWS,AWS,INV-2026-05-0002,100000000002,ExampleCorp Secondary Payer,Payer Account,200000000011,prod-platform,Linked Account,2026-05-01T00:00:00Z,2026-06-01T00:00:00Z,2026-05-18T12:00:00Z,2026-05-18T13:00:00Z,Usage,,RDS PostgreSQL db.r6g.large,Usage-Based,0.24,0.24,0.24,0.24,0.2400000000,0.2400000000,Standard,1.0000,Hours,USD,0.2400000000,0.24,0.2400000000,USD,1.0000,Hours,AmazonRDS,Databases,Relational Databases,SKU-89bc59af83de149a442b21d0,Database,SPRICE-887d5388c52a801df4d42ba1,"{""InstanceType"":""db.r6g.large"",""InstanceSeries"":""R6g"",""CoreCount"":2,""MemorySize"":16,""x_Engine"":""PostgreSQL""}",arn:aws:rds:us-east-1:200000000011:db/db-ae21e4a5f163,db-ae21e4a5f163,RDS Instance,us-east-1,US East (N. Virginia),,,,,,,,,,,,,,,,,"{""Environment"":""prod"",""CostCenter"":""cc-3110"",""Owner"":""team-payments""}"
AWS,AWS,AWS,AWS,AWS,INV-2026-05-0002,100000000002,ExampleCorp Secondary Payer,Payer Account,200000000014,sandbox-dev,Linked Account,2026-05-01T00:00:00Z,2026-06-01T00:00:00Z,2026-05-02T00:00:00Z,2026-05-03T00:00:00Z,Usage,,NAT gateway data processed,Usage-Based,11.018502,11.018502,11.018502,11.018502,0.0450000000,0.0450000000,Standard,244.8556,GB,USD,0.0450000000,11.018502,0.0450000000,USD,244.8556,GB,AmazonVPC,Networking,Network Connectivity,SKU-3d9b08c72ec44814e0bd4e25,Data Transfer,SPRICE-5df2ff31768360bf23008ec4,"{""x_TransferType"":""InterAZ""}",arn:aws:ec2:eu-west-1:200000000014:natgateway/nat-5e2cb95a7698,nat-5e2cb95a7698,NAT Gateway,eu-west-1,EU (Ireland),,,,,,,,,,,,,,,,,"{""Environment"":""dev"",""CostCenter"":""cc-2087"",""Owner"":""team-payments""}"
AWS,AWS,AWS,AWS,AWS,INV-2026-05-0002,100000000002,ExampleCorp Secondary Payer,Payer Account,200000000013,data-analytics,Linked Account,2026-05-01T00:00:00Z,2026-06-01T00:00:00Z,2026-05-18T14:00:00Z,2026-05-18T15:00:00Z,Usage,,Shared EC2 host cost allocated to workload,Usage-Based,0.0644544,0.0644544,0.0644544,0.0644544,0.0960000000,0.0960000000,Standard,0.6714,Hours,USD,0.0960000000,0.0644544,0.0960000000,USD,0.6714,Hours,AmazonEC2,Compute,Virtual Machines,SKU-e0e295f006e6a0732dd5f77b,Compute,SPRICE-98f5ebeb1125d6e984c27bb1,"{""InstanceType"":""m6i.large"",""InstanceSeries"":""M6i"",""CoreCount"":2,""MemorySize"":8,""OperatingSystem"":""Linux"",""x_Tenancy"":""Shared""}",arn:aws:ec2:us-west-2:200000000013:instance/shared-host-c517200b,shared-host-c517200b,EC2 Instance,us-west-2,US West (Oregon),us-west-2b,,,,,,,,,,,split-proportional,"{""Elements"":[{""AllocatedRatio"":1,""UsageUnit"":""Hours"",""UsageQuantity"":0.6714,""x_Strategy"":""Proportional"",""x_Basis"":""vCPUSeconds""}]}",arn:aws:eks:us-west-2:200000000013:workload/analytics-184927,workload-analytics,"{""workload"":""analytics"",""CostCenter"":""cc-2087""}","{""Environment"":""prod"",""CostCenter"":""cc-1042"",""Owner"":""team-data""}"
AWS,AWS,AWS,AWS,AWS,INV-2026-05-0001,100000000001,ExampleCorp Master Payer,Payer Account,200000000011,prod-platform,Linked Account,2026-05-01T00:00:00Z,2026-06-01T00:00:00Z,2026-05-18T15:00:00Z,2026-05-18T16:00:00Z,Usage,,Shared EC2 host cost allocated to workload,Usage-Based,0.0670848,0.0670848,0.0670848,0.0670848,0.0960000000,0.0960000000,Standard,0.6988,Hours,USD,0.0960000000,0.0670848,0.0960000000,USD,0.6988,Hours,AmazonEC2,Compute,Virtual Machines,SKU-ca9c2ba97f0b30fb137ef130,Compute,SPRICE-d7f4030fc2a8b65799f6b437,"{""InstanceType"":""m6i.large"",""InstanceSeries"":""M6i"",""CoreCount"":2,""MemorySize"":8,""OperatingSystem"":""Linux"",""x_Tenancy"":""Shared""}",arn:aws:ec2:eu-west-1:200000000011:instance/shared-host-99fa7eb9,shared-host-99fa7eb9,EC2 Instance,eu-west-1,EU (Ireland),eu-west-1a,,,,,,,,,,,split-proportional,"{""Elements"":[{""AllocatedRatio"":1,""UsageUnit"":""Hours"",""UsageQuantity"":0.6988,""x_Strategy"":""Proportional"",""x_Basis"":""vCPUSeconds""}]}",arn:aws:eks:eu-west-1:200000000011:workload/analytics-bfce9a,workload-analytics,"{""workload"":""analytics"",""CostCenter"":""cc-1042""}","{""Environment"":""staging"",""CostCenter"":""cc-2087"",""Owner"":""team-platform""}"
AWS,AWS,AWS,AWS,AWS,INV-2026-05-0001,100000000001,ExampleCorp Master Payer,Payer Account,200000000014,sandbox-dev,Linked Account,2026-05-01T00:00:00Z,2026-06-01T00:00:00Z,2026-05-05T00:00:00Z,2026-05-06T00:00:00Z,Usage,,DynamoDB on-demand write requests,Usage-Based,5.0950438725375,5.0950438725375,5.661159858375,5.0950438725375,0.0000012500,0.0000011250,Standard,4528927.8867,Requests,EUR,0.0000010350,4.6874403627345,0.0000011500,USD,4528927.8867,Requests,AmazonDynamoDB,Databases,NoSQL Databases,SKU-687affd9645b52f0bac81a2c,Database,SPRICE-ce16feee2474243ad0647ab6,"{""x_CapacityMode"":""On-Demand""}",arn:aws:dynamodb:us-west-2:200000000014:table/table-208e7cdb1c17,table-208e7cdb1c17,DynamoDB Table,us-west-2,US West (Oregon),,,,,,,,,"{""Elements"":[{""ContractId"":""CONTRACT-EA-2026-0001"",""ContractCommitmentId"":""CC-EA-SPEND-0001"",""ContractCommitmentAppliedCost"":5.09504387253750}]}",,,,,,,,"{""Environment"":""staging"",""CostCenter"":""cc-2087"",""Owner"":""team-platform""}"
AWS,AWS,AWS,AWS,AWS,INV-2026-05-0001,100000000001,ExampleCorp Master Payer,Payer Account,200000000013,data-analytics,Linked Account,2026-05-01T00:00:00Z,2026-06-01T00:00:00Z,2026-05-06T00:00:00Z,2026-05-07T00:00:00Z,Usage,,Custom metrics,Usage-Based,28.24098,28.24098,28.24098,28.24098,0.3000000000,0.3000000000,Standard,94.1366,Metrics,USD,0.3000000000,28.24098,0.3000000000,USD,94.1366,Metrics,AmazonCloudWatch,Management and Governance,Observability,SKU-7f3902e3f370805f0a245d7f,Monitoring,SPRICE-dae68554fa459d336630e8d7,"{""x_MetricType"":""Custom""}",arn:aws:cloudwatch:ap-southeast-1:200000000013:metric/metric-012863cb8bab,metric-012863cb8bab,Metric,ap-southeast-1,Asia Pacific (Singapore),,,,,,,,,,,,,,,,,"{""Environment"":""dev"",""CostCenter"":""cc-1042"",""Owner"":""team-platform""}"
AWS,AWS,AWS,AWS,AWS,INV-2026-05-0002,100000000002,ExampleCorp Secondary Payer,Payer Account,200000000013,data-analytics,Linked Account,2026-05-01T00:00:00Z,2026-06-01T00:00:00Z,2026-05-18T18:00:00Z,2026-05-18T19:00:00Z,Usage,,Lambda function duration,Usage-Based,32.6186393925,32.6186393925,36.24300514419865,32.6186393925,0.0000166667,0.0000150000,Standard,2174575.9595,GB-Seconds,EUR,0.0000138000,30.0091482411,0.0000153334,USD,2174575.9595,GB-Seconds,AWSLambda,Compute,Serverless Compute,SKU-7828f3c3be040bf04a99c13a,Compute,SPRICE-6184f12aac3b9e897d7d8c90,"{""x_Runtime"":""python3.12"",""x_Architecture"":""arm64""}",arn:aws:lambda:eu-west-1:200000000013:function/fn-b4ea877c7d70,fn-b4ea877c7d70,Lambda Function,eu-west-1,EU (Ireland),,,,,,,,,"{""Elements"":[{""ContractId"":""CONTRACT-EA-2026-0001"",""ContractCommitmentId"":""CC-EA-SPEND-0001"",""ContractCommitmentAppliedCost"":32.61863939250000}]}",,,,,,,,"{""Environment"":""staging"",""CostCenter"":""cc-1042"",""Owner"":""team-payments""}"
AWS,AWS,AWS,AWS,AWS,INV-2026-05-0002,100000000002,ExampleCorp Secondary Payer,Payer Account,200000000013,data-analytics,Linked Account,2026-05-01T00:00:00Z,2026-06-01T00:00:00Z,2026-05-18T19:00:00Z,2026-05-18T20:00:00Z,Usage,,Lambda function duration,Usage-Based,25.438029576,25.438029576,28.26453383562128,25.438029576,0.0000166667,0.0000150000,Standard,1695868.6384,GB-Seconds,USD,0.0000150000,25.438029576,0.0000166667,USD,1695868.6384,GB-Seconds,AWSLambda,Compute,Serverless Compute,SKU-67dc4ce0843e58b6125cbdce,Compute,SPRICE-227d5491bbfb36c4f69bea63,"{""x_Runtime"":""python3.12"",""x_Architecture"":""arm64""}",arn:aws:lambda:us-east-1:200000000013:function/fn-2da287740941,fn-2da287740941,Lambda Function,us-east-1,US East (N. Virginia),,,,,,,,,"{""Elements"":[{""ContractId"":""CONTRACT-EA-2026-0001"",""ContractCommitmentId"":""CC-EA-SPEND-0001"",""ContractCommitmentAppliedCost"":25.43802957600000}]}",,,,,,,,"{""Environment"":""dev"",""CostCenter"":""cc-3110"",""Owner"":""team-payments""}"
AWS,AWS,AWS,AWS,AWS,INV-2026-05-0002,100000000002,ExampleCorp Secondary Payer,Payer Account,200000000013,data-analytics,Linked Account,2026-05-01T00:00:00Z,2026-06-01T00:00:00Z,2026-05-05T00:00:00Z,2026-05-06T00:00:00Z,Tax,,Synthetic tax 10% on usage record 117: AmazonCloudWatch,One-Time,3.3170337,3.3170337,3.685593,3.3170337,,,,,,USD,,3.3170337,,USD,,,AmazonCloudWatch,Management and Governance,Observability,,,,,,,,,,,,,,,,,,,,,,,,,,"{""Environment"":""dev"",""CostCenter"":""cc-2087"",""Owner"":""team-platform""}"
AWS,AWS,AWS,AWS,AWS,INV-2026-05-0002,100000000002,ExampleCorp Secondary Payer,Payer Account,200000000012,staging-platform,Linked Account,2026-05-01T00:00:00Z,2026-06-01T00:00:00Z,2026-05-18T21:00:00Z,2026-05-18T22:00:00Z,Usage,,Shared EC2 host cost allocated to workload,Usage-Based,0.0472608,0.0472608,0.0472608,0.0472608,0.0960000000,0.0960000000,Standard,0.4923,Hours,USD,0.0960000000,0.0472608,0.0960000000,USD,0.4923,Hours,AmazonEC2,Compute,Virtual Machines,SKU-093c0d7a3a0491f8523e34c8,Compute,SPRICE-bab283475cbbabd222878e74,"{""InstanceType"":""m6i.large"",""InstanceSeries"":""M6i"",""CoreCount"":2,""MemorySize"":8,""OperatingSystem"":""Linux"",""x_Tenancy"":""Shared""}",arn:aws:ec2:ap-southeast-1:200000000012:instance/shared-host-69a3e88a,shared-host-69a3e88a,EC2 Instance,ap-southeast-1,Asia Pacific (Singapore),ap-southeast-1b,,,,,,,,,,,split-even,"{""Elements"":[{""AllocatedRatio"":1,""UsageUnit"":""Hours"",""UsageQuantity"":0.4923,""x_Strategy"":""Even"",""x_Basis"":""Workloads""}]}",arn:aws:eks:ap-southeast-1:200000000012:workload/checkout-39c4eb,workload-checkout,"{""workload"":""checkout"",""CostCenter"":""cc-2087""}","{""Environment"":""staging"",""CostCenter"":""cc-1042"",""Owner"":""team-platform""}"
AWS,AWS,AWS,AWS,AWS,INV-2026-05-0001,100000000001,ExampleCorp Master Payer,Payer Account,200000000011,prod-platform,Linked Account,2026-05-01T00:00:00Z,2026-06-01T00:00:00Z,2026-05-11T00:00:00Z,2026-05-12T00:00:00Z,Usage,,NAT gateway data processed,Usage-Based,10.102977,10.102977,10.102977,10.102977,0.0450000000,0.0450000000,Standard,224.5106,GB,USD,0.0450000000,10.102977,0.0450000000,USD,224.5106,GB,AmazonVPC,Networking,Network Connectivity,SKU-38ae1a660e2cadb9d64ca8e5,Data Transfer,SPRICE-974405df44bbf0808ce048b9,"{""x_TransferType"":""InterAZ""}",arn:aws:ec2:us-west-2:200000000011:natgateway/nat-07d21da9fa73,nat-07d21da9fa73,NAT Gateway,us-west-2,US West (Oregon),,,,,,,,,,,,,,,,,"{""Environment"":""staging"",""CostCenter"":""cc-2087"",""Owner"":""team-payments""}"
AWS,AWS,AWS,AWS,AWS,INV-2026-05-0002,100000000002,ExampleCorp Secondary Payer,Payer Account,200000000012,staging-platform,Linked Account,2026-05-01T00:00:00Z,2026-06-01T00:00:00Z,2026-05-18T23:00:00Z,2026-05-19T00:00:00Z,Usage,,Lambda function duration,Usage-Based,53.11903299285351,53.11903299285351,53.11903299285351,53.11903299285351,0.0000166667,0.0000166667,Standard,3187135.6053,GB-Seconds,USD,0.0000166667,53.11903299285351,0.0000166667,USD,3187135.6053,GB-Seconds,AWSLambda,Compute,Serverless Compute,SKU-790dfdd7277c16aec9cf7656,Compute,SPRICE-55fe45e894424abc4a1bb3fe,"{""x_Runtime"":""python3.12"",""x_Architecture"":""arm64""}",arn:aws:lambda:us-west-2:200000000012:function/fn-e3c4e648f8b4,fn-e3c4e648f8b4,Lambda Function,us-west-2,US West (Oregon),,,,,,,,,,,,,,,,,"{""Environment"":""staging"",""CostCenter"":""cc-2087"",""Owner"":""team-payments""}"
AWS,AWS,AWS,AWS,AWS,INV-2026-05-0002,100000000002,ExampleCorp Secondary Payer,Payer Account,200000000011,prod-platform,Linked Account,2026-05-01T00:00:00Z,2026-06-01T00:00:00Z,2026-05-13T00:00:00Z,2026-05-14T00:00:00Z,Purchase,,AmazonEC2 subscription fee,Recurring,261.93,261.93,261.93,261.93,261.93,261.93,Standard,1,Units,USD,261.9300000000,261.93,261.9300000000,USD,,,AmazonEC2,Compute,Virtual Machines,SKU-6c708c9363255f3bbb7a1f0e,Subscription,SPRICE-9be3a1877aa4b52809d640b6,"{""x_ChargeType"": ""SubscriptionFee""}",arn:aws:ec2:us-west-2:200000000011:instance/i-38ee68ab4aa2,i-38ee68ab4aa2,EC2 Instance,us-west-2,US West (Oregon),,,,,,,,,,,,,,,,,"{""Environment"":""dev"",""CostCenter"":""cc-2087"",""Owner"":""team-platform""}"
AWS,AWS,AWS,AWS,AWS,INV-2026-05-0001,100000000001,ExampleCorp Master Payer,Payer Account,200000000011,prod-platform,Linked Account,2026-05-01T00:00:00Z,2026-06-01T00:00:00Z,2026-05-19T01:00:00Z,2026-05-19T02:00:00Z,Usage,,Shared EC2 host cost allocated to workload,Usage-Based,0.01464,0.01464,0.01464,0.01464,0.0960000000,0.0960000000,Standard,0.1525,Hours,USD,0.0960000000,0.01464,0.0960000000,USD,0.1525,Hours,AmazonEC2,Compute,Virtual Machines,SKU-e0e295f006e6a0732dd5f77b,Compute,SPRICE-98f5ebeb1125d6e984c27bb1,"{""InstanceType"":""m6i.large"",""InstanceSeries"":""M6i"",""CoreCount"":2,""MemorySize"":8,""OperatingSystem"":""Linux"",""x_Tenancy"":""Shared""}",arn:aws:ec2:us-west-2:200000000011:instance/shared-host-50ec6d1c,shared-host-50ec6d1c,EC2 Instance,us-west-2,US West (Oregon),us-west-2a,,,,,,,,,,,split-proportional,"{""Elements"":[{""AllocatedRatio"":1,""UsageUnit"":""Hours"",""UsageQuantity"":0.1525,""x_Strategy"":""Proportional"",""x_Basis"":""vCPUSeconds""}]}",arn:aws:eks:us-west-2:200000000011:workload/search-3b9e77,workload-search,"{""workload"":""search"",""CostCenter"":""cc-1042""}","{""Environment"":""dev"",""CostCenter"":""cc-1042"",""Owner"":""team-payments""}"
AWS,AWS,AWS,AWS,AWS,INV-2026-05-0001,100000000001,ExampleCorp Master Payer,Payer Account,200000000013,data-analytics,Linked Account,2026-05-01T00:00:00Z,2026-06-01T00:00:00Z,2026-05-15T00:00:00Z,2026-05-16T00:00:00Z,Usage,,DynamoDB on-demand write requests,Usage-Based,6.07135118475,6.07135118475,6.07135118475,6.07135118475,0.0000012500,0.0000012500,Standard,4857080.9478,Requests,USD,0.0000012500,6.07135118475,0.0000012500,USD,4857080.9478,Requests,AmazonDynamoDB,Databases,NoSQL Databases,SKU-687affd9645b52f0bac81a2c,Database,SPRICE-716c8854825bf7430db8e755,"{""x_CapacityMode"":""On-Demand""}",arn:aws:dynamodb:us-west-2:200000000013:table/table-461d9f69a43f,table-461d9f69a43f,DynamoDB Table,us-west-2,US West (Oregon),,,,,,,,,,,,,,,,,"{""Environment"":""dev"",""CostCenter"":""cc-3110"",""Owner"":""team-platform""}"
AWS,AWS,AWS,AWS,AWS,INV-2026-05-0002,100000000002,ExampleCorp Secondary Payer,Payer Account,200000000011,prod-platform,Linked Account,2026-05-01T00:00:00Z,2026-06-01T00:00:00Z,2026-05-16T00:00:00Z,2026-05-17T00:00:00Z,Purchase,,AmazonVPC subscription fee,Recurring,538.68,538.68,538.68,538.68,538.68,538.68,Standard,1,Units,USD,538.6800000000,538.68,538.6800000000,USD,,,AmazonVPC,Networking,Network Connectivity,SKU-9d19ad97b503680b72741485,Subscription,SPRICE-52c0962d106bc964918fae87,"{""x_ChargeType"": ""SubscriptionFee""}",arn:aws:ec2:us-west-2:200000000011:natgateway/nat-26140ef4cfd7,nat-26140ef4cfd7,NAT Gateway,us-west-2,US West (Oregon),,,,,,,,,,,,,,,,,"{""Environment"":""dev"",""CostCenter"":""cc-1042"",""Owner"":""team-data""}"
AWS,AWS,AWS,AWS,AWS,INV-2026-05-0001,100000000001,ExampleCorp Master Payer,Payer Account,200000000013,data-analytics,Linked Account,2026-05-01T00:00:00Z,2026-06-01T00:00:00Z,2026-05-19T04:00:00Z,2026-05-19T05:00:00Z,Usage,,Shared EC2 host cost allocated to workload,Usage-Based,0.0093312,0.0093312,0.0093312,0.0093312,0.0960000000,0.0960000000,Standard,0.0972,Hours,USD,0.0960000000,0.0093312,0.0960000000,USD,0.0972,Hours,AmazonEC2,Compute,Virtual Machines,SKU-ca9c2ba97f0b30fb137ef130,Compute,SPRICE-d7f4030fc2a8b65799f6b437,"{""InstanceType"":""m6i.large"",""InstanceSeries"":""M6i"",""CoreCount"":2,""MemorySize"":8,""OperatingSystem"":""Linux"",""x_Tenancy"":""Shared""}",arn:aws:ec2:eu-west-1:200000000013:instance/shared-host-d540ab00,shared-host-d540ab00,EC2 Instance,eu-west-1,EU (Ireland),eu-west-1a,,,,,,,,,,,split-even,"{""Elements"":[{""AllocatedRatio"":1,""UsageUnit"":""Hours"",""UsageQuantity"":0.0972,""x_Strategy"":""Even"",""x_Basis"":""Workloads""}]}",arn:aws:eks:eu-west-1:200000000013:workload/analytics-0652ed,workload-analytics,"{""workload"":""analytics"",""CostCenter"":""cc-2087""}","{""Environment"":""dev"",""CostCenter"":""cc-3110"",""Owner"":""team-payments""}"
AWS,AWS,AWS,AWS,AWS,INV-2026-05-0001,100000000001,ExampleCorp Master Payer,Payer Account,200000000011,prod-platform,Linked Account,2026-05-01T00:00:00Z,2026-06-01T00:00:00Z,2026-05-26T00:00:00Z,2026-05-27T00:00:00Z,Tax,,Synthetic tax 10% on usage record 418: AmazonCloudWatch,One-Time,2.4456492,2.4456492,2.717388,2.4456492,,,,,,USD,,2.4456492,,USD,,,AmazonCloudWatch,Management and Governance,Observability,,,,,,,,,,,,,,,,,,,,,,,,,,"{""Environment"":""prod"",""CostCenter"":""cc-1042"",""Owner"":""team-payments""}"
AWS,AWS,AWS,AWS,AWS,INV-2026-05-0001,100000000001,ExampleCorp Master Payer,Payer Account,200000000013,data-analytics,Linked Account,2026-05-01T00:00:00Z,2026-06-01T00:00:00Z,2026-05-19T06:00:00Z,2026-05-19T07:00:00Z,Usage,,Linux on-demand m6i.large,Usage-Based,0.096,0.096,0.096,0.096,0.0960000000,0.0960000000,Standard,1.0000,Hours,USD,0.0960000000,0.096,0.0960000000,USD,1.0000,Hours,AmazonEC2,Compute,Virtual Machines,SKU-093c0d7a3a0491f8523e34c8,Compute,SPRICE-bab283475cbbabd222878e74,"{""InstanceType"":""m6i.large"",""InstanceSeries"":""M6i"",""CoreCount"":2,""MemorySize"":8,""OperatingSystem"":""Linux"",""x_Tenancy"":""Shared""}",arn:aws:ec2:ap-southeast-1:200000000013:instance/i-47544b7814f8,i-47544b7814f8,EC2 Instance,ap-southeast-1,Asia Pacific (Singapore),ap-southeast-1a,,,,,,,,,,,,,,,,"{""Environment"":""staging"",""CostCenter"":""cc-2087"",""Owner"":""team-data""}"
AWS,AWS,AWS,AWS,AWS,INV-2026-05-0002,100000000002,ExampleCorp Secondary Payer,Payer Account,200000000013,data-analytics,Linked Account,2026-05-01T00:00:00Z,2026-06-01T00:00:00Z,2026-05-20T00:00:00Z,2026-05-21T00:00:00Z,Usage,,NAT gateway data processed,Usage-Based,7.009299,7.009299,7.009299,7.009299,0.0450000000,0.0450000000,Standard,155.7622,GB,USD,0.0450000000,7.009299,0.0450000000,USD,155.7622,GB,AmazonVPC,Networking,Network Connectivity,SKU-0a48b40b1fa86593309c0c4c,Data Transfer,SPRICE-b948c57b4c22bb2955afff1a,"{""x_TransferType"":""InterAZ""}",arn:aws:ec2:ap-southeast-1:200000000013:natgateway/nat-3a3e3b2c65b3,nat-3a3e3b2c65b3,NAT Gateway,ap-southeast-1,Asia Pacific (Singapore),,,,,,,,,,,,,,,,,"{""Environment"":""prod"",""CostCenter"":""cc-3110"",""Owner"":""team-payments""}"
AWS,AWS,AWS,AWS,AWS,INV-2026-05-0001,100000000001,ExampleCorp Master Payer,Payer Account,200000000012,staging-platform,Linked Account,2026-05-01T00:00:00Z,2026-06-01T00:00:00Z,2026-05-21T00:00:00Z,2026-05-22T00:00:00Z,Usage,,Custom metrics,Usage-Based,53.085591,53.085591,58.98399,53.085591,0.3000000000,0.2700000000,Standard,196.6133,Metrics,USD,0.2700000000,53.085591,0.3000000000,USD,196.6133,Metrics,AmazonCloudWatch,Management and Governance,Observability,SKU-7f3902e3f370805f0a245d7f,Monitoring,SPRICE-dae68554fa459d336630e8d7,"{""x_MetricType"":""Custom""}",arn:aws:cloudwatch:ap-southeast-1:200000000012:metric/metric-22c647a15052,metric-22c647a15052,Metric,ap-southeast-1,Asia Pacific (Singapore),,,,,,,,,"{""Elements"":[{""ContractId"":""CONTRACT-EA-2026-0001"",""ContractCommitmentId"":""CC-EA-SPEND-0001"",""ContractCommitmentAppliedCost"":53.08559100000000}]}",,,,,,,,"{""Environment"":""prod"",""CostCenter"":""cc-3110"",""Owner"":""team-platform""}"
AWS,AWS,AWS,AWS,AWS,INV-2026-05-0002,100000000002,ExampleCorp Secondary Payer,Payer Account,200000000011,prod-platform,Linked Account,2026-05-01T00:00:00Z,2026-06-01T00:00:00Z,2026-05-01T00:00:00Z,2026-06-01T00:00:00Z,Usage,,S3 Standard storage,Usage-Based,105.17693805,105.17693805,116.8632645,105.17693805,0.0230000000,0.0207000000,Standard,5081.0115,GB-Months,USD,0.0207000000,105.17693805,0.0230000000,USD,5081.0115,GB-Months,AmazonS3,Storage,Object Storage,SKU-6042c508b21761919a0ed516,Storage,SPRICE-d35afe08308f10d3695aa71d,"{""StorageClass"":""Standard"",""Redundancy"":""Zonal""}",arn:aws:s3:eu-west-1:200000000011:bucket/bucket-c746b7cc4c9a,bucket-c746b7cc4c9a,S3 Bucket,eu-west-1,EU (Ireland),,,,,,,,,"{""Elements"":[{""ContractId"":""CONTRACT-EA-2026-0001"",""ContractCommitmentId"":""CC-EA-STORAGE-0002"",""ContractCommitmentAppliedCost"":105.17693805000000}]}",,,,,,,,"{""Environment"":""staging"",""CostCenter"":""cc-1042"",""Owner"":""team-data""}"
AWS,AWS,AWS,AWS,AWS,INV-2026-05-0001,100000000001,ExampleCorp Master Payer,Payer Account,200000000011,prod-platform,Linked Account,2026-05-01T00:00:00Z,2026-06-01T00:00:00Z,2026-05-23T00:00:00Z,2026-05-24T00:00:00Z,Usage,,Custom metrics,Usage-Based,38.63964,38.63964,38.63964,38.63964,0.3000000000,0.3000000000,Standard,128.7988,Metrics,USD,0.3000000000,38.63964,0.3000000000,USD,128.7988,Metrics,AmazonCloudWatch,Management and Governance,Observability,SKU-7f3902e3f370805f0a245d7f,Monitoring,SPRICE-dae68554fa459d336630e8d7,"{""x_MetricType"":""Custom""}",arn:aws:cloudwatch:ap-southeast-1:200000000011:metric/metric-4cf089446a20,metric-4cf089446a20,Metric,ap-southeast-1,Asia Pacific (Singapore),,,,,,,,,,,,,,,,,"{""Environment"":""prod"",""CostCenter"":""cc-3110"",""Owner"":""team-data""}"
AWS,AWS,AWS,AWS,AWS,INV-2026-05-0002,100000000002,ExampleCorp Secondary Payer,Payer Account,200000000014,sandbox-dev,Linked Account,2026-05-01T00:00:00Z,2026-06-01T00:00:00Z,2026-05-19T11:00:00Z,2026-05-19T12:00:00Z,Usage,,RDS PostgreSQL db.r6g.large,Usage-Based,0.216,0.216,0.24,0.216,0.2400000000,0.2160000000,Standard,1.0000,Hours,USD,0.2160000000,0.216,0.2400000000,USD,1.0000,Hours,AmazonRDS,Databases,Relational Databases,SKU-89bc59af83de149a442b21d0,Database,SPRICE-887d5388c52a801df4d42ba1,"{""InstanceType"":""db.r6g.large"",""InstanceSeries"":""R6g"",""CoreCount"":2,""MemorySize"":16,""x_Engine"":""PostgreSQL""}",arn:aws:rds:us-east-1:200000000014:db/db-fd6f3aed648d,db-fd6f3aed648d,RDS Instance,us-east-1,US East (N. Virginia),,,,,,,,,"{""Elements"":[{""ContractId"":""CONTRACT-EA-2026-0001"",""ContractCommitmentId"":""CC-EA-SPEND-0001"",""ContractCommitmentAppliedCost"":0.21600000000000}]}",,,,,,,,"{""Environment"":""staging"",""CostCenter"":""cc-1042"",""Owner"":""team-platform""}"
AWS,AWS,AWS,AWS,AWS,INV-2026-05-0002,100000000002,ExampleCorp Secondary Payer,Payer Account,200000000012,staging-platform,Linked Account,2026-05-01T00:00:00Z,2026-06-01T00:00:00Z,2026-05-25T00:00:00Z,2026-05-26T00:00:00Z,Usage,,Glue ETL job run,Usage-Based,26.64662,26.64662,26.64662,26.64662,0.4400000000,0.4400000000,Standard,60.5605,DPU-Hours,USD,0.4400000000,26.64662,0.4400000000,USD,60.5605,DPU-Hours,AWSGlue,Analytics,Data Processing,SKU-edd508eddef1abee51edfd3a,Data Processing,SPRICE-d9fcf83357f0862b561e6bf6,"{""x_WorkerType"":""G.1X""}",arn:aws:glue:us-east-1:200000000012:job/job-9569c179e6ab,job-9569c179e6ab,Glue Job,us-east-1,US East (N. Virginia),,,,,,,,,,,,,,,,,"{""Environment"":""prod"",""CostCenter"":""cc-2087"",""Owner"":""team-platform""}"
AWS,AWS,AWS,AWS,AWS,INV-2026-05-0002,100000000002,ExampleCorp Secondary Payer,Payer Account,200000000014,sandbox-dev,Linked Account,2026-05-01T00:00:00Z,2026-06-01T00:00:00Z,2026-05-19T13:00:00Z,2026-05-19T14:00:00Z,Usage,,Shared EC2 host cost allocated to workload,Usage-Based,0.0631008,0.0631008,0.0631008,0.0631008,0.0960000000,0.0960000000,Standard,0.6573,Hours,USD,0.0960000000,0.0631008,0.0960000000,USD,0.6573,Hours,AmazonEC2,Compute,Virtual Machines,SKU-736a4dd80178572d8370293d,Compute,SPRICE-c862323f09b487c42efb1c6b,"{""InstanceType"":""m6i.large"",""InstanceSeries"":""M6i"",""CoreCount"":2,""MemorySize"":8,""OperatingSystem"":""Linux"",""x_Tenancy"":""Shared""}",arn:aws:ec2:us-east-1:200000000014:instance/shared-host-cdb25335,shared-host-cdb25335,EC2 Instance,us-east-1,US East (N. Virginia),us-east-1c,,,,,,,,,,,split-even,"{""Elements"":[{""AllocatedRatio"":1,""UsageUnit"":""Hours"",""UsageQuantity"":0.6573,""x_Strategy"":""Even"",""x_Basis"":""Workloads""}]}",arn:aws:eks:us-east-1:200000000014:workload/analytics-4f87ba,workload-analytics,"{""workload"":""analytics"",""CostCenter"":""cc-3110""}","{""Environment"":""staging"",""CostCenter"":""cc-3110"",""Owner"":""team-data""}"
AWS,AWS,AWS,AWS,AWS,INV-2026-05-0002,100000000002,ExampleCorp Secondary Payer,Payer Account,200000000011,prod-platform,Linked Account,2026-05-01T00:00:00Z,2026-06-01T00:00:00Z,2026-05-27T00:00:00Z,2026-05-28T00:00:00Z,Usage,,Glue ETL job run,Usage-Based,36.046736,36.046736,36.046736,36.046736,0.4400000000,0.4400000000,Standard,81.9244,DPU-Hours,EUR,0.4048000000,33.16299712,0.4048000000,USD,81.9244,DPU-Hours,AWSGlue,Analytics,Data Processing,SKU-edd508eddef1abee51edfd3a,Data Processing,SPRICE-cba8743f603f7cbdd3f737a6,"{""x_WorkerType"":""G.1X""}",arn:aws:glue:us-east-1:200000000011:job/job-4ad05375b0e8,job-4ad05375b0e8,Glue Job,us-east-1,US East (N. Virginia),,,,,,,,,,,,,,,,,"{""Environment"":""prod"",""CostCenter"":""cc-1042"",""Owner"":""team-platform""}"
AWS,AWS,AWS,AWS,AWS,INV-2026-05-0002,100000000002,ExampleCorp Secondary Payer,Payer Account,200000000014,sandbox-dev,Linked Account,2026-05-01T00:00:00Z,2026-06-01T00:00:00Z,2026-05-19T15:00:00Z,2026-05-19T16:00:00Z,Usage,,Shared EC2 host cost allocated to workload,Usage-Based,0.0284256,0.0284256,0.0284256,0.0284256,0.0960000000,0.0960000000,Standard,0.2961,Hours,USD,0.0960000000,0.0284256,0.0960000000,USD,0.2961,Hours,AmazonEC2,Compute,Virtual Machines,SKU-e0e295f006e6a0732dd5f77b,Compute,SPRICE-98f5ebeb1125d6e984c27bb1,"{""InstanceType"":""m6i.large"",""InstanceSeries"":""M6i"",""CoreCount"":2,""MemorySize"":8,""OperatingSystem"":""Linux"",""x_Tenancy"":""Shared""}",arn:aws:ec2:us-west-2:200000000014:instance/shared-host-f995ea62,shared-host-f995ea62,EC2 Instance,us-west-2,US West (Oregon),us-west-2a,,,,,,,,,,,split-proportional,"{""Elements"":[{""AllocatedRatio"":1,""UsageUnit"":""Hours"",""UsageQuantity"":0.2961,""x_Strategy"":""Proportional"",""x_Basis"":""vCPUSeconds""}]}",arn:aws:eks:us-west-2:200000000014:workload/checkout-66e682,workload-checkout,"{""workload"":""checkout"",""CostCenter"":""cc-1042""}","{""Environment"":""staging"",""CostCenter"":""cc-2087"",""Owner"":""team-data""}"
AWS,AWS,AWS,AWS,AWS,INV-2026-05-0002,100000000002,ExampleCorp Secondary Payer,Payer Account,200000000012,staging-platform,Linked Account,2026-05-01T00:00:00Z,2026-06-01T00:00:00Z,2026-05-01T00:00:00Z,2026-05-02T00:00:00Z,Usage,,Glue ETL job run,Usage-Based,41.5238076,41.5238076,46.137564,41.5238076,0.4400000000,0.3960000000,Standard,104.8581,DPU-Hours,USD,0.3960000000,41.5238076,0.4400000000,USD,104.8581,DPU-Hours,AWSGlue,Analytics,Data Processing,SKU-118148093a04e718819dbb3f,Data Processing,SPRICE-f140a6944df35cbb51f25679,"{""x_WorkerType"":""G.1X""}",arn:aws:glue:us-west-2:200000000012:job/job-2c1bdd5d6851,job-2c1bdd5d6851,Glue Job,us-west-2,US West (Oregon),,,,,,,,,"{""Elements"":[{""ContractId"":""CONTRACT-EA-2026-0001"",""ContractCommitmentId"":""CC-EA-SPEND-0001"",""ContractCommitmentAppliedCost"":41.52380760000000}]}",,,,,,,,"{""Environment"":""staging"",""CostCenter"":""cc-1042"",""Owner"":""team-platform""}"
AWS,AWS,AWS,AWS,AWS,INV-2026-05-0002,100000000002,ExampleCorp Secondary Payer,Payer Account,200000000013,data-analytics,Linked Account,2026-05-01T00:00:00Z,2026-06-01T00:00:00Z,2026-05-18T14:00:00Z,2026-05-18T15:00:00Z,Tax,,Synthetic tax 10% on usage record 423: AmazonEC2,One-Time,0.00644544,0.00644544,0.00644544,0.00644544,,,,,,USD,,0.00644544,,USD,,,AmazonEC2,Compute,Virtual Machines,,,,,,,,,,,,,,,,,,,,,,,,,,"{""Environment"":""prod"",""CostCenter"":""cc-1042"",""Owner"":""team-data""}"
AWS,AWS,AWS,AWS,AWS,INV-2026-05-0001,100000000001,ExampleCorp Master Payer,Payer Account,200000000011,prod-platform,Linked Account,2026-05-01T00:00:00Z,2026-06-01T00:00:00Z,2026-05-19T18:00:00Z,2026-05-19T19:00:00Z,Usage,,Lambda function duration,Usage-Based,44.94602934021223,44.94602934021223,44.94602934021223,44.94602934021223,0.0000166667,0.0000166667,Standard,2696756.3669,GB-Seconds,USD,0.0000166667,44.94602934021223,0.0000166667,USD,2696756.3669,GB-Seconds,AWSLambda,Compute,Serverless Compute,SKU-7828f3c3be040bf04a99c13a,Compute,SPRICE-f43f05862dbfbeb78999da05,"{""x_Runtime"":""python3.12"",""x_Architecture"":""arm64""}",arn:aws:lambda:eu-west-1:200000000011:function/fn-99c200d3e99d,fn-99c200d3e99d,Lambda Function,eu-west-1,EU (Ireland),,,,,,,,,,,,,,,,,"{""Environment"":""dev"",""CostCenter"":""cc-1042"",""Owner"":""team-data""}"
AWS,AWS,AWS,AWS,AWS,INV-2026-05-0001,100000000001,ExampleCorp Master Payer,Payer Account,200000000013,data-analytics,Linked Account,2026-05-01T00:00:00Z,2026-06-01T00:00:00Z,2026-05-19T19:00:00Z,2026-05-19T20:00:00Z,Usage,,RDS PostgreSQL db.r6g.large,Usage-Based,0.216,0.216,0.24,0.216,0.2400000000,0.2160000000,Standard,1.0000,Hours,USD,0.2160000000,0.216,0.2400000000,USD,1.0000,Hours,AmazonRDS,Databases,Relational Databases,SKU-d70ac0acbdfcb8de90bd881a,Database,SPRICE-526e7acd56433e6d3c551cac,"{""InstanceType"":""db.r6g.large"",""InstanceSeries"":""R6g"",""CoreCount"":2,""MemorySize"":16,""x_Engine"":""PostgreSQL""}",arn:aws:rds:us-west-2:200000000013:db/db-2a80242e3693,db-2a80242e3693,RDS Instance,us-west-2,US West (Oregon),,,,,,,,,"{""Elements"":[{""ContractId"":""CONTRACT-EA-2026-0001"",""ContractCommitmentId"":""CC-EA-SPEND-0001"",""ContractCommitmentAppliedCost"":0.21600000000000}]}",,,,,,,,"{""Environment"":""staging"",""CostCenter"":""cc-1042"",""Owner"":""team-payments""}"
AWS,AWS,AWS,AWS,AWS,INV-2026-05-0001,100000000001,ExampleCorp Master Payer,Payer Account,200000000012,staging-platform,Linked Account,2026-05-01T00:00:00Z,2026-06-01T00:00:00Z,2026-05-19T20:00:00Z,2026-05-19T21:00:00Z,Usage,,Linux on-demand m6i.large,Usage-Based,0.096,0.096,0.096,0.096,0.0960000000,0.0960000000,Standard,1.0000,Hours,USD,0.0960000000,0.096,0.0960000000,USD,1.0000,Hours,AmazonEC2,Compute,Virtual Machines,SKU-e0e295f006e6a0732dd5f77b,Compute,SPRICE-98f5ebeb1125d6e984c27bb1,"{""InstanceType"":""m6i.large"",""InstanceSeries"":""M6i"",""CoreCount"":2,""MemorySize"":8,""OperatingSystem"":""Linux"",""x_Tenancy"":""Shared""}",arn:aws:ec2:us-west-2:200000000012:instance/i-be7776c56623,i-be7776c56623,EC2 Instance,us-west-2,US West (Oregon),us-west-2a,,,,,,,,,,,,,,,,"{""Environment"":""prod"",""CostCenter"":""cc-3110"",""Owner"":""team-payments""}"
AWS,AWS,AWS,AWS,AWS,INV-2026-05-0002,100000000002,ExampleCorp Secondary Payer,Payer Account,200000000011,prod-platform,Linked Account,2026-05-01T00:00:00Z,2026-06-01T00:00:00Z,2026-05-19T21:00:00Z,2026-05-19T22:00:00Z,Usage,,Lambda function duration,Usage-Based,24.86262082014219,24.86262082014219,24.86262082014219,24.86262082014219,0.0000166667,0.0000166667,Standard,1491754.2657,GB-Seconds,USD,0.0000166667,24.86262082014219,0.0000166667,USD,1491754.2657,GB-Seconds,AWSLambda,Compute,Serverless Compute,SKU-10b7f1c880ad0bc78efd30e2,Compute,SPRICE-a9f6b13fa92ac1d53f2f387c,"{""x_Runtime"":""python3.12"",""x_Architecture"":""arm64""}",arn:aws:lambda:ap-southeast-1:200000000011:function/fn-791583d8b4e7,fn-791583d8b4e7,Lambda Function,ap-southeast-1,Asia Pacific (Singapore),,,,,,,,,,,,,,,,,"{""Environment"":""dev"",""CostCenter"":""cc-1042"",""Owner"":""team-data""}"
AWS,AWS,AWS,AWS,AWS,INV-2026-05-0001,100000000001,ExampleCorp Master Payer,Payer Account,200000000012,staging-platform,Linked Account,2026-05-01T00:00:00Z,2026-06-01T00:00:00Z,2026-05-07T00:00:00Z,2026-05-08T00:00:00Z,Usage,,Glue ETL job run,Usage-Based,15.601828,15.601828,15.601828,15.601828,0.4400000000,0.4400000000,Standard,35.4587,DPU-Hours,USD,0.4400000000,15.601828,0.4400000000,USD,35.4587,DPU-Hours,AWSGlue,Analytics,Data Processing,SKU-8cd75c3064ca6c4c85c43ce6,Data Processing,SPRICE-31964d215aa8bccf440b844b,"{""x_WorkerType"":""G.1X""}",arn:aws:glue:eu-west-1:200000000012:job/job-6af4d81b868e,job-6af4d81b868e,Glue Job,eu-west-1,EU (Ireland),,,,,,,,,,,,,,,,,"{""Environment"":""prod"",""CostCenter"":""cc-1042"",""Owner"":""team-payments""}"
AWS,AWS,AWS,AWS,AWS,INV-2026-05-0002,100000000002,ExampleCorp Secondary Payer,Payer Account,200000000013,data-analytics,Linked Account,2026-05-01T00:00:00Z,2026-06-01T00:00:00Z,2026-05-19T23:00:00Z,2026-05-20T00:00:00Z,Usage,,RDS PostgreSQL db.r6g.large,Usage-Based,0.216,0.216,0.24,0.216,0.2400000000,0.2160000000,Standard,1.0000,Hours,EUR,0.1987200000,0.19872,0.2208000000,USD,1.0000,Hours,AmazonRDS,Databases,Relational Databases,SKU-59cf7266a13e6ea4d00d0143,Database,SPRICE-c454e751f0ee8b49ad68ea81,"{""InstanceType"":""db.r6g.large"",""InstanceSeries"":""R6g"",""CoreCount"":2,""MemorySize"":16,""x_Engine"":""PostgreSQL""}",arn:aws:rds:ap-southeast-1:200000000013:db/db-2ef40e5a44ad,db-2ef40e5a44ad,RDS Instance,ap-southeast-1,Asia Pacific (Singapore),,,,,,,,,"{""Elements"":[{""ContractId"":""CONTRACT-EA-2026-0001"",""ContractCommitmentId"":""CC-EA-SPEND-0001"",""ContractCommitmentAppliedCost"":0.21600000000000}]}",,,,,,,,"{""Environment"":""dev"",""CostCenter"":""cc-1042"",""Owner"":""team-data""}"
AWS,AWS,AWS,AWS,AWS,INV-2026-05-0002,100000000002,ExampleCorp Secondary Payer,Payer Account,200000000014,sandbox-dev,Linked Account,2026-05-01T00:00:00Z,2026-06-01T00:00:00Z,2026-05-20T00:00:00Z,2026-05-20T01:00:00Z,Usage,,Shared EC2 host cost allocated to workload,Usage-Based,0.0049632,0.0049632,0.0049632,0.0049632,0.0960000000,0.0960000000,Standard,0.0517,Hours,USD,0.0960000000,0.0049632,0.0960000000,USD,0.0517,Hours,AmazonEC2,Compute,Virtual Machines,SKU-ca9c2ba97f0b30fb137ef130,Compute,SPRICE-d7f4030fc2a8b65799f6b437,"{""InstanceType"":""m6i.large"",""InstanceSeries"":""M6i"",""CoreCount"":2,""MemorySize"":8,""OperatingSystem"":""Linux"",""x_Tenancy"":""Shared""}",arn:aws:ec2:eu-west-1:200000000014:instance/shared-host-55169ddc,shared-host-55169ddc,EC2 Instance,eu-west-1,EU (Ireland),eu-west-1a,,,,,,,,,,,split-weighted,"{""Elements"":[{""AllocatedRatio"":1,""UsageUnit"":""Hours"",""UsageQuantity"":0.0517,""x_Strategy"":""Weighted"",""x_Basis"":""MemoryBytes""}]}",arn:aws:eks:eu-west-1:200000000014:workload/checkout-7c81f3,workload-checkout,"{""workload"":""checkout"",""CostCenter"":""cc-3110""}","{""Environment"":""staging"",""CostCenter"":""cc-3110"",""Owner"":""team-platform""}"
AWS,AWS,AWS,AWS,AWS,INV-2026-05-0002,100000000002,ExampleCorp Secondary Payer,Payer Account,200000000011,prod-platform,Linked Account,2026-05-01T00:00:00Z,2026-06-01T00:00:00Z,2026-05-20T01:00:00Z,2026-05-20T02:00:00Z,Usage,,RDS PostgreSQL db.r6g.large,Usage-Based,0.24,0.24,0.24,0.24,0.2400000000,0.2400000000,Standard,1.0000,Hours,USD,0.2400000000,0.24,0.2400000000,USD,1.0000,Hours,AmazonRDS,Databases,Relational Databases,SKU-7a3ac49181ed25cc4a81dc35,Database,SPRICE-7a34752a4c02e0761e1464be,"{""InstanceType"":""db.r6g.large"",""InstanceSeries"":""R6g"",""CoreCount"":2,""MemorySize"":16,""x_Engine"":""PostgreSQL""}",arn:aws:rds:eu-west-1:200000000011:db/db-6ce065d20de0,db-6ce065d20de0,RDS Instance,eu-west-1,EU (Ireland),,,,,,,,,,,,,,,,,"{""Environment"":""staging"",""CostCenter"":""cc-3110"",""Owner"":""team-data""}"
AWS,AWS,AWS,AWS,AWS,INV-2026-05-0002,100000000002,ExampleCorp Secondary Payer,Payer Account,200000000014,sandbox-dev,Linked Account,2026-05-01T00:00:00Z,2026-06-01T00:00:00Z,2026-05-11T00:00:00Z,2026-05-12T00:00:00Z,Purchase,,AmazonEC2 subscription fee,Recurring,596.74,596.74,596.74,596.74,596.74,596.74,Standard,1,Units,USD,596.7400000000,596.74,596.7400000000,USD,,,AmazonEC2,Compute,Virtual Machines,SKU-d628ef34dd76e494858ef744,Subscription,SPRICE-be085248bbc4792303298e2e,"{""x_ChargeType"": ""SubscriptionFee""}",arn:aws:ec2:eu-west-1:200000000014:instance/i-17d05ce8f1a8,i-17d05ce8f1a8,EC2 Instance,eu-west-1,EU (Ireland),,,,,,,,,,,,,,,,,"{""Environment"":""staging"",""CostCenter"":""cc-3110"",""Owner"":""team-platform""}"
AWS,AWS,AWS,AWS,AWS,INV-2026-05-0002,100000000002,ExampleCorp Secondary Payer,Payer Account,200000000011,prod-platform,Linked Account,2026-05-01T00:00:00Z,2026-06-01T00:00:00Z,2026-05-20T03:00:00Z,2026-05-20T04:00:00Z,Usage,,RDS PostgreSQL db.r6g.large,Usage-Based,0.24,0.24,0.24,0.24,0.2400000000,0.2400000000,Standard,1.0000,Hours,EUR,0.2208000000,0.2208,0.2208000000,USD,1.0000,Hours,AmazonRDS,Databases,Relational Databases,SKU-89bc59af83de149a442b21d0,Database,SPRICE-576719760db10b3f340bbf3b,"{""InstanceType"":""db.r6g.large"",""InstanceSeries"":""R6g"",""CoreCount"":2,""MemorySize"":16,""x_Engine"":""PostgreSQL""}",arn:aws:rds:us-east-1:200000000011:db/db-c812233e944f,db-c812233e944f,RDS Instance,us-east-1,US East (N. Virginia),,,,,,,,,,,,,,,,,"{""Environment"":""prod"",""CostCenter"":""cc-1042"",""Owner"":""team-data""}"
AWS,AWS,AWS,AWS,AWS,INV-2026-05-0001,100000000001,ExampleCorp Master Payer,Payer Account,200000000013,data-analytics,Linked Account,2026-05-01T00:00:00Z,2026-06-01T00:00:00Z,2026-05-13T00:00:00Z,2026-05-14T00:00:00Z,Usage,,NAT gateway data processed,Usage-Based,0.8250165,0.8250165,0.8250165,0.8250165,0.0450000000,0.0450000000,Standard,18.3337,GB,EUR,0.0414000000,0.75901518,0.0414000000,USD,18.3337,GB,AmazonVPC,Networking,Network Connectivity,SKU-935abd9125f7268b4f0eb1ad,Data Transfer,SPRICE-3e32128e943204700280bcac,"{""x_TransferType"":""InterAZ""}",arn:aws:ec2:us-east-1:200000000013:natgateway/nat-8d850cc44c0b,nat-8d850cc44c0b,NAT Gateway,us-east-1,US East (N. Virginia),,,,,,,,,,,,,,,,,"{""Environment"":""dev"",""CostCenter"":""cc-1042"",""Owner"":""team-platform""}"
AWS,AWS,AWS,AWS,AWS,INV-2026-05-0002,100000000002,ExampleCorp Secondary Payer,Payer Account,200000000013,data-analytics,Linked Account,2026-05-01T00:00:00Z,2026-06-01T00:00:00Z,2026-05-08T00:00:00Z,2026-05-09T00:00:00Z,Tax,,Synthetic tax 10% on usage record 148: AmazonVPC,One-Time,0.2526435,0.2526435,0.2526435,0.2526435,,,,,,USD,,0.2526435,,USD,,,AmazonVPC,Networking,Network Connectivity,,,,,,,,,,,,,,,,,,,,,,,,,,"{""Environment"":""prod"",""CostCenter"":""cc-1042"",""Owner"":""team-data""}"
AWS,AWS,AWS,AWS,AWS,INV-2026-05-0002,100000000002,ExampleCorp Secondary Payer,Payer Account,200000000011,prod-platform,Linked Account,2026-05-01T00:00:00Z,2026-06-01T00:00:00Z,2026-05-15T00:00:00Z,2026-05-16T00:00:00Z,Usage,,NAT gateway data processed,Usage-Based,0.685989,0.685989,0.76221,0.685989,0.0450000000,0.0405000000,Standard,16.9380,GB,USD,0.0405000000,0.685989,0.0450000000,USD,16.9380,GB,AmazonVPC,Networking,Network Connectivity,SKU-38ae1a660e2cadb9d64ca8e5,Data Transfer,SPRICE-974405df44bbf0808ce048b9,"{""x_TransferType"":""InterAZ""}",arn:aws:ec2:us-west-2:200000000011:natgateway/nat-49a5fe2f6045,nat-49a5fe2f6045,NAT Gateway,us-west-2,US West (Oregon),,,,,,,,,"{""Elements"":[{""ContractId"":""CONTRACT-EA-2026-0001"",""ContractCommitmentId"":""CC-EA-SPEND-0001"",""ContractCommitmentAppliedCost"":0.68598900000000}]}",,,,,,,,"{""Environment"":""staging"",""CostCenter"":""cc-2087"",""Owner"":""team-platform""}"
AWS,AWS,AWS,AWS,AWS,INV-2026-05-0001,100000000001,ExampleCorp Master Payer,Payer Account,200000000012,staging-platform,Linked Account,2026-05-01T00:00:00Z,2026-06-01T00:00:00Z,2026-05-16T00:00:00Z,2026-05-17T00:00:00Z,Usage,,NAT gateway data processed,Usage-Based,8.44092,8.44092,8.44092,8.44092,0.0450000000,0.0450000000,Standard,187.5760,GB,USD,0.0450000000,8.44092,0.0450000000,USD,187.5760,GB,AmazonVPC,Networking,Network Connectivity,SKU-935abd9125f7268b4f0eb1ad,Data Transfer,SPRICE-130c94d71c797814c8e72b46,"{""x_TransferType"":""InterAZ""}",arn:aws:ec2:us-east-1:200000000012:natgateway/nat-18d3155e5e80,nat-18d3155e5e80,NAT Gateway,us-east-1,US East (N. Virginia),,,,,,,,,,,,,,,,,"{""Environment"":""staging"",""CostCenter"":""cc-1042"",""Owner"":""team-platform""}"
AWS,AWS,AWS,AWS,AWS,INV-2026-05-0001,100000000001,ExampleCorp Master Payer,Payer Account,200000000011,prod-platform,Linked Account,2026-05-01T00:00:00Z,2026-06-01T00:00:00Z,2026-05-17T00:00:00Z,2026-05-18T00:00:00Z,Usage,,DynamoDB on-demand write requests,Usage-Based,4.22170141325,4.22170141325,4.22170141325,4.22170141325,0.0000012500,0.0000012500,Standard,3377361.1306,Requests,USD,0.0000012500,4.22170141325,0.0000012500,USD,3377361.1306,Requests,AmazonDynamoDB,Databases,NoSQL Databases,SKU-ed668466fc7fc7bc80c6b1e8,Database,SPRICE-c01526413ebdb215913eebd3,"{""x_CapacityMode"":""On-Demand""}",arn:aws:dynamodb:ap-southeast-1:200000000011:table/table-2bbb5693239c,table-2bbb5693239c,DynamoDB Table,ap-southeast-1,Asia Pacific (Singapore),,,,,,,,,,,,,,,,,"{""Environment"":""dev"",""CostCenter"":""cc-3110"",""Owner"":""team-platform""}"
AWS,AWS,AWS,AWS,AWS,INV-2026-05-0001,100000000001,ExampleCorp Master Payer,Payer Account,200000000012,staging-platform,Linked Account,2026-05-01T00:00:00Z,2026-06-01T00:00:00Z,2026-05-18T00:00:00Z,2026-05-19T00:00:00Z,Usage,,NAT gateway data processed,Usage-Based,11.6698482,11.6698482,12.966498,11.6698482,0.0450000000,0.0405000000,Standard,288.1444,GB,USD,0.0405000000,11.6698482,0.0450000000,USD,288.1444,GB,AmazonVPC,Networking,Network Connectivity,SKU-3d9b08c72ec44814e0bd4e25,Data Transfer,SPRICE-5df2ff31768360bf23008ec4,"{""x_TransferType"":""InterAZ""}",arn:aws:ec2:eu-west-1:200000000012:natgateway/nat-dd5c385870a9,nat-dd5c385870a9,NAT Gateway,eu-west-1,EU (Ireland),,,,,,,,,"{""Elements"":[{""ContractId"":""CONTRACT-EA-2026-0001"",""ContractCommitmentId"":""CC-EA-SPEND-0001"",""ContractCommitmentAppliedCost"":11.66984820000000}]}",,,,,,,,"{""Environment"":""dev"",""CostCenter"":""cc-2087"",""Owner"":""team-data""}"
AWS,AWS,AWS,AWS,AWS,INV-2026-05-0001,100000000001,ExampleCorp Master Payer,Payer Account,200000000011,prod-platform,Linked Account,2026-05-01T00:00:00Z,2026-06-01T00:00:00Z,2026-05-19T00:00:00Z,2026-05-20T00:00:00Z,Purchase,,AmazonDynamoDB subscription fee,Recurring,766.94,766.94,766.94,766.94,766.94,766.94,Standard,1,Units,USD,766.9400000000,766.94,766.9400000000,USD,,,AmazonDynamoDB,Databases,NoSQL Databases,SKU-125214544252bff5303e082f,Subscription,SPRICE-fc9426d640ba10313ec79963,"{""x_ChargeType"": ""SubscriptionFee""}",arn:aws:dynamodb:eu-west-1:200000000011:table/table-c96a072e2936,table-c96a072e2936,DynamoDB Table,eu-west-1,EU (Ireland),,,,,,,,,,,,,,,,,"{""Environment"":""staging"",""CostCenter"":""cc-3110"",""Owner"":""team-data""}"
AWS,AWS,AWS,AWS,AWS,INV-2026-05-0002,100000000002,ExampleCorp Secondary Payer,Payer Account,200000000013,data-analytics,Linked Account,2026-05-01T00:00:00Z,2026-06-01T00:00:00Z,2026-05-20T11:00:00Z,2026-05-20T12:00:00Z,Usage,,Lambda function duration,Usage-Based,46.28832468646422,46.28832468646422,46.28832468646422,46.28832468646422,0.0000166667,0.0000166667,Standard,2777293.9266,GB-Seconds,USD,0.0000166667,46.28832468646422,0.0000166667,USD,2777293.9266,GB-Seconds,AWSLambda,Compute,Serverless Compute,SKU-10b7f1c880ad0bc78efd30e2,Compute,SPRICE-a9f6b13fa92ac1d53f2f387c,"{""x_Runtime"":""python3.12"",""x_Architecture"":""arm64""}",arn:aws:lambda:ap-southeast-1:200000000013:function/fn-ed700480f2a0,fn-ed700480f2a0,Lambda Function,ap-southeast-1,Asia Pacific (Singapore),,,,,,,,,,,,,,,,,"{""Environment"":""dev"",""CostCenter"":""cc-2087"",""Owner"":""team-platform""}"
AWS,AWS,AWS,AWS,AWS,INV-2026-05-0002,100000000002,ExampleCorp Secondary Payer,Payer Account,200000000013,data-analytics,Linked Account,2026-05-01T00:00:00Z,2026-06-01T00:00:00Z,2026-05-20T12:00:00Z,2026-05-20T13:00:00Z,Usage,,Shared EC2 host cost allocated to workload,Usage-Based,0.0087648,0.0087648,0.0087648,0.0087648,0.0960000000,0.0960000000,Standard,0.0913,Hours,USD,0.0960000000,0.0087648,0.0960000000,USD,0.0913,Hours,AmazonEC2,Compute,Virtual Machines,SKU-e0e295f006e6a0732dd5f77b,Compute,SPRICE-98f5ebeb1125d6e984c27bb1,"{""InstanceType"":""m6i.large"",""InstanceSeries"":""M6i"",""CoreCount"":2,""MemorySize"":8,""OperatingSystem"":""Linux"",""x_Tenancy"":""Shared""}",arn:aws:ec2:us-west-2:200000000013:instance/shared-host-bb06cab4,shared-host-bb06cab4,EC2 Instance,us-west-2,US West (Oregon),us-west-2b,,,,,,,,,,,split-even,"{""Elements"":[{""AllocatedRatio"":1,""UsageUnit"":""Hours"",""UsageQuantity"":0.0913,""x_Strategy"":""Even"",""x_Basis"":""Workloads""}]}",arn:aws:eks:us-west-2:200000000013:workload/search-4a0bac,workload-search,"{""workload"":""search"",""CostCenter"":""cc-2087""}","{""Environment"":""staging"",""CostCenter"":""cc-1042"",""Owner"":""team-platform""}"
AWS,AWS,AWS,AWS,AWS,INV-2026-05-0002,100000000002,ExampleCorp Secondary Payer,Payer Account,200000000011,prod-platform,Linked Account,2026-05-01T00:00:00Z,2026-06-01T00:00:00Z,2026-05-18T12:00:00Z,2026-05-18T13:00:00Z,Tax,,Synthetic tax 10% on usage record 421: AmazonRDS,One-Time,0.024,0.024,0.024,0.024,,,,,,USD,,0.024,,USD,,,AmazonRDS,Databases,Relational Databases,,,,,,,,,,,,,,,,,,,,,,,,,,"{""Environment"":""prod"",""CostCenter"":""cc-3110"",""Owner"":""team-payments""}"
AWS,AWS,AWS,AWS,AWS,INV-2026-05-0002,100000000002,ExampleCorp Secondary Payer,Payer Account,200000000011,prod-platform,Linked Account,2026-05-01T00:00:00Z,2026-06-01T00:00:00Z,2026-05-20T14:00:00Z,2026-05-20T15:00:00Z,Usage,,Shared EC2 host cost allocated to workload,Usage-Based,0.0189696,0.0189696,0.0189696,0.0189696,0.0960000000,0.0960000000,Standard,0.1976,Hours,USD,0.0960000000,0.0189696,0.0960000000,USD,0.1976,Hours,AmazonEC2,Compute,Virtual Machines,SKU-ca9c2ba97f0b30fb137ef130,Compute,SPRICE-d7f4030fc2a8b65799f6b437,"{""InstanceType"":""m6i.large"",""InstanceSeries"":""M6i"",""CoreCount"":2,""MemorySize"":8,""OperatingSystem"":""Linux"",""x_Tenancy"":""Shared""}",arn:aws:ec2:eu-west-1:200000000011:instance/shared-host-84f451dc,shared-host-84f451dc,EC2 Instance,eu-west-1,EU (Ireland),eu-west-1b,,,,,,,,,,,split-weighted,"{""Elements"":[{""AllocatedRatio"":1,""UsageUnit"":""Hours"",""UsageQuantity"":0.1976,""x_Strategy"":""Weighted"",""x_Basis"":""MemoryBytes""}]}",arn:aws:eks:eu-west-1:200000000011:workload/analytics-ab4aef,workload-analytics,"{""workload"":""analytics"",""CostCenter"":""cc-3110""}","{""Environment"":""staging"",""CostCenter"":""cc-2087"",""Owner"":""team-data""}"
AWS,AWS,AWS,AWS,AWS,INV-2026-05-0001,100000000001,ExampleCorp Master Payer,Payer Account,200000000011,prod-platform,Linked Account,2026-05-01T00:00:00Z,2026-06-01T00:00:00Z,2026-05-20T15:00:00Z,2026-05-20T16:00:00Z,Usage,,Shared EC2 host cost allocated to workload,Usage-Based,0.0345888,0.0345888,0.0345888,0.0345888,0.0960000000,0.0960000000,Standard,0.3603,Hours,USD,0.0960000000,0.0345888,0.0960000000,USD,0.3603,Hours,AmazonEC2,Compute,Virtual Machines,SKU-093c0d7a3a0491f8523e34c8,Compute,SPRICE-bab283475cbbabd222878e74,"{""InstanceType"":""m6i.large"",""InstanceSeries"":""M6i"",""CoreCount"":2,""MemorySize"":8,""OperatingSystem"":""Linux"",""x_Tenancy"":""Shared""}",arn:aws:ec2:ap-southeast-1:200000000011:instance/shared-host-d6a4b01b,shared-host-d6a4b01b,EC2 Instance,ap-southeast-1,Asia Pacific (Singapore),ap-southeast-1a,,,,,,,,,,,split-weighted,"{""Elements"":[{""AllocatedRatio"":1,""UsageUnit"":""Hours"",""UsageQuantity"":0.3603,""x_Strategy"":""Weighted"",""x_Basis"":""MemoryBytes""}]}",arn:aws:eks:ap-southeast-1:200000000011:workload/checkout-f9ea1f,workload-checkout,"{""workload"":""checkout"",""CostCenter"":""cc-2087""}","{""Environment"":""dev"",""CostCenter"":""cc-2087"",""Owner"":""team-platform""}"
AWS,AWS,AWS,AWS,AWS,INV-2026-05-0001,100000000001,ExampleCorp Master Payer,Payer Account,200000000012,staging-platform,Linked Account,2026-05-01T00:00:00Z,2026-06-01T00:00:00Z,2026-05-25T00:00:00Z,2026-05-26T00:00:00Z,Purchase,,AWSGlue subscription fee,Recurring,444.66,444.66,444.66,444.66,444.66,444.66,Standard,1,Units,USD,444.6600000000,444.66,444.6600000000,USD,,,AWSGlue,Analytics,Data Processing,SKU-67a20b1e9c6c8676f414f442,Subscription,SPRICE-269ca032e815bc6412571d75,"{""x_ChargeType"": ""SubscriptionFee""}",arn:aws:glue:eu-west-1:200000000012:job/job-c4efeb516dbb,job-c4efeb516dbb,Glue Job,eu-west-1,EU (Ireland),,,,,,,,,,,,,,,,,"{""Environment"":""prod"",""CostCenter"":""cc-1042"",""Owner"":""team-data""}"
AWS,AWS,AWS,AWS,AWS,INV-2026-05-0002,100000000002,ExampleCorp Secondary Payer,Payer Account,200000000011,prod-platform,Linked Account,2026-05-01T00:00:00Z,2026-06-01T00:00:00Z,2026-05-20T17:00:00Z,2026-05-20T18:00:00Z,Usage,,Shared EC2 host cost allocated to workload,Usage-Based,0.094464,0.094464,0.094464,0.094464,0.0960000000,0.0960000000,Standard,0.9840,Hours,USD,0.0960000000,0.094464,0.0960000000,USD,0.9840,Hours,AmazonEC2,Compute,Virtual Machines,SKU-736a4dd80178572d8370293d,Compute,SPRICE-c862323f09b487c42efb1c6b,"{""InstanceType"":""m6i.large"",""InstanceSeries"":""M6i"",""CoreCount"":2,""MemorySize"":8,""OperatingSystem"":""Linux"",""x_Tenancy"":""Shared""}",arn:aws:ec2:us-east-1:200000000011:instance/shared-host-949a8f72,shared-host-949a8f72,EC2 Instance,us-east-1,US East (N. Virginia),us-east-1b,,,,,,,,,,,split-proportional,"{""Elements"":[{""AllocatedRatio"":1,""UsageUnit"":""Hours"",""UsageQuantity"":0.9840,""x_Strategy"":""Proportional"",""x_Basis"":""vCPUSeconds""}]}",arn:aws:eks:us-east-1:200000000011:workload/analytics-fb6ea9,workload-analytics,"{""workload"":""analytics"",""CostCenter"":""cc-2087""}","{""Environment"":""prod"",""CostCenter"":""cc-1042"",""Owner"":""team-data""}"
AWS,AWS,AWS,AWS,AWS,INV-2026-05-0002,100000000002,ExampleCorp Secondary Payer,Payer Account,200000000014,sandbox-dev,Linked Account,2026-05-01T00:00:00Z,2026-06-01T00:00:00Z,2026-05-20T18:00:00Z,2026-05-20T19:00:00Z,Usage,,Shared EC2 host cost allocated to workload,Usage-Based,0.0223968,0.0223968,0.0223968,0.0223968,0.0960000000,0.0960000000,Standard,0.2333,Hours,USD,0.0960000000,0.0223968,0.0960000000,USD,0.2333,Hours,AmazonEC2,Compute,Virtual Machines,SKU-e0e295f006e6a0732dd5f77b,Compute,SPRICE-98f5ebeb1125d6e984c27bb1,"{""InstanceType"":""m6i.large"",""InstanceSeries"":""M6i"",""CoreCount"":2,""MemorySize"":8,""OperatingSystem"":""Linux"",""x_Tenancy"":""Shared""}",arn:aws:ec2:us-west-2:200000000014:instance/shared-host-90bfd8c5,shared-host-90bfd8c5,EC2 Instance,us-west-2,US West (Oregon),us-west-2a,,,,,,,,,,,split-proportional,"{""Elements"":[{""AllocatedRatio"":1,""UsageUnit"":""Hours"",""UsageQuantity"":0.2333,""x_Strategy"":""Proportional"",""x_Basis"":""vCPUSeconds""}]}",arn:aws:eks:us-west-2:200000000014:workload/ingestion-97611c,workload-ingestion,"{""workload"":""ingestion"",""CostCenter"":""cc-2087""}","{""Environment"":""staging"",""CostCenter"":""cc-1042"",""Owner"":""team-data""}"
AWS,AWS,AWS,AWS,AWS,INV-2026-05-0002,100000000002,ExampleCorp Secondary Payer,Payer Account,200000000014,sandbox-dev,Linked Account,2026-05-01T00:00:00Z,2026-06-01T00:00:00Z,2026-05-20T19:00:00Z,2026-05-20T20:00:00Z,Usage,,Lambda function duration,Usage-Based,81.84648278930486,81.84648278930486,81.84648278930486,81.84648278930486,0.0000166667,0.0000166667,Standard,4910779.1458,GB-Seconds,USD,0.0000166667,81.84648278930486,0.0000166667,USD,4910779.1458,GB-Seconds,AWSLambda,Compute,Serverless Compute,SKU-10b7f1c880ad0bc78efd30e2,Compute,SPRICE-a9f6b13fa92ac1d53f2f387c,"{""x_Runtime"":""python3.12"",""x_Architecture"":""arm64""}",arn:aws:lambda:ap-southeast-1:200000000014:function/fn-11501b7c8f12,fn-11501b7c8f12,Lambda Function,ap-southeast-1,Asia Pacific (Singapore),,,,,,,,,,,,,,,,,"{""Environment"":""staging"",""CostCenter"":""cc-1042"",""Owner"":""team-data""}"
AWS,AWS,AWS,AWS,AWS,INV-2026-05-0002,100000000002,ExampleCorp Secondary Payer,Payer Account,200000000012,staging-platform,Linked Account,2026-05-01T00:00:00Z,2026-06-01T00:00:00Z,2026-05-20T20:00:00Z,2026-05-20T21:00:00Z,Usage,,Shared EC2 host cost allocated to workload,Usage-Based,0.0500832,0.0500832,0.0500832,0.0500832,0.0960000000,0.0960000000,Standard,0.5217,Hours,USD,0.0960000000,0.0500832,0.0960000000,USD,0.5217,Hours,AmazonEC2,Compute,Virtual Machines,SKU-736a4dd80178572d8370293d,Compute,SPRICE-c862323f09b487c42efb1c6b,"{""InstanceType"":""m6i.large"",""InstanceSeries"":""M6i"",""CoreCount"":2,""MemorySize"":8,""OperatingSystem"":""Linux"",""x_Tenancy"":""Shared""}",arn:aws:ec2:us-east-1:200000000012:instance/shared-host-d40952d8,shared-host-d40952d8,EC2 Instance,us-east-1,US East (N. Virginia),us-east-1a,,,,,,,,,,,split-weighted,"{""Elements"":[{""AllocatedRatio"":1,""UsageUnit"":""Hours"",""UsageQuantity"":0.5217,""x_Strategy"":""Weighted"",""x_Basis"":""MemoryBytes""}]}",arn:aws:eks:us-east-1:200000000012:workload/analytics-419552,workload-analytics,"{""workload"":""analytics"",""CostCenter"":""cc-3110""}","{""Environment"":""dev"",""CostCenter"":""cc-2087"",""Owner"":""team-data""}"
AWS,AWS,AWS,AWS,AWS,INV-2026-05-0002,100000000002,ExampleCorp Secondary Payer,Payer Account,200000000012,staging-platform,Linked Account,2026-05-01T00:00:00Z,2026-06-01T00:00:00Z,2026-05-16T00:00:00Z,2026-05-17T00:00:00Z,Tax,,Synthetic tax 10% on usage record 44: AmazonVPC,One-Time,0.86049135,0.86049135,0.86049135,0.86049135,,,,,,USD,,0.86049135,,USD,,,AmazonVPC,Networking,Network Connectivity,,,,,,,,,,,,,,,,,,,,,,,,,,"{""Environment"":""staging"",""CostCenter"":""cc-3110"",""Owner"":""team-payments""}"
AWS,AWS,AWS,AWS,AWS,INV-2026-05-0001,100000000001,ExampleCorp Master Payer,Payer Account,200000000014,sandbox-dev,Linked Account,2026-05-01T00:00:00Z,2026-06-01T00:00:00Z,2026-05-20T22:00:00Z,2026-05-20T23:00:00Z,Usage,,Lambda function duration,Usage-Based,77.9557176944569,77.9557176944569,77.9557176944569,77.9557176944569,0.0000166667,0.0000166667,Standard,4677333.7070,GB-Seconds,USD,0.0000166667,77.9557176944569,0.0000166667,USD,4677333.7070,GB-Seconds,AWSLambda,Compute,Serverless Compute,SKU-67dc4ce0843e58b6125cbdce,Compute,SPRICE-227d5491bbfb36c4f69bea63,"{""x_Runtime"":""python3.12"",""x_Architecture"":""arm64""}",arn:aws:lambda:us-east-1:200000000014:function/fn-3641ecd6d0df,fn-3641ecd6d0df,Lambda Function,us-east-1,US East (N. Virginia),,,,,,,,,,,,,,,,,"{""Environment"":""prod"",""CostCenter"":""cc-3110"",""Owner"":""team-platform""}"
AWS,AWS,AWS,AWS,AWS,INV-2026-05-0002,100000000002,ExampleCorp Secondary Payer,Payer Account,200000000013,data-analytics,Linked Account,2026-05-01T00:00:00Z,2026-06-01T00:00:00Z,2026-05-20T23:00:00Z,2026-05-21T00:00:00Z,Usage,,Linux on-demand m6i.large,Usage-Based,0.0864,0.0864,0.096,0.0864,0.0960000000,0.0864000000,Standard,1.0000,Hours,USD,0.0864000000,0.0864,0.0960000000,USD,1.0000,Hours,AmazonEC2,Compute,Virtual Machines,SKU-ca9c2ba97f0b30fb137ef130,Compute,SPRICE-d7f4030fc2a8b65799f6b437,"{""InstanceType"":""m6i.large"",""InstanceSeries"":""M6i"",""CoreCount"":2,""MemorySize"":8,""OperatingSystem"":""Linux"",""x_Tenancy"":""Shared""}",arn:aws:ec2:eu-west-1:200000000013:instance/i-bc64238df3f7,i-bc64238df3f7,EC2 Instance,eu-west-1,EU (Ireland),eu-west-1b,,,,,,,,"{""Elements"":[{""ContractId"":""CONTRACT-EA-2026-0001"",""ContractCommitmentId"":""CC-EA-COMPUTE-0003"",""ContractCommitmentAppliedCost"":0.08640000000000,""ContractCommitmentAppliedQuantity"":1.0000,""ContractCommitmentAppliedUnit"":""Hours""}]}",,,,,,,,"{""Environment"":""dev"",""CostCenter"":""cc-3110"",""Owner"":""team-platform""}"
AWS,AWS,AWS,AWS,AWS,INV-2026-05-0002,100000000002,ExampleCorp Secondary Payer,Payer Account,200000000012,staging-platform,Linked Account,2026-05-01T00:00:00Z,2026-06-01T00:00:00Z,2026-05-01T00:00:00Z,2026-06-01T00:00:00Z,Usage,,S3 Standard storage,Usage-Based,70.5454643,70.5454643,70.5454643,70.5454643,0.0230000000,0.0230000000,Standard,3067.1941,GB-Months,USD,0.0230000000,70.5454643,0.0230000000,USD,3067.1941,GB-Months,AmazonS3,Storage,Object Storage,SKU-ca447aa86bf44972e43c1f69,Storage,SPRICE-92e9b7d21ce3c83c68f72f47,"{""StorageClass"":""Standard"",""Redundancy"":""Zonal""}",arn:aws:s3:us-east-1:200000000012:bucket/bucket-c7b7bd7d4691,bucket-c7b7bd7d4691,S3 Bucket,us-east-1,US East (N. Virginia),,,,,,,,,,,,,,,,,"{""Environment"":""staging"",""CostCenter"":""cc-2087"",""Owner"":""team-payments""}"
AWS,AWS,AWS,AWS,AWS,INV-2026-05-0002,100000000002,ExampleCorp Secondary Payer,Payer Account,200000000012,staging-platform,Linked Account,2026-05-01T00:00:00Z,2026-06-01T00:00:00Z,2026-05-21T01:00:00Z,2026-05-21T02:00:00Z,Usage,,Shared EC2 host cost allocated to workload,Usage-Based,0.0418656,0.0418656,0.0418656,0.0418656,0.0960000000,0.0960000000,Standard,0.4361,Hours,USD,0.0960000000,0.0418656,0.0960000000,USD,0.4361,Hours,AmazonEC2,Compute,Virtual Machines,SKU-e0e295f006e6a0732dd5f77b,Compute,SPRICE-98f5ebeb1125d6e984c27bb1,"{""InstanceType"":""m6i.large"",""InstanceSeries"":""M6i"",""CoreCount"":2,""MemorySize"":8,""OperatingSystem"":""Linux"",""x_Tenancy"":""Shared""}",arn:aws:ec2:us-west-2:200000000012:instance/shared-host-dbc76fac,shared-host-dbc76fac,EC2 Instance,us-west-2,US West (Oregon),us-west-2a,,,,,,,,,,,split-weighted,"{""Elements"":[{""AllocatedRatio"":1,""UsageUnit"":""Hours"",""UsageQuantity"":0.4361,""x_Strategy"":""Weighted"",""x_Basis"":""MemoryBytes""}]}",arn:aws:eks:us-west-2:200000000012:workload/checkout-6c810b,workload-checkout,"{""workload"":""checkout"",""CostCenter"":""cc-2087""}","{""Environment"":""dev"",""CostCenter"":""cc-3110"",""Owner"":""team-platform""}"
AWS,AWS,AWS,AWS,AWS,INV-2026-05-0001,100000000001,ExampleCorp Master Payer,Payer Account,200000000014,sandbox-dev,Linked Account,2026-05-01T00:00:00Z,2026-06-01T00:00:00Z,2026-05-21T02:00:00Z,2026-05-21T03:00:00Z,Usage,,Linux on-demand m6i.large,Usage-Based,0.096,0.096,0.096,0.096,0.0960000000,0.0960000000,Standard,1.0000,Hours,USD,0.0960000000,0.096,0.0960000000,USD,1.0000,Hours,AmazonEC2,Compute,Virtual Machines,SKU-e0e295f006e6a0732dd5f77b,Compute,SPRICE-98f5ebeb1125d6e984c27bb1,"{""InstanceType"":""m6i.large"",""InstanceSeries"":""M6i"",""CoreCount"":2,""MemorySize"":8,""OperatingSystem"":""Linux"",""x_Tenancy"":""Shared""}",arn:aws:ec2:us-west-2:200000000014:instance/i-aba199d18763,i-aba199d18763,EC2 Instance,us-west-2,US West (Oregon),us-west-2a,,,,,,,,,,,,,,,,"{""Environment"":""dev"",""CostCenter"":""cc-1042"",""Owner"":""team-platform""}"
AWS,AWS,AWS,AWS,AWS,INV-2026-05-0001,100000000001,ExampleCorp Master Payer,Payer Account,200000000013,data-analytics,Linked Account,2026-05-01T00:00:00Z,2026-06-01T00:00:00Z,2026-05-21T03:00:00Z,2026-05-21T04:00:00Z,Usage,,Linux on-demand m6i.large,Usage-Based,0.096,0.096,0.096,0.096,0.0960000000,0.0960000000,Standard,1.0000,Hours,USD,0.0960000000,0.096,0.0960000000,USD,1.0000,Hours,AmazonEC2,Compute,Virtual Machines,SKU-e0e295f006e6a0732dd5f77b,Compute,SPRICE-98f5ebeb1125d6e984c27bb1,"{""InstanceType"":""m6i.large"",""InstanceSeries"":""M6i"",""CoreCount"":2,""MemorySize"":8,""OperatingSystem"":""Linux"",""x_Tenancy"":""Shared""}",arn:aws:ec2:us-west-2:200000000013:instance/i-b44153480393,i-b44153480393,EC2 Instance,us-west-2,US West (Oregon),us-west-2a,,,,,,,,,,,,,,,,"{""Environment"":""dev"",""CostCenter"":""cc-1042"",""Owner"":""team-payments""}"
AWS,AWS,AWS,AWS,AWS,INV-2026-05-0001,100000000001,ExampleCorp Master Payer,Payer Account,200000000013,data-analytics,Linked Account,2026-05-01T00:00:00Z,2026-06-01T00:00:00Z,2026-05-09T00:00:00Z,2026-05-10T00:00:00Z,Purchase,,AmazonEC2 subscription fee,Recurring,767.22,767.22,767.22,767.22,767.22,767.22,Standard,1,Units,USD,767.2200000000,767.22,767.2200000000,USD,,,AmazonEC2,Compute,Virtual Machines,SKU-b0218c23eab8c01cfaf2f814,Subscription,SPRICE-a218b786199322998ed93cb2,"{""x_ChargeType"": ""SubscriptionFee""}",arn:aws:ec2:ap-southeast-1:200000000013:instance/i-efc7c08705e2,i-efc7c08705e2,EC2 Instance,ap-southeast-1,Asia Pacific (Singapore),,,,,,,,,,,,,,,,,"{""Environment"":""staging"",""CostCenter"":""cc-2087"",""Owner"":""team-payments""}"
AWS,AWS,AWS,AWS,AWS,INV-2026-05-0002,100000000002,ExampleCorp Secondary Payer,Payer Account,200000000013,data-analytics,Linked Account,2026-05-01T00:00:00Z,2026-06-01T00:00:00Z,2026-05-21T05:00:00Z,2026-05-21T06:00:00Z,Usage,,RDS PostgreSQL db.r6g.large,Usage-Based,0.24,0.24,0.24,0.24,0.2400000000,0.2400000000,Standard,1.0000,Hours,USD,0.2400000000,0.24,0.2400000000,USD,1.0000,Hours,AmazonRDS,Databases,Relational Databases,SKU-89bc59af83de149a442b21d0,Database,SPRICE-887d5388c52a801df4d42ba1,"{""InstanceType"":""db.r6g.large"",""InstanceSeries"":""R6g"",""CoreCount"":2,""MemorySize"":16,""x_Engine"":""PostgreSQL""}",arn:aws:rds:us-east-1:200000000013:db/db-87785efa3604,db-87785efa3604,RDS Instance,us-east-1,US East (N. Virginia),,,,,,,,,,,,,,,,,"{""Environment"":""dev"",""CostCenter"":""cc-2087"",""Owner"":""team-data""}"
AWS,AWS,AWS,AWS,AWS,INV-2026-05-0002,100000000002,ExampleCorp Secondary Payer,Payer Account,200000000011,prod-platform,Linked Account,2026-05-01T00:00:00Z,2026-06-01T00:00:00Z,2026-05-01T00:00:00Z,2026-06-01T00:00:00Z,Usage,,S3 Standard storage,Usage-Based,54.7503868,54.7503868,54.7503868,54.7503868,0.0230000000,0.0230000000,Standard,2380.4516,GB-Months,USD,0.0230000000,54.7503868,0.0230000000,USD,2380.4516,GB-Months,AmazonS3,Storage,Object Storage,SKU-e7cfcc3199bb16b2dd7b1493,Storage,SPRICE-5d75931c911c493aa2aa3d41,"{""StorageClass"":""Standard"",""Redundancy"":""Zonal""}",arn:aws:s3:ap-southeast-1:200000000011:bucket/bucket-db37e47a5b58,bucket-db37e47a5b58,S3 Bucket,ap-southeast-1,Asia Pacific (Singapore),,,,,,,,,,,,,,,,,"{""Environment"":""dev"",""CostCenter"":""cc-3110"",""Owner"":""team-data""}"
AWS,AWS,AWS,AWS,AWS,INV-2026-05-0001,100000000001,ExampleCorp Master Payer,Payer Account,200000000011,prod-platform,Linked Account,2026-05-01T00:00:00Z,2026-06-01T00:00:00Z,2026-05-12T00:00:00Z,2026-05-13T00:00:00Z,Usage,,DynamoDB on-demand write requests,Usage-Based,4.0001727018375,4.0001727018375,4.444636335375,4.0001727018375,0.0000012500,0.0000011250,Standard,3555709.0683,Requests,USD,0.0000011250,4.0001727018375,0.0000012500,USD,3555709.0683,Requests,AmazonDynamoDB,Databases,NoSQL Databases,SKU-687affd9645b52f0bac81a2c,Database,SPRICE-716c8854825bf7430db8e755,"{""x_CapacityMode"":""On-Demand""}",arn:aws:dynamodb:us-west-2:200000000011:table/table-19d1af2a5fc6,table-19d1af2a5fc6,DynamoDB Table,us-west-2,US West (Oregon),,,,,,,,,"{""Elements"":[{""ContractId"":""CONTRACT-EA-2026-0001"",""ContractCommitmentId"":""CC-EA-SPEND-0001"",""ContractCommitmentAppliedCost"":4.00017270183750}]}",,,,,,,,"{""Environment"":""staging"",""CostCenter"":""cc-2087"",""Owner"":""team-data""}"
AWS,AWS,AWS,AWS,AWS,INV-2026-05-0001,100000000001,ExampleCorp Master Payer,Payer Account,200000000013,data-analytics,Linked Account,2026-05-01T00:00:00Z,2026-06-01T00:00:00Z,2026-05-21T08:00:00Z,2026-05-21T09:00:00Z,Purchase,,"Reserved Instance commitment, amortised for the charge period",Recurring,32.016,0,32.016,32.016,0.0640320000,0.0640320000,Standard,500,Hours,USD,0.0640320000,0,0.0640320000,USD,,,AmazonEC2,Compute,Virtual Machines,SKU-75736a819098caf502bcad16,Commitment,SPRICE-6dcbfe5c8c0e088d96b30a50,"{""x_PurchaseTerm"":""1yr"",""x_PaymentOption"":""NoUpfront""}",arn:aws:ec2:eu-west-1::reservation/3118ca76fafdfb23,reservation-361347292a3c,Reserved Instance,eu-west-1,EU (Ireland),,arn:aws:ec2:eu-west-1::reservation/3118ca76fafdfb23,EC2ReservedInstance-1yr-NoUpfront,Usage,Reserved Instance,,500,Hours,,,,,,,,,"{""Environment"":""staging"",""CostCenter"":""cc-2087"",""Owner"":""team-data""}"
AWS,AWS,AWS,AWS,AWS,INV-2026-05-0001,100000000001,ExampleCorp Master Payer,Payer Account,200000000013,data-analytics,Linked Account,2026-05-01T00:00:00Z,2026-06-01T00:00:00Z,2026-05-21T08:00:00Z,2026-05-21T09:00:00Z,Usage,,AmazonEC2 committed usage of 500 machine-equivalents,Usage-Based,0,32.016,48,43.2,0.0960000000,0.0864000000,Committed,500,Hours,USD,0.0864000000,32.016,0.0960000000,USD,500,Hours,AmazonEC2,Compute,Virtual Machines,SKU-ca9c2ba97f0b30fb137ef130,Compute,SPRICE-d7f4030fc2a8b65799f6b437,"{""InstanceType"":""m6i.large"",""InstanceSeries"":""M6i"",""CoreCount"":2,""MemorySize"":8,""OperatingSystem"":""Linux"",""x_Tenancy"":""Shared""}",urn:focus-sample:aws:eu-west-1:200000000013:compute-fleet:fleet9503f51d05baa88f0a373c11,fleet9503f51d05baa88f0a373c11,Compute Fleet,eu-west-1,EU (Ireland),eu-west-1a,arn:aws:ec2:eu-west-1::reservation/3118ca76fafdfb23,EC2ReservedInstance-1yr-NoUpfront,Usage,Reserved Instance,Used,500,Hours,"{""Elements"":[{""ContractId"":""CONTRACT-CD-0003"",""ContractCommitmentId"":""arn:aws:ec2:eu-west-1::reservation/3118ca76fafdfb23"",""ContractCommitmentAppliedCost"":32.0160000000,""ContractCommitmentAppliedQuantity"":500,""ContractCommitmentAppliedUnit"":""Hours""}]}",,,,,,,,"{""Environment"":""dev"",""CostCenter"":""cc-1042"",""Owner"":""team-platform"",""SyntheticFleetSize"":""500""}"
AWS,AWS,AWS,AWS,AWS,INV-2026-05-0001,100000000001,ExampleCorp Master Payer,Payer Account,200000000013,data-analytics,Linked Account,2026-05-01T00:00:00Z,2026-06-01T00:00:00Z,2026-05-21T09:00:00Z,2026-05-21T10:00:00Z,Purchase,,"Reserved Instance commitment, amortised for the charge period",Recurring,32.016,0,32.016,32.016,0.0640320000,0.0640320000,Standard,500,Hours,USD,0.0640320000,0,0.0640320000,USD,,,AmazonEC2,Compute,Virtual Machines,SKU-75736a819098caf502bcad16,Commitment,SPRICE-6dcbfe5c8c0e088d96b30a50,"{""x_PurchaseTerm"":""1yr"",""x_PaymentOption"":""NoUpfront""}",arn:aws:ec2:eu-west-1::reservation/3118ca76fafdfb23,reservation-361347292a3c,Reserved Instance,eu-west-1,EU (Ireland),,arn:aws:ec2:eu-west-1::reservation/3118ca76fafdfb23,EC2ReservedInstance-1yr-NoUpfront,Usage,Reserved Instance,,500,Hours,,,,,,,,,"{""Environment"":""prod"",""CostCenter"":""cc-1042"",""Owner"":""team-payments""}"
AWS,AWS,AWS,AWS,AWS,INV-2026-05-0001,100000000001,ExampleCorp Master Payer,Payer Account,200000000013,data-analytics,Linked Account,2026-05-01T00:00:00Z,2026-06-01T00:00:00Z,2026-05-21T09:00:00Z,2026-05-21T10:00:00Z,Usage,,AmazonEC2 committed usage of 500 machine-equivalents,Usage-Based,0,32.016,48,43.2,0.0960000000,0.0864000000,Committed,500,Hours,USD,0.0864000000,32.016,0.0960000000,USD,500,Hours,AmazonEC2,Compute,Virtual Machines,SKU-ca9c2ba97f0b30fb137ef130,Compute,SPRICE-d7f4030fc2a8b65799f6b437,"{""InstanceType"":""m6i.large"",""InstanceSeries"":""M6i"",""CoreCount"":2,""MemorySize"":8,""OperatingSystem"":""Linux"",""x_Tenancy"":""Shared""}",urn:focus-sample:aws:eu-west-1:200000000013:compute-fleet:fleet9503f51d05baa88f0a373c11,fleet9503f51d05baa88f0a373c11,Compute Fleet,eu-west-1,EU (Ireland),eu-west-1a,arn:aws:ec2:eu-west-1::reservation/3118ca76fafdfb23,EC2ReservedInstance-1yr-NoUpfront,Usage,Reserved Instance,Used,500,Hours,"{""Elements"":[{""ContractId"":""CONTRACT-CD-0003"",""ContractCommitmentId"":""arn:aws:ec2:eu-west-1::reservation/3118ca76fafdfb23"",""ContractCommitmentAppliedCost"":32.0160000000,""ContractCommitmentAppliedQuantity"":500,""ContractCommitmentAppliedUnit"":""Hours""}]}",,,,,,,,"{""Environment"":""dev"",""CostCenter"":""cc-1042"",""Owner"":""team-platform"",""SyntheticFleetSize"":""500""}"
AWS,AWS,AWS,AWS,AWS,INV-2026-05-0001,100000000001,ExampleCorp Master Payer,Payer Account,200000000013,data-analytics,Linked Account,2026-05-01T00:00:00Z,2026-06-01T00:00:00Z,2026-05-21T10:00:00Z,2026-05-21T11:00:00Z,Purchase,,"Reserved Instance commitment, amortised for the charge period",Recurring,32.016,0,32.016,32.016,0.0640320000,0.0640320000,Standard,500,Hours,USD,0.0640320000,0,0.0640320000,USD,,,AmazonEC2,Compute,Virtual Machines,SKU-75736a819098caf502bcad16,Commitment,SPRICE-6dcbfe5c8c0e088d96b30a50,"{""x_PurchaseTerm"":""1yr"",""x_PaymentOption"":""NoUpfront""}",arn:aws:ec2:eu-west-1::reservation/3118ca76fafdfb23,reservation-361347292a3c,Reserved Instance,eu-west-1,EU (Ireland),,arn:aws:ec2:eu-west-1::reservation/3118ca76fafdfb23,EC2ReservedInstance-1yr-NoUpfront,Usage,Reserved Instance,,500,Hours,,,,,,,,,"{""Environment"":""dev"",""CostCenter"":""cc-2087"",""Owner"":""team-platform""}"
AWS,AWS,AWS,AWS,AWS,INV-2026-05-0001,100000000001,ExampleCorp Master Payer,Payer Account,200000000013,data-analytics,Linked Account,2026-05-01T00:00:00Z,2026-06-01T00:00:00Z,2026-05-21T10:00:00Z,2026-05-21T11:00:00Z,Usage,,AmazonEC2 committed usage of 500 machine-equivalents,Usage-Based,0,32.016,48,43.2,0.0960000000,0.0864000000,Committed,500,Hours,USD,0.0864000000,32.016,0.0960000000,USD,500,Hours,AmazonEC2,Compute,Virtual Machines,SKU-ca9c2ba97f0b30fb137ef130,Compute,SPRICE-d7f4030fc2a8b65799f6b437,"{""InstanceType"":""m6i.large"",""InstanceSeries"":""M6i"",""CoreCount"":2,""MemorySize"":8,""OperatingSystem"":""Linux"",""x_Tenancy"":""Shared""}",urn:focus-sample:aws:eu-west-1:200000000013:compute-fleet:fleet9503f51d05baa88f0a373c11,fleet9503f51d05baa88f0a373c11,Compute Fleet,eu-west-1,EU (Ireland),eu-west-1a,arn:aws:ec2:eu-west-1::reservation/3118ca76fafdfb23,EC2ReservedInstance-1yr-NoUpfront,Usage,Reserved Instance,Used,500,Hours,"{""Elements"":[{""ContractId"":""CONTRACT-CD-0003"",""ContractCommitmentId"":""arn:aws:ec2:eu-west-1::reservation/3118ca76fafdfb23"",""ContractCommitmentAppliedCost"":32.0160000000,""ContractCommitmentAppliedQuantity"":500,""ContractCommitmentAppliedUnit"":""Hours""}]}",,,,,,,,"{""Environment"":""dev"",""CostCenter"":""cc-3110"",""Owner"":""team-data"",""SyntheticFleetSize"":""500""}"
AWS,AWS,AWS,AWS,AWS,INV-2026-05-0001,100000000001,ExampleCorp Master Payer,Payer Account,200000000013,data-analytics,Linked Account,2026-05-01T00:00:00Z,2026-06-01T00:00:00Z,2026-05-21T11:00:00Z,2026-05-21T12:00:00Z,Purchase,,"Reserved Instance commitment, amortised for the charge period",Recurring,32.016,0,32.016,32.016,0.0640320000,0.0640320000,Standard,500,Hours,USD,0.0640320000,0,0.0640320000,USD,,,AmazonEC2,Compute,Virtual Machines,SKU-75736a819098caf502bcad16,Commitment,SPRICE-6dcbfe5c8c0e088d96b30a50,"{""x_PurchaseTerm"":""1yr"",""x_PaymentOption"":""NoUpfront""}",arn:aws:ec2:eu-west-1::reservation/3118ca76fafdfb23,reservation-361347292a3c,Reserved Instance,eu-west-1,EU (Ireland),,arn:aws:ec2:eu-west-1::reservation/3118ca76fafdfb23,EC2ReservedInstance-1yr-NoUpfront,Usage,Reserved Instance,,500,Hours,,,,,,,,,"{""Environment"":""prod"",""CostCenter"":""cc-1042"",""Owner"":""team-payments""}"
AWS,AWS,AWS,AWS,AWS,INV-2026-05-0001,100000000001,ExampleCorp Master Payer,Payer Account,200000000013,data-analytics,Linked Account,2026-05-01T00:00:00Z,2026-06-01T00:00:00Z,2026-05-21T11:00:00Z,2026-05-21T12:00:00Z,Usage,,AmazonEC2 committed usage of 500 machine-equivalents,Usage-Based,0,32.016,48,43.2,0.0960000000,0.0864000000,Committed,500,Hours,USD,0.0864000000,32.016,0.0960000000,USD,500,Hours,AmazonEC2,Compute,Virtual Machines,SKU-ca9c2ba97f0b30fb137ef130,Compute,SPRICE-d7f4030fc2a8b65799f6b437,"{""InstanceType"":""m6i.large"",""InstanceSeries"":""M6i"",""CoreCount"":2,""MemorySize"":8,""OperatingSystem"":""Linux"",""x_Tenancy"":""Shared""}",urn:focus-sample:aws:eu-west-1:200000000013:compute-fleet:fleet9503f51d05baa88f0a373c11,fleet9503f51d05baa88f0a373c11,Compute Fleet,eu-west-1,EU (Ireland),eu-west-1a,arn:aws:ec2:eu-west-1::reservation/3118ca76fafdfb23,EC2ReservedInstance-1yr-NoUpfront,Usage,Reserved Instance,Used,500,Hours,"{""Elements"":[{""ContractId"":""CONTRACT-CD-0003"",""ContractCommitmentId"":""arn:aws:ec2:eu-west-1::reservation/3118ca76fafdfb23"",""ContractCommitmentAppliedCost"":32.0160000000,""ContractCommitmentAppliedQuantity"":500,""ContractCommitmentAppliedUnit"":""Hours""}]}",,,,,,,,"{""Environment"":""dev"",""CostCenter"":""cc-2087"",""Owner"":""team-platform"",""SyntheticFleetSize"":""500""}"
AWS,AWS,AWS,AWS,AWS,INV-2026-05-0001,100000000001,ExampleCorp Master Payer,Payer Account,200000000013,data-analytics,Linked Account,2026-05-01T00:00:00Z,2026-06-01T00:00:00Z,2026-05-21T12:00:00Z,2026-05-21T13:00:00Z,Purchase,,"Reserved Instance commitment, amortised for the charge period",Recurring,32.016,0,32.016,32.016,0.0640320000,0.0640320000,Standard,500,Hours,USD,0.0640320000,0,0.0640320000,USD,,,AmazonEC2,Compute,Virtual Machines,SKU-75736a819098caf502bcad16,Commitment,SPRICE-6dcbfe5c8c0e088d96b30a50,"{""x_PurchaseTerm"":""1yr"",""x_PaymentOption"":""NoUpfront""}",arn:aws:ec2:eu-west-1::reservation/3118ca76fafdfb23,reservation-361347292a3c,Reserved Instance,eu-west-1,EU (Ireland),,arn:aws:ec2:eu-west-1::reservation/3118ca76fafdfb23,EC2ReservedInstance-1yr-NoUpfront,Usage,Reserved Instance,,500,Hours,,,,,,,,,"{""Environment"":""prod"",""CostCenter"":""cc-2087"",""Owner"":""team-data""}"
AWS,AWS,AWS,AWS,AWS,INV-2026-05-0001,100000000001,ExampleCorp Master Payer,Payer Account,200000000013,data-analytics,Linked Account,2026-05-01T00:00:00Z,2026-06-01T00:00:00Z,2026-05-21T12:00:00Z,2026-05-21T13:00:00Z,Usage,,AmazonEC2 committed usage of 500 machine-equivalents,Usage-Based,0,32.016,48,43.2,0.0960000000,0.0864000000,Committed,500,Hours,USD,0.0864000000,32.016,0.0960000000,USD,500,Hours,AmazonEC2,Compute,Virtual Machines,SKU-ca9c2ba97f0b30fb137ef130,Compute,SPRICE-d7f4030fc2a8b65799f6b437,"{""InstanceType"":""m6i.large"",""InstanceSeries"":""M6i"",""CoreCount"":2,""MemorySize"":8,""OperatingSystem"":""Linux"",""x_Tenancy"":""Shared""}",urn:focus-sample:aws:eu-west-1:200000000013:compute-fleet:fleet9503f51d05baa88f0a373c11,fleet9503f51d05baa88f0a373c11,Compute Fleet,eu-west-1,EU (Ireland),eu-west-1a,arn:aws:ec2:eu-west-1::reservation/3118ca76fafdfb23,EC2ReservedInstance-1yr-NoUpfront,Usage,Reserved Instance,Used,500,Hours,"{""Elements"":[{""ContractId"":""CONTRACT-CD-0003"",""ContractCommitmentId"":""arn:aws:ec2:eu-west-1::reservation/3118ca76fafdfb23"",""ContractCommitmentAppliedCost"":32.0160000000,""ContractCommitmentAppliedQuantity"":500,""ContractCommitmentAppliedUnit"":""Hours""}]}",,,,,,,,"{""Environment"":""staging"",""CostCenter"":""cc-1042"",""Owner"":""team-platform"",""SyntheticFleetSize"":""500""}"
AWS,AWS,AWS,AWS,AWS,INV-2026-05-0001,100000000001,ExampleCorp Master Payer,Payer Account,200000000013,data-analytics,Linked Account,2026-05-01T00:00:00Z,2026-06-01T00:00:00Z,2026-05-21T13:00:00Z,2026-05-21T14:00:00Z,Purchase,,"Reserved Instance commitment, amortised for the charge period",Recurring,32.016,0,32.016,32.016,0.0640320000,0.0640320000,Standard,500,Hours,USD,0.0640320000,0,0.0640320000,USD,,,AmazonEC2,Compute,Virtual Machines,SKU-75736a819098caf502bcad16,Commitment,SPRICE-6dcbfe5c8c0e088d96b30a50,"{""x_PurchaseTerm"":""1yr"",""x_PaymentOption"":""NoUpfront""}",arn:aws:ec2:eu-west-1::reservation/3118ca76fafdfb23,reservation-361347292a3c,Reserved Instance,eu-west-1,EU (Ireland),,arn:aws:ec2:eu-west-1::reservation/3118ca76fafdfb23,EC2ReservedInstance-1yr-NoUpfront,Usage,Reserved Instance,,500,Hours,,,,,,,,,"{""Environment"":""prod"",""CostCenter"":""cc-2087"",""Owner"":""team-platform""}"
AWS,AWS,AWS,AWS,AWS,INV-2026-05-0001,100000000001,ExampleCorp Master Payer,Payer Account,200000000013,data-analytics,Linked Account,2026-05-01T00:00:00Z,2026-06-01T00:00:00Z,2026-05-21T13:00:00Z,2026-05-21T14:00:00Z,Usage,,AmazonEC2 committed usage of 500 machine-equivalents,Usage-Based,0,32.016,48,43.2,0.0960000000,0.0864000000,Committed,500,Hours,USD,0.0864000000,32.016,0.0960000000,USD,500,Hours,AmazonEC2,Compute,Virtual Machines,SKU-ca9c2ba97f0b30fb137ef130,Compute,SPRICE-d7f4030fc2a8b65799f6b437,"{""InstanceType"":""m6i.large"",""InstanceSeries"":""M6i"",""CoreCount"":2,""MemorySize"":8,""OperatingSystem"":""Linux"",""x_Tenancy"":""Shared""}",urn:focus-sample:aws:eu-west-1:200000000013:compute-fleet:fleet9503f51d05baa88f0a373c11,fleet9503f51d05baa88f0a373c11,Compute Fleet,eu-west-1,EU (Ireland),eu-west-1a,arn:aws:ec2:eu-west-1::reservation/3118ca76fafdfb23,EC2ReservedInstance-1yr-NoUpfront,Usage,Reserved Instance,Used,500,Hours,"{""Elements"":[{""ContractId"":""CONTRACT-CD-0003"",""ContractCommitmentId"":""arn:aws:ec2:eu-west-1::reservation/3118ca76fafdfb23"",""ContractCommitmentAppliedCost"":32.0160000000,""ContractCommitmentAppliedQuantity"":500,""ContractCommitmentAppliedUnit"":""Hours""}]}",,,,,,,,"{""Environment"":""staging"",""CostCenter"":""cc-2087"",""Owner"":""team-data"",""SyntheticFleetSize"":""500""}"
AWS,AWS,AWS,AWS,AWS,INV-2026-05-0001,100000000001,ExampleCorp Master Payer,Payer Account,200000000013,data-analytics,Linked Account,2026-05-01T00:00:00Z,2026-06-01T00:00:00Z,2026-05-21T14:00:00Z,2026-05-21T15:00:00Z,Purchase,,"Reserved Instance commitment, amortised for the charge period",Recurring,32.016,0,32.016,32.016,0.0640320000,0.0640320000,Standard,500,Hours,USD,0.0640320000,0,0.0640320000,USD,,,AmazonEC2,Compute,Virtual Machines,SKU-75736a819098caf502bcad16,Commitment,SPRICE-6dcbfe5c8c0e088d96b30a50,"{""x_PurchaseTerm"":""1yr"",""x_PaymentOption"":""NoUpfront""}",arn:aws:ec2:eu-west-1::reservation/3118ca76fafdfb23,reservation-361347292a3c,Reserved Instance,eu-west-1,EU (Ireland),,arn:aws:ec2:eu-west-1::reservation/3118ca76fafdfb23,EC2ReservedInstance-1yr-NoUpfront,Usage,Reserved Instance,,500,Hours,,,,,,,,,"{""Environment"":""dev"",""CostCenter"":""cc-2087"",""Owner"":""team-platform""}"
AWS,AWS,AWS,AWS,AWS,INV-2026-05-0001,100000000001,ExampleCorp Master Payer,Payer Account,200000000013,data-analytics,Linked Account,2026-05-01T00:00:00Z,2026-06-01T00:00:00Z,2026-05-21T14:00:00Z,2026-05-21T15:00:00Z,Usage,,AmazonEC2 committed usage of 500 machine-equivalents,Usage-Based,0,32.016,48,43.2,0.0960000000,0.0864000000,Committed,500,Hours,USD,0.0864000000,32.016,0.0960000000,USD,500,Hours,AmazonEC2,Compute,Virtual Machines,SKU-ca9c2ba97f0b30fb137ef130,Compute,SPRICE-d7f4030fc2a8b65799f6b437,"{""InstanceType"":""m6i.large"",""InstanceSeries"":""M6i"",""CoreCount"":2,""MemorySize"":8,""OperatingSystem"":""Linux"",""x_Tenancy"":""Shared""}",urn:focus-sample:aws:eu-west-1:200000000013:compute-fleet:fleet9503f51d05baa88f0a373c11,fleet9503f51d05baa88f0a373c11,Compute Fleet,eu-west-1,EU (Ireland),eu-west-1a,arn:aws:ec2:eu-west-1::reservation/3118ca76fafdfb23,EC2ReservedInstance-1yr-NoUpfront,Usage,Reserved Instance,Used,500,Hours,"{""Elements"":[{""ContractId"":""CONTRACT-CD-0003"",""ContractCommitmentId"":""arn:aws:ec2:eu-west-1::reservation/3118ca76fafdfb23"",""ContractCommitmentAppliedCost"":32.0160000000,""ContractCommitmentAppliedQuantity"":500,""ContractCommitmentAppliedUnit"":""Hours""}]}",,,,,,,,"{""Environment"":""staging"",""CostCenter"":""cc-3110"",""Owner"":""team-platform"",""SyntheticFleetSize"":""500""}"
AWS,AWS,AWS,AWS,AWS,INV-2026-05-0001,100000000001,ExampleCorp Master Payer,Payer Account,200000000013,data-analytics,Linked Account,2026-05-01T00:00:00Z,2026-06-01T00:00:00Z,2026-05-21T15:00:00Z,2026-05-21T16:00:00Z,Purchase,,"Reserved Instance commitment, amortised for the charge period",Recurring,32.016,0,32.016,32.016,0.0640320000,0.0640320000,Standard,500,Hours,USD,0.0640320000,0,0.0640320000,USD,,,AmazonEC2,Compute,Virtual Machines,SKU-75736a819098caf502bcad16,Commitment,SPRICE-6dcbfe5c8c0e088d96b30a50,"{""x_PurchaseTerm"":""1yr"",""x_PaymentOption"":""NoUpfront""}",arn:aws:ec2:eu-west-1::reservation/3118ca76fafdfb23,reservation-361347292a3c,Reserved Instance,eu-west-1,EU (Ireland),,arn:aws:ec2:eu-west-1::reservation/3118ca76fafdfb23,EC2ReservedInstance-1yr-NoUpfront,Usage,Reserved Instance,,500,Hours,,,,,,,,,"{""Environment"":""prod"",""CostCenter"":""cc-3110"",""Owner"":""team-payments""}"
AWS,AWS,AWS,AWS,AWS,INV-2026-05-0001,100000000001,ExampleCorp Master Payer,Payer Account,200000000013,data-analytics,Linked Account,2026-05-01T00:00:00Z,2026-06-01T00:00:00Z,2026-05-21T15:00:00Z,2026-05-21T16:00:00Z,Usage,,AmazonEC2 committed usage of 500 machine-equivalents,Usage-Based,0,32.016,48,43.2,0.0960000000,0.0864000000,Committed,500,Hours,USD,0.0864000000,32.016,0.0960000000,USD,500,Hours,AmazonEC2,Compute,Virtual Machines,SKU-ca9c2ba97f0b30fb137ef130,Compute,SPRICE-d7f4030fc2a8b65799f6b437,"{""InstanceType"":""m6i.large"",""InstanceSeries"":""M6i"",""CoreCount"":2,""MemorySize"":8,""OperatingSystem"":""Linux"",""x_Tenancy"":""Shared""}",urn:focus-sample:aws:eu-west-1:200000000013:compute-fleet:fleet9503f51d05baa88f0a373c11,fleet9503f51d05baa88f0a373c11,Compute Fleet,eu-west-1,EU (Ireland),eu-west-1a,arn:aws:ec2:eu-west-1::reservation/3118ca76fafdfb23,EC2ReservedInstance-1yr-NoUpfront,Usage,Reserved Instance,Used,500,Hours,"{""Elements"":[{""ContractId"":""CONTRACT-CD-0003"",""ContractCommitmentId"":""arn:aws:ec2:eu-west-1::reservation/3118ca76fafdfb23"",""ContractCommitmentAppliedCost"":32.0160000000,""ContractCommitmentAppliedQuantity"":500,""ContractCommitmentAppliedUnit"":""Hours""}]}",,,,,,,,"{""Environment"":""staging"",""CostCenter"":""cc-2087"",""Owner"":""team-platform"",""SyntheticFleetSize"":""500""}"
AWS,AWS,AWS,AWS,AWS,INV-2026-05-0001,100000000001,ExampleCorp Master Payer,Payer Account,200000000013,data-analytics,Linked Account,2026-05-01T00:00:00Z,2026-06-01T00:00:00Z,2026-05-21T16:00:00Z,2026-05-21T17:00:00Z,Purchase,,"Reserved Instance commitment, amortised for the charge period",Recurring,32.016,0,32.016,32.016,0.0640320000,0.0640320000,Standard,500,Hours,USD,0.0640320000,0,0.0640320000,USD,,,AmazonEC2,Compute,Virtual Machines,SKU-75736a819098caf502bcad16,Commitment,SPRICE-6dcbfe5c8c0e088d96b30a50,"{""x_PurchaseTerm"":""1yr"",""x_PaymentOption"":""NoUpfront""}",arn:aws:ec2:eu-west-1::reservation/3118ca76fafdfb23,reservation-361347292a3c,Reserved Instance,eu-west-1,EU (Ireland),,arn:aws:ec2:eu-west-1::reservation/3118ca76fafdfb23,EC2ReservedInstance-1yr-NoUpfront,Usage,Reserved Instance,,500,Hours,,,,,,,,,"{""Environment"":""prod"",""CostCenter"":""cc-1042"",""Owner"":""team-platform""}"
AWS,AWS,AWS,AWS,AWS,INV-2026-05-0001,100000000001,ExampleCorp Master Payer,Payer Account,200000000013,data-analytics,Linked Account,2026-05-01T00:00:00Z,2026-06-01T00:00:00Z,2026-05-21T16:00:00Z,2026-05-21T17:00:00Z,Usage,,Reserved Instance unused commitment,Usage-Based,0,32.016,32.016,32.016,0.0640320000,0.0640320000,Committed,500,Hours,USD,0.0640320000,32.016,0.0640320000,USD,,,AmazonEC2,Compute,Virtual Machines,SKU-75736a819098caf502bcad16,Commitment,SPRICE-6dcbfe5c8c0e088d96b30a50,"{""x_PurchaseTerm"":""1yr"",""x_PaymentOption"":""NoUpfront""}",arn:aws:ec2:eu-west-1::reservation/3118ca76fafdfb23,reservation-361347292a3c,Reserved Instance,eu-west-1,EU (Ireland),,arn:aws:ec2:eu-west-1::reservation/3118ca76fafdfb23,EC2ReservedInstance-1yr-NoUpfront,Usage,Reserved Instance,Unused,500,Hours,"{""Elements"":[{""ContractId"":""CONTRACT-CD-0003"",""ContractCommitmentId"":""arn:aws:ec2:eu-west-1::reservation/3118ca76fafdfb23"",""ContractCommitmentAppliedCost"":32.0160000000,""ContractCommitmentAppliedQuantity"":500,""ContractCommitmentAppliedUnit"":""Hours""}]}",,,,,,,,"{""Environment"":""staging"",""CostCenter"":""cc-2087"",""Owner"":""team-data""}"
AWS,AWS,AWS,AWS,AWS,INV-2026-05-0001,100000000001,ExampleCorp Master Payer,Payer Account,200000000013,data-analytics,Linked Account,2026-05-01T00:00:00Z,2026-06-01T00:00:00Z,2026-05-21T17:00:00Z,2026-05-21T18:00:00Z,Purchase,,"Reserved Instance commitment, amortised for the charge period",Recurring,32.016,0,32.016,32.016,0.0640320000,0.0640320000,Standard,500,Hours,USD,0.0640320000,0,0.0640320000,USD,,,AmazonEC2,Compute,Virtual Machines,SKU-75736a819098caf502bcad16,Commitment,SPRICE-6dcbfe5c8c0e088d96b30a50,"{""x_PurchaseTerm"":""1yr"",""x_PaymentOption"":""NoUpfront""}",arn:aws:ec2:eu-west-1::reservation/3118ca76fafdfb23,reservation-361347292a3c,Reserved Instance,eu-west-1,EU (Ireland),,arn:aws:ec2:eu-west-1::reservation/3118ca76fafdfb23,EC2ReservedInstance-1yr-NoUpfront,Usage,Reserved Instance,,500,Hours,,,,,,,,,"{""Environment"":""staging"",""CostCenter"":""cc-2087"",""Owner"":""team-payments""}"
AWS,AWS,AWS,AWS,AWS,INV-2026-05-0001,100000000001,ExampleCorp Master Payer,Payer Account,200000000013,data-analytics,Linked Account,2026-05-01T00:00:00Z,2026-06-01T00:00:00Z,2026-05-21T17:00:00Z,2026-05-21T18:00:00Z,Usage,,Reserved Instance unused commitment,Usage-Based,0,32.016,32.016,32.016,0.0640320000,0.0640320000,Committed,500,Hours,USD,0.0640320000,32.016,0.0640320000,USD,,,AmazonEC2,Compute,Virtual Machines,SKU-75736a819098caf502bcad16,Commitment,SPRICE-6dcbfe5c8c0e088d96b30a50,"{""x_PurchaseTerm"":""1yr"",""x_PaymentOption"":""NoUpfront""}",arn:aws:ec2:eu-west-1::reservation/3118ca76fafdfb23,reservation-361347292a3c,Reserved Instance,eu-west-1,EU (Ireland),,arn:aws:ec2:eu-west-1::reservation/3118ca76fafdfb23,EC2ReservedInstance-1yr-NoUpfront,Usage,Reserved Instance,Unused,500,Hours,"{""Elements"":[{""ContractId"":""CONTRACT-CD-0003"",""ContractCommitmentId"":""arn:aws:ec2:eu-west-1::reservation/3118ca76fafdfb23"",""ContractCommitmentAppliedCost"":32.0160000000,""ContractCommitmentAppliedQuantity"":500,""ContractCommitmentAppliedUnit"":""Hours""}]}",,,,,,,,"{""Environment"":""prod"",""CostCenter"":""cc-1042"",""Owner"":""team-payments""}"
AWS,AWS,AWS,AWS,AWS,INV-2026-05-0001,100000000001,ExampleCorp Master Payer,Payer Account,200000000014,sandbox-dev,Linked Account,2026-05-01T00:00:00Z,2026-06-01T00:00:00Z,2026-05-22T04:00:00Z,2026-05-22T05:00:00Z,Usage,,Shared EC2 host cost allocated to workload,Usage-Based,0.0516,0.0516,0.0516,0.0516,0.0960000000,0.0960000000,Standard,0.5375,Hours,USD,0.0960000000,0.0516,0.0960000000,USD,0.5375,Hours,AmazonEC2,Compute,Virtual Machines,SKU-093c0d7a3a0491f8523e34c8,Compute,SPRICE-bab283475cbbabd222878e74,"{""InstanceType"":""m6i.large"",""InstanceSeries"":""M6i"",""CoreCount"":2,""MemorySize"":8,""OperatingSystem"":""Linux"",""x_Tenancy"":""Shared""}",arn:aws:ec2:ap-southeast-1:200000000014:instance/shared-host-89703dbd,shared-host-89703dbd,EC2 Instance,ap-southeast-1,Asia Pacific (Singapore),ap-southeast-1b,,,,,,,,,,,split-proportional,"{""Elements"":[{""AllocatedRatio"":1,""UsageUnit"":""Hours"",""UsageQuantity"":0.5375,""x_Strategy"":""Proportional"",""x_Basis"":""vCPUSeconds""}]}",arn:aws:eks:ap-southeast-1:200000000014:workload/search-902b03,workload-search,"{""workload"":""search"",""CostCenter"":""cc-3110""}","{""Environment"":""prod"",""CostCenter"":""cc-1042"",""Owner"":""team-data""}"
AWS,AWS,AWS,AWS,AWS,INV-2026-05-0002,100000000002,ExampleCorp Secondary Payer,Payer Account,200000000012,staging-platform,Linked Account,2026-05-01T00:00:00Z,2026-06-01T00:00:00Z,2026-05-06T00:00:00Z,2026-05-07T00:00:00Z,Usage,,NAT gateway data processed,Usage-Based,20.4048765,20.4048765,20.4048765,20.4048765,0.0450000000,0.0450000000,Standard,453.4417,GB,USD,0.0450000000,20.4048765,0.0450000000,USD,453.4417,GB,AmazonVPC,Networking,Network Connectivity,SKU-3d9b08c72ec44814e0bd4e25,Data Transfer,SPRICE-5df2ff31768360bf23008ec4,"{""x_TransferType"":""InterAZ""}",arn:aws:ec2:eu-west-1:200000000012:natgateway/nat-9950007fac9a,nat-9950007fac9a,NAT Gateway,eu-west-1,EU (Ireland),,,,,,,,,,,,,,,,,"{""Environment"":""staging"",""CostCenter"":""cc-3110"",""Owner"":""team-payments""}"
AWS,AWS,AWS,AWS,AWS,INV-2026-05-0001,100000000001,ExampleCorp Master Payer,Payer Account,200000000011,prod-platform,Linked Account,2026-05-01T00:00:00Z,2026-06-01T00:00:00Z,2026-05-01T00:00:00Z,2026-06-01T00:00:00Z,Usage,,S3 Standard storage,Usage-Based,50.5840955,50.5840955,50.5840955,50.5840955,0.0230000000,0.0230000000,Standard,2199.3085,GB-Months,USD,0.0230000000,50.5840955,0.0230000000,USD,2199.3085,GB-Months,AmazonS3,Storage,Object Storage,SKU-6042c508b21761919a0ed516,Storage,SPRICE-d35afe08308f10d3695aa71d,"{""StorageClass"":""Standard"",""Redundancy"":""Zonal""}",arn:aws:s3:eu-west-1:200000000011:bucket/bucket-c7fd03097c45,bucket-c7fd03097c45,S3 Bucket,eu-west-1,EU (Ireland),,,,,,,,,,,,,,,,,"{""Environment"":""prod"",""CostCenter"":""cc-2087"",""Owner"":""team-platform""}"
AWS,AWS,AWS,AWS,AWS,INV-2026-05-0001,100000000001,ExampleCorp Master Payer,Payer Account,200000000011,prod-platform,Linked Account,2026-05-01T00:00:00Z,2026-06-01T00:00:00Z,2026-05-22T07:00:00Z,2026-05-22T08:00:00Z,Usage,,Shared EC2 host cost allocated to workload,Usage-Based,0.03888,0.03888,0.03888,0.03888,0.0960000000,0.0960000000,Standard,0.4050,Hours,USD,0.0960000000,0.03888,0.0960000000,USD,0.4050,Hours,AmazonEC2,Compute,Virtual Machines,SKU-093c0d7a3a0491f8523e34c8,Compute,SPRICE-bab283475cbbabd222878e74,"{""InstanceType"":""m6i.large"",""InstanceSeries"":""M6i"",""CoreCount"":2,""MemorySize"":8,""OperatingSystem"":""Linux"",""x_Tenancy"":""Shared""}",arn:aws:ec2:ap-southeast-1:200000000011:instance/shared-host-0f5b8e86,shared-host-0f5b8e86,EC2 Instance,ap-southeast-1,Asia Pacific (Singapore),ap-southeast-1a,,,,,,,,,,,split-weighted,"{""Elements"":[{""AllocatedRatio"":1,""UsageUnit"":""Hours"",""UsageQuantity"":0.4050,""x_Strategy"":""Weighted"",""x_Basis"":""MemoryBytes""}]}",arn:aws:eks:ap-southeast-1:200000000011:workload/analytics-412463,workload-analytics,"{""workload"":""analytics"",""CostCenter"":""cc-1042""}","{""Environment"":""dev"",""CostCenter"":""cc-2087"",""Owner"":""team-platform""}"
AWS,AWS,AWS,AWS,AWS,INV-2026-05-0002,100000000002,ExampleCorp Secondary Payer,Payer Account,200000000013,data-analytics,Linked Account,2026-05-01T00:00:00Z,2026-06-01T00:00:00Z,2026-05-22T08:00:00Z,2026-05-22T09:00:00Z,Usage,,Shared EC2 host cost allocated to workload,Usage-Based,0.072048,0.072048,0.072048,0.072048,0.0960000000,0.0960000000,Standard,0.7505,Hours,USD,0.0960000000,0.072048,0.0960000000,USD,0.7505,Hours,AmazonEC2,Compute,Virtual Machines,SKU-e0e295f006e6a0732dd5f77b,Compute,SPRICE-98f5ebeb1125d6e984c27bb1,"{""InstanceType"":""m6i.large"",""InstanceSeries"":""M6i"",""CoreCount"":2,""MemorySize"":8,""OperatingSystem"":""Linux"",""x_Tenancy"":""Shared""}",arn:aws:ec2:us-west-2:200000000013:instance/shared-host-38d1120f,shared-host-38d1120f,EC2 Instance,us-west-2,US West (Oregon),us-west-2a,,,,,,,,,,,split-proportional,"{""Elements"":[{""AllocatedRatio"":1,""UsageUnit"":""Hours"",""UsageQuantity"":0.7505,""x_Strategy"":""Proportional"",""x_Basis"":""vCPUSeconds""}]}",arn:aws:eks:us-west-2:200000000013:workload/ingestion-acf1c6,workload-ingestion,"{""workload"":""ingestion"",""CostCenter"":""cc-2087""}","{""Environment"":""dev"",""CostCenter"":""cc-1042"",""Owner"":""team-platform""}"
AWS,AWS,AWS,AWS,AWS,INV-2026-05-0002,100000000002,ExampleCorp Secondary Payer,Payer Account,200000000014,sandbox-dev,Linked Account,2026-05-01T00:00:00Z,2026-06-01T00:00:00Z,2026-05-10T00:00:00Z,2026-05-11T00:00:00Z,Purchase,,AmazonCloudWatch subscription fee,Recurring,298.71,298.71,298.71,298.71,298.71,298.71,Standard,1,Units,USD,298.7100000000,298.71,298.7100000000,USD,,,AmazonCloudWatch,Management and Governance,Observability,SKU-d10080ab9717b935b753ab01,Subscription,SPRICE-64e632226ff0f6813e684086,"{""x_ChargeType"": ""SubscriptionFee""}",arn:aws:cloudwatch:us-east-1:200000000014:metric/metric-f308194d5e93,metric-f308194d5e93,Metric,us-east-1,US East (N. Virginia),,,,,,,,,,,,,,,,,"{""Environment"":""staging"",""CostCenter"":""cc-1042"",""Owner"":""team-platform""}"
AWS,AWS,AWS,AWS,AWS,INV-2026-05-0002,100000000002,ExampleCorp Secondary Payer,Payer Account,200000000014,sandbox-dev,Linked Account,2026-05-01T00:00:00Z,2026-06-01T00:00:00Z,2026-05-11T00:00:00Z,2026-05-12T00:00:00Z,Usage,,NAT gateway data processed,Usage-Based,3.8151,3.8151,3.8151,3.8151,0.0450000000,0.0450000000,Standard,84.7800,GB,USD,0.0450000000,3.8151,0.0450000000,USD,84.7800,GB,AmazonVPC,Networking,Network Connectivity,SKU-3d9b08c72ec44814e0bd4e25,Data Transfer,SPRICE-5df2ff31768360bf23008ec4,"{""x_TransferType"":""InterAZ""}",arn:aws:ec2:eu-west-1:200000000014:natgateway/nat-385e67b64e24,nat-385e67b64e24,NAT Gateway,eu-west-1,EU (Ireland),,,,,,,,,,,,,,,,,"{""Environment"":""staging"",""CostCenter"":""cc-1042"",""Owner"":""team-payments""}"
AWS,AWS,AWS,AWS,AWS,INV-2026-05-0001,100000000001,ExampleCorp Master Payer,Payer Account,200000000013,data-analytics,Linked Account,2026-05-01T00:00:00Z,2026-06-01T00:00:00Z,2026-05-24T00:00:00Z,2026-05-25T00:00:00Z,Tax,,Synthetic tax 10% on usage record 52: AmazonCloudWatch,One-Time,2.126298,2.126298,2.126298,2.126298,,,,,,USD,,2.126298,,USD,,,AmazonCloudWatch,Management and Governance,Observability,,,,,,,,,,,,,,,,,,,,,,,,,,"{""Environment"":""dev"",""CostCenter"":""cc-1042"",""Owner"":""team-payments""}"
AWS,AWS,AWS,AWS,AWS,INV-2026-05-0002,100000000002,ExampleCorp Secondary Payer,Payer Account,200000000012,staging-platform,Linked Account,2026-05-01T00:00:00Z,2026-06-01T00:00:00Z,2026-05-13T00:00:00Z,2026-05-14T00:00:00Z,Usage,,Glue ETL job run,Usage-Based,48.919992,48.919992,48.919992,48.919992,0.4400000000,0.4400000000,Standard,111.1818,DPU-Hours,USD,0.4400000000,48.919992,0.4400000000,USD,111.1818,DPU-Hours,AWSGlue,Analytics,Data Processing,SKU-edd508eddef1abee51edfd3a,Data Processing,SPRICE-d9fcf83357f0862b561e6bf6,"{""x_WorkerType"":""G.1X""}",arn:aws:glue:us-east-1:200000000012:job/job-0783a97bf669,job-0783a97bf669,Glue Job,us-east-1,US East (N. Virginia),,,,,,,,,,,,,,,,,"{""Environment"":""dev"",""CostCenter"":""cc-3110"",""Owner"":""team-payments""}"
AWS,AWS,AWS,AWS,AWS,INV-2026-05-0002,100000000002,ExampleCorp Secondary Payer,Payer Account,200000000011,prod-platform,Linked Account,2026-05-01T00:00:00Z,2026-06-01T00:00:00Z,2026-05-14T00:00:00Z,2026-05-15T00:00:00Z,Usage,,NAT gateway data processed,Usage-Based,21.633849,21.633849,21.633849,21.633849,0.0450000000,0.0450000000,Standard,480.7522,GB,USD,0.0450000000,21.633849,0.0450000000,USD,480.7522,GB,AmazonVPC,Networking,Network Connectivity,SKU-0a48b40b1fa86593309c0c4c,Data Transfer,SPRICE-b948c57b4c22bb2955afff1a,"{""x_TransferType"":""InterAZ""}",arn:aws:ec2:ap-southeast-1:200000000011:natgateway/nat-6f481672c241,nat-6f481672c241,NAT Gateway,ap-southeast-1,Asia Pacific (Singapore),,,,,,,,,,,,,,,,,"{""Environment"":""dev"",""CostCenter"":""cc-1042"",""Owner"":""team-platform""}"
AWS,AWS,AWS,AWS,AWS,INV-2026-05-0001,100000000001,ExampleCorp Master Payer,Payer Account,200000000012,staging-platform,Linked Account,2026-05-01T00:00:00Z,2026-06-01T00:00:00Z,2026-05-22T14:00:00Z,2026-05-22T15:00:00Z,Usage,,Lambda function duration,Usage-Based,47.0141346495,47.0141346495,52.23803186418811,47.0141346495,0.0000166667,0.0000150000,Standard,3134275.6433,GB-Seconds,USD,0.0000150000,47.0141346495,0.0000166667,USD,3134275.6433,GB-Seconds,AWSLambda,Compute,Serverless Compute,SKU-7828f3c3be040bf04a99c13a,Compute,SPRICE-f43f05862dbfbeb78999da05,"{""x_Runtime"":""python3.12"",""x_Architecture"":""arm64""}",arn:aws:lambda:eu-west-1:200000000012:function/fn-33971f980052,fn-33971f980052,Lambda Function,eu-west-1,EU (Ireland),,,,,,,,,"{""Elements"":[{""ContractId"":""CONTRACT-EA-2026-0001"",""ContractCommitmentId"":""CC-EA-SPEND-0001"",""ContractCommitmentAppliedCost"":47.01413464950000}]}",,,,,,,,"{""Environment"":""prod"",""CostCenter"":""cc-3110"",""Owner"":""team-payments""}"
AWS,AWS,AWS,AWS,AWS,INV-2026-05-0002,100000000002,ExampleCorp Secondary Payer,Payer Account,200000000014,sandbox-dev,Linked Account,2026-05-01T00:00:00Z,2026-06-01T00:00:00Z,2026-05-22T15:00:00Z,2026-05-22T16:00:00Z,Usage,,Shared EC2 host cost allocated to workload,Usage-Based,0.0132,0.0132,0.0132,0.0132,0.0960000000,0.0960000000,Standard,0.1375,Hours,USD,0.0960000000,0.0132,0.0960000000,USD,0.1375,Hours,AmazonEC2,Compute,Virtual Machines,SKU-736a4dd80178572d8370293d,Compute,SPRICE-c862323f09b487c42efb1c6b,"{""InstanceType"":""m6i.large"",""InstanceSeries"":""M6i"",""CoreCount"":2,""MemorySize"":8,""OperatingSystem"":""Linux"",""x_Tenancy"":""Shared""}",arn:aws:ec2:us-east-1:200000000014:instance/shared-host-88b06e5b,shared-host-88b06e5b,EC2 Instance,us-east-1,US East (N. Virginia),us-east-1a,,,,,,,,,,,split-proportional,"{""Elements"":[{""AllocatedRatio"":1,""UsageUnit"":""Hours"",""UsageQuantity"":0.1375,""x_Strategy"":""Proportional"",""x_Basis"":""vCPUSeconds""}]}",arn:aws:eks:us-east-1:200000000014:workload/billing-a165c5,workload-billing,"{""workload"":""billing"",""CostCenter"":""cc-1042""}","{""Environment"":""staging"",""CostCenter"":""cc-3110"",""Owner"":""team-platform""}"
AWS,AWS,AWS,AWS,AWS,INV-2026-05-0001,100000000001,ExampleCorp Master Payer,Payer Account,200000000011,prod-platform,Linked Account,2026-05-01T00:00:00Z,2026-06-01T00:00:00Z,2026-05-22T16:00:00Z,2026-05-22T17:00:00Z,Usage,,Shared EC2 host cost allocated to workload,Usage-Based,0.0740928,0.0740928,0.0740928,0.0740928,0.0960000000,0.0960000000,Standard,0.7718,Hours,USD,0.0960000000,0.0740928,0.0960000000,USD,0.7718,Hours,AmazonEC2,Compute,Virtual Machines,SKU-e0e295f006e6a0732dd5f77b,Compute,SPRICE-98f5ebeb1125d6e984c27bb1,"{""InstanceType"":""m6i.large"",""InstanceSeries"":""M6i"",""CoreCount"":2,""MemorySize"":8,""OperatingSystem"":""Linux"",""x_Tenancy"":""Shared""}",arn:aws:ec2:us-west-2:200000000011:instance/shared-host-b26d3f13,shared-host-b26d3f13,EC2 Instance,us-west-2,US West (Oregon),us-west-2a,,,,,,,,,,,split-even,"{""Elements"":[{""AllocatedRatio"":1,""UsageUnit"":""Hours"",""UsageQuantity"":0.7718,""x_Strategy"":""Even"",""x_Basis"":""Workloads""}]}",arn:aws:eks:us-west-2:200000000011:workload/search-dc5fa2,workload-search,"{""workload"":""search"",""CostCenter"":""cc-1042""}","{""Environment"":""dev"",""CostCenter"":""cc-1042"",""Owner"":""team-platform""}"
AWS,AWS,AWS,AWS,AWS,INV-2026-05-0002,100000000002,ExampleCorp Secondary Payer,Payer Account,200000000011,prod-platform,Linked Account,2026-05-01T00:00:00Z,2026-06-01T00:00:00Z,2026-05-22T17:00:00Z,2026-05-22T18:00:00Z,Usage,,Linux on-demand m6i.large,Usage-Based,0.096,0.096,0.096,0.096,0.0960000000,0.0960000000,Standard,1.0000,Hours,EUR,0.0883200000,0.08832,0.0883200000,USD,1.0000,Hours,AmazonEC2,Compute,Virtual Machines,SKU-093c0d7a3a0491f8523e34c8,Compute,SPRICE-899297d67f6c892f71467fa0,"{""InstanceType"":""m6i.large"",""InstanceSeries"":""M6i"",""CoreCount"":2,""MemorySize"":8,""OperatingSystem"":""Linux"",""x_Tenancy"":""Shared""}",arn:aws:ec2:ap-southeast-1:200000000011:instance/i-8130fab740d0,i-8130fab740d0,EC2 Instance,ap-southeast-1,Asia Pacific (Singapore),ap-southeast-1a,,,,,,,,,,,,,,,,"{""Environment"":""staging"",""CostCenter"":""cc-2087"",""Owner"":""team-platform""}"
AWS,AWS,AWS,AWS,AWS,INV-2026-05-0002,100000000002,ExampleCorp Secondary Payer,Payer Account,200000000011,prod-platform,Linked Account,2026-05-01T00:00:00Z,2026-06-01T00:00:00Z,2026-05-22T18:00:00Z,2026-05-22T19:00:00Z,Purchase,,"Reserved Instance commitment, amortised for the charge period",Recurring,32.016,0,32.016,32.016,0.0640320000,0.0640320000,Standard,500,Hours,USD,0.0640320000,0,0.0640320000,USD,,,AmazonEC2,Compute,Virtual Machines,SKU-75736a819098caf502bcad16,Commitment,SPRICE-6dcbfe5c8c0e088d96b30a50,"{""x_PurchaseTerm"":""1yr"",""x_PaymentOption"":""NoUpfront""}",arn:aws:ec2:eu-west-1::reservation/522cd7da8e4e9d0f,reservation-af9776ab8422,Reserved Instance,eu-west-1,EU (Ireland),,arn:aws:ec2:eu-west-1::reservation/522cd7da8e4e9d0f,EC2ReservedInstance-1yr-NoUpfront,Usage,Reserved Instance,,500,Hours,,,,,,,,,"{""Environment"":""staging"",""CostCenter"":""cc-1042"",""Owner"":""team-platform""}"
AWS,AWS,AWS,AWS,AWS,INV-2026-05-0002,100000000002,ExampleCorp Secondary Payer,Payer Account,200000000011,prod-platform,Linked Account,2026-05-01T00:00:00Z,2026-06-01T00:00:00Z,2026-05-22T18:00:00Z,2026-05-22T19:00:00Z,Usage,,AmazonEC2 committed usage of 500 machine-equivalents,Usage-Based,0,32.016,48,43.2,0.0960000000,0.0864000000,Committed,500,Hours,USD,0.0864000000,32.016,0.0960000000,USD,500,Hours,AmazonEC2,Compute,Virtual Machines,SKU-ca9c2ba97f0b30fb137ef130,Compute,SPRICE-d7f4030fc2a8b65799f6b437,"{""InstanceType"":""m6i.large"",""InstanceSeries"":""M6i"",""CoreCount"":2,""MemorySize"":8,""OperatingSystem"":""Linux"",""x_Tenancy"":""Shared""}",urn:focus-sample:aws:eu-west-1:200000000011:compute-fleet:fleet129de84aaa60bc87a8a4e50b,fleet129de84aaa60bc87a8a4e50b,Compute Fleet,eu-west-1,EU (Ireland),eu-west-1a,arn:aws:ec2:eu-west-1::reservation/522cd7da8e4e9d0f,EC2ReservedInstance-1yr-NoUpfront,Usage,Reserved Instance,Used,500,Hours,"{""Elements"":[{""ContractId"":""CONTRACT-CD-0004"",""ContractCommitmentId"":""arn:aws:ec2:eu-west-1::reservation/522cd7da8e4e9d0f"",""ContractCommitmentAppliedCost"":32.0160000000,""ContractCommitmentAppliedQuantity"":500,""ContractCommitmentAppliedUnit"":""Hours""}]}",,,,,,,,"{""Environment"":""prod"",""CostCenter"":""cc-1042"",""Owner"":""team-payments"",""SyntheticFleetSize"":""500""}"
AWS,AWS,AWS,AWS,AWS,INV-2026-05-0002,100000000002,ExampleCorp Secondary Payer,Payer Account,200000000011,prod-platform,Linked Account,2026-05-01T00:00:00Z,2026-06-01T00:00:00Z,2026-05-22T19:00:00Z,2026-05-22T20:00:00Z,Purchase,,"Reserved Instance commitment, amortised for the charge period",Recurring,32.016,0,32.016,32.016,0.0640320000,0.0640320000,Standard,500,Hours,USD,0.0640320000,0,0.0640320000,USD,,,AmazonEC2,Compute,Virtual Machines,SKU-75736a819098caf502bcad16,Commitment,SPRICE-6dcbfe5c8c0e088d96b30a50,"{""x_PurchaseTerm"":""1yr"",""x_PaymentOption"":""NoUpfront""}",arn:aws:ec2:eu-west-1::reservation/522cd7da8e4e9d0f,reservation-af9776ab8422,Reserved Instance,eu-west-1,EU (Ireland),,arn:aws:ec2:eu-west-1::reservation/522cd7da8e4e9d0f,EC2ReservedInstance-1yr-NoUpfront,Usage,Reserved Instance,,500,Hours,,,,,,,,,"{""Environment"":""staging"",""CostCenter"":""cc-3110"",""Owner"":""team-platform""}"
AWS,AWS,AWS,AWS,AWS,INV-2026-05-0002,100000000002,ExampleCorp Secondary Payer,Payer Account,200000000011,prod-platform,Linked Account,2026-05-01T00:00:00Z,2026-06-01T00:00:00Z,2026-05-22T19:00:00Z,2026-05-22T20:00:00Z,Usage,,AmazonEC2 committed usage of 500 machine-equivalents,Usage-Based,0,32.016,48,43.2,0.0960000000,0.0864000000,Committed,500,Hours,USD,0.0864000000,32.016,0.0960000000,USD,500,Hours,AmazonEC2,Compute,Virtual Machines,SKU-ca9c2ba97f0b30fb137ef130,Compute,SPRICE-d7f4030fc2a8b65799f6b437,"{""InstanceType"":""m6i.large"",""InstanceSeries"":""M6i"",""CoreCount"":2,""MemorySize"":8,""OperatingSystem"":""Linux"",""x_Tenancy"":""Shared""}",urn:focus-sample:aws:eu-west-1:200000000011:compute-fleet:fleet129de84aaa60bc87a8a4e50b,fleet129de84aaa60bc87a8a4e50b,Compute Fleet,eu-west-1,EU (Ireland),eu-west-1a,arn:aws:ec2:eu-west-1::reservation/522cd7da8e4e9d0f,EC2ReservedInstance-1yr-NoUpfront,Usage,Reserved Instance,Used,500,Hours,"{""Elements"":[{""ContractId"":""CONTRACT-CD-0004"",""ContractCommitmentId"":""arn:aws:ec2:eu-west-1::reservation/522cd7da8e4e9d0f"",""ContractCommitmentAppliedCost"":32.0160000000,""ContractCommitmentAppliedQuantity"":500,""ContractCommitmentAppliedUnit"":""Hours""}]}",,,,,,,,"{""Environment"":""staging"",""CostCenter"":""cc-1042"",""Owner"":""team-platform"",""SyntheticFleetSize"":""500""}"
AWS,AWS,AWS,AWS,AWS,INV-2026-05-0002,100000000002,ExampleCorp Secondary Payer,Payer Account,200000000011,prod-platform,Linked Account,2026-05-01T00:00:00Z,2026-06-01T00:00:00Z,2026-05-22T20:00:00Z,2026-05-22T21:00:00Z,Purchase,,"Reserved Instance commitment, amortised for the charge period",Recurring,32.016,0,32.016,32.016,0.0640320000,0.0640320000,Standard,500,Hours,USD,0.0640320000,0,0.0640320000,USD,,,AmazonEC2,Compute,Virtual Machines,SKU-75736a819098caf502bcad16,Commitment,SPRICE-6dcbfe5c8c0e088d96b30a50,"{""x_PurchaseTerm"":""1yr"",""x_PaymentOption"":""NoUpfront""}",arn:aws:ec2:eu-west-1::reservation/522cd7da8e4e9d0f,reservation-af9776ab8422,Reserved Instance,eu-west-1,EU (Ireland),,arn:aws:ec2:eu-west-1::reservation/522cd7da8e4e9d0f,EC2ReservedInstance-1yr-NoUpfront,Usage,Reserved Instance,,500,Hours,,,,,,,,,"{""Environment"":""staging"",""CostCenter"":""cc-2087"",""Owner"":""team-payments""}"
AWS,AWS,AWS,AWS,AWS,INV-2026-05-0002,100000000002,ExampleCorp Secondary Payer,Payer Account,200000000011,prod-platform,Linked Account,2026-05-01T00:00:00Z,2026-06-01T00:00:00Z,2026-05-22T20:00:00Z,2026-05-22T21:00:00Z,Usage,,AmazonEC2 committed usage of 500 machine-equivalents,Usage-Based,0,32.016,48,43.2,0.0960000000,0.0864000000,Committed,500,Hours,USD,0.0864000000,32.016,0.0960000000,USD,500,Hours,AmazonEC2,Compute,Virtual Machines,SKU-ca9c2ba97f0b30fb137ef130,Compute,SPRICE-d7f4030fc2a8b65799f6b437,"{""InstanceType"":""m6i.large"",""InstanceSeries"":""M6i"",""CoreCount"":2,""MemorySize"":8,""OperatingSystem"":""Linux"",""x_Tenancy"":""Shared""}",urn:focus-sample:aws:eu-west-1:200000000011:compute-fleet:fleet129de84aaa60bc87a8a4e50b,fleet129de84aaa60bc87a8a4e50b,Compute Fleet,eu-west-1,EU (Ireland),eu-west-1a,arn:aws:ec2:eu-west-1::reservation/522cd7da8e4e9d0f,EC2ReservedInstance-1yr-NoUpfront,Usage,Reserved Instance,Used,500,Hours,"{""Elements"":[{""ContractId"":""CONTRACT-CD-0004"",""ContractCommitmentId"":""arn:aws:ec2:eu-west-1::reservation/522cd7da8e4e9d0f"",""ContractCommitmentAppliedCost"":32.0160000000,""ContractCommitmentAppliedQuantity"":500,""ContractCommitmentAppliedUnit"":""Hours""}]}",,,,,,,,"{""Environment"":""dev"",""CostCenter"":""cc-2087"",""Owner"":""team-payments"",""SyntheticFleetSize"":""500""}"
AWS,AWS,AWS,AWS,AWS,INV-2026-05-0002,100000000002,ExampleCorp Secondary Payer,Payer Account,200000000011,prod-platform,Linked Account,2026-05-01T00:00:00Z,2026-06-01T00:00:00Z,2026-05-22T21:00:00Z,2026-05-22T22:00:00Z,Purchase,,"Reserved Instance commitment, amortised for the charge period",Recurring,32.016,0,32.016,32.016,0.0640320000,0.0640320000,Standard,500,Hours,USD,0.0640320000,0,0.0640320000,USD,,,AmazonEC2,Compute,Virtual Machines,SKU-75736a819098caf502bcad16,Commitment,SPRICE-6dcbfe5c8c0e088d96b30a50,"{""x_PurchaseTerm"":""1yr"",""x_PaymentOption"":""NoUpfront""}",arn:aws:ec2:eu-west-1::reservation/522cd7da8e4e9d0f,reservation-af9776ab8422,Reserved Instance,eu-west-1,EU (Ireland),,arn:aws:ec2:eu-west-1::reservation/522cd7da8e4e9d0f,EC2ReservedInstance-1yr-NoUpfront,Usage,Reserved Instance,,500,Hours,,,,,,,,,"{""Environment"":""dev"",""CostCenter"":""cc-3110"",""Owner"":""team-data""}"
AWS,AWS,AWS,AWS,AWS,INV-2026-05-0002,100000000002,ExampleCorp Secondary Payer,Payer Account,200000000011,prod-platform,Linked Account,2026-05-01T00:00:00Z,2026-06-01T00:00:00Z,2026-05-22T21:00:00Z,2026-05-22T22:00:00Z,Usage,,AmazonEC2 committed usage of 500 machine-equivalents,Usage-Based,0,32.016,48,43.2,0.0960000000,0.0864000000,Committed,500,Hours,USD,0.0864000000,32.016,0.0960000000,USD,500,Hours,AmazonEC2,Compute,Virtual Machines,SKU-ca9c2ba97f0b30fb137ef130,Compute,SPRICE-d7f4030fc2a8b65799f6b437,"{""InstanceType"":""m6i.large"",""InstanceSeries"":""M6i"",""CoreCount"":2,""MemorySize"":8,""OperatingSystem"":""Linux"",""x_Tenancy"":""Shared""}",urn:focus-sample:aws:eu-west-1:200000000011:compute-fleet:fleet129de84aaa60bc87a8a4e50b,fleet129de84aaa60bc87a8a4e50b,Compute Fleet,eu-west-1,EU (Ireland),eu-west-1a,arn:aws:ec2:eu-west-1::reservation/522cd7da8e4e9d0f,EC2ReservedInstance-1yr-NoUpfront,Usage,Reserved Instance,Used,500,Hours,"{""Elements"":[{""ContractId"":""CONTRACT-CD-0004"",""ContractCommitmentId"":""arn:aws:ec2:eu-west-1::reservation/522cd7da8e4e9d0f"",""ContractCommitmentAppliedCost"":32.0160000000,""ContractCommitmentAppliedQuantity"":500,""ContractCommitmentAppliedUnit"":""Hours""}]}",,,,,,,,"{""Environment"":""staging"",""CostCenter"":""cc-2087"",""Owner"":""team-data"",""SyntheticFleetSize"":""500""}"
AWS,AWS,AWS,AWS,AWS,INV-2026-05-0002,100000000002,ExampleCorp Secondary Payer,Payer Account,200000000011,prod-platform,Linked Account,2026-05-01T00:00:00Z,2026-06-01T00:00:00Z,2026-05-22T22:00:00Z,2026-05-22T23:00:00Z,Purchase,,"Reserved Instance commitment, amortised for the charge period",Recurring,32.016,0,32.016,32.016,0.0640320000,0.0640320000,Standard,500,Hours,USD,0.0640320000,0,0.0640320000,USD,,,AmazonEC2,Compute,Virtual Machines,SKU-75736a819098caf502bcad16,Commitment,SPRICE-6dcbfe5c8c0e088d96b30a50,"{""x_PurchaseTerm"":""1yr"",""x_PaymentOption"":""NoUpfront""}",arn:aws:ec2:eu-west-1::reservation/522cd7da8e4e9d0f,reservation-af9776ab8422,Reserved Instance,eu-west-1,EU (Ireland),,arn:aws:ec2:eu-west-1::reservation/522cd7da8e4e9d0f,EC2ReservedInstance-1yr-NoUpfront,Usage,Reserved Instance,,500,Hours,,,,,,,,,"{""Environment"":""dev"",""CostCenter"":""cc-1042"",""Owner"":""team-platform""}"
AWS,AWS,AWS,AWS,AWS,INV-2026-05-0002,100000000002,ExampleCorp Secondary Payer,Payer Account,200000000011,prod-platform,Linked Account,2026-05-01T00:00:00Z,2026-06-01T00:00:00Z,2026-05-22T22:00:00Z,2026-05-22T23:00:00Z,Usage,,AmazonEC2 committed usage of 500 machine-equivalents,Usage-Based,0,32.016,48,43.2,0.0960000000,0.0864000000,Committed,500,Hours,USD,0.0864000000,32.016,0.0960000000,USD,500,Hours,AmazonEC2,Compute,Virtual Machines,SKU-ca9c2ba97f0b30fb137ef130,Compute,SPRICE-d7f4030fc2a8b65799f6b437,"{""InstanceType"":""m6i.large"",""InstanceSeries"":""M6i"",""CoreCount"":2,""MemorySize"":8,""OperatingSystem"":""Linux"",""x_Tenancy"":""Shared""}",urn:focus-sample:aws:eu-west-1:200000000011:compute-fleet:fleet129de84aaa60bc87a8a4e50b,fleet129de84aaa60bc87a8a4e50b,Compute Fleet,eu-west-1,EU (Ireland),eu-west-1a,arn:aws:ec2:eu-west-1::reservation/522cd7da8e4e9d0f,EC2ReservedInstance-1yr-NoUpfront,Usage,Reserved Instance,Used,500,Hours,"{""Elements"":[{""ContractId"":""CONTRACT-CD-0004"",""ContractCommitmentId"":""arn:aws:ec2:eu-west-1::reservation/522cd7da8e4e9d0f"",""ContractCommitmentAppliedCost"":32.0160000000,""ContractCommitmentAppliedQuantity"":500,""ContractCommitmentAppliedUnit"":""Hours""}]}",,,,,,,,"{""Environment"":""dev"",""CostCenter"":""cc-1042"",""Owner"":""team-data"",""SyntheticFleetSize"":""500""}"
AWS,AWS,AWS,AWS,AWS,INV-2026-05-0002,100000000002,ExampleCorp Secondary Payer,Payer Account,200000000011,prod-platform,Linked Account,2026-05-01T00:00:00Z,2026-06-01T00:00:00Z,2026-05-22T23:00:00Z,2026-05-23T00:00:00Z,Purchase,,"Reserved Instance commitment, amortised for the charge period",Recurring,32.016,0,32.016,32.016,0.0640320000,0.0640320000,Standard,500,Hours,USD,0.0640320000,0,0.0640320000,USD,,,AmazonEC2,Compute,Virtual Machines,SKU-75736a819098caf502bcad16,Commitment,SPRICE-6dcbfe5c8c0e088d96b30a50,"{""x_PurchaseTerm"":""1yr"",""x_PaymentOption"":""NoUpfront""}",arn:aws:ec2:eu-west-1::reservation/522cd7da8e4e9d0f,reservation-af9776ab8422,Reserved Instance,eu-west-1,EU (Ireland),,arn:aws:ec2:eu-west-1::reservation/522cd7da8e4e9d0f,EC2ReservedInstance-1yr-NoUpfront,Usage,Reserved Instance,,500,Hours,,,,,,,,,"{""Environment"":""staging"",""CostCenter"":""cc-2087"",""Owner"":""team-data""}"
AWS,AWS,AWS,AWS,AWS,INV-2026-05-0002,100000000002,ExampleCorp Secondary Payer,Payer Account,200000000011,prod-platform,Linked Account,2026-05-01T00:00:00Z,2026-06-01T00:00:00Z,2026-05-22T23:00:00Z,2026-05-23T00:00:00Z,Usage,,AmazonEC2 committed usage of 500 machine-equivalents,Usage-Based,0,32.016,48,43.2,0.0960000000,0.0864000000,Committed,500,Hours,USD,0.0864000000,32.016,0.0960000000,USD,500,Hours,AmazonEC2,Compute,Virtual Machines,SKU-ca9c2ba97f0b30fb137ef130,Compute,SPRICE-d7f4030fc2a8b65799f6b437,"{""InstanceType"":""m6i.large"",""InstanceSeries"":""M6i"",""CoreCount"":2,""MemorySize"":8,""OperatingSystem"":""Linux"",""x_Tenancy"":""Shared""}",urn:focus-sample:aws:eu-west-1:200000000011:compute-fleet:fleet129de84aaa60bc87a8a4e50b,fleet129de84aaa60bc87a8a4e50b,Compute Fleet,eu-west-1,EU (Ireland),eu-west-1a,arn:aws:ec2:eu-west-1::reservation/522cd7da8e4e9d0f,EC2ReservedInstance-1yr-NoUpfront,Usage,Reserved Instance,Used,500,Hours,"{""Elements"":[{""ContractId"":""CONTRACT-CD-0004"",""ContractCommitmentId"":""arn:aws:ec2:eu-west-1::reservation/522cd7da8e4e9d0f"",""ContractCommitmentAppliedCost"":32.0160000000,""ContractCommitmentAppliedQuantity"":500,""ContractCommitmentAppliedUnit"":""Hours""}]}",,,,,,,,"{""Environment"":""staging"",""CostCenter"":""cc-2087"",""Owner"":""team-payments"",""SyntheticFleetSize"":""500""}"
AWS,AWS,AWS,AWS,AWS,INV-2026-05-0002,100000000002,ExampleCorp Secondary Payer,Payer Account,200000000011,prod-platform,Linked Account,2026-05-01T00:00:00Z,2026-06-01T00:00:00Z,2026-05-23T00:00:00Z,2026-05-23T01:00:00Z,Purchase,,"Reserved Instance commitment, amortised for the charge period",Recurring,32.016,0,32.016,32.016,0.0640320000,0.0640320000,Standard,500,Hours,USD,0.0640320000,0,0.0640320000,USD,,,AmazonEC2,Compute,Virtual Machines,SKU-75736a819098caf502bcad16,Commitment,SPRICE-6dcbfe5c8c0e088d96b30a50,"{""x_PurchaseTerm"":""1yr"",""x_PaymentOption"":""NoUpfront""}",arn:aws:ec2:eu-west-1::reservation/522cd7da8e4e9d0f,reservation-af9776ab8422,Reserved Instance,eu-west-1,EU (Ireland),,arn:aws:ec2:eu-west-1::reservation/522cd7da8e4e9d0f,EC2ReservedInstance-1yr-NoUpfront,Usage,Reserved Instance,,500,Hours,,,,,,,,,"{""Environment"":""staging"",""CostCenter"":""cc-3110"",""Owner"":""team-data""}"
AWS,AWS,AWS,AWS,AWS,INV-2026-05-0002,100000000002,ExampleCorp Secondary Payer,Payer Account,200000000011,prod-platform,Linked Account,2026-05-01T00:00:00Z,2026-06-01T00:00:00Z,2026-05-23T00:00:00Z,2026-05-23T01:00:00Z,Usage,,AmazonEC2 committed usage of 500 machine-equivalents,Usage-Based,0,32.016,48,43.2,0.0960000000,0.0864000000,Committed,500,Hours,USD,0.0864000000,32.016,0.0960000000,USD,500,Hours,AmazonEC2,Compute,Virtual Machines,SKU-ca9c2ba97f0b30fb137ef130,Compute,SPRICE-d7f4030fc2a8b65799f6b437,"{""InstanceType"":""m6i.large"",""InstanceSeries"":""M6i"",""CoreCount"":2,""MemorySize"":8,""OperatingSystem"":""Linux"",""x_Tenancy"":""Shared""}",urn:focus-sample:aws:eu-west-1:200000000011:compute-fleet:fleet129de84aaa60bc87a8a4e50b,fleet129de84aaa60bc87a8a4e50b,Compute Fleet,eu-west-1,EU (Ireland),eu-west-1a,arn:aws:ec2:eu-west-1::reservation/522cd7da8e4e9d0f,EC2ReservedInstance-1yr-NoUpfront,Usage,Reserved Instance,Used,500,Hours,"{""Elements"":[{""ContractId"":""CONTRACT-CD-0004"",""ContractCommitmentId"":""arn:aws:ec2:eu-west-1::reservation/522cd7da8e4e9d0f"",""ContractCommitmentAppliedCost"":32.0160000000,""ContractCommitmentAppliedQuantity"":500,""ContractCommitmentAppliedUnit"":""Hours""}]}",,,,,,,,"{""Environment"":""dev"",""CostCenter"":""cc-3110"",""Owner"":""team-payments"",""SyntheticFleetSize"":""500""}"
AWS,AWS,AWS,AWS,AWS,INV-2026-05-0002,100000000002,ExampleCorp Secondary Payer,Payer Account,200000000011,prod-platform,Linked Account,2026-05-01T00:00:00Z,2026-06-01T00:00:00Z,2026-05-23T01:00:00Z,2026-05-23T02:00:00Z,Purchase,,"Reserved Instance commitment, amortised for the charge period",Recurring,32.016,0,32.016,32.016,0.0640320000,0.0640320000,Standard,500,Hours,USD,0.0640320000,0,0.0640320000,USD,,,AmazonEC2,Compute,Virtual Machines,SKU-75736a819098caf502bcad16,Commitment,SPRICE-6dcbfe5c8c0e088d96b30a50,"{""x_PurchaseTerm"":""1yr"",""x_PaymentOption"":""NoUpfront""}",arn:aws:ec2:eu-west-1::reservation/522cd7da8e4e9d0f,reservation-af9776ab8422,Reserved Instance,eu-west-1,EU (Ireland),,arn:aws:ec2:eu-west-1::reservation/522cd7da8e4e9d0f,EC2ReservedInstance-1yr-NoUpfront,Usage,Reserved Instance,,500,Hours,,,,,,,,,"{""Environment"":""staging"",""CostCenter"":""cc-2087"",""Owner"":""team-data""}"
AWS,AWS,AWS,AWS,AWS,INV-2026-05-0002,100000000002,ExampleCorp Secondary Payer,Payer Account,200000000011,prod-platform,Linked Account,2026-05-01T00:00:00Z,2026-06-01T00:00:00Z,2026-05-23T01:00:00Z,2026-05-23T02:00:00Z,Usage,,Reserved Instance unused commitment,Usage-Based,0,32.016,32.016,32.016,0.0640320000,0.0640320000,Committed,500,Hours,USD,0.0640320000,32.016,0.0640320000,USD,,,AmazonEC2,Compute,Virtual Machines,SKU-75736a819098caf502bcad16,Commitment,SPRICE-6dcbfe5c8c0e088d96b30a50,"{""x_PurchaseTerm"":""1yr"",""x_PaymentOption"":""NoUpfront""}",arn:aws:ec2:eu-west-1::reservation/522cd7da8e4e9d0f,reservation-af9776ab8422,Reserved Instance,eu-west-1,EU (Ireland),,arn:aws:ec2:eu-west-1::reservation/522cd7da8e4e9d0f,EC2ReservedInstance-1yr-NoUpfront,Usage,Reserved Instance,Unused,500,Hours,"{""Elements"":[{""ContractId"":""CONTRACT-CD-0004"",""ContractCommitmentId"":""arn:aws:ec2:eu-west-1::reservation/522cd7da8e4e9d0f"",""ContractCommitmentAppliedCost"":32.0160000000,""ContractCommitmentAppliedQuantity"":500,""ContractCommitmentAppliedUnit"":""Hours""}]}",,,,,,,,"{""Environment"":""prod"",""CostCenter"":""cc-3110"",""Owner"":""team-payments""}"
AWS,AWS,AWS,AWS,AWS,INV-2026-05-0002,100000000002,ExampleCorp Secondary Payer,Payer Account,200000000011,prod-platform,Linked Account,2026-05-01T00:00:00Z,2026-06-01T00:00:00Z,2026-05-23T02:00:00Z,2026-05-23T03:00:00Z,Purchase,,"Reserved Instance commitment, amortised for the charge period",Recurring,32.016,0,32.016,32.016,0.0640320000,0.0640320000,Standard,500,Hours,USD,0.0640320000,0,0.0640320000,USD,,,AmazonEC2,Compute,Virtual Machines,SKU-75736a819098caf502bcad16,Commitment,SPRICE-6dcbfe5c8c0e088d96b30a50,"{""x_PurchaseTerm"":""1yr"",""x_PaymentOption"":""NoUpfront""}",arn:aws:ec2:eu-west-1::reservation/522cd7da8e4e9d0f,reservation-af9776ab8422,Reserved Instance,eu-west-1,EU (Ireland),,arn:aws:ec2:eu-west-1::reservation/522cd7da8e4e9d0f,EC2ReservedInstance-1yr-NoUpfront,Usage,Reserved Instance,,500,Hours,,,,,,,,,"{""Environment"":""staging"",""CostCenter"":""cc-2087"",""Owner"":""team-data""}"
AWS,AWS,AWS,AWS,AWS,INV-2026-05-0002,100000000002,ExampleCorp Secondary Payer,Payer Account,200000000011,prod-platform,Linked Account,2026-05-01T00:00:00Z,2026-06-01T00:00:00Z,2026-05-23T02:00:00Z,2026-05-23T03:00:00Z,Usage,,Reserved Instance unused commitment,Usage-Based,0,32.016,32.016,32.016,0.0640320000,0.0640320000,Committed,500,Hours,USD,0.0640320000,32.016,0.0640320000,USD,,,AmazonEC2,Compute,Virtual Machines,SKU-75736a819098caf502bcad16,Commitment,SPRICE-6dcbfe5c8c0e088d96b30a50,"{""x_PurchaseTerm"":""1yr"",""x_PaymentOption"":""NoUpfront""}",arn:aws:ec2:eu-west-1::reservation/522cd7da8e4e9d0f,reservation-af9776ab8422,Reserved Instance,eu-west-1,EU (Ireland),,arn:aws:ec2:eu-west-1::reservation/522cd7da8e4e9d0f,EC2ReservedInstance-1yr-NoUpfront,Usage,Reserved Instance,Unused,500,Hours,"{""Elements"":[{""ContractId"":""CONTRACT-CD-0004"",""ContractCommitmentId"":""arn:aws:ec2:eu-west-1::reservation/522cd7da8e4e9d0f"",""ContractCommitmentAppliedCost"":32.0160000000,""ContractCommitmentAppliedQuantity"":500,""ContractCommitmentAppliedUnit"":""Hours""}]}",,,,,,,,"{""Environment"":""staging"",""CostCenter"":""cc-3110"",""Owner"":""team-data""}"
AWS,AWS,AWS,AWS,AWS,INV-2026-05-0002,100000000002,ExampleCorp Secondary Payer,Payer Account,200000000011,prod-platform,Linked Account,2026-05-01T00:00:00Z,2026-06-01T00:00:00Z,2026-05-23T03:00:00Z,2026-05-23T04:00:00Z,Purchase,,"Reserved Instance commitment, amortised for the charge period",Recurring,32.016,0,32.016,32.016,0.0640320000,0.0640320000,Standard,500,Hours,USD,0.0640320000,0,0.0640320000,USD,,,AmazonEC2,Compute,Virtual Machines,SKU-75736a819098caf502bcad16,Commitment,SPRICE-6dcbfe5c8c0e088d96b30a50,"{""x_PurchaseTerm"":""1yr"",""x_PaymentOption"":""NoUpfront""}",arn:aws:ec2:eu-west-1::reservation/522cd7da8e4e9d0f,reservation-af9776ab8422,Reserved Instance,eu-west-1,EU (Ireland),,arn:aws:ec2:eu-west-1::reservation/522cd7da8e4e9d0f,EC2ReservedInstance-1yr-NoUpfront,Usage,Reserved Instance,,500,Hours,,,,,,,,,"{""Environment"":""staging"",""CostCenter"":""cc-1042"",""Owner"":""team-payments""}"
AWS,AWS,AWS,AWS,AWS,INV-2026-05-0002,100000000002,ExampleCorp Secondary Payer,Payer Account,200000000011,prod-platform,Linked Account,2026-05-01T00:00:00Z,2026-06-01T00:00:00Z,2026-05-23T03:00:00Z,2026-05-23T04:00:00Z,Usage,,Reserved Instance unused commitment,Usage-Based,0,32.016,32.016,32.016,0.0640320000,0.0640320000,Committed,500,Hours,USD,0.0640320000,32.016,0.0640320000,USD,,,AmazonEC2,Compute,Virtual Machines,SKU-75736a819098caf502bcad16,Commitment,SPRICE-6dcbfe5c8c0e088d96b30a50,"{""x_PurchaseTerm"":""1yr"",""x_PaymentOption"":""NoUpfront""}",arn:aws:ec2:eu-west-1::reservation/522cd7da8e4e9d0f,reservation-af9776ab8422,Reserved Instance,eu-west-1,EU (Ireland),,arn:aws:ec2:eu-west-1::reservation/522cd7da8e4e9d0f,EC2ReservedInstance-1yr-NoUpfront,Usage,Reserved Instance,Unused,500,Hours,"{""Elements"":[{""ContractId"":""CONTRACT-CD-0004"",""ContractCommitmentId"":""arn:aws:ec2:eu-west-1::reservation/522cd7da8e4e9d0f"",""ContractCommitmentAppliedCost"":32.0160000000,""ContractCommitmentAppliedQuantity"":500,""ContractCommitmentAppliedUnit"":""Hours""}]}",,,,,,,,"{""Environment"":""staging"",""CostCenter"":""cc-3110"",""Owner"":""team-platform""}"
AWS,AWS,AWS,AWS,AWS,INV-2026-05-0001,100000000001,ExampleCorp Master Payer,Payer Account,200000000012,staging-platform,Linked Account,2026-05-01T00:00:00Z,2026-06-01T00:00:00Z,2026-05-11T00:00:00Z,2026-05-12T00:00:00Z,Usage,,Glue ETL job run,Usage-Based,40.56976,40.56976,40.56976,40.56976,0.4400000000,0.4400000000,Standard,92.2040,DPU-Hours,USD,0.4400000000,40.56976,0.4400000000,USD,92.2040,DPU-Hours,AWSGlue,Analytics,Data Processing,SKU-edd508eddef1abee51edfd3a,Data Processing,SPRICE-d9fcf83357f0862b561e6bf6,"{""x_WorkerType"":""G.1X""}",arn:aws:glue:us-east-1:200000000012:job/job-912f8d2747d2,job-912f8d2747d2,Glue Job,us-east-1,US East (N. Virginia),,,,,,,,,,,,,,,,,"{""Environment"":""staging"",""CostCenter"":""cc-2087"",""Owner"":""team-data""}"
AWS,AWS,AWS,AWS,AWS,INV-2026-05-0001,100000000001,ExampleCorp Master Payer,Payer Account,200000000011,prod-platform,Linked Account,2026-05-01T00:00:00Z,2026-06-01T00:00:00Z,2026-05-12T00:00:00Z,2026-05-13T00:00:00Z,Usage,,NAT gateway data processed,Usage-Based,10.7569755,10.7569755,10.7569755,10.7569755,0.0450000000,0.0450000000,Standard,239.0439,GB,USD,0.0450000000,10.7569755,0.0450000000,USD,239.0439,GB,AmazonVPC,Networking,Network Connectivity,SKU-935abd9125f7268b4f0eb1ad,Data Transfer,SPRICE-130c94d71c797814c8e72b46,"{""x_TransferType"":""InterAZ""}",arn:aws:ec2:us-east-1:200000000011:natgateway/nat-95355781b759,nat-95355781b759,NAT Gateway,us-east-1,US East (N. Virginia),,,,,,,,,,,,,,,,,"{""Environment"":""staging"",""CostCenter"":""cc-1042"",""Owner"":""team-payments""}"
AWS,AWS,AWS,AWS,AWS,INV-2026-05-0001,100000000001,ExampleCorp Master Payer,Payer Account,200000000013,data-analytics,Linked Account,2026-05-01T00:00:00Z,2026-06-01T00:00:00Z,2026-05-13T00:00:00Z,2026-05-14T00:00:00Z,Usage,,Custom metrics,Usage-Based,47.40654,47.40654,47.40654,47.40654,0.3000000000,0.3000000000,Standard,158.0218,Metrics,USD,0.3000000000,47.40654,0.3000000000,USD,158.0218,Metrics,AmazonCloudWatch,Management and Governance,Observability,SKU-7f3902e3f370805f0a245d7f,Monitoring,SPRICE-dae68554fa459d336630e8d7,"{""x_MetricType"":""Custom""}",arn:aws:cloudwatch:ap-southeast-1:200000000013:metric/metric-becbbcae6b84,metric-becbbcae6b84,Metric,ap-southeast-1,Asia Pacific (Singapore),,,,,,,,,,,,,,,,,"{""Environment"":""prod"",""CostCenter"":""cc-3110"",""Owner"":""team-platform""}"
AWS,AWS,AWS,AWS,AWS,INV-2026-05-0001,100000000001,ExampleCorp Master Payer,Payer Account,200000000013,data-analytics,Linked Account,2026-05-01T00:00:00Z,2026-06-01T00:00:00Z,2026-05-01T00:00:00Z,2026-06-01T00:00:00Z,Usage,,S3 Standard storage,Usage-Based,28.955298,28.955298,28.955298,28.955298,0.0230000000,0.0230000000,Standard,1258.9260,GB-Months,USD,0.0230000000,28.955298,0.0230000000,USD,1258.9260,GB-Months,AmazonS3,Storage,Object Storage,SKU-36fb3a972f2cdabe2e87e8f5,Storage,SPRICE-2e0d1e6fc7695c1a2fe50a1a,"{""StorageClass"":""Standard"",""Redundancy"":""Zonal""}",arn:aws:s3:us-west-2:200000000013:bucket/bucket-835de89a656d,bucket-835de89a656d,S3 Bucket,us-west-2,US West (Oregon),,,,,,,,,,,,,,,,,"{""Environment"":""dev"",""CostCenter"":""cc-1042"",""Owner"":""team-platform""}"
AWS,AWS,AWS,AWS,AWS,INV-2026-05-0001,100000000001,ExampleCorp Master Payer,Payer Account,200000000012,staging-platform,Linked Account,2026-05-01T00:00:00Z,2026-06-01T00:00:00Z,2026-05-23T18:00:00Z,2026-05-23T19:00:00Z,Usage,,Lambda function duration,Usage-Based,82.93344510322514,82.93344510322514,82.93344510322514,82.93344510322514,0.0000166667,0.0000166667,Standard,4975996.7542,GB-Seconds,EUR,0.0000153334,76.2987694949671288,0.0000153334,USD,4975996.7542,GB-Seconds,AWSLambda,Compute,Serverless Compute,SKU-10b7f1c880ad0bc78efd30e2,Compute,SPRICE-f698f85a0f5e59cb4990d3c1,"{""x_Runtime"":""python3.12"",""x_Architecture"":""arm64""}",arn:aws:lambda:ap-southeast-1:200000000012:function/fn-84317f6f9725,fn-84317f6f9725,Lambda Function,ap-southeast-1,Asia Pacific (Singapore),,,,,,,,,,,,,,,,,"{""Environment"":""prod"",""CostCenter"":""cc-1042"",""Owner"":""team-platform""}"
AWS,AWS,AWS,AWS,AWS,INV-2026-05-0002,100000000002,ExampleCorp Secondary Payer,Payer Account,200000000013,data-analytics,Linked Account,2026-05-01T00:00:00Z,2026-06-01T00:00:00Z,2026-05-16T00:00:00Z,2026-05-17T00:00:00Z,Usage,,NAT gateway data processed,Usage-Based,8.2361565,8.2361565,8.2361565,8.2361565,0.0450000000,0.0450000000,Standard,183.0257,GB,USD,0.0450000000,8.2361565,0.0450000000,USD,183.0257,GB,AmazonVPC,Networking,Network Connectivity,SKU-0a48b40b1fa86593309c0c4c,Data Transfer,SPRICE-b948c57b4c22bb2955afff1a,"{""x_TransferType"":""InterAZ""}",arn:aws:ec2:ap-southeast-1:200000000013:natgateway/nat-048635c16a9f,nat-048635c16a9f,NAT Gateway,ap-southeast-1,Asia Pacific (Singapore),,,,,,,,,,,,,,,,,"{""Environment"":""dev"",""CostCenter"":""cc-2087"",""Owner"":""team-payments""}"
AWS,AWS,AWS,AWS,AWS,INV-2026-05-0002,100000000002,ExampleCorp Secondary Payer,Payer Account,200000000013,data-analytics,Linked Account,2026-05-01T00:00:00Z,2026-06-01T00:00:00Z,2026-05-19T23:00:00Z,2026-05-20T00:00:00Z,Tax,,Synthetic tax 10% on usage record 456: AmazonRDS,One-Time,0.0216,0.0216,0.024,0.0216,,,,,,EUR,,0.019872,,USD,,,AmazonRDS,Databases,Relational Databases,,,,,,,,,,,,,,,,,,,,,,,,,,"{""Environment"":""dev"",""CostCenter"":""cc-1042"",""Owner"":""team-data""}"
AWS,AWS,AWS,AWS,AWS,INV-2026-05-0002,100000000002,ExampleCorp Secondary Payer,Payer Account,200000000013,data-analytics,Linked Account,2026-05-01T00:00:00Z,2026-06-01T00:00:00Z,2026-05-20T11:00:00Z,2026-05-20T12:00:00Z,Tax,,Synthetic tax 10% on usage record 468: AWSLambda,One-Time,4.628832468646422,4.628832468646422,4.628832468646422,4.628832468646422,,,,,,USD,,4.628832468646422,,USD,,,AWSLambda,Compute,Serverless Compute,,,,,,,,,,,,,,,,,,,,,,,,,,"{""Environment"":""dev"",""CostCenter"":""cc-2087"",""Owner"":""team-platform""}"
AWS,AWS,AWS,AWS,AWS,INV-2026-05-0002,100000000002,ExampleCorp Secondary Payer,Payer Account,200000000012,staging-platform,Linked Account,2026-05-01T00:00:00Z,2026-06-01T00:00:00Z,2026-05-23T22:00:00Z,2026-05-23T23:00:00Z,Usage,,Shared EC2 host cost allocated to workload,Usage-Based,0.0777504,0.0777504,0.0777504,0.0777504,0.0960000000,0.0960000000,Standard,0.8099,Hours,USD,0.0960000000,0.0777504,0.0960000000,USD,0.8099,Hours,AmazonEC2,Compute,Virtual Machines,SKU-736a4dd80178572d8370293d,Compute,SPRICE-c862323f09b487c42efb1c6b,"{""InstanceType"":""m6i.large"",""InstanceSeries"":""M6i"",""CoreCount"":2,""MemorySize"":8,""OperatingSystem"":""Linux"",""x_Tenancy"":""Shared""}",arn:aws:ec2:us-east-1:200000000012:instance/shared-host-966bd17c,shared-host-966bd17c,EC2 Instance,us-east-1,US East (N. Virginia),us-east-1c,,,,,,,,,,,split-even,"{""Elements"":[{""AllocatedRatio"":1,""UsageUnit"":""Hours"",""UsageQuantity"":0.8099,""x_Strategy"":""Even"",""x_Basis"":""Workloads""}]}",arn:aws:eks:us-east-1:200000000012:workload/ingestion-b1ad25,workload-ingestion,"{""workload"":""ingestion"",""CostCenter"":""cc-1042""}","{""Environment"":""prod"",""CostCenter"":""cc-1042"",""Owner"":""team-data""}"
AWS,AWS,AWS,AWS,AWS,INV-2026-05-0001,100000000001,ExampleCorp Master Payer,Payer Account,200000000014,sandbox-dev,Linked Account,2026-05-01T00:00:00Z,2026-06-01T00:00:00Z,2026-05-20T00:00:00Z,2026-05-21T00:00:00Z,Usage,,Glue ETL job run,Usage-Based,53.938236,53.938236,53.938236,53.938236,0.4400000000,0.4400000000,Standard,122.5869,DPU-Hours,USD,0.4400000000,53.938236,0.4400000000,USD,122.5869,DPU-Hours,AWSGlue,Analytics,Data Processing,SKU-d1426392ab27c72810db5ee9,Data Processing,SPRICE-2caf36fd8fbe6a68e682b866,"{""x_WorkerType"":""G.1X""}",arn:aws:glue:ap-southeast-1:200000000014:job/job-56aa394c6e85,job-56aa394c6e85,Glue Job,ap-southeast-1,Asia Pacific (Singapore),,,,,,,,,,,,,,,,,"{""Environment"":""staging"",""CostCenter"":""cc-1042"",""Owner"":""team-platform""}"
AWS,AWS,AWS,AWS,AWS,INV-2026-05-0002,100000000002,ExampleCorp Secondary Payer,Payer Account,200000000014,sandbox-dev,Linked Account,2026-05-01T00:00:00Z,2026-06-01T00:00:00Z,2026-05-24T00:00:00Z,2026-05-24T01:00:00Z,Usage,,Shared EC2 host cost allocated to workload,Usage-Based,0.0900288,0.0900288,0.0900288,0.0900288,0.0960000000,0.0960000000,Standard,0.9378,Hours,USD,0.0960000000,0.0900288,0.0960000000,USD,0.9378,Hours,AmazonEC2,Compute,Virtual Machines,SKU-ca9c2ba97f0b30fb137ef130,Compute,SPRICE-d7f4030fc2a8b65799f6b437,"{""InstanceType"":""m6i.large"",""InstanceSeries"":""M6i"",""CoreCount"":2,""MemorySize"":8,""OperatingSystem"":""Linux"",""x_Tenancy"":""Shared""}",arn:aws:ec2:eu-west-1:200000000014:instance/shared-host-805d9b55,shared-host-805d9b55,EC2 Instance,eu-west-1,EU (Ireland),eu-west-1a,,,,,,,,,,,split-proportional,"{""Elements"":[{""AllocatedRatio"":1,""UsageUnit"":""Hours"",""UsageQuantity"":0.9378,""x_Strategy"":""Proportional"",""x_Basis"":""vCPUSeconds""}]}",arn:aws:eks:eu-west-1:200000000014:workload/search-b07638,workload-search,"{""workload"":""search"",""CostCenter"":""cc-3110""}","{""Environment"":""prod"",""CostCenter"":""cc-2087"",""Owner"":""team-payments""}"
AWS,AWS,AWS,AWS,AWS,INV-2026-05-0002,100000000002,ExampleCorp Secondary Payer,Payer Account,200000000013,data-analytics,Linked Account,2026-05-01T00:00:00Z,2026-06-01T00:00:00Z,2026-05-22T00:00:00Z,2026-05-23T00:00:00Z,Usage,,DynamoDB on-demand write requests,Usage-Based,0.55394406775,0.55394406775,0.55394406775,0.55394406775,0.0000012500,0.0000012500,Standard,443155.2542,Requests,USD,0.0000012500,0.55394406775,0.0000012500,USD,443155.2542,Requests,AmazonDynamoDB,Databases,NoSQL Databases,SKU-fc4e454b36112dd390bf69e4,Database,SPRICE-6e7ea642b1065af97aedd9bf,"{""x_CapacityMode"":""On-Demand""}",arn:aws:dynamodb:eu-west-1:200000000013:table/table-9bf2d774e537,table-9bf2d774e537,DynamoDB Table,eu-west-1,EU (Ireland),,,,,,,,,,,,,,,,,"{""Environment"":""prod"",""CostCenter"":""cc-3110"",""Owner"":""team-platform""}"
AWS,AWS,AWS,AWS,AWS,INV-2026-05-0001,100000000001,ExampleCorp Master Payer,Payer Account,200000000011,prod-platform,Linked Account,2026-05-01T00:00:00Z,2026-06-01T00:00:00Z,2026-05-23T00:00:00Z,2026-05-24T00:00:00Z,Usage,,Glue ETL job run,Usage-Based,27.430744,27.430744,27.430744,27.430744,0.4400000000,0.4400000000,Standard,62.3426,DPU-Hours,USD,0.4400000000,27.430744,0.4400000000,USD,62.3426,DPU-Hours,AWSGlue,Analytics,Data Processing,SKU-118148093a04e718819dbb3f,Data Processing,SPRICE-f140a6944df35cbb51f25679,"{""x_WorkerType"":""G.1X""}",arn:aws:glue:us-west-2:200000000011:job/job-ac1a34d452ea,job-ac1a34d452ea,Glue Job,us-west-2,US West (Oregon),,,,,,,,,,,,,,,,,"{""Environment"":""prod"",""CostCenter"":""cc-3110"",""Owner"":""team-payments""}"
AWS,AWS,AWS,AWS,AWS,INV-2026-05-0002,100000000002,ExampleCorp Secondary Payer,Payer Account,200000000013,data-analytics,Linked Account,2026-05-01T00:00:00Z,2026-06-01T00:00:00Z,2026-05-24T00:00:00Z,2026-05-25T00:00:00Z,Usage,,Custom metrics,Usage-Based,32.66262,32.66262,32.66262,32.66262,0.3000000000,0.3000000000,Standard,108.8754,Metrics,USD,0.3000000000,32.66262,0.3000000000,USD,108.8754,Metrics,AmazonCloudWatch,Management and Governance,Observability,SKU-7f3902e3f370805f0a245d7f,Monitoring,SPRICE-dae68554fa459d336630e8d7,"{""x_MetricType"":""Custom""}",arn:aws:cloudwatch:ap-southeast-1:200000000013:metric/metric-f6e1e054517c,metric-f6e1e054517c,Metric,ap-southeast-1,Asia Pacific (Singapore),,,,,,,,,,,,,,,,,"{""Environment"":""staging"",""CostCenter"":""cc-2087"",""Owner"":""team-payments""}"
AWS,AWS,AWS,AWS,AWS,INV-2026-05-0001,100000000001,ExampleCorp Master Payer,Payer Account,200000000014,sandbox-dev,Linked Account,2026-05-01T00:00:00Z,2026-06-01T00:00:00Z,2026-05-25T00:00:00Z,2026-05-26T00:00:00Z,Usage,,DynamoDB on-demand write requests,Usage-Based,3.1498648665,3.1498648665,3.1498648665,3.1498648665,0.0000012500,0.0000012500,Standard,2519891.8932,Requests,USD,0.0000012500,3.1498648665,0.0000012500,USD,2519891.8932,Requests,AmazonDynamoDB,Databases,NoSQL Databases,SKU-ed668466fc7fc7bc80c6b1e8,Database,SPRICE-c01526413ebdb215913eebd3,"{""x_CapacityMode"":""On-Demand""}",arn:aws:dynamodb:ap-southeast-1:200000000014:table/table-e7089d30c0f7,table-e7089d30c0f7,DynamoDB Table,ap-southeast-1,Asia Pacific (Singapore),,,,,,,,,,,,,,,,,"{""Environment"":""staging"",""CostCenter"":""cc-3110"",""Owner"":""team-platform""}"
AWS,AWS,AWS,AWS,AWS,INV-2026-05-0002,100000000002,ExampleCorp Secondary Payer,Payer Account,200000000011,prod-platform,Linked Account,2026-05-01T00:00:00Z,2026-06-01T00:00:00Z,2026-05-24T05:00:00Z,2026-05-24T06:00:00Z,Usage,,Shared EC2 host cost allocated to workload,Usage-Based,0.0663168,0.0663168,0.0663168,0.0663168,0.0960000000,0.0960000000,Standard,0.6908,Hours,USD,0.0960000000,0.0663168,0.0960000000,USD,0.6908,Hours,AmazonEC2,Compute,Virtual Machines,SKU-ca9c2ba97f0b30fb137ef130,Compute,SPRICE-d7f4030fc2a8b65799f6b437,"{""InstanceType"":""m6i.large"",""InstanceSeries"":""M6i"",""CoreCount"":2,""MemorySize"":8,""OperatingSystem"":""Linux"",""x_Tenancy"":""Shared""}",arn:aws:ec2:eu-west-1:200000000011:instance/shared-host-8ef688ff,shared-host-8ef688ff,EC2 Instance,eu-west-1,EU (Ireland),eu-west-1b,,,,,,,,,,,split-weighted,"{""Elements"":[{""AllocatedRatio"":1,""UsageUnit"":""Hours"",""UsageQuantity"":0.6908,""x_Strategy"":""Weighted"",""x_Basis"":""MemoryBytes""}]}",arn:aws:eks:eu-west-1:200000000011:workload/ingestion-b25237,workload-ingestion,"{""workload"":""ingestion"",""CostCenter"":""cc-1042""}","{""Environment"":""dev"",""CostCenter"":""cc-2087"",""Owner"":""team-payments""}"
AWS,AWS,AWS,AWS,AWS,INV-2026-05-0001,100000000001,ExampleCorp Master Payer,Payer Account,200000000012,staging-platform,Linked Account,2026-05-01T00:00:00Z,2026-06-01T00:00:00Z,2026-05-27T00:00:00Z,2026-05-28T00:00:00Z,Usage,,Custom metrics,Usage-Based,56.44491,56.44491,56.44491,56.44491,0.3000000000,0.3000000000,Standard,188.1497,Metrics,USD,0.3000000000,56.44491,0.3000000000,USD,188.1497,Metrics,AmazonCloudWatch,Management and Governance,Observability,SKU-917addcfe26d359456f585f4,Monitoring,SPRICE-bfed9ccd55f51b42ca94dd2b,"{""x_MetricType"":""Custom""}",arn:aws:cloudwatch:eu-west-1:200000000012:metric/metric-38eff8c011be,metric-38eff8c011be,Metric,eu-west-1,EU (Ireland),,,,,,,,,,,,,,,,,"{""Environment"":""dev"",""CostCenter"":""cc-3110"",""Owner"":""team-payments""}"
AWS,AWS,AWS,AWS,AWS,INV-2026-05-0002,100000000002,ExampleCorp Secondary Payer,Payer Account,200000000012,staging-platform,Linked Account,2026-05-01T00:00:00Z,2026-06-01T00:00:00Z,2026-05-07T12:00:00Z,2026-05-07T13:00:00Z,Tax,,Synthetic tax 10% on usage record 157: AmazonEC2,One-Time,0.0096,0.0096,0.0096,0.0096,,,,,,USD,,0.0096,,USD,,,AmazonEC2,Compute,Virtual Machines,,,,,,,,,,,,,,,,,,,,,,,,,,"{""Environment"":""prod"",""CostCenter"":""cc-1042"",""Owner"":""team-platform""}"
AWS,AWS,AWS,AWS,AWS,INV-2026-05-0002,100000000002,ExampleCorp Secondary Payer,Payer Account,200000000013,data-analytics,Linked Account,2026-05-01T00:00:00Z,2026-06-01T00:00:00Z,2026-05-24T08:00:00Z,2026-05-24T09:00:00Z,Usage,,Shared EC2 host cost allocated to workload,Usage-Based,0.039696,0.039696,0.039696,0.039696,0.0960000000,0.0960000000,Standard,0.4135,Hours,USD,0.0960000000,0.039696,0.0960000000,USD,0.4135,Hours,AmazonEC2,Compute,Virtual Machines,SKU-e0e295f006e6a0732dd5f77b,Compute,SPRICE-98f5ebeb1125d6e984c27bb1,"{""InstanceType"":""m6i.large"",""InstanceSeries"":""M6i"",""CoreCount"":2,""MemorySize"":8,""OperatingSystem"":""Linux"",""x_Tenancy"":""Shared""}",arn:aws:ec2:us-west-2:200000000013:instance/shared-host-8fd6494b,shared-host-8fd6494b,EC2 Instance,us-west-2,US West (Oregon),us-west-2a,,,,,,,,,,,split-weighted,"{""Elements"":[{""AllocatedRatio"":1,""UsageUnit"":""Hours"",""UsageQuantity"":0.4135,""x_Strategy"":""Weighted"",""x_Basis"":""MemoryBytes""}]}",arn:aws:eks:us-west-2:200000000013:workload/billing-7e5c00,workload-billing,"{""workload"":""billing"",""CostCenter"":""cc-2087""}","{""Environment"":""dev"",""CostCenter"":""cc-3110"",""Owner"":""team-platform""}"
AWS,AWS,AWS,AWS,AWS,INV-2026-05-0002,100000000002,ExampleCorp Secondary Payer,Payer Account,200000000012,staging-platform,Linked Account,2026-05-01T00:00:00Z,2026-06-01T00:00:00Z,2026-05-21T01:00:00Z,2026-05-21T02:00:00Z,Tax,,Synthetic tax 10% on usage record 482: AmazonEC2,One-Time,0.00418656,0.00418656,0.00418656,0.00418656,,,,,,USD,,0.00418656,,USD,,,AmazonEC2,Compute,Virtual Machines,,,,,,,,,,,,,,,,,,,,,,,,,,"{""Environment"":""dev"",""CostCenter"":""cc-3110"",""Owner"":""team-platform""}"
AWS,AWS,AWS,AWS,AWS,INV-2026-05-0001,100000000001,ExampleCorp Master Payer,Payer Account,200000000013,data-analytics,Linked Account,2026-05-01T00:00:00Z,2026-06-01T00:00:00Z,2026-05-03T00:00:00Z,2026-05-04T00:00:00Z,Usage,,NAT gateway data processed,Usage-Based,8.3047545,8.3047545,8.3047545,8.3047545,0.0450000000,0.0450000000,Standard,184.5501,GB,USD,0.0450000000,8.3047545,0.0450000000,USD,184.5501,GB,AmazonVPC,Networking,Network Connectivity,SKU-3d9b08c72ec44814e0bd4e25,Data Transfer,SPRICE-5df2ff31768360bf23008ec4,"{""x_TransferType"":""InterAZ""}",arn:aws:ec2:eu-west-1:200000000013:natgateway/nat-1e949eb9ff2a,nat-1e949eb9ff2a,NAT Gateway,eu-west-1,EU (Ireland),,,,,,,,,,,,,,,,,"{""Environment"":""staging"",""CostCenter"":""cc-2087"",""Owner"":""team-platform""}"
AWS,AWS,AWS,AWS,AWS,INV-2026-05-0002,100000000002,ExampleCorp Secondary Payer,Payer Account,200000000013,data-analytics,Linked Account,2026-05-01T00:00:00Z,2026-06-01T00:00:00Z,2026-05-24T11:00:00Z,2026-05-24T12:00:00Z,Usage,,Shared EC2 host cost allocated to workload,Usage-Based,0.0429696,0.0429696,0.0429696,0.0429696,0.0960000000,0.0960000000,Standard,0.4476,Hours,USD,0.0960000000,0.0429696,0.0960000000,USD,0.4476,Hours,AmazonEC2,Compute,Virtual Machines,SKU-093c0d7a3a0491f8523e34c8,Compute,SPRICE-bab283475cbbabd222878e74,"{""InstanceType"":""m6i.large"",""InstanceSeries"":""M6i"",""CoreCount"":2,""MemorySize"":8,""OperatingSystem"":""Linux"",""x_Tenancy"":""Shared""}",arn:aws:ec2:ap-southeast-1:200000000013:instance/shared-host-f36394cb,shared-host-f36394cb,EC2 Instance,ap-southeast-1,Asia Pacific (Singapore),ap-southeast-1b,,,,,,,,,,,split-even,"{""Elements"":[{""AllocatedRatio"":1,""UsageUnit"":""Hours"",""UsageQuantity"":0.4476,""x_Strategy"":""Even"",""x_Basis"":""Workloads""}]}",arn:aws:eks:ap-southeast-1:200000000013:workload/analytics-8042c1,workload-analytics,"{""workload"":""analytics"",""CostCenter"":""cc-2087""}","{""Environment"":""prod"",""CostCenter"":""cc-2087"",""Owner"":""team-platform""}"
AWS,AWS,AWS,AWS,AWS,INV-2026-05-0002,100000000002,ExampleCorp Secondary Payer,Payer Account,200000000011,prod-platform,Linked Account,2026-05-01T00:00:00Z,2026-06-01T00:00:00Z,2026-05-05T00:00:00Z,2026-05-06T00:00:00Z,Usage,,Glue ETL job run,Usage-Based,16.403816,16.403816,16.403816,16.403816,0.4400000000,0.4400000000,Standard,37.2814,DPU-Hours,USD,0.4400000000,16.403816,0.4400000000,USD,37.2814,DPU-Hours,AWSGlue,Analytics,Data Processing,SKU-118148093a04e718819dbb3f,Data Processing,SPRICE-f140a6944df35cbb51f25679,"{""x_WorkerType"":""G.1X""}",arn:aws:glue:us-west-2:200000000011:job/job-cca3760aa03a,job-cca3760aa03a,Glue Job,us-west-2,US West (Oregon),,,,,,,,,,,,,,,,,"{""Environment"":""dev"",""CostCenter"":""cc-3110"",""Owner"":""team-platform""}"
AWS,AWS,AWS,AWS,AWS,INV-2026-05-0002,100000000002,ExampleCorp Secondary Payer,Payer Account,200000000011,prod-platform,Linked Account,2026-05-01T00:00:00Z,2026-06-01T00:00:00Z,2026-05-24T13:00:00Z,2026-05-24T14:00:00Z,Usage,,Shared EC2 host cost allocated to workload,Usage-Based,0.0677568,0.0677568,0.0677568,0.0677568,0.0960000000,0.0960000000,Standard,0.7058,Hours,USD,0.0960000000,0.0677568,0.0960000000,USD,0.7058,Hours,AmazonEC2,Compute,Virtual Machines,SKU-ca9c2ba97f0b30fb137ef130,Compute,SPRICE-d7f4030fc2a8b65799f6b437,"{""InstanceType"":""m6i.large"",""InstanceSeries"":""M6i"",""CoreCount"":2,""MemorySize"":8,""OperatingSystem"":""Linux"",""x_Tenancy"":""Shared""}",arn:aws:ec2:eu-west-1:200000000011:instance/shared-host-ee13ad40,shared-host-ee13ad40,EC2 Instance,eu-west-1,EU (Ireland),eu-west-1a,,,,,,,,,,,split-proportional,"{""Elements"":[{""AllocatedRatio"":1,""UsageUnit"":""Hours"",""UsageQuantity"":0.7058,""x_Strategy"":""Proportional"",""x_Basis"":""vCPUSeconds""}]}",arn:aws:eks:eu-west-1:200000000011:workload/search-d58dda,workload-search,"{""workload"":""search"",""CostCenter"":""cc-3110""}","{""Environment"":""staging"",""CostCenter"":""cc-1042"",""Owner"":""team-platform""}"
AWS,AWS,AWS,AWS,AWS,INV-2026-05-0001,100000000001,ExampleCorp Master Payer,Payer Account,200000000013,data-analytics,Linked Account,2026-05-01T00:00:00Z,2026-06-01T00:00:00Z,2026-05-24T14:00:00Z,2026-05-24T15:00:00Z,Usage,,Lambda function duration,Usage-Based,68.89486072111253,68.89486072111253,68.89486072111253,68.89486072111253,0.0000166667,0.0000166667,Standard,4133683.3759,GB-Seconds,USD,0.0000166667,68.89486072111253,0.0000166667,USD,4133683.3759,GB-Seconds,AWSLambda,Compute,Serverless Compute,SKU-7828f3c3be040bf04a99c13a,Compute,SPRICE-f43f05862dbfbeb78999da05,"{""x_Runtime"":""python3.12"",""x_Architecture"":""arm64""}",arn:aws:lambda:eu-west-1:200000000013:function/fn-7eb3e629e864,fn-7eb3e629e864,Lambda Function,eu-west-1,EU (Ireland),,,,,,,,,,,,,,,,,"{""Environment"":""prod"",""CostCenter"":""cc-2087"",""Owner"":""team-payments""}"
AWS,AWS,AWS,AWS,AWS,INV-2026-05-0002,100000000002,ExampleCorp Secondary Payer,Payer Account,200000000011,prod-platform,Linked Account,2026-05-01T00:00:00Z,2026-06-01T00:00:00Z,2026-05-08T00:00:00Z,2026-05-09T00:00:00Z,Usage,,DynamoDB on-demand write requests,Usage-Based,4.488265219375,4.488265219375,4.488265219375,4.488265219375,0.0000012500,0.0000012500,Standard,3590612.1755,Requests,EUR,0.0000011500,4.129204001825,0.0000011500,USD,3590612.1755,Requests,AmazonDynamoDB,Databases,NoSQL Databases,SKU-fc4e454b36112dd390bf69e4,Database,SPRICE-e5016ee3098c62d64703a46e,"{""x_CapacityMode"":""On-Demand""}",arn:aws:dynamodb:eu-west-1:200000000011:table/table-481d28d7598b,table-481d28d7598b,DynamoDB Table,eu-west-1,EU (Ireland),,,,,,,,,,,,,,,,,"{""Environment"":""staging"",""CostCenter"":""cc-1042"",""Owner"":""team-data""}"
AWS,AWS,AWS,AWS,AWS,INV-2026-05-0001,100000000001,ExampleCorp Master Payer,Payer Account,200000000011,prod-platform,Linked Account,2026-05-01T00:00:00Z,2026-06-01T00:00:00Z,2026-05-12T00:00:00Z,2026-05-13T00:00:00Z,Tax,,Synthetic tax 10% on usage record 544: AmazonVPC,One-Time,1.07569755,1.07569755,1.07569755,1.07569755,,,,,,USD,,1.07569755,,USD,,,AmazonVPC,Networking,Network Connectivity,,,,,,,,,,,,,,,,,,,,,,,,,,"{""Environment"":""staging"",""CostCenter"":""cc-1042"",""Owner"":""team-payments""}"
AWS,AWS,AWS,AWS,AWS,INV-2026-05-0002,100000000002,ExampleCorp Secondary Payer,Payer Account,200000000013,data-analytics,Linked Account,2026-05-01T00:00:00Z,2026-06-01T00:00:00Z,2026-05-10T00:00:00Z,2026-05-11T00:00:00Z,Usage,,NAT gateway data processed,Usage-Based,21.0247245,21.0247245,21.0247245,21.0247245,0.0450000000,0.0450000000,Standard,467.2161,GB,USD,0.0450000000,21.0247245,0.0450000000,USD,467.2161,GB,AmazonVPC,Networking,Network Connectivity,SKU-38ae1a660e2cadb9d64ca8e5,Data Transfer,SPRICE-974405df44bbf0808ce048b9,"{""x_TransferType"":""InterAZ""}",arn:aws:ec2:us-west-2:200000000013:natgateway/nat-70fbcae850f0,nat-70fbcae850f0,NAT Gateway,us-west-2,US West (Oregon),,,,,,,,,,,,,,,,,"{""Environment"":""staging"",""CostCenter"":""cc-1042"",""Owner"":""team-platform""}"
AWS,AWS,AWS,AWS,AWS,INV-2026-05-0002,100000000002,ExampleCorp Secondary Payer,Payer Account,200000000014,sandbox-dev,Linked Account,2026-05-01T00:00:00Z,2026-06-01T00:00:00Z,2026-05-11T00:00:00Z,2026-05-12T00:00:00Z,Usage,,Glue ETL job run,Usage-Based,29.966948,29.966948,29.966948,29.966948,0.4400000000,0.4400000000,Standard,68.1067,DPU-Hours,USD,0.4400000000,29.966948,0.4400000000,USD,68.1067,DPU-Hours,AWSGlue,Analytics,Data Processing,SKU-8cd75c3064ca6c4c85c43ce6,Data Processing,SPRICE-31964d215aa8bccf440b844b,"{""x_WorkerType"":""G.1X""}",arn:aws:glue:eu-west-1:200000000014:job/job-68c7e8b57259,job-68c7e8b57259,Glue Job,eu-west-1,EU (Ireland),,,,,,,,,,,,,,,,,"{""Environment"":""staging"",""CostCenter"":""cc-1042"",""Owner"":""team-data""}"
AWS,AWS,AWS,AWS,AWS,INV-2026-05-0002,100000000002,ExampleCorp Secondary Payer,Payer Account,200000000011,prod-platform,Linked Account,2026-05-01T00:00:00Z,2026-06-01T00:00:00Z,2026-05-01T00:00:00Z,2026-06-01T00:00:00Z,Usage,,S3 Standard storage,Usage-Based,176.9934249,176.9934249,176.9934249,176.9934249,0.0230000000,0.0230000000,Standard,7695.3663,GB-Months,USD,0.0230000000,176.9934249,0.0230000000,USD,7695.3663,GB-Months,AmazonS3,Storage,Object Storage,SKU-6042c508b21761919a0ed516,Storage,SPRICE-d35afe08308f10d3695aa71d,"{""StorageClass"":""Standard"",""Redundancy"":""Zonal""}",arn:aws:s3:eu-west-1:200000000011:bucket/bucket-736d4dd052df,bucket-736d4dd052df,S3 Bucket,eu-west-1,EU (Ireland),,,,,,,,,,,,,,,,,"{""Environment"":""dev"",""CostCenter"":""cc-2087"",""Owner"":""team-payments""}"
AWS,AWS,AWS,AWS,AWS,INV-2026-05-0002,100000000002,ExampleCorp Secondary Payer,Payer Account,200000000011,prod-platform,Linked Account,2026-05-01T00:00:00Z,2026-06-01T00:00:00Z,2026-05-24T20:00:00Z,2026-05-24T21:00:00Z,Usage,,Linux on-demand m6i.large,Usage-Based,0.096,0.096,0.096,0.096,0.0960000000,0.0960000000,Standard,1.0000,Hours,USD,0.0960000000,0.096,0.0960000000,USD,1.0000,Hours,AmazonEC2,Compute,Virtual Machines,SKU-093c0d7a3a0491f8523e34c8,Compute,SPRICE-bab283475cbbabd222878e74,"{""InstanceType"":""m6i.large"",""InstanceSeries"":""M6i"",""CoreCount"":2,""MemorySize"":8,""OperatingSystem"":""Linux"",""x_Tenancy"":""Shared""}",arn:aws:ec2:ap-southeast-1:200000000011:instance/i-a85b48b867cb,i-a85b48b867cb,EC2 Instance,ap-southeast-1,Asia Pacific (Singapore),ap-southeast-1a,,,,,,,,,,,,,,,,"{""Environment"":""prod"",""CostCenter"":""cc-2087"",""Owner"":""team-payments""}"
AWS,AWS,AWS,AWS,AWS,INV-2026-05-0001,100000000001,ExampleCorp Master Payer,Payer Account,200000000012,staging-platform,Linked Account,2026-05-01T00:00:00Z,2026-06-01T00:00:00Z,2026-05-14T00:00:00Z,2026-05-15T00:00:00Z,Purchase,,AmazonCloudWatch subscription fee,Recurring,774.14,774.14,774.14,774.14,774.14,774.14,Standard,1,Units,USD,774.1400000000,774.14,774.1400000000,USD,,,AmazonCloudWatch,Management and Governance,Observability,SKU-d3a03fc094c02e1638375535,Subscription,SPRICE-8e50bea3338e03c01c3b32c9,"{""x_ChargeType"": ""SubscriptionFee""}",arn:aws:cloudwatch:ap-southeast-1:200000000012:metric/metric-1664a41838b7,metric-1664a41838b7,Metric,ap-southeast-1,Asia Pacific (Singapore),,,,,,,,,,,,,,,,,"{""Environment"":""prod"",""CostCenter"":""cc-2087"",""Owner"":""team-payments""}"
AWS,AWS,AWS,AWS,AWS,INV-2026-05-0002,100000000002,ExampleCorp Secondary Payer,Payer Account,200000000013,data-analytics,Linked Account,2026-05-01T00:00:00Z,2026-06-01T00:00:00Z,2026-05-24T22:00:00Z,2026-05-24T23:00:00Z,Usage,,Shared EC2 host cost allocated to workload,Usage-Based,0.0288,0.0288,0.0288,0.0288,0.0960000000,0.0960000000,Standard,0.3000,Hours,USD,0.0960000000,0.0288,0.0960000000,USD,0.3000,Hours,AmazonEC2,Compute,Virtual Machines,SKU-093c0d7a3a0491f8523e34c8,Compute,SPRICE-bab283475cbbabd222878e74,"{""InstanceType"":""m6i.large"",""InstanceSeries"":""M6i"",""CoreCount"":2,""MemorySize"":8,""OperatingSystem"":""Linux"",""x_Tenancy"":""Shared""}",arn:aws:ec2:ap-southeast-1:200000000013:instance/shared-host-4df1896c,shared-host-4df1896c,EC2 Instance,ap-southeast-1,Asia Pacific (Singapore),ap-southeast-1a,,,,,,,,,,,split-even,"{""Elements"":[{""AllocatedRatio"":1,""UsageUnit"":""Hours"",""UsageQuantity"":0.3000,""x_Strategy"":""Even"",""x_Basis"":""Workloads""}]}",arn:aws:eks:ap-southeast-1:200000000013:workload/analytics-42ff8d,workload-analytics,"{""workload"":""analytics"",""CostCenter"":""cc-3110""}","{""Environment"":""staging"",""CostCenter"":""cc-2087"",""Owner"":""team-platform""}"
AWS,AWS,AWS,AWS,AWS,INV-2026-05-0001,100000000001,ExampleCorp Master Payer,Payer Account,200000000014,sandbox-dev,Linked Account,2026-05-01T00:00:00Z,2026-06-01T00:00:00Z,2026-05-16T00:00:00Z,2026-05-17T00:00:00Z,Usage,,Glue ETL job run,Usage-Based,5.363028,5.363028,5.95892,5.363028,0.4400000000,0.3960000000,Standard,13.5430,DPU-Hours,EUR,0.3643200000,4.93398576,0.4048000000,USD,13.5430,DPU-Hours,AWSGlue,Analytics,Data Processing,SKU-d1426392ab27c72810db5ee9,Data Processing,SPRICE-5867ebd0cfa6188b74ea4b3a,"{""x_WorkerType"":""G.1X""}",arn:aws:glue:ap-southeast-1:200000000014:job/job-fbd769b9af9e,job-fbd769b9af9e,Glue Job,ap-southeast-1,Asia Pacific (Singapore),,,,,,,,,"{""Elements"":[{""ContractId"":""CONTRACT-EA-2026-0001"",""ContractCommitmentId"":""CC-EA-SPEND-0001"",""ContractCommitmentAppliedCost"":5.36302800000000}]}",,,,,,,,"{""Environment"":""staging"",""CostCenter"":""cc-1042"",""Owner"":""team-payments""}"
AWS,AWS,AWS,AWS,AWS,INV-2026-05-0001,100000000001,ExampleCorp Master Payer,Payer Account,200000000014,sandbox-dev,Linked Account,2026-05-01T00:00:00Z,2026-06-01T00:00:00Z,2026-05-25T00:00:00Z,2026-05-25T01:00:00Z,Usage,,Shared EC2 host cost allocated to workload,Usage-Based,0.0844704,0.0844704,0.0844704,0.0844704,0.0960000000,0.0960000000,Standard,0.8799,Hours,USD,0.0960000000,0.0844704,0.0960000000,USD,0.8799,Hours,AmazonEC2,Compute,Virtual Machines,SKU-093c0d7a3a0491f8523e34c8,Compute,SPRICE-bab283475cbbabd222878e74,"{""InstanceType"":""m6i.large"",""InstanceSeries"":""M6i"",""CoreCount"":2,""MemorySize"":8,""OperatingSystem"":""Linux"",""x_Tenancy"":""Shared""}",arn:aws:ec2:ap-southeast-1:200000000014:instance/shared-host-bb9a2dfb,shared-host-bb9a2dfb,EC2 Instance,ap-southeast-1,Asia Pacific (Singapore),ap-southeast-1a,,,,,,,,,,,split-proportional,"{""Elements"":[{""AllocatedRatio"":1,""UsageUnit"":""Hours"",""UsageQuantity"":0.8799,""x_Strategy"":""Proportional"",""x_Basis"":""vCPUSeconds""}]}",arn:aws:eks:ap-southeast-1:200000000014:workload/checkout-44ba04,workload-checkout,"{""workload"":""checkout"",""CostCenter"":""cc-2087""}","{""Environment"":""staging"",""CostCenter"":""cc-1042"",""Owner"":""team-data""}"
AWS,AWS,AWS,AWS,AWS,INV-2026-05-0001,100000000001,ExampleCorp Master Payer,Payer Account,200000000011,prod-platform,Linked Account,2026-05-01T00:00:00Z,2026-06-01T00:00:00Z,2026-05-01T00:00:00Z,2026-06-01T00:00:00Z,Usage,,S3 Standard storage,Usage-Based,7.54133913,7.54133913,8.3792657,7.54133913,0.0230000000,0.0207000000,Standard,364.3159,GB-Months,EUR,0.0190440000,6.9380319996,0.0211600000,USD,364.3159,GB-Months,AmazonS3,Storage,Object Storage,SKU-e7cfcc3199bb16b2dd7b1493,Storage,SPRICE-ed63c9c5e5b7a73d112c314c,"{""StorageClass"":""Standard"",""Redundancy"":""Zonal""}",arn:aws:s3:ap-southeast-1:200000000011:bucket/bucket-91da7f676128,bucket-91da7f676128,S3 Bucket,ap-southeast-1,Asia Pacific (Singapore),,,,,,,,,"{""Elements"":[{""ContractId"":""CONTRACT-EA-2026-0001"",""ContractCommitmentId"":""CC-EA-STORAGE-0002"",""ContractCommitmentAppliedCost"":7.54133913000000}]}",,,,,,,,"{""Environment"":""prod"",""CostCenter"":""cc-1042"",""Owner"":""team-payments""}"
AWS,AWS,AWS,AWS,AWS,INV-2026-05-0002,100000000002,ExampleCorp Secondary Payer,Payer Account,200000000011,prod-platform,Linked Account,2026-05-01T00:00:00Z,2026-06-01T00:00:00Z,2026-05-19T00:00:00Z,2026-05-20T00:00:00Z,Usage,,Custom metrics,Usage-Based,6.07989,6.07989,6.07989,6.07989,0.3000000000,0.3000000000,Standard,20.2663,Metrics,USD,0.3000000000,6.07989,0.3000000000,USD,20.2663,Metrics,AmazonCloudWatch,Management and Governance,Observability,SKU-2491f45dad51aaef563400a5,Monitoring,SPRICE-5131bac450b55b26fd0cdc7e,"{""x_MetricType"":""Custom""}",arn:aws:cloudwatch:us-east-1:200000000011:metric/metric-169f7760860a,metric-169f7760860a,Metric,us-east-1,US East (N. Virginia),,,,,,,,,,,,,,,,,"{""Environment"":""prod"",""CostCenter"":""cc-1042"",""Owner"":""team-payments""}"
AWS,AWS,AWS,AWS,AWS,INV-2026-05-0002,100000000002,ExampleCorp Secondary Payer,Payer Account,200000000014,sandbox-dev,Linked Account,2026-05-01T00:00:00Z,2026-06-01T00:00:00Z,2026-05-01T00:00:00Z,2026-06-01T00:00:00Z,Usage,,S3 Standard storage,Usage-Based,97.7071464,97.7071464,97.7071464,97.7071464,0.0230000000,0.0230000000,Standard,4248.1368,GB-Months,USD,0.0230000000,97.7071464,0.0230000000,USD,4248.1368,GB-Months,AmazonS3,Storage,Object Storage,SKU-6042c508b21761919a0ed516,Storage,SPRICE-d35afe08308f10d3695aa71d,"{""StorageClass"":""Standard"",""Redundancy"":""Zonal""}",arn:aws:s3:eu-west-1:200000000014:bucket/bucket-e9a56e1d178a,bucket-e9a56e1d178a,S3 Bucket,eu-west-1,EU (Ireland),,,,,,,,,,,,,,,,,"{""Environment"":""dev"",""CostCenter"":""cc-3110"",""Owner"":""team-platform""}"
AWS,AWS,AWS,AWS,AWS,INV-2026-05-0002,100000000002,ExampleCorp Secondary Payer,Payer Account,200000000013,data-analytics,Linked Account,2026-05-01T00:00:00Z,2026-06-01T00:00:00Z,2026-05-21T05:00:00Z,2026-05-21T06:00:00Z,Tax,,Synthetic tax 10% on usage record 486: AmazonRDS,One-Time,0.024,0.024,0.024,0.024,,,,,,USD,,0.024,,USD,,,AmazonRDS,Databases,Relational Databases,,,,,,,,,,,,,,,,,,,,,,,,,,"{""Environment"":""dev"",""CostCenter"":""cc-2087"",""Owner"":""team-data""}"
AWS,AWS,AWS,AWS,AWS,INV-2026-05-0001,100000000001,ExampleCorp Master Payer,Payer Account,200000000014,sandbox-dev,Linked Account,2026-05-01T00:00:00Z,2026-06-01T00:00:00Z,2026-05-22T00:00:00Z,2026-05-23T00:00:00Z,Purchase,,AWSLambda subscription fee,Recurring,722.74,722.74,722.74,722.74,722.74,722.74,Standard,1,Units,USD,722.7400000000,722.74,722.7400000000,USD,,,AWSLambda,Compute,Serverless Compute,SKU-7efa2010fc4715e2d5605c6d,Subscription,SPRICE-14e8522fdfe081d7b39aa76a,"{""x_ChargeType"": ""SubscriptionFee""}",arn:aws:lambda:us-west-2:200000000014:function/fn-9db1bb83f646,fn-9db1bb83f646,Lambda Function,us-west-2,US West (Oregon),,,,,,,,,,,,,,,,,"{""Environment"":""staging"",""CostCenter"":""cc-3110"",""Owner"":""team-data""}"
AWS,AWS,AWS,AWS,AWS,INV-2026-05-0001,100000000001,ExampleCorp Master Payer,Payer Account,200000000014,sandbox-dev,Linked Account,2026-05-01T00:00:00Z,2026-06-01T00:00:00Z,2026-05-25T06:00:00Z,2026-05-25T07:00:00Z,Usage,,Shared EC2 host cost allocated to workload,Usage-Based,0.0520896,0.0520896,0.0520896,0.0520896,0.0960000000,0.0960000000,Standard,0.5426,Hours,USD,0.0960000000,0.0520896,0.0960000000,USD,0.5426,Hours,AmazonEC2,Compute,Virtual Machines,SKU-e0e295f006e6a0732dd5f77b,Compute,SPRICE-98f5ebeb1125d6e984c27bb1,"{""InstanceType"":""m6i.large"",""InstanceSeries"":""M6i"",""CoreCount"":2,""MemorySize"":8,""OperatingSystem"":""Linux"",""x_Tenancy"":""Shared""}",arn:aws:ec2:us-west-2:200000000014:instance/shared-host-96c02cf4,shared-host-96c02cf4,EC2 Instance,us-west-2,US West (Oregon),us-west-2a,,,,,,,,,,,split-even,"{""Elements"":[{""AllocatedRatio"":1,""UsageUnit"":""Hours"",""UsageQuantity"":0.5426,""x_Strategy"":""Even"",""x_Basis"":""Workloads""}]}",arn:aws:eks:us-west-2:200000000014:workload/search-3fdb22,workload-search,"{""workload"":""search"",""CostCenter"":""cc-3110""}","{""Environment"":""prod"",""CostCenter"":""cc-3110"",""Owner"":""team-payments""}"
AWS,AWS,AWS,AWS,AWS,INV-2026-05-0002,100000000002,ExampleCorp Secondary Payer,Payer Account,200000000011,prod-platform,Linked Account,2026-05-01T00:00:00Z,2026-06-01T00:00:00Z,2026-05-24T00:00:00Z,2026-05-25T00:00:00Z,Usage,,Glue ETL job run,Usage-Based,19.9386,19.9386,19.9386,19.9386,0.4400000000,0.4400000000,Standard,45.3150,DPU-Hours,USD,0.4400000000,19.9386,0.4400000000,USD,45.3150,DPU-Hours,AWSGlue,Analytics,Data Processing,SKU-118148093a04e718819dbb3f,Data Processing,SPRICE-f140a6944df35cbb51f25679,"{""x_WorkerType"":""G.1X""}",arn:aws:glue:us-west-2:200000000011:job/job-91f469b8bc6f,job-91f469b8bc6f,Glue Job,us-west-2,US West (Oregon),,,,,,,,,,,,,,,,,"{""Environment"":""prod"",""CostCenter"":""cc-2087"",""Owner"":""team-platform""}"
AWS,AWS,AWS,AWS,AWS,INV-2026-05-0002,100000000002,ExampleCorp Secondary Payer,Payer Account,200000000011,prod-platform,Linked Account,2026-05-01T00:00:00Z,2026-06-01T00:00:00Z,2026-05-25T00:00:00Z,2026-05-26T00:00:00Z,Usage,,DynamoDB on-demand write requests,Usage-Based,1.528529816475,1.528529816475,1.69836646275,1.528529816475,0.0000012500,0.0000011250,Standard,1358693.1702,Requests,USD,0.0000011250,1.528529816475,0.0000012500,USD,1358693.1702,Requests,AmazonDynamoDB,Databases,NoSQL Databases,SKU-ed668466fc7fc7bc80c6b1e8,Database,SPRICE-c01526413ebdb215913eebd3,"{""x_CapacityMode"":""On-Demand""}",arn:aws:dynamodb:ap-southeast-1:200000000011:table/table-b1bb1a7ec521,table-b1bb1a7ec521,DynamoDB Table,ap-southeast-1,Asia Pacific (Singapore),,,,,,,,,"{""Elements"":[{""ContractId"":""CONTRACT-EA-2026-0001"",""ContractCommitmentId"":""CC-EA-SPEND-0001"",""ContractCommitmentAppliedCost"":1.52852981647500}]}",,,,,,,,"{""Environment"":""prod"",""CostCenter"":""cc-2087"",""Owner"":""team-platform""}"
AWS,AWS,AWS,AWS,AWS,INV-2026-05-0001,100000000001,ExampleCorp Master Payer,Payer Account,200000000013,data-analytics,Linked Account,2026-05-01T00:00:00Z,2026-06-01T00:00:00Z,2026-05-25T09:00:00Z,2026-05-25T10:00:00Z,Usage,,Shared EC2 host cost allocated to workload,Usage-Based,0.0638016,0.0638016,0.0638016,0.0638016,0.0960000000,0.0960000000,Standard,0.6646,Hours,USD,0.0960000000,0.0638016,0.0960000000,USD,0.6646,Hours,AmazonEC2,Compute,Virtual Machines,SKU-736a4dd80178572d8370293d,Compute,SPRICE-c862323f09b487c42efb1c6b,"{""InstanceType"":""m6i.large"",""InstanceSeries"":""M6i"",""CoreCount"":2,""MemorySize"":8,""OperatingSystem"":""Linux"",""x_Tenancy"":""Shared""}",arn:aws:ec2:us-east-1:200000000013:instance/shared-host-3879ccb9,shared-host-3879ccb9,EC2 Instance,us-east-1,US East (N. Virginia),us-east-1a,,,,,,,,,,,split-proportional,"{""Elements"":[{""AllocatedRatio"":1,""UsageUnit"":""Hours"",""UsageQuantity"":0.6646,""x_Strategy"":""Proportional"",""x_Basis"":""vCPUSeconds""}]}",arn:aws:eks:us-east-1:200000000013:workload/search-9bbe3e,workload-search,"{""workload"":""search"",""CostCenter"":""cc-2087""}","{""Environment"":""dev"",""CostCenter"":""cc-1042"",""Owner"":""team-platform""}"
AWS,AWS,AWS,AWS,AWS,INV-2026-05-0002,100000000002,ExampleCorp Secondary Payer,Payer Account,200000000012,staging-platform,Linked Account,2026-05-01T00:00:00Z,2026-06-01T00:00:00Z,2026-05-25T10:00:00Z,2026-05-25T11:00:00Z,Purchase,,"Savings Plan commitment, amortised for the charge period",Recurring,32.016,0,32.016,32.016,1,1,Standard,32.016,USD,USD,1.0000000000,0,1.0000000000,USD,,,AmazonEC2,Compute,Virtual Machines,SKU-5eb1e2ab28142b5f4f0ae8ff,Commitment,SPRICE-a77a79a05a2a7b1bbba559dc,"{""x_PurchaseTerm"":""1yr"",""x_PaymentOption"":""NoUpfront""}",arn:aws:savingsplans:us-west-2::savingsplan/499f0afc27b1f25a,savingsplan-0cafd2a529a9,Savings Plan,us-west-2,US West (Oregon),,arn:aws:savingsplans:us-west-2::savingsplan/499f0afc27b1f25a,ComputeSavingsPlan-1yr-NoUpfront,Spend,Savings Plan,,32.016,USD,,,,,,,,,"{""Environment"":""dev"",""CostCenter"":""cc-3110"",""Owner"":""team-data""}"
AWS,AWS,AWS,AWS,AWS,INV-2026-05-0002,100000000002,ExampleCorp Secondary Payer,Payer Account,200000000012,staging-platform,Linked Account,2026-05-01T00:00:00Z,2026-06-01T00:00:00Z,2026-05-25T10:00:00Z,2026-05-25T11:00:00Z,Usage,,AmazonEC2 committed usage of 500 machine-equivalents,Usage-Based,0,32.016,48,43.2,0.0960000000,0.0864000000,Committed,500,Hours,USD,0.0864000000,32.016,0.0960000000,USD,500,Hours,AmazonEC2,Compute,Virtual Machines,SKU-e0e295f006e6a0732dd5f77b,Compute,SPRICE-98f5ebeb1125d6e984c27bb1,"{""InstanceType"":""m6i.large"",""InstanceSeries"":""M6i"",""CoreCount"":2,""MemorySize"":8,""OperatingSystem"":""Linux"",""x_Tenancy"":""Shared""}",urn:focus-sample:aws:us-west-2:200000000012:compute-fleet:fleet843c811d98e5d2b839bb6461,fleet843c811d98e5d2b839bb6461,Compute Fleet,us-west-2,US West (Oregon),us-west-2a,arn:aws:savingsplans:us-west-2::savingsplan/499f0afc27b1f25a,ComputeSavingsPlan-1yr-NoUpfront,Spend,Savings Plan,Used,32.016,USD,"{""Elements"":[{""ContractId"":""CONTRACT-CD-0004"",""ContractCommitmentId"":""arn:aws:savingsplans:us-west-2::savingsplan/499f0afc27b1f25a"",""ContractCommitmentAppliedCost"":32.0160000000}]}",,,,,,,,"{""Environment"":""dev"",""CostCenter"":""cc-2087"",""Owner"":""team-platform"",""SyntheticFleetSize"":""500""}"
AWS,AWS,AWS,AWS,AWS,INV-2026-05-0002,100000000002,ExampleCorp Secondary Payer,Payer Account,200000000012,staging-platform,Linked Account,2026-05-01T00:00:00Z,2026-06-01T00:00:00Z,2026-05-25T11:00:00Z,2026-05-25T12:00:00Z,Purchase,,"Savings Plan commitment, amortised for the charge period",Recurring,32.016,0,32.016,32.016,1,1,Standard,32.016,USD,USD,1.0000000000,0,1.0000000000,USD,,,AmazonEC2,Compute,Virtual Machines,SKU-5eb1e2ab28142b5f4f0ae8ff,Commitment,SPRICE-a77a79a05a2a7b1bbba559dc,"{""x_PurchaseTerm"":""1yr"",""x_PaymentOption"":""NoUpfront""}",arn:aws:savingsplans:us-west-2::savingsplan/499f0afc27b1f25a,savingsplan-0cafd2a529a9,Savings Plan,us-west-2,US West (Oregon),,arn:aws:savingsplans:us-west-2::savingsplan/499f0afc27b1f25a,ComputeSavingsPlan-1yr-NoUpfront,Spend,Savings Plan,,32.016,USD,,,,,,,,,"{""Environment"":""prod"",""CostCenter"":""cc-1042"",""Owner"":""team-payments""}"
AWS,AWS,AWS,AWS,AWS,INV-2026-05-0002,100000000002,ExampleCorp Secondary Payer,Payer Account,200000000012,staging-platform,Linked Account,2026-05-01T00:00:00Z,2026-06-01T00:00:00Z,2026-05-25T11:00:00Z,2026-05-25T12:00:00Z,Usage,,AmazonEC2 committed usage of 500 machine-equivalents,Usage-Based,0,32.016,48,43.2,0.0960000000,0.0864000000,Committed,500,Hours,USD,0.0864000000,32.016,0.0960000000,USD,500,Hours,AmazonEC2,Compute,Virtual Machines,SKU-e0e295f006e6a0732dd5f77b,Compute,SPRICE-98f5ebeb1125d6e984c27bb1,"{""InstanceType"":""m6i.large"",""InstanceSeries"":""M6i"",""CoreCount"":2,""MemorySize"":8,""OperatingSystem"":""Linux"",""x_Tenancy"":""Shared""}",urn:focus-sample:aws:us-west-2:200000000012:compute-fleet:fleet843c811d98e5d2b839bb6461,fleet843c811d98e5d2b839bb6461,Compute Fleet,us-west-2,US West (Oregon),us-west-2a,arn:aws:savingsplans:us-west-2::savingsplan/499f0afc27b1f25a,ComputeSavingsPlan-1yr-NoUpfront,Spend,Savings Plan,Used,32.016,USD,"{""Elements"":[{""ContractId"":""CONTRACT-CD-0004"",""ContractCommitmentId"":""arn:aws:savingsplans:us-west-2::savingsplan/499f0afc27b1f25a"",""ContractCommitmentAppliedCost"":32.0160000000}]}",,,,,,,,"{""Environment"":""dev"",""CostCenter"":""cc-1042"",""Owner"":""team-data"",""SyntheticFleetSize"":""500""}"
AWS,AWS,AWS,AWS,AWS,INV-2026-05-0002,100000000002,ExampleCorp Secondary Payer,Payer Account,200000000012,staging-platform,Linked Account,2026-05-01T00:00:00Z,2026-06-01T00:00:00Z,2026-05-25T12:00:00Z,2026-05-25T13:00:00Z,Purchase,,"Savings Plan commitment, amortised for the charge period",Recurring,32.016,0,32.016,32.016,1,1,Standard,32.016,USD,USD,1.0000000000,0,1.0000000000,USD,,,AmazonEC2,Compute,Virtual Machines,SKU-5eb1e2ab28142b5f4f0ae8ff,Commitment,SPRICE-a77a79a05a2a7b1bbba559dc,"{""x_PurchaseTerm"":""1yr"",""x_PaymentOption"":""NoUpfront""}",arn:aws:savingsplans:us-west-2::savingsplan/499f0afc27b1f25a,savingsplan-0cafd2a529a9,Savings Plan,us-west-2,US West (Oregon),,arn:aws:savingsplans:us-west-2::savingsplan/499f0afc27b1f25a,ComputeSavingsPlan-1yr-NoUpfront,Spend,Savings Plan,,32.016,USD,,,,,,,,,"{""Environment"":""staging"",""CostCenter"":""cc-3110"",""Owner"":""team-platform""}"
AWS,AWS,AWS,AWS,AWS,INV-2026-05-0002,100000000002,ExampleCorp Secondary Payer,Payer Account,200000000012,staging-platform,Linked Account,2026-05-01T00:00:00Z,2026-06-01T00:00:00Z,2026-05-25T12:00:00Z,2026-05-25T13:00:00Z,Usage,,AmazonEC2 committed usage of 500 machine-equivalents,Usage-Based,0,32.016,48,43.2,0.0960000000,0.0864000000,Committed,500,Hours,USD,0.0864000000,32.016,0.0960000000,USD,500,Hours,AmazonEC2,Compute,Virtual Machines,SKU-e0e295f006e6a0732dd5f77b,Compute,SPRICE-98f5ebeb1125d6e984c27bb1,"{""InstanceType"":""m6i.large"",""InstanceSeries"":""M6i"",""CoreCount"":2,""MemorySize"":8,""OperatingSystem"":""Linux"",""x_Tenancy"":""Shared""}",urn:focus-sample:aws:us-west-2:200000000012:compute-fleet:fleet843c811d98e5d2b839bb6461,fleet843c811d98e5d2b839bb6461,Compute Fleet,us-west-2,US West (Oregon),us-west-2a,arn:aws:savingsplans:us-west-2::savingsplan/499f0afc27b1f25a,ComputeSavingsPlan-1yr-NoUpfront,Spend,Savings Plan,Used,32.016,USD,"{""Elements"":[{""ContractId"":""CONTRACT-CD-0004"",""ContractCommitmentId"":""arn:aws:savingsplans:us-west-2::savingsplan/499f0afc27b1f25a"",""ContractCommitmentAppliedCost"":32.0160000000}]}",,,,,,,,"{""Environment"":""dev"",""CostCenter"":""cc-3110"",""Owner"":""team-platform"",""SyntheticFleetSize"":""500""}"
AWS,AWS,AWS,AWS,AWS,INV-2026-05-0002,100000000002,ExampleCorp Secondary Payer,Payer Account,200000000012,staging-platform,Linked Account,2026-05-01T00:00:00Z,2026-06-01T00:00:00Z,2026-05-25T13:00:00Z,2026-05-25T14:00:00Z,Purchase,,"Savings Plan commitment, amortised for the charge period",Recurring,32.016,0,32.016,32.016,1,1,Standard,32.016,USD,USD,1.0000000000,0,1.0000000000,USD,,,AmazonEC2,Compute,Virtual Machines,SKU-5eb1e2ab28142b5f4f0ae8ff,Commitment,SPRICE-a77a79a05a2a7b1bbba559dc,"{""x_PurchaseTerm"":""1yr"",""x_PaymentOption"":""NoUpfront""}",arn:aws:savingsplans:us-west-2::savingsplan/499f0afc27b1f25a,savingsplan-0cafd2a529a9,Savings Plan,us-west-2,US West (Oregon),,arn:aws:savingsplans:us-west-2::savingsplan/499f0afc27b1f25a,ComputeSavingsPlan-1yr-NoUpfront,Spend,Savings Plan,,32.016,USD,,,,,,,,,"{""Environment"":""dev"",""CostCenter"":""cc-3110"",""Owner"":""team-payments""}"
AWS,AWS,AWS,AWS,AWS,INV-2026-05-0002,100000000002,ExampleCorp Secondary Payer,Payer Account,200000000012,staging-platform,Linked Account,2026-05-01T00:00:00Z,2026-06-01T00:00:00Z,2026-05-25T13:00:00Z,2026-05-25T14:00:00Z,Usage,,AmazonEC2 committed usage of 500 machine-equivalents,Usage-Based,0,32.016,48,43.2,0.0960000000,0.0864000000,Committed,500,Hours,USD,0.0864000000,32.016,0.0960000000,USD,500,Hours,AmazonEC2,Compute,Virtual Machines,SKU-e0e295f006e6a0732dd5f77b,Compute,SPRICE-98f5ebeb1125d6e984c27bb1,"{""InstanceType"":""m6i.large"",""InstanceSeries"":""M6i"",""CoreCount"":2,""MemorySize"":8,""OperatingSystem"":""Linux"",""x_Tenancy"":""Shared""}",urn:focus-sample:aws:us-west-2:200000000012:compute-fleet:fleet843c811d98e5d2b839bb6461,fleet843c811d98e5d2b839bb6461,Compute Fleet,us-west-2,US West (Oregon),us-west-2a,arn:aws:savingsplans:us-west-2::savingsplan/499f0afc27b1f25a,ComputeSavingsPlan-1yr-NoUpfront,Spend,Savings Plan,Used,32.016,USD,"{""Elements"":[{""ContractId"":""CONTRACT-CD-0004"",""ContractCommitmentId"":""arn:aws:savingsplans:us-west-2::savingsplan/499f0afc27b1f25a"",""ContractCommitmentAppliedCost"":32.0160000000}]}",,,,,,,,"{""Environment"":""prod"",""CostCenter"":""cc-2087"",""Owner"":""team-platform"",""SyntheticFleetSize"":""500""}"
AWS,AWS,AWS,AWS,AWS,INV-2026-05-0002,100000000002,ExampleCorp Secondary Payer,Payer Account,200000000012,staging-platform,Linked Account,2026-05-01T00:00:00Z,2026-06-01T00:00:00Z,2026-05-25T14:00:00Z,2026-05-25T15:00:00Z,Purchase,,"Savings Plan commitment, amortised for the charge period",Recurring,32.016,0,32.016,32.016,1,1,Standard,32.016,USD,USD,1.0000000000,0,1.0000000000,USD,,,AmazonEC2,Compute,Virtual Machines,SKU-5eb1e2ab28142b5f4f0ae8ff,Commitment,SPRICE-a77a79a05a2a7b1bbba559dc,"{""x_PurchaseTerm"":""1yr"",""x_PaymentOption"":""NoUpfront""}",arn:aws:savingsplans:us-west-2::savingsplan/499f0afc27b1f25a,savingsplan-0cafd2a529a9,Savings Plan,us-west-2,US West (Oregon),,arn:aws:savingsplans:us-west-2::savingsplan/499f0afc27b1f25a,ComputeSavingsPlan-1yr-NoUpfront,Spend,Savings Plan,,32.016,USD,,,,,,,,,"{""Environment"":""dev"",""CostCenter"":""cc-1042"",""Owner"":""team-platform""}"
AWS,AWS,AWS,AWS,AWS,INV-2026-05-0002,100000000002,ExampleCorp Secondary Payer,Payer Account,200000000012,staging-platform,Linked Account,2026-05-01T00:00:00Z,2026-06-01T00:00:00Z,2026-05-25T14:00:00Z,2026-05-25T15:00:00Z,Usage,,AmazonEC2 committed usage of 500 machine-equivalents,Usage-Based,0,32.016,48,43.2,0.0960000000,0.0864000000,Committed,500,Hours,USD,0.0864000000,32.016,0.0960000000,USD,500,Hours,AmazonEC2,Compute,Virtual Machines,SKU-e0e295f006e6a0732dd5f77b,Compute,SPRICE-98f5ebeb1125d6e984c27bb1,"{""InstanceType"":""m6i.large"",""InstanceSeries"":""M6i"",""CoreCount"":2,""MemorySize"":8,""OperatingSystem"":""Linux"",""x_Tenancy"":""Shared""}",urn:focus-sample:aws:us-west-2:200000000012:compute-fleet:fleet843c811d98e5d2b839bb6461,fleet843c811d98e5d2b839bb6461,Compute Fleet,us-west-2,US West (Oregon),us-west-2a,arn:aws:savingsplans:us-west-2::savingsplan/499f0afc27b1f25a,ComputeSavingsPlan-1yr-NoUpfront,Spend,Savings Plan,Used,32.016,USD,"{""Elements"":[{""ContractId"":""CONTRACT-CD-0004"",""ContractCommitmentId"":""arn:aws:savingsplans:us-west-2::savingsplan/499f0afc27b1f25a"",""ContractCommitmentAppliedCost"":32.0160000000}]}",,,,,,,,"{""Environment"":""dev"",""CostCenter"":""cc-3110"",""Owner"":""team-data"",""SyntheticFleetSize"":""500""}"
AWS,AWS,AWS,AWS,AWS,INV-2026-05-0002,100000000002,ExampleCorp Secondary Payer,Payer Account,200000000012,staging-platform,Linked Account,2026-05-01T00:00:00Z,2026-06-01T00:00:00Z,2026-05-25T15:00:00Z,2026-05-25T16:00:00Z,Purchase,,"Savings Plan commitment, amortised for the charge period",Recurring,32.016,0,32.016,32.016,1,1,Standard,32.016,USD,USD,1.0000000000,0,1.0000000000,USD,,,AmazonEC2,Compute,Virtual Machines,SKU-5eb1e2ab28142b5f4f0ae8ff,Commitment,SPRICE-a77a79a05a2a7b1bbba559dc,"{""x_PurchaseTerm"":""1yr"",""x_PaymentOption"":""NoUpfront""}",arn:aws:savingsplans:us-west-2::savingsplan/499f0afc27b1f25a,savingsplan-0cafd2a529a9,Savings Plan,us-west-2,US West (Oregon),,arn:aws:savingsplans:us-west-2::savingsplan/499f0afc27b1f25a,ComputeSavingsPlan-1yr-NoUpfront,Spend,Savings Plan,,32.016,USD,,,,,,,,,"{""Environment"":""dev"",""CostCenter"":""cc-3110"",""Owner"":""team-payments""}"
AWS,AWS,AWS,AWS,AWS,INV-2026-05-0002,100000000002,ExampleCorp Secondary Payer,Payer Account,200000000012,staging-platform,Linked Account,2026-05-01T00:00:00Z,2026-06-01T00:00:00Z,2026-05-25T15:00:00Z,2026-05-25T16:00:00Z,Usage,,AmazonEC2 committed usage of 500 machine-equivalents,Usage-Based,0,32.016,48,43.2,0.0960000000,0.0864000000,Committed,500,Hours,USD,0.0864000000,32.016,0.0960000000,USD,500,Hours,AmazonEC2,Compute,Virtual Machines,SKU-e0e295f006e6a0732dd5f77b,Compute,SPRICE-98f5ebeb1125d6e984c27bb1,"{""InstanceType"":""m6i.large"",""InstanceSeries"":""M6i"",""CoreCount"":2,""MemorySize"":8,""OperatingSystem"":""Linux"",""x_Tenancy"":""Shared""}",urn:focus-sample:aws:us-west-2:200000000012:compute-fleet:fleet843c811d98e5d2b839bb6461,fleet843c811d98e5d2b839bb6461,Compute Fleet,us-west-2,US West (Oregon),us-west-2a,arn:aws:savingsplans:us-west-2::savingsplan/499f0afc27b1f25a,ComputeSavingsPlan-1yr-NoUpfront,Spend,Savings Plan,Used,32.016,USD,"{""Elements"":[{""ContractId"":""CONTRACT-CD-0004"",""ContractCommitmentId"":""arn:aws:savingsplans:us-west-2::savingsplan/499f0afc27b1f25a"",""ContractCommitmentAppliedCost"":32.0160000000}]}",,,,,,,,"{""Environment"":""staging"",""CostCenter"":""cc-3110"",""Owner"":""team-payments"",""SyntheticFleetSize"":""500""}"
AWS,AWS,AWS,AWS,AWS,INV-2026-05-0002,100000000002,ExampleCorp Secondary Payer,Payer Account,200000000012,staging-platform,Linked Account,2026-05-01T00:00:00Z,2026-06-01T00:00:00Z,2026-05-25T16:00:00Z,2026-05-25T17:00:00Z,Purchase,,"Savings Plan commitment, amortised for the charge period",Recurring,32.016,0,32.016,32.016,1,1,Standard,32.016,USD,USD,1.0000000000,0,1.0000000000,USD,,,AmazonEC2,Compute,Virtual Machines,SKU-5eb1e2ab28142b5f4f0ae8ff,Commitment,SPRICE-a77a79a05a2a7b1bbba559dc,"{""x_PurchaseTerm"":""1yr"",""x_PaymentOption"":""NoUpfront""}",arn:aws:savingsplans:us-west-2::savingsplan/499f0afc27b1f25a,savingsplan-0cafd2a529a9,Savings Plan,us-west-2,US West (Oregon),,arn:aws:savingsplans:us-west-2::savingsplan/499f0afc27b1f25a,ComputeSavingsPlan-1yr-NoUpfront,Spend,Savings Plan,,32.016,USD,,,,,,,,,"{""Environment"":""staging"",""CostCenter"":""cc-2087"",""Owner"":""team-payments""}"
AWS,AWS,AWS,AWS,AWS,INV-2026-05-0002,100000000002,ExampleCorp Secondary Payer,Payer Account,200000000012,staging-platform,Linked Account,2026-05-01T00:00:00Z,2026-06-01T00:00:00Z,2026-05-25T16:00:00Z,2026-05-25T17:00:00Z,Usage,,Savings Plan unused commitment,Usage-Based,0,32.016,32.016,32.016,1,1,Committed,32.016,USD,USD,1.0000000000,32.016,1.0000000000,USD,,,AmazonEC2,Compute,Virtual Machines,SKU-5eb1e2ab28142b5f4f0ae8ff,Commitment,SPRICE-a77a79a05a2a7b1bbba559dc,"{""x_PurchaseTerm"":""1yr"",""x_PaymentOption"":""NoUpfront""}",arn:aws:savingsplans:us-west-2::savingsplan/499f0afc27b1f25a,savingsplan-0cafd2a529a9,Savings Plan,us-west-2,US West (Oregon),,arn:aws:savingsplans:us-west-2::savingsplan/499f0afc27b1f25a,ComputeSavingsPlan-1yr-NoUpfront,Spend,Savings Plan,Unused,32.016,USD,"{""Elements"":[{""ContractId"":""CONTRACT-CD-0004"",""ContractCommitmentId"":""arn:aws:savingsplans:us-west-2::savingsplan/499f0afc27b1f25a"",""ContractCommitmentAppliedCost"":32.0160000000}]}",,,,,,,,"{""Environment"":""staging"",""CostCenter"":""cc-3110"",""Owner"":""team-payments""}"
AWS,AWS,AWS,AWS,AWS,INV-2026-05-0002,100000000002,ExampleCorp Secondary Payer,Payer Account,200000000012,staging-platform,Linked Account,2026-05-01T00:00:00Z,2026-06-01T00:00:00Z,2026-05-25T17:00:00Z,2026-05-25T18:00:00Z,Purchase,,"Savings Plan commitment, amortised for the charge period",Recurring,32.016,0,32.016,32.016,1,1,Standard,32.016,USD,USD,1.0000000000,0,1.0000000000,USD,,,AmazonEC2,Compute,Virtual Machines,SKU-5eb1e2ab28142b5f4f0ae8ff,Commitment,SPRICE-a77a79a05a2a7b1bbba559dc,"{""x_PurchaseTerm"":""1yr"",""x_PaymentOption"":""NoUpfront""}",arn:aws:savingsplans:us-west-2::savingsplan/499f0afc27b1f25a,savingsplan-0cafd2a529a9,Savings Plan,us-west-2,US West (Oregon),,arn:aws:savingsplans:us-west-2::savingsplan/499f0afc27b1f25a,ComputeSavingsPlan-1yr-NoUpfront,Spend,Savings Plan,,32.016,USD,,,,,,,,,"{""Environment"":""prod"",""CostCenter"":""cc-2087"",""Owner"":""team-platform""}"
AWS,AWS,AWS,AWS,AWS,INV-2026-05-0002,100000000002,ExampleCorp Secondary Payer,Payer Account,200000000012,staging-platform,Linked Account,2026-05-01T00:00:00Z,2026-06-01T00:00:00Z,2026-05-25T17:00:00Z,2026-05-25T18:00:00Z,Usage,,Savings Plan unused commitment,Usage-Based,0,32.016,32.016,32.016,1,1,Committed,32.016,USD,USD,1.0000000000,32.016,1.0000000000,USD,,,AmazonEC2,Compute,Virtual Machines,SKU-5eb1e2ab28142b5f4f0ae8ff,Commitment,SPRICE-a77a79a05a2a7b1bbba559dc,"{""x_PurchaseTerm"":""1yr"",""x_PaymentOption"":""NoUpfront""}",arn:aws:savingsplans:us-west-2::savingsplan/499f0afc27b1f25a,savingsplan-0cafd2a529a9,Savings Plan,us-west-2,US West (Oregon),,arn:aws:savingsplans:us-west-2::savingsplan/499f0afc27b1f25a,ComputeSavingsPlan-1yr-NoUpfront,Spend,Savings Plan,Unused,32.016,USD,"{""Elements"":[{""ContractId"":""CONTRACT-CD-0004"",""ContractCommitmentId"":""arn:aws:savingsplans:us-west-2::savingsplan/499f0afc27b1f25a"",""ContractCommitmentAppliedCost"":32.0160000000}]}",,,,,,,,"{""Environment"":""prod"",""CostCenter"":""cc-3110"",""Owner"":""team-payments""}"
AWS,AWS,AWS,AWS,AWS,INV-2026-05-0002,100000000002,ExampleCorp Secondary Payer,Payer Account,200000000014,sandbox-dev,Linked Account,2026-05-01T00:00:00Z,2026-06-01T00:00:00Z,2026-05-26T02:00:00Z,2026-05-26T03:00:00Z,Usage,,Shared EC2 host cost allocated to workload,Usage-Based,0.0159168,0.0159168,0.0159168,0.0159168,0.0960000000,0.0960000000,Standard,0.1658,Hours,USD,0.0960000000,0.0159168,0.0960000000,USD,0.1658,Hours,AmazonEC2,Compute,Virtual Machines,SKU-093c0d7a3a0491f8523e34c8,Compute,SPRICE-bab283475cbbabd222878e74,"{""InstanceType"":""m6i.large"",""InstanceSeries"":""M6i"",""CoreCount"":2,""MemorySize"":8,""OperatingSystem"":""Linux"",""x_Tenancy"":""Shared""}",arn:aws:ec2:ap-southeast-1:200000000014:instance/shared-host-b1df3659,shared-host-b1df3659,EC2 Instance,ap-southeast-1,Asia Pacific (Singapore),ap-southeast-1b,,,,,,,,,,,split-even,"{""Elements"":[{""AllocatedRatio"":1,""UsageUnit"":""Hours"",""UsageQuantity"":0.1658,""x_Strategy"":""Even"",""x_Basis"":""Workloads""}]}",arn:aws:eks:ap-southeast-1:200000000014:workload/search-92f312,workload-search,"{""workload"":""search"",""CostCenter"":""cc-3110""}","{""Environment"":""dev"",""CostCenter"":""cc-3110"",""Owner"":""team-data""}"
AWS,AWS,AWS,AWS,AWS,INV-2026-05-0002,100000000002,ExampleCorp Secondary Payer,Payer Account,200000000014,sandbox-dev,Linked Account,2026-05-01T00:00:00Z,2026-06-01T00:00:00Z,2026-05-16T00:00:00Z,2026-05-17T00:00:00Z,Usage,,DynamoDB on-demand write requests,Usage-Based,1.3702892230125,1.3702892230125,1.522543581125,1.3702892230125,0.0000012500,0.0000011250,Standard,1218034.8649,Requests,USD,0.0000011250,1.3702892230125,0.0000012500,USD,1218034.8649,Requests,AmazonDynamoDB,Databases,NoSQL Databases,SKU-687affd9645b52f0bac81a2c,Database,SPRICE-716c8854825bf7430db8e755,"{""x_CapacityMode"":""On-Demand""}",arn:aws:dynamodb:us-west-2:200000000014:table/table-0427717f9f1f,table-0427717f9f1f,DynamoDB Table,us-west-2,US West (Oregon),,,,,,,,,"{""Elements"":[{""ContractId"":""CONTRACT-EA-2026-0001"",""ContractCommitmentId"":""CC-EA-SPEND-0001"",""ContractCommitmentAppliedCost"":1.37028922301250}]}",,,,,,,,"{""Environment"":""dev"",""CostCenter"":""cc-3110"",""Owner"":""team-data""}"
AWS,AWS,AWS,AWS,AWS,INV-2026-05-0001,100000000001,ExampleCorp Master Payer,Payer Account,200000000012,staging-platform,Linked Account,2026-05-01T00:00:00Z,2026-06-01T00:00:00Z,2026-05-17T00:00:00Z,2026-05-18T00:00:00Z,Purchase,,AWSLambda subscription fee,Recurring,308.8,308.8,308.8,308.8,308.8,308.8,Standard,1,Units,USD,308.8000000000,308.8,308.8000000000,USD,,,AWSLambda,Compute,Serverless Compute,SKU-490c429bd80320af986b2d39,Subscription,SPRICE-d4fc9418811957a6ed942061,"{""x_ChargeType"": ""SubscriptionFee""}",arn:aws:lambda:ap-southeast-1:200000000012:function/fn-482c9b57d04e,fn-482c9b57d04e,Lambda Function,ap-southeast-1,Asia Pacific (Singapore),,,,,,,,,,,,,,,,,"{""Environment"":""staging"",""CostCenter"":""cc-2087"",""Owner"":""team-payments""}"
AWS,AWS,AWS,AWS,AWS,INV-2026-05-0002,100000000002,ExampleCorp Secondary Payer,Payer Account,200000000013,data-analytics,Linked Account,2026-05-01T00:00:00Z,2026-06-01T00:00:00Z,2026-05-18T00:00:00Z,2026-05-19T00:00:00Z,Usage,,Custom metrics,Usage-Based,52.80405,52.80405,52.80405,52.80405,0.3000000000,0.3000000000,Standard,176.0135,Metrics,USD,0.3000000000,52.80405,0.3000000000,USD,176.0135,Metrics,AmazonCloudWatch,Management and Governance,Observability,SKU-2491f45dad51aaef563400a5,Monitoring,SPRICE-5131bac450b55b26fd0cdc7e,"{""x_MetricType"":""Custom""}",arn:aws:cloudwatch:us-east-1:200000000013:metric/metric-6d64c5b30a92,metric-6d64c5b30a92,Metric,us-east-1,US East (N. Virginia),,,,,,,,,,,,,,,,,"{""Environment"":""prod"",""CostCenter"":""cc-3110"",""Owner"":""team-data""}"
AWS,AWS,AWS,AWS,AWS,INV-2026-05-0001,100000000001,ExampleCorp Master Payer,Payer Account,200000000012,staging-platform,Linked Account,2026-05-01T00:00:00Z,2026-06-01T00:00:00Z,2026-05-19T00:00:00Z,2026-05-20T00:00:00Z,Usage,,Custom metrics,Usage-Based,31.84941,31.84941,31.84941,31.84941,0.3000000000,0.3000000000,Standard,106.1647,Metrics,USD,0.3000000000,31.84941,0.3000000000,USD,106.1647,Metrics,AmazonCloudWatch,Management and Governance,Observability,SKU-917addcfe26d359456f585f4,Monitoring,SPRICE-bfed9ccd55f51b42ca94dd2b,"{""x_MetricType"":""Custom""}",arn:aws:cloudwatch:eu-west-1:200000000012:metric/metric-b3bc84da56bf,metric-b3bc84da56bf,Metric,eu-west-1,EU (Ireland),,,,,,,,,,,,,,,,,"{""Environment"":""dev"",""CostCenter"":""cc-1042"",""Owner"":""team-platform""}"
AWS,AWS,AWS,AWS,AWS,INV-2026-05-0002,100000000002,ExampleCorp Secondary Payer,Payer Account,200000000013,data-analytics,Linked Account,2026-05-01T00:00:00Z,2026-06-01T00:00:00Z,2026-05-20T00:00:00Z,2026-05-21T00:00:00Z,Usage,,Glue ETL job run,Usage-Based,14.8804524,14.8804524,16.533836,14.8804524,0.4400000000,0.3960000000,Standard,37.5769,DPU-Hours,USD,0.3960000000,14.8804524,0.4400000000,USD,37.5769,DPU-Hours,AWSGlue,Analytics,Data Processing,SKU-8cd75c3064ca6c4c85c43ce6,Data Processing,SPRICE-31964d215aa8bccf440b844b,"{""x_WorkerType"":""G.1X""}",arn:aws:glue:eu-west-1:200000000013:job/job-8f852880f3b6,job-8f852880f3b6,Glue Job,eu-west-1,EU (Ireland),,,,,,,,,"{""Elements"":[{""ContractId"":""CONTRACT-EA-2026-0001"",""ContractCommitmentId"":""CC-EA-SPEND-0001"",""ContractCommitmentAppliedCost"":14.88045240000000}]}",,,,,,,,"{""Environment"":""staging"",""CostCenter"":""cc-1042"",""Owner"":""team-data""}"
AWS,AWS,AWS,AWS,AWS,INV-2026-05-0002,100000000002,ExampleCorp Secondary Payer,Payer Account,200000000014,sandbox-dev,Linked Account,2026-05-01T00:00:00Z,2026-06-01T00:00:00Z,2026-05-26T08:00:00Z,2026-05-26T09:00:00Z,Usage,,RDS PostgreSQL db.r6g.large,Usage-Based,0.24,0.24,0.24,0.24,0.2400000000,0.2400000000,Standard,1.0000,Hours,USD,0.2400000000,0.24,0.2400000000,USD,1.0000,Hours,AmazonRDS,Databases,Relational Databases,SKU-d70ac0acbdfcb8de90bd881a,Database,SPRICE-526e7acd56433e6d3c551cac,"{""InstanceType"":""db.r6g.large"",""InstanceSeries"":""R6g"",""CoreCount"":2,""MemorySize"":16,""x_Engine"":""PostgreSQL""}",arn:aws:rds:us-west-2:200000000014:db/db-04947322dc9c,db-04947322dc9c,RDS Instance,us-west-2,US West (Oregon),,,,,,,,,,,,,,,,,"{""Environment"":""prod"",""CostCenter"":""cc-2087"",""Owner"":""team-payments""}"
AWS,AWS,AWS,AWS,AWS,INV-2026-05-0001,100000000001,ExampleCorp Master Payer,Payer Account,200000000012,staging-platform,Linked Account,2026-05-01T00:00:00Z,2026-06-01T00:00:00Z,2026-05-26T09:00:00Z,2026-05-26T10:00:00Z,Usage,,RDS PostgreSQL db.r6g.large,Usage-Based,0.216,0.216,0.24,0.216,0.2400000000,0.2160000000,Standard,1.0000,Hours,USD,0.2160000000,0.216,0.2400000000,USD,1.0000,Hours,AmazonRDS,Databases,Relational Databases,SKU-d70ac0acbdfcb8de90bd881a,Database,SPRICE-526e7acd56433e6d3c551cac,"{""InstanceType"":""db.r6g.large"",""InstanceSeries"":""R6g"",""CoreCount"":2,""MemorySize"":16,""x_Engine"":""PostgreSQL""}",arn:aws:rds:us-west-2:200000000012:db/db-62c7b21bcbfb,db-62c7b21bcbfb,RDS Instance,us-west-2,US West (Oregon),,,,,,,,,"{""Elements"":[{""ContractId"":""CONTRACT-EA-2026-0001"",""ContractCommitmentId"":""CC-EA-SPEND-0001"",""ContractCommitmentAppliedCost"":0.21600000000000}]}",,,,,,,,"{""Environment"":""dev"",""CostCenter"":""cc-2087"",""Owner"":""team-data""}"
AWS,AWS,AWS,AWS,AWS,INV-2026-05-0002,100000000002,ExampleCorp Secondary Payer,Payer Account,200000000013,data-analytics,Linked Account,2026-05-01T00:00:00Z,2026-06-01T00:00:00Z,2026-05-26T10:00:00Z,2026-05-26T11:00:00Z,Usage,,Lambda function duration,Usage-Based,56.5099042335,56.5099042335,62.78890805923163,56.5099042335,0.0000166667,0.0000150000,Standard,3767326.9489,GB-Seconds,EUR,0.0000138000,51.98911189482,0.0000153334,USD,3767326.9489,GB-Seconds,AWSLambda,Compute,Serverless Compute,SKU-67dc4ce0843e58b6125cbdce,Compute,SPRICE-5a687e125db5dbd78b535b92,"{""x_Runtime"":""python3.12"",""x_Architecture"":""arm64""}",arn:aws:lambda:us-east-1:200000000013:function/fn-bc7cf80eeca4,fn-bc7cf80eeca4,Lambda Function,us-east-1,US East (N. Virginia),,,,,,,,,"{""Elements"":[{""ContractId"":""CONTRACT-EA-2026-0001"",""ContractCommitmentId"":""CC-EA-SPEND-0001"",""ContractCommitmentAppliedCost"":56.50990423350000}]}",,,,,,,,"{""Environment"":""staging"",""CostCenter"":""cc-3110"",""Owner"":""team-payments""}"
AWS,AWS,AWS,AWS,AWS,INV-2026-05-0002,100000000002,ExampleCorp Secondary Payer,Payer Account,200000000011,prod-platform,Linked Account,2026-05-01T00:00:00Z,2026-06-01T00:00:00Z,2026-05-24T00:00:00Z,2026-05-25T00:00:00Z,Usage,,Glue ETL job run,Usage-Based,24.6382488,24.6382488,27.375832,24.6382488,0.4400000000,0.3960000000,Standard,62.2178,DPU-Hours,USD,0.3960000000,24.6382488,0.4400000000,USD,62.2178,DPU-Hours,AWSGlue,Analytics,Data Processing,SKU-118148093a04e718819dbb3f,Data Processing,SPRICE-f140a6944df35cbb51f25679,"{""x_WorkerType"":""G.1X""}",arn:aws:glue:us-west-2:200000000011:job/job-86e595855a05,job-86e595855a05,Glue Job,us-west-2,US West (Oregon),,,,,,,,,"{""Elements"":[{""ContractId"":""CONTRACT-EA-2026-0001"",""ContractCommitmentId"":""CC-EA-SPEND-0001"",""ContractCommitmentAppliedCost"":24.63824880000000}]}",,,,,,,,"{""Environment"":""dev"",""CostCenter"":""cc-1042"",""Owner"":""team-data""}"
AWS,AWS,AWS,AWS,AWS,INV-2026-05-0001,100000000001,ExampleCorp Master Payer,Payer Account,200000000012,staging-platform,Linked Account,2026-05-01T00:00:00Z,2026-06-01T00:00:00Z,2026-05-26T12:00:00Z,2026-05-26T13:00:00Z,Usage,,Shared EC2 host cost allocated to workload,Usage-Based,0.076128,0.076128,0.076128,0.076128,0.0960000000,0.0960000000,Standard,0.7930,Hours,USD,0.0960000000,0.076128,0.0960000000,USD,0.7930,Hours,AmazonEC2,Compute,Virtual Machines,SKU-736a4dd80178572d8370293d,Compute,SPRICE-c862323f09b487c42efb1c6b,"{""InstanceType"":""m6i.large"",""InstanceSeries"":""M6i"",""CoreCount"":2,""MemorySize"":8,""OperatingSystem"":""Linux"",""x_Tenancy"":""Shared""}",arn:aws:ec2:us-east-1:200000000012:instance/shared-host-ca349f70,shared-host-ca349f70,EC2 Instance,us-east-1,US East (N. Virginia),us-east-1c,,,,,,,,,,,split-proportional,"{""Elements"":[{""AllocatedRatio"":1,""UsageUnit"":""Hours"",""UsageQuantity"":0.7930,""x_Strategy"":""Proportional"",""x_Basis"":""vCPUSeconds""}]}",arn:aws:eks:us-east-1:200000000012:workload/checkout-cbcc38,workload-checkout,"{""workload"":""checkout"",""CostCenter"":""cc-2087""}","{""Environment"":""staging"",""CostCenter"":""cc-1042"",""Owner"":""team-data""}"
AWS,AWS,AWS,AWS,AWS,INV-2026-05-0001,100000000001,ExampleCorp Master Payer,Payer Account,200000000011,prod-platform,Linked Account,2026-05-01T00:00:00Z,2026-06-01T00:00:00Z,2026-05-26T13:00:00Z,2026-05-26T14:00:00Z,Purchase,,"Savings Plan commitment, amortised for the charge period",Recurring,32.016,0,32.016,32.016,1,1,Standard,32.016,USD,USD,1.0000000000,0,1.0000000000,USD,,,AmazonEC2,Compute,Virtual Machines,SKU-4e70290591383090d3fb4e3b,Commitment,SPRICE-3123b98a0bc7ca93ff9d1c56,"{""x_PurchaseTerm"":""1yr"",""x_PaymentOption"":""NoUpfront""}",arn:aws:savingsplans:ap-southeast-1::savingsplan/10eb7543a6c46327,savingsplan-3bd9ec9f23de,Savings Plan,ap-southeast-1,Asia Pacific (Singapore),,arn:aws:savingsplans:ap-southeast-1::savingsplan/10eb7543a6c46327,ComputeSavingsPlan-1yr-NoUpfront,Spend,Savings Plan,,32.016,USD,,,,,,,,,"{""Environment"":""staging"",""CostCenter"":""cc-1042"",""Owner"":""team-payments""}"
AWS,AWS,AWS,AWS,AWS,INV-2026-05-0001,100000000001,ExampleCorp Master Payer,Payer Account,200000000011,prod-platform,Linked Account,2026-05-01T00:00:00Z,2026-06-01T00:00:00Z,2026-05-26T13:00:00Z,2026-05-26T14:00:00Z,Usage,,AmazonEC2 committed usage of 500 machine-equivalents,Usage-Based,0,32.016,48,43.2,0.0960000000,0.0864000000,Committed,500,Hours,USD,0.0864000000,32.016,0.0960000000,USD,500,Hours,AmazonEC2,Compute,Virtual Machines,SKU-093c0d7a3a0491f8523e34c8,Compute,SPRICE-bab283475cbbabd222878e74,"{""InstanceType"":""m6i.large"",""InstanceSeries"":""M6i"",""CoreCount"":2,""MemorySize"":8,""OperatingSystem"":""Linux"",""x_Tenancy"":""Shared""}",urn:focus-sample:aws:ap-southeast-1:200000000011:compute-fleet:fleet207a2525ba273c3273e811e6,fleet207a2525ba273c3273e811e6,Compute Fleet,ap-southeast-1,Asia Pacific (Singapore),ap-southeast-1b,arn:aws:savingsplans:ap-southeast-1::savingsplan/10eb7543a6c46327,ComputeSavingsPlan-1yr-NoUpfront,Spend,Savings Plan,Used,32.016,USD,"{""Elements"":[{""ContractId"":""CONTRACT-CD-0004"",""ContractCommitmentId"":""arn:aws:savingsplans:ap-southeast-1::savingsplan/10eb7543a6c46327"",""ContractCommitmentAppliedCost"":32.0160000000}]}",,,,,,,,"{""Environment"":""staging"",""CostCenter"":""cc-2087"",""Owner"":""team-platform"",""SyntheticFleetSize"":""500""}"
AWS,AWS,AWS,AWS,AWS,INV-2026-05-0001,100000000001,ExampleCorp Master Payer,Payer Account,200000000011,prod-platform,Linked Account,2026-05-01T00:00:00Z,2026-06-01T00:00:00Z,2026-05-26T14:00:00Z,2026-05-26T15:00:00Z,Purchase,,"Savings Plan commitment, amortised for the charge period",Recurring,32.016,0,32.016,32.016,1,1,Standard,32.016,USD,USD,1.0000000000,0,1.0000000000,USD,,,AmazonEC2,Compute,Virtual Machines,SKU-4e70290591383090d3fb4e3b,Commitment,SPRICE-3123b98a0bc7ca93ff9d1c56,"{""x_PurchaseTerm"":""1yr"",""x_PaymentOption"":""NoUpfront""}",arn:aws:savingsplans:ap-southeast-1::savingsplan/10eb7543a6c46327,savingsplan-3bd9ec9f23de,Savings Plan,ap-southeast-1,Asia Pacific (Singapore),,arn:aws:savingsplans:ap-southeast-1::savingsplan/10eb7543a6c46327,ComputeSavingsPlan-1yr-NoUpfront,Spend,Savings Plan,,32.016,USD,,,,,,,,,"{""Environment"":""prod"",""CostCenter"":""cc-1042"",""Owner"":""team-platform""}"
AWS,AWS,AWS,AWS,AWS,INV-2026-05-0001,100000000001,ExampleCorp Master Payer,Payer Account,200000000011,prod-platform,Linked Account,2026-05-01T00:00:00Z,2026-06-01T00:00:00Z,2026-05-26T14:00:00Z,2026-05-26T15:00:00Z,Usage,,AmazonEC2 committed usage of 500 machine-equivalents,Usage-Based,0,32.016,48,43.2,0.0960000000,0.0864000000,Committed,500,Hours,USD,0.0864000000,32.016,0.0960000000,USD,500,Hours,AmazonEC2,Compute,Virtual Machines,SKU-093c0d7a3a0491f8523e34c8,Compute,SPRICE-bab283475cbbabd222878e74,"{""InstanceType"":""m6i.large"",""InstanceSeries"":""M6i"",""CoreCount"":2,""MemorySize"":8,""OperatingSystem"":""Linux"",""x_Tenancy"":""Shared""}",urn:focus-sample:aws:ap-southeast-1:200000000011:compute-fleet:fleet207a2525ba273c3273e811e6,fleet207a2525ba273c3273e811e6,Compute Fleet,ap-southeast-1,Asia Pacific (Singapore),ap-southeast-1b,arn:aws:savingsplans:ap-southeast-1::savingsplan/10eb7543a6c46327,ComputeSavingsPlan-1yr-NoUpfront,Spend,Savings Plan,Used,32.016,USD,"{""Elements"":[{""ContractId"":""CONTRACT-CD-0004"",""ContractCommitmentId"":""arn:aws:savingsplans:ap-southeast-1::savingsplan/10eb7543a6c46327"",""ContractCommitmentAppliedCost"":32.0160000000}]}",,,,,,,,"{""Environment"":""staging"",""CostCenter"":""cc-2087"",""Owner"":""team-payments"",""SyntheticFleetSize"":""500""}"
AWS,AWS,AWS,AWS,AWS,INV-2026-05-0001,100000000001,ExampleCorp Master Payer,Payer Account,200000000011,prod-platform,Linked Account,2026-05-01T00:00:00Z,2026-06-01T00:00:00Z,2026-05-26T15:00:00Z,2026-05-26T16:00:00Z,Purchase,,"Savings Plan commitment, amortised for the charge period",Recurring,32.016,0,32.016,32.016,1,1,Standard,32.016,USD,USD,1.0000000000,0,1.0000000000,USD,,,AmazonEC2,Compute,Virtual Machines,SKU-4e70290591383090d3fb4e3b,Commitment,SPRICE-3123b98a0bc7ca93ff9d1c56,"{""x_PurchaseTerm"":""1yr"",""x_PaymentOption"":""NoUpfront""}",arn:aws:savingsplans:ap-southeast-1::savingsplan/10eb7543a6c46327,savingsplan-3bd9ec9f23de,Savings Plan,ap-southeast-1,Asia Pacific (Singapore),,arn:aws:savingsplans:ap-southeast-1::savingsplan/10eb7543a6c46327,ComputeSavingsPlan-1yr-NoUpfront,Spend,Savings Plan,,32.016,USD,,,,,,,,,"{""Environment"":""staging"",""CostCenter"":""cc-1042"",""Owner"":""team-platform""}"
AWS,AWS,AWS,AWS,AWS,INV-2026-05-0001,100000000001,ExampleCorp Master Payer,Payer Account,200000000011,prod-platform,Linked Account,2026-05-01T00:00:00Z,2026-06-01T00:00:00Z,2026-05-26T15:00:00Z,2026-05-26T16:00:00Z,Usage,,AmazonEC2 committed usage of 500 machine-equivalents,Usage-Based,0,32.016,48,43.2,0.0960000000,0.0864000000,Committed,500,Hours,USD,0.0864000000,32.016,0.0960000000,USD,500,Hours,AmazonEC2,Compute,Virtual Machines,SKU-093c0d7a3a0491f8523e34c8,Compute,SPRICE-bab283475cbbabd222878e74,"{""InstanceType"":""m6i.large"",""InstanceSeries"":""M6i"",""CoreCount"":2,""MemorySize"":8,""OperatingSystem"":""Linux"",""x_Tenancy"":""Shared""}",urn:focus-sample:aws:ap-southeast-1:200000000011:compute-fleet:fleet207a2525ba273c3273e811e6,fleet207a2525ba273c3273e811e6,Compute Fleet,ap-southeast-1,Asia Pacific (Singapore),ap-southeast-1b,arn:aws:savingsplans:ap-southeast-1::savingsplan/10eb7543a6c46327,ComputeSavingsPlan-1yr-NoUpfront,Spend,Savings Plan,Used,32.016,USD,"{""Elements"":[{""ContractId"":""CONTRACT-CD-0004"",""ContractCommitmentId"":""arn:aws:savingsplans:ap-southeast-1::savingsplan/10eb7543a6c46327"",""ContractCommitmentAppliedCost"":32.0160000000}]}",,,,,,,,"{""Environment"":""prod"",""CostCenter"":""cc-1042"",""Owner"":""team-platform"",""SyntheticFleetSize"":""500""}"
AWS,AWS,AWS,AWS,AWS,INV-2026-05-0001,100000000001,ExampleCorp Master Payer,Payer Account,200000000011,prod-platform,Linked Account,2026-05-01T00:00:00Z,2026-06-01T00:00:00Z,2026-05-26T16:00:00Z,2026-05-26T17:00:00Z,Purchase,,"Savings Plan commitment, amortised for the charge period",Recurring,32.016,0,32.016,32.016,1,1,Standard,32.016,USD,USD,1.0000000000,0,1.0000000000,USD,,,AmazonEC2,Compute,Virtual Machines,SKU-4e70290591383090d3fb4e3b,Commitment,SPRICE-3123b98a0bc7ca93ff9d1c56,"{""x_PurchaseTerm"":""1yr"",""x_PaymentOption"":""NoUpfront""}",arn:aws:savingsplans:ap-southeast-1::savingsplan/10eb7543a6c46327,savingsplan-3bd9ec9f23de,Savings Plan,ap-southeast-1,Asia Pacific (Singapore),,arn:aws:savingsplans:ap-southeast-1::savingsplan/10eb7543a6c46327,ComputeSavingsPlan-1yr-NoUpfront,Spend,Savings Plan,,32.016,USD,,,,,,,,,"{""Environment"":""dev"",""CostCenter"":""cc-3110"",""Owner"":""team-platform""}"
AWS,AWS,AWS,AWS,AWS,INV-2026-05-0001,100000000001,ExampleCorp Master Payer,Payer Account,200000000011,prod-platform,Linked Account,2026-05-01T00:00:00Z,2026-06-01T00:00:00Z,2026-05-26T16:00:00Z,2026-05-26T17:00:00Z,Usage,,AmazonEC2 committed usage of 500 machine-equivalents,Usage-Based,0,32.016,48,43.2,0.0960000000,0.0864000000,Committed,500,Hours,USD,0.0864000000,32.016,0.0960000000,USD,500,Hours,AmazonEC2,Compute,Virtual Machines,SKU-093c0d7a3a0491f8523e34c8,Compute,SPRICE-bab283475cbbabd222878e74,"{""InstanceType"":""m6i.large"",""InstanceSeries"":""M6i"",""CoreCount"":2,""MemorySize"":8,""OperatingSystem"":""Linux"",""x_Tenancy"":""Shared""}",urn:focus-sample:aws:ap-southeast-1:200000000011:compute-fleet:fleet207a2525ba273c3273e811e6,fleet207a2525ba273c3273e811e6,Compute Fleet,ap-southeast-1,Asia Pacific (Singapore),ap-southeast-1b,arn:aws:savingsplans:ap-southeast-1::savingsplan/10eb7543a6c46327,ComputeSavingsPlan-1yr-NoUpfront,Spend,Savings Plan,Used,32.016,USD,"{""Elements"":[{""ContractId"":""CONTRACT-CD-0004"",""ContractCommitmentId"":""arn:aws:savingsplans:ap-southeast-1::savingsplan/10eb7543a6c46327"",""ContractCommitmentAppliedCost"":32.0160000000}]}",,,,,,,,"{""Environment"":""prod"",""CostCenter"":""cc-2087"",""Owner"":""team-payments"",""SyntheticFleetSize"":""500""}"
AWS,AWS,AWS,AWS,AWS,INV-2026-05-0001,100000000001,ExampleCorp Master Payer,Payer Account,200000000011,prod-platform,Linked Account,2026-05-01T00:00:00Z,2026-06-01T00:00:00Z,2026-05-26T17:00:00Z,2026-05-26T18:00:00Z,Purchase,,"Savings Plan commitment, amortised for the charge period",Recurring,32.016,0,32.016,32.016,1,1,Standard,32.016,USD,USD,1.0000000000,0,1.0000000000,USD,,,AmazonEC2,Compute,Virtual Machines,SKU-4e70290591383090d3fb4e3b,Commitment,SPRICE-3123b98a0bc7ca93ff9d1c56,"{""x_PurchaseTerm"":""1yr"",""x_PaymentOption"":""NoUpfront""}",arn:aws:savingsplans:ap-southeast-1::savingsplan/10eb7543a6c46327,savingsplan-3bd9ec9f23de,Savings Plan,ap-southeast-1,Asia Pacific (Singapore),,arn:aws:savingsplans:ap-southeast-1::savingsplan/10eb7543a6c46327,ComputeSavingsPlan-1yr-NoUpfront,Spend,Savings Plan,,32.016,USD,,,,,,,,,"{""Environment"":""prod"",""CostCenter"":""cc-1042"",""Owner"":""team-data""}"
AWS,AWS,AWS,AWS,AWS,INV-2026-05-0001,100000000001,ExampleCorp Master Payer,Payer Account,200000000011,prod-platform,Linked Account,2026-05-01T00:00:00Z,2026-06-01T00:00:00Z,2026-05-26T17:00:00Z,2026-05-26T18:00:00Z,Usage,,AmazonEC2 committed usage of 500 machine-equivalents,Usage-Based,0,32.016,48,43.2,0.0960000000,0.0864000000,Committed,500,Hours,USD,0.0864000000,32.016,0.0960000000,USD,500,Hours,AmazonEC2,Compute,Virtual Machines,SKU-093c0d7a3a0491f8523e34c8,Compute,SPRICE-bab283475cbbabd222878e74,"{""InstanceType"":""m6i.large"",""InstanceSeries"":""M6i"",""CoreCount"":2,""MemorySize"":8,""OperatingSystem"":""Linux"",""x_Tenancy"":""Shared""}",urn:focus-sample:aws:ap-southeast-1:200000000011:compute-fleet:fleet207a2525ba273c3273e811e6,fleet207a2525ba273c3273e811e6,Compute Fleet,ap-southeast-1,Asia Pacific (Singapore),ap-southeast-1b,arn:aws:savingsplans:ap-southeast-1::savingsplan/10eb7543a6c46327,ComputeSavingsPlan-1yr-NoUpfront,Spend,Savings Plan,Used,32.016,USD,"{""Elements"":[{""ContractId"":""CONTRACT-CD-0004"",""ContractCommitmentId"":""arn:aws:savingsplans:ap-southeast-1::savingsplan/10eb7543a6c46327"",""ContractCommitmentAppliedCost"":32.0160000000}]}",,,,,,,,"{""Environment"":""dev"",""CostCenter"":""cc-1042"",""Owner"":""team-platform"",""SyntheticFleetSize"":""500""}"
AWS,AWS,AWS,AWS,AWS,INV-2026-05-0001,100000000001,ExampleCorp Master Payer,Payer Account,200000000011,prod-platform,Linked Account,2026-05-01T00:00:00Z,2026-06-01T00:00:00Z,2026-05-26T18:00:00Z,2026-05-26T19:00:00Z,Purchase,,"Savings Plan commitment, amortised for the charge period",Recurring,32.016,0,32.016,32.016,1,1,Standard,32.016,USD,USD,1.0000000000,0,1.0000000000,USD,,,AmazonEC2,Compute,Virtual Machines,SKU-4e70290591383090d3fb4e3b,Commitment,SPRICE-3123b98a0bc7ca93ff9d1c56,"{""x_PurchaseTerm"":""1yr"",""x_PaymentOption"":""NoUpfront""}",arn:aws:savingsplans:ap-southeast-1::savingsplan/10eb7543a6c46327,savingsplan-3bd9ec9f23de,Savings Plan,ap-southeast-1,Asia Pacific (Singapore),,arn:aws:savingsplans:ap-southeast-1::savingsplan/10eb7543a6c46327,ComputeSavingsPlan-1yr-NoUpfront,Spend,Savings Plan,,32.016,USD,,,,,,,,,"{""Environment"":""dev"",""CostCenter"":""cc-3110"",""Owner"":""team-data""}"
AWS,AWS,AWS,AWS,AWS,INV-2026-05-0001,100000000001,ExampleCorp Master Payer,Payer Account,200000000011,prod-platform,Linked Account,2026-05-01T00:00:00Z,2026-06-01T00:00:00Z,2026-05-26T18:00:00Z,2026-05-26T19:00:00Z,Usage,,AmazonEC2 committed usage of 500 machine-equivalents,Usage-Based,0,32.016,48,43.2,0.0960000000,0.0864000000,Committed,500,Hours,USD,0.0864000000,32.016,0.0960000000,USD,500,Hours,AmazonEC2,Compute,Virtual Machines,SKU-093c0d7a3a0491f8523e34c8,Compute,SPRICE-bab283475cbbabd222878e74,"{""InstanceType"":""m6i.large"",""InstanceSeries"":""M6i"",""CoreCount"":2,""MemorySize"":8,""OperatingSystem"":""Linux"",""x_Tenancy"":""Shared""}",urn:focus-sample:aws:ap-southeast-1:200000000011:compute-fleet:fleet207a2525ba273c3273e811e6,fleet207a2525ba273c3273e811e6,Compute Fleet,ap-southeast-1,Asia Pacific (Singapore),ap-southeast-1b,arn:aws:savingsplans:ap-southeast-1::savingsplan/10eb7543a6c46327,ComputeSavingsPlan-1yr-NoUpfront,Spend,Savings Plan,Used,32.016,USD,"{""Elements"":[{""ContractId"":""CONTRACT-CD-0004"",""ContractCommitmentId"":""arn:aws:savingsplans:ap-southeast-1::savingsplan/10eb7543a6c46327"",""ContractCommitmentAppliedCost"":32.0160000000}]}",,,,,,,,"{""Environment"":""prod"",""CostCenter"":""cc-1042"",""Owner"":""team-platform"",""SyntheticFleetSize"":""500""}"
AWS,AWS,AWS,AWS,AWS,INV-2026-05-0001,100000000001,ExampleCorp Master Payer,Payer Account,200000000011,prod-platform,Linked Account,2026-05-01T00:00:00Z,2026-06-01T00:00:00Z,2026-05-26T19:00:00Z,2026-05-26T20:00:00Z,Purchase,,"Savings Plan commitment, amortised for the charge period",Recurring,32.016,0,32.016,32.016,1,1,Standard,32.016,USD,USD,1.0000000000,0,1.0000000000,USD,,,AmazonEC2,Compute,Virtual Machines,SKU-4e70290591383090d3fb4e3b,Commitment,SPRICE-3123b98a0bc7ca93ff9d1c56,"{""x_PurchaseTerm"":""1yr"",""x_PaymentOption"":""NoUpfront""}",arn:aws:savingsplans:ap-southeast-1::savingsplan/10eb7543a6c46327,savingsplan-3bd9ec9f23de,Savings Plan,ap-southeast-1,Asia Pacific (Singapore),,arn:aws:savingsplans:ap-southeast-1::savingsplan/10eb7543a6c46327,ComputeSavingsPlan-1yr-NoUpfront,Spend,Savings Plan,,32.016,USD,,,,,,,,,"{""Environment"":""staging"",""CostCenter"":""cc-3110"",""Owner"":""team-data""}"
AWS,AWS,AWS,AWS,AWS,INV-2026-05-0001,100000000001,ExampleCorp Master Payer,Payer Account,200000000011,prod-platform,Linked Account,2026-05-01T00:00:00Z,2026-06-01T00:00:00Z,2026-05-26T19:00:00Z,2026-05-26T20:00:00Z,Usage,,Savings Plan unused commitment,Usage-Based,0,32.016,32.016,32.016,1,1,Committed,32.016,USD,USD,1.0000000000,32.016,1.0000000000,USD,,,AmazonEC2,Compute,Virtual Machines,SKU-4e70290591383090d3fb4e3b,Commitment,SPRICE-3123b98a0bc7ca93ff9d1c56,"{""x_PurchaseTerm"":""1yr"",""x_PaymentOption"":""NoUpfront""}",arn:aws:savingsplans:ap-southeast-1::savingsplan/10eb7543a6c46327,savingsplan-3bd9ec9f23de,Savings Plan,ap-southeast-1,Asia Pacific (Singapore),,arn:aws:savingsplans:ap-southeast-1::savingsplan/10eb7543a6c46327,ComputeSavingsPlan-1yr-NoUpfront,Spend,Savings Plan,Unused,32.016,USD,"{""Elements"":[{""ContractId"":""CONTRACT-CD-0004"",""ContractCommitmentId"":""arn:aws:savingsplans:ap-southeast-1::savingsplan/10eb7543a6c46327"",""ContractCommitmentAppliedCost"":32.0160000000}]}",,,,,,,,"{""Environment"":""dev"",""CostCenter"":""cc-2087"",""Owner"":""team-platform""}"
AWS,AWS,AWS,AWS,AWS,INV-2026-05-0001,100000000001,ExampleCorp Master Payer,Payer Account,200000000011,prod-platform,Linked Account,2026-05-01T00:00:00Z,2026-06-01T00:00:00Z,2026-05-26T20:00:00Z,2026-05-26T21:00:00Z,Purchase,,"Savings Plan commitment, amortised for the charge period",Recurring,32.016,0,32.016,32.016,1,1,Standard,32.016,USD,USD,1.0000000000,0,1.0000000000,USD,,,AmazonEC2,Compute,Virtual Machines,SKU-4e70290591383090d3fb4e3b,Commitment,SPRICE-3123b98a0bc7ca93ff9d1c56,"{""x_PurchaseTerm"":""1yr"",""x_PaymentOption"":""NoUpfront""}",arn:aws:savingsplans:ap-southeast-1::savingsplan/10eb7543a6c46327,savingsplan-3bd9ec9f23de,Savings Plan,ap-southeast-1,Asia Pacific (Singapore),,arn:aws:savingsplans:ap-southeast-1::savingsplan/10eb7543a6c46327,ComputeSavingsPlan-1yr-NoUpfront,Spend,Savings Plan,,32.016,USD,,,,,,,,,"{""Environment"":""dev"",""CostCenter"":""cc-2087"",""Owner"":""team-payments""}"
AWS,AWS,AWS,AWS,AWS,INV-2026-05-0001,100000000001,ExampleCorp Master Payer,Payer Account,200000000011,prod-platform,Linked Account,2026-05-01T00:00:00Z,2026-06-01T00:00:00Z,2026-05-26T20:00:00Z,2026-05-26T21:00:00Z,Usage,,Savings Plan unused commitment,Usage-Based,0,32.016,32.016,32.016,1,1,Committed,32.016,USD,USD,1.0000000000,32.016,1.0000000000,USD,,,AmazonEC2,Compute,Virtual Machines,SKU-4e70290591383090d3fb4e3b,Commitment,SPRICE-3123b98a0bc7ca93ff9d1c56,"{""x_PurchaseTerm"":""1yr"",""x_PaymentOption"":""NoUpfront""}",arn:aws:savingsplans:ap-southeast-1::savingsplan/10eb7543a6c46327,savingsplan-3bd9ec9f23de,Savings Plan,ap-southeast-1,Asia Pacific (Singapore),,arn:aws:savingsplans:ap-southeast-1::savingsplan/10eb7543a6c46327,ComputeSavingsPlan-1yr-NoUpfront,Spend,Savings Plan,Unused,32.016,USD,"{""Elements"":[{""ContractId"":""CONTRACT-CD-0004"",""ContractCommitmentId"":""arn:aws:savingsplans:ap-southeast-1::savingsplan/10eb7543a6c46327"",""ContractCommitmentAppliedCost"":32.0160000000}]}",,,,,,,,"{""Environment"":""dev"",""CostCenter"":""cc-2087"",""Owner"":""team-payments""}"
AWS,AWS,AWS,AWS,AWS,INV-2026-05-0001,100000000001,ExampleCorp Master Payer,Payer Account,200000000011,prod-platform,Linked Account,2026-05-01T00:00:00Z,2026-06-01T00:00:00Z,2026-05-26T21:00:00Z,2026-05-26T22:00:00Z,Purchase,,"Savings Plan commitment, amortised for the charge period",Recurring,32.016,0,32.016,32.016,1,1,Standard,32.016,USD,USD,1.0000000000,0,1.0000000000,USD,,,AmazonEC2,Compute,Virtual Machines,SKU-4e70290591383090d3fb4e3b,Commitment,SPRICE-3123b98a0bc7ca93ff9d1c56,"{""x_PurchaseTerm"":""1yr"",""x_PaymentOption"":""NoUpfront""}",arn:aws:savingsplans:ap-southeast-1::savingsplan/10eb7543a6c46327,savingsplan-3bd9ec9f23de,Savings Plan,ap-southeast-1,Asia Pacific (Singapore),,arn:aws:savingsplans:ap-southeast-1::savingsplan/10eb7543a6c46327,ComputeSavingsPlan-1yr-NoUpfront,Spend,Savings Plan,,32.016,USD,,,,,,,,,"{""Environment"":""prod"",""CostCenter"":""cc-2087"",""Owner"":""team-data""}"
AWS,AWS,AWS,AWS,AWS,INV-2026-05-0001,100000000001,ExampleCorp Master Payer,Payer Account,200000000011,prod-platform,Linked Account,2026-05-01T00:00:00Z,2026-06-01T00:00:00Z,2026-05-26T21:00:00Z,2026-05-26T22:00:00Z,Usage,,Savings Plan unused commitment,Usage-Based,0,32.016,32.016,32.016,1,1,Committed,32.016,USD,USD,1.0000000000,32.016,1.0000000000,USD,,,AmazonEC2,Compute,Virtual Machines,SKU-4e70290591383090d3fb4e3b,Commitment,SPRICE-3123b98a0bc7ca93ff9d1c56,"{""x_PurchaseTerm"":""1yr"",""x_PaymentOption"":""NoUpfront""}",arn:aws:savingsplans:ap-southeast-1::savingsplan/10eb7543a6c46327,savingsplan-3bd9ec9f23de,Savings Plan,ap-southeast-1,Asia Pacific (Singapore),,arn:aws:savingsplans:ap-southeast-1::savingsplan/10eb7543a6c46327,ComputeSavingsPlan-1yr-NoUpfront,Spend,Savings Plan,Unused,32.016,USD,"{""Elements"":[{""ContractId"":""CONTRACT-CD-0004"",""ContractCommitmentId"":""arn:aws:savingsplans:ap-southeast-1::savingsplan/10eb7543a6c46327"",""ContractCommitmentAppliedCost"":32.0160000000}]}",,,,,,,,"{""Environment"":""dev"",""CostCenter"":""cc-3110"",""Owner"":""team-platform""}"
AWS,AWS,AWS,AWS,AWS,INV-2026-05-0001,100000000001,ExampleCorp Master Payer,Payer Account,200000000011,prod-platform,Linked Account,2026-05-01T00:00:00Z,2026-06-01T00:00:00Z,2026-05-16T00:00:00Z,2026-05-17T00:00:00Z,Usage,,NAT gateway data processed,Usage-Based,16.340724,16.340724,16.340724,16.340724,0.0450000000,0.0450000000,Standard,363.1272,GB,USD,0.0450000000,16.340724,0.0450000000,USD,363.1272,GB,AmazonVPC,Networking,Network Connectivity,SKU-0a48b40b1fa86593309c0c4c,Data Transfer,SPRICE-b948c57b4c22bb2955afff1a,"{""x_TransferType"":""InterAZ""}",arn:aws:ec2:ap-southeast-1:200000000011:natgateway/nat-d4dc5265390d,nat-d4dc5265390d,NAT Gateway,ap-southeast-1,Asia Pacific (Singapore),,,,,,,,,,,,,,,,,"{""Environment"":""staging"",""CostCenter"":""cc-2087"",""Owner"":""team-platform""}"
AWS,AWS,AWS,AWS,AWS,INV-2026-05-0002,100000000002,ExampleCorp Secondary Payer,Payer Account,200000000014,sandbox-dev,Linked Account,2026-05-01T00:00:00Z,2026-06-01T00:00:00Z,2026-05-17T00:00:00Z,2026-05-18T00:00:00Z,Usage,,Custom metrics,Usage-Based,1.65825,1.65825,1.65825,1.65825,0.3000000000,0.3000000000,Standard,5.5275,Metrics,USD,0.3000000000,1.65825,0.3000000000,USD,5.5275,Metrics,AmazonCloudWatch,Management and Governance,Observability,SKU-34e5538fb30cbad0ab6e9eda,Monitoring,SPRICE-7775836205fc8d4f07876728,"{""x_MetricType"":""Custom""}",arn:aws:cloudwatch:us-west-2:200000000014:metric/metric-9d314ad2f6d2,metric-9d314ad2f6d2,Metric,us-west-2,US West (Oregon),,,,,,,,,,,,,,,,,"{""Environment"":""staging"",""CostCenter"":""cc-2087"",""Owner"":""team-data""}"
AWS,AWS,AWS,AWS,AWS,INV-2026-05-0001,100000000001,ExampleCorp Master Payer,Payer Account,200000000011,prod-platform,Linked Account,2026-05-01T00:00:00Z,2026-06-01T00:00:00Z,2026-05-18T00:00:00Z,2026-05-19T00:00:00Z,Usage,,Custom metrics,Usage-Based,39.62529,39.62529,39.62529,39.62529,0.3000000000,0.3000000000,Standard,132.0843,Metrics,USD,0.3000000000,39.62529,0.3000000000,USD,132.0843,Metrics,AmazonCloudWatch,Management and Governance,Observability,SKU-2491f45dad51aaef563400a5,Monitoring,SPRICE-5131bac450b55b26fd0cdc7e,"{""x_MetricType"":""Custom""}",arn:aws:cloudwatch:us-east-1:200000000011:metric/metric-1af6f297fe22,metric-1af6f297fe22,Metric,us-east-1,US East (N. Virginia),,,,,,,,,,,,,,,,,"{""Environment"":""prod"",""CostCenter"":""cc-3110"",""Owner"":""team-payments""}"
AWS,AWS,AWS,AWS,AWS,INV-2026-05-0002,100000000002,ExampleCorp Secondary Payer,Payer Account,200000000011,prod-platform,Linked Account,2026-05-01T00:00:00Z,2026-06-01T00:00:00Z,2026-05-27T10:00:00Z,2026-05-27T11:00:00Z,Purchase,,"Savings Plan commitment, amortised for the charge period",Recurring,32.016,0,32.016,32.016,1,1,Standard,32.016,USD,USD,1.0000000000,0,1.0000000000,USD,,,AmazonEC2,Compute,Virtual Machines,SKU-f97a0a852a001de98a89f822,Commitment,SPRICE-eabcd320fdf26504e5dc7dfb,"{""x_PurchaseTerm"":""1yr"",""x_PaymentOption"":""NoUpfront""}",arn:aws:savingsplans:us-east-1::savingsplan/28bfd448d9d2722e,savingsplan-d183b7a2f740,Savings Plan,us-east-1,US East (N. Virginia),,arn:aws:savingsplans:us-east-1::savingsplan/28bfd448d9d2722e,ComputeSavingsPlan-1yr-NoUpfront,Spend,Savings Plan,,32.016,USD,,,,,,,,,"{""Environment"":""dev"",""CostCenter"":""cc-3110"",""Owner"":""team-data""}"
AWS,AWS,AWS,AWS,AWS,INV-2026-05-0002,100000000002,ExampleCorp Secondary Payer,Payer Account,200000000011,prod-platform,Linked Account,2026-05-01T00:00:00Z,2026-06-01T00:00:00Z,2026-05-27T10:00:00Z,2026-05-27T11:00:00Z,Usage,,AmazonEC2 committed usage of 500 machine-equivalents,Usage-Based,0,32.016,48,43.2,0.0960000000,0.0864000000,Committed,500,Hours,USD,0.0864000000,32.016,0.0960000000,USD,500,Hours,AmazonEC2,Compute,Virtual Machines,SKU-736a4dd80178572d8370293d,Compute,SPRICE-c862323f09b487c42efb1c6b,"{""InstanceType"":""m6i.large"",""InstanceSeries"":""M6i"",""CoreCount"":2,""MemorySize"":8,""OperatingSystem"":""Linux"",""x_Tenancy"":""Shared""}",urn:focus-sample:aws:us-east-1:200000000011:compute-fleet:fleet7ef9cd8cac0c53d5cb77d38b,fleet7ef9cd8cac0c53d5cb77d38b,Compute Fleet,us-east-1,US East (N. Virginia),us-east-1a,arn:aws:savingsplans:us-east-1::savingsplan/28bfd448d9d2722e,ComputeSavingsPlan-1yr-NoUpfront,Spend,Savings Plan,Used,32.016,USD,"{""Elements"":[{""ContractId"":""CONTRACT-CD-0005"",""ContractCommitmentId"":""arn:aws:savingsplans:us-east-1::savingsplan/28bfd448d9d2722e"",""ContractCommitmentAppliedCost"":32.0160000000}]}",,,,,,,,"{""Environment"":""prod"",""CostCenter"":""cc-1042"",""Owner"":""team-data"",""SyntheticFleetSize"":""500""}"
AWS,AWS,AWS,AWS,AWS,INV-2026-05-0002,100000000002,ExampleCorp Secondary Payer,Payer Account,200000000011,prod-platform,Linked Account,2026-05-01T00:00:00Z,2026-06-01T00:00:00Z,2026-05-27T11:00:00Z,2026-05-27T12:00:00Z,Purchase,,"Savings Plan commitment, amortised for the charge period",Recurring,32.016,0,32.016,32.016,1,1,Standard,32.016,USD,USD,1.0000000000,0,1.0000000000,USD,,,AmazonEC2,Compute,Virtual Machines,SKU-f97a0a852a001de98a89f822,Commitment,SPRICE-eabcd320fdf26504e5dc7dfb,"{""x_PurchaseTerm"":""1yr"",""x_PaymentOption"":""NoUpfront""}",arn:aws:savingsplans:us-east-1::savingsplan/28bfd448d9d2722e,savingsplan-d183b7a2f740,Savings Plan,us-east-1,US East (N. Virginia),,arn:aws:savingsplans:us-east-1::savingsplan/28bfd448d9d2722e,ComputeSavingsPlan-1yr-NoUpfront,Spend,Savings Plan,,32.016,USD,,,,,,,,,"{""Environment"":""staging"",""CostCenter"":""cc-3110"",""Owner"":""team-payments""}"
AWS,AWS,AWS,AWS,AWS,INV-2026-05-0002,100000000002,ExampleCorp Secondary Payer,Payer Account,200000000011,prod-platform,Linked Account,2026-05-01T00:00:00Z,2026-06-01T00:00:00Z,2026-05-27T11:00:00Z,2026-05-27T12:00:00Z,Usage,,AmazonEC2 committed usage of 500 machine-equivalents,Usage-Based,0,32.016,48,43.2,0.0960000000,0.0864000000,Committed,500,Hours,USD,0.0864000000,32.016,0.0960000000,USD,500,Hours,AmazonEC2,Compute,Virtual Machines,SKU-736a4dd80178572d8370293d,Compute,SPRICE-c862323f09b487c42efb1c6b,"{""InstanceType"":""m6i.large"",""InstanceSeries"":""M6i"",""CoreCount"":2,""MemorySize"":8,""OperatingSystem"":""Linux"",""x_Tenancy"":""Shared""}",urn:focus-sample:aws:us-east-1:200000000011:compute-fleet:fleet7ef9cd8cac0c53d5cb77d38b,fleet7ef9cd8cac0c53d5cb77d38b,Compute Fleet,us-east-1,US East (N. Virginia),us-east-1a,arn:aws:savingsplans:us-east-1::savingsplan/28bfd448d9d2722e,ComputeSavingsPlan-1yr-NoUpfront,Spend,Savings Plan,Used,32.016,USD,"{""Elements"":[{""ContractId"":""CONTRACT-CD-0005"",""ContractCommitmentId"":""arn:aws:savingsplans:us-east-1::savingsplan/28bfd448d9d2722e"",""ContractCommitmentAppliedCost"":32.0160000000}]}",,,,,,,,"{""Environment"":""dev"",""CostCenter"":""cc-1042"",""Owner"":""team-payments"",""SyntheticFleetSize"":""500""}"
AWS,AWS,AWS,AWS,AWS,INV-2026-05-0002,100000000002,ExampleCorp Secondary Payer,Payer Account,200000000011,prod-platform,Linked Account,2026-05-01T00:00:00Z,2026-06-01T00:00:00Z,2026-05-27T12:00:00Z,2026-05-27T13:00:00Z,Purchase,,"Savings Plan commitment, amortised for the charge period",Recurring,32.016,0,32.016,32.016,1,1,Standard,32.016,USD,USD,1.0000000000,0,1.0000000000,USD,,,AmazonEC2,Compute,Virtual Machines,SKU-f97a0a852a001de98a89f822,Commitment,SPRICE-eabcd320fdf26504e5dc7dfb,"{""x_PurchaseTerm"":""1yr"",""x_PaymentOption"":""NoUpfront""}",arn:aws:savingsplans:us-east-1::savingsplan/28bfd448d9d2722e,savingsplan-d183b7a2f740,Savings Plan,us-east-1,US East (N. Virginia),,arn:aws:savingsplans:us-east-1::savingsplan/28bfd448d9d2722e,ComputeSavingsPlan-1yr-NoUpfront,Spend,Savings Plan,,32.016,USD,,,,,,,,,"{""Environment"":""prod"",""CostCenter"":""cc-3110"",""Owner"":""team-platform""}"
AWS,AWS,AWS,AWS,AWS,INV-2026-05-0002,100000000002,ExampleCorp Secondary Payer,Payer Account,200000000011,prod-platform,Linked Account,2026-05-01T00:00:00Z,2026-06-01T00:00:00Z,2026-05-27T12:00:00Z,2026-05-27T13:00:00Z,Usage,,AmazonEC2 committed usage of 500 machine-equivalents,Usage-Based,0,32.016,48,43.2,0.0960000000,0.0864000000,Committed,500,Hours,USD,0.0864000000,32.016,0.0960000000,USD,500,Hours,AmazonEC2,Compute,Virtual Machines,SKU-736a4dd80178572d8370293d,Compute,SPRICE-c862323f09b487c42efb1c6b,"{""InstanceType"":""m6i.large"",""InstanceSeries"":""M6i"",""CoreCount"":2,""MemorySize"":8,""OperatingSystem"":""Linux"",""x_Tenancy"":""Shared""}",urn:focus-sample:aws:us-east-1:200000000011:compute-fleet:fleet7ef9cd8cac0c53d5cb77d38b,fleet7ef9cd8cac0c53d5cb77d38b,Compute Fleet,us-east-1,US East (N. Virginia),us-east-1a,arn:aws:savingsplans:us-east-1::savingsplan/28bfd448d9d2722e,ComputeSavingsPlan-1yr-NoUpfront,Spend,Savings Plan,Used,32.016,USD,"{""Elements"":[{""ContractId"":""CONTRACT-CD-0005"",""ContractCommitmentId"":""arn:aws:savingsplans:us-east-1::savingsplan/28bfd448d9d2722e"",""ContractCommitmentAppliedCost"":32.0160000000}]}",,,,,,,,"{""Environment"":""dev"",""CostCenter"":""cc-1042"",""Owner"":""team-platform"",""SyntheticFleetSize"":""500""}"
AWS,AWS,AWS,AWS,AWS,INV-2026-05-0002,100000000002,ExampleCorp Secondary Payer,Payer Account,200000000011,prod-platform,Linked Account,2026-05-01T00:00:00Z,2026-06-01T00:00:00Z,2026-05-27T13:00:00Z,2026-05-27T14:00:00Z,Purchase,,"Savings Plan commitment, amortised for the charge period",Recurring,32.016,0,32.016,32.016,1,1,Standard,32.016,USD,USD,1.0000000000,0,1.0000000000,USD,,,AmazonEC2,Compute,Virtual Machines,SKU-f97a0a852a001de98a89f822,Commitment,SPRICE-eabcd320fdf26504e5dc7dfb,"{""x_PurchaseTerm"":""1yr"",""x_PaymentOption"":""NoUpfront""}",arn:aws:savingsplans:us-east-1::savingsplan/28bfd448d9d2722e,savingsplan-d183b7a2f740,Savings Plan,us-east-1,US East (N. Virginia),,arn:aws:savingsplans:us-east-1::savingsplan/28bfd448d9d2722e,ComputeSavingsPlan-1yr-NoUpfront,Spend,Savings Plan,,32.016,USD,,,,,,,,,"{""Environment"":""staging"",""CostCenter"":""cc-3110"",""Owner"":""team-payments""}"
AWS,AWS,AWS,AWS,AWS,INV-2026-05-0002,100000000002,ExampleCorp Secondary Payer,Payer Account,200000000011,prod-platform,Linked Account,2026-05-01T00:00:00Z,2026-06-01T00:00:00Z,2026-05-27T13:00:00Z,2026-05-27T14:00:00Z,Usage,,AmazonEC2 committed usage of 500 machine-equivalents,Usage-Based,0,32.016,48,43.2,0.0960000000,0.0864000000,Committed,500,Hours,USD,0.0864000000,32.016,0.0960000000,USD,500,Hours,AmazonEC2,Compute,Virtual Machines,SKU-736a4dd80178572d8370293d,Compute,SPRICE-c862323f09b487c42efb1c6b,"{""InstanceType"":""m6i.large"",""InstanceSeries"":""M6i"",""CoreCount"":2,""MemorySize"":8,""OperatingSystem"":""Linux"",""x_Tenancy"":""Shared""}",urn:focus-sample:aws:us-east-1:200000000011:compute-fleet:fleet7ef9cd8cac0c53d5cb77d38b,fleet7ef9cd8cac0c53d5cb77d38b,Compute Fleet,us-east-1,US East (N. Virginia),us-east-1a,arn:aws:savingsplans:us-east-1::savingsplan/28bfd448d9d2722e,ComputeSavingsPlan-1yr-NoUpfront,Spend,Savings Plan,Used,32.016,USD,"{""Elements"":[{""ContractId"":""CONTRACT-CD-0005"",""ContractCommitmentId"":""arn:aws:savingsplans:us-east-1::savingsplan/28bfd448d9d2722e"",""ContractCommitmentAppliedCost"":32.0160000000}]}",,,,,,,,"{""Environment"":""dev"",""CostCenter"":""cc-3110"",""Owner"":""team-platform"",""SyntheticFleetSize"":""500""}"
AWS,AWS,AWS,AWS,AWS,INV-2026-05-0002,100000000002,ExampleCorp Secondary Payer,Payer Account,200000000011,prod-platform,Linked Account,2026-05-01T00:00:00Z,2026-06-01T00:00:00Z,2026-05-27T14:00:00Z,2026-05-27T15:00:00Z,Purchase,,"Savings Plan commitment, amortised for the charge period",Recurring,32.016,0,32.016,32.016,1,1,Standard,32.016,USD,USD,1.0000000000,0,1.0000000000,USD,,,AmazonEC2,Compute,Virtual Machines,SKU-f97a0a852a001de98a89f822,Commitment,SPRICE-eabcd320fdf26504e5dc7dfb,"{""x_PurchaseTerm"":""1yr"",""x_PaymentOption"":""NoUpfront""}",arn:aws:savingsplans:us-east-1::savingsplan/28bfd448d9d2722e,savingsplan-d183b7a2f740,Savings Plan,us-east-1,US East (N. Virginia),,arn:aws:savingsplans:us-east-1::savingsplan/28bfd448d9d2722e,ComputeSavingsPlan-1yr-NoUpfront,Spend,Savings Plan,,32.016,USD,,,,,,,,,"{""Environment"":""prod"",""CostCenter"":""cc-2087"",""Owner"":""team-data""}"
AWS,AWS,AWS,AWS,AWS,INV-2026-05-0002,100000000002,ExampleCorp Secondary Payer,Payer Account,200000000011,prod-platform,Linked Account,2026-05-01T00:00:00Z,2026-06-01T00:00:00Z,2026-05-27T14:00:00Z,2026-05-27T15:00:00Z,Usage,,AmazonEC2 committed usage of 500 machine-equivalents,Usage-Based,0,32.016,48,43.2,0.0960000000,0.0864000000,Committed,500,Hours,USD,0.0864000000,32.016,0.0960000000,USD,500,Hours,AmazonEC2,Compute,Virtual Machines,SKU-736a4dd80178572d8370293d,Compute,SPRICE-c862323f09b487c42efb1c6b,"{""InstanceType"":""m6i.large"",""InstanceSeries"":""M6i"",""CoreCount"":2,""MemorySize"":8,""OperatingSystem"":""Linux"",""x_Tenancy"":""Shared""}",urn:focus-sample:aws:us-east-1:200000000011:compute-fleet:fleet7ef9cd8cac0c53d5cb77d38b,fleet7ef9cd8cac0c53d5cb77d38b,Compute Fleet,us-east-1,US East (N. Virginia),us-east-1a,arn:aws:savingsplans:us-east-1::savingsplan/28bfd448d9d2722e,ComputeSavingsPlan-1yr-NoUpfront,Spend,Savings Plan,Used,32.016,USD,"{""Elements"":[{""ContractId"":""CONTRACT-CD-0005"",""ContractCommitmentId"":""arn:aws:savingsplans:us-east-1::savingsplan/28bfd448d9d2722e"",""ContractCommitmentAppliedCost"":32.0160000000}]}",,,,,,,,"{""Environment"":""prod"",""CostCenter"":""cc-3110"",""Owner"":""team-data"",""SyntheticFleetSize"":""500""}"
AWS,AWS,AWS,AWS,AWS,INV-2026-05-0002,100000000002,ExampleCorp Secondary Payer,Payer Account,200000000011,prod-platform,Linked Account,2026-05-01T00:00:00Z,2026-06-01T00:00:00Z,2026-05-27T15:00:00Z,2026-05-27T16:00:00Z,Purchase,,"Savings Plan commitment, amortised for the charge period",Recurring,32.016,0,32.016,32.016,1,1,Standard,32.016,USD,USD,1.0000000000,0,1.0000000000,USD,,,AmazonEC2,Compute,Virtual Machines,SKU-f97a0a852a001de98a89f822,Commitment,SPRICE-eabcd320fdf26504e5dc7dfb,"{""x_PurchaseTerm"":""1yr"",""x_PaymentOption"":""NoUpfront""}",arn:aws:savingsplans:us-east-1::savingsplan/28bfd448d9d2722e,savingsplan-d183b7a2f740,Savings Plan,us-east-1,US East (N. Virginia),,arn:aws:savingsplans:us-east-1::savingsplan/28bfd448d9d2722e,ComputeSavingsPlan-1yr-NoUpfront,Spend,Savings Plan,,32.016,USD,,,,,,,,,"{""Environment"":""prod"",""CostCenter"":""cc-1042"",""Owner"":""team-platform""}"
AWS,AWS,AWS,AWS,AWS,INV-2026-05-0002,100000000002,ExampleCorp Secondary Payer,Payer Account,200000000011,prod-platform,Linked Account,2026-05-01T00:00:00Z,2026-06-01T00:00:00Z,2026-05-27T15:00:00Z,2026-05-27T16:00:00Z,Usage,,AmazonEC2 committed usage of 500 machine-equivalents,Usage-Based,0,32.016,48,43.2,0.0960000000,0.0864000000,Committed,500,Hours,USD,0.0864000000,32.016,0.0960000000,USD,500,Hours,AmazonEC2,Compute,Virtual Machines,SKU-736a4dd80178572d8370293d,Compute,SPRICE-c862323f09b487c42efb1c6b,"{""InstanceType"":""m6i.large"",""InstanceSeries"":""M6i"",""CoreCount"":2,""MemorySize"":8,""OperatingSystem"":""Linux"",""x_Tenancy"":""Shared""}",urn:focus-sample:aws:us-east-1:200000000011:compute-fleet:fleet7ef9cd8cac0c53d5cb77d38b,fleet7ef9cd8cac0c53d5cb77d38b,Compute Fleet,us-east-1,US East (N. Virginia),us-east-1a,arn:aws:savingsplans:us-east-1::savingsplan/28bfd448d9d2722e,ComputeSavingsPlan-1yr-NoUpfront,Spend,Savings Plan,Used,32.016,USD,"{""Elements"":[{""ContractId"":""CONTRACT-CD-0005"",""ContractCommitmentId"":""arn:aws:savingsplans:us-east-1::savingsplan/28bfd448d9d2722e"",""ContractCommitmentAppliedCost"":32.0160000000}]}",,,,,,,,"{""Environment"":""prod"",""CostCenter"":""cc-2087"",""Owner"":""team-payments"",""SyntheticFleetSize"":""500""}"
AWS,AWS,AWS,AWS,AWS,INV-2026-05-0002,100000000002,ExampleCorp Secondary Payer,Payer Account,200000000011,prod-platform,Linked Account,2026-05-01T00:00:00Z,2026-06-01T00:00:00Z,2026-05-27T16:00:00Z,2026-05-27T17:00:00Z,Purchase,,"Savings Plan commitment, amortised for the charge period",Recurring,32.016,0,32.016,32.016,1,1,Standard,32.016,USD,USD,1.0000000000,0,1.0000000000,USD,,,AmazonEC2,Compute,Virtual Machines,SKU-f97a0a852a001de98a89f822,Commitment,SPRICE-eabcd320fdf26504e5dc7dfb,"{""x_PurchaseTerm"":""1yr"",""x_PaymentOption"":""NoUpfront""}",arn:aws:savingsplans:us-east-1::savingsplan/28bfd448d9d2722e,savingsplan-d183b7a2f740,Savings Plan,us-east-1,US East (N. Virginia),,arn:aws:savingsplans:us-east-1::savingsplan/28bfd448d9d2722e,ComputeSavingsPlan-1yr-NoUpfront,Spend,Savings Plan,,32.016,USD,,,,,,,,,"{""Environment"":""dev"",""CostCenter"":""cc-3110"",""Owner"":""team-platform""}"
AWS,AWS,AWS,AWS,AWS,INV-2026-05-0002,100000000002,ExampleCorp Secondary Payer,Payer Account,200000000011,prod-platform,Linked Account,2026-05-01T00:00:00Z,2026-06-01T00:00:00Z,2026-05-27T16:00:00Z,2026-05-27T17:00:00Z,Usage,,AmazonEC2 committed usage of 500 machine-equivalents,Usage-Based,0,32.016,48,43.2,0.0960000000,0.0864000000,Committed,500,Hours,USD,0.0864000000,32.016,0.0960000000,USD,500,Hours,AmazonEC2,Compute,Virtual Machines,SKU-736a4dd80178572d8370293d,Compute,SPRICE-c862323f09b487c42efb1c6b,"{""InstanceType"":""m6i.large"",""InstanceSeries"":""M6i"",""CoreCount"":2,""MemorySize"":8,""OperatingSystem"":""Linux"",""x_Tenancy"":""Shared""}",urn:focus-sample:aws:us-east-1:200000000011:compute-fleet:fleet7ef9cd8cac0c53d5cb77d38b,fleet7ef9cd8cac0c53d5cb77d38b,Compute Fleet,us-east-1,US East (N. Virginia),us-east-1a,arn:aws:savingsplans:us-east-1::savingsplan/28bfd448d9d2722e,ComputeSavingsPlan-1yr-NoUpfront,Spend,Savings Plan,Used,32.016,USD,"{""Elements"":[{""ContractId"":""CONTRACT-CD-0005"",""ContractCommitmentId"":""arn:aws:savingsplans:us-east-1::savingsplan/28bfd448d9d2722e"",""ContractCommitmentAppliedCost"":32.0160000000}]}",,,,,,,,"{""Environment"":""prod"",""CostCenter"":""cc-1042"",""Owner"":""team-platform"",""SyntheticFleetSize"":""500""}"
AWS,AWS,AWS,AWS,AWS,INV-2026-05-0002,100000000002,ExampleCorp Secondary Payer,Payer Account,200000000011,prod-platform,Linked Account,2026-05-01T00:00:00Z,2026-06-01T00:00:00Z,2026-05-27T17:00:00Z,2026-05-27T18:00:00Z,Purchase,,"Savings Plan commitment, amortised for the charge period",Recurring,32.016,0,32.016,32.016,1,1,Standard,32.016,USD,USD,1.0000000000,0,1.0000000000,USD,,,AmazonEC2,Compute,Virtual Machines,SKU-f97a0a852a001de98a89f822,Commitment,SPRICE-eabcd320fdf26504e5dc7dfb,"{""x_PurchaseTerm"":""1yr"",""x_PaymentOption"":""NoUpfront""}",arn:aws:savingsplans:us-east-1::savingsplan/28bfd448d9d2722e,savingsplan-d183b7a2f740,Savings Plan,us-east-1,US East (N. Virginia),,arn:aws:savingsplans:us-east-1::savingsplan/28bfd448d9d2722e,ComputeSavingsPlan-1yr-NoUpfront,Spend,Savings Plan,,32.016,USD,,,,,,,,,"{""Environment"":""staging"",""CostCenter"":""cc-1042"",""Owner"":""team-data""}"
AWS,AWS,AWS,AWS,AWS,INV-2026-05-0002,100000000002,ExampleCorp Secondary Payer,Payer Account,200000000011,prod-platform,Linked Account,2026-05-01T00:00:00Z,2026-06-01T00:00:00Z,2026-05-27T17:00:00Z,2026-05-27T18:00:00Z,Usage,,AmazonEC2 committed usage of 500 machine-equivalents,Usage-Based,0,32.016,48,43.2,0.0960000000,0.0864000000,Committed,500,Hours,USD,0.0864000000,32.016,0.0960000000,USD,500,Hours,AmazonEC2,Compute,Virtual Machines,SKU-736a4dd80178572d8370293d,Compute,SPRICE-c862323f09b487c42efb1c6b,"{""InstanceType"":""m6i.large"",""InstanceSeries"":""M6i"",""CoreCount"":2,""MemorySize"":8,""OperatingSystem"":""Linux"",""x_Tenancy"":""Shared""}",urn:focus-sample:aws:us-east-1:200000000011:compute-fleet:fleet7ef9cd8cac0c53d5cb77d38b,fleet7ef9cd8cac0c53d5cb77d38b,Compute Fleet,us-east-1,US East (N. Virginia),us-east-1a,arn:aws:savingsplans:us-east-1::savingsplan/28bfd448d9d2722e,ComputeSavingsPlan-1yr-NoUpfront,Spend,Savings Plan,Used,32.016,USD,"{""Elements"":[{""ContractId"":""CONTRACT-CD-0005"",""ContractCommitmentId"":""arn:aws:savingsplans:us-east-1::savingsplan/28bfd448d9d2722e"",""ContractCommitmentAppliedCost"":32.0160000000}]}",,,,,,,,"{""Environment"":""staging"",""CostCenter"":""cc-3110"",""Owner"":""team-payments"",""SyntheticFleetSize"":""500""}"
AWS,AWS,AWS,AWS,AWS,INV-2026-05-0002,100000000002,ExampleCorp Secondary Payer,Payer Account,200000000011,prod-platform,Linked Account,2026-05-01T00:00:00Z,2026-06-01T00:00:00Z,2026-05-27T18:00:00Z,2026-05-27T19:00:00Z,Purchase,,"Savings Plan commitment, amortised for the charge period",Recurring,32.016,0,32.016,32.016,1,1,Standard,32.016,USD,USD,1.0000000000,0,1.0000000000,USD,,,AmazonEC2,Compute,Virtual Machines,SKU-f97a0a852a001de98a89f822,Commitment,SPRICE-eabcd320fdf26504e5dc7dfb,"{""x_PurchaseTerm"":""1yr"",""x_PaymentOption"":""NoUpfront""}",arn:aws:savingsplans:us-east-1::savingsplan/28bfd448d9d2722e,savingsplan-d183b7a2f740,Savings Plan,us-east-1,US East (N. Virginia),,arn:aws:savingsplans:us-east-1::savingsplan/28bfd448d9d2722e,ComputeSavingsPlan-1yr-NoUpfront,Spend,Savings Plan,,32.016,USD,,,,,,,,,"{""Environment"":""prod"",""CostCenter"":""cc-3110"",""Owner"":""team-payments""}"
AWS,AWS,AWS,AWS,AWS,INV-2026-05-0002,100000000002,ExampleCorp Secondary Payer,Payer Account,200000000011,prod-platform,Linked Account,2026-05-01T00:00:00Z,2026-06-01T00:00:00Z,2026-05-27T18:00:00Z,2026-05-27T19:00:00Z,Usage,,AmazonEC2 committed usage of 500 machine-equivalents,Usage-Based,0,32.016,48,43.2,0.0960000000,0.0864000000,Committed,500,Hours,USD,0.0864000000,32.016,0.0960000000,USD,500,Hours,AmazonEC2,Compute,Virtual Machines,SKU-736a4dd80178572d8370293d,Compute,SPRICE-c862323f09b487c42efb1c6b,"{""InstanceType"":""m6i.large"",""InstanceSeries"":""M6i"",""CoreCount"":2,""MemorySize"":8,""OperatingSystem"":""Linux"",""x_Tenancy"":""Shared""}",urn:focus-sample:aws:us-east-1:200000000011:compute-fleet:fleet7ef9cd8cac0c53d5cb77d38b,fleet7ef9cd8cac0c53d5cb77d38b,Compute Fleet,us-east-1,US East (N. Virginia),us-east-1a,arn:aws:savingsplans:us-east-1::savingsplan/28bfd448d9d2722e,ComputeSavingsPlan-1yr-NoUpfront,Spend,Savings Plan,Used,32.016,USD,"{""Elements"":[{""ContractId"":""CONTRACT-CD-0005"",""ContractCommitmentId"":""arn:aws:savingsplans:us-east-1::savingsplan/28bfd448d9d2722e"",""ContractCommitmentAppliedCost"":32.0160000000}]}",,,,,,,,"{""Environment"":""dev"",""CostCenter"":""cc-1042"",""Owner"":""team-platform"",""SyntheticFleetSize"":""500""}"
AWS,AWS,AWS,AWS,AWS,INV-2026-05-0002,100000000002,ExampleCorp Secondary Payer,Payer Account,200000000011,prod-platform,Linked Account,2026-05-01T00:00:00Z,2026-06-01T00:00:00Z,2026-05-27T19:00:00Z,2026-05-27T20:00:00Z,Purchase,,"Savings Plan commitment, amortised for the charge period",Recurring,32.016,0,32.016,32.016,1,1,Standard,32.016,USD,USD,1.0000000000,0,1.0000000000,USD,,,AmazonEC2,Compute,Virtual Machines,SKU-f97a0a852a001de98a89f822,Commitment,SPRICE-eabcd320fdf26504e5dc7dfb,"{""x_PurchaseTerm"":""1yr"",""x_PaymentOption"":""NoUpfront""}",arn:aws:savingsplans:us-east-1::savingsplan/28bfd448d9d2722e,savingsplan-d183b7a2f740,Savings Plan,us-east-1,US East (N. Virginia),,arn:aws:savingsplans:us-east-1::savingsplan/28bfd448d9d2722e,ComputeSavingsPlan-1yr-NoUpfront,Spend,Savings Plan,,32.016,USD,,,,,,,,,"{""Environment"":""dev"",""CostCenter"":""cc-3110"",""Owner"":""team-payments""}"
AWS,AWS,AWS,AWS,AWS,INV-2026-05-0002,100000000002,ExampleCorp Secondary Payer,Payer Account,200000000011,prod-platform,Linked Account,2026-05-01T00:00:00Z,2026-06-01T00:00:00Z,2026-05-27T19:00:00Z,2026-05-27T20:00:00Z,Usage,,Savings Plan unused commitment,Usage-Based,0,32.016,32.016,32.016,1,1,Committed,32.016,USD,USD,1.0000000000,32.016,1.0000000000,USD,,,AmazonEC2,Compute,Virtual Machines,SKU-f97a0a852a001de98a89f822,Commitment,SPRICE-eabcd320fdf26504e5dc7dfb,"{""x_PurchaseTerm"":""1yr"",""x_PaymentOption"":""NoUpfront""}",arn:aws:savingsplans:us-east-1::savingsplan/28bfd448d9d2722e,savingsplan-d183b7a2f740,Savings Plan,us-east-1,US East (N. Virginia),,arn:aws:savingsplans:us-east-1::savingsplan/28bfd448d9d2722e,ComputeSavingsPlan-1yr-NoUpfront,Spend,Savings Plan,Unused,32.016,USD,"{""Elements"":[{""ContractId"":""CONTRACT-CD-0005"",""ContractCommitmentId"":""arn:aws:savingsplans:us-east-1::savingsplan/28bfd448d9d2722e"",""ContractCommitmentAppliedCost"":32.0160000000}]}",,,,,,,,"{""Environment"":""dev"",""CostCenter"":""cc-3110"",""Owner"":""team-data""}"
AWS,AWS,AWS,AWS,AWS,INV-2026-05-0001,100000000001,ExampleCorp Master Payer,Payer Account,200000000012,staging-platform,Linked Account,2026-05-01T00:00:00Z,2026-06-01T00:00:00Z,2026-05-28T06:00:00Z,2026-05-28T07:00:00Z,Usage,,Linux on-demand m6i.large,Usage-Based,0.0864,0.0864,0.096,0.0864,0.0960000000,0.0864000000,Standard,1.0000,Hours,USD,0.0864000000,0.0864,0.0960000000,USD,1.0000,Hours,AmazonEC2,Compute,Virtual Machines,SKU-ca9c2ba97f0b30fb137ef130,Compute,SPRICE-d7f4030fc2a8b65799f6b437,"{""InstanceType"":""m6i.large"",""InstanceSeries"":""M6i"",""CoreCount"":2,""MemorySize"":8,""OperatingSystem"":""Linux"",""x_Tenancy"":""Shared""}",arn:aws:ec2:eu-west-1:200000000012:instance/i-55190f2f6997,i-55190f2f6997,EC2 Instance,eu-west-1,EU (Ireland),eu-west-1b,,,,,,,,"{""Elements"":[{""ContractId"":""CONTRACT-EA-2026-0001"",""ContractCommitmentId"":""CC-EA-COMPUTE-0003"",""ContractCommitmentAppliedCost"":0.08640000000000,""ContractCommitmentAppliedQuantity"":1.0000,""ContractCommitmentAppliedUnit"":""Hours""}]}",,,,,,,,"{""Environment"":""dev"",""CostCenter"":""cc-3110"",""Owner"":""team-payments""}"
AWS,AWS,AWS,AWS,AWS,INV-2026-05-0002,100000000002,ExampleCorp Secondary Payer,Payer Account,200000000013,data-analytics,Linked Account,2026-05-01T00:00:00Z,2026-06-01T00:00:00Z,2026-05-01T00:00:00Z,2026-06-01T00:00:00Z,Usage,,S3 Standard storage,Usage-Based,58.0531868,58.0531868,58.0531868,58.0531868,0.0230000000,0.0230000000,Standard,2524.0516,GB-Months,USD,0.0230000000,58.0531868,0.0230000000,USD,2524.0516,GB-Months,AmazonS3,Storage,Object Storage,SKU-e7cfcc3199bb16b2dd7b1493,Storage,SPRICE-5d75931c911c493aa2aa3d41,"{""StorageClass"":""Standard"",""Redundancy"":""Zonal""}",arn:aws:s3:ap-southeast-1:200000000013:bucket/bucket-e832acea0423,bucket-e832acea0423,S3 Bucket,ap-southeast-1,Asia Pacific (Singapore),,,,,,,,,,,,,,,,,"{""Environment"":""prod"",""CostCenter"":""cc-3110"",""Owner"":""team-platform""}"
AWS,AWS,AWS,AWS,AWS,INV-2026-05-0002,100000000002,ExampleCorp Secondary Payer,Payer Account,200000000013,data-analytics,Linked Account,2026-05-01T00:00:00Z,2026-06-01T00:00:00Z,2026-05-28T08:00:00Z,2026-05-28T09:00:00Z,Usage,,Shared EC2 host cost allocated to workload,Usage-Based,0.0775392,0.0775392,0.0775392,0.0775392,0.0960000000,0.0960000000,Standard,0.8077,Hours,USD,0.0960000000,0.0775392,0.0960000000,USD,0.8077,Hours,AmazonEC2,Compute,Virtual Machines,SKU-736a4dd80178572d8370293d,Compute,SPRICE-c862323f09b487c42efb1c6b,"{""InstanceType"":""m6i.large"",""InstanceSeries"":""M6i"",""CoreCount"":2,""MemorySize"":8,""OperatingSystem"":""Linux"",""x_Tenancy"":""Shared""}",arn:aws:ec2:us-east-1:200000000013:instance/shared-host-5aed26c9,shared-host-5aed26c9,EC2 Instance,us-east-1,US East (N. Virginia),us-east-1c,,,,,,,,,,,split-weighted,"{""Elements"":[{""AllocatedRatio"":1,""UsageUnit"":""Hours"",""UsageQuantity"":0.8077,""x_Strategy"":""Weighted"",""x_Basis"":""MemoryBytes""}]}",arn:aws:eks:us-east-1:200000000013:workload/ingestion-eb69c0,workload-ingestion,"{""workload"":""ingestion"",""CostCenter"":""cc-1042""}","{""Environment"":""staging"",""CostCenter"":""cc-1042"",""Owner"":""team-data""}"
AWS,AWS,AWS,AWS,AWS,INV-2026-05-0002,100000000002,ExampleCorp Secondary Payer,Payer Account,200000000013,data-analytics,Linked Account,2026-05-01T00:00:00Z,2026-06-01T00:00:00Z,2026-05-28T09:00:00Z,2026-05-28T10:00:00Z,Usage,,RDS PostgreSQL db.r6g.large,Usage-Based,0.216,0.216,0.24,0.216,0.2400000000,0.2160000000,Standard,1.0000,Hours,USD,0.2160000000,0.216,0.2400000000,USD,1.0000,Hours,AmazonRDS,Databases,Relational Databases,SKU-59cf7266a13e6ea4d00d0143,Database,SPRICE-bde64d57365802abbf64195d,"{""InstanceType"":""db.r6g.large"",""InstanceSeries"":""R6g"",""CoreCount"":2,""MemorySize"":16,""x_Engine"":""PostgreSQL""}",arn:aws:rds:ap-southeast-1:200000000013:db/db-0d726f72e046,db-0d726f72e046,RDS Instance,ap-southeast-1,Asia Pacific (Singapore),,,,,,,,,"{""Elements"":[{""ContractId"":""CONTRACT-EA-2026-0001"",""ContractCommitmentId"":""CC-EA-SPEND-0001"",""ContractCommitmentAppliedCost"":0.21600000000000}]}",,,,,,,,"{""Environment"":""dev"",""CostCenter"":""cc-3110"",""Owner"":""team-payments""}"
AWS,AWS,AWS,AWS,AWS,INV-2026-05-0002,100000000002,ExampleCorp Secondary Payer,Payer Account,200000000014,sandbox-dev,Linked Account,2026-05-01T00:00:00Z,2026-06-01T00:00:00Z,2026-05-28T10:00:00Z,2026-05-28T11:00:00Z,Usage,,Linux on-demand m6i.large,Usage-Based,0.0864,0.0864,0.096,0.0864,0.0960000000,0.0864000000,Standard,1.0000,Hours,USD,0.0864000000,0.0864,0.0960000000,USD,1.0000,Hours,AmazonEC2,Compute,Virtual Machines,SKU-093c0d7a3a0491f8523e34c8,Compute,SPRICE-bab283475cbbabd222878e74,"{""InstanceType"":""m6i.large"",""InstanceSeries"":""M6i"",""CoreCount"":2,""MemorySize"":8,""OperatingSystem"":""Linux"",""x_Tenancy"":""Shared""}",arn:aws:ec2:ap-southeast-1:200000000014:instance/i-978cbdd19e6d,i-978cbdd19e6d,EC2 Instance,ap-southeast-1,Asia Pacific (Singapore),ap-southeast-1b,,,,,,,,"{""Elements"":[{""ContractId"":""CONTRACT-EA-2026-0001"",""ContractCommitmentId"":""CC-EA-COMPUTE-0003"",""ContractCommitmentAppliedCost"":0.08640000000000,""ContractCommitmentAppliedQuantity"":1.0000,""ContractCommitmentAppliedUnit"":""Hours""}]}",,,,,,,,"{""Environment"":""prod"",""CostCenter"":""cc-2087"",""Owner"":""team-data""}"
AWS,AWS,AWS,AWS,AWS,INV-2026-05-0002,100000000002,ExampleCorp Secondary Payer,Payer Account,200000000013,data-analytics,Linked Account,2026-05-01T00:00:00Z,2026-06-01T00:00:00Z,2026-05-28T11:00:00Z,2026-05-28T12:00:00Z,Usage,,Shared EC2 host cost allocated to workload,Usage-Based,0.0802944,0.0802944,0.0802944,0.0802944,0.0960000000,0.0960000000,Standard,0.8364,Hours,USD,0.0960000000,0.0802944,0.0960000000,USD,0.8364,Hours,AmazonEC2,Compute,Virtual Machines,SKU-736a4dd80178572d8370293d,Compute,SPRICE-c862323f09b487c42efb1c6b,"{""InstanceType"":""m6i.large"",""InstanceSeries"":""M6i"",""CoreCount"":2,""MemorySize"":8,""OperatingSystem"":""Linux"",""x_Tenancy"":""Shared""}",arn:aws:ec2:us-east-1:200000000013:instance/shared-host-33d10adc,shared-host-33d10adc,EC2 Instance,us-east-1,US East (N. Virginia),us-east-1a,,,,,,,,,,,split-proportional,"{""Elements"":[{""AllocatedRatio"":1,""UsageUnit"":""Hours"",""UsageQuantity"":0.8364,""x_Strategy"":""Proportional"",""x_Basis"":""vCPUSeconds""}]}",arn:aws:eks:us-east-1:200000000013:workload/search-53697b,workload-search,"{""workload"":""search"",""CostCenter"":""cc-2087""}","{""Environment"":""prod"",""CostCenter"":""cc-2087"",""Owner"":""team-platform""}"
AWS,AWS,AWS,AWS,AWS,INV-2026-05-0002,100000000002,ExampleCorp Secondary Payer,Payer Account,200000000011,prod-platform,Linked Account,2026-05-01T00:00:00Z,2026-06-01T00:00:00Z,2026-05-28T12:00:00Z,2026-05-28T13:00:00Z,Usage,,Linux on-demand m6i.large,Usage-Based,0.096,0.096,0.096,0.096,0.0960000000,0.0960000000,Standard,1.0000,Hours,USD,0.0960000000,0.096,0.0960000000,USD,1.0000,Hours,AmazonEC2,Compute,Virtual Machines,SKU-736a4dd80178572d8370293d,Compute,SPRICE-c862323f09b487c42efb1c6b,"{""InstanceType"":""m6i.large"",""InstanceSeries"":""M6i"",""CoreCount"":2,""MemorySize"":8,""OperatingSystem"":""Linux"",""x_Tenancy"":""Shared""}",arn:aws:ec2:us-east-1:200000000011:instance/i-12cd9dec1737,i-12cd9dec1737,EC2 Instance,us-east-1,US East (N. Virginia),us-east-1a,,,,,,,,,,,,,,,,"{""Environment"":""staging"",""CostCenter"":""cc-1042"",""Owner"":""team-data""}"
AWS,AWS,AWS,AWS,AWS,INV-2026-05-0002,100000000002,ExampleCorp Secondary Payer,Payer Account,200000000013,data-analytics,Linked Account,2026-05-01T00:00:00Z,2026-06-01T00:00:00Z,2026-05-28T13:00:00Z,2026-05-28T14:00:00Z,Usage,,RDS PostgreSQL db.r6g.large,Usage-Based,0.216,0.216,0.24,0.216,0.2400000000,0.2160000000,Standard,1.0000,Hours,USD,0.2160000000,0.216,0.2400000000,USD,1.0000,Hours,AmazonRDS,Databases,Relational Databases,SKU-7a3ac49181ed25cc4a81dc35,Database,SPRICE-7a34752a4c02e0761e1464be,"{""InstanceType"":""db.r6g.large"",""InstanceSeries"":""R6g"",""CoreCount"":2,""MemorySize"":16,""x_Engine"":""PostgreSQL""}",arn:aws:rds:eu-west-1:200000000013:db/db-de20fe6ec43d,db-de20fe6ec43d,RDS Instance,eu-west-1,EU (Ireland),,,,,,,,,"{""Elements"":[{""ContractId"":""CONTRACT-EA-2026-0001"",""ContractCommitmentId"":""CC-EA-SPEND-0001"",""ContractCommitmentAppliedCost"":0.21600000000000}]}",,,,,,,,"{""Environment"":""prod"",""CostCenter"":""cc-3110"",""Owner"":""team-data""}"
AWS,AWS,AWS,AWS,AWS,INV-2026-05-0001,100000000001,ExampleCorp Master Payer,Payer Account,200000000013,data-analytics,Linked Account,2026-05-01T00:00:00Z,2026-06-01T00:00:00Z,2026-05-14T15:00:00Z,2026-05-14T16:00:00Z,Tax,,Synthetic tax 10% on usage record 328: AWSLambda,One-Time,6.954490782620414,6.954490782620414,6.954490782620414,6.954490782620414,,,,,,USD,,6.954490782620414,,USD,,,AWSLambda,Compute,Serverless Compute,,,,,,,,,,,,,,,,,,,,,,,,,,"{""Environment"":""dev"",""CostCenter"":""cc-2087"",""Owner"":""team-data""}"
AWS,AWS,AWS,AWS,AWS,INV-2026-05-0001,100000000001,ExampleCorp Master Payer,Payer Account,200000000014,sandbox-dev,Linked Account,2026-05-01T00:00:00Z,2026-06-01T00:00:00Z,2026-05-04T11:00:00Z,2026-05-04T12:00:00Z,Tax,,Synthetic tax 10% on usage record 84: AmazonEC2,One-Time,0.00670272,0.00670272,0.00670272,0.00670272,,,,,,USD,,0.00670272,,USD,,,AmazonEC2,Compute,Virtual Machines,,,,,,,,,,,,,,,,,,,,,,,,,,"{""Environment"":""staging"",""CostCenter"":""cc-3110"",""Owner"":""team-data""}"
AWS,AWS,AWS,AWS,AWS,INV-2026-05-0002,100000000002,ExampleCorp Secondary Payer,Payer Account,200000000012,staging-platform,Linked Account,2026-05-01T00:00:00Z,2026-06-01T00:00:00Z,2026-05-28T16:00:00Z,2026-05-28T17:00:00Z,Usage,,Shared EC2 host cost allocated to workload,Usage-Based,0.0089664,0.0089664,0.0089664,0.0089664,0.0960000000,0.0960000000,Standard,0.0934,Hours,USD,0.0960000000,0.0089664,0.0960000000,USD,0.0934,Hours,AmazonEC2,Compute,Virtual Machines,SKU-e0e295f006e6a0732dd5f77b,Compute,SPRICE-98f5ebeb1125d6e984c27bb1,"{""InstanceType"":""m6i.large"",""InstanceSeries"":""M6i"",""CoreCount"":2,""MemorySize"":8,""OperatingSystem"":""Linux"",""x_Tenancy"":""Shared""}",arn:aws:ec2:us-west-2:200000000012:instance/shared-host-d73ced2f,shared-host-d73ced2f,EC2 Instance,us-west-2,US West (Oregon),us-west-2a,,,,,,,,,,,split-even,"{""Elements"":[{""AllocatedRatio"":1,""UsageUnit"":""Hours"",""UsageQuantity"":0.0934,""x_Strategy"":""Even"",""x_Basis"":""Workloads""}]}",arn:aws:eks:us-west-2:200000000012:workload/analytics-901480,workload-analytics,"{""workload"":""analytics"",""CostCenter"":""cc-2087""}","{""Environment"":""dev"",""CostCenter"":""cc-2087"",""Owner"":""team-payments""}"
AWS,AWS,AWS,AWS,AWS,INV-2026-05-0001,100000000001,ExampleCorp Master Payer,Payer Account,200000000014,sandbox-dev,Linked Account,2026-05-01T00:00:00Z,2026-06-01T00:00:00Z,2026-05-28T17:00:00Z,2026-05-28T18:00:00Z,Usage,,Lambda function duration,Usage-Based,38.06703558058556,38.06703558058556,38.06703558058556,38.06703558058556,0.0000166667,0.0000166667,Standard,2284017.5668,GB-Seconds,USD,0.0000166667,38.06703558058556,0.0000166667,USD,2284017.5668,GB-Seconds,AWSLambda,Compute,Serverless Compute,SKU-790dfdd7277c16aec9cf7656,Compute,SPRICE-55fe45e894424abc4a1bb3fe,"{""x_Runtime"":""python3.12"",""x_Architecture"":""arm64""}",arn:aws:lambda:us-west-2:200000000014:function/fn-5aaf920d4083,fn-5aaf920d4083,Lambda Function,us-west-2,US West (Oregon),,,,,,,,,,,,,,,,,"{""Environment"":""prod"",""CostCenter"":""cc-2087"",""Owner"":""team-platform""}"
AWS,AWS,AWS,AWS,AWS,INV-2026-05-0001,100000000001,ExampleCorp Master Payer,Payer Account,200000000013,data-analytics,Linked Account,2026-05-01T00:00:00Z,2026-06-01T00:00:00Z,2026-05-28T18:00:00Z,2026-05-28T19:00:00Z,Usage,,Lambda function duration,Usage-Based,72.88840510818533,72.88840510818533,72.88840510818533,72.88840510818533,0.0000166667,0.0000166667,Standard,4373295.5599,GB-Seconds,USD,0.0000166667,72.88840510818533,0.0000166667,USD,4373295.5599,GB-Seconds,AWSLambda,Compute,Serverless Compute,SKU-790dfdd7277c16aec9cf7656,Compute,SPRICE-55fe45e894424abc4a1bb3fe,"{""x_Runtime"":""python3.12"",""x_Architecture"":""arm64""}",arn:aws:lambda:us-west-2:200000000013:function/fn-a081e4b70b5c,fn-a081e4b70b5c,Lambda Function,us-west-2,US West (Oregon),,,,,,,,,,,,,,,,,"{""Environment"":""dev"",""CostCenter"":""cc-1042"",""Owner"":""team-data""}"
AWS,AWS,AWS,AWS,AWS,INV-2026-05-0002,100000000002,ExampleCorp Secondary Payer,Payer Account,200000000012,staging-platform,Linked Account,2026-05-01T00:00:00Z,2026-06-01T00:00:00Z,2026-05-24T00:00:00Z,2026-05-25T00:00:00Z,Usage,,NAT gateway data processed,Usage-Based,4.6088838,4.6088838,5.120982,4.6088838,0.0450000000,0.0405000000,Standard,113.7996,GB,USD,0.0405000000,4.6088838,0.0450000000,USD,113.7996,GB,AmazonVPC,Networking,Network Connectivity,SKU-38ae1a660e2cadb9d64ca8e5,Data Transfer,SPRICE-974405df44bbf0808ce048b9,"{""x_TransferType"":""InterAZ""}",arn:aws:ec2:us-west-2:200000000012:natgateway/nat-79524dc08bfa,nat-79524dc08bfa,NAT Gateway,us-west-2,US West (Oregon),,,,,,,,,"{""Elements"":[{""ContractId"":""CONTRACT-EA-2026-0001"",""ContractCommitmentId"":""CC-EA-SPEND-0001"",""ContractCommitmentAppliedCost"":4.60888380000000}]}",,,,,,,,"{""Environment"":""staging"",""CostCenter"":""cc-2087"",""Owner"":""team-platform""}"
AWS,AWS,AWS,AWS,AWS,INV-2026-05-0002,100000000002,ExampleCorp Secondary Payer,Payer Account,200000000014,sandbox-dev,Linked Account,2026-05-01T00:00:00Z,2026-06-01T00:00:00Z,2026-05-25T00:00:00Z,2026-05-26T00:00:00Z,Usage,,Custom metrics,Usage-Based,57.3258,57.3258,57.3258,57.3258,0.3000000000,0.3000000000,Standard,191.0860,Metrics,USD,0.3000000000,57.3258,0.3000000000,USD,191.0860,Metrics,AmazonCloudWatch,Management and Governance,Observability,SKU-34e5538fb30cbad0ab6e9eda,Monitoring,SPRICE-7775836205fc8d4f07876728,"{""x_MetricType"":""Custom""}",arn:aws:cloudwatch:us-west-2:200000000014:metric/metric-efe918ced57c,metric-efe918ced57c,Metric,us-west-2,US West (Oregon),,,,,,,,,,,,,,,,,"{""Environment"":""staging"",""CostCenter"":""cc-3110"",""Owner"":""team-data""}"
AWS,AWS,AWS,AWS,AWS,INV-2026-05-0001,100000000001,ExampleCorp Master Payer,Payer Account,200000000014,sandbox-dev,Linked Account,2026-05-01T00:00:00Z,2026-06-01T00:00:00Z,2026-05-28T21:00:00Z,2026-05-28T22:00:00Z,Usage,,Lambda function duration,Usage-Based,33.515865207,33.515865207,37.23992470970046,33.515865207,0.0000166667,0.0000150000,Standard,2234391.0138,GB-Seconds,USD,0.0000150000,33.515865207,0.0000166667,USD,2234391.0138,GB-Seconds,AWSLambda,Compute,Serverless Compute,SKU-67dc4ce0843e58b6125cbdce,Compute,SPRICE-227d5491bbfb36c4f69bea63,"{""x_Runtime"":""python3.12"",""x_Architecture"":""arm64""}",arn:aws:lambda:us-east-1:200000000014:function/fn-2aaec0fd1e11,fn-2aaec0fd1e11,Lambda Function,us-east-1,US East (N. Virginia),,,,,,,,,"{""Elements"":[{""ContractId"":""CONTRACT-EA-2026-0001"",""ContractCommitmentId"":""CC-EA-SPEND-0001"",""ContractCommitmentAppliedCost"":33.51586520700000}]}",,,,,,,,"{""Environment"":""staging"",""CostCenter"":""cc-3110"",""Owner"":""team-payments""}"
AWS,AWS,AWS,AWS,AWS,INV-2026-05-0002,100000000002,ExampleCorp Secondary Payer,Payer Account,200000000014,sandbox-dev,Linked Account,2026-05-01T00:00:00Z,2026-06-01T00:00:00Z,2026-05-27T00:00:00Z,2026-05-28T00:00:00Z,Usage,,Glue ETL job run,Usage-Based,76.191632,76.191632,76.191632,76.191632,0.4400000000,0.4400000000,Standard,173.1628,DPU-Hours,USD,0.4400000000,76.191632,0.4400000000,USD,173.1628,DPU-Hours,AWSGlue,Analytics,Data Processing,SKU-d1426392ab27c72810db5ee9,Data Processing,SPRICE-2caf36fd8fbe6a68e682b866,"{""x_WorkerType"":""G.1X""}",arn:aws:glue:ap-southeast-1:200000000014:job/job-87ee4ecf0354,job-87ee4ecf0354,Glue Job,ap-southeast-1,Asia Pacific (Singapore),,,,,,,,,,,,,,,,,"{""Environment"":""prod"",""CostCenter"":""cc-1042"",""Owner"":""team-payments""}"
AWS,AWS,AWS,AWS,AWS,INV-2026-05-0002,100000000002,ExampleCorp Secondary Payer,Payer Account,200000000013,data-analytics,Linked Account,2026-05-01T00:00:00Z,2026-06-01T00:00:00Z,2026-05-28T23:00:00Z,2026-05-29T00:00:00Z,Usage,,RDS PostgreSQL db.r6g.large,Usage-Based,0.24,0.24,0.24,0.24,0.2400000000,0.2400000000,Standard,1.0000,Hours,USD,0.2400000000,0.24,0.2400000000,USD,1.0000,Hours,AmazonRDS,Databases,Relational Databases,SKU-89bc59af83de149a442b21d0,Database,SPRICE-887d5388c52a801df4d42ba1,"{""InstanceType"":""db.r6g.large"",""InstanceSeries"":""R6g"",""CoreCount"":2,""MemorySize"":16,""x_Engine"":""PostgreSQL""}",arn:aws:rds:us-east-1:200000000013:db/db-aac26748e797,db-aac26748e797,RDS Instance,us-east-1,US East (N. Virginia),,,,,,,,,,,,,,,,,"{""Environment"":""prod"",""CostCenter"":""cc-1042"",""Owner"":""team-platform""}"
AWS,AWS,AWS,AWS,AWS,INV-2026-05-0002,100000000002,ExampleCorp Secondary Payer,Payer Account,200000000011,prod-platform,Linked Account,2026-05-01T00:00:00Z,2026-06-01T00:00:00Z,2026-05-08T00:00:00Z,2026-05-09T00:00:00Z,Tax,,Synthetic tax 10% on usage record 568: AmazonDynamoDB,One-Time,0.4488265219375,0.4488265219375,0.4488265219375,0.4488265219375,,,,,,EUR,,0.4129204001825,,USD,,,AmazonDynamoDB,Databases,NoSQL Databases,,,,,,,,,,,,,,,,,,,,,,,,,,"{""Environment"":""staging"",""CostCenter"":""cc-1042"",""Owner"":""team-data""}"
AWS,AWS,AWS,AWS,AWS,INV-2026-05-0002,100000000002,ExampleCorp Secondary Payer,Payer Account,200000000011,prod-platform,Linked Account,2026-05-01T00:00:00Z,2026-06-01T00:00:00Z,2026-05-01T01:00:00Z,2026-05-01T02:00:00Z,Usage,,Linux on-demand m6i.large,Usage-Based,0.096,0.096,0.096,0.096,0.0960000000,0.0960000000,Standard,1.0000,Hours,USD,0.0960000000,0.096,0.0960000000,USD,1.0000,Hours,AmazonEC2,Compute,Virtual Machines,SKU-e0e295f006e6a0732dd5f77b,Compute,SPRICE-98f5ebeb1125d6e984c27bb1,"{""InstanceType"":""m6i.large"",""InstanceSeries"":""M6i"",""CoreCount"":2,""MemorySize"":8,""OperatingSystem"":""Linux"",""x_Tenancy"":""Shared""}",arn:aws:ec2:us-west-2:200000000011:instance/i-6277e9afc485,i-6277e9afc485,EC2 Instance,us-west-2,US West (Oregon),us-west-2b,,,,,,,,,,,,,,,,"{""Environment"":""prod"",""CostCenter"":""cc-1042"",""Owner"":""team-payments""}"
AWS,AWS,AWS,AWS,AWS,INV-2026-05-0001,100000000001,ExampleCorp Master Payer,Payer Account,200000000011,prod-platform,Linked Account,2026-05-01T00:00:00Z,2026-06-01T00:00:00Z,2026-05-23T00:00:00Z,2026-05-24T00:00:00Z,Tax,,Synthetic tax 10% on usage record 163: AmazonDynamoDB,One-Time,0.5767188649,0.5767188649,0.5767188649,0.5767188649,,,,,,USD,,0.5767188649,,USD,,,AmazonDynamoDB,Databases,NoSQL Databases,,,,,,,,,,,,,,,,,,,,,,,,,,"{""Environment"":""staging"",""CostCenter"":""cc-2087"",""Owner"":""team-payments""}"
AWS,AWS,AWS,AWS,AWS,INV-2026-05-0001,100000000001,ExampleCorp Master Payer,Payer Account,200000000011,prod-platform,Linked Account,2026-05-01T00:00:00Z,2026-06-01T00:00:00Z,2026-05-04T00:00:00Z,2026-05-05T00:00:00Z,Usage,,Custom metrics,Usage-Based,43.08429,43.08429,43.08429,43.08429,0.3000000000,0.3000000000,Standard,143.6143,Metrics,USD,0.3000000000,43.08429,0.3000000000,USD,143.6143,Metrics,AmazonCloudWatch,Management and Governance,Observability,SKU-2491f45dad51aaef563400a5,Monitoring,SPRICE-5131bac450b55b26fd0cdc7e,"{""x_MetricType"":""Custom""}",arn:aws:cloudwatch:us-east-1:200000000011:metric/metric-678c228d98c7,metric-678c228d98c7,Metric,us-east-1,US East (N. Virginia),,,,,,,,,,,,,,,,,"{""Environment"":""prod"",""CostCenter"":""cc-3110"",""Owner"":""team-data""}"
AWS,AWS,AWS,AWS,AWS,INV-2026-05-0002,100000000002,ExampleCorp Secondary Payer,Payer Account,200000000014,sandbox-dev,Linked Account,2026-05-01T00:00:00Z,2026-06-01T00:00:00Z,2026-05-01T00:00:00Z,2026-06-01T00:00:00Z,Usage,,S3 Standard storage,Usage-Based,27.509679,27.509679,30.56631,27.509679,0.0230000000,0.0207000000,Standard,1328.9700,GB-Months,USD,0.0207000000,27.509679,0.0230000000,USD,1328.9700,GB-Months,AmazonS3,Storage,Object Storage,SKU-6042c508b21761919a0ed516,Storage,SPRICE-d35afe08308f10d3695aa71d,"{""StorageClass"":""Standard"",""Redundancy"":""Zonal""}",arn:aws:s3:eu-west-1:200000000014:bucket/bucket-439ab77440d3,bucket-439ab77440d3,S3 Bucket,eu-west-1,EU (Ireland),,,,,,,,,"{""Elements"":[{""ContractId"":""CONTRACT-EA-2026-0001"",""ContractCommitmentId"":""CC-EA-STORAGE-0002"",""ContractCommitmentAppliedCost"":27.50967900000000}]}",,,,,,,,"{""Environment"":""prod"",""CostCenter"":""cc-2087"",""Owner"":""team-payments""}"
AWS,AWS,AWS,AWS,AWS,INV-2026-05-0002,100000000002,ExampleCorp Secondary Payer,Payer Account,200000000011,prod-platform,Linked Account,2026-05-01T00:00:00Z,2026-06-01T00:00:00Z,2026-05-25T00:00:00Z,2026-05-26T00:00:00Z,Tax,,Synthetic tax 10% on usage record 277: AmazonDynamoDB,One-Time,0.0481174467625,0.0481174467625,0.0481174467625,0.0481174467625,,,,,,USD,,0.0481174467625,,USD,,,AmazonDynamoDB,Databases,NoSQL Databases,,,,,,,,,,,,,,,,,,,,,,,,,,"{""Environment"":""dev"",""CostCenter"":""cc-3110"",""Owner"":""team-platform""}"
AWS,AWS,AWS,AWS,AWS,INV-2026-05-0002,100000000002,ExampleCorp Secondary Payer,Payer Account,200000000013,data-analytics,Linked Account,2026-05-01T00:00:00Z,2026-06-01T00:00:00Z,2026-05-07T00:00:00Z,2026-05-08T00:00:00Z,Usage,,Glue ETL job run,Usage-Based,34.9647804,34.9647804,38.849756,34.9647804,0.4400000000,0.3960000000,Standard,88.2949,DPU-Hours,USD,0.3960000000,34.9647804,0.4400000000,USD,88.2949,DPU-Hours,AWSGlue,Analytics,Data Processing,SKU-8cd75c3064ca6c4c85c43ce6,Data Processing,SPRICE-31964d215aa8bccf440b844b,"{""x_WorkerType"":""G.1X""}",arn:aws:glue:eu-west-1:200000000013:job/job-4d10e72e5433,job-4d10e72e5433,Glue Job,eu-west-1,EU (Ireland),,,,,,,,,"{""Elements"":[{""ContractId"":""CONTRACT-EA-2026-0001"",""ContractCommitmentId"":""CC-EA-SPEND-0001"",""ContractCommitmentAppliedCost"":34.96478040000000}]}",,,,,,,,"{""Environment"":""prod"",""CostCenter"":""cc-2087"",""Owner"":""team-data""}"
AWS,AWS,AWS,AWS,AWS,INV-2026-05-0001,100000000001,ExampleCorp Master Payer,Payer Account,200000000011,prod-platform,Linked Account,2026-05-01T00:00:00Z,2026-06-01T00:00:00Z,2026-05-15T06:00:00Z,2026-05-15T07:00:00Z,Tax,,Synthetic tax 10% on usage record 343: AWSLambda,One-Time,1.596374993076934,1.596374993076934,1.596374993076934,1.596374993076934,,,,,,USD,,1.596374993076934,,USD,,,AWSLambda,Compute,Serverless Compute,,,,,,,,,,,,,,,,,,,,,,,,,,"{""Environment"":""staging"",""CostCenter"":""cc-2087"",""Owner"":""team-data""}"
AWS,AWS,AWS,AWS,AWS,INV-2026-05-0001,100000000001,ExampleCorp Master Payer,Payer Account,200000000012,staging-platform,Linked Account,2026-05-01T00:00:00Z,2026-06-01T00:00:00Z,2026-05-01T08:00:00Z,2026-05-01T09:00:00Z,Usage,,Linux on-demand m6i.large,Usage-Based,0.096,0.096,0.096,0.096,0.0960000000,0.0960000000,Standard,1.0000,Hours,USD,0.0960000000,0.096,0.0960000000,USD,1.0000,Hours,AmazonEC2,Compute,Virtual Machines,SKU-093c0d7a3a0491f8523e34c8,Compute,SPRICE-bab283475cbbabd222878e74,"{""InstanceType"":""m6i.large"",""InstanceSeries"":""M6i"",""CoreCount"":2,""MemorySize"":8,""OperatingSystem"":""Linux"",""x_Tenancy"":""Shared""}",arn:aws:ec2:ap-southeast-1:200000000012:instance/i-6f0d6facf574,i-6f0d6facf574,EC2 Instance,ap-southeast-1,Asia Pacific (Singapore),ap-southeast-1a,,,,,,,,,,,,,,,,"{""Environment"":""prod"",""CostCenter"":""cc-1042"",""Owner"":""team-platform""}"
AWS,AWS,AWS,AWS,AWS,INV-2026-05-0001,100000000001,ExampleCorp Master Payer,Payer Account,200000000012,staging-platform,Linked Account,2026-05-01T00:00:00Z,2026-06-01T00:00:00Z,2026-05-01T09:00:00Z,2026-05-01T10:00:00Z,Usage,,Shared EC2 host cost allocated to workload,Usage-Based,0.0537696,0.0537696,0.0537696,0.0537696,0.0960000000,0.0960000000,Standard,0.5601,Hours,USD,0.0960000000,0.0537696,0.0960000000,USD,0.5601,Hours,AmazonEC2,Compute,Virtual Machines,SKU-e0e295f006e6a0732dd5f77b,Compute,SPRICE-98f5ebeb1125d6e984c27bb1,"{""InstanceType"":""m6i.large"",""InstanceSeries"":""M6i"",""CoreCount"":2,""MemorySize"":8,""OperatingSystem"":""Linux"",""x_Tenancy"":""Shared""}",arn:aws:ec2:us-west-2:200000000012:instance/shared-host-5b25aa5e,shared-host-5b25aa5e,EC2 Instance,us-west-2,US West (Oregon),us-west-2a,,,,,,,,,,,split-weighted,"{""Elements"":[{""AllocatedRatio"":1,""UsageUnit"":""Hours"",""UsageQuantity"":0.5601,""x_Strategy"":""Weighted"",""x_Basis"":""MemoryBytes""}]}",arn:aws:eks:us-west-2:200000000012:workload/ingestion-4a16a1,workload-ingestion,"{""workload"":""ingestion"",""CostCenter"":""cc-2087""}","{""Environment"":""staging"",""CostCenter"":""cc-3110"",""Owner"":""team-data""}"
AWS,AWS,AWS,AWS,AWS,INV-2026-05-0001,100000000001,ExampleCorp Master Payer,Payer Account,200000000014,sandbox-dev,Linked Account,2026-05-01T00:00:00Z,2026-06-01T00:00:00Z,2026-05-01T10:00:00Z,2026-05-01T11:00:00Z,Usage,,Shared EC2 host cost allocated to workload,Usage-Based,0.0315936,0.0315936,0.0315936,0.0315936,0.0960000000,0.0960000000,Standard,0.3291,Hours,USD,0.0960000000,0.0315936,0.0960000000,USD,0.3291,Hours,AmazonEC2,Compute,Virtual Machines,SKU-736a4dd80178572d8370293d,Compute,SPRICE-c862323f09b487c42efb1c6b,"{""InstanceType"":""m6i.large"",""InstanceSeries"":""M6i"",""CoreCount"":2,""MemorySize"":8,""OperatingSystem"":""Linux"",""x_Tenancy"":""Shared""}",arn:aws:ec2:us-east-1:200000000014:instance/shared-host-de3f897f,shared-host-de3f897f,EC2 Instance,us-east-1,US East (N. Virginia),us-east-1c,,,,,,,,,,,split-even,"{""Elements"":[{""AllocatedRatio"":1,""UsageUnit"":""Hours"",""UsageQuantity"":0.3291,""x_Strategy"":""Even"",""x_Basis"":""Workloads""}]}",arn:aws:eks:us-east-1:200000000014:workload/billing-2b60f2,workload-billing,"{""workload"":""billing"",""CostCenter"":""cc-1042""}","{""Environment"":""dev"",""CostCenter"":""cc-1042"",""Owner"":""team-platform""}"
AWS,AWS,AWS,AWS,AWS,INV-2026-05-0002,100000000002,ExampleCorp Secondary Payer,Payer Account,200000000013,data-analytics,Linked Account,2026-05-01T00:00:00Z,2026-06-01T00:00:00Z,2026-05-28T11:00:00Z,2026-05-28T12:00:00Z,Tax,,Synthetic tax 10% on usage record 660: AmazonEC2,One-Time,0.00802944,0.00802944,0.00802944,0.00802944,,,,,,USD,,0.00802944,,USD,,,AmazonEC2,Compute,Virtual Machines,,,,,,,,,,,,,,,,,,,,,,,,,,"{""Environment"":""prod"",""CostCenter"":""cc-2087"",""Owner"":""team-platform""}"
AWS,AWS,AWS,AWS,AWS,INV-2026-05-0001,100000000001,ExampleCorp Master Payer,Payer Account,200000000014,sandbox-dev,Linked Account,2026-05-01T00:00:00Z,2026-06-01T00:00:00Z,2026-05-01T12:00:00Z,2026-05-01T13:00:00Z,Usage,,Shared EC2 host cost allocated to workload,Usage-Based,0.0218976,0.0218976,0.0218976,0.0218976,0.0960000000,0.0960000000,Standard,0.2281,Hours,USD,0.0960000000,0.0218976,0.0960000000,USD,0.2281,Hours,AmazonEC2,Compute,Virtual Machines,SKU-093c0d7a3a0491f8523e34c8,Compute,SPRICE-bab283475cbbabd222878e74,"{""InstanceType"":""m6i.large"",""InstanceSeries"":""M6i"",""CoreCount"":2,""MemorySize"":8,""OperatingSystem"":""Linux"",""x_Tenancy"":""Shared""}",arn:aws:ec2:ap-southeast-1:200000000014:instance/shared-host-97057d0a,shared-host-97057d0a,EC2 Instance,ap-southeast-1,Asia Pacific (Singapore),ap-southeast-1b,,,,,,,,,,,split-even,"{""Elements"":[{""AllocatedRatio"":1,""UsageUnit"":""Hours"",""UsageQuantity"":0.2281,""x_Strategy"":""Even"",""x_Basis"":""Workloads""}]}",arn:aws:eks:ap-southeast-1:200000000014:workload/ingestion-3355cd,workload-ingestion,"{""workload"":""ingestion"",""CostCenter"":""cc-1042""}","{""Environment"":""prod"",""CostCenter"":""cc-2087"",""Owner"":""team-platform""}"
AWS,AWS,AWS,AWS,AWS,INV-2026-05-0002,100000000002,ExampleCorp Secondary Payer,Payer Account,200000000014,sandbox-dev,Linked Account,2026-05-01T00:00:00Z,2026-06-01T00:00:00Z,2026-05-15T22:00:00Z,2026-05-15T23:00:00Z,Tax,,Synthetic tax 10% on usage record 359: AmazonRDS,One-Time,0.0216,0.0216,0.024,0.0216,,,,,,USD,,0.0216,,USD,,,AmazonRDS,Databases,Relational Databases,,,,,,,,,,,,,,,,,,,,,,,,,,"{""Environment"":""prod"",""CostCenter"":""cc-3110"",""Owner"":""team-data""}"
AWS,AWS,AWS,AWS,AWS,INV-2026-05-0001,100000000001,ExampleCorp Master Payer,Payer Account,200000000011,prod-platform,Linked Account,2026-05-01T00:00:00Z,2026-06-01T00:00:00Z,2026-05-17T00:00:00Z,2026-05-18T00:00:00Z,Tax,,Synthetic tax 10% on usage record 465: AmazonDynamoDB,One-Time,0.422170141325,0.422170141325,0.422170141325,0.422170141325,,,,,,USD,,0.422170141325,,USD,,,AmazonDynamoDB,Databases,NoSQL Databases,,,,,,,,,,,,,,,,,,,,,,,,,,"{""Environment"":""dev"",""CostCenter"":""cc-3110"",""Owner"":""team-platform""}"
AWS,AWS,AWS,AWS,AWS,INV-2026-05-0001,100000000001,ExampleCorp Master Payer,Payer Account,200000000014,sandbox-dev,Linked Account,2026-05-01T00:00:00Z,2026-06-01T00:00:00Z,2026-05-01T15:00:00Z,2026-05-01T16:00:00Z,Usage,,Shared EC2 host cost allocated to workload,Usage-Based,0.0300384,0.0300384,0.0300384,0.0300384,0.0960000000,0.0960000000,Standard,0.3129,Hours,USD,0.0960000000,0.0300384,0.0960000000,USD,0.3129,Hours,AmazonEC2,Compute,Virtual Machines,SKU-736a4dd80178572d8370293d,Compute,SPRICE-c862323f09b487c42efb1c6b,"{""InstanceType"":""m6i.large"",""InstanceSeries"":""M6i"",""CoreCount"":2,""MemorySize"":8,""OperatingSystem"":""Linux"",""x_Tenancy"":""Shared""}",arn:aws:ec2:us-east-1:200000000014:instance/shared-host-de2e42d6,shared-host-de2e42d6,EC2 Instance,us-east-1,US East (N. Virginia),us-east-1a,,,,,,,,,,,split-weighted,"{""Elements"":[{""AllocatedRatio"":1,""UsageUnit"":""Hours"",""UsageQuantity"":0.3129,""x_Strategy"":""Weighted"",""x_Basis"":""MemoryBytes""}]}",arn:aws:eks:us-east-1:200000000014:workload/analytics-a21970,workload-analytics,"{""workload"":""analytics"",""CostCenter"":""cc-2087""}","{""Environment"":""staging"",""CostCenter"":""cc-3110"",""Owner"":""team-data""}"
AWS,AWS,AWS,AWS,AWS,INV-2026-05-0001,100000000001,ExampleCorp Master Payer,Payer Account,200000000013,data-analytics,Linked Account,2026-05-01T00:00:00Z,2026-06-01T00:00:00Z,2026-05-17T00:00:00Z,2026-05-18T00:00:00Z,Usage,,Custom metrics,Usage-Based,57.24378,57.24378,57.24378,57.24378,0.3000000000,0.3000000000,Standard,190.8126,Metrics,USD,0.3000000000,57.24378,0.3000000000,USD,190.8126,Metrics,AmazonCloudWatch,Management and Governance,Observability,SKU-34e5538fb30cbad0ab6e9eda,Monitoring,SPRICE-7775836205fc8d4f07876728,"{""x_MetricType"":""Custom""}",arn:aws:cloudwatch:us-west-2:200000000013:metric/metric-5c489ab2ec3a,metric-5c489ab2ec3a,Metric,us-west-2,US West (Oregon),,,,,,,,,,,,,,,,,"{""Environment"":""dev"",""CostCenter"":""cc-3110"",""Owner"":""team-data""}"
AWS,AWS,AWS,AWS,AWS,INV-2026-05-0001,100000000001,ExampleCorp Master Payer,Payer Account,200000000012,staging-platform,Linked Account,2026-05-01T00:00:00Z,2026-06-01T00:00:00Z,2026-05-18T00:00:00Z,2026-05-19T00:00:00Z,Usage,,Custom metrics,Usage-Based,9.724779,9.724779,10.80531,9.724779,0.3000000000,0.2700000000,Standard,36.0177,Metrics,USD,0.2700000000,9.724779,0.3000000000,USD,36.0177,Metrics,AmazonCloudWatch,Management and Governance,Observability,SKU-34e5538fb30cbad0ab6e9eda,Monitoring,SPRICE-7775836205fc8d4f07876728,"{""x_MetricType"":""Custom""}",arn:aws:cloudwatch:us-west-2:200000000012:metric/metric-b218610318b5,metric-b218610318b5,Metric,us-west-2,US West (Oregon),,,,,,,,,"{""Elements"":[{""ContractId"":""CONTRACT-EA-2026-0001"",""ContractCommitmentId"":""CC-EA-SPEND-0001"",""ContractCommitmentAppliedCost"":9.72477900000000}]}",,,,,,,,"{""Environment"":""staging"",""CostCenter"":""cc-1042"",""Owner"":""team-data""}"
AWS,AWS,AWS,AWS,AWS,INV-2026-05-0001,100000000001,ExampleCorp Master Payer,Payer Account,200000000013,data-analytics,Linked Account,2026-05-01T00:00:00Z,2026-06-01T00:00:00Z,2026-05-01T00:00:00Z,2026-06-01T00:00:00Z,Usage,,S3 Standard storage,Usage-Based,182.416473,182.416473,182.416473,182.416473,0.0230000000,0.0230000000,Standard,7931.1510,GB-Months,USD,0.0230000000,182.416473,0.0230000000,USD,7931.1510,GB-Months,AmazonS3,Storage,Object Storage,SKU-ca447aa86bf44972e43c1f69,Storage,SPRICE-92e9b7d21ce3c83c68f72f47,"{""StorageClass"":""Standard"",""Redundancy"":""Zonal""}",arn:aws:s3:us-east-1:200000000013:bucket/bucket-43d070ffa1aa,bucket-43d070ffa1aa,S3 Bucket,us-east-1,US East (N. Virginia),,,,,,,,,,,,,,,,,"{""Environment"":""prod"",""CostCenter"":""cc-1042"",""Owner"":""team-payments""}"
AWS,AWS,AWS,AWS,AWS,INV-2026-05-0002,100000000002,ExampleCorp Secondary Payer,Payer Account,200000000011,prod-platform,Linked Account,2026-05-01T00:00:00Z,2026-06-01T00:00:00Z,2026-05-01T19:00:00Z,2026-05-01T20:00:00Z,Usage,,Shared EC2 host cost allocated to workload,Usage-Based,0.0921312,0.0921312,0.0921312,0.0921312,0.0960000000,0.0960000000,Standard,0.9597,Hours,USD,0.0960000000,0.0921312,0.0960000000,USD,0.9597,Hours,AmazonEC2,Compute,Virtual Machines,SKU-736a4dd80178572d8370293d,Compute,SPRICE-c862323f09b487c42efb1c6b,"{""InstanceType"":""m6i.large"",""InstanceSeries"":""M6i"",""CoreCount"":2,""MemorySize"":8,""OperatingSystem"":""Linux"",""x_Tenancy"":""Shared""}",arn:aws:ec2:us-east-1:200000000011:instance/shared-host-bf728bec,shared-host-bf728bec,EC2 Instance,us-east-1,US East (N. Virginia),us-east-1b,,,,,,,,,,,split-proportional,"{""Elements"":[{""AllocatedRatio"":1,""UsageUnit"":""Hours"",""UsageQuantity"":0.9597,""x_Strategy"":""Proportional"",""x_Basis"":""vCPUSeconds""}]}",arn:aws:eks:us-east-1:200000000011:workload/analytics-d51813,workload-analytics,"{""workload"":""analytics"",""CostCenter"":""cc-1042""}","{""Environment"":""dev"",""CostCenter"":""cc-3110"",""Owner"":""team-data""}"
AWS,AWS,AWS,AWS,AWS,INV-2026-05-0001,100000000001,ExampleCorp Master Payer,Payer Account,200000000011,prod-platform,Linked Account,2026-05-01T00:00:00Z,2026-06-01T00:00:00Z,2026-05-23T00:00:00Z,2026-05-24T00:00:00Z,Tax,,Synthetic tax 10% on usage record 555: AWSGlue,One-Time,2.7430744,2.7430744,2.7430744,2.7430744,,,,,,USD,,2.7430744,,USD,,,AWSGlue,Analytics,Data Processing,,,,,,,,,,,,,,,,,,,,,,,,,,"{""Environment"":""prod"",""CostCenter"":""cc-3110"",""Owner"":""team-payments""}"
AWS,AWS,AWS,AWS,AWS,INV-2026-05-0002,100000000002,ExampleCorp Secondary Payer,Payer Account,200000000012,staging-platform,Linked Account,2026-05-01T00:00:00Z,2026-06-01T00:00:00Z,2026-05-01T21:00:00Z,2026-05-01T22:00:00Z,Usage,,Linux on-demand m6i.large,Usage-Based,0.096,0.096,0.096,0.096,0.0960000000,0.0960000000,Standard,1.0000,Hours,USD,0.0960000000,0.096,0.0960000000,USD,1.0000,Hours,AmazonEC2,Compute,Virtual Machines,SKU-e0e295f006e6a0732dd5f77b,Compute,SPRICE-98f5ebeb1125d6e984c27bb1,"{""InstanceType"":""m6i.large"",""InstanceSeries"":""M6i"",""CoreCount"":2,""MemorySize"":8,""OperatingSystem"":""Linux"",""x_Tenancy"":""Shared""}",arn:aws:ec2:us-west-2:200000000012:instance/i-0e42db083ad9,i-0e42db083ad9,EC2 Instance,us-west-2,US West (Oregon),us-west-2b,,,,,,,,,,,,,,,,"{""Environment"":""dev"",""CostCenter"":""cc-1042"",""Owner"":""team-payments""}"
AWS,AWS,AWS,AWS,AWS,INV-2026-05-0001,100000000001,ExampleCorp Master Payer,Payer Account,200000000012,staging-platform,Linked Account,2026-05-01T00:00:00Z,2026-06-01T00:00:00Z,2026-05-22T14:00:00Z,2026-05-22T15:00:00Z,Tax,,Synthetic tax 10% on usage record 519: AWSLambda,One-Time,4.70141346495,4.70141346495,5.223803186418811,4.70141346495,,,,,,USD,,4.70141346495,,USD,,,AWSLambda,Compute,Serverless Compute,,,,,,,,,,,,,,,,,,,,,,,,,,"{""Environment"":""prod"",""CostCenter"":""cc-3110"",""Owner"":""team-payments""}"
AWS,AWS,AWS,AWS,AWS,INV-2026-05-0002,100000000002,ExampleCorp Secondary Payer,Payer Account,200000000014,sandbox-dev,Linked Account,2026-05-01T00:00:00Z,2026-06-01T00:00:00Z,2026-05-24T00:00:00Z,2026-05-25T00:00:00Z,Usage,,Glue ETL job run,Usage-Based,41.121916,41.121916,41.121916,41.121916,0.4400000000,0.4400000000,Standard,93.4589,DPU-Hours,USD,0.4400000000,41.121916,0.4400000000,USD,93.4589,DPU-Hours,AWSGlue,Analytics,Data Processing,SKU-118148093a04e718819dbb3f,Data Processing,SPRICE-f140a6944df35cbb51f25679,"{""x_WorkerType"":""G.1X""}",arn:aws:glue:us-west-2:200000000014:job/job-5658b067b43b,job-5658b067b43b,Glue Job,us-west-2,US West (Oregon),,,,,,,,,,,,,,,,,"{""Environment"":""prod"",""CostCenter"":""cc-1042"",""Owner"":""team-platform""}"
AWS,AWS,AWS,AWS,AWS,INV-2026-05-0002,100000000002,ExampleCorp Secondary Payer,Payer Account,200000000013,data-analytics,Linked Account,2026-05-01T00:00:00Z,2026-06-01T00:00:00Z,2026-05-02T00:00:00Z,2026-05-02T01:00:00Z,Usage,,Shared EC2 host cost allocated to workload,Usage-Based,0.081936,0.081936,0.081936,0.081936,0.0960000000,0.0960000000,Standard,0.8535,Hours,USD,0.0960000000,0.081936,0.0960000000,USD,0.8535,Hours,AmazonEC2,Compute,Virtual Machines,SKU-ca9c2ba97f0b30fb137ef130,Compute,SPRICE-d7f4030fc2a8b65799f6b437,"{""InstanceType"":""m6i.large"",""InstanceSeries"":""M6i"",""CoreCount"":2,""MemorySize"":8,""OperatingSystem"":""Linux"",""x_Tenancy"":""Shared""}",arn:aws:ec2:eu-west-1:200000000013:instance/shared-host-7a656905,shared-host-7a656905,EC2 Instance,eu-west-1,EU (Ireland),eu-west-1b,,,,,,,,,,,split-proportional,"{""Elements"":[{""AllocatedRatio"":1,""UsageUnit"":""Hours"",""UsageQuantity"":0.8535,""x_Strategy"":""Proportional"",""x_Basis"":""vCPUSeconds""}]}",arn:aws:eks:eu-west-1:200000000013:workload/search-cf091a,workload-search,"{""workload"":""search"",""CostCenter"":""cc-1042""}","{""Environment"":""staging"",""CostCenter"":""cc-1042"",""Owner"":""team-data""}"
AWS,AWS,AWS,AWS,AWS,INV-2026-05-0001,100000000001,ExampleCorp Master Payer,Payer Account,200000000012,staging-platform,Linked Account,2026-05-01T00:00:00Z,2026-06-01T00:00:00Z,2026-05-02T01:00:00Z,2026-05-02T02:00:00Z,Usage,,Shared EC2 host cost allocated to workload,Usage-Based,0.05424,0.05424,0.05424,0.05424,0.0960000000,0.0960000000,Standard,0.5650,Hours,USD,0.0960000000,0.05424,0.0960000000,USD,0.5650,Hours,AmazonEC2,Compute,Virtual Machines,SKU-093c0d7a3a0491f8523e34c8,Compute,SPRICE-bab283475cbbabd222878e74,"{""InstanceType"":""m6i.large"",""InstanceSeries"":""M6i"",""CoreCount"":2,""MemorySize"":8,""OperatingSystem"":""Linux"",""x_Tenancy"":""Shared""}",arn:aws:ec2:ap-southeast-1:200000000012:instance/shared-host-b92cbdf2,shared-host-b92cbdf2,EC2 Instance,ap-southeast-1,Asia Pacific (Singapore),ap-southeast-1a,,,,,,,,,,,split-proportional,"{""Elements"":[{""AllocatedRatio"":1,""UsageUnit"":""Hours"",""UsageQuantity"":0.5650,""x_Strategy"":""Proportional"",""x_Basis"":""vCPUSeconds""}]}",arn:aws:eks:ap-southeast-1:200000000012:workload/analytics-1265ba,workload-analytics,"{""workload"":""analytics"",""CostCenter"":""cc-1042""}","{""Environment"":""dev"",""CostCenter"":""cc-2087"",""Owner"":""team-data""}"
AWS,AWS,AWS,AWS,AWS,INV-2026-05-0001,100000000001,ExampleCorp Master Payer,Payer Account,200000000011,prod-platform,Linked Account,2026-05-01T00:00:00Z,2026-06-01T00:00:00Z,2026-05-27T00:00:00Z,2026-05-28T00:00:00Z,Usage,,NAT gateway data processed,Usage-Based,7.409232,7.409232,8.23248,7.409232,0.0450000000,0.0405000000,Standard,182.9440,GB,USD,0.0405000000,7.409232,0.0450000000,USD,182.9440,GB,AmazonVPC,Networking,Network Connectivity,SKU-935abd9125f7268b4f0eb1ad,Data Transfer,SPRICE-130c94d71c797814c8e72b46,"{""x_TransferType"":""InterAZ""}",arn:aws:ec2:us-east-1:200000000011:natgateway/nat-3b0ec30402fe,nat-3b0ec30402fe,NAT Gateway,us-east-1,US East (N. Virginia),,,,,,,,,"{""Elements"":[{""ContractId"":""CONTRACT-EA-2026-0001"",""ContractCommitmentId"":""CC-EA-SPEND-0001"",""ContractCommitmentAppliedCost"":7.40923200000000}]}",,,,,,,,"{""Environment"":""staging"",""CostCenter"":""cc-2087"",""Owner"":""team-data""}"
AWS,AWS,AWS,AWS,AWS,INV-2026-05-0001,100000000001,ExampleCorp Master Payer,Payer Account,200000000011,prod-platform,Linked Account,2026-05-01T00:00:00Z,2026-06-01T00:00:00Z,2026-05-28T00:00:00Z,2026-05-29T00:00:00Z,Usage,,Glue ETL job run,Usage-Based,81.048748,81.048748,81.048748,81.048748,0.4400000000,0.4400000000,Standard,184.2017,DPU-Hours,USD,0.4400000000,81.048748,0.4400000000,USD,184.2017,DPU-Hours,AWSGlue,Analytics,Data Processing,SKU-d1426392ab27c72810db5ee9,Data Processing,SPRICE-2caf36fd8fbe6a68e682b866,"{""x_WorkerType"":""G.1X""}",arn:aws:glue:ap-southeast-1:200000000011:job/job-71dabeac2518,job-71dabeac2518,Glue Job,ap-southeast-1,Asia Pacific (Singapore),,,,,,,,,,,,,,,,,"{""Environment"":""prod"",""CostCenter"":""cc-3110"",""Owner"":""team-data""}"
AWS,AWS,AWS,AWS,AWS,INV-2026-05-0002,100000000002,ExampleCorp Secondary Payer,Payer Account,200000000011,prod-platform,Linked Account,2026-05-01T00:00:00Z,2026-06-01T00:00:00Z,2026-05-02T21:00:00Z,2026-05-02T22:00:00Z,Tax,,Synthetic tax 10% on usage record 46: AmazonEC2,One-Time,0.0026352,0.0026352,0.0026352,0.0026352,,,,,,USD,,0.0026352,,USD,,,AmazonEC2,Compute,Virtual Machines,,,,,,,,,,,,,,,,,,,,,,,,,,"{""Environment"":""prod"",""CostCenter"":""cc-1042"",""Owner"":""team-data""}"
AWS,AWS,AWS,AWS,AWS,INV-2026-05-0002,100000000002,ExampleCorp Secondary Payer,Payer Account,200000000014,sandbox-dev,Linked Account,2026-05-01T00:00:00Z,2026-06-01T00:00:00Z,2026-05-02T00:00:00Z,2026-05-03T00:00:00Z,Usage,,NAT gateway data processed,Usage-Based,17.37293265,17.37293265,19.3032585,17.37293265,0.0450000000,0.0405000000,Standard,428.9613,GB,USD,0.0405000000,17.37293265,0.0450000000,USD,428.9613,GB,AmazonVPC,Networking,Network Connectivity,SKU-935abd9125f7268b4f0eb1ad,Data Transfer,SPRICE-130c94d71c797814c8e72b46,"{""x_TransferType"":""InterAZ""}",arn:aws:ec2:us-east-1:200000000014:natgateway/nat-5ca3d1a0089e,nat-5ca3d1a0089e,NAT Gateway,us-east-1,US East (N. Virginia),,,,,,,,,"{""Elements"":[{""ContractId"":""CONTRACT-EA-2026-0001"",""ContractCommitmentId"":""CC-EA-SPEND-0001"",""ContractCommitmentAppliedCost"":17.37293265000000}]}",,,,,,,,"{""Environment"":""prod"",""CostCenter"":""cc-1042"",""Owner"":""team-data""}"
AWS,AWS,AWS,AWS,AWS,INV-2026-05-0001,100000000001,ExampleCorp Master Payer,Payer Account,200000000014,sandbox-dev,Linked Account,2026-05-01T00:00:00Z,2026-06-01T00:00:00Z,2026-05-02T06:00:00Z,2026-05-02T07:00:00Z,Usage,,Linux on-demand m6i.large,Usage-Based,0.096,0.096,0.096,0.096,0.0960000000,0.0960000000,Standard,1.0000,Hours,EUR,0.0883200000,0.08832,0.0883200000,USD,1.0000,Hours,AmazonEC2,Compute,Virtual Machines,SKU-ca9c2ba97f0b30fb137ef130,Compute,SPRICE-bcca3461b1b47a349114891e,"{""InstanceType"":""m6i.large"",""InstanceSeries"":""M6i"",""CoreCount"":2,""MemorySize"":8,""OperatingSystem"":""Linux"",""x_Tenancy"":""Shared""}",arn:aws:ec2:eu-west-1:200000000014:instance/i-dee06fe46b31,i-dee06fe46b31,EC2 Instance,eu-west-1,EU (Ireland),eu-west-1a,,,,,,,,,,,,,,,,"{""Environment"":""staging"",""CostCenter"":""cc-3110"",""Owner"":""team-payments""}"
AWS,AWS,AWS,AWS,AWS,INV-2026-05-0002,100000000002,ExampleCorp Secondary Payer,Payer Account,200000000013,data-analytics,Linked Account,2026-05-01T00:00:00Z,2026-06-01T00:00:00Z,2026-05-02T07:00:00Z,2026-05-02T08:00:00Z,Usage,,Lambda function duration,Usage-Based,12.0379305975,12.0379305975,13.37550519262355,12.0379305975,0.0000166667,0.0000150000,Standard,802528.7065,GB-Seconds,USD,0.0000150000,12.0379305975,0.0000166667,USD,802528.7065,GB-Seconds,AWSLambda,Compute,Serverless Compute,SKU-790dfdd7277c16aec9cf7656,Compute,SPRICE-55fe45e894424abc4a1bb3fe,"{""x_Runtime"":""python3.12"",""x_Architecture"":""arm64""}",arn:aws:lambda:us-west-2:200000000013:function/fn-39bed3255cc9,fn-39bed3255cc9,Lambda Function,us-west-2,US West (Oregon),,,,,,,,,"{""Elements"":[{""ContractId"":""CONTRACT-EA-2026-0001"",""ContractCommitmentId"":""CC-EA-SPEND-0001"",""ContractCommitmentAppliedCost"":12.03793059750000}]}",,,,,,,,"{""Environment"":""prod"",""CostCenter"":""cc-1042"",""Owner"":""team-payments""}"
AWS,AWS,AWS,AWS,AWS,INV-2026-05-0001,100000000001,ExampleCorp Master Payer,Payer Account,200000000014,sandbox-dev,Linked Account,2026-05-01T00:00:00Z,2026-06-01T00:00:00Z,2026-05-05T00:00:00Z,2026-05-06T00:00:00Z,Usage,,NAT gateway data processed,Usage-Based,5.1660585,5.1660585,5.740065,5.1660585,0.0450000000,0.0405000000,Standard,127.5570,GB,USD,0.0405000000,5.1660585,0.0450000000,USD,127.5570,GB,AmazonVPC,Networking,Network Connectivity,SKU-3d9b08c72ec44814e0bd4e25,Data Transfer,SPRICE-5df2ff31768360bf23008ec4,"{""x_TransferType"":""InterAZ""}",arn:aws:ec2:eu-west-1:200000000014:natgateway/nat-9fa027a1c46b,nat-9fa027a1c46b,NAT Gateway,eu-west-1,EU (Ireland),,,,,,,,,"{""Elements"":[{""ContractId"":""CONTRACT-EA-2026-0001"",""ContractCommitmentId"":""CC-EA-SPEND-0001"",""ContractCommitmentAppliedCost"":5.16605850000000}]}",,,,,,,,"{""Environment"":""staging"",""CostCenter"":""cc-2087"",""Owner"":""team-platform""}"
AWS,AWS,AWS,AWS,AWS,INV-2026-05-0002,100000000002,ExampleCorp Secondary Payer,Payer Account,200000000012,staging-platform,Linked Account,2026-05-01T00:00:00Z,2026-06-01T00:00:00Z,2026-05-06T00:00:00Z,2026-05-07T00:00:00Z,Usage,,Custom metrics,Usage-Based,59.331,59.331,59.331,59.331,0.3000000000,0.3000000000,Standard,197.7700,Metrics,USD,0.3000000000,59.331,0.3000000000,USD,197.7700,Metrics,AmazonCloudWatch,Management and Governance,Observability,SKU-917addcfe26d359456f585f4,Monitoring,SPRICE-bfed9ccd55f51b42ca94dd2b,"{""x_MetricType"":""Custom""}",arn:aws:cloudwatch:eu-west-1:200000000012:metric/metric-58cbac48d5c9,metric-58cbac48d5c9,Metric,eu-west-1,EU (Ireland),,,,,,,,,,,,,,,,,"{""Environment"":""prod"",""CostCenter"":""cc-3110"",""Owner"":""team-data""}"
AWS,AWS,AWS,AWS,AWS,INV-2026-05-0001,100000000001,ExampleCorp Master Payer,Payer Account,200000000012,staging-platform,Linked Account,2026-05-01T00:00:00Z,2026-06-01T00:00:00Z,2026-05-07T00:00:00Z,2026-05-08T00:00:00Z,Purchase,,AWSLambda subscription fee,Recurring,722.74,722.74,722.74,722.74,722.74,722.74,Standard,1,Units,USD,722.7400000000,722.74,722.7400000000,USD,,,AWSLambda,Compute,Serverless Compute,SKU-7efa2010fc4715e2d5605c6d,Subscription,SPRICE-14e8522fdfe081d7b39aa76a,"{""x_ChargeType"": ""SubscriptionFee""}",arn:aws:lambda:us-west-2:200000000012:function/fn-e66250e3f9dd,fn-e66250e3f9dd,Lambda Function,us-west-2,US West (Oregon),,,,,,,,,,,,,,,,,"{""Environment"":""staging"",""CostCenter"":""cc-2087"",""Owner"":""team-platform""}"
AWS,AWS,AWS,AWS,AWS,INV-2026-05-0001,100000000001,ExampleCorp Master Payer,Payer Account,200000000014,sandbox-dev,Linked Account,2026-05-01T00:00:00Z,2026-06-01T00:00:00Z,2026-05-08T00:00:00Z,2026-05-09T00:00:00Z,Purchase,,AmazonCloudWatch subscription fee,Recurring,100.45,100.45,100.45,100.45,100.45,100.45,Standard,1,Units,USD,100.4500000000,100.45,100.4500000000,USD,,,AmazonCloudWatch,Management and Governance,Observability,SKU-8d74edb84f242cbf29ea96dd,Subscription,SPRICE-b8c91a23ce48fa9156af433c,"{""x_ChargeType"": ""SubscriptionFee""}",arn:aws:cloudwatch:eu-west-1:200000000014:metric/metric-501071e5eef4,metric-501071e5eef4,Metric,eu-west-1,EU (Ireland),,,,,,,,,,,,,,,,,"{""Environment"":""prod"",""CostCenter"":""cc-3110"",""Owner"":""team-payments""}"
AWS,AWS,AWS,AWS,AWS,INV-2026-05-0002,100000000002,ExampleCorp Secondary Payer,Payer Account,200000000014,sandbox-dev,Linked Account,2026-05-01T00:00:00Z,2026-06-01T00:00:00Z,2026-05-02T12:00:00Z,2026-05-02T13:00:00Z,Usage,,Shared EC2 host cost allocated to workload,Usage-Based,0.007584,0.007584,0.007584,0.007584,0.0960000000,0.0960000000,Standard,0.0790,Hours,USD,0.0960000000,0.007584,0.0960000000,USD,0.0790,Hours,AmazonEC2,Compute,Virtual Machines,SKU-ca9c2ba97f0b30fb137ef130,Compute,SPRICE-d7f4030fc2a8b65799f6b437,"{""InstanceType"":""m6i.large"",""InstanceSeries"":""M6i"",""CoreCount"":2,""MemorySize"":8,""OperatingSystem"":""Linux"",""x_Tenancy"":""Shared""}",arn:aws:ec2:eu-west-1:200000000014:instance/shared-host-e13526f7,shared-host-e13526f7,EC2 Instance,eu-west-1,EU (Ireland),eu-west-1a,,,,,,,,,,,split-proportional,"{""Elements"":[{""AllocatedRatio"":1,""UsageUnit"":""Hours"",""UsageQuantity"":0.0790,""x_Strategy"":""Proportional"",""x_Basis"":""vCPUSeconds""}]}",arn:aws:eks:eu-west-1:200000000014:workload/search-ae5ffd,workload-search,"{""workload"":""search"",""CostCenter"":""cc-3110""}","{""Environment"":""dev"",""CostCenter"":""cc-1042"",""Owner"":""team-payments""}"
AWS,AWS,AWS,AWS,AWS,INV-2026-05-0001,100000000001,ExampleCorp Master Payer,Payer Account,200000000012,staging-platform,Linked Account,2026-05-01T00:00:00Z,2026-06-01T00:00:00Z,2026-05-02T13:00:00Z,2026-05-02T14:00:00Z,Usage,,Shared EC2 host cost allocated to workload,Usage-Based,0.011184,0.011184,0.011184,0.011184,0.0960000000,0.0960000000,Standard,0.1165,Hours,USD,0.0960000000,0.011184,0.0960000000,USD,0.1165,Hours,AmazonEC2,Compute,Virtual Machines,SKU-736a4dd80178572d8370293d,Compute,SPRICE-c862323f09b487c42efb1c6b,"{""InstanceType"":""m6i.large"",""InstanceSeries"":""M6i"",""CoreCount"":2,""MemorySize"":8,""OperatingSystem"":""Linux"",""x_Tenancy"":""Shared""}",arn:aws:ec2:us-east-1:200000000012:instance/shared-host-2d2c14f1,shared-host-2d2c14f1,EC2 Instance,us-east-1,US East (N. Virginia),us-east-1b,,,,,,,,,,,split-weighted,"{""Elements"":[{""AllocatedRatio"":1,""UsageUnit"":""Hours"",""UsageQuantity"":0.1165,""x_Strategy"":""Weighted"",""x_Basis"":""MemoryBytes""}]}",arn:aws:eks:us-east-1:200000000012:workload/billing-1b77bd,workload-billing,"{""workload"":""billing"",""CostCenter"":""cc-2087""}","{""Environment"":""prod"",""CostCenter"":""cc-2087"",""Owner"":""team-data""}"
AWS,AWS,AWS,AWS,AWS,INV-2026-05-0002,100000000002,ExampleCorp Secondary Payer,Payer Account,200000000011,prod-platform,Linked Account,2026-05-01T00:00:00Z,2026-06-01T00:00:00Z,2026-05-03T21:00:00Z,2026-05-03T22:00:00Z,Tax,,Synthetic tax 10% on usage record 70: AWSLambda,One-Time,4.066545263240927,4.066545263240927,4.066545263240927,4.066545263240927,,,,,,USD,,4.066545263240927,,USD,,,AWSLambda,Compute,Serverless Compute,,,,,,,,,,,,,,,,,,,,,,,,,,"{""Environment"":""staging"",""CostCenter"":""cc-3110"",""Owner"":""team-payments""}"
AWS,AWS,AWS,AWS,AWS,INV-2026-05-0001,100000000001,ExampleCorp Master Payer,Payer Account,200000000011,prod-platform,Linked Account,2026-05-01T00:00:00Z,2026-06-01T00:00:00Z,2026-05-02T15:00:00Z,2026-05-02T16:00:00Z,Usage,,Shared EC2 host cost allocated to workload,Usage-Based,0.0851136,0.0851136,0.0851136,0.0851136,0.0960000000,0.0960000000,Standard,0.8866,Hours,USD,0.0960000000,0.0851136,0.0960000000,USD,0.8866,Hours,AmazonEC2,Compute,Virtual Machines,SKU-736a4dd80178572d8370293d,Compute,SPRICE-c862323f09b487c42efb1c6b,"{""InstanceType"":""m6i.large"",""InstanceSeries"":""M6i"",""CoreCount"":2,""MemorySize"":8,""OperatingSystem"":""Linux"",""x_Tenancy"":""Shared""}",arn:aws:ec2:us-east-1:200000000011:instance/shared-host-c1cb370d,shared-host-c1cb370d,EC2 Instance,us-east-1,US East (N. Virginia),us-east-1b,,,,,,,,,,,split-proportional,"{""Elements"":[{""AllocatedRatio"":1,""UsageUnit"":""Hours"",""UsageQuantity"":0.8866,""x_Strategy"":""Proportional"",""x_Basis"":""vCPUSeconds""}]}",arn:aws:eks:us-east-1:200000000011:workload/billing-3ad9ae,workload-billing,"{""workload"":""billing"",""CostCenter"":""cc-1042""}","{""Environment"":""staging"",""CostCenter"":""cc-2087"",""Owner"":""team-data""}"
AWS,AWS,AWS,AWS,AWS,INV-2026-05-0002,100000000002,ExampleCorp Secondary Payer,Payer Account,200000000012,staging-platform,Linked Account,2026-05-01T00:00:00Z,2026-06-01T00:00:00Z,2026-05-02T16:00:00Z,2026-05-02T17:00:00Z,Usage,,RDS PostgreSQL db.r6g.large,Usage-Based,0.24,0.24,0.24,0.24,0.2400000000,0.2400000000,Standard,1.0000,Hours,USD,0.2400000000,0.24,0.2400000000,USD,1.0000,Hours,AmazonRDS,Databases,Relational Databases,SKU-d70ac0acbdfcb8de90bd881a,Database,SPRICE-526e7acd56433e6d3c551cac,"{""InstanceType"":""db.r6g.large"",""InstanceSeries"":""R6g"",""CoreCount"":2,""MemorySize"":16,""x_Engine"":""PostgreSQL""}",arn:aws:rds:us-west-2:200000000012:db/db-a151c265a6b0,db-a151c265a6b0,RDS Instance,us-west-2,US West (Oregon),,,,,,,,,,,,,,,,,"{""Environment"":""dev"",""CostCenter"":""cc-1042"",""Owner"":""team-platform""}"
AWS,AWS,AWS,AWS,AWS,INV-2026-05-0002,100000000002,ExampleCorp Secondary Payer,Payer Account,200000000011,prod-platform,Linked Account,2026-05-01T00:00:00Z,2026-06-01T00:00:00Z,2026-05-02T17:00:00Z,2026-05-02T18:00:00Z,Usage,,Shared EC2 host cost allocated to workload,Usage-Based,0.0765024,0.0765024,0.0765024,0.0765024,0.0960000000,0.0960000000,Standard,0.7969,Hours,USD,0.0960000000,0.0765024,0.0960000000,USD,0.7969,Hours,AmazonEC2,Compute,Virtual Machines,SKU-736a4dd80178572d8370293d,Compute,SPRICE-c862323f09b487c42efb1c6b,"{""InstanceType"":""m6i.large"",""InstanceSeries"":""M6i"",""CoreCount"":2,""MemorySize"":8,""OperatingSystem"":""Linux"",""x_Tenancy"":""Shared""}",arn:aws:ec2:us-east-1:200000000011:instance/shared-host-368f895f,shared-host-368f895f,EC2 Instance,us-east-1,US East (N. Virginia),us-east-1c,,,,,,,,,,,split-proportional,"{""Elements"":[{""AllocatedRatio"":1,""UsageUnit"":""Hours"",""UsageQuantity"":0.7969,""x_Strategy"":""Proportional"",""x_Basis"":""vCPUSeconds""}]}",arn:aws:eks:us-east-1:200000000011:workload/ingestion-78dff5,workload-ingestion,"{""workload"":""ingestion"",""CostCenter"":""cc-3110""}","{""Environment"":""prod"",""CostCenter"":""cc-1042"",""Owner"":""team-payments""}"
AWS,AWS,AWS,AWS,AWS,INV-2026-05-0002,100000000002,ExampleCorp Secondary Payer,Payer Account,200000000012,staging-platform,Linked Account,2026-05-01T00:00:00Z,2026-06-01T00:00:00Z,2026-05-01T00:00:00Z,2026-06-01T00:00:00Z,Usage,,S3 Standard storage,Usage-Based,78.6433641,78.6433641,78.6433641,78.6433641,0.0230000000,0.0230000000,Standard,3419.2767,GB-Months,USD,0.0230000000,78.6433641,0.0230000000,USD,3419.2767,GB-Months,AmazonS3,Storage,Object Storage,SKU-ca447aa86bf44972e43c1f69,Storage,SPRICE-92e9b7d21ce3c83c68f72f47,"{""StorageClass"":""Standard"",""Redundancy"":""Zonal""}",arn:aws:s3:us-east-1:200000000012:bucket/bucket-174579412cdd,bucket-174579412cdd,S3 Bucket,us-east-1,US East (N. Virginia),,,,,,,,,,,,,,,,,"{""Environment"":""dev"",""CostCenter"":""cc-1042"",""Owner"":""team-payments""}"
AWS,AWS,AWS,AWS,AWS,INV-2026-05-0002,100000000002,ExampleCorp Secondary Payer,Payer Account,200000000014,sandbox-dev,Linked Account,2026-05-01T00:00:00Z,2026-06-01T00:00:00Z,2026-05-02T19:00:00Z,2026-05-02T20:00:00Z,Usage,,Shared EC2 host cost allocated to workload,Usage-Based,0.0679392,0.0679392,0.0679392,0.0679392,0.0960000000,0.0960000000,Standard,0.7077,Hours,USD,0.0960000000,0.0679392,0.0960000000,USD,0.7077,Hours,AmazonEC2,Compute,Virtual Machines,SKU-ca9c2ba97f0b30fb137ef130,Compute,SPRICE-d7f4030fc2a8b65799f6b437,"{""InstanceType"":""m6i.large"",""InstanceSeries"":""M6i"",""CoreCount"":2,""MemorySize"":8,""OperatingSystem"":""Linux"",""x_Tenancy"":""Shared""}",arn:aws:ec2:eu-west-1:200000000014:instance/shared-host-26aa8a29,shared-host-26aa8a29,EC2 Instance,eu-west-1,EU (Ireland),eu-west-1a,,,,,,,,,,,split-even,"{""Elements"":[{""AllocatedRatio"":1,""UsageUnit"":""Hours"",""UsageQuantity"":0.7077,""x_Strategy"":""Even"",""x_Basis"":""Workloads""}]}",arn:aws:eks:eu-west-1:200000000014:workload/analytics-2a6714,workload-analytics,"{""workload"":""analytics"",""CostCenter"":""cc-2087""}","{""Environment"":""staging"",""CostCenter"":""cc-2087"",""Owner"":""team-data""}"
AWS,AWS,AWS,AWS,AWS,INV-2026-05-0002,100000000002,ExampleCorp Secondary Payer,Payer Account,200000000012,staging-platform,Linked Account,2026-05-01T00:00:00Z,2026-06-01T00:00:00Z,2026-05-06T00:00:00Z,2026-05-07T00:00:00Z,Tax,,Synthetic tax 10% on usage record 510: AmazonVPC,One-Time,2.04048765,2.04048765,2.04048765,2.04048765,,,,,,USD,,2.04048765,,USD,,,AmazonVPC,Networking,Network Connectivity,,,,,,,,,,,,,,,,,,,,,,,,,,"{""Environment"":""staging"",""CostCenter"":""cc-3110"",""Owner"":""team-payments""}"
AWS,AWS,AWS,AWS,AWS,INV-2026-05-0002,100000000002,ExampleCorp Secondary Payer,Payer Account,200000000011,prod-platform,Linked Account,2026-05-01T00:00:00Z,2026-06-01T00:00:00Z,2026-05-02T21:00:00Z,2026-05-02T22:00:00Z,Usage,,Shared EC2 host cost allocated to workload,Usage-Based,0.0069888,0.0069888,0.0069888,0.0069888,0.0960000000,0.0960000000,Standard,0.0728,Hours,USD,0.0960000000,0.0069888,0.0960000000,USD,0.0728,Hours,AmazonEC2,Compute,Virtual Machines,SKU-ca9c2ba97f0b30fb137ef130,Compute,SPRICE-d7f4030fc2a8b65799f6b437,"{""InstanceType"":""m6i.large"",""InstanceSeries"":""M6i"",""CoreCount"":2,""MemorySize"":8,""OperatingSystem"":""Linux"",""x_Tenancy"":""Shared""}",arn:aws:ec2:eu-west-1:200000000011:instance/shared-host-231ffe18,shared-host-231ffe18,EC2 Instance,eu-west-1,EU (Ireland),eu-west-1b,,,,,,,,,,,split-proportional,"{""Elements"":[{""AllocatedRatio"":1,""UsageUnit"":""Hours"",""UsageQuantity"":0.0728,""x_Strategy"":""Proportional"",""x_Basis"":""vCPUSeconds""}]}",arn:aws:eks:eu-west-1:200000000011:workload/ingestion-89e870,workload-ingestion,"{""workload"":""ingestion"",""CostCenter"":""cc-3110""}","{""Environment"":""staging"",""CostCenter"":""cc-2087"",""Owner"":""team-platform""}"
AWS,AWS,AWS,AWS,AWS,INV-2026-05-0002,100000000002,ExampleCorp Secondary Payer,Payer Account,200000000013,data-analytics,Linked Account,2026-05-01T00:00:00Z,2026-06-01T00:00:00Z,2026-05-19T00:00:00Z,2026-05-20T00:00:00Z,Purchase,,AWSLambda subscription fee,Recurring,160.2,160.2,160.2,160.2,160.2,160.2,Standard,1,Units,USD,160.2000000000,160.2,160.2000000000,USD,,,AWSLambda,Compute,Serverless Compute,SKU-9a74fd410e6e4f08064b2dd5,Subscription,SPRICE-93ee86cad4d9013385430597,"{""x_ChargeType"": ""SubscriptionFee""}",arn:aws:lambda:eu-west-1:200000000013:function/fn-876308bc499e,fn-876308bc499e,Lambda Function,eu-west-1,EU (Ireland),,,,,,,,,,,,,,,,,"{""Environment"":""prod"",""CostCenter"":""cc-3110"",""Owner"":""team-platform""}"
AWS,AWS,AWS,AWS,AWS,INV-2026-05-0001,100000000001,ExampleCorp Master Payer,Payer Account,200000000011,prod-platform,Linked Account,2026-05-01T00:00:00Z,2026-06-01T00:00:00Z,2026-05-02T23:00:00Z,2026-05-03T00:00:00Z,Usage,,Shared EC2 host cost allocated to workload,Usage-Based,0.0679008,0.0679008,0.0679008,0.0679008,0.0960000000,0.0960000000,Standard,0.7073,Hours,USD,0.0960000000,0.0679008,0.0960000000,USD,0.7073,Hours,AmazonEC2,Compute,Virtual Machines,SKU-e0e295f006e6a0732dd5f77b,Compute,SPRICE-98f5ebeb1125d6e984c27bb1,"{""InstanceType"":""m6i.large"",""InstanceSeries"":""M6i"",""CoreCount"":2,""MemorySize"":8,""OperatingSystem"":""Linux"",""x_Tenancy"":""Shared""}",arn:aws:ec2:us-west-2:200000000011:instance/shared-host-bf3410bc,shared-host-bf3410bc,EC2 Instance,us-west-2,US West (Oregon),us-west-2b,,,,,,,,,,,split-proportional,"{""Elements"":[{""AllocatedRatio"":1,""UsageUnit"":""Hours"",""UsageQuantity"":0.7073,""x_Strategy"":""Proportional"",""x_Basis"":""vCPUSeconds""}]}",arn:aws:eks:us-west-2:200000000011:workload/billing-076f6d,workload-billing,"{""workload"":""billing"",""CostCenter"":""cc-1042""}","{""Environment"":""staging"",""CostCenter"":""cc-1042"",""Owner"":""team-platform""}"
AWS,AWS,AWS,AWS,AWS,INV-2026-05-0001,100000000001,ExampleCorp Master Payer,Payer Account,200000000013,data-analytics,Linked Account,2026-05-01T00:00:00Z,2026-06-01T00:00:00Z,2026-05-03T00:00:00Z,2026-05-03T01:00:00Z,Usage,,Lambda function duration,Usage-Based,49.53952253884692,49.53952253884692,49.53952253884692,49.53952253884692,0.0000166667,0.0000166667,Standard,2972365.4076,GB-Seconds,EUR,0.0000153334,45.5763607357391664,0.0000153334,USD,2972365.4076,GB-Seconds,AWSLambda,Compute,Serverless Compute,SKU-10b7f1c880ad0bc78efd30e2,Compute,SPRICE-f698f85a0f5e59cb4990d3c1,"{""x_Runtime"":""python3.12"",""x_Architecture"":""arm64""}",arn:aws:lambda:ap-southeast-1:200000000013:function/fn-46a98bda6e2e,fn-46a98bda6e2e,Lambda Function,ap-southeast-1,Asia Pacific (Singapore),,,,,,,,,,,,,,,,,"{""Environment"":""staging"",""CostCenter"":""cc-3110"",""Owner"":""team-data""}"
AWS,AWS,AWS,AWS,AWS,INV-2026-05-0002,100000000002,ExampleCorp Secondary Payer,Payer Account,200000000012,staging-platform,Linked Account,2026-05-01T00:00:00Z,2026-06-01T00:00:00Z,2026-05-03T01:00:00Z,2026-05-03T02:00:00Z,Usage,,Shared EC2 host cost allocated to workload,Usage-Based,0.0231552,0.0231552,0.0231552,0.0231552,0.0960000000,0.0960000000,Standard,0.2412,Hours,USD,0.0960000000,0.0231552,0.0960000000,USD,0.2412,Hours,AmazonEC2,Compute,Virtual Machines,SKU-093c0d7a3a0491f8523e34c8,Compute,SPRICE-bab283475cbbabd222878e74,"{""InstanceType"":""m6i.large"",""InstanceSeries"":""M6i"",""CoreCount"":2,""MemorySize"":8,""OperatingSystem"":""Linux"",""x_Tenancy"":""Shared""}",arn:aws:ec2:ap-southeast-1:200000000012:instance/shared-host-53b61d22,shared-host-53b61d22,EC2 Instance,ap-southeast-1,Asia Pacific (Singapore),ap-southeast-1b,,,,,,,,,,,split-weighted,"{""Elements"":[{""AllocatedRatio"":1,""UsageUnit"":""Hours"",""UsageQuantity"":0.2412,""x_Strategy"":""Weighted"",""x_Basis"":""MemoryBytes""}]}",arn:aws:eks:ap-southeast-1:200000000012:workload/search-c1b5e6,workload-search,"{""workload"":""search"",""CostCenter"":""cc-2087""}","{""Environment"":""staging"",""CostCenter"":""cc-1042"",""Owner"":""team-platform""}"
AWS,AWS,AWS,AWS,AWS,INV-2026-05-0002,100000000002,ExampleCorp Secondary Payer,Payer Account,200000000013,data-analytics,Linked Account,2026-05-01T00:00:00Z,2026-06-01T00:00:00Z,2026-05-16T00:00:00Z,2026-05-17T00:00:00Z,Tax,,Synthetic tax 10% on usage record 548: AmazonVPC,One-Time,0.82361565,0.82361565,0.82361565,0.82361565,,,,,,USD,,0.82361565,,USD,,,AmazonVPC,Networking,Network Connectivity,,,,,,,,,,,,,,,,,,,,,,,,,,"{""Environment"":""dev"",""CostCenter"":""cc-2087"",""Owner"":""team-payments""}"
AWS,AWS,AWS,AWS,AWS,INV-2026-05-0001,100000000001,ExampleCorp Master Payer,Payer Account,200000000012,staging-platform,Linked Account,2026-05-01T00:00:00Z,2026-06-01T00:00:00Z,2026-05-03T03:00:00Z,2026-05-03T04:00:00Z,Usage,,Shared EC2 host cost allocated to workload,Usage-Based,0.0895488,0.0895488,0.0895488,0.0895488,0.0960000000,0.0960000000,Standard,0.9328,Hours,USD,0.0960000000,0.0895488,0.0960000000,USD,0.9328,Hours,AmazonEC2,Compute,Virtual Machines,SKU-e0e295f006e6a0732dd5f77b,Compute,SPRICE-98f5ebeb1125d6e984c27bb1,"{""InstanceType"":""m6i.large"",""InstanceSeries"":""M6i"",""CoreCount"":2,""MemorySize"":8,""OperatingSystem"":""Linux"",""x_Tenancy"":""Shared""}",arn:aws:ec2:us-west-2:200000000012:instance/shared-host-dbbe48aa,shared-host-dbbe48aa,EC2 Instance,us-west-2,US West (Oregon),us-west-2b,,,,,,,,,,,split-proportional,"{""Elements"":[{""AllocatedRatio"":1,""UsageUnit"":""Hours"",""UsageQuantity"":0.9328,""x_Strategy"":""Proportional"",""x_Basis"":""vCPUSeconds""}]}",arn:aws:eks:us-west-2:200000000012:workload/analytics-55ea03,workload-analytics,"{""workload"":""analytics"",""CostCenter"":""cc-2087""}","{""Environment"":""staging"",""CostCenter"":""cc-2087"",""Owner"":""team-data""}"
AWS,AWS,AWS,AWS,AWS,INV-2026-05-0002,100000000002,ExampleCorp Secondary Payer,Payer Account,200000000012,staging-platform,Linked Account,2026-05-01T00:00:00Z,2026-06-01T00:00:00Z,2026-05-01T00:00:00Z,2026-06-01T00:00:00Z,Usage,,S3 Standard storage,Usage-Based,31.6810326,31.6810326,31.6810326,31.6810326,0.0230000000,0.0230000000,Standard,1377.4362,GB-Months,USD,0.0230000000,31.6810326,0.0230000000,USD,1377.4362,GB-Months,AmazonS3,Storage,Object Storage,SKU-e7cfcc3199bb16b2dd7b1493,Storage,SPRICE-5d75931c911c493aa2aa3d41,"{""StorageClass"":""Standard"",""Redundancy"":""Zonal""}",arn:aws:s3:ap-southeast-1:200000000012:bucket/bucket-991a55f7637f,bucket-991a55f7637f,S3 Bucket,ap-southeast-1,Asia Pacific (Singapore),,,,,,,,,,,,,,,,,"{""Environment"":""prod"",""CostCenter"":""cc-2087"",""Owner"":""team-platform""}"
AWS,AWS,AWS,AWS,AWS,INV-2026-05-0002,100000000002,ExampleCorp Secondary Payer,Payer Account,200000000013,data-analytics,Linked Account,2026-05-01T00:00:00Z,2026-06-01T00:00:00Z,2026-05-26T00:00:00Z,2026-05-27T00:00:00Z,Usage,,DynamoDB on-demand write requests,Usage-Based,0.571609327,0.571609327,0.571609327,0.571609327,0.0000012500,0.0000012500,Standard,457287.4616,Requests,USD,0.0000012500,0.571609327,0.0000012500,USD,457287.4616,Requests,AmazonDynamoDB,Databases,NoSQL Databases,SKU-b60be50671e3ea779ca4990a,Database,SPRICE-01c9691ef6482a9102c7a4ff,"{""x_CapacityMode"":""On-Demand""}",arn:aws:dynamodb:us-east-1:200000000013:table/table-e391c54971dc,table-e391c54971dc,DynamoDB Table,us-east-1,US East (N. Virginia),,,,,,,,,,,,,,,,,"{""Environment"":""dev"",""CostCenter"":""cc-3110"",""Owner"":""team-payments""}"
AWS,AWS,AWS,AWS,AWS,INV-2026-05-0001,100000000001,ExampleCorp Master Payer,Payer Account,200000000013,data-analytics,Linked Account,2026-05-01T00:00:00Z,2026-06-01T00:00:00Z,2026-05-03T06:00:00Z,2026-05-03T07:00:00Z,Usage,,RDS PostgreSQL db.r6g.large,Usage-Based,0.216,0.216,0.24,0.216,0.2400000000,0.2160000000,Standard,1.0000,Hours,USD,0.2160000000,0.216,0.2400000000,USD,1.0000,Hours,AmazonRDS,Databases,Relational Databases,SKU-89bc59af83de149a442b21d0,Database,SPRICE-887d5388c52a801df4d42ba1,"{""InstanceType"":""db.r6g.large"",""InstanceSeries"":""R6g"",""CoreCount"":2,""MemorySize"":16,""x_Engine"":""PostgreSQL""}",arn:aws:rds:us-east-1:200000000013:db/db-417fcbf87497,db-417fcbf87497,RDS Instance,us-east-1,US East (N. Virginia),,,,,,,,,"{""Elements"":[{""ContractId"":""CONTRACT-EA-2026-0001"",""ContractCommitmentId"":""CC-EA-SPEND-0001"",""ContractCommitmentAppliedCost"":0.21600000000000}]}",,,,,,,,"{""Environment"":""staging"",""CostCenter"":""cc-1042"",""Owner"":""team-payments""}"
AWS,AWS,AWS,AWS,AWS,INV-2026-05-0001,100000000001,ExampleCorp Master Payer,Payer Account,200000000012,staging-platform,Linked Account,2026-05-01T00:00:00Z,2026-06-01T00:00:00Z,2026-05-28T00:00:00Z,2026-05-29T00:00:00Z,Usage,,DynamoDB on-demand write requests,Usage-Based,4.8509586156375,4.8509586156375,5.389954017375,4.8509586156375,0.0000012500,0.0000011250,Standard,4311963.2139,Requests,USD,0.0000011250,4.8509586156375,0.0000012500,USD,4311963.2139,Requests,AmazonDynamoDB,Databases,NoSQL Databases,SKU-687affd9645b52f0bac81a2c,Database,SPRICE-716c8854825bf7430db8e755,"{""x_CapacityMode"":""On-Demand""}",arn:aws:dynamodb:us-west-2:200000000012:table/table-539db66e0dde,table-539db66e0dde,DynamoDB Table,us-west-2,US West (Oregon),,,,,,,,,"{""Elements"":[{""ContractId"":""CONTRACT-EA-2026-0001"",""ContractCommitmentId"":""CC-EA-SPEND-0001"",""ContractCommitmentAppliedCost"":4.85095861563750}]}",,,,,,,,"{""Environment"":""prod"",""CostCenter"":""cc-1042"",""Owner"":""team-data""}"
AWS,AWS,AWS,AWS,AWS,INV-2026-05-0001,100000000001,ExampleCorp Master Payer,Payer Account,200000000011,prod-platform,Linked Account,2026-05-01T00:00:00Z,2026-06-01T00:00:00Z,2026-05-03T08:00:00Z,2026-05-03T09:00:00Z,Usage,,Linux on-demand m6i.large,Usage-Based,0.096,0.096,0.096,0.096,0.0960000000,0.0960000000,Standard,1.0000,Hours,USD,0.0960000000,0.096,0.0960000000,USD,1.0000,Hours,AmazonEC2,Compute,Virtual Machines,SKU-093c0d7a3a0491f8523e34c8,Compute,SPRICE-bab283475cbbabd222878e74,"{""InstanceType"":""m6i.large"",""InstanceSeries"":""M6i"",""CoreCount"":2,""MemorySize"":8,""OperatingSystem"":""Linux"",""x_Tenancy"":""Shared""}",arn:aws:ec2:ap-southeast-1:200000000011:instance/i-da921b35ec92,i-da921b35ec92,EC2 Instance,ap-southeast-1,Asia Pacific (Singapore),ap-southeast-1b,,,,,,,,,,,,,,,,"{""Environment"":""prod"",""CostCenter"":""cc-1042"",""Owner"":""team-platform""}"
AWS,AWS,AWS,AWS,AWS,INV-2026-05-0001,100000000001,ExampleCorp Master Payer,Payer Account,200000000014,sandbox-dev,Linked Account,2026-05-01T00:00:00Z,2026-06-01T00:00:00Z,2026-05-13T20:00:00Z,2026-05-13T21:00:00Z,Tax,,Synthetic tax 10% on usage record 309: AmazonEC2,One-Time,0.00923616,0.00923616,0.00923616,0.00923616,,,,,,USD,,0.00923616,,USD,,,AmazonEC2,Compute,Virtual Machines,,,,,,,,,,,,,,,,,,,,,,,,,,"{""Environment"":""prod"",""CostCenter"":""cc-3110"",""Owner"":""team-platform""}"
AWS,AWS,AWS,AWS,AWS,INV-2026-05-0002,100000000002,ExampleCorp Secondary Payer,Payer Account,200000000011,prod-platform,Linked Account,2026-05-01T00:00:00Z,2026-06-01T00:00:00Z,2026-05-03T00:00:00Z,2026-05-04T00:00:00Z,Purchase,,AWSGlue subscription fee,Recurring,223.46,223.46,223.46,223.46,223.46,223.46,Standard,1,Units,USD,223.4600000000,223.46,223.4600000000,USD,,,AWSGlue,Analytics,Data Processing,SKU-3e4f58b61abf5879ce51fa0e,Subscription,SPRICE-9a4e7d857252e2685a60d6df,"{""x_ChargeType"": ""SubscriptionFee""}",arn:aws:glue:us-west-2:200000000011:job/job-5519409a8685,job-5519409a8685,Glue Job,us-west-2,US West (Oregon),,,,,,,,,,,,,,,,,"{""Environment"":""staging"",""CostCenter"":""cc-3110"",""Owner"":""team-platform""}"
AWS,AWS,AWS,AWS,AWS,INV-2026-05-0001,100000000001,ExampleCorp Master Payer,Payer Account,200000000011,prod-platform,Linked Account,2026-05-01T00:00:00Z,2026-06-01T00:00:00Z,2026-05-03T11:00:00Z,2026-05-03T12:00:00Z,Usage,,Shared EC2 host cost allocated to workload,Usage-Based,0.0445536,0.0445536,0.0445536,0.0445536,0.0960000000,0.0960000000,Standard,0.4641,Hours,USD,0.0960000000,0.0445536,0.0960000000,USD,0.4641,Hours,AmazonEC2,Compute,Virtual Machines,SKU-736a4dd80178572d8370293d,Compute,SPRICE-c862323f09b487c42efb1c6b,"{""InstanceType"":""m6i.large"",""InstanceSeries"":""M6i"",""CoreCount"":2,""MemorySize"":8,""OperatingSystem"":""Linux"",""x_Tenancy"":""Shared""}",arn:aws:ec2:us-east-1:200000000011:instance/shared-host-9eb943e9,shared-host-9eb943e9,EC2 Instance,us-east-1,US East (N. Virginia),us-east-1b,,,,,,,,,,,split-even,"{""Elements"":[{""AllocatedRatio"":1,""UsageUnit"":""Hours"",""UsageQuantity"":0.4641,""x_Strategy"":""Even"",""x_Basis"":""Workloads""}]}",arn:aws:eks:us-east-1:200000000011:workload/billing-491ce6,workload-billing,"{""workload"":""billing"",""CostCenter"":""cc-1042""}","{""Environment"":""dev"",""CostCenter"":""cc-2087"",""Owner"":""team-payments""}"
AWS,AWS,AWS,AWS,AWS,INV-2026-05-0001,100000000001,ExampleCorp Master Payer,Payer Account,200000000014,sandbox-dev,Linked Account,2026-05-01T00:00:00Z,2026-06-01T00:00:00Z,2026-05-09T18:00:00Z,2026-05-09T19:00:00Z,Tax,,Synthetic tax 10% on usage record 211: AmazonEC2,One-Time,0.00613344,0.00613344,0.00613344,0.00613344,,,,,,USD,,0.00613344,,USD,,,AmazonEC2,Compute,Virtual Machines,,,,,,,,,,,,,,,,,,,,,,,,,,"{""Environment"":""dev"",""CostCenter"":""cc-2087"",""Owner"":""team-platform""}"
AWS,AWS,AWS,AWS,AWS,INV-2026-05-0002,100000000002,ExampleCorp Secondary Payer,Payer Account,200000000012,staging-platform,Linked Account,2026-05-01T00:00:00Z,2026-06-01T00:00:00Z,2026-05-03T13:00:00Z,2026-05-03T14:00:00Z,Usage,,Shared EC2 host cost allocated to workload,Usage-Based,0.0493728,0.0493728,0.0493728,0.0493728,0.0960000000,0.0960000000,Standard,0.5143,Hours,USD,0.0960000000,0.0493728,0.0960000000,USD,0.5143,Hours,AmazonEC2,Compute,Virtual Machines,SKU-ca9c2ba97f0b30fb137ef130,Compute,SPRICE-d7f4030fc2a8b65799f6b437,"{""InstanceType"":""m6i.large"",""InstanceSeries"":""M6i"",""CoreCount"":2,""MemorySize"":8,""OperatingSystem"":""Linux"",""x_Tenancy"":""Shared""}",arn:aws:ec2:eu-west-1:200000000012:instance/shared-host-44d46b57,shared-host-44d46b57,EC2 Instance,eu-west-1,EU (Ireland),eu-west-1b,,,,,,,,,,,split-even,"{""Elements"":[{""AllocatedRatio"":1,""UsageUnit"":""Hours"",""UsageQuantity"":0.5143,""x_Strategy"":""Even"",""x_Basis"":""Workloads""}]}",arn:aws:eks:eu-west-1:200000000012:workload/analytics-cb2ba6,workload-analytics,"{""workload"":""analytics"",""CostCenter"":""cc-2087""}","{""Environment"":""dev"",""CostCenter"":""cc-1042"",""Owner"":""team-platform""}"
AWS,AWS,AWS,AWS,AWS,INV-2026-05-0001,100000000001,ExampleCorp Master Payer,Payer Account,200000000013,data-analytics,Linked Account,2026-05-01T00:00:00Z,2026-06-01T00:00:00Z,2026-05-07T00:00:00Z,2026-05-08T00:00:00Z,Usage,,NAT gateway data processed,Usage-Based,0.2575557,0.2575557,0.286173,0.2575557,0.0450000000,0.0405000000,Standard,6.3594,GB,USD,0.0405000000,0.2575557,0.0450000000,USD,6.3594,GB,AmazonVPC,Networking,Network Connectivity,SKU-0a48b40b1fa86593309c0c4c,Data Transfer,SPRICE-b948c57b4c22bb2955afff1a,"{""x_TransferType"":""InterAZ""}",arn:aws:ec2:ap-southeast-1:200000000013:natgateway/nat-2f8a2c40a2f4,nat-2f8a2c40a2f4,NAT Gateway,ap-southeast-1,Asia Pacific (Singapore),,,,,,,,,"{""Elements"":[{""ContractId"":""CONTRACT-EA-2026-0001"",""ContractCommitmentId"":""CC-EA-SPEND-0001"",""ContractCommitmentAppliedCost"":0.25755570000000}]}",,,,,,,,"{""Environment"":""prod"",""CostCenter"":""cc-3110"",""Owner"":""team-payments""}"
AWS,AWS,AWS,AWS,AWS,INV-2026-05-0002,100000000002,ExampleCorp Secondary Payer,Payer Account,200000000011,prod-platform,Linked Account,2026-05-01T00:00:00Z,2026-06-01T00:00:00Z,2026-05-05T21:00:00Z,2026-05-05T22:00:00Z,Tax,,Synthetic tax 10% on usage record 118: AmazonEC2,One-Time,0.002688,0.002688,0.002688,0.002688,,,,,,USD,,0.002688,,USD,,,AmazonEC2,Compute,Virtual Machines,,,,,,,,,,,,,,,,,,,,,,,,,,"{""Environment"":""dev"",""CostCenter"":""cc-3110"",""Owner"":""team-payments""}"
AWS,AWS,AWS,AWS,AWS,INV-2026-05-0002,100000000002,ExampleCorp Secondary Payer,Payer Account,200000000012,staging-platform,Linked Account,2026-05-01T00:00:00Z,2026-06-01T00:00:00Z,2026-05-09T00:00:00Z,2026-05-10T00:00:00Z,Usage,,DynamoDB on-demand write requests,Usage-Based,3.9115145134125,3.9115145134125,4.346127237125,3.9115145134125,0.0000012500,0.0000011250,Standard,3476901.7897,Requests,USD,0.0000011250,3.9115145134125,0.0000012500,USD,3476901.7897,Requests,AmazonDynamoDB,Databases,NoSQL Databases,SKU-ed668466fc7fc7bc80c6b1e8,Database,SPRICE-c01526413ebdb215913eebd3,"{""x_CapacityMode"":""On-Demand""}",arn:aws:dynamodb:ap-southeast-1:200000000012:table/table-1d5d0d51ba1d,table-1d5d0d51ba1d,DynamoDB Table,ap-southeast-1,Asia Pacific (Singapore),,,,,,,,,"{""Elements"":[{""ContractId"":""CONTRACT-EA-2026-0001"",""ContractCommitmentId"":""CC-EA-SPEND-0001"",""ContractCommitmentAppliedCost"":3.91151451341250}]}",,,,,,,,"{""Environment"":""staging"",""CostCenter"":""cc-1042"",""Owner"":""team-platform""}"
AWS,AWS,AWS,AWS,AWS,INV-2026-05-0002,100000000002,ExampleCorp Secondary Payer,Payer Account,200000000013,data-analytics,Linked Account,2026-05-01T00:00:00Z,2026-06-01T00:00:00Z,2026-05-03T17:00:00Z,2026-05-03T18:00:00Z,Usage,,RDS PostgreSQL db.r6g.large,Usage-Based,0.216,0.216,0.24,0.216,0.2400000000,0.2160000000,Standard,1.0000,Hours,USD,0.2160000000,0.216,0.2400000000,USD,1.0000,Hours,AmazonRDS,Databases,Relational Databases,SKU-89bc59af83de149a442b21d0,Database,SPRICE-887d5388c52a801df4d42ba1,"{""InstanceType"":""db.r6g.large"",""InstanceSeries"":""R6g"",""CoreCount"":2,""MemorySize"":16,""x_Engine"":""PostgreSQL""}",arn:aws:rds:us-east-1:200000000013:db/db-f2b2251a68b5,db-f2b2251a68b5,RDS Instance,us-east-1,US East (N. Virginia),,,,,,,,,"{""Elements"":[{""ContractId"":""CONTRACT-EA-2026-0001"",""ContractCommitmentId"":""CC-EA-SPEND-0001"",""ContractCommitmentAppliedCost"":0.21600000000000}]}",,,,,,,,"{""Environment"":""prod"",""CostCenter"":""cc-1042"",""Owner"":""team-platform""}"
AWS,AWS,AWS,AWS,AWS,INV-2026-05-0002,100000000002,ExampleCorp Secondary Payer,Payer Account,200000000014,sandbox-dev,Linked Account,2026-05-01T00:00:00Z,2026-06-01T00:00:00Z,2026-05-11T00:00:00Z,2026-05-12T00:00:00Z,Usage,,DynamoDB on-demand write requests,Usage-Based,3.1068117354375,3.1068117354375,3.452013039375,3.1068117354375,0.0000012500,0.0000011250,Standard,2761610.4315,Requests,USD,0.0000011250,3.1068117354375,0.0000012500,USD,2761610.4315,Requests,AmazonDynamoDB,Databases,NoSQL Databases,SKU-b60be50671e3ea779ca4990a,Database,SPRICE-01c9691ef6482a9102c7a4ff,"{""x_CapacityMode"":""On-Demand""}",arn:aws:dynamodb:us-east-1:200000000014:table/table-7ffde47f8bd6,table-7ffde47f8bd6,DynamoDB Table,us-east-1,US East (N. Virginia),,,,,,,,,"{""Elements"":[{""ContractId"":""CONTRACT-EA-2026-0001"",""ContractCommitmentId"":""CC-EA-SPEND-0001"",""ContractCommitmentAppliedCost"":3.10681173543750}]}",,,,,,,,"{""Environment"":""staging"",""CostCenter"":""cc-3110"",""Owner"":""team-data""}"
AWS,AWS,AWS,AWS,AWS,INV-2026-05-0002,100000000002,ExampleCorp Secondary Payer,Payer Account,200000000011,prod-platform,Linked Account,2026-05-01T00:00:00Z,2026-06-01T00:00:00Z,2026-05-03T19:00:00Z,2026-05-03T20:00:00Z,Usage,,Shared EC2 host cost allocated to workload,Usage-Based,0.0083904,0.0083904,0.0083904,0.0083904,0.0960000000,0.0960000000,Standard,0.0874,Hours,USD,0.0960000000,0.0083904,0.0960000000,USD,0.0874,Hours,AmazonEC2,Compute,Virtual Machines,SKU-ca9c2ba97f0b30fb137ef130,Compute,SPRICE-d7f4030fc2a8b65799f6b437,"{""InstanceType"":""m6i.large"",""InstanceSeries"":""M6i"",""CoreCount"":2,""MemorySize"":8,""OperatingSystem"":""Linux"",""x_Tenancy"":""Shared""}",arn:aws:ec2:eu-west-1:200000000011:instance/shared-host-4532122c,shared-host-4532122c,EC2 Instance,eu-west-1,EU (Ireland),eu-west-1b,,,,,,,,,,,split-proportional,"{""Elements"":[{""AllocatedRatio"":1,""UsageUnit"":""Hours"",""UsageQuantity"":0.0874,""x_Strategy"":""Proportional"",""x_Basis"":""vCPUSeconds""}]}",arn:aws:eks:eu-west-1:200000000011:workload/checkout-405d4f,workload-checkout,"{""workload"":""checkout"",""CostCenter"":""cc-3110""}","{""Environment"":""dev"",""CostCenter"":""cc-1042"",""Owner"":""team-payments""}"
AWS,AWS,AWS,AWS,AWS,INV-2026-05-0002,100000000002,ExampleCorp Secondary Payer,Payer Account,200000000014,sandbox-dev,Linked Account,2026-05-01T00:00:00Z,2026-06-01T00:00:00Z,2026-05-13T00:00:00Z,2026-05-14T00:00:00Z,Purchase,,AmazonEC2 subscription fee,Recurring,596.74,596.74,596.74,596.74,596.74,596.74,Standard,1,Units,USD,596.7400000000,596.74,596.7400000000,USD,,,AmazonEC2,Compute,Virtual Machines,SKU-d628ef34dd76e494858ef744,Subscription,SPRICE-be085248bbc4792303298e2e,"{""x_ChargeType"": ""SubscriptionFee""}",arn:aws:ec2:eu-west-1:200000000014:instance/i-64cef58f6dc8,i-64cef58f6dc8,EC2 Instance,eu-west-1,EU (Ireland),,,,,,,,,,,,,,,,,"{""Environment"":""staging"",""CostCenter"":""cc-1042"",""Owner"":""team-payments""}"
AWS,AWS,AWS,AWS,AWS,INV-2026-05-0001,100000000001,ExampleCorp Master Payer,Payer Account,200000000012,staging-platform,Linked Account,2026-05-01T00:00:00Z,2026-06-01T00:00:00Z,2026-05-03T21:00:00Z,2026-05-03T22:00:00Z,Purchase,,"Reserved Instance commitment, amortised for the charge period",Recurring,32.016,0,32.016,32.016,0.0640320000,0.0640320000,Standard,500,Hours,USD,0.0640320000,0,0.0640320000,USD,,,AmazonEC2,Compute,Virtual Machines,SKU-75736a819098caf502bcad16,Commitment,SPRICE-6dcbfe5c8c0e088d96b30a50,"{""x_PurchaseTerm"":""1yr"",""x_PaymentOption"":""NoUpfront""}",arn:aws:ec2:eu-west-1::reservation/9be5d0180a2ac9d2,reservation-91879528d607,Reserved Instance,eu-west-1,EU (Ireland),,arn:aws:ec2:eu-west-1::reservation/9be5d0180a2ac9d2,EC2ReservedInstance-1yr-NoUpfront,Usage,Reserved Instance,,500,Hours,,,,,,,,,"{""Environment"":""staging"",""CostCenter"":""cc-2087"",""Owner"":""team-payments""}"
AWS,AWS,AWS,AWS,AWS,INV-2026-05-0001,100000000001,ExampleCorp Master Payer,Payer Account,200000000012,staging-platform,Linked Account,2026-05-01T00:00:00Z,2026-06-01T00:00:00Z,2026-05-03T21:00:00Z,2026-05-03T22:00:00Z,Usage,,AmazonEC2 committed usage of 500 machine-equivalents,Usage-Based,0,32.016,48,43.2,0.0960000000,0.0864000000,Committed,500,Hours,USD,0.0864000000,32.016,0.0960000000,USD,500,Hours,AmazonEC2,Compute,Virtual Machines,SKU-ca9c2ba97f0b30fb137ef130,Compute,SPRICE-d7f4030fc2a8b65799f6b437,"{""InstanceType"":""m6i.large"",""InstanceSeries"":""M6i"",""CoreCount"":2,""MemorySize"":8,""OperatingSystem"":""Linux"",""x_Tenancy"":""Shared""}",urn:focus-sample:aws:eu-west-1:200000000012:compute-fleet:fleet83a994d5cfbbb9e6740ab350,fleet83a994d5cfbbb9e6740ab350,Compute Fleet,eu-west-1,EU (Ireland),eu-west-1a,arn:aws:ec2:eu-west-1::reservation/9be5d0180a2ac9d2,EC2ReservedInstance-1yr-NoUpfront,Usage,Reserved Instance,Used,500,Hours,"{""Elements"":[{""ContractId"":""CONTRACT-CD-0005"",""ContractCommitmentId"":""arn:aws:ec2:eu-west-1::reservation/9be5d0180a2ac9d2"",""ContractCommitmentAppliedCost"":32.0160000000,""ContractCommitmentAppliedQuantity"":500,""ContractCommitmentAppliedUnit"":""Hours""}]}",,,,,,,,"{""Environment"":""staging"",""CostCenter"":""cc-2087"",""Owner"":""team-payments"",""SyntheticFleetSize"":""500""}"
AWS,AWS,AWS,AWS,AWS,INV-2026-05-0001,100000000001,ExampleCorp Master Payer,Payer Account,200000000012,staging-platform,Linked Account,2026-05-01T00:00:00Z,2026-06-01T00:00:00Z,2026-05-03T22:00:00Z,2026-05-03T23:00:00Z,Purchase,,"Reserved Instance commitment, amortised for the charge period",Recurring,32.016,0,32.016,32.016,0.0640320000,0.0640320000,Standard,500,Hours,USD,0.0640320000,0,0.0640320000,USD,,,AmazonEC2,Compute,Virtual Machines,SKU-75736a819098caf502bcad16,Commitment,SPRICE-6dcbfe5c8c0e088d96b30a50,"{""x_PurchaseTerm"":""1yr"",""x_PaymentOption"":""NoUpfront""}",arn:aws:ec2:eu-west-1::reservation/9be5d0180a2ac9d2,reservation-91879528d607,Reserved Instance,eu-west-1,EU (Ireland),,arn:aws:ec2:eu-west-1::reservation/9be5d0180a2ac9d2,EC2ReservedInstance-1yr-NoUpfront,Usage,Reserved Instance,,500,Hours,,,,,,,,,"{""Environment"":""staging"",""CostCenter"":""cc-2087"",""Owner"":""team-data""}"
AWS,AWS,AWS,AWS,AWS,INV-2026-05-0001,100000000001,ExampleCorp Master Payer,Payer Account,200000000012,staging-platform,Linked Account,2026-05-01T00:00:00Z,2026-06-01T00:00:00Z,2026-05-03T22:00:00Z,2026-05-03T23:00:00Z,Usage,,AmazonEC2 committed usage of 500 machine-equivalents,Usage-Based,0,32.016,48,43.2,0.0960000000,0.0864000000,Committed,500,Hours,USD,0.0864000000,32.016,0.0960000000,USD,500,Hours,AmazonEC2,Compute,Virtual Machines,SKU-ca9c2ba97f0b30fb137ef130,Compute,SPRICE-d7f4030fc2a8b65799f6b437,"{""InstanceType"":""m6i.large"",""InstanceSeries"":""M6i"",""CoreCount"":2,""MemorySize"":8,""OperatingSystem"":""Linux"",""x_Tenancy"":""Shared""}",urn:focus-sample:aws:eu-west-1:200000000012:compute-fleet:fleet83a994d5cfbbb9e6740ab350,fleet83a994d5cfbbb9e6740ab350,Compute Fleet,eu-west-1,EU (Ireland),eu-west-1a,arn:aws:ec2:eu-west-1::reservation/9be5d0180a2ac9d2,EC2ReservedInstance-1yr-NoUpfront,Usage,Reserved Instance,Used,500,Hours,"{""Elements"":[{""ContractId"":""CONTRACT-CD-0005"",""ContractCommitmentId"":""arn:aws:ec2:eu-west-1::reservation/9be5d0180a2ac9d2"",""ContractCommitmentAppliedCost"":32.0160000000,""ContractCommitmentAppliedQuantity"":500,""ContractCommitmentAppliedUnit"":""Hours""}]}",,,,,,,,"{""Environment"":""dev"",""CostCenter"":""cc-3110"",""Owner"":""team-platform"",""SyntheticFleetSize"":""500""}"
AWS,AWS,AWS,AWS,AWS,INV-2026-05-0001,100000000001,ExampleCorp Master Payer,Payer Account,200000000012,staging-platform,Linked Account,2026-05-01T00:00:00Z,2026-06-01T00:00:00Z,2026-05-03T23:00:00Z,2026-05-04T00:00:00Z,Purchase,,"Reserved Instance commitment, amortised for the charge period",Recurring,32.016,0,32.016,32.016,0.0640320000,0.0640320000,Standard,500,Hours,USD,0.0640320000,0,0.0640320000,USD,,,AmazonEC2,Compute,Virtual Machines,SKU-75736a819098caf502bcad16,Commitment,SPRICE-6dcbfe5c8c0e088d96b30a50,"{""x_PurchaseTerm"":""1yr"",""x_PaymentOption"":""NoUpfront""}",arn:aws:ec2:eu-west-1::reservation/9be5d0180a2ac9d2,reservation-91879528d607,Reserved Instance,eu-west-1,EU (Ireland),,arn:aws:ec2:eu-west-1::reservation/9be5d0180a2ac9d2,EC2ReservedInstance-1yr-NoUpfront,Usage,Reserved Instance,,500,Hours,,,,,,,,,"{""Environment"":""prod"",""CostCenter"":""cc-2087"",""Owner"":""team-data""}"
AWS,AWS,AWS,AWS,AWS,INV-2026-05-0001,100000000001,ExampleCorp Master Payer,Payer Account,200000000012,staging-platform,Linked Account,2026-05-01T00:00:00Z,2026-06-01T00:00:00Z,2026-05-03T23:00:00Z,2026-05-04T00:00:00Z,Usage,,AmazonEC2 committed usage of 500 machine-equivalents,Usage-Based,0,32.016,48,43.2,0.0960000000,0.0864000000,Committed,500,Hours,USD,0.0864000000,32.016,0.0960000000,USD,500,Hours,AmazonEC2,Compute,Virtual Machines,SKU-ca9c2ba97f0b30fb137ef130,Compute,SPRICE-d7f4030fc2a8b65799f6b437,"{""InstanceType"":""m6i.large"",""InstanceSeries"":""M6i"",""CoreCount"":2,""MemorySize"":8,""OperatingSystem"":""Linux"",""x_Tenancy"":""Shared""}",urn:focus-sample:aws:eu-west-1:200000000012:compute-fleet:fleet83a994d5cfbbb9e6740ab350,fleet83a994d5cfbbb9e6740ab350,Compute Fleet,eu-west-1,EU (Ireland),eu-west-1a,arn:aws:ec2:eu-west-1::reservation/9be5d0180a2ac9d2,EC2ReservedInstance-1yr-NoUpfront,Usage,Reserved Instance,Used,500,Hours,"{""Elements"":[{""ContractId"":""CONTRACT-CD-0005"",""ContractCommitmentId"":""arn:aws:ec2:eu-west-1::reservation/9be5d0180a2ac9d2"",""ContractCommitmentAppliedCost"":32.0160000000,""ContractCommitmentAppliedQuantity"":500,""ContractCommitmentAppliedUnit"":""Hours""}]}",,,,,,,,"{""Environment"":""staging"",""CostCenter"":""cc-3110"",""Owner"":""team-platform"",""SyntheticFleetSize"":""500""}"
AWS,AWS,AWS,AWS,AWS,INV-2026-05-0001,100000000001,ExampleCorp Master Payer,Payer Account,200000000012,staging-platform,Linked Account,2026-05-01T00:00:00Z,2026-06-01T00:00:00Z,2026-05-04T00:00:00Z,2026-05-04T01:00:00Z,Purchase,,"Reserved Instance commitment, amortised for the charge period",Recurring,32.016,0,32.016,32.016,0.0640320000,0.0640320000,Standard,500,Hours,USD,0.0640320000,0,0.0640320000,USD,,,AmazonEC2,Compute,Virtual Machines,SKU-75736a819098caf502bcad16,Commitment,SPRICE-6dcbfe5c8c0e088d96b30a50,"{""x_PurchaseTerm"":""1yr"",""x_PaymentOption"":""NoUpfront""}",arn:aws:ec2:eu-west-1::reservation/9be5d0180a2ac9d2,reservation-91879528d607,Reserved Instance,eu-west-1,EU (Ireland),,arn:aws:ec2:eu-west-1::reservation/9be5d0180a2ac9d2,EC2ReservedInstance-1yr-NoUpfront,Usage,Reserved Instance,,500,Hours,,,,,,,,,"{""Environment"":""prod"",""CostCenter"":""cc-1042"",""Owner"":""team-platform""}"
AWS,AWS,AWS,AWS,AWS,INV-2026-05-0001,100000000001,ExampleCorp Master Payer,Payer Account,200000000012,staging-platform,Linked Account,2026-05-01T00:00:00Z,2026-06-01T00:00:00Z,2026-05-04T00:00:00Z,2026-05-04T01:00:00Z,Usage,,AmazonEC2 committed usage of 500 machine-equivalents,Usage-Based,0,32.016,48,43.2,0.0960000000,0.0864000000,Committed,500,Hours,USD,0.0864000000,32.016,0.0960000000,USD,500,Hours,AmazonEC2,Compute,Virtual Machines,SKU-ca9c2ba97f0b30fb137ef130,Compute,SPRICE-d7f4030fc2a8b65799f6b437,"{""InstanceType"":""m6i.large"",""InstanceSeries"":""M6i"",""CoreCount"":2,""MemorySize"":8,""OperatingSystem"":""Linux"",""x_Tenancy"":""Shared""}",urn:focus-sample:aws:eu-west-1:200000000012:compute-fleet:fleet83a994d5cfbbb9e6740ab350,fleet83a994d5cfbbb9e6740ab350,Compute Fleet,eu-west-1,EU (Ireland),eu-west-1a,arn:aws:ec2:eu-west-1::reservation/9be5d0180a2ac9d2,EC2ReservedInstance-1yr-NoUpfront,Usage,Reserved Instance,Used,500,Hours,"{""Elements"":[{""ContractId"":""CONTRACT-CD-0005"",""ContractCommitmentId"":""arn:aws:ec2:eu-west-1::reservation/9be5d0180a2ac9d2"",""ContractCommitmentAppliedCost"":32.0160000000,""ContractCommitmentAppliedQuantity"":500,""ContractCommitmentAppliedUnit"":""Hours""}]}",,,,,,,,"{""Environment"":""staging"",""CostCenter"":""cc-1042"",""Owner"":""team-payments"",""SyntheticFleetSize"":""500""}"
AWS,AWS,AWS,AWS,AWS,INV-2026-05-0001,100000000001,ExampleCorp Master Payer,Payer Account,200000000012,staging-platform,Linked Account,2026-05-01T00:00:00Z,2026-06-01T00:00:00Z,2026-05-04T01:00:00Z,2026-05-04T02:00:00Z,Purchase,,"Reserved Instance commitment, amortised for the charge period",Recurring,32.016,0,32.016,32.016,0.0640320000,0.0640320000,Standard,500,Hours,USD,0.0640320000,0,0.0640320000,USD,,,AmazonEC2,Compute,Virtual Machines,SKU-75736a819098caf502bcad16,Commitment,SPRICE-6dcbfe5c8c0e088d96b30a50,"{""x_PurchaseTerm"":""1yr"",""x_PaymentOption"":""NoUpfront""}",arn:aws:ec2:eu-west-1::reservation/9be5d0180a2ac9d2,reservation-91879528d607,Reserved Instance,eu-west-1,EU (Ireland),,arn:aws:ec2:eu-west-1::reservation/9be5d0180a2ac9d2,EC2ReservedInstance-1yr-NoUpfront,Usage,Reserved Instance,,500,Hours,,,,,,,,,"{""Environment"":""staging"",""CostCenter"":""cc-1042"",""Owner"":""team-platform""}"
AWS,AWS,AWS,AWS,AWS,INV-2026-05-0001,100000000001,ExampleCorp Master Payer,Payer Account,200000000012,staging-platform,Linked Account,2026-05-01T00:00:00Z,2026-06-01T00:00:00Z,2026-05-04T01:00:00Z,2026-05-04T02:00:00Z,Usage,,AmazonEC2 committed usage of 500 machine-equivalents,Usage-Based,0,32.016,48,43.2,0.0960000000,0.0864000000,Committed,500,Hours,USD,0.0864000000,32.016,0.0960000000,USD,500,Hours,AmazonEC2,Compute,Virtual Machines,SKU-ca9c2ba97f0b30fb137ef130,Compute,SPRICE-d7f4030fc2a8b65799f6b437,"{""InstanceType"":""m6i.large"",""InstanceSeries"":""M6i"",""CoreCount"":2,""MemorySize"":8,""OperatingSystem"":""Linux"",""x_Tenancy"":""Shared""}",urn:focus-sample:aws:eu-west-1:200000000012:compute-fleet:fleet83a994d5cfbbb9e6740ab350,fleet83a994d5cfbbb9e6740ab350,Compute Fleet,eu-west-1,EU (Ireland),eu-west-1a,arn:aws:ec2:eu-west-1::reservation/9be5d0180a2ac9d2,EC2ReservedInstance-1yr-NoUpfront,Usage,Reserved Instance,Used,500,Hours,"{""Elements"":[{""ContractId"":""CONTRACT-CD-0005"",""ContractCommitmentId"":""arn:aws:ec2:eu-west-1::reservation/9be5d0180a2ac9d2"",""ContractCommitmentAppliedCost"":32.0160000000,""ContractCommitmentAppliedQuantity"":500,""ContractCommitmentAppliedUnit"":""Hours""}]}",,,,,,,,"{""Environment"":""dev"",""CostCenter"":""cc-3110"",""Owner"":""team-data"",""SyntheticFleetSize"":""500""}"
AWS,AWS,AWS,AWS,AWS,INV-2026-05-0001,100000000001,ExampleCorp Master Payer,Payer Account,200000000012,staging-platform,Linked Account,2026-05-01T00:00:00Z,2026-06-01T00:00:00Z,2026-05-04T02:00:00Z,2026-05-04T03:00:00Z,Purchase,,"Reserved Instance commitment, amortised for the charge period",Recurring,32.016,0,32.016,32.016,0.0640320000,0.0640320000,Standard,500,Hours,USD,0.0640320000,0,0.0640320000,USD,,,AmazonEC2,Compute,Virtual Machines,SKU-75736a819098caf502bcad16,Commitment,SPRICE-6dcbfe5c8c0e088d96b30a50,"{""x_PurchaseTerm"":""1yr"",""x_PaymentOption"":""NoUpfront""}",arn:aws:ec2:eu-west-1::reservation/9be5d0180a2ac9d2,reservation-91879528d607,Reserved Instance,eu-west-1,EU (Ireland),,arn:aws:ec2:eu-west-1::reservation/9be5d0180a2ac9d2,EC2ReservedInstance-1yr-NoUpfront,Usage,Reserved Instance,,500,Hours,,,,,,,,,"{""Environment"":""dev"",""CostCenter"":""cc-1042"",""Owner"":""team-platform""}"
AWS,AWS,AWS,AWS,AWS,INV-2026-05-0001,100000000001,ExampleCorp Master Payer,Payer Account,200000000012,staging-platform,Linked Account,2026-05-01T00:00:00Z,2026-06-01T00:00:00Z,2026-05-04T02:00:00Z,2026-05-04T03:00:00Z,Usage,,AmazonEC2 committed usage of 500 machine-equivalents,Usage-Based,0,32.016,48,43.2,0.0960000000,0.0864000000,Committed,500,Hours,USD,0.0864000000,32.016,0.0960000000,USD,500,Hours,AmazonEC2,Compute,Virtual Machines,SKU-ca9c2ba97f0b30fb137ef130,Compute,SPRICE-d7f4030fc2a8b65799f6b437,"{""InstanceType"":""m6i.large"",""InstanceSeries"":""M6i"",""CoreCount"":2,""MemorySize"":8,""OperatingSystem"":""Linux"",""x_Tenancy"":""Shared""}",urn:focus-sample:aws:eu-west-1:200000000012:compute-fleet:fleet83a994d5cfbbb9e6740ab350,fleet83a994d5cfbbb9e6740ab350,Compute Fleet,eu-west-1,EU (Ireland),eu-west-1a,arn:aws:ec2:eu-west-1::reservation/9be5d0180a2ac9d2,EC2ReservedInstance-1yr-NoUpfront,Usage,Reserved Instance,Used,500,Hours,"{""Elements"":[{""ContractId"":""CONTRACT-CD-0005"",""ContractCommitmentId"":""arn:aws:ec2:eu-west-1::reservation/9be5d0180a2ac9d2"",""ContractCommitmentAppliedCost"":32.0160000000,""ContractCommitmentAppliedQuantity"":500,""ContractCommitmentAppliedUnit"":""Hours""}]}",,,,,,,,"{""Environment"":""dev"",""CostCenter"":""cc-1042"",""Owner"":""team-payments"",""SyntheticFleetSize"":""500""}"
AWS,AWS,AWS,AWS,AWS,INV-2026-05-0001,100000000001,ExampleCorp Master Payer,Payer Account,200000000012,staging-platform,Linked Account,2026-05-01T00:00:00Z,2026-06-01T00:00:00Z,2026-05-04T03:00:00Z,2026-05-04T04:00:00Z,Purchase,,"Reserved Instance commitment, amortised for the charge period",Recurring,32.016,0,32.016,32.016,0.0640320000,0.0640320000,Standard,500,Hours,USD,0.0640320000,0,0.0640320000,USD,,,AmazonEC2,Compute,Virtual Machines,SKU-75736a819098caf502bcad16,Commitment,SPRICE-6dcbfe5c8c0e088d96b30a50,"{""x_PurchaseTerm"":""1yr"",""x_PaymentOption"":""NoUpfront""}",arn:aws:ec2:eu-west-1::reservation/9be5d0180a2ac9d2,reservation-91879528d607,Reserved Instance,eu-west-1,EU (Ireland),,arn:aws:ec2:eu-west-1::reservation/9be5d0180a2ac9d2,EC2ReservedInstance-1yr-NoUpfront,Usage,Reserved Instance,,500,Hours,,,,,,,,,"{""Environment"":""staging"",""CostCenter"":""cc-1042"",""Owner"":""team-data""}"
AWS,AWS,AWS,AWS,AWS,INV-2026-05-0001,100000000001,ExampleCorp Master Payer,Payer Account,200000000012,staging-platform,Linked Account,2026-05-01T00:00:00Z,2026-06-01T00:00:00Z,2026-05-04T03:00:00Z,2026-05-04T04:00:00Z,Usage,,AmazonEC2 committed usage of 500 machine-equivalents,Usage-Based,0,32.016,48,43.2,0.0960000000,0.0864000000,Committed,500,Hours,USD,0.0864000000,32.016,0.0960000000,USD,500,Hours,AmazonEC2,Compute,Virtual Machines,SKU-ca9c2ba97f0b30fb137ef130,Compute,SPRICE-d7f4030fc2a8b65799f6b437,"{""InstanceType"":""m6i.large"",""InstanceSeries"":""M6i"",""CoreCount"":2,""MemorySize"":8,""OperatingSystem"":""Linux"",""x_Tenancy"":""Shared""}",urn:focus-sample:aws:eu-west-1:200000000012:compute-fleet:fleet83a994d5cfbbb9e6740ab350,fleet83a994d5cfbbb9e6740ab350,Compute Fleet,eu-west-1,EU (Ireland),eu-west-1a,arn:aws:ec2:eu-west-1::reservation/9be5d0180a2ac9d2,EC2ReservedInstance-1yr-NoUpfront,Usage,Reserved Instance,Used,500,Hours,"{""Elements"":[{""ContractId"":""CONTRACT-CD-0005"",""ContractCommitmentId"":""arn:aws:ec2:eu-west-1::reservation/9be5d0180a2ac9d2"",""ContractCommitmentAppliedCost"":32.0160000000,""ContractCommitmentAppliedQuantity"":500,""ContractCommitmentAppliedUnit"":""Hours""}]}",,,,,,,,"{""Environment"":""prod"",""CostCenter"":""cc-3110"",""Owner"":""team-data"",""SyntheticFleetSize"":""500""}"
AWS,AWS,AWS,AWS,AWS,INV-2026-05-0001,100000000001,ExampleCorp Master Payer,Payer Account,200000000012,staging-platform,Linked Account,2026-05-01T00:00:00Z,2026-06-01T00:00:00Z,2026-05-04T04:00:00Z,2026-05-04T05:00:00Z,Purchase,,"Reserved Instance commitment, amortised for the charge period",Recurring,32.016,0,32.016,32.016,0.0640320000,0.0640320000,Standard,500,Hours,USD,0.0640320000,0,0.0640320000,USD,,,AmazonEC2,Compute,Virtual Machines,SKU-75736a819098caf502bcad16,Commitment,SPRICE-6dcbfe5c8c0e088d96b30a50,"{""x_PurchaseTerm"":""1yr"",""x_PaymentOption"":""NoUpfront""}",arn:aws:ec2:eu-west-1::reservation/9be5d0180a2ac9d2,reservation-91879528d607,Reserved Instance,eu-west-1,EU (Ireland),,arn:aws:ec2:eu-west-1::reservation/9be5d0180a2ac9d2,EC2ReservedInstance-1yr-NoUpfront,Usage,Reserved Instance,,500,Hours,,,,,,,,,"{""Environment"":""staging"",""CostCenter"":""cc-1042"",""Owner"":""team-platform""}"
AWS,AWS,AWS,AWS,AWS,INV-2026-05-0001,100000000001,ExampleCorp Master Payer,Payer Account,200000000012,staging-platform,Linked Account,2026-05-01T00:00:00Z,2026-06-01T00:00:00Z,2026-05-04T04:00:00Z,2026-05-04T05:00:00Z,Usage,,AmazonEC2 committed usage of 500 machine-equivalents,Usage-Based,0,32.016,48,43.2,0.0960000000,0.0864000000,Committed,500,Hours,USD,0.0864000000,32.016,0.0960000000,USD,500,Hours,AmazonEC2,Compute,Virtual Machines,SKU-ca9c2ba97f0b30fb137ef130,Compute,SPRICE-d7f4030fc2a8b65799f6b437,"{""InstanceType"":""m6i.large"",""InstanceSeries"":""M6i"",""CoreCount"":2,""MemorySize"":8,""OperatingSystem"":""Linux"",""x_Tenancy"":""Shared""}",urn:focus-sample:aws:eu-west-1:200000000012:compute-fleet:fleet83a994d5cfbbb9e6740ab350,fleet83a994d5cfbbb9e6740ab350,Compute Fleet,eu-west-1,EU (Ireland),eu-west-1a,arn:aws:ec2:eu-west-1::reservation/9be5d0180a2ac9d2,EC2ReservedInstance-1yr-NoUpfront,Usage,Reserved Instance,Used,500,Hours,"{""Elements"":[{""ContractId"":""CONTRACT-CD-0005"",""ContractCommitmentId"":""arn:aws:ec2:eu-west-1::reservation/9be5d0180a2ac9d2"",""ContractCommitmentAppliedCost"":32.0160000000,""ContractCommitmentAppliedQuantity"":500,""ContractCommitmentAppliedUnit"":""Hours""}]}",,,,,,,,"{""Environment"":""prod"",""CostCenter"":""cc-1042"",""Owner"":""team-platform"",""SyntheticFleetSize"":""500""}"
AWS,AWS,AWS,AWS,AWS,INV-2026-05-0001,100000000001,ExampleCorp Master Payer,Payer Account,200000000012,staging-platform,Linked Account,2026-05-01T00:00:00Z,2026-06-01T00:00:00Z,2026-05-04T05:00:00Z,2026-05-04T06:00:00Z,Purchase,,"Reserved Instance commitment, amortised for the charge period",Recurring,32.016,0,32.016,32.016,0.0640320000,0.0640320000,Standard,500,Hours,USD,0.0640320000,0,0.0640320000,USD,,,AmazonEC2,Compute,Virtual Machines,SKU-75736a819098caf502bcad16,Commitment,SPRICE-6dcbfe5c8c0e088d96b30a50,"{""x_PurchaseTerm"":""1yr"",""x_PaymentOption"":""NoUpfront""}",arn:aws:ec2:eu-west-1::reservation/9be5d0180a2ac9d2,reservation-91879528d607,Reserved Instance,eu-west-1,EU (Ireland),,arn:aws:ec2:eu-west-1::reservation/9be5d0180a2ac9d2,EC2ReservedInstance-1yr-NoUpfront,Usage,Reserved Instance,,500,Hours,,,,,,,,,"{""Environment"":""prod"",""CostCenter"":""cc-1042"",""Owner"":""team-platform""}"
AWS,AWS,AWS,AWS,AWS,INV-2026-05-0001,100000000001,ExampleCorp Master Payer,Payer Account,200000000012,staging-platform,Linked Account,2026-05-01T00:00:00Z,2026-06-01T00:00:00Z,2026-05-04T05:00:00Z,2026-05-04T06:00:00Z,Usage,,AmazonEC2 committed usage of 500 machine-equivalents,Usage-Based,0,32.016,48,43.2,0.0960000000,0.0864000000,Committed,500,Hours,USD,0.0864000000,32.016,0.0960000000,USD,500,Hours,AmazonEC2,Compute,Virtual Machines,SKU-ca9c2ba97f0b30fb137ef130,Compute,SPRICE-d7f4030fc2a8b65799f6b437,"{""InstanceType"":""m6i.large"",""InstanceSeries"":""M6i"",""CoreCount"":2,""MemorySize"":8,""OperatingSystem"":""Linux"",""x_Tenancy"":""Shared""}",urn:focus-sample:aws:eu-west-1:200000000012:compute-fleet:fleet83a994d5cfbbb9e6740ab350,fleet83a994d5cfbbb9e6740ab350,Compute Fleet,eu-west-1,EU (Ireland),eu-west-1a,arn:aws:ec2:eu-west-1::reservation/9be5d0180a2ac9d2,EC2ReservedInstance-1yr-NoUpfront,Usage,Reserved Instance,Used,500,Hours,"{""Elements"":[{""ContractId"":""CONTRACT-CD-0005"",""ContractCommitmentId"":""arn:aws:ec2:eu-west-1::reservation/9be5d0180a2ac9d2"",""ContractCommitmentAppliedCost"":32.0160000000,""ContractCommitmentAppliedQuantity"":500,""ContractCommitmentAppliedUnit"":""Hours""}]}",,,,,,,,"{""Environment"":""dev"",""CostCenter"":""cc-1042"",""Owner"":""team-payments"",""SyntheticFleetSize"":""500""}"
AWS,AWS,AWS,AWS,AWS,INV-2026-05-0001,100000000001,ExampleCorp Master Payer,Payer Account,200000000012,staging-platform,Linked Account,2026-05-01T00:00:00Z,2026-06-01T00:00:00Z,2026-05-04T06:00:00Z,2026-05-04T07:00:00Z,Purchase,,"Reserved Instance commitment, amortised for the charge period",Recurring,32.016,0,32.016,32.016,0.0640320000,0.0640320000,Standard,500,Hours,USD,0.0640320000,0,0.0640320000,USD,,,AmazonEC2,Compute,Virtual Machines,SKU-75736a819098caf502bcad16,Commitment,SPRICE-6dcbfe5c8c0e088d96b30a50,"{""x_PurchaseTerm"":""1yr"",""x_PaymentOption"":""NoUpfront""}",arn:aws:ec2:eu-west-1::reservation/9be5d0180a2ac9d2,reservation-91879528d607,Reserved Instance,eu-west-1,EU (Ireland),,arn:aws:ec2:eu-west-1::reservation/9be5d0180a2ac9d2,EC2ReservedInstance-1yr-NoUpfront,Usage,Reserved Instance,,500,Hours,,,,,,,,,"{""Environment"":""prod"",""CostCenter"":""cc-2087"",""Owner"":""team-platform""}"
AWS,AWS,AWS,AWS,AWS,INV-2026-05-0001,100000000001,ExampleCorp Master Payer,Payer Account,200000000012,staging-platform,Linked Account,2026-05-01T00:00:00Z,2026-06-01T00:00:00Z,2026-05-04T06:00:00Z,2026-05-04T07:00:00Z,Usage,,Reserved Instance unused commitment,Usage-Based,0,32.016,32.016,32.016,0.0640320000,0.0640320000,Committed,500,Hours,USD,0.0640320000,32.016,0.0640320000,USD,,,AmazonEC2,Compute,Virtual Machines,SKU-75736a819098caf502bcad16,Commitment,SPRICE-6dcbfe5c8c0e088d96b30a50,"{""x_PurchaseTerm"":""1yr"",""x_PaymentOption"":""NoUpfront""}",arn:aws:ec2:eu-west-1::reservation/9be5d0180a2ac9d2,reservation-91879528d607,Reserved Instance,eu-west-1,EU (Ireland),,arn:aws:ec2:eu-west-1::reservation/9be5d0180a2ac9d2,EC2ReservedInstance-1yr-NoUpfront,Usage,Reserved Instance,Unused,500,Hours,"{""Elements"":[{""ContractId"":""CONTRACT-CD-0005"",""ContractCommitmentId"":""arn:aws:ec2:eu-west-1::reservation/9be5d0180a2ac9d2"",""ContractCommitmentAppliedCost"":32.0160000000,""ContractCommitmentAppliedQuantity"":500,""ContractCommitmentAppliedUnit"":""Hours""}]}",,,,,,,,"{""Environment"":""prod"",""CostCenter"":""cc-1042"",""Owner"":""team-data""}"
AWS,AWS,AWS,AWS,AWS,INV-2026-05-0001,100000000001,ExampleCorp Master Payer,Payer Account,200000000012,staging-platform,Linked Account,2026-05-01T00:00:00Z,2026-06-01T00:00:00Z,2026-05-04T07:00:00Z,2026-05-04T08:00:00Z,Purchase,,"Reserved Instance commitment, amortised for the charge period",Recurring,32.016,0,32.016,32.016,0.0640320000,0.0640320000,Standard,500,Hours,USD,0.0640320000,0,0.0640320000,USD,,,AmazonEC2,Compute,Virtual Machines,SKU-75736a819098caf502bcad16,Commitment,SPRICE-6dcbfe5c8c0e088d96b30a50,"{""x_PurchaseTerm"":""1yr"",""x_PaymentOption"":""NoUpfront""}",arn:aws:ec2:eu-west-1::reservation/9be5d0180a2ac9d2,reservation-91879528d607,Reserved Instance,eu-west-1,EU (Ireland),,arn:aws:ec2:eu-west-1::reservation/9be5d0180a2ac9d2,EC2ReservedInstance-1yr-NoUpfront,Usage,Reserved Instance,,500,Hours,,,,,,,,,"{""Environment"":""dev"",""CostCenter"":""cc-2087"",""Owner"":""team-platform""}"
AWS,AWS,AWS,AWS,AWS,INV-2026-05-0001,100000000001,ExampleCorp Master Payer,Payer Account,200000000012,staging-platform,Linked Account,2026-05-01T00:00:00Z,2026-06-01T00:00:00Z,2026-05-04T07:00:00Z,2026-05-04T08:00:00Z,Usage,,Reserved Instance unused commitment,Usage-Based,0,32.016,32.016,32.016,0.0640320000,0.0640320000,Committed,500,Hours,USD,0.0640320000,32.016,0.0640320000,USD,,,AmazonEC2,Compute,Virtual Machines,SKU-75736a819098caf502bcad16,Commitment,SPRICE-6dcbfe5c8c0e088d96b30a50,"{""x_PurchaseTerm"":""1yr"",""x_PaymentOption"":""NoUpfront""}",arn:aws:ec2:eu-west-1::reservation/9be5d0180a2ac9d2,reservation-91879528d607,Reserved Instance,eu-west-1,EU (Ireland),,arn:aws:ec2:eu-west-1::reservation/9be5d0180a2ac9d2,EC2ReservedInstance-1yr-NoUpfront,Usage,Reserved Instance,Unused,500,Hours,"{""Elements"":[{""ContractId"":""CONTRACT-CD-0005"",""ContractCommitmentId"":""arn:aws:ec2:eu-west-1::reservation/9be5d0180a2ac9d2"",""ContractCommitmentAppliedCost"":32.0160000000,""ContractCommitmentAppliedQuantity"":500,""ContractCommitmentAppliedUnit"":""Hours""}]}",,,,,,,,"{""Environment"":""dev"",""CostCenter"":""cc-1042"",""Owner"":""team-data""}"
AWS,AWS,AWS,AWS,AWS,INV-2026-05-0001,100000000001,ExampleCorp Master Payer,Payer Account,200000000012,staging-platform,Linked Account,2026-05-01T00:00:00Z,2026-06-01T00:00:00Z,2026-05-04T08:00:00Z,2026-05-04T09:00:00Z,Purchase,,"Reserved Instance commitment, amortised for the charge period",Recurring,32.016,0,32.016,32.016,0.0640320000,0.0640320000,Standard,500,Hours,USD,0.0640320000,0,0.0640320000,USD,,,AmazonEC2,Compute,Virtual Machines,SKU-75736a819098caf502bcad16,Commitment,SPRICE-6dcbfe5c8c0e088d96b30a50,"{""x_PurchaseTerm"":""1yr"",""x_PaymentOption"":""NoUpfront""}",arn:aws:ec2:eu-west-1::reservation/9be5d0180a2ac9d2,reservation-91879528d607,Reserved Instance,eu-west-1,EU (Ireland),,arn:aws:ec2:eu-west-1::reservation/9be5d0180a2ac9d2,EC2ReservedInstance-1yr-NoUpfront,Usage,Reserved Instance,,500,Hours,,,,,,,,,"{""Environment"":""dev"",""CostCenter"":""cc-2087"",""Owner"":""team-platform""}"
AWS,AWS,AWS,AWS,AWS,INV-2026-05-0001,100000000001,ExampleCorp Master Payer,Payer Account,200000000012,staging-platform,Linked Account,2026-05-01T00:00:00Z,2026-06-01T00:00:00Z,2026-05-04T08:00:00Z,2026-05-04T09:00:00Z,Usage,,Reserved Instance unused commitment,Usage-Based,0,32.016,32.016,32.016,0.0640320000,0.0640320000,Committed,500,Hours,USD,0.0640320000,32.016,0.0640320000,USD,,,AmazonEC2,Compute,Virtual Machines,SKU-75736a819098caf502bcad16,Commitment,SPRICE-6dcbfe5c8c0e088d96b30a50,"{""x_PurchaseTerm"":""1yr"",""x_PaymentOption"":""NoUpfront""}",arn:aws:ec2:eu-west-1::reservation/9be5d0180a2ac9d2,reservation-91879528d607,Reserved Instance,eu-west-1,EU (Ireland),,arn:aws:ec2:eu-west-1::reservation/9be5d0180a2ac9d2,EC2ReservedInstance-1yr-NoUpfront,Usage,Reserved Instance,Unused,500,Hours,"{""Elements"":[{""ContractId"":""CONTRACT-CD-0005"",""ContractCommitmentId"":""arn:aws:ec2:eu-west-1::reservation/9be5d0180a2ac9d2"",""ContractCommitmentAppliedCost"":32.0160000000,""ContractCommitmentAppliedQuantity"":500,""ContractCommitmentAppliedUnit"":""Hours""}]}",,,,,,,,"{""Environment"":""staging"",""CostCenter"":""cc-2087"",""Owner"":""team-platform""}"
AWS,AWS,AWS,AWS,AWS,INV-2026-05-0002,100000000002,ExampleCorp Secondary Payer,Payer Account,200000000011,prod-platform,Linked Account,2026-05-01T00:00:00Z,2026-06-01T00:00:00Z,2026-05-10T00:00:00Z,2026-05-11T00:00:00Z,Purchase,,AmazonEC2 subscription fee,Recurring,767.22,767.22,767.22,767.22,767.22,767.22,Standard,1,Units,USD,767.2200000000,767.22,767.2200000000,USD,,,AmazonEC2,Compute,Virtual Machines,SKU-b0218c23eab8c01cfaf2f814,Subscription,SPRICE-a218b786199322998ed93cb2,"{""x_ChargeType"": ""SubscriptionFee""}",arn:aws:ec2:ap-southeast-1:200000000011:instance/i-f833d73f58ac,i-f833d73f58ac,EC2 Instance,ap-southeast-1,Asia Pacific (Singapore),,,,,,,,,,,,,,,,,"{""Environment"":""prod"",""CostCenter"":""cc-3110"",""Owner"":""team-platform""}"
AWS,AWS,AWS,AWS,AWS,INV-2026-05-0001,100000000001,ExampleCorp Master Payer,Payer Account,200000000012,staging-platform,Linked Account,2026-05-01T00:00:00Z,2026-06-01T00:00:00Z,2026-05-04T22:00:00Z,2026-05-04T23:00:00Z,Usage,,Linux on-demand m6i.large,Usage-Based,0.0864,0.0864,0.096,0.0864,0.0960000000,0.0864000000,Standard,1.0000,Hours,USD,0.0864000000,0.0864,0.0960000000,USD,1.0000,Hours,AmazonEC2,Compute,Virtual Machines,SKU-e0e295f006e6a0732dd5f77b,Compute,SPRICE-98f5ebeb1125d6e984c27bb1,"{""InstanceType"":""m6i.large"",""InstanceSeries"":""M6i"",""CoreCount"":2,""MemorySize"":8,""OperatingSystem"":""Linux"",""x_Tenancy"":""Shared""}",arn:aws:ec2:us-west-2:200000000012:instance/i-2119ab4b9a6d,i-2119ab4b9a6d,EC2 Instance,us-west-2,US West (Oregon),us-west-2b,,,,,,,,"{""Elements"":[{""ContractId"":""CONTRACT-EA-2026-0001"",""ContractCommitmentId"":""CC-EA-COMPUTE-0003"",""ContractCommitmentAppliedCost"":0.08640000000000,""ContractCommitmentAppliedQuantity"":1.0000,""ContractCommitmentAppliedUnit"":""Hours""}]}",,,,,,,,"{""Environment"":""staging"",""CostCenter"":""cc-2087"",""Owner"":""team-data""}"
AWS,AWS,AWS,AWS,AWS,INV-2026-05-0001,100000000001,ExampleCorp Master Payer,Payer Account,200000000013,data-analytics,Linked Account,2026-05-01T00:00:00Z,2026-06-01T00:00:00Z,2026-05-04T23:00:00Z,2026-05-05T00:00:00Z,Usage,,Lambda function duration,Usage-Based,28.1430070695,28.1430070695,31.27007039501571,28.1430070695,0.0000166667,0.0000150000,Standard,1876200.4713,GB-Seconds,USD,0.0000150000,28.1430070695,0.0000166667,USD,1876200.4713,GB-Seconds,AWSLambda,Compute,Serverless Compute,SKU-790dfdd7277c16aec9cf7656,Compute,SPRICE-55fe45e894424abc4a1bb3fe,"{""x_Runtime"":""python3.12"",""x_Architecture"":""arm64""}",arn:aws:lambda:us-west-2:200000000013:function/fn-9c74edbe6e77,fn-9c74edbe6e77,Lambda Function,us-west-2,US West (Oregon),,,,,,,,,"{""Elements"":[{""ContractId"":""CONTRACT-EA-2026-0001"",""ContractCommitmentId"":""CC-EA-SPEND-0001"",""ContractCommitmentAppliedCost"":28.14300706950000}]}",,,,,,,,"{""Environment"":""prod"",""CostCenter"":""cc-2087"",""Owner"":""team-data""}"
AWS,AWS,AWS,AWS,AWS,INV-2026-05-0002,100000000002,ExampleCorp Secondary Payer,Payer Account,200000000014,sandbox-dev,Linked Account,2026-05-01T00:00:00Z,2026-06-01T00:00:00Z,2026-05-13T00:00:00Z,2026-05-14T00:00:00Z,Usage,,Glue ETL job run,Usage-Based,30.431324,30.431324,30.431324,30.431324,0.4400000000,0.4400000000,Standard,69.1621,DPU-Hours,USD,0.4400000000,30.431324,0.4400000000,USD,69.1621,DPU-Hours,AWSGlue,Analytics,Data Processing,SKU-118148093a04e718819dbb3f,Data Processing,SPRICE-f140a6944df35cbb51f25679,"{""x_WorkerType"":""G.1X""}",arn:aws:glue:us-west-2:200000000014:job/job-18f94216fd70,job-18f94216fd70,Glue Job,us-west-2,US West (Oregon),,,,,,,,,,,,,,,,,"{""Environment"":""staging"",""CostCenter"":""cc-3110"",""Owner"":""team-data""}"
AWS,AWS,AWS,AWS,AWS,INV-2026-05-0001,100000000001,ExampleCorp Master Payer,Payer Account,200000000013,data-analytics,Linked Account,2026-05-01T00:00:00Z,2026-06-01T00:00:00Z,2026-05-05T01:00:00Z,2026-05-05T02:00:00Z,Usage,,Shared EC2 host cost allocated to workload,Usage-Based,0.0443616,0.0443616,0.0443616,0.0443616,0.0960000000,0.0960000000,Standard,0.4621,Hours,USD,0.0960000000,0.0443616,0.0960000000,USD,0.4621,Hours,AmazonEC2,Compute,Virtual Machines,SKU-e0e295f006e6a0732dd5f77b,Compute,SPRICE-98f5ebeb1125d6e984c27bb1,"{""InstanceType"":""m6i.large"",""InstanceSeries"":""M6i"",""CoreCount"":2,""MemorySize"":8,""OperatingSystem"":""Linux"",""x_Tenancy"":""Shared""}",arn:aws:ec2:us-west-2:200000000013:instance/shared-host-cddd1e79,shared-host-cddd1e79,EC2 Instance,us-west-2,US West (Oregon),us-west-2b,,,,,,,,,,,split-weighted,"{""Elements"":[{""AllocatedRatio"":1,""UsageUnit"":""Hours"",""UsageQuantity"":0.4621,""x_Strategy"":""Weighted"",""x_Basis"":""MemoryBytes""}]}",arn:aws:eks:us-west-2:200000000013:workload/ingestion-f7f0c8,workload-ingestion,"{""workload"":""ingestion"",""CostCenter"":""cc-2087""}","{""Environment"":""dev"",""CostCenter"":""cc-3110"",""Owner"":""team-data""}"
AWS,AWS,AWS,AWS,AWS,INV-2026-05-0001,100000000001,ExampleCorp Master Payer,Payer Account,200000000014,sandbox-dev,Linked Account,2026-05-01T00:00:00Z,2026-06-01T00:00:00Z,2026-05-05T02:00:00Z,2026-05-05T03:00:00Z,Purchase,,"Savings Plan commitment, amortised for the charge period",Recurring,32.016,0,32.016,32.016,1,1,Standard,32.016,USD,USD,1.0000000000,0,1.0000000000,USD,,,AmazonEC2,Compute,Virtual Machines,SKU-4e70290591383090d3fb4e3b,Commitment,SPRICE-3123b98a0bc7ca93ff9d1c56,"{""x_PurchaseTerm"":""1yr"",""x_PaymentOption"":""NoUpfront""}",arn:aws:savingsplans:ap-southeast-1::savingsplan/1a3d56fc3e02b067,savingsplan-f7af268e56b4,Savings Plan,ap-southeast-1,Asia Pacific (Singapore),,arn:aws:savingsplans:ap-southeast-1::savingsplan/1a3d56fc3e02b067,ComputeSavingsPlan-1yr-NoUpfront,Spend,Savings Plan,,32.016,USD,,,,,,,,,"{""Environment"":""dev"",""CostCenter"":""cc-1042"",""Owner"":""team-platform""}"
AWS,AWS,AWS,AWS,AWS,INV-2026-05-0001,100000000001,ExampleCorp Master Payer,Payer Account,200000000014,sandbox-dev,Linked Account,2026-05-01T00:00:00Z,2026-06-01T00:00:00Z,2026-05-05T02:00:00Z,2026-05-05T03:00:00Z,Usage,,AmazonEC2 committed usage of 500 machine-equivalents,Usage-Based,0,32.016,48,43.2,0.0960000000,0.0864000000,Committed,500,Hours,USD,0.0864000000,32.016,0.0960000000,USD,500,Hours,AmazonEC2,Compute,Virtual Machines,SKU-093c0d7a3a0491f8523e34c8,Compute,SPRICE-bab283475cbbabd222878e74,"{""InstanceType"":""m6i.large"",""InstanceSeries"":""M6i"",""CoreCount"":2,""MemorySize"":8,""OperatingSystem"":""Linux"",""x_Tenancy"":""Shared""}",urn:focus-sample:aws:ap-southeast-1:200000000014:compute-fleet:fleetdb705f8678b1cf2d812de69a,fleetdb705f8678b1cf2d812de69a,Compute Fleet,ap-southeast-1,Asia Pacific (Singapore),ap-southeast-1a,arn:aws:savingsplans:ap-southeast-1::savingsplan/1a3d56fc3e02b067,ComputeSavingsPlan-1yr-NoUpfront,Spend,Savings Plan,Used,32.016,USD,"{""Elements"":[{""ContractId"":""CONTRACT-CD-0005"",""ContractCommitmentId"":""arn:aws:savingsplans:ap-southeast-1::savingsplan/1a3d56fc3e02b067"",""ContractCommitmentAppliedCost"":32.0160000000}]}",,,,,,,,"{""Environment"":""dev"",""CostCenter"":""cc-3110"",""Owner"":""team-payments"",""SyntheticFleetSize"":""500""}"
AWS,AWS,AWS,AWS,AWS,INV-2026-05-0001,100000000001,ExampleCorp Master Payer,Payer Account,200000000014,sandbox-dev,Linked Account,2026-05-01T00:00:00Z,2026-06-01T00:00:00Z,2026-05-05T03:00:00Z,2026-05-05T04:00:00Z,Purchase,,"Savings Plan commitment, amortised for the charge period",Recurring,32.016,0,32.016,32.016,1,1,Standard,32.016,USD,USD,1.0000000000,0,1.0000000000,USD,,,AmazonEC2,Compute,Virtual Machines,SKU-4e70290591383090d3fb4e3b,Commitment,SPRICE-3123b98a0bc7ca93ff9d1c56,"{""x_PurchaseTerm"":""1yr"",""x_PaymentOption"":""NoUpfront""}",arn:aws:savingsplans:ap-southeast-1::savingsplan/1a3d56fc3e02b067,savingsplan-f7af268e56b4,Savings Plan,ap-southeast-1,Asia Pacific (Singapore),,arn:aws:savingsplans:ap-southeast-1::savingsplan/1a3d56fc3e02b067,ComputeSavingsPlan-1yr-NoUpfront,Spend,Savings Plan,,32.016,USD,,,,,,,,,"{""Environment"":""dev"",""CostCenter"":""cc-2087"",""Owner"":""team-payments""}"
AWS,AWS,AWS,AWS,AWS,INV-2026-05-0001,100000000001,ExampleCorp Master Payer,Payer Account,200000000014,sandbox-dev,Linked Account,2026-05-01T00:00:00Z,2026-06-01T00:00:00Z,2026-05-05T03:00:00Z,2026-05-05T04:00:00Z,Usage,,AmazonEC2 committed usage of 500 machine-equivalents,Usage-Based,0,32.016,48,43.2,0.0960000000,0.0864000000,Committed,500,Hours,USD,0.0864000000,32.016,0.0960000000,USD,500,Hours,AmazonEC2,Compute,Virtual Machines,SKU-093c0d7a3a0491f8523e34c8,Compute,SPRICE-bab283475cbbabd222878e74,"{""InstanceType"":""m6i.large"",""InstanceSeries"":""M6i"",""CoreCount"":2,""MemorySize"":8,""OperatingSystem"":""Linux"",""x_Tenancy"":""Shared""}",urn:focus-sample:aws:ap-southeast-1:200000000014:compute-fleet:fleetdb705f8678b1cf2d812de69a,fleetdb705f8678b1cf2d812de69a,Compute Fleet,ap-southeast-1,Asia Pacific (Singapore),ap-southeast-1a,arn:aws:savingsplans:ap-southeast-1::savingsplan/1a3d56fc3e02b067,ComputeSavingsPlan-1yr-NoUpfront,Spend,Savings Plan,Used,32.016,USD,"{""Elements"":[{""ContractId"":""CONTRACT-CD-0005"",""ContractCommitmentId"":""arn:aws:savingsplans:ap-southeast-1::savingsplan/1a3d56fc3e02b067"",""ContractCommitmentAppliedCost"":32.0160000000}]}",,,,,,,,"{""Environment"":""prod"",""CostCenter"":""cc-1042"",""Owner"":""team-data"",""SyntheticFleetSize"":""500""}"
AWS,AWS,AWS,AWS,AWS,INV-2026-05-0001,100000000001,ExampleCorp Master Payer,Payer Account,200000000014,sandbox-dev,Linked Account,2026-05-01T00:00:00Z,2026-06-01T00:00:00Z,2026-05-05T04:00:00Z,2026-05-05T05:00:00Z,Purchase,,"Savings Plan commitment, amortised for the charge period",Recurring,32.016,0,32.016,32.016,1,1,Standard,32.016,USD,USD,1.0000000000,0,1.0000000000,USD,,,AmazonEC2,Compute,Virtual Machines,SKU-4e70290591383090d3fb4e3b,Commitment,SPRICE-3123b98a0bc7ca93ff9d1c56,"{""x_PurchaseTerm"":""1yr"",""x_PaymentOption"":""NoUpfront""}",arn:aws:savingsplans:ap-southeast-1::savingsplan/1a3d56fc3e02b067,savingsplan-f7af268e56b4,Savings Plan,ap-southeast-1,Asia Pacific (Singapore),,arn:aws:savingsplans:ap-southeast-1::savingsplan/1a3d56fc3e02b067,ComputeSavingsPlan-1yr-NoUpfront,Spend,Savings Plan,,32.016,USD,,,,,,,,,"{""Environment"":""dev"",""CostCenter"":""cc-1042"",""Owner"":""team-data""}"
AWS,AWS,AWS,AWS,AWS,INV-2026-05-0001,100000000001,ExampleCorp Master Payer,Payer Account,200000000014,sandbox-dev,Linked Account,2026-05-01T00:00:00Z,2026-06-01T00:00:00Z,2026-05-05T04:00:00Z,2026-05-05T05:00:00Z,Usage,,AmazonEC2 committed usage of 500 machine-equivalents,Usage-Based,0,32.016,48,43.2,0.0960000000,0.0864000000,Committed,500,Hours,USD,0.0864000000,32.016,0.0960000000,USD,500,Hours,AmazonEC2,Compute,Virtual Machines,SKU-093c0d7a3a0491f8523e34c8,Compute,SPRICE-bab283475cbbabd222878e74,"{""InstanceType"":""m6i.large"",""InstanceSeries"":""M6i"",""CoreCount"":2,""MemorySize"":8,""OperatingSystem"":""Linux"",""x_Tenancy"":""Shared""}",urn:focus-sample:aws:ap-southeast-1:200000000014:compute-fleet:fleetdb705f8678b1cf2d812de69a,fleetdb705f8678b1cf2d812de69a,Compute Fleet,ap-southeast-1,Asia Pacific (Singapore),ap-southeast-1a,arn:aws:savingsplans:ap-southeast-1::savingsplan/1a3d56fc3e02b067,ComputeSavingsPlan-1yr-NoUpfront,Spend,Savings Plan,Used,32.016,USD,"{""Elements"":[{""ContractId"":""CONTRACT-CD-0005"",""ContractCommitmentId"":""arn:aws:savingsplans:ap-southeast-1::savingsplan/1a3d56fc3e02b067"",""ContractCommitmentAppliedCost"":32.0160000000}]}",,,,,,,,"{""Environment"":""dev"",""CostCenter"":""cc-2087"",""Owner"":""team-payments"",""SyntheticFleetSize"":""500""}"
AWS,AWS,AWS,AWS,AWS,INV-2026-05-0001,100000000001,ExampleCorp Master Payer,Payer Account,200000000014,sandbox-dev,Linked Account,2026-05-01T00:00:00Z,2026-06-01T00:00:00Z,2026-05-05T05:00:00Z,2026-05-05T06:00:00Z,Purchase,,"Savings Plan commitment, amortised for the charge period",Recurring,32.016,0,32.016,32.016,1,1,Standard,32.016,USD,USD,1.0000000000,0,1.0000000000,USD,,,AmazonEC2,Compute,Virtual Machines,SKU-4e70290591383090d3fb4e3b,Commitment,SPRICE-3123b98a0bc7ca93ff9d1c56,"{""x_PurchaseTerm"":""1yr"",""x_PaymentOption"":""NoUpfront""}",arn:aws:savingsplans:ap-southeast-1::savingsplan/1a3d56fc3e02b067,savingsplan-f7af268e56b4,Savings Plan,ap-southeast-1,Asia Pacific (Singapore),,arn:aws:savingsplans:ap-southeast-1::savingsplan/1a3d56fc3e02b067,ComputeSavingsPlan-1yr-NoUpfront,Spend,Savings Plan,,32.016,USD,,,,,,,,,"{""Environment"":""staging"",""CostCenter"":""cc-3110"",""Owner"":""team-data""}"
AWS,AWS,AWS,AWS,AWS,INV-2026-05-0001,100000000001,ExampleCorp Master Payer,Payer Account,200000000014,sandbox-dev,Linked Account,2026-05-01T00:00:00Z,2026-06-01T00:00:00Z,2026-05-05T05:00:00Z,2026-05-05T06:00:00Z,Usage,,AmazonEC2 committed usage of 500 machine-equivalents,Usage-Based,0,32.016,48,43.2,0.0960000000,0.0864000000,Committed,500,Hours,USD,0.0864000000,32.016,0.0960000000,USD,500,Hours,AmazonEC2,Compute,Virtual Machines,SKU-093c0d7a3a0491f8523e34c8,Compute,SPRICE-bab283475cbbabd222878e74,"{""InstanceType"":""m6i.large"",""InstanceSeries"":""M6i"",""CoreCount"":2,""MemorySize"":8,""OperatingSystem"":""Linux"",""x_Tenancy"":""Shared""}",urn:focus-sample:aws:ap-southeast-1:200000000014:compute-fleet:fleetdb705f8678b1cf2d812de69a,fleetdb705f8678b1cf2d812de69a,Compute Fleet,ap-southeast-1,Asia Pacific (Singapore),ap-southeast-1a,arn:aws:savingsplans:ap-southeast-1::savingsplan/1a3d56fc3e02b067,ComputeSavingsPlan-1yr-NoUpfront,Spend,Savings Plan,Used,32.016,USD,"{""Elements"":[{""ContractId"":""CONTRACT-CD-0005"",""ContractCommitmentId"":""arn:aws:savingsplans:ap-southeast-1::savingsplan/1a3d56fc3e02b067"",""ContractCommitmentAppliedCost"":32.0160000000}]}",,,,,,,,"{""Environment"":""dev"",""CostCenter"":""cc-1042"",""Owner"":""team-payments"",""SyntheticFleetSize"":""500""}"
AWS,AWS,AWS,AWS,AWS,INV-2026-05-0001,100000000001,ExampleCorp Master Payer,Payer Account,200000000014,sandbox-dev,Linked Account,2026-05-01T00:00:00Z,2026-06-01T00:00:00Z,2026-05-05T06:00:00Z,2026-05-05T07:00:00Z,Purchase,,"Savings Plan commitment, amortised for the charge period",Recurring,32.016,0,32.016,32.016,1,1,Standard,32.016,USD,USD,1.0000000000,0,1.0000000000,USD,,,AmazonEC2,Compute,Virtual Machines,SKU-4e70290591383090d3fb4e3b,Commitment,SPRICE-3123b98a0bc7ca93ff9d1c56,"{""x_PurchaseTerm"":""1yr"",""x_PaymentOption"":""NoUpfront""}",arn:aws:savingsplans:ap-southeast-1::savingsplan/1a3d56fc3e02b067,savingsplan-f7af268e56b4,Savings Plan,ap-southeast-1,Asia Pacific (Singapore),,arn:aws:savingsplans:ap-southeast-1::savingsplan/1a3d56fc3e02b067,ComputeSavingsPlan-1yr-NoUpfront,Spend,Savings Plan,,32.016,USD,,,,,,,,,"{""Environment"":""staging"",""CostCenter"":""cc-1042"",""Owner"":""team-payments""}"
AWS,AWS,AWS,AWS,AWS,INV-2026-05-0001,100000000001,ExampleCorp Master Payer,Payer Account,200000000014,sandbox-dev,Linked Account,2026-05-01T00:00:00Z,2026-06-01T00:00:00Z,2026-05-05T06:00:00Z,2026-05-05T07:00:00Z,Usage,,AmazonEC2 committed usage of 500 machine-equivalents,Usage-Based,0,32.016,48,43.2,0.0960000000,0.0864000000,Committed,500,Hours,USD,0.0864000000,32.016,0.0960000000,USD,500,Hours,AmazonEC2,Compute,Virtual Machines,SKU-093c0d7a3a0491f8523e34c8,Compute,SPRICE-bab283475cbbabd222878e74,"{""InstanceType"":""m6i.large"",""InstanceSeries"":""M6i"",""CoreCount"":2,""MemorySize"":8,""OperatingSystem"":""Linux"",""x_Tenancy"":""Shared""}",urn:focus-sample:aws:ap-southeast-1:200000000014:compute-fleet:fleetdb705f8678b1cf2d812de69a,fleetdb705f8678b1cf2d812de69a,Compute Fleet,ap-southeast-1,Asia Pacific (Singapore),ap-southeast-1a,arn:aws:savingsplans:ap-southeast-1::savingsplan/1a3d56fc3e02b067,ComputeSavingsPlan-1yr-NoUpfront,Spend,Savings Plan,Used,32.016,USD,"{""Elements"":[{""ContractId"":""CONTRACT-CD-0005"",""ContractCommitmentId"":""arn:aws:savingsplans:ap-southeast-1::savingsplan/1a3d56fc3e02b067"",""ContractCommitmentAppliedCost"":32.0160000000}]}",,,,,,,,"{""Environment"":""staging"",""CostCenter"":""cc-2087"",""Owner"":""team-data"",""SyntheticFleetSize"":""500""}"
AWS,AWS,AWS,AWS,AWS,INV-2026-05-0001,100000000001,ExampleCorp Master Payer,Payer Account,200000000014,sandbox-dev,Linked Account,2026-05-01T00:00:00Z,2026-06-01T00:00:00Z,2026-05-05T07:00:00Z,2026-05-05T08:00:00Z,Purchase,,"Savings Plan commitment, amortised for the charge period",Recurring,32.016,0,32.016,32.016,1,1,Standard,32.016,USD,USD,1.0000000000,0,1.0000000000,USD,,,AmazonEC2,Compute,Virtual Machines,SKU-4e70290591383090d3fb4e3b,Commitment,SPRICE-3123b98a0bc7ca93ff9d1c56,"{""x_PurchaseTerm"":""1yr"",""x_PaymentOption"":""NoUpfront""}",arn:aws:savingsplans:ap-southeast-1::savingsplan/1a3d56fc3e02b067,savingsplan-f7af268e56b4,Savings Plan,ap-southeast-1,Asia Pacific (Singapore),,arn:aws:savingsplans:ap-southeast-1::savingsplan/1a3d56fc3e02b067,ComputeSavingsPlan-1yr-NoUpfront,Spend,Savings Plan,,32.016,USD,,,,,,,,,"{""Environment"":""prod"",""CostCenter"":""cc-1042"",""Owner"":""team-data""}"
AWS,AWS,AWS,AWS,AWS,INV-2026-05-0001,100000000001,ExampleCorp Master Payer,Payer Account,200000000014,sandbox-dev,Linked Account,2026-05-01T00:00:00Z,2026-06-01T00:00:00Z,2026-05-05T07:00:00Z,2026-05-05T08:00:00Z,Usage,,AmazonEC2 committed usage of 500 machine-equivalents,Usage-Based,0,32.016,48,43.2,0.0960000000,0.0864000000,Committed,500,Hours,USD,0.0864000000,32.016,0.0960000000,USD,500,Hours,AmazonEC2,Compute,Virtual Machines,SKU-093c0d7a3a0491f8523e34c8,Compute,SPRICE-bab283475cbbabd222878e74,"{""InstanceType"":""m6i.large"",""InstanceSeries"":""M6i"",""CoreCount"":2,""MemorySize"":8,""OperatingSystem"":""Linux"",""x_Tenancy"":""Shared""}",urn:focus-sample:aws:ap-southeast-1:200000000014:compute-fleet:fleetdb705f8678b1cf2d812de69a,fleetdb705f8678b1cf2d812de69a,Compute Fleet,ap-southeast-1,Asia Pacific (Singapore),ap-southeast-1a,arn:aws:savingsplans:ap-southeast-1::savingsplan/1a3d56fc3e02b067,ComputeSavingsPlan-1yr-NoUpfront,Spend,Savings Plan,Used,32.016,USD,"{""Elements"":[{""ContractId"":""CONTRACT-CD-0005"",""ContractCommitmentId"":""arn:aws:savingsplans:ap-southeast-1::savingsplan/1a3d56fc3e02b067"",""ContractCommitmentAppliedCost"":32.0160000000}]}",,,,,,,,"{""Environment"":""prod"",""CostCenter"":""cc-2087"",""Owner"":""team-data"",""SyntheticFleetSize"":""500""}"
AWS,AWS,AWS,AWS,AWS,INV-2026-05-0001,100000000001,ExampleCorp Master Payer,Payer Account,200000000014,sandbox-dev,Linked Account,2026-05-01T00:00:00Z,2026-06-01T00:00:00Z,2026-05-05T08:00:00Z,2026-05-05T09:00:00Z,Purchase,,"Savings Plan commitment, amortised for the charge period",Recurring,32.016,0,32.016,32.016,1,1,Standard,32.016,USD,USD,1.0000000000,0,1.0000000000,USD,,,AmazonEC2,Compute,Virtual Machines,SKU-4e70290591383090d3fb4e3b,Commitment,SPRICE-3123b98a0bc7ca93ff9d1c56,"{""x_PurchaseTerm"":""1yr"",""x_PaymentOption"":""NoUpfront""}",arn:aws:savingsplans:ap-southeast-1::savingsplan/1a3d56fc3e02b067,savingsplan-f7af268e56b4,Savings Plan,ap-southeast-1,Asia Pacific (Singapore),,arn:aws:savingsplans:ap-southeast-1::savingsplan/1a3d56fc3e02b067,ComputeSavingsPlan-1yr-NoUpfront,Spend,Savings Plan,,32.016,USD,,,,,,,,,"{""Environment"":""dev"",""CostCenter"":""cc-1042"",""Owner"":""team-platform""}"
AWS,AWS,AWS,AWS,AWS,INV-2026-05-0001,100000000001,ExampleCorp Master Payer,Payer Account,200000000014,sandbox-dev,Linked Account,2026-05-01T00:00:00Z,2026-06-01T00:00:00Z,2026-05-05T08:00:00Z,2026-05-05T09:00:00Z,Usage,,Savings Plan unused commitment,Usage-Based,0,32.016,32.016,32.016,1,1,Committed,32.016,USD,USD,1.0000000000,32.016,1.0000000000,USD,,,AmazonEC2,Compute,Virtual Machines,SKU-4e70290591383090d3fb4e3b,Commitment,SPRICE-3123b98a0bc7ca93ff9d1c56,"{""x_PurchaseTerm"":""1yr"",""x_PaymentOption"":""NoUpfront""}",arn:aws:savingsplans:ap-southeast-1::savingsplan/1a3d56fc3e02b067,savingsplan-f7af268e56b4,Savings Plan,ap-southeast-1,Asia Pacific (Singapore),,arn:aws:savingsplans:ap-southeast-1::savingsplan/1a3d56fc3e02b067,ComputeSavingsPlan-1yr-NoUpfront,Spend,Savings Plan,Unused,32.016,USD,"{""Elements"":[{""ContractId"":""CONTRACT-CD-0005"",""ContractCommitmentId"":""arn:aws:savingsplans:ap-southeast-1::savingsplan/1a3d56fc3e02b067"",""ContractCommitmentAppliedCost"":32.0160000000}]}",,,,,,,,"{""Environment"":""prod"",""CostCenter"":""cc-3110"",""Owner"":""team-platform""}"
AWS,AWS,AWS,AWS,AWS,INV-2026-05-0001,100000000001,ExampleCorp Master Payer,Payer Account,200000000011,prod-platform,Linked Account,2026-05-01T00:00:00Z,2026-06-01T00:00:00Z,2026-05-01T00:00:00Z,2026-06-01T00:00:00Z,Usage,,S3 Standard storage,Usage-Based,65.04223176,65.04223176,72.2691464,65.04223176,0.0230000000,0.0207000000,Standard,3142.1368,GB-Months,USD,0.0207000000,65.04223176,0.0230000000,USD,3142.1368,GB-Months,AmazonS3,Storage,Object Storage,SKU-36fb3a972f2cdabe2e87e8f5,Storage,SPRICE-2e0d1e6fc7695c1a2fe50a1a,"{""StorageClass"":""Standard"",""Redundancy"":""Zonal""}",arn:aws:s3:us-west-2:200000000011:bucket/bucket-fd58c76f21b8,bucket-fd58c76f21b8,S3 Bucket,us-west-2,US West (Oregon),,,,,,,,,"{""Elements"":[{""ContractId"":""CONTRACT-EA-2026-0001"",""ContractCommitmentId"":""CC-EA-STORAGE-0002"",""ContractCommitmentAppliedCost"":65.04223176000000}]}",,,,,,,,"{""Environment"":""staging"",""CostCenter"":""cc-3110"",""Owner"":""team-platform""}"
AWS,AWS,AWS,AWS,AWS,INV-2026-05-0001,100000000001,ExampleCorp Master Payer,Payer Account,200000000012,staging-platform,Linked Account,2026-05-01T00:00:00Z,2026-06-01T00:00:00Z,2026-05-02T00:00:00Z,2026-05-03T00:00:00Z,Usage,,Custom metrics,Usage-Based,32.95461,32.95461,32.95461,32.95461,0.3000000000,0.3000000000,Standard,109.8487,Metrics,USD,0.3000000000,32.95461,0.3000000000,USD,109.8487,Metrics,AmazonCloudWatch,Management and Governance,Observability,SKU-34e5538fb30cbad0ab6e9eda,Monitoring,SPRICE-7775836205fc8d4f07876728,"{""x_MetricType"":""Custom""}",arn:aws:cloudwatch:us-west-2:200000000012:metric/metric-156ab4c1ac52,metric-156ab4c1ac52,Metric,us-west-2,US West (Oregon),,,,,,,,,,,,,,,,,"{""Environment"":""prod"",""CostCenter"":""cc-2087"",""Owner"":""team-platform""}"
AWS,AWS,AWS,AWS,AWS,INV-2026-05-0002,100000000002,ExampleCorp Secondary Payer,Payer Account,200000000013,data-analytics,Linked Account,2026-05-01T00:00:00Z,2026-06-01T00:00:00Z,2026-05-03T00:00:00Z,2026-05-04T00:00:00Z,Usage,,NAT gateway data processed,Usage-Based,11.4767865,11.4767865,11.4767865,11.4767865,0.0450000000,0.0450000000,Standard,255.0397,GB,USD,0.0450000000,11.4767865,0.0450000000,USD,255.0397,GB,AmazonVPC,Networking,Network Connectivity,SKU-3d9b08c72ec44814e0bd4e25,Data Transfer,SPRICE-5df2ff31768360bf23008ec4,"{""x_TransferType"":""InterAZ""}",arn:aws:ec2:eu-west-1:200000000013:natgateway/nat-5ceafbd06846,nat-5ceafbd06846,NAT Gateway,eu-west-1,EU (Ireland),,,,,,,,,,,,,,,,,"{""Environment"":""staging"",""CostCenter"":""cc-3110"",""Owner"":""team-payments""}"
AWS,AWS,AWS,AWS,AWS,INV-2026-05-0001,100000000001,ExampleCorp Master Payer,Payer Account,200000000012,staging-platform,Linked Account,2026-05-01T00:00:00Z,2026-06-01T00:00:00Z,2026-05-05T19:00:00Z,2026-05-05T20:00:00Z,Usage,,Lambda function duration,Usage-Based,35.8366188195,35.8366188195,39.81854499193071,35.8366188195,0.0000166667,0.0000150000,Standard,2389107.9213,GB-Seconds,USD,0.0000150000,35.8366188195,0.0000166667,USD,2389107.9213,GB-Seconds,AWSLambda,Compute,Serverless Compute,SKU-7828f3c3be040bf04a99c13a,Compute,SPRICE-f43f05862dbfbeb78999da05,"{""x_Runtime"":""python3.12"",""x_Architecture"":""arm64""}",arn:aws:lambda:eu-west-1:200000000012:function/fn-d6fef52e89a9,fn-d6fef52e89a9,Lambda Function,eu-west-1,EU (Ireland),,,,,,,,,"{""Elements"":[{""ContractId"":""CONTRACT-EA-2026-0001"",""ContractCommitmentId"":""CC-EA-SPEND-0001"",""ContractCommitmentAppliedCost"":35.83661881950000}]}",,,,,,,,"{""Environment"":""dev"",""CostCenter"":""cc-2087"",""Owner"":""team-data""}"
AWS,AWS,AWS,AWS,AWS,INV-2026-05-0002,100000000002,ExampleCorp Secondary Payer,Payer Account,200000000013,data-analytics,Linked Account,2026-05-01T00:00:00Z,2026-06-01T00:00:00Z,2026-05-05T20:00:00Z,2026-05-05T21:00:00Z,Usage,,RDS PostgreSQL db.r6g.large,Usage-Based,0.24,0.24,0.24,0.24,0.2400000000,0.2400000000,Standard,1.0000,Hours,USD,0.2400000000,0.24,0.2400000000,USD,1.0000,Hours,AmazonRDS,Databases,Relational Databases,SKU-59cf7266a13e6ea4d00d0143,Database,SPRICE-bde64d57365802abbf64195d,"{""InstanceType"":""db.r6g.large"",""InstanceSeries"":""R6g"",""CoreCount"":2,""MemorySize"":16,""x_Engine"":""PostgreSQL""}",arn:aws:rds:ap-southeast-1:200000000013:db/db-e63e1b1bf501,db-e63e1b1bf501,RDS Instance,ap-southeast-1,Asia Pacific (Singapore),,,,,,,,,,,,,,,,,"{""Environment"":""staging"",""CostCenter"":""cc-3110"",""Owner"":""team-payments""}"
AWS,AWS,AWS,AWS,AWS,INV-2026-05-0001,100000000001,ExampleCorp Master Payer,Payer Account,200000000011,prod-platform,Linked Account,2026-05-01T00:00:00Z,2026-06-01T00:00:00Z,2026-05-05T23:00:00Z,2026-05-06T00:00:00Z,Tax,,Synthetic tax 10% on usage record 120: AmazonEC2,One-Time,0.00086592,0.00086592,0.00086592,0.00086592,,,,,,USD,,0.00086592,,USD,,,AmazonEC2,Compute,Virtual Machines,,,,,,,,,,,,,,,,,,,,,,,,,,"{""Environment"":""staging"",""CostCenter"":""cc-1042"",""Owner"":""team-payments""}"
AWS,AWS,AWS,AWS,AWS,INV-2026-05-0002,100000000002,ExampleCorp Secondary Payer,Payer Account,200000000014,sandbox-dev,Linked Account,2026-05-01T00:00:00Z,2026-06-01T00:00:00Z,2026-05-05T22:00:00Z,2026-05-05T23:00:00Z,Usage,,Shared EC2 host cost allocated to workload,Usage-Based,0.0705792,0.0705792,0.0705792,0.0705792,0.0960000000,0.0960000000,Standard,0.7352,Hours,USD,0.0960000000,0.0705792,0.0960000000,USD,0.7352,Hours,AmazonEC2,Compute,Virtual Machines,SKU-736a4dd80178572d8370293d,Compute,SPRICE-c862323f09b487c42efb1c6b,"{""InstanceType"":""m6i.large"",""InstanceSeries"":""M6i"",""CoreCount"":2,""MemorySize"":8,""OperatingSystem"":""Linux"",""x_Tenancy"":""Shared""}",arn:aws:ec2:us-east-1:200000000014:instance/shared-host-b4d18f32,shared-host-b4d18f32,EC2 Instance,us-east-1,US East (N. Virginia),us-east-1a,,,,,,,,,,,split-weighted,"{""Elements"":[{""AllocatedRatio"":1,""UsageUnit"":""Hours"",""UsageQuantity"":0.7352,""x_Strategy"":""Weighted"",""x_Basis"":""MemoryBytes""}]}",arn:aws:eks:us-east-1:200000000014:workload/billing-dbd339,workload-billing,"{""workload"":""billing"",""CostCenter"":""cc-2087""}","{""Environment"":""prod"",""CostCenter"":""cc-3110"",""Owner"":""team-data""}"
AWS,AWS,AWS,AWS,AWS,INV-2026-05-0001,100000000001,ExampleCorp Master Payer,Payer Account,200000000013,data-analytics,Linked Account,2026-05-01T00:00:00Z,2026-06-01T00:00:00Z,2026-05-05T23:00:00Z,2026-05-06T00:00:00Z,Usage,,Shared EC2 host cost allocated to workload,Usage-Based,0.0784224,0.0784224,0.0784224,0.0784224,0.0960000000,0.0960000000,Standard,0.8169,Hours,USD,0.0960000000,0.0784224,0.0960000000,USD,0.8169,Hours,AmazonEC2,Compute,Virtual Machines,SKU-e0e295f006e6a0732dd5f77b,Compute,SPRICE-98f5ebeb1125d6e984c27bb1,"{""InstanceType"":""m6i.large"",""InstanceSeries"":""M6i"",""CoreCount"":2,""MemorySize"":8,""OperatingSystem"":""Linux"",""x_Tenancy"":""Shared""}",arn:aws:ec2:us-west-2:200000000013:instance/shared-host-e832a389,shared-host-e832a389,EC2 Instance,us-west-2,US West (Oregon),us-west-2a,,,,,,,,,,,split-weighted,"{""Elements"":[{""AllocatedRatio"":1,""UsageUnit"":""Hours"",""UsageQuantity"":0.8169,""x_Strategy"":""Weighted"",""x_Basis"":""MemoryBytes""}]}",arn:aws:eks:us-west-2:200000000013:workload/checkout-50f645,workload-checkout,"{""workload"":""checkout"",""CostCenter"":""cc-2087""}","{""Environment"":""staging"",""CostCenter"":""cc-3110"",""Owner"":""team-data""}"
AWS,AWS,AWS,AWS,AWS,INV-2026-05-0002,100000000002,ExampleCorp Secondary Payer,Payer Account,200000000012,staging-platform,Linked Account,2026-05-01T00:00:00Z,2026-06-01T00:00:00Z,2026-05-06T00:00:00Z,2026-05-06T01:00:00Z,Usage,,Lambda function duration,Usage-Based,20.75399404623841,20.75399404623841,20.75399404623841,20.75399404623841,0.0000166667,0.0000166667,Standard,1245237.1523,GB-Seconds,USD,0.0000166667,20.75399404623841,0.0000166667,USD,1245237.1523,GB-Seconds,AWSLambda,Compute,Serverless Compute,SKU-790dfdd7277c16aec9cf7656,Compute,SPRICE-55fe45e894424abc4a1bb3fe,"{""x_Runtime"":""python3.12"",""x_Architecture"":""arm64""}",arn:aws:lambda:us-west-2:200000000012:function/fn-f81494afbf80,fn-f81494afbf80,Lambda Function,us-west-2,US West (Oregon),,,,,,,,,,,,,,,,,"{""Environment"":""staging"",""CostCenter"":""cc-1042"",""Owner"":""team-data""}"
AWS,AWS,AWS,AWS,AWS,INV-2026-05-0002,100000000002,ExampleCorp Secondary Payer,Payer Account,200000000013,data-analytics,Linked Account,2026-05-01T00:00:00Z,2026-06-01T00:00:00Z,2026-05-06T01:00:00Z,2026-05-06T02:00:00Z,Usage,,Shared EC2 host cost allocated to workload,Usage-Based,0.0750336,0.0750336,0.0750336,0.0750336,0.0960000000,0.0960000000,Standard,0.7816,Hours,USD,0.0960000000,0.0750336,0.0960000000,USD,0.7816,Hours,AmazonEC2,Compute,Virtual Machines,SKU-e0e295f006e6a0732dd5f77b,Compute,SPRICE-98f5ebeb1125d6e984c27bb1,"{""InstanceType"":""m6i.large"",""InstanceSeries"":""M6i"",""CoreCount"":2,""MemorySize"":8,""OperatingSystem"":""Linux"",""x_Tenancy"":""Shared""}",arn:aws:ec2:us-west-2:200000000013:instance/shared-host-d4b7e9f7,shared-host-d4b7e9f7,EC2 Instance,us-west-2,US West (Oregon),us-west-2b,,,,,,,,,,,split-even,"{""Elements"":[{""AllocatedRatio"":1,""UsageUnit"":""Hours"",""UsageQuantity"":0.7816,""x_Strategy"":""Even"",""x_Basis"":""Workloads""}]}",arn:aws:eks:us-west-2:200000000013:workload/search-b40899,workload-search,"{""workload"":""search"",""CostCenter"":""cc-3110""}","{""Environment"":""staging"",""CostCenter"":""cc-2087"",""Owner"":""team-data""}"
AWS,AWS,AWS,AWS,AWS,INV-2026-05-0002,100000000002,ExampleCorp Secondary Payer,Payer Account,200000000011,prod-platform,Linked Account,2026-05-01T00:00:00Z,2026-06-01T00:00:00Z,2026-05-11T00:00:00Z,2026-05-12T00:00:00Z,Usage,,Custom metrics,Usage-Based,52.437888,52.437888,58.26432,52.437888,0.3000000000,0.2700000000,Standard,194.2144,Metrics,USD,0.2700000000,52.437888,0.3000000000,USD,194.2144,Metrics,AmazonCloudWatch,Management and Governance,Observability,SKU-917addcfe26d359456f585f4,Monitoring,SPRICE-bfed9ccd55f51b42ca94dd2b,"{""x_MetricType"":""Custom""}",arn:aws:cloudwatch:eu-west-1:200000000011:metric/metric-b3a21369829a,metric-b3a21369829a,Metric,eu-west-1,EU (Ireland),,,,,,,,,"{""Elements"":[{""ContractId"":""CONTRACT-EA-2026-0001"",""ContractCommitmentId"":""CC-EA-SPEND-0001"",""ContractCommitmentAppliedCost"":52.43788800000000}]}",,,,,,,,"{""Environment"":""prod"",""CostCenter"":""cc-3110"",""Owner"":""team-data""}"
AWS,AWS,AWS,AWS,AWS,INV-2026-05-0002,100000000002,ExampleCorp Secondary Payer,Payer Account,200000000013,data-analytics,Linked Account,2026-05-01T00:00:00Z,2026-06-01T00:00:00Z,2026-05-12T00:00:00Z,2026-05-13T00:00:00Z,Usage,,NAT gateway data processed,Usage-Based,5.671998,5.671998,5.671998,5.671998,0.0450000000,0.0450000000,Standard,126.0444,GB,USD,0.0450000000,5.671998,0.0450000000,USD,126.0444,GB,AmazonVPC,Networking,Network Connectivity,SKU-3d9b08c72ec44814e0bd4e25,Data Transfer,SPRICE-5df2ff31768360bf23008ec4,"{""x_TransferType"":""InterAZ""}",arn:aws:ec2:eu-west-1:200000000013:natgateway/nat-25aa26fe618d,nat-25aa26fe618d,NAT Gateway,eu-west-1,EU (Ireland),,,,,,,,,,,,,,,,,"{""Environment"":""staging"",""CostCenter"":""cc-1042"",""Owner"":""team-data""}"
AWS,AWS,AWS,AWS,AWS,INV-2026-05-0002,100000000002,ExampleCorp Secondary Payer,Payer Account,200000000014,sandbox-dev,Linked Account,2026-05-01T00:00:00Z,2026-06-01T00:00:00Z,2026-05-13T00:00:00Z,2026-05-14T00:00:00Z,Usage,,Glue ETL job run,Usage-Based,23.880604,23.880604,23.880604,23.880604,0.4400000000,0.4400000000,Standard,54.2741,DPU-Hours,USD,0.4400000000,23.880604,0.4400000000,USD,54.2741,DPU-Hours,AWSGlue,Analytics,Data Processing,SKU-edd508eddef1abee51edfd3a,Data Processing,SPRICE-d9fcf83357f0862b561e6bf6,"{""x_WorkerType"":""G.1X""}",arn:aws:glue:us-east-1:200000000014:job/job-d751a24a2be5,job-d751a24a2be5,Glue Job,us-east-1,US East (N. Virginia),,,,,,,,,,,,,,,,,"{""Environment"":""dev"",""CostCenter"":""cc-2087"",""Owner"":""team-platform""}"
AWS,AWS,AWS,AWS,AWS,INV-2026-05-0001,100000000001,ExampleCorp Master Payer,Payer Account,200000000013,data-analytics,Linked Account,2026-05-01T00:00:00Z,2026-06-01T00:00:00Z,2026-05-03T12:00:00Z,2026-05-03T13:00:00Z,Tax,,Synthetic tax 10% on usage record 61: AmazonEC2,One-Time,0.0085152,0.0085152,0.0085152,0.0085152,,,,,,USD,,0.0085152,,USD,,,AmazonEC2,Compute,Virtual Machines,,,,,,,,,,,,,,,,,,,,,,,,,,"{""Environment"":""prod"",""CostCenter"":""cc-3110"",""Owner"":""team-platform""}"
AWS,AWS,AWS,AWS,AWS,INV-2026-05-0001,100000000001,ExampleCorp Master Payer,Payer Account,200000000014,sandbox-dev,Linked Account,2026-05-01T00:00:00Z,2026-06-01T00:00:00Z,2026-05-06T06:00:00Z,2026-05-06T07:00:00Z,Usage,,Shared EC2 host cost allocated to workload,Usage-Based,0.0318048,0.0318048,0.0318048,0.0318048,0.0960000000,0.0960000000,Standard,0.3313,Hours,USD,0.0960000000,0.0318048,0.0960000000,USD,0.3313,Hours,AmazonEC2,Compute,Virtual Machines,SKU-736a4dd80178572d8370293d,Compute,SPRICE-c862323f09b487c42efb1c6b,"{""InstanceType"":""m6i.large"",""InstanceSeries"":""M6i"",""CoreCount"":2,""MemorySize"":8,""OperatingSystem"":""Linux"",""x_Tenancy"":""Shared""}",arn:aws:ec2:us-east-1:200000000014:instance/shared-host-0fd4bd5b,shared-host-0fd4bd5b,EC2 Instance,us-east-1,US East (N. Virginia),us-east-1c,,,,,,,,,,,split-proportional,"{""Elements"":[{""AllocatedRatio"":1,""UsageUnit"":""Hours"",""UsageQuantity"":0.3313,""x_Strategy"":""Proportional"",""x_Basis"":""vCPUSeconds""}]}",arn:aws:eks:us-east-1:200000000014:workload/analytics-afa6ee,workload-analytics,"{""workload"":""analytics"",""CostCenter"":""cc-1042""}","{""Environment"":""dev"",""CostCenter"":""cc-1042"",""Owner"":""team-platform""}"
AWS,AWS,AWS,AWS,AWS,INV-2026-05-0002,100000000002,ExampleCorp Secondary Payer,Payer Account,200000000013,data-analytics,Linked Account,2026-05-01T00:00:00Z,2026-06-01T00:00:00Z,2026-05-06T07:00:00Z,2026-05-06T08:00:00Z,Usage,,Shared EC2 host cost allocated to workload,Usage-Based,0.0151008,0.0151008,0.0151008,0.0151008,0.0960000000,0.0960000000,Standard,0.1573,Hours,USD,0.0960000000,0.0151008,0.0960000000,USD,0.1573,Hours,AmazonEC2,Compute,Virtual Machines,SKU-ca9c2ba97f0b30fb137ef130,Compute,SPRICE-d7f4030fc2a8b65799f6b437,"{""InstanceType"":""m6i.large"",""InstanceSeries"":""M6i"",""CoreCount"":2,""MemorySize"":8,""OperatingSystem"":""Linux"",""x_Tenancy"":""Shared""}",arn:aws:ec2:eu-west-1:200000000013:instance/shared-host-8177079d,shared-host-8177079d,EC2 Instance,eu-west-1,EU (Ireland),eu-west-1b,,,,,,,,,,,split-weighted,"{""Elements"":[{""AllocatedRatio"":1,""UsageUnit"":""Hours"",""UsageQuantity"":0.1573,""x_Strategy"":""Weighted"",""x_Basis"":""MemoryBytes""}]}",arn:aws:eks:eu-west-1:200000000013:workload/analytics-0b9533,workload-analytics,"{""workload"":""analytics"",""CostCenter"":""cc-3110""}","{""Environment"":""prod"",""CostCenter"":""cc-2087"",""Owner"":""team-platform""}"
AWS,AWS,AWS,AWS,AWS,INV-2026-05-0001,100000000001,ExampleCorp Master Payer,Payer Account,200000000014,sandbox-dev,Linked Account,2026-05-01T00:00:00Z,2026-06-01T00:00:00Z,2026-05-06T08:00:00Z,2026-05-06T09:00:00Z,Usage,,Lambda function duration,Usage-Based,3.575234055,3.575234055,3.9724902282979,3.575234055,0.0000166667,0.0000150000,Standard,238348.9370,GB-Seconds,USD,0.0000150000,3.575234055,0.0000166667,USD,238348.9370,GB-Seconds,AWSLambda,Compute,Serverless Compute,SKU-67dc4ce0843e58b6125cbdce,Compute,SPRICE-227d5491bbfb36c4f69bea63,"{""x_Runtime"":""python3.12"",""x_Architecture"":""arm64""}",arn:aws:lambda:us-east-1:200000000014:function/fn-2359e94a8615,fn-2359e94a8615,Lambda Function,us-east-1,US East (N. Virginia),,,,,,,,,"{""Elements"":[{""ContractId"":""CONTRACT-EA-2026-0001"",""ContractCommitmentId"":""CC-EA-SPEND-0001"",""ContractCommitmentAppliedCost"":3.57523405500000}]}",,,,,,,,"{""Environment"":""prod"",""CostCenter"":""cc-3110"",""Owner"":""team-platform""}"
AWS,AWS,AWS,AWS,AWS,INV-2026-05-0002,100000000002,ExampleCorp Secondary Payer,Payer Account,200000000012,staging-platform,Linked Account,2026-05-01T00:00:00Z,2026-06-01T00:00:00Z,2026-05-06T09:00:00Z,2026-05-06T10:00:00Z,Usage,,Linux on-demand m6i.large,Usage-Based,0.096,0.096,0.096,0.096,0.0960000000,0.0960000000,Standard,1.0000,Hours,EUR,0.0883200000,0.08832,0.0883200000,USD,1.0000,Hours,AmazonEC2,Compute,Virtual Machines,SKU-093c0d7a3a0491f8523e34c8,Compute,SPRICE-899297d67f6c892f71467fa0,"{""InstanceType"":""m6i.large"",""InstanceSeries"":""M6i"",""CoreCount"":2,""MemorySize"":8,""OperatingSystem"":""Linux"",""x_Tenancy"":""Shared""}",arn:aws:ec2:ap-southeast-1:200000000012:instance/i-879a261a6130,i-879a261a6130,EC2 Instance,ap-southeast-1,Asia Pacific (Singapore),ap-southeast-1a,,,,,,,,,,,,,,,,"{""Environment"":""dev"",""CostCenter"":""cc-1042"",""Owner"":""team-data""}"
AWS,AWS,AWS,AWS,AWS,INV-2026-05-0001,100000000001,ExampleCorp Master Payer,Payer Account,200000000011,prod-platform,Linked Account,2026-05-01T00:00:00Z,2026-06-01T00:00:00Z,2026-05-06T10:00:00Z,2026-05-06T11:00:00Z,Usage,,Lambda function duration,Usage-Based,11.81300639596554,11.81300639596554,11.81300639596554,11.81300639596554,0.0000166667,0.0000166667,Standard,708778.9662,GB-Seconds,USD,0.0000166667,11.81300639596554,0.0000166667,USD,708778.9662,GB-Seconds,AWSLambda,Compute,Serverless Compute,SKU-67dc4ce0843e58b6125cbdce,Compute,SPRICE-227d5491bbfb36c4f69bea63,"{""x_Runtime"":""python3.12"",""x_Architecture"":""arm64""}",arn:aws:lambda:us-east-1:200000000011:function/fn-53da5293fed8,fn-53da5293fed8,Lambda Function,us-east-1,US East (N. Virginia),,,,,,,,,,,,,,,,,"{""Environment"":""prod"",""CostCenter"":""cc-2087"",""Owner"":""team-platform""}"
AWS,AWS,AWS,AWS,AWS,INV-2026-05-0002,100000000002,ExampleCorp Secondary Payer,Payer Account,200000000011,prod-platform,Linked Account,2026-05-01T00:00:00Z,2026-06-01T00:00:00Z,2026-05-06T11:00:00Z,2026-05-06T12:00:00Z,Usage,,Shared EC2 host cost allocated to workload,Usage-Based,0.0082656,0.0082656,0.0082656,0.0082656,0.0960000000,0.0960000000,Standard,0.0861,Hours,USD,0.0960000000,0.0082656,0.0960000000,USD,0.0861,Hours,AmazonEC2,Compute,Virtual Machines,SKU-e0e295f006e6a0732dd5f77b,Compute,SPRICE-98f5ebeb1125d6e984c27bb1,"{""InstanceType"":""m6i.large"",""InstanceSeries"":""M6i"",""CoreCount"":2,""MemorySize"":8,""OperatingSystem"":""Linux"",""x_Tenancy"":""Shared""}",arn:aws:ec2:us-west-2:200000000011:instance/shared-host-903663e0,shared-host-903663e0,EC2 Instance,us-west-2,US West (Oregon),us-west-2b,,,,,,,,,,,split-even,"{""Elements"":[{""AllocatedRatio"":1,""UsageUnit"":""Hours"",""UsageQuantity"":0.0861,""x_Strategy"":""Even"",""x_Basis"":""Workloads""}]}",arn:aws:eks:us-west-2:200000000011:workload/billing-b429f2,workload-billing,"{""workload"":""billing"",""CostCenter"":""cc-2087""}","{""Environment"":""dev"",""CostCenter"":""cc-2087"",""Owner"":""team-platform""}"
AWS,AWS,AWS,AWS,AWS,INV-2026-05-0002,100000000002,ExampleCorp Secondary Payer,Payer Account,200000000014,sandbox-dev,Linked Account,2026-05-01T00:00:00Z,2026-06-01T00:00:00Z,2026-05-06T12:00:00Z,2026-05-06T13:00:00Z,Usage,,RDS PostgreSQL db.r6g.large,Usage-Based,0.216,0.216,0.24,0.216,0.2400000000,0.2160000000,Standard,1.0000,Hours,USD,0.2160000000,0.216,0.2400000000,USD,1.0000,Hours,AmazonRDS,Databases,Relational Databases,SKU-d70ac0acbdfcb8de90bd881a,Database,SPRICE-526e7acd56433e6d3c551cac,"{""InstanceType"":""db.r6g.large"",""InstanceSeries"":""R6g"",""CoreCount"":2,""MemorySize"":16,""x_Engine"":""PostgreSQL""}",arn:aws:rds:us-west-2:200000000014:db/db-463a6f0d688c,db-463a6f0d688c,RDS Instance,us-west-2,US West (Oregon),,,,,,,,,"{""Elements"":[{""ContractId"":""CONTRACT-EA-2026-0001"",""ContractCommitmentId"":""CC-EA-SPEND-0001"",""ContractCommitmentAppliedCost"":0.21600000000000}]}",,,,,,,,"{""Environment"":""dev"",""CostCenter"":""cc-2087"",""Owner"":""team-payments""}"
AWS,AWS,AWS,AWS,AWS,INV-2026-05-0002,100000000002,ExampleCorp Secondary Payer,Payer Account,200000000013,data-analytics,Linked Account,2026-05-01T00:00:00Z,2026-06-01T00:00:00Z,2026-05-22T00:00:00Z,2026-05-23T00:00:00Z,Usage,,Glue ETL job run,Usage-Based,80.306864,80.306864,80.306864,80.306864,0.4400000000,0.4400000000,Standard,182.5156,DPU-Hours,USD,0.4400000000,80.306864,0.4400000000,USD,182.5156,DPU-Hours,AWSGlue,Analytics,Data Processing,SKU-8cd75c3064ca6c4c85c43ce6,Data Processing,SPRICE-31964d215aa8bccf440b844b,"{""x_WorkerType"":""G.1X""}",arn:aws:glue:eu-west-1:200000000013:job/job-d30e1f053407,job-d30e1f053407,Glue Job,eu-west-1,EU (Ireland),,,,,,,,,,,,,,,,,"{""Environment"":""dev"",""CostCenter"":""cc-2087"",""Owner"":""team-data""}"
AWS,AWS,AWS,AWS,AWS,INV-2026-05-0002,100000000002,ExampleCorp Secondary Payer,Payer Account,200000000014,sandbox-dev,Linked Account,2026-05-01T00:00:00Z,2026-06-01T00:00:00Z,2026-05-19T15:00:00Z,2026-05-19T16:00:00Z,Tax,,Synthetic tax 10% on usage record 448: AmazonEC2,One-Time,0.00284256,0.00284256,0.00284256,0.00284256,,,,,,USD,,0.00284256,,USD,,,AmazonEC2,Compute,Virtual Machines,,,,,,,,,,,,,,,,,,,,,,,,,,"{""Environment"":""staging"",""CostCenter"":""cc-2087"",""Owner"":""team-data""}"
AWS,AWS,AWS,AWS,AWS,INV-2026-05-0001,100000000001,ExampleCorp Master Payer,Payer Account,200000000011,prod-platform,Linked Account,2026-05-01T00:00:00Z,2026-06-01T00:00:00Z,2026-05-24T00:00:00Z,2026-05-25T00:00:00Z,Usage,,DynamoDB on-demand write requests,Usage-Based,2.207937889625,2.207937889625,2.207937889625,2.207937889625,0.0000012500,0.0000012500,Standard,1766350.3117,Requests,USD,0.0000012500,2.207937889625,0.0000012500,USD,1766350.3117,Requests,AmazonDynamoDB,Databases,NoSQL Databases,SKU-b60be50671e3ea779ca4990a,Database,SPRICE-01c9691ef6482a9102c7a4ff,"{""x_CapacityMode"":""On-Demand""}",arn:aws:dynamodb:us-east-1:200000000011:table/table-cc65b4f4aa65,table-cc65b4f4aa65,DynamoDB Table,us-east-1,US East (N. Virginia),,,,,,,,,,,,,,,,,"{""Environment"":""dev"",""CostCenter"":""cc-2087"",""Owner"":""team-data""}"
AWS,AWS,AWS,AWS,AWS,INV-2026-05-0002,100000000002,ExampleCorp Secondary Payer,Payer Account,200000000013,data-analytics,Linked Account,2026-05-01T00:00:00Z,2026-06-01T00:00:00Z,2026-05-06T16:00:00Z,2026-05-06T17:00:00Z,Usage,,Lambda function duration,Usage-Based,56.39473687091483,56.39473687091483,56.39473687091483,56.39473687091483,0.0000166667,0.0000166667,Standard,3383677.4449,GB-Seconds,USD,0.0000166667,56.39473687091483,0.0000166667,USD,3383677.4449,GB-Seconds,AWSLambda,Compute,Serverless Compute,SKU-790dfdd7277c16aec9cf7656,Compute,SPRICE-55fe45e894424abc4a1bb3fe,"{""x_Runtime"":""python3.12"",""x_Architecture"":""arm64""}",arn:aws:lambda:us-west-2:200000000013:function/fn-81216e9dfaf0,fn-81216e9dfaf0,Lambda Function,us-west-2,US West (Oregon),,,,,,,,,,,,,,,,,"{""Environment"":""prod"",""CostCenter"":""cc-3110"",""Owner"":""team-payments""}"
AWS,AWS,AWS,AWS,AWS,INV-2026-05-0002,100000000002,ExampleCorp Secondary Payer,Payer Account,200000000014,sandbox-dev,Linked Account,2026-05-01T00:00:00Z,2026-06-01T00:00:00Z,2026-05-06T17:00:00Z,2026-05-06T18:00:00Z,Usage,,RDS PostgreSQL db.r6g.large,Usage-Based,0.216,0.216,0.24,0.216,0.2400000000,0.2160000000,Standard,1.0000,Hours,USD,0.2160000000,0.216,0.2400000000,USD,1.0000,Hours,AmazonRDS,Databases,Relational Databases,SKU-89bc59af83de149a442b21d0,Database,SPRICE-887d5388c52a801df4d42ba1,"{""InstanceType"":""db.r6g.large"",""InstanceSeries"":""R6g"",""CoreCount"":2,""MemorySize"":16,""x_Engine"":""PostgreSQL""}",arn:aws:rds:us-east-1:200000000014:db/db-33f21efaafea,db-33f21efaafea,RDS Instance,us-east-1,US East (N. Virginia),,,,,,,,,"{""Elements"":[{""ContractId"":""CONTRACT-EA-2026-0001"",""ContractCommitmentId"":""CC-EA-SPEND-0001"",""ContractCommitmentAppliedCost"":0.21600000000000}]}",,,,,,,,"{""Environment"":""dev"",""CostCenter"":""cc-3110"",""Owner"":""team-platform""}"
AWS,AWS,AWS,AWS,AWS,INV-2026-05-0002,100000000002,ExampleCorp Secondary Payer,Payer Account,200000000011,prod-platform,Linked Account,2026-05-01T00:00:00Z,2026-06-01T00:00:00Z,2026-05-06T18:00:00Z,2026-05-06T19:00:00Z,Usage,,Linux on-demand m6i.large,Usage-Based,0.0864,0.0864,0.096,0.0864,0.0960000000,0.0864000000,Standard,1.0000,Hours,USD,0.0864000000,0.0864,0.0960000000,USD,1.0000,Hours,AmazonEC2,Compute,Virtual Machines,SKU-736a4dd80178572d8370293d,Compute,SPRICE-c862323f09b487c42efb1c6b,"{""InstanceType"":""m6i.large"",""InstanceSeries"":""M6i"",""CoreCount"":2,""MemorySize"":8,""OperatingSystem"":""Linux"",""x_Tenancy"":""Shared""}",arn:aws:ec2:us-east-1:200000000011:instance/i-0ea56558af58,i-0ea56558af58,EC2 Instance,us-east-1,US East (N. Virginia),us-east-1b,,,,,,,,"{""Elements"":[{""ContractId"":""CONTRACT-EA-2026-0001"",""ContractCommitmentId"":""CC-EA-COMPUTE-0003"",""ContractCommitmentAppliedCost"":0.08640000000000,""ContractCommitmentAppliedQuantity"":1.0000,""ContractCommitmentAppliedUnit"":""Hours""}]}",,,,,,,,"{""Environment"":""staging"",""CostCenter"":""cc-2087"",""Owner"":""team-data""}"
AWS,AWS,AWS,AWS,AWS,INV-2026-05-0002,100000000002,ExampleCorp Secondary Payer,Payer Account,200000000012,staging-platform,Linked Account,2026-05-01T00:00:00Z,2026-06-01T00:00:00Z,2026-05-16T00:00:00Z,2026-05-17T00:00:00Z,Tax,,Synthetic tax 10% on usage record 72: AWSGlue,One-Time,0.08412228,0.08412228,0.0934692,0.08412228,,,,,,USD,,0.08412228,,USD,,,AWSGlue,Analytics,Data Processing,,,,,,,,,,,,,,,,,,,,,,,,,,"{""Environment"":""staging"",""CostCenter"":""cc-2087"",""Owner"":""team-payments""}"
AWS,AWS,AWS,AWS,AWS,INV-2026-05-0001,100000000001,ExampleCorp Master Payer,Payer Account,200000000013,data-analytics,Linked Account,2026-05-01T00:00:00Z,2026-06-01T00:00:00Z,2026-05-01T00:00:00Z,2026-06-01T00:00:00Z,Usage,,S3 Standard storage,Usage-Based,149.3488095,149.3488095,149.3488095,149.3488095,0.0230000000,0.0230000000,Standard,6493.4265,GB-Months,USD,0.0230000000,149.3488095,0.0230000000,USD,6493.4265,GB-Months,AmazonS3,Storage,Object Storage,SKU-36fb3a972f2cdabe2e87e8f5,Storage,SPRICE-2e0d1e6fc7695c1a2fe50a1a,"{""StorageClass"":""Standard"",""Redundancy"":""Zonal""}",arn:aws:s3:us-west-2:200000000013:bucket/bucket-de3357a1dd24,bucket-de3357a1dd24,S3 Bucket,us-west-2,US West (Oregon),,,,,,,,,,,,,,,,,"{""Environment"":""staging"",""CostCenter"":""cc-1042"",""Owner"":""team-platform""}"
AWS,AWS,AWS,AWS,AWS,INV-2026-05-0001,100000000001,ExampleCorp Master Payer,Payer Account,200000000012,staging-platform,Linked Account,2026-05-01T00:00:00Z,2026-06-01T00:00:00Z,2026-05-02T00:00:00Z,2026-05-03T00:00:00Z,Usage,,Custom metrics,Usage-Based,6.259734,6.259734,6.95526,6.259734,0.3000000000,0.2700000000,Standard,23.1842,Metrics,USD,0.2700000000,6.259734,0.3000000000,USD,23.1842,Metrics,AmazonCloudWatch,Management and Governance,Observability,SKU-2491f45dad51aaef563400a5,Monitoring,SPRICE-5131bac450b55b26fd0cdc7e,"{""x_MetricType"":""Custom""}",arn:aws:cloudwatch:us-east-1:200000000012:metric/metric-535924ec51fb,metric-535924ec51fb,Metric,us-east-1,US East (N. Virginia),,,,,,,,,"{""Elements"":[{""ContractId"":""CONTRACT-EA-2026-0001"",""ContractCommitmentId"":""CC-EA-SPEND-0001"",""ContractCommitmentAppliedCost"":6.25973400000000}]}",,,,,,,,"{""Environment"":""staging"",""CostCenter"":""cc-3110"",""Owner"":""team-platform""}"
AWS,AWS,AWS,AWS,AWS,INV-2026-05-0001,100000000001,ExampleCorp Master Payer,Payer Account,200000000011,prod-platform,Linked Account,2026-05-01T00:00:00Z,2026-06-01T00:00:00Z,2026-05-03T00:00:00Z,2026-05-04T00:00:00Z,Usage,,Glue ETL job run,Usage-Based,60.3517068,60.3517068,67.057452,60.3517068,0.4400000000,0.3960000000,Standard,152.4033,DPU-Hours,USD,0.3960000000,60.3517068,0.4400000000,USD,152.4033,DPU-Hours,AWSGlue,Analytics,Data Processing,SKU-8cd75c3064ca6c4c85c43ce6,Data Processing,SPRICE-31964d215aa8bccf440b844b,"{""x_WorkerType"":""G.1X""}",arn:aws:glue:eu-west-1:200000000011:job/job-c5162f6a228f,job-c5162f6a228f,Glue Job,eu-west-1,EU (Ireland),,,,,,,,,"{""Elements"":[{""ContractId"":""CONTRACT-EA-2026-0001"",""ContractCommitmentId"":""CC-EA-SPEND-0001"",""ContractCommitmentAppliedCost"":60.35170680000000}]}",,,,,,,,"{""Environment"":""dev"",""CostCenter"":""cc-3110"",""Owner"":""team-payments""}"
AWS,AWS,AWS,AWS,AWS,INV-2026-05-0002,100000000002,ExampleCorp Secondary Payer,Payer Account,200000000014,sandbox-dev,Linked Account,2026-05-01T00:00:00Z,2026-06-01T00:00:00Z,2026-05-22T00:00:00Z,2026-05-23T00:00:00Z,Tax,,Synthetic tax 10% on usage record 386: AWSGlue,One-Time,0.1843424,0.1843424,0.1843424,0.1843424,,,,,,USD,,0.1843424,,USD,,,AWSGlue,Analytics,Data Processing,,,,,,,,,,,,,,,,,,,,,,,,,,"{""Environment"":""dev"",""CostCenter"":""cc-2087"",""Owner"":""team-payments""}"
AWS,AWS,AWS,AWS,AWS,INV-2026-05-0002,100000000002,ExampleCorp Secondary Payer,Payer Account,200000000013,data-analytics,Linked Account,2026-05-01T00:00:00Z,2026-06-01T00:00:00Z,2026-05-07T00:00:00Z,2026-05-07T01:00:00Z,Usage,,Shared EC2 host cost allocated to workload,Usage-Based,0.0479808,0.0479808,0.0479808,0.0479808,0.0960000000,0.0960000000,Standard,0.4998,Hours,USD,0.0960000000,0.0479808,0.0960000000,USD,0.4998,Hours,AmazonEC2,Compute,Virtual Machines,SKU-736a4dd80178572d8370293d,Compute,SPRICE-c862323f09b487c42efb1c6b,"{""InstanceType"":""m6i.large"",""InstanceSeries"":""M6i"",""CoreCount"":2,""MemorySize"":8,""OperatingSystem"":""Linux"",""x_Tenancy"":""Shared""}",arn:aws:ec2:us-east-1:200000000013:instance/shared-host-3d7d1fec,shared-host-3d7d1fec,EC2 Instance,us-east-1,US East (N. Virginia),us-east-1c,,,,,,,,,,,split-even,"{""Elements"":[{""AllocatedRatio"":1,""UsageUnit"":""Hours"",""UsageQuantity"":0.4998,""x_Strategy"":""Even"",""x_Basis"":""Workloads""}]}",arn:aws:eks:us-east-1:200000000013:workload/search-762be8,workload-search,"{""workload"":""search"",""CostCenter"":""cc-3110""}","{""Environment"":""prod"",""CostCenter"":""cc-1042"",""Owner"":""team-platform""}"
AWS,AWS,AWS,AWS,AWS,INV-2026-05-0002,100000000002,ExampleCorp Secondary Payer,Payer Account,200000000013,data-analytics,Linked Account,2026-05-01T00:00:00Z,2026-06-01T00:00:00Z,2026-05-24T11:00:00Z,2026-05-24T12:00:00Z,Tax,,Synthetic tax 10% on usage record 564: AmazonEC2,One-Time,0.00429696,0.00429696,0.00429696,0.00429696,,,,,,USD,,0.00429696,,USD,,,AmazonEC2,Compute,Virtual Machines,,,,,,,,,,,,,,,,,,,,,,,,,,"{""Environment"":""prod"",""CostCenter"":""cc-2087"",""Owner"":""team-platform""}"
AWS,AWS,AWS,AWS,AWS,INV-2026-05-0002,100000000002,ExampleCorp Secondary Payer,Payer Account,200000000013,data-analytics,Linked Account,2026-05-01T00:00:00Z,2026-06-01T00:00:00Z,2026-05-18T18:00:00Z,2026-05-18T19:00:00Z,Tax,,Synthetic tax 10% on usage record 427: AWSLambda,One-Time,3.26186393925,3.26186393925,3.624300514419865,3.26186393925,,,,,,EUR,,3.00091482411,,USD,,,AWSLambda,Compute,Serverless Compute,,,,,,,,,,,,,,,,,,,,,,,,,,"{""Environment"":""staging"",""CostCenter"":""cc-1042"",""Owner"":""team-payments""}"
AWS,AWS,AWS,AWS,AWS,INV-2026-05-0001,100000000001,ExampleCorp Master Payer,Payer Account,200000000011,prod-platform,Linked Account,2026-05-01T00:00:00Z,2026-06-01T00:00:00Z,2026-05-07T03:00:00Z,2026-05-07T04:00:00Z,Usage,,RDS PostgreSQL db.r6g.large,Usage-Based,0.24,0.24,0.24,0.24,0.2400000000,0.2400000000,Standard,1.0000,Hours,USD,0.2400000000,0.24,0.2400000000,USD,1.0000,Hours,AmazonRDS,Databases,Relational Databases,SKU-d70ac0acbdfcb8de90bd881a,Database,SPRICE-526e7acd56433e6d3c551cac,"{""InstanceType"":""db.r6g.large"",""InstanceSeries"":""R6g"",""CoreCount"":2,""MemorySize"":16,""x_Engine"":""PostgreSQL""}",arn:aws:rds:us-west-2:200000000011:db/db-6e3ce5dd721a,db-6e3ce5dd721a,RDS Instance,us-west-2,US West (Oregon),,,,,,,,,,,,,,,,,"{""Environment"":""staging"",""CostCenter"":""cc-2087"",""Owner"":""team-platform""}"
AWS,AWS,AWS,AWS,AWS,INV-2026-05-0001,100000000001,ExampleCorp Master Payer,Payer Account,200000000012,staging-platform,Linked Account,2026-05-01T00:00:00Z,2026-06-01T00:00:00Z,2026-05-01T00:00:00Z,2026-06-01T00:00:00Z,Usage,,S3 Standard storage,Usage-Based,167.0092284,167.0092284,167.0092284,167.0092284,0.0230000000,0.0230000000,Standard,7261.2708,GB-Months,USD,0.0230000000,167.0092284,0.0230000000,USD,7261.2708,GB-Months,AmazonS3,Storage,Object Storage,SKU-6042c508b21761919a0ed516,Storage,SPRICE-d35afe08308f10d3695aa71d,"{""StorageClass"":""Standard"",""Redundancy"":""Zonal""}",arn:aws:s3:eu-west-1:200000000012:bucket/bucket-791eefea338f,bucket-791eefea338f,S3 Bucket,eu-west-1,EU (Ireland),,,,,,,,,,,,,,,,,"{""Environment"":""staging"",""CostCenter"":""cc-1042"",""Owner"":""team-platform""}"
AWS,AWS,AWS,AWS,AWS,INV-2026-05-0002,100000000002,ExampleCorp Secondary Payer,Payer Account,200000000013,data-analytics,Linked Account,2026-05-01T00:00:00Z,2026-06-01T00:00:00Z,2026-05-10T00:00:00Z,2026-05-11T00:00:00Z,Usage,,NAT gateway data processed,Usage-Based,20.405961,20.405961,20.405961,20.405961,0.0450000000,0.0450000000,Standard,453.4658,GB,USD,0.0450000000,20.405961,0.0450000000,USD,453.4658,GB,AmazonVPC,Networking,Network Connectivity,SKU-3d9b08c72ec44814e0bd4e25,Data Transfer,SPRICE-5df2ff31768360bf23008ec4,"{""x_TransferType"":""InterAZ""}",arn:aws:ec2:eu-west-1:200000000013:natgateway/nat-6b3b91f83e7a,nat-6b3b91f83e7a,NAT Gateway,eu-west-1,EU (Ireland),,,,,,,,,,,,,,,,,"{""Environment"":""staging"",""CostCenter"":""cc-2087"",""Owner"":""team-platform""}"
AWS,AWS,AWS,AWS,AWS,INV-2026-05-0001,100000000001,ExampleCorp Master Payer,Payer Account,200000000014,sandbox-dev,Linked Account,2026-05-01T00:00:00Z,2026-06-01T00:00:00Z,2026-05-07T06:00:00Z,2026-05-07T07:00:00Z,Usage,,Lambda function duration,Usage-Based,73.9131142995,73.9131142995,82.12584680636511,73.9131142995,0.0000166667,0.0000150000,Standard,4927540.9533,GB-Seconds,USD,0.0000150000,73.9131142995,0.0000166667,USD,4927540.9533,GB-Seconds,AWSLambda,Compute,Serverless Compute,SKU-67dc4ce0843e58b6125cbdce,Compute,SPRICE-227d5491bbfb36c4f69bea63,"{""x_Runtime"":""python3.12"",""x_Architecture"":""arm64""}",arn:aws:lambda:us-east-1:200000000014:function/fn-5cea57487cab,fn-5cea57487cab,Lambda Function,us-east-1,US East (N. Virginia),,,,,,,,,"{""Elements"":[{""ContractId"":""CONTRACT-EA-2026-0001"",""ContractCommitmentId"":""CC-EA-SPEND-0001"",""ContractCommitmentAppliedCost"":73.91311429950000}]}",,,,,,,,"{""Environment"":""prod"",""CostCenter"":""cc-1042"",""Owner"":""team-data""}"
AWS,AWS,AWS,AWS,AWS,INV-2026-05-0001,100000000001,ExampleCorp Master Payer,Payer Account,200000000011,prod-platform,Linked Account,2026-05-01T00:00:00Z,2026-06-01T00:00:00Z,2026-05-12T00:00:00Z,2026-05-13T00:00:00Z,Usage,,Glue ETL job run,Usage-Based,2.733852,2.733852,2.733852,2.733852,0.4400000000,0.4400000000,Standard,6.2133,DPU-Hours,USD,0.4400000000,2.733852,0.4400000000,USD,6.2133,DPU-Hours,AWSGlue,Analytics,Data Processing,SKU-118148093a04e718819dbb3f,Data Processing,SPRICE-f140a6944df35cbb51f25679,"{""x_WorkerType"":""G.1X""}",arn:aws:glue:us-west-2:200000000011:job/job-d3d80739d248,job-d3d80739d248,Glue Job,us-west-2,US West (Oregon),,,,,,,,,,,,,,,,,"{""Environment"":""prod"",""CostCenter"":""cc-1042"",""Owner"":""team-payments""}"
AWS,AWS,AWS,AWS,AWS,INV-2026-05-0002,100000000002,ExampleCorp Secondary Payer,Payer Account,200000000011,prod-platform,Linked Account,2026-05-01T00:00:00Z,2026-06-01T00:00:00Z,2026-05-07T08:00:00Z,2026-05-07T09:00:00Z,Usage,,Shared EC2 host cost allocated to workload,Usage-Based,0.084096,0.084096,0.084096,0.084096,0.0960000000,0.0960000000,Standard,0.8760,Hours,USD,0.0960000000,0.084096,0.0960000000,USD,0.8760,Hours,AmazonEC2,Compute,Virtual Machines,SKU-ca9c2ba97f0b30fb137ef130,Compute,SPRICE-d7f4030fc2a8b65799f6b437,"{""InstanceType"":""m6i.large"",""InstanceSeries"":""M6i"",""CoreCount"":2,""MemorySize"":8,""OperatingSystem"":""Linux"",""x_Tenancy"":""Shared""}",arn:aws:ec2:eu-west-1:200000000011:instance/shared-host-8f97ef77,shared-host-8f97ef77,EC2 Instance,eu-west-1,EU (Ireland),eu-west-1b,,,,,,,,,,,split-even,"{""Elements"":[{""AllocatedRatio"":1,""UsageUnit"":""Hours"",""UsageQuantity"":0.8760,""x_Strategy"":""Even"",""x_Basis"":""Workloads""}]}",arn:aws:eks:eu-west-1:200000000011:workload/billing-132fb8,workload-billing,"{""workload"":""billing"",""CostCenter"":""cc-2087""}","{""Environment"":""prod"",""CostCenter"":""cc-2087"",""Owner"":""team-data""}"
AWS,AWS,AWS,AWS,AWS,INV-2026-05-0001,100000000001,ExampleCorp Master Payer,Payer Account,200000000011,prod-platform,Linked Account,2026-05-01T00:00:00Z,2026-06-01T00:00:00Z,2026-05-06T18:00:00Z,2026-05-06T19:00:00Z,Tax,,Synthetic tax 10% on usage record 139: AmazonRDS,One-Time,0.024,0.024,0.024,0.024,,,,,,USD,,0.024,,USD,,,AmazonRDS,Databases,Relational Databases,,,,,,,,,,,,,,,,,,,,,,,,,,"{""Environment"":""dev"",""CostCenter"":""cc-2087"",""Owner"":""team-payments""}"
AWS,AWS,AWS,AWS,AWS,INV-2026-05-0001,100000000001,ExampleCorp Master Payer,Payer Account,200000000014,sandbox-dev,Linked Account,2026-05-01T00:00:00Z,2026-06-01T00:00:00Z,2026-05-15T00:00:00Z,2026-05-16T00:00:00Z,Purchase,,AWSLambda subscription fee,Recurring,60.85,60.85,60.85,60.85,60.85,60.85,Standard,1,Units,USD,60.8500000000,60.85,60.8500000000,USD,,,AWSLambda,Compute,Serverless Compute,SKU-2360875cc50b8c5d1fd5e962,Subscription,SPRICE-81336f2f12c495791f48dea1,"{""x_ChargeType"": ""SubscriptionFee""}",arn:aws:lambda:us-east-1:200000000014:function/fn-bc75e9ba5890,fn-bc75e9ba5890,Lambda Function,us-east-1,US East (N. Virginia),,,,,,,,,,,,,,,,,"{""Environment"":""prod"",""CostCenter"":""cc-3110"",""Owner"":""team-payments""}"
AWS,AWS,AWS,AWS,AWS,INV-2026-05-0001,100000000001,ExampleCorp Master Payer,Payer Account,200000000013,data-analytics,Linked Account,2026-05-01T00:00:00Z,2026-06-01T00:00:00Z,2026-05-16T00:00:00Z,2026-05-17T00:00:00Z,Usage,,Custom metrics,Usage-Based,23.84346,23.84346,23.84346,23.84346,0.3000000000,0.3000000000,Standard,79.4782,Metrics,USD,0.3000000000,23.84346,0.3000000000,USD,79.4782,Metrics,AmazonCloudWatch,Management and Governance,Observability,SKU-2491f45dad51aaef563400a5,Monitoring,SPRICE-5131bac450b55b26fd0cdc7e,"{""x_MetricType"":""Custom""}",arn:aws:cloudwatch:us-east-1:200000000013:metric/metric-e1835441d1f4,metric-e1835441d1f4,Metric,us-east-1,US East (N. Virginia),,,,,,,,,,,,,,,,,"{""Environment"":""dev"",""CostCenter"":""cc-2087"",""Owner"":""team-data""}"
AWS,AWS,AWS,AWS,AWS,INV-2026-05-0001,100000000001,ExampleCorp Master Payer,Payer Account,200000000011,prod-platform,Linked Account,2026-05-01T00:00:00Z,2026-06-01T00:00:00Z,2026-05-17T00:00:00Z,2026-05-18T00:00:00Z,Usage,,Custom metrics,Usage-Based,33.17835,33.17835,33.17835,33.17835,0.3000000000,0.3000000000,Standard,110.5945,Metrics,USD,0.3000000000,33.17835,0.3000000000,USD,110.5945,Metrics,AmazonCloudWatch,Management and Governance,Observability,SKU-917addcfe26d359456f585f4,Monitoring,SPRICE-bfed9ccd55f51b42ca94dd2b,"{""x_MetricType"":""Custom""}",arn:aws:cloudwatch:eu-west-1:200000000011:metric/metric-21e64ce5a51b,metric-21e64ce5a51b,Metric,eu-west-1,EU (Ireland),,,,,,,,,,,,,,,,,"{""Environment"":""dev"",""CostCenter"":""cc-1042"",""Owner"":""team-payments""}"
AWS,AWS,AWS,AWS,AWS,INV-2026-05-0001,100000000001,ExampleCorp Master Payer,Payer Account,200000000013,data-analytics,Linked Account,2026-05-01T00:00:00Z,2026-06-01T00:00:00Z,2026-05-07T13:00:00Z,2026-05-07T14:00:00Z,Purchase,,"Reserved Instance commitment, amortised for the charge period",Recurring,32.016,0,32.016,32.016,0.0640320000,0.0640320000,Standard,500,Hours,USD,0.0640320000,0,0.0640320000,USD,,,AmazonEC2,Compute,Virtual Machines,SKU-b4b21963faec92bb7aa2fb9e,Commitment,SPRICE-e7c65befe9980278c6dd3c7c,"{""x_PurchaseTerm"":""1yr"",""x_PaymentOption"":""NoUpfront""}",arn:aws:ec2:us-east-1::reservation/73133c9be91984c3,reservation-f03cfa3e80db,Reserved Instance,us-east-1,US East (N. Virginia),,arn:aws:ec2:us-east-1::reservation/73133c9be91984c3,EC2ReservedInstance-1yr-NoUpfront,Usage,Reserved Instance,,500,Hours,,,,,,,,,"{""Environment"":""prod"",""CostCenter"":""cc-1042"",""Owner"":""team-data""}"
AWS,AWS,AWS,AWS,AWS,INV-2026-05-0001,100000000001,ExampleCorp Master Payer,Payer Account,200000000013,data-analytics,Linked Account,2026-05-01T00:00:00Z,2026-06-01T00:00:00Z,2026-05-07T13:00:00Z,2026-05-07T14:00:00Z,Usage,,AmazonEC2 committed usage of 500 machine-equivalents,Usage-Based,0,32.016,48,43.2,0.0960000000,0.0864000000,Committed,500,Hours,USD,0.0864000000,32.016,0.0960000000,USD,500,Hours,AmazonEC2,Compute,Virtual Machines,SKU-736a4dd80178572d8370293d,Compute,SPRICE-c862323f09b487c42efb1c6b,"{""InstanceType"":""m6i.large"",""InstanceSeries"":""M6i"",""CoreCount"":2,""MemorySize"":8,""OperatingSystem"":""Linux"",""x_Tenancy"":""Shared""}",urn:focus-sample:aws:us-east-1:200000000013:compute-fleet:fleet5dfc4f6b182c060e437d346f,fleet5dfc4f6b182c060e437d346f,Compute Fleet,us-east-1,US East (N. Virginia),us-east-1c,arn:aws:ec2:us-east-1::reservation/73133c9be91984c3,EC2ReservedInstance-1yr-NoUpfront,Usage,Reserved Instance,Used,500,Hours,"{""Elements"":[{""ContractId"":""CONTRACT-CD-0006"",""ContractCommitmentId"":""arn:aws:ec2:us-east-1::reservation/73133c9be91984c3"",""ContractCommitmentAppliedCost"":32.0160000000,""ContractCommitmentAppliedQuantity"":500,""ContractCommitmentAppliedUnit"":""Hours""}]}",,,,,,,,"{""Environment"":""staging"",""CostCenter"":""cc-2087"",""Owner"":""team-data"",""SyntheticFleetSize"":""500""}"
AWS,AWS,AWS,AWS,AWS,INV-2026-05-0001,100000000001,ExampleCorp Master Payer,Payer Account,200000000013,data-analytics,Linked Account,2026-05-01T00:00:00Z,2026-06-01T00:00:00Z,2026-05-07T14:00:00Z,2026-05-07T15:00:00Z,Purchase,,"Reserved Instance commitment, amortised for the charge period",Recurring,32.016,0,32.016,32.016,0.0640320000,0.0640320000,Standard,500,Hours,USD,0.0640320000,0,0.0640320000,USD,,,AmazonEC2,Compute,Virtual Machines,SKU-b4b21963faec92bb7aa2fb9e,Commitment,SPRICE-e7c65befe9980278c6dd3c7c,"{""x_PurchaseTerm"":""1yr"",""x_PaymentOption"":""NoUpfront""}",arn:aws:ec2:us-east-1::reservation/73133c9be91984c3,reservation-f03cfa3e80db,Reserved Instance,us-east-1,US East (N. Virginia),,arn:aws:ec2:us-east-1::reservation/73133c9be91984c3,EC2ReservedInstance-1yr-NoUpfront,Usage,Reserved Instance,,500,Hours,,,,,,,,,"{""Environment"":""dev"",""CostCenter"":""cc-3110"",""Owner"":""team-data""}"
AWS,AWS,AWS,AWS,AWS,INV-2026-05-0001,100000000001,ExampleCorp Master Payer,Payer Account,200000000013,data-analytics,Linked Account,2026-05-01T00:00:00Z,2026-06-01T00:00:00Z,2026-05-07T14:00:00Z,2026-05-07T15:00:00Z,Usage,,AmazonEC2 committed usage of 500 machine-equivalents,Usage-Based,0,32.016,48,43.2,0.0960000000,0.0864000000,Committed,500,Hours,USD,0.0864000000,32.016,0.0960000000,USD,500,Hours,AmazonEC2,Compute,Virtual Machines,SKU-736a4dd80178572d8370293d,Compute,SPRICE-c862323f09b487c42efb1c6b,"{""InstanceType"":""m6i.large"",""InstanceSeries"":""M6i"",""CoreCount"":2,""MemorySize"":8,""OperatingSystem"":""Linux"",""x_Tenancy"":""Shared""}",urn:focus-sample:aws:us-east-1:200000000013:compute-fleet:fleet5dfc4f6b182c060e437d346f,fleet5dfc4f6b182c060e437d346f,Compute Fleet,us-east-1,US East (N. Virginia),us-east-1c,arn:aws:ec2:us-east-1::reservation/73133c9be91984c3,EC2ReservedInstance-1yr-NoUpfront,Usage,Reserved Instance,Used,500,Hours,"{""Elements"":[{""ContractId"":""CONTRACT-CD-0006"",""ContractCommitmentId"":""arn:aws:ec2:us-east-1::reservation/73133c9be91984c3"",""ContractCommitmentAppliedCost"":32.0160000000,""ContractCommitmentAppliedQuantity"":500,""ContractCommitmentAppliedUnit"":""Hours""}]}",,,,,,,,"{""Environment"":""dev"",""CostCenter"":""cc-3110"",""Owner"":""team-payments"",""SyntheticFleetSize"":""500""}"
AWS,AWS,AWS,AWS,AWS,INV-2026-05-0001,100000000001,ExampleCorp Master Payer,Payer Account,200000000013,data-analytics,Linked Account,2026-05-01T00:00:00Z,2026-06-01T00:00:00Z,2026-05-07T15:00:00Z,2026-05-07T16:00:00Z,Purchase,,"Reserved Instance commitment, amortised for the charge period",Recurring,32.016,0,32.016,32.016,0.0640320000,0.0640320000,Standard,500,Hours,USD,0.0640320000,0,0.0640320000,USD,,,AmazonEC2,Compute,Virtual Machines,SKU-b4b21963faec92bb7aa2fb9e,Commitment,SPRICE-e7c65befe9980278c6dd3c7c,"{""x_PurchaseTerm"":""1yr"",""x_PaymentOption"":""NoUpfront""}",arn:aws:ec2:us-east-1::reservation/73133c9be91984c3,reservation-f03cfa3e80db,Reserved Instance,us-east-1,US East (N. Virginia),,arn:aws:ec2:us-east-1::reservation/73133c9be91984c3,EC2ReservedInstance-1yr-NoUpfront,Usage,Reserved Instance,,500,Hours,,,,,,,,,"{""Environment"":""prod"",""CostCenter"":""cc-3110"",""Owner"":""team-data""}"
AWS,AWS,AWS,AWS,AWS,INV-2026-05-0001,100000000001,ExampleCorp Master Payer,Payer Account,200000000013,data-analytics,Linked Account,2026-05-01T00:00:00Z,2026-06-01T00:00:00Z,2026-05-07T15:00:00Z,2026-05-07T16:00:00Z,Usage,,AmazonEC2 committed usage of 500 machine-equivalents,Usage-Based,0,32.016,48,43.2,0.0960000000,0.0864000000,Committed,500,Hours,USD,0.0864000000,32.016,0.0960000000,USD,500,Hours,AmazonEC2,Compute,Virtual Machines,SKU-736a4dd80178572d8370293d,Compute,SPRICE-c862323f09b487c42efb1c6b,"{""InstanceType"":""m6i.large"",""InstanceSeries"":""M6i"",""CoreCount"":2,""MemorySize"":8,""OperatingSystem"":""Linux"",""x_Tenancy"":""Shared""}",urn:focus-sample:aws:us-east-1:200000000013:compute-fleet:fleet5dfc4f6b182c060e437d346f,fleet5dfc4f6b182c060e437d346f,Compute Fleet,us-east-1,US East (N. Virginia),us-east-1c,arn:aws:ec2:us-east-1::reservation/73133c9be91984c3,EC2ReservedInstance-1yr-NoUpfront,Usage,Reserved Instance,Used,500,Hours,"{""Elements"":[{""ContractId"":""CONTRACT-CD-0006"",""ContractCommitmentId"":""arn:aws:ec2:us-east-1::reservation/73133c9be91984c3"",""ContractCommitmentAppliedCost"":32.0160000000,""ContractCommitmentAppliedQuantity"":500,""ContractCommitmentAppliedUnit"":""Hours""}]}",,,,,,,,"{""Environment"":""dev"",""CostCenter"":""cc-3110"",""Owner"":""team-data"",""SyntheticFleetSize"":""500""}"
AWS,AWS,AWS,AWS,AWS,INV-2026-05-0001,100000000001,ExampleCorp Master Payer,Payer Account,200000000013,data-analytics,Linked Account,2026-05-01T00:00:00Z,2026-06-01T00:00:00Z,2026-05-07T16:00:00Z,2026-05-07T17:00:00Z,Purchase,,"Reserved Instance commitment, amortised for the charge period",Recurring,32.016,0,32.016,32.016,0.0640320000,0.0640320000,Standard,500,Hours,USD,0.0640320000,0,0.0640320000,USD,,,AmazonEC2,Compute,Virtual Machines,SKU-b4b21963faec92bb7aa2fb9e,Commitment,SPRICE-e7c65befe9980278c6dd3c7c,"{""x_PurchaseTerm"":""1yr"",""x_PaymentOption"":""NoUpfront""}",arn:aws:ec2:us-east-1::reservation/73133c9be91984c3,reservation-f03cfa3e80db,Reserved Instance,us-east-1,US East (N. Virginia),,arn:aws:ec2:us-east-1::reservation/73133c9be91984c3,EC2ReservedInstance-1yr-NoUpfront,Usage,Reserved Instance,,500,Hours,,,,,,,,,"{""Environment"":""staging"",""CostCenter"":""cc-1042"",""Owner"":""team-platform""}"
AWS,AWS,AWS,AWS,AWS,INV-2026-05-0001,100000000001,ExampleCorp Master Payer,Payer Account,200000000013,data-analytics,Linked Account,2026-05-01T00:00:00Z,2026-06-01T00:00:00Z,2026-05-07T16:00:00Z,2026-05-07T17:00:00Z,Usage,,AmazonEC2 committed usage of 500 machine-equivalents,Usage-Based,0,32.016,48,43.2,0.0960000000,0.0864000000,Committed,500,Hours,USD,0.0864000000,32.016,0.0960000000,USD,500,Hours,AmazonEC2,Compute,Virtual Machines,SKU-736a4dd80178572d8370293d,Compute,SPRICE-c862323f09b487c42efb1c6b,"{""InstanceType"":""m6i.large"",""InstanceSeries"":""M6i"",""CoreCount"":2,""MemorySize"":8,""OperatingSystem"":""Linux"",""x_Tenancy"":""Shared""}",urn:focus-sample:aws:us-east-1:200000000013:compute-fleet:fleet5dfc4f6b182c060e437d346f,fleet5dfc4f6b182c060e437d346f,Compute Fleet,us-east-1,US East (N. Virginia),us-east-1c,arn:aws:ec2:us-east-1::reservation/73133c9be91984c3,EC2ReservedInstance-1yr-NoUpfront,Usage,Reserved Instance,Used,500,Hours,"{""Elements"":[{""ContractId"":""CONTRACT-CD-0006"",""ContractCommitmentId"":""arn:aws:ec2:us-east-1::reservation/73133c9be91984c3"",""ContractCommitmentAppliedCost"":32.0160000000,""ContractCommitmentAppliedQuantity"":500,""ContractCommitmentAppliedUnit"":""Hours""}]}",,,,,,,,"{""Environment"":""prod"",""CostCenter"":""cc-2087"",""Owner"":""team-payments"",""SyntheticFleetSize"":""500""}"
AWS,AWS,AWS,AWS,AWS,INV-2026-05-0001,100000000001,ExampleCorp Master Payer,Payer Account,200000000013,data-analytics,Linked Account,2026-05-01T00:00:00Z,2026-06-01T00:00:00Z,2026-05-07T17:00:00Z,2026-05-07T18:00:00Z,Purchase,,"Reserved Instance commitment, amortised for the charge period",Recurring,32.016,0,32.016,32.016,0.0640320000,0.0640320000,Standard,500,Hours,USD,0.0640320000,0,0.0640320000,USD,,,AmazonEC2,Compute,Virtual Machines,SKU-b4b21963faec92bb7aa2fb9e,Commitment,SPRICE-e7c65befe9980278c6dd3c7c,"{""x_PurchaseTerm"":""1yr"",""x_PaymentOption"":""NoUpfront""}",arn:aws:ec2:us-east-1::reservation/73133c9be91984c3,reservation-f03cfa3e80db,Reserved Instance,us-east-1,US East (N. Virginia),,arn:aws:ec2:us-east-1::reservation/73133c9be91984c3,EC2ReservedInstance-1yr-NoUpfront,Usage,Reserved Instance,,500,Hours,,,,,,,,,"{""Environment"":""staging"",""CostCenter"":""cc-2087"",""Owner"":""team-platform""}"
AWS,AWS,AWS,AWS,AWS,INV-2026-05-0001,100000000001,ExampleCorp Master Payer,Payer Account,200000000013,data-analytics,Linked Account,2026-05-01T00:00:00Z,2026-06-01T00:00:00Z,2026-05-07T17:00:00Z,2026-05-07T18:00:00Z,Usage,,AmazonEC2 committed usage of 500 machine-equivalents,Usage-Based,0,32.016,48,43.2,0.0960000000,0.0864000000,Committed,500,Hours,USD,0.0864000000,32.016,0.0960000000,USD,500,Hours,AmazonEC2,Compute,Virtual Machines,SKU-736a4dd80178572d8370293d,Compute,SPRICE-c862323f09b487c42efb1c6b,"{""InstanceType"":""m6i.large"",""InstanceSeries"":""M6i"",""CoreCount"":2,""MemorySize"":8,""OperatingSystem"":""Linux"",""x_Tenancy"":""Shared""}",urn:focus-sample:aws:us-east-1:200000000013:compute-fleet:fleet5dfc4f6b182c060e437d346f,fleet5dfc4f6b182c060e437d346f,Compute Fleet,us-east-1,US East (N. Virginia),us-east-1c,arn:aws:ec2:us-east-1::reservation/73133c9be91984c3,EC2ReservedInstance-1yr-NoUpfront,Usage,Reserved Instance,Used,500,Hours,"{""Elements"":[{""ContractId"":""CONTRACT-CD-0006"",""ContractCommitmentId"":""arn:aws:ec2:us-east-1::reservation/73133c9be91984c3"",""ContractCommitmentAppliedCost"":32.0160000000,""ContractCommitmentAppliedQuantity"":500,""ContractCommitmentAppliedUnit"":""Hours""}]}",,,,,,,,"{""Environment"":""prod"",""CostCenter"":""cc-2087"",""Owner"":""team-data"",""SyntheticFleetSize"":""500""}"
AWS,AWS,AWS,AWS,AWS,INV-2026-05-0001,100000000001,ExampleCorp Master Payer,Payer Account,200000000013,data-analytics,Linked Account,2026-05-01T00:00:00Z,2026-06-01T00:00:00Z,2026-05-07T18:00:00Z,2026-05-07T19:00:00Z,Purchase,,"Reserved Instance commitment, amortised for the charge period",Recurring,32.016,0,32.016,32.016,0.0640320000,0.0640320000,Standard,500,Hours,USD,0.0640320000,0,0.0640320000,USD,,,AmazonEC2,Compute,Virtual Machines,SKU-b4b21963faec92bb7aa2fb9e,Commitment,SPRICE-e7c65befe9980278c6dd3c7c,"{""x_PurchaseTerm"":""1yr"",""x_PaymentOption"":""NoUpfront""}",arn:aws:ec2:us-east-1::reservation/73133c9be91984c3,reservation-f03cfa3e80db,Reserved Instance,us-east-1,US East (N. Virginia),,arn:aws:ec2:us-east-1::reservation/73133c9be91984c3,EC2ReservedInstance-1yr-NoUpfront,Usage,Reserved Instance,,500,Hours,,,,,,,,,"{""Environment"":""staging"",""CostCenter"":""cc-1042"",""Owner"":""team-payments""}"
AWS,AWS,AWS,AWS,AWS,INV-2026-05-0001,100000000001,ExampleCorp Master Payer,Payer Account,200000000013,data-analytics,Linked Account,2026-05-01T00:00:00Z,2026-06-01T00:00:00Z,2026-05-07T18:00:00Z,2026-05-07T19:00:00Z,Usage,,AmazonEC2 committed usage of 500 machine-equivalents,Usage-Based,0,32.016,48,43.2,0.0960000000,0.0864000000,Committed,500,Hours,USD,0.0864000000,32.016,0.0960000000,USD,500,Hours,AmazonEC2,Compute,Virtual Machines,SKU-736a4dd80178572d8370293d,Compute,SPRICE-c862323f09b487c42efb1c6b,"{""InstanceType"":""m6i.large"",""InstanceSeries"":""M6i"",""CoreCount"":2,""MemorySize"":8,""OperatingSystem"":""Linux"",""x_Tenancy"":""Shared""}",urn:focus-sample:aws:us-east-1:200000000013:compute-fleet:fleet5dfc4f6b182c060e437d346f,fleet5dfc4f6b182c060e437d346f,Compute Fleet,us-east-1,US East (N. Virginia),us-east-1c,arn:aws:ec2:us-east-1::reservation/73133c9be91984c3,EC2ReservedInstance-1yr-NoUpfront,Usage,Reserved Instance,Used,500,Hours,"{""Elements"":[{""ContractId"":""CONTRACT-CD-0006"",""ContractCommitmentId"":""arn:aws:ec2:us-east-1::reservation/73133c9be91984c3"",""ContractCommitmentAppliedCost"":32.0160000000,""ContractCommitmentAppliedQuantity"":500,""ContractCommitmentAppliedUnit"":""Hours""}]}",,,,,,,,"{""Environment"":""dev"",""CostCenter"":""cc-2087"",""Owner"":""team-platform"",""SyntheticFleetSize"":""500""}"
AWS,AWS,AWS,AWS,AWS,INV-2026-05-0001,100000000001,ExampleCorp Master Payer,Payer Account,200000000013,data-analytics,Linked Account,2026-05-01T00:00:00Z,2026-06-01T00:00:00Z,2026-05-07T19:00:00Z,2026-05-07T20:00:00Z,Purchase,,"Reserved Instance commitment, amortised for the charge period",Recurring,32.016,0,32.016,32.016,0.0640320000,0.0640320000,Standard,500,Hours,USD,0.0640320000,0,0.0640320000,USD,,,AmazonEC2,Compute,Virtual Machines,SKU-b4b21963faec92bb7aa2fb9e,Commitment,SPRICE-e7c65befe9980278c6dd3c7c,"{""x_PurchaseTerm"":""1yr"",""x_PaymentOption"":""NoUpfront""}",arn:aws:ec2:us-east-1::reservation/73133c9be91984c3,reservation-f03cfa3e80db,Reserved Instance,us-east-1,US East (N. Virginia),,arn:aws:ec2:us-east-1::reservation/73133c9be91984c3,EC2ReservedInstance-1yr-NoUpfront,Usage,Reserved Instance,,500,Hours,,,,,,,,,"{""Environment"":""prod"",""CostCenter"":""cc-2087"",""Owner"":""team-data""}"
AWS,AWS,AWS,AWS,AWS,INV-2026-05-0001,100000000001,ExampleCorp Master Payer,Payer Account,200000000013,data-analytics,Linked Account,2026-05-01T00:00:00Z,2026-06-01T00:00:00Z,2026-05-07T19:00:00Z,2026-05-07T20:00:00Z,Usage,,AmazonEC2 committed usage of 500 machine-equivalents,Usage-Based,0,32.016,48,43.2,0.0960000000,0.0864000000,Committed,500,Hours,USD,0.0864000000,32.016,0.0960000000,USD,500,Hours,AmazonEC2,Compute,Virtual Machines,SKU-736a4dd80178572d8370293d,Compute,SPRICE-c862323f09b487c42efb1c6b,"{""InstanceType"":""m6i.large"",""InstanceSeries"":""M6i"",""CoreCount"":2,""MemorySize"":8,""OperatingSystem"":""Linux"",""x_Tenancy"":""Shared""}",urn:focus-sample:aws:us-east-1:200000000013:compute-fleet:fleet5dfc4f6b182c060e437d346f,fleet5dfc4f6b182c060e437d346f,Compute Fleet,us-east-1,US East (N. Virginia),us-east-1c,arn:aws:ec2:us-east-1::reservation/73133c9be91984c3,EC2ReservedInstance-1yr-NoUpfront,Usage,Reserved Instance,Used,500,Hours,"{""Elements"":[{""ContractId"":""CONTRACT-CD-0006"",""ContractCommitmentId"":""arn:aws:ec2:us-east-1::reservation/73133c9be91984c3"",""ContractCommitmentAppliedCost"":32.0160000000,""ContractCommitmentAppliedQuantity"":500,""ContractCommitmentAppliedUnit"":""Hours""}]}",,,,,,,,"{""Environment"":""dev"",""CostCenter"":""cc-1042"",""Owner"":""team-data"",""SyntheticFleetSize"":""500""}"
AWS,AWS,AWS,AWS,AWS,INV-2026-05-0001,100000000001,ExampleCorp Master Payer,Payer Account,200000000013,data-analytics,Linked Account,2026-05-01T00:00:00Z,2026-06-01T00:00:00Z,2026-05-07T20:00:00Z,2026-05-07T21:00:00Z,Purchase,,"Reserved Instance commitment, amortised for the charge period",Recurring,32.016,0,32.016,32.016,0.0640320000,0.0640320000,Standard,500,Hours,USD,0.0640320000,0,0.0640320000,USD,,,AmazonEC2,Compute,Virtual Machines,SKU-b4b21963faec92bb7aa2fb9e,Commitment,SPRICE-e7c65befe9980278c6dd3c7c,"{""x_PurchaseTerm"":""1yr"",""x_PaymentOption"":""NoUpfront""}",arn:aws:ec2:us-east-1::reservation/73133c9be91984c3,reservation-f03cfa3e80db,Reserved Instance,us-east-1,US East (N. Virginia),,arn:aws:ec2:us-east-1::reservation/73133c9be91984c3,EC2ReservedInstance-1yr-NoUpfront,Usage,Reserved Instance,,500,Hours,,,,,,,,,"{""Environment"":""prod"",""CostCenter"":""cc-1042"",""Owner"":""team-platform""}"
AWS,AWS,AWS,AWS,AWS,INV-2026-05-0001,100000000001,ExampleCorp Master Payer,Payer Account,200000000013,data-analytics,Linked Account,2026-05-01T00:00:00Z,2026-06-01T00:00:00Z,2026-05-07T20:00:00Z,2026-05-07T21:00:00Z,Usage,,AmazonEC2 committed usage of 500 machine-equivalents,Usage-Based,0,32.016,48,43.2,0.0960000000,0.0864000000,Committed,500,Hours,USD,0.0864000000,32.016,0.0960000000,USD,500,Hours,AmazonEC2,Compute,Virtual Machines,SKU-736a4dd80178572d8370293d,Compute,SPRICE-c862323f09b487c42efb1c6b,"{""InstanceType"":""m6i.large"",""InstanceSeries"":""M6i"",""CoreCount"":2,""MemorySize"":8,""OperatingSystem"":""Linux"",""x_Tenancy"":""Shared""}",urn:focus-sample:aws:us-east-1:200000000013:compute-fleet:fleet5dfc4f6b182c060e437d346f,fleet5dfc4f6b182c060e437d346f,Compute Fleet,us-east-1,US East (N. Virginia),us-east-1c,arn:aws:ec2:us-east-1::reservation/73133c9be91984c3,EC2ReservedInstance-1yr-NoUpfront,Usage,Reserved Instance,Used,500,Hours,"{""Elements"":[{""ContractId"":""CONTRACT-CD-0006"",""ContractCommitmentId"":""arn:aws:ec2:us-east-1::reservation/73133c9be91984c3"",""ContractCommitmentAppliedCost"":32.0160000000,""ContractCommitmentAppliedQuantity"":500,""ContractCommitmentAppliedUnit"":""Hours""}]}",,,,,,,,"{""Environment"":""prod"",""CostCenter"":""cc-2087"",""Owner"":""team-payments"",""SyntheticFleetSize"":""500""}"
AWS,AWS,AWS,AWS,AWS,INV-2026-05-0001,100000000001,ExampleCorp Master Payer,Payer Account,200000000013,data-analytics,Linked Account,2026-05-01T00:00:00Z,2026-06-01T00:00:00Z,2026-05-07T21:00:00Z,2026-05-07T22:00:00Z,Purchase,,"Reserved Instance commitment, amortised for the charge period",Recurring,32.016,0,32.016,32.016,0.0640320000,0.0640320000,Standard,500,Hours,USD,0.0640320000,0,0.0640320000,USD,,,AmazonEC2,Compute,Virtual Machines,SKU-b4b21963faec92bb7aa2fb9e,Commitment,SPRICE-e7c65befe9980278c6dd3c7c,"{""x_PurchaseTerm"":""1yr"",""x_PaymentOption"":""NoUpfront""}",arn:aws:ec2:us-east-1::reservation/73133c9be91984c3,reservation-f03cfa3e80db,Reserved Instance,us-east-1,US East (N. Virginia),,arn:aws:ec2:us-east-1::reservation/73133c9be91984c3,EC2ReservedInstance-1yr-NoUpfront,Usage,Reserved Instance,,500,Hours,,,,,,,,,"{""Environment"":""prod"",""CostCenter"":""cc-1042"",""Owner"":""team-payments""}"
AWS,AWS,AWS,AWS,AWS,INV-2026-05-0001,100000000001,ExampleCorp Master Payer,Payer Account,200000000013,data-analytics,Linked Account,2026-05-01T00:00:00Z,2026-06-01T00:00:00Z,2026-05-07T21:00:00Z,2026-05-07T22:00:00Z,Usage,,AmazonEC2 committed usage of 500 machine-equivalents,Usage-Based,0,32.016,48,43.2,0.0960000000,0.0864000000,Committed,500,Hours,USD,0.0864000000,32.016,0.0960000000,USD,500,Hours,AmazonEC2,Compute,Virtual Machines,SKU-736a4dd80178572d8370293d,Compute,SPRICE-c862323f09b487c42efb1c6b,"{""InstanceType"":""m6i.large"",""InstanceSeries"":""M6i"",""CoreCount"":2,""MemorySize"":8,""OperatingSystem"":""Linux"",""x_Tenancy"":""Shared""}",urn:focus-sample:aws:us-east-1:200000000013:compute-fleet:fleet5dfc4f6b182c060e437d346f,fleet5dfc4f6b182c060e437d346f,Compute Fleet,us-east-1,US East (N. Virginia),us-east-1c,arn:aws:ec2:us-east-1::reservation/73133c9be91984c3,EC2ReservedInstance-1yr-NoUpfront,Usage,Reserved Instance,Used,500,Hours,"{""Elements"":[{""ContractId"":""CONTRACT-CD-0006"",""ContractCommitmentId"":""arn:aws:ec2:us-east-1::reservation/73133c9be91984c3"",""ContractCommitmentAppliedCost"":32.0160000000,""ContractCommitmentAppliedQuantity"":500,""ContractCommitmentAppliedUnit"":""Hours""}]}",,,,,,,,"{""Environment"":""dev"",""CostCenter"":""cc-1042"",""Owner"":""team-data"",""SyntheticFleetSize"":""500""}"
AWS,AWS,AWS,AWS,AWS,INV-2026-05-0001,100000000001,ExampleCorp Master Payer,Payer Account,200000000013,data-analytics,Linked Account,2026-05-01T00:00:00Z,2026-06-01T00:00:00Z,2026-05-07T22:00:00Z,2026-05-07T23:00:00Z,Purchase,,"Reserved Instance commitment, amortised for the charge period",Recurring,32.016,0,32.016,32.016,0.0640320000,0.0640320000,Standard,500,Hours,USD,0.0640320000,0,0.0640320000,USD,,,AmazonEC2,Compute,Virtual Machines,SKU-b4b21963faec92bb7aa2fb9e,Commitment,SPRICE-e7c65befe9980278c6dd3c7c,"{""x_PurchaseTerm"":""1yr"",""x_PaymentOption"":""NoUpfront""}",arn:aws:ec2:us-east-1::reservation/73133c9be91984c3,reservation-f03cfa3e80db,Reserved Instance,us-east-1,US East (N. Virginia),,arn:aws:ec2:us-east-1::reservation/73133c9be91984c3,EC2ReservedInstance-1yr-NoUpfront,Usage,Reserved Instance,,500,Hours,,,,,,,,,"{""Environment"":""staging"",""CostCenter"":""cc-3110"",""Owner"":""team-data""}"
AWS,AWS,AWS,AWS,AWS,INV-2026-05-0001,100000000001,ExampleCorp Master Payer,Payer Account,200000000013,data-analytics,Linked Account,2026-05-01T00:00:00Z,2026-06-01T00:00:00Z,2026-05-07T22:00:00Z,2026-05-07T23:00:00Z,Usage,,Reserved Instance unused commitment,Usage-Based,0,32.016,32.016,32.016,0.0640320000,0.0640320000,Committed,500,Hours,USD,0.0640320000,32.016,0.0640320000,USD,,,AmazonEC2,Compute,Virtual Machines,SKU-b4b21963faec92bb7aa2fb9e,Commitment,SPRICE-e7c65befe9980278c6dd3c7c,"{""x_PurchaseTerm"":""1yr"",""x_PaymentOption"":""NoUpfront""}",arn:aws:ec2:us-east-1::reservation/73133c9be91984c3,reservation-f03cfa3e80db,Reserved Instance,us-east-1,US East (N. Virginia),,arn:aws:ec2:us-east-1::reservation/73133c9be91984c3,EC2ReservedInstance-1yr-NoUpfront,Usage,Reserved Instance,Unused,500,Hours,"{""Elements"":[{""ContractId"":""CONTRACT-CD-0006"",""ContractCommitmentId"":""arn:aws:ec2:us-east-1::reservation/73133c9be91984c3"",""ContractCommitmentAppliedCost"":32.0160000000,""ContractCommitmentAppliedQuantity"":500,""ContractCommitmentAppliedUnit"":""Hours""}]}",,,,,,,,"{""Environment"":""staging"",""CostCenter"":""cc-2087"",""Owner"":""team-payments""}"
AWS,AWS,AWS,AWS,AWS,INV-2026-05-0001,100000000001,ExampleCorp Master Payer,Payer Account,200000000013,data-analytics,Linked Account,2026-05-01T00:00:00Z,2026-06-01T00:00:00Z,2026-05-07T23:00:00Z,2026-05-08T00:00:00Z,Purchase,,"Reserved Instance commitment, amortised for the charge period",Recurring,32.016,0,32.016,32.016,0.0640320000,0.0640320000,Standard,500,Hours,USD,0.0640320000,0,0.0640320000,USD,,,AmazonEC2,Compute,Virtual Machines,SKU-b4b21963faec92bb7aa2fb9e,Commitment,SPRICE-e7c65befe9980278c6dd3c7c,"{""x_PurchaseTerm"":""1yr"",""x_PaymentOption"":""NoUpfront""}",arn:aws:ec2:us-east-1::reservation/73133c9be91984c3,reservation-f03cfa3e80db,Reserved Instance,us-east-1,US East (N. Virginia),,arn:aws:ec2:us-east-1::reservation/73133c9be91984c3,EC2ReservedInstance-1yr-NoUpfront,Usage,Reserved Instance,,500,Hours,,,,,,,,,"{""Environment"":""prod"",""CostCenter"":""cc-1042"",""Owner"":""team-payments""}"
AWS,AWS,AWS,AWS,AWS,INV-2026-05-0001,100000000001,ExampleCorp Master Payer,Payer Account,200000000013,data-analytics,Linked Account,2026-05-01T00:00:00Z,2026-06-01T00:00:00Z,2026-05-07T23:00:00Z,2026-05-08T00:00:00Z,Usage,,Reserved Instance unused commitment,Usage-Based,0,32.016,32.016,32.016,0.0640320000,0.0640320000,Committed,500,Hours,USD,0.0640320000,32.016,0.0640320000,USD,,,AmazonEC2,Compute,Virtual Machines,SKU-b4b21963faec92bb7aa2fb9e,Commitment,SPRICE-e7c65befe9980278c6dd3c7c,"{""x_PurchaseTerm"":""1yr"",""x_PaymentOption"":""NoUpfront""}",arn:aws:ec2:us-east-1::reservation/73133c9be91984c3,reservation-f03cfa3e80db,Reserved Instance,us-east-1,US East (N. Virginia),,arn:aws:ec2:us-east-1::reservation/73133c9be91984c3,EC2ReservedInstance-1yr-NoUpfront,Usage,Reserved Instance,Unused,500,Hours,"{""Elements"":[{""ContractId"":""CONTRACT-CD-0006"",""ContractCommitmentId"":""arn:aws:ec2:us-east-1::reservation/73133c9be91984c3"",""ContractCommitmentAppliedCost"":32.0160000000,""ContractCommitmentAppliedQuantity"":500,""ContractCommitmentAppliedUnit"":""Hours""}]}",,,,,,,,"{""Environment"":""dev"",""CostCenter"":""cc-1042"",""Owner"":""team-data""}"
AWS,AWS,AWS,AWS,AWS,INV-2026-05-0001,100000000001,ExampleCorp Master Payer,Payer Account,200000000013,data-analytics,Linked Account,2026-05-01T00:00:00Z,2026-06-01T00:00:00Z,2026-05-08T00:00:00Z,2026-05-08T01:00:00Z,Purchase,,"Reserved Instance commitment, amortised for the charge period",Recurring,32.016,0,32.016,32.016,0.0640320000,0.0640320000,Standard,500,Hours,USD,0.0640320000,0,0.0640320000,USD,,,AmazonEC2,Compute,Virtual Machines,SKU-b4b21963faec92bb7aa2fb9e,Commitment,SPRICE-e7c65befe9980278c6dd3c7c,"{""x_PurchaseTerm"":""1yr"",""x_PaymentOption"":""NoUpfront""}",arn:aws:ec2:us-east-1::reservation/73133c9be91984c3,reservation-f03cfa3e80db,Reserved Instance,us-east-1,US East (N. Virginia),,arn:aws:ec2:us-east-1::reservation/73133c9be91984c3,EC2ReservedInstance-1yr-NoUpfront,Usage,Reserved Instance,,500,Hours,,,,,,,,,"{""Environment"":""staging"",""CostCenter"":""cc-3110"",""Owner"":""team-payments""}"
AWS,AWS,AWS,AWS,AWS,INV-2026-05-0001,100000000001,ExampleCorp Master Payer,Payer Account,200000000013,data-analytics,Linked Account,2026-05-01T00:00:00Z,2026-06-01T00:00:00Z,2026-05-08T00:00:00Z,2026-05-08T01:00:00Z,Usage,,Reserved Instance unused commitment,Usage-Based,0,32.016,32.016,32.016,0.0640320000,0.0640320000,Committed,500,Hours,USD,0.0640320000,32.016,0.0640320000,USD,,,AmazonEC2,Compute,Virtual Machines,SKU-b4b21963faec92bb7aa2fb9e,Commitment,SPRICE-e7c65befe9980278c6dd3c7c,"{""x_PurchaseTerm"":""1yr"",""x_PaymentOption"":""NoUpfront""}",arn:aws:ec2:us-east-1::reservation/73133c9be91984c3,reservation-f03cfa3e80db,Reserved Instance,us-east-1,US East (N. Virginia),,arn:aws:ec2:us-east-1::reservation/73133c9be91984c3,EC2ReservedInstance-1yr-NoUpfront,Usage,Reserved Instance,Unused,500,Hours,"{""Elements"":[{""ContractId"":""CONTRACT-CD-0006"",""ContractCommitmentId"":""arn:aws:ec2:us-east-1::reservation/73133c9be91984c3"",""ContractCommitmentAppliedCost"":32.0160000000,""ContractCommitmentAppliedQuantity"":500,""ContractCommitmentAppliedUnit"":""Hours""}]}",,,,,,,,"{""Environment"":""staging"",""CostCenter"":""cc-1042"",""Owner"":""team-platform""}"
AWS,AWS,AWS,AWS,AWS,INV-2026-05-0002,100000000002,ExampleCorp Secondary Payer,Payer Account,200000000011,prod-platform,Linked Account,2026-05-01T00:00:00Z,2026-06-01T00:00:00Z,2026-05-14T00:00:00Z,2026-05-15T00:00:00Z,Usage,,DynamoDB on-demand write requests,Usage-Based,5.38510644025,5.38510644025,5.38510644025,5.38510644025,0.0000012500,0.0000012500,Standard,4308085.1522,Requests,USD,0.0000012500,5.38510644025,0.0000012500,USD,4308085.1522,Requests,AmazonDynamoDB,Databases,NoSQL Databases,SKU-fc4e454b36112dd390bf69e4,Database,SPRICE-6e7ea642b1065af97aedd9bf,"{""x_CapacityMode"":""On-Demand""}",arn:aws:dynamodb:eu-west-1:200000000011:table/table-34461e247ff2,table-34461e247ff2,DynamoDB Table,eu-west-1,EU (Ireland),,,,,,,,,,,,,,,,,"{""Environment"":""dev"",""CostCenter"":""cc-1042"",""Owner"":""team-payments""}"
AWS,AWS,AWS,AWS,AWS,INV-2026-05-0001,100000000001,ExampleCorp Master Payer,Payer Account,200000000012,staging-platform,Linked Account,2026-05-01T00:00:00Z,2026-06-01T00:00:00Z,2026-05-08T14:00:00Z,2026-05-08T15:00:00Z,Usage,,Lambda function duration,Usage-Based,72.11601583674321,72.11601583674321,72.11601583674321,72.11601583674321,0.0000166667,0.0000166667,Standard,4326952.2963,GB-Seconds,USD,0.0000166667,72.11601583674321,0.0000166667,USD,4326952.2963,GB-Seconds,AWSLambda,Compute,Serverless Compute,SKU-67dc4ce0843e58b6125cbdce,Compute,SPRICE-227d5491bbfb36c4f69bea63,"{""x_Runtime"":""python3.12"",""x_Architecture"":""arm64""}",arn:aws:lambda:us-east-1:200000000012:function/fn-68f7064704b2,fn-68f7064704b2,Lambda Function,us-east-1,US East (N. Virginia),,,,,,,,,,,,,,,,,"{""Environment"":""prod"",""CostCenter"":""cc-2087"",""Owner"":""team-platform""}"
AWS,AWS,AWS,AWS,AWS,INV-2026-05-0001,100000000001,ExampleCorp Master Payer,Payer Account,200000000012,staging-platform,Linked Account,2026-05-01T00:00:00Z,2026-06-01T00:00:00Z,2026-05-08T15:00:00Z,2026-05-08T16:00:00Z,Usage,,Lambda function duration,Usage-Based,73.2851945625,73.2851945625,81.42815681432125,73.2851945625,0.0000166667,0.0000150000,Standard,4885679.6375,GB-Seconds,USD,0.0000150000,73.2851945625,0.0000166667,USD,4885679.6375,GB-Seconds,AWSLambda,Compute,Serverless Compute,SKU-7828f3c3be040bf04a99c13a,Compute,SPRICE-f43f05862dbfbeb78999da05,"{""x_Runtime"":""python3.12"",""x_Architecture"":""arm64""}",arn:aws:lambda:eu-west-1:200000000012:function/fn-1180b17e7f25,fn-1180b17e7f25,Lambda Function,eu-west-1,EU (Ireland),,,,,,,,,"{""Elements"":[{""ContractId"":""CONTRACT-EA-2026-0001"",""ContractCommitmentId"":""CC-EA-SPEND-0001"",""ContractCommitmentAppliedCost"":73.28519456250000}]}",,,,,,,,"{""Environment"":""staging"",""CostCenter"":""cc-3110"",""Owner"":""team-platform""}"
AWS,AWS,AWS,AWS,AWS,INV-2026-05-0002,100000000002,ExampleCorp Secondary Payer,Payer Account,200000000011,prod-platform,Linked Account,2026-05-01T00:00:00Z,2026-06-01T00:00:00Z,2026-05-17T00:00:00Z,2026-05-18T00:00:00Z,Usage,,DynamoDB on-demand write requests,Usage-Based,1.50288692085,1.50288692085,1.6698743565,1.50288692085,0.0000012500,0.0000011250,Standard,1335899.4852,Requests,USD,0.0000011250,1.50288692085,0.0000012500,USD,1335899.4852,Requests,AmazonDynamoDB,Databases,NoSQL Databases,SKU-687affd9645b52f0bac81a2c,Database,SPRICE-716c8854825bf7430db8e755,"{""x_CapacityMode"":""On-Demand""}",arn:aws:dynamodb:us-west-2:200000000011:table/table-2dfd9875646a,table-2dfd9875646a,DynamoDB Table,us-west-2,US West (Oregon),,,,,,,,,"{""Elements"":[{""ContractId"":""CONTRACT-EA-2026-0001"",""ContractCommitmentId"":""CC-EA-SPEND-0001"",""ContractCommitmentAppliedCost"":1.50288692085000}]}",,,,,,,,"{""Environment"":""staging"",""CostCenter"":""cc-3110"",""Owner"":""team-data""}"
AWS,AWS,AWS,AWS,AWS,INV-2026-05-0001,100000000001,ExampleCorp Master Payer,Payer Account,200000000013,data-analytics,Linked Account,2026-05-01T00:00:00Z,2026-06-01T00:00:00Z,2026-05-18T00:00:00Z,2026-05-19T00:00:00Z,Purchase,,AmazonCloudWatch subscription fee,Recurring,774.14,774.14,774.14,774.14,774.14,774.14,Standard,1,Units,USD,774.1400000000,774.14,774.1400000000,USD,,,AmazonCloudWatch,Management and Governance,Observability,SKU-d3a03fc094c02e1638375535,Subscription,SPRICE-8e50bea3338e03c01c3b32c9,"{""x_ChargeType"": ""SubscriptionFee""}",arn:aws:cloudwatch:ap-southeast-1:200000000013:metric/metric-37c6a90b25bc,metric-37c6a90b25bc,Metric,ap-southeast-1,Asia Pacific (Singapore),,,,,,,,,,,,,,,,,"{""Environment"":""staging"",""CostCenter"":""cc-2087"",""Owner"":""team-data""}"
AWS,AWS,AWS,AWS,AWS,INV-2026-05-0002,100000000002,ExampleCorp Secondary Payer,Payer Account,200000000011,prod-platform,Linked Account,2026-05-01T00:00:00Z,2026-06-01T00:00:00Z,2026-05-19T00:00:00Z,2026-05-20T00:00:00Z,Purchase,,AmazonDynamoDB subscription fee,Recurring,520.6,520.6,520.6,520.6,520.6,520.6,Standard,1,Units,USD,520.6000000000,520.6,520.6000000000,USD,,,AmazonDynamoDB,Databases,NoSQL Databases,SKU-7222f0769801e0522b7f83ba,Subscription,SPRICE-b92994c84f19c3bf79d5d324,"{""x_ChargeType"": ""SubscriptionFee""}",arn:aws:dynamodb:us-west-2:200000000011:table/table-588ec3159c96,table-588ec3159c96,DynamoDB Table,us-west-2,US West (Oregon),,,,,,,,,,,,,,,,,"{""Environment"":""dev"",""CostCenter"":""cc-1042"",""Owner"":""team-platform""}"
AWS,AWS,AWS,AWS,AWS,INV-2026-05-0002,100000000002,ExampleCorp Secondary Payer,Payer Account,200000000014,sandbox-dev,Linked Account,2026-05-01T00:00:00Z,2026-06-01T00:00:00Z,2026-05-20T00:00:00Z,2026-05-21T00:00:00Z,Usage,,Glue ETL job run,Usage-Based,37.5735096,37.5735096,41.748344,37.5735096,0.4400000000,0.3960000000,Standard,94.8826,DPU-Hours,USD,0.3960000000,37.5735096,0.4400000000,USD,94.8826,DPU-Hours,AWSGlue,Analytics,Data Processing,SKU-8cd75c3064ca6c4c85c43ce6,Data Processing,SPRICE-31964d215aa8bccf440b844b,"{""x_WorkerType"":""G.1X""}",arn:aws:glue:eu-west-1:200000000014:job/job-b5c7919dd405,job-b5c7919dd405,Glue Job,eu-west-1,EU (Ireland),,,,,,,,,"{""Elements"":[{""ContractId"":""CONTRACT-EA-2026-0001"",""ContractCommitmentId"":""CC-EA-SPEND-0001"",""ContractCommitmentAppliedCost"":37.57350960000000}]}",,,,,,,,"{""Environment"":""prod"",""CostCenter"":""cc-3110"",""Owner"":""team-payments""}"
AWS,AWS,AWS,AWS,AWS,INV-2026-05-0001,100000000001,ExampleCorp Master Payer,Payer Account,200000000014,sandbox-dev,Linked Account,2026-05-01T00:00:00Z,2026-06-01T00:00:00Z,2026-05-21T00:00:00Z,2026-05-22T00:00:00Z,Purchase,,AmazonVPC subscription fee,Recurring,559.17,559.17,559.17,559.17,559.17,559.17,Standard,1,Units,USD,559.1700000000,559.17,559.1700000000,USD,,,AmazonVPC,Networking,Network Connectivity,SKU-ffbbf90bbd22cc9e4defe22c,Subscription,SPRICE-c75d774dc0cda2284dbcd79b,"{""x_ChargeType"": ""SubscriptionFee""}",arn:aws:ec2:us-east-1:200000000014:natgateway/nat-33d508cad9cf,nat-33d508cad9cf,NAT Gateway,us-east-1,US East (N. Virginia),,,,,,,,,,,,,,,,,"{""Environment"":""prod"",""CostCenter"":""cc-3110"",""Owner"":""team-data""}"
AWS,AWS,AWS,AWS,AWS,INV-2026-05-0001,100000000001,ExampleCorp Master Payer,Payer Account,200000000011,prod-platform,Linked Account,2026-05-01T00:00:00Z,2026-06-01T00:00:00Z,2026-05-08T21:00:00Z,2026-05-08T22:00:00Z,Usage,,Linux on-demand m6i.large,Usage-Based,0.096,0.096,0.096,0.096,0.0960000000,0.0960000000,Standard,1.0000,Hours,USD,0.0960000000,0.096,0.0960000000,USD,1.0000,Hours,AmazonEC2,Compute,Virtual Machines,SKU-093c0d7a3a0491f8523e34c8,Compute,SPRICE-bab283475cbbabd222878e74,"{""InstanceType"":""m6i.large"",""InstanceSeries"":""M6i"",""CoreCount"":2,""MemorySize"":8,""OperatingSystem"":""Linux"",""x_Tenancy"":""Shared""}",arn:aws:ec2:ap-southeast-1:200000000011:instance/i-14f6fc3ada91,i-14f6fc3ada91,EC2 Instance,ap-southeast-1,Asia Pacific (Singapore),ap-southeast-1b,,,,,,,,,,,,,,,,"{""Environment"":""dev"",""CostCenter"":""cc-3110"",""Owner"":""team-data""}"
AWS,AWS,AWS,AWS,AWS,INV-2026-05-0002,100000000002,ExampleCorp Secondary Payer,Payer Account,200000000012,staging-platform,Linked Account,2026-05-01T00:00:00Z,2026-06-01T00:00:00Z,2026-05-01T00:00:00Z,2026-06-01T00:00:00Z,Usage,,S3 Standard storage,Usage-Based,21.2570462,21.2570462,21.2570462,21.2570462,0.0230000000,0.0230000000,Standard,924.2194,GB-Months,USD,0.0230000000,21.2570462,0.0230000000,USD,924.2194,GB-Months,AmazonS3,Storage,Object Storage,SKU-6042c508b21761919a0ed516,Storage,SPRICE-d35afe08308f10d3695aa71d,"{""StorageClass"":""Standard"",""Redundancy"":""Zonal""}",arn:aws:s3:eu-west-1:200000000012:bucket/bucket-b4395708bbef,bucket-b4395708bbef,S3 Bucket,eu-west-1,EU (Ireland),,,,,,,,,,,,,,,,,"{""Environment"":""staging"",""CostCenter"":""cc-1042"",""Owner"":""team-platform""}"
AWS,AWS,AWS,AWS,AWS,INV-2026-05-0001,100000000001,ExampleCorp Master Payer,Payer Account,200000000014,sandbox-dev,Linked Account,2026-05-01T00:00:00Z,2026-06-01T00:00:00Z,2026-05-24T00:00:00Z,2026-05-25T00:00:00Z,Usage,,DynamoDB on-demand write requests,Usage-Based,5.49441440425,5.49441440425,5.49441440425,5.49441440425,0.0000012500,0.0000012500,Standard,4395531.5234,Requests,USD,0.0000012500,5.49441440425,0.0000012500,USD,4395531.5234,Requests,AmazonDynamoDB,Databases,NoSQL Databases,SKU-b60be50671e3ea779ca4990a,Database,SPRICE-01c9691ef6482a9102c7a4ff,"{""x_CapacityMode"":""On-Demand""}",arn:aws:dynamodb:us-east-1:200000000014:table/table-3588878c1e84,table-3588878c1e84,DynamoDB Table,us-east-1,US East (N. Virginia),,,,,,,,,,,,,,,,,"{""Environment"":""dev"",""CostCenter"":""cc-2087"",""Owner"":""team-payments""}"
AWS,AWS,AWS,AWS,AWS,INV-2026-05-0002,100000000002,ExampleCorp Secondary Payer,Payer Account,200000000014,sandbox-dev,Linked Account,2026-05-01T00:00:00Z,2026-06-01T00:00:00Z,2026-05-09T00:00:00Z,2026-05-09T01:00:00Z,Purchase,,"Savings Plan commitment, amortised for the charge period",Recurring,32.016,0,32.016,32.016,1,1,Standard,32.016,USD,USD,1.0000000000,0,1.0000000000,USD,,,AmazonEC2,Compute,Virtual Machines,SKU-53792a378695e386e0280d5c,Commitment,SPRICE-56a7b3778b922200186036dc,"{""x_PurchaseTerm"":""1yr"",""x_PaymentOption"":""NoUpfront""}",arn:aws:savingsplans:eu-west-1::savingsplan/1088e10a6f88571c,savingsplan-f766617b057e,Savings Plan,eu-west-1,EU (Ireland),,arn:aws:savingsplans:eu-west-1::savingsplan/1088e10a6f88571c,ComputeSavingsPlan-1yr-NoUpfront,Spend,Savings Plan,,32.016,USD,,,,,,,,,"{""Environment"":""staging"",""CostCenter"":""cc-3110"",""Owner"":""team-platform""}"
AWS,AWS,AWS,AWS,AWS,INV-2026-05-0002,100000000002,ExampleCorp Secondary Payer,Payer Account,200000000014,sandbox-dev,Linked Account,2026-05-01T00:00:00Z,2026-06-01T00:00:00Z,2026-05-09T00:00:00Z,2026-05-09T01:00:00Z,Usage,,AmazonEC2 committed usage of 500 machine-equivalents,Usage-Based,0,32.016,48,43.2,0.0960000000,0.0864000000,Committed,500,Hours,USD,0.0864000000,32.016,0.0960000000,USD,500,Hours,AmazonEC2,Compute,Virtual Machines,SKU-ca9c2ba97f0b30fb137ef130,Compute,SPRICE-d7f4030fc2a8b65799f6b437,"{""InstanceType"":""m6i.large"",""InstanceSeries"":""M6i"",""CoreCount"":2,""MemorySize"":8,""OperatingSystem"":""Linux"",""x_Tenancy"":""Shared""}",urn:focus-sample:aws:eu-west-1:200000000014:compute-fleet:fleet89c849a974d27724a8aed7cc,fleet89c849a974d27724a8aed7cc,Compute Fleet,eu-west-1,EU (Ireland),eu-west-1a,arn:aws:savingsplans:eu-west-1::savingsplan/1088e10a6f88571c,ComputeSavingsPlan-1yr-NoUpfront,Spend,Savings Plan,Used,32.016,USD,"{""Elements"":[{""ContractId"":""CONTRACT-CD-0006"",""ContractCommitmentId"":""arn:aws:savingsplans:eu-west-1::savingsplan/1088e10a6f88571c"",""ContractCommitmentAppliedCost"":32.0160000000}]}",,,,,,,,"{""Environment"":""prod"",""CostCenter"":""cc-1042"",""Owner"":""team-platform"",""SyntheticFleetSize"":""500""}"
AWS,AWS,AWS,AWS,AWS,INV-2026-05-0002,100000000002,ExampleCorp Secondary Payer,Payer Account,200000000014,sandbox-dev,Linked Account,2026-05-01T00:00:00Z,2026-06-01T00:00:00Z,2026-05-09T01:00:00Z,2026-05-09T02:00:00Z,Purchase,,"Savings Plan commitment, amortised for the charge period",Recurring,32.016,0,32.016,32.016,1,1,Standard,32.016,USD,USD,1.0000000000,0,1.0000000000,USD,,,AmazonEC2,Compute,Virtual Machines,SKU-53792a378695e386e0280d5c,Commitment,SPRICE-56a7b3778b922200186036dc,"{""x_PurchaseTerm"":""1yr"",""x_PaymentOption"":""NoUpfront""}",arn:aws:savingsplans:eu-west-1::savingsplan/1088e10a6f88571c,savingsplan-f766617b057e,Savings Plan,eu-west-1,EU (Ireland),,arn:aws:savingsplans:eu-west-1::savingsplan/1088e10a6f88571c,ComputeSavingsPlan-1yr-NoUpfront,Spend,Savings Plan,,32.016,USD,,,,,,,,,"{""Environment"":""prod"",""CostCenter"":""cc-3110"",""Owner"":""team-data""}"
AWS,AWS,AWS,AWS,AWS,INV-2026-05-0002,100000000002,ExampleCorp Secondary Payer,Payer Account,200000000014,sandbox-dev,Linked Account,2026-05-01T00:00:00Z,2026-06-01T00:00:00Z,2026-05-09T01:00:00Z,2026-05-09T02:00:00Z,Usage,,AmazonEC2 committed usage of 500 machine-equivalents,Usage-Based,0,32.016,48,43.2,0.0960000000,0.0864000000,Committed,500,Hours,USD,0.0864000000,32.016,0.0960000000,USD,500,Hours,AmazonEC2,Compute,Virtual Machines,SKU-ca9c2ba97f0b30fb137ef130,Compute,SPRICE-d7f4030fc2a8b65799f6b437,"{""InstanceType"":""m6i.large"",""InstanceSeries"":""M6i"",""CoreCount"":2,""MemorySize"":8,""OperatingSystem"":""Linux"",""x_Tenancy"":""Shared""}",urn:focus-sample:aws:eu-west-1:200000000014:compute-fleet:fleet89c849a974d27724a8aed7cc,fleet89c849a974d27724a8aed7cc,Compute Fleet,eu-west-1,EU (Ireland),eu-west-1a,arn:aws:savingsplans:eu-west-1::savingsplan/1088e10a6f88571c,ComputeSavingsPlan-1yr-NoUpfront,Spend,Savings Plan,Used,32.016,USD,"{""Elements"":[{""ContractId"":""CONTRACT-CD-0006"",""ContractCommitmentId"":""arn:aws:savingsplans:eu-west-1::savingsplan/1088e10a6f88571c"",""ContractCommitmentAppliedCost"":32.0160000000}]}",,,,,,,,"{""Environment"":""dev"",""CostCenter"":""cc-2087"",""Owner"":""team-data"",""SyntheticFleetSize"":""500""}"
AWS,AWS,AWS,AWS,AWS,INV-2026-05-0002,100000000002,ExampleCorp Secondary Payer,Payer Account,200000000014,sandbox-dev,Linked Account,2026-05-01T00:00:00Z,2026-06-01T00:00:00Z,2026-05-09T02:00:00Z,2026-05-09T03:00:00Z,Purchase,,"Savings Plan commitment, amortised for the charge period",Recurring,32.016,0,32.016,32.016,1,1,Standard,32.016,USD,USD,1.0000000000,0,1.0000000000,USD,,,AmazonEC2,Compute,Virtual Machines,SKU-53792a378695e386e0280d5c,Commitment,SPRICE-56a7b3778b922200186036dc,"{""x_PurchaseTerm"":""1yr"",""x_PaymentOption"":""NoUpfront""}",arn:aws:savingsplans:eu-west-1::savingsplan/1088e10a6f88571c,savingsplan-f766617b057e,Savings Plan,eu-west-1,EU (Ireland),,arn:aws:savingsplans:eu-west-1::savingsplan/1088e10a6f88571c,ComputeSavingsPlan-1yr-NoUpfront,Spend,Savings Plan,,32.016,USD,,,,,,,,,"{""Environment"":""staging"",""CostCenter"":""cc-1042"",""Owner"":""team-payments""}"
AWS,AWS,AWS,AWS,AWS,INV-2026-05-0002,100000000002,ExampleCorp Secondary Payer,Payer Account,200000000014,sandbox-dev,Linked Account,2026-05-01T00:00:00Z,2026-06-01T00:00:00Z,2026-05-09T02:00:00Z,2026-05-09T03:00:00Z,Usage,,AmazonEC2 committed usage of 500 machine-equivalents,Usage-Based,0,32.016,48,43.2,0.0960000000,0.0864000000,Committed,500,Hours,USD,0.0864000000,32.016,0.0960000000,USD,500,Hours,AmazonEC2,Compute,Virtual Machines,SKU-ca9c2ba97f0b30fb137ef130,Compute,SPRICE-d7f4030fc2a8b65799f6b437,"{""InstanceType"":""m6i.large"",""InstanceSeries"":""M6i"",""CoreCount"":2,""MemorySize"":8,""OperatingSystem"":""Linux"",""x_Tenancy"":""Shared""}",urn:focus-sample:aws:eu-west-1:200000000014:compute-fleet:fleet89c849a974d27724a8aed7cc,fleet89c849a974d27724a8aed7cc,Compute Fleet,eu-west-1,EU (Ireland),eu-west-1a,arn:aws:savingsplans:eu-west-1::savingsplan/1088e10a6f88571c,ComputeSavingsPlan-1yr-NoUpfront,Spend,Savings Plan,Used,32.016,USD,"{""Elements"":[{""ContractId"":""CONTRACT-CD-0006"",""ContractCommitmentId"":""arn:aws:savingsplans:eu-west-1::savingsplan/1088e10a6f88571c"",""ContractCommitmentAppliedCost"":32.0160000000}]}",,,,,,,,"{""Environment"":""staging"",""CostCenter"":""cc-1042"",""Owner"":""team-payments"",""SyntheticFleetSize"":""500""}"
AWS,AWS,AWS,AWS,AWS,INV-2026-05-0002,100000000002,ExampleCorp Secondary Payer,Payer Account,200000000014,sandbox-dev,Linked Account,2026-05-01T00:00:00Z,2026-06-01T00:00:00Z,2026-05-09T03:00:00Z,2026-05-09T04:00:00Z,Purchase,,"Savings Plan commitment, amortised for the charge period",Recurring,32.016,0,32.016,32.016,1,1,Standard,32.016,USD,USD,1.0000000000,0,1.0000000000,USD,,,AmazonEC2,Compute,Virtual Machines,SKU-53792a378695e386e0280d5c,Commitment,SPRICE-56a7b3778b922200186036dc,"{""x_PurchaseTerm"":""1yr"",""x_PaymentOption"":""NoUpfront""}",arn:aws:savingsplans:eu-west-1::savingsplan/1088e10a6f88571c,savingsplan-f766617b057e,Savings Plan,eu-west-1,EU (Ireland),,arn:aws:savingsplans:eu-west-1::savingsplan/1088e10a6f88571c,ComputeSavingsPlan-1yr-NoUpfront,Spend,Savings Plan,,32.016,USD,,,,,,,,,"{""Environment"":""prod"",""CostCenter"":""cc-3110"",""Owner"":""team-payments""}"
AWS,AWS,AWS,AWS,AWS,INV-2026-05-0002,100000000002,ExampleCorp Secondary Payer,Payer Account,200000000014,sandbox-dev,Linked Account,2026-05-01T00:00:00Z,2026-06-01T00:00:00Z,2026-05-09T03:00:00Z,2026-05-09T04:00:00Z,Usage,,AmazonEC2 committed usage of 500 machine-equivalents,Usage-Based,0,32.016,48,43.2,0.0960000000,0.0864000000,Committed,500,Hours,USD,0.0864000000,32.016,0.0960000000,USD,500,Hours,AmazonEC2,Compute,Virtual Machines,SKU-ca9c2ba97f0b30fb137ef130,Compute,SPRICE-d7f4030fc2a8b65799f6b437,"{""InstanceType"":""m6i.large"",""InstanceSeries"":""M6i"",""CoreCount"":2,""MemorySize"":8,""OperatingSystem"":""Linux"",""x_Tenancy"":""Shared""}",urn:focus-sample:aws:eu-west-1:200000000014:compute-fleet:fleet89c849a974d27724a8aed7cc,fleet89c849a974d27724a8aed7cc,Compute Fleet,eu-west-1,EU (Ireland),eu-west-1a,arn:aws:savingsplans:eu-west-1::savingsplan/1088e10a6f88571c,ComputeSavingsPlan-1yr-NoUpfront,Spend,Savings Plan,Used,32.016,USD,"{""Elements"":[{""ContractId"":""CONTRACT-CD-0006"",""ContractCommitmentId"":""arn:aws:savingsplans:eu-west-1::savingsplan/1088e10a6f88571c"",""ContractCommitmentAppliedCost"":32.0160000000}]}",,,,,,,,"{""Environment"":""dev"",""CostCenter"":""cc-3110"",""Owner"":""team-platform"",""SyntheticFleetSize"":""500""}"
AWS,AWS,AWS,AWS,AWS,INV-2026-05-0002,100000000002,ExampleCorp Secondary Payer,Payer Account,200000000014,sandbox-dev,Linked Account,2026-05-01T00:00:00Z,2026-06-01T00:00:00Z,2026-05-09T04:00:00Z,2026-05-09T05:00:00Z,Purchase,,"Savings Plan commitment, amortised for the charge period",Recurring,32.016,0,32.016,32.016,1,1,Standard,32.016,USD,USD,1.0000000000,0,1.0000000000,USD,,,AmazonEC2,Compute,Virtual Machines,SKU-53792a378695e386e0280d5c,Commitment,SPRICE-56a7b3778b922200186036dc,"{""x_PurchaseTerm"":""1yr"",""x_PaymentOption"":""NoUpfront""}",arn:aws:savingsplans:eu-west-1::savingsplan/1088e10a6f88571c,savingsplan-f766617b057e,Savings Plan,eu-west-1,EU (Ireland),,arn:aws:savingsplans:eu-west-1::savingsplan/1088e10a6f88571c,ComputeSavingsPlan-1yr-NoUpfront,Spend,Savings Plan,,32.016,USD,,,,,,,,,"{""Environment"":""dev"",""CostCenter"":""cc-2087"",""Owner"":""team-platform""}"
AWS,AWS,AWS,AWS,AWS,INV-2026-05-0002,100000000002,ExampleCorp Secondary Payer,Payer Account,200000000014,sandbox-dev,Linked Account,2026-05-01T00:00:00Z,2026-06-01T00:00:00Z,2026-05-09T04:00:00Z,2026-05-09T05:00:00Z,Usage,,AmazonEC2 committed usage of 500 machine-equivalents,Usage-Based,0,32.016,48,43.2,0.0960000000,0.0864000000,Committed,500,Hours,USD,0.0864000000,32.016,0.0960000000,USD,500,Hours,AmazonEC2,Compute,Virtual Machines,SKU-ca9c2ba97f0b30fb137ef130,Compute,SPRICE-d7f4030fc2a8b65799f6b437,"{""InstanceType"":""m6i.large"",""InstanceSeries"":""M6i"",""CoreCount"":2,""MemorySize"":8,""OperatingSystem"":""Linux"",""x_Tenancy"":""Shared""}",urn:focus-sample:aws:eu-west-1:200000000014:compute-fleet:fleet89c849a974d27724a8aed7cc,fleet89c849a974d27724a8aed7cc,Compute Fleet,eu-west-1,EU (Ireland),eu-west-1a,arn:aws:savingsplans:eu-west-1::savingsplan/1088e10a6f88571c,ComputeSavingsPlan-1yr-NoUpfront,Spend,Savings Plan,Used,32.016,USD,"{""Elements"":[{""ContractId"":""CONTRACT-CD-0006"",""ContractCommitmentId"":""arn:aws:savingsplans:eu-west-1::savingsplan/1088e10a6f88571c"",""ContractCommitmentAppliedCost"":32.0160000000}]}",,,,,,,,"{""Environment"":""staging"",""CostCenter"":""cc-2087"",""Owner"":""team-data"",""SyntheticFleetSize"":""500""}"
AWS,AWS,AWS,AWS,AWS,INV-2026-05-0002,100000000002,ExampleCorp Secondary Payer,Payer Account,200000000014,sandbox-dev,Linked Account,2026-05-01T00:00:00Z,2026-06-01T00:00:00Z,2026-05-09T05:00:00Z,2026-05-09T06:00:00Z,Purchase,,"Savings Plan commitment, amortised for the charge period",Recurring,32.016,0,32.016,32.016,1,1,Standard,32.016,USD,USD,1.0000000000,0,1.0000000000,USD,,,AmazonEC2,Compute,Virtual Machines,SKU-53792a378695e386e0280d5c,Commitment,SPRICE-56a7b3778b922200186036dc,"{""x_PurchaseTerm"":""1yr"",""x_PaymentOption"":""NoUpfront""}",arn:aws:savingsplans:eu-west-1::savingsplan/1088e10a6f88571c,savingsplan-f766617b057e,Savings Plan,eu-west-1,EU (Ireland),,arn:aws:savingsplans:eu-west-1::savingsplan/1088e10a6f88571c,ComputeSavingsPlan-1yr-NoUpfront,Spend,Savings Plan,,32.016,USD,,,,,,,,,"{""Environment"":""prod"",""CostCenter"":""cc-3110"",""Owner"":""team-data""}"
AWS,AWS,AWS,AWS,AWS,INV-2026-05-0002,100000000002,ExampleCorp Secondary Payer,Payer Account,200000000014,sandbox-dev,Linked Account,2026-05-01T00:00:00Z,2026-06-01T00:00:00Z,2026-05-09T05:00:00Z,2026-05-09T06:00:00Z,Usage,,AmazonEC2 committed usage of 500 machine-equivalents,Usage-Based,0,32.016,48,43.2,0.0960000000,0.0864000000,Committed,500,Hours,USD,0.0864000000,32.016,0.0960000000,USD,500,Hours,AmazonEC2,Compute,Virtual Machines,SKU-ca9c2ba97f0b30fb137ef130,Compute,SPRICE-d7f4030fc2a8b65799f6b437,"{""InstanceType"":""m6i.large"",""InstanceSeries"":""M6i"",""CoreCount"":2,""MemorySize"":8,""OperatingSystem"":""Linux"",""x_Tenancy"":""Shared""}",urn:focus-sample:aws:eu-west-1:200000000014:compute-fleet:fleet89c849a974d27724a8aed7cc,fleet89c849a974d27724a8aed7cc,Compute Fleet,eu-west-1,EU (Ireland),eu-west-1a,arn:aws:savingsplans:eu-west-1::savingsplan/1088e10a6f88571c,ComputeSavingsPlan-1yr-NoUpfront,Spend,Savings Plan,Used,32.016,USD,"{""Elements"":[{""ContractId"":""CONTRACT-CD-0006"",""ContractCommitmentId"":""arn:aws:savingsplans:eu-west-1::savingsplan/1088e10a6f88571c"",""ContractCommitmentAppliedCost"":32.0160000000}]}",,,,,,,,"{""Environment"":""staging"",""CostCenter"":""cc-3110"",""Owner"":""team-data"",""SyntheticFleetSize"":""500""}"
AWS,AWS,AWS,AWS,AWS,INV-2026-05-0002,100000000002,ExampleCorp Secondary Payer,Payer Account,200000000014,sandbox-dev,Linked Account,2026-05-01T00:00:00Z,2026-06-01T00:00:00Z,2026-05-09T06:00:00Z,2026-05-09T07:00:00Z,Purchase,,"Savings Plan commitment, amortised for the charge period",Recurring,32.016,0,32.016,32.016,1,1,Standard,32.016,USD,USD,1.0000000000,0,1.0000000000,USD,,,AmazonEC2,Compute,Virtual Machines,SKU-53792a378695e386e0280d5c,Commitment,SPRICE-56a7b3778b922200186036dc,"{""x_PurchaseTerm"":""1yr"",""x_PaymentOption"":""NoUpfront""}",arn:aws:savingsplans:eu-west-1::savingsplan/1088e10a6f88571c,savingsplan-f766617b057e,Savings Plan,eu-west-1,EU (Ireland),,arn:aws:savingsplans:eu-west-1::savingsplan/1088e10a6f88571c,ComputeSavingsPlan-1yr-NoUpfront,Spend,Savings Plan,,32.016,USD,,,,,,,,,"{""Environment"":""prod"",""CostCenter"":""cc-2087"",""Owner"":""team-payments""}"
AWS,AWS,AWS,AWS,AWS,INV-2026-05-0002,100000000002,ExampleCorp Secondary Payer,Payer Account,200000000014,sandbox-dev,Linked Account,2026-05-01T00:00:00Z,2026-06-01T00:00:00Z,2026-05-09T06:00:00Z,2026-05-09T07:00:00Z,Usage,,AmazonEC2 committed usage of 500 machine-equivalents,Usage-Based,0,32.016,48,43.2,0.0960000000,0.0864000000,Committed,500,Hours,USD,0.0864000000,32.016,0.0960000000,USD,500,Hours,AmazonEC2,Compute,Virtual Machines,SKU-ca9c2ba97f0b30fb137ef130,Compute,SPRICE-d7f4030fc2a8b65799f6b437,"{""InstanceType"":""m6i.large"",""InstanceSeries"":""M6i"",""CoreCount"":2,""MemorySize"":8,""OperatingSystem"":""Linux"",""x_Tenancy"":""Shared""}",urn:focus-sample:aws:eu-west-1:200000000014:compute-fleet:fleet89c849a974d27724a8aed7cc,fleet89c849a974d27724a8aed7cc,Compute Fleet,eu-west-1,EU (Ireland),eu-west-1a,arn:aws:savingsplans:eu-west-1::savingsplan/1088e10a6f88571c,ComputeSavingsPlan-1yr-NoUpfront,Spend,Savings Plan,Used,32.016,USD,"{""Elements"":[{""ContractId"":""CONTRACT-CD-0006"",""ContractCommitmentId"":""arn:aws:savingsplans:eu-west-1::savingsplan/1088e10a6f88571c"",""ContractCommitmentAppliedCost"":32.0160000000}]}",,,,,,,,"{""Environment"":""staging"",""CostCenter"":""cc-3110"",""Owner"":""team-platform"",""SyntheticFleetSize"":""500""}"
AWS,AWS,AWS,AWS,AWS,INV-2026-05-0002,100000000002,ExampleCorp Secondary Payer,Payer Account,200000000014,sandbox-dev,Linked Account,2026-05-01T00:00:00Z,2026-06-01T00:00:00Z,2026-05-09T07:00:00Z,2026-05-09T08:00:00Z,Purchase,,"Savings Plan commitment, amortised for the charge period",Recurring,32.016,0,32.016,32.016,1,1,Standard,32.016,USD,USD,1.0000000000,0,1.0000000000,USD,,,AmazonEC2,Compute,Virtual Machines,SKU-53792a378695e386e0280d5c,Commitment,SPRICE-56a7b3778b922200186036dc,"{""x_PurchaseTerm"":""1yr"",""x_PaymentOption"":""NoUpfront""}",arn:aws:savingsplans:eu-west-1::savingsplan/1088e10a6f88571c,savingsplan-f766617b057e,Savings Plan,eu-west-1,EU (Ireland),,arn:aws:savingsplans:eu-west-1::savingsplan/1088e10a6f88571c,ComputeSavingsPlan-1yr-NoUpfront,Spend,Savings Plan,,32.016,USD,,,,,,,,,"{""Environment"":""dev"",""CostCenter"":""cc-3110"",""Owner"":""team-data""}"
AWS,AWS,AWS,AWS,AWS,INV-2026-05-0002,100000000002,ExampleCorp Secondary Payer,Payer Account,200000000014,sandbox-dev,Linked Account,2026-05-01T00:00:00Z,2026-06-01T00:00:00Z,2026-05-09T07:00:00Z,2026-05-09T08:00:00Z,Usage,,Savings Plan unused commitment,Usage-Based,0,32.016,32.016,32.016,1,1,Committed,32.016,USD,USD,1.0000000000,32.016,1.0000000000,USD,,,AmazonEC2,Compute,Virtual Machines,SKU-53792a378695e386e0280d5c,Commitment,SPRICE-56a7b3778b922200186036dc,"{""x_PurchaseTerm"":""1yr"",""x_PaymentOption"":""NoUpfront""}",arn:aws:savingsplans:eu-west-1::savingsplan/1088e10a6f88571c,savingsplan-f766617b057e,Savings Plan,eu-west-1,EU (Ireland),,arn:aws:savingsplans:eu-west-1::savingsplan/1088e10a6f88571c,ComputeSavingsPlan-1yr-NoUpfront,Spend,Savings Plan,Unused,32.016,USD,"{""Elements"":[{""ContractId"":""CONTRACT-CD-0006"",""ContractCommitmentId"":""arn:aws:savingsplans:eu-west-1::savingsplan/1088e10a6f88571c"",""ContractCommitmentAppliedCost"":32.0160000000}]}",,,,,,,,"{""Environment"":""staging"",""CostCenter"":""cc-3110"",""Owner"":""team-payments""}"
AWS,AWS,AWS,AWS,AWS,INV-2026-05-0002,100000000002,ExampleCorp Secondary Payer,Payer Account,200000000013,data-analytics,Linked Account,2026-05-01T00:00:00Z,2026-06-01T00:00:00Z,2026-05-09T16:00:00Z,2026-05-09T17:00:00Z,Usage,,Linux on-demand m6i.large,Usage-Based,0.096,0.096,0.096,0.096,0.0960000000,0.0960000000,Standard,1.0000,Hours,USD,0.0960000000,0.096,0.0960000000,USD,1.0000,Hours,AmazonEC2,Compute,Virtual Machines,SKU-093c0d7a3a0491f8523e34c8,Compute,SPRICE-bab283475cbbabd222878e74,"{""InstanceType"":""m6i.large"",""InstanceSeries"":""M6i"",""CoreCount"":2,""MemorySize"":8,""OperatingSystem"":""Linux"",""x_Tenancy"":""Shared""}",arn:aws:ec2:ap-southeast-1:200000000013:instance/i-fdfee4fc84cc,i-fdfee4fc84cc,EC2 Instance,ap-southeast-1,Asia Pacific (Singapore),ap-southeast-1a,,,,,,,,,,,,,,,,"{""Environment"":""prod"",""CostCenter"":""cc-1042"",""Owner"":""team-payments""}"
AWS,AWS,AWS,AWS,AWS,INV-2026-05-0001,100000000001,ExampleCorp Master Payer,Payer Account,200000000013,data-analytics,Linked Account,2026-05-01T00:00:00Z,2026-06-01T00:00:00Z,2026-05-09T17:00:00Z,2026-05-09T18:00:00Z,Usage,,Linux on-demand m6i.large,Usage-Based,0.096,0.096,0.096,0.096,0.0960000000,0.0960000000,Standard,1.0000,Hours,EUR,0.0883200000,0.08832,0.0883200000,USD,1.0000,Hours,AmazonEC2,Compute,Virtual Machines,SKU-e0e295f006e6a0732dd5f77b,Compute,SPRICE-ede9d37fdc699653b58d5a0d,"{""InstanceType"":""m6i.large"",""InstanceSeries"":""M6i"",""CoreCount"":2,""MemorySize"":8,""OperatingSystem"":""Linux"",""x_Tenancy"":""Shared""}",arn:aws:ec2:us-west-2:200000000013:instance/i-0784da94ce1f,i-0784da94ce1f,EC2 Instance,us-west-2,US West (Oregon),us-west-2b,,,,,,,,,,,,,,,,"{""Environment"":""dev"",""CostCenter"":""cc-2087"",""Owner"":""team-platform""}"
AWS,AWS,AWS,AWS,AWS,INV-2026-05-0001,100000000001,ExampleCorp Master Payer,Payer Account,200000000012,staging-platform,Linked Account,2026-05-01T00:00:00Z,2026-06-01T00:00:00Z,2026-05-09T18:00:00Z,2026-05-09T19:00:00Z,Usage,,RDS PostgreSQL db.r6g.large,Usage-Based,0.216,0.216,0.24,0.216,0.2400000000,0.2160000000,Standard,1.0000,Hours,USD,0.2160000000,0.216,0.2400000000,USD,1.0000,Hours,AmazonRDS,Databases,Relational Databases,SKU-59cf7266a13e6ea4d00d0143,Database,SPRICE-bde64d57365802abbf64195d,"{""InstanceType"":""db.r6g.large"",""InstanceSeries"":""R6g"",""CoreCount"":2,""MemorySize"":16,""x_Engine"":""PostgreSQL""}",arn:aws:rds:ap-southeast-1:200000000012:db/db-a414416cca7f,db-a414416cca7f,RDS Instance,ap-southeast-1,Asia Pacific (Singapore),,,,,,,,,"{""Elements"":[{""ContractId"":""CONTRACT-EA-2026-0001"",""ContractCommitmentId"":""CC-EA-SPEND-0001"",""ContractCommitmentAppliedCost"":0.21600000000000}]}",,,,,,,,"{""Environment"":""prod"",""CostCenter"":""cc-3110"",""Owner"":""team-payments""}"
AWS,AWS,AWS,AWS,AWS,INV-2026-05-0001,100000000001,ExampleCorp Master Payer,Payer Account,200000000012,staging-platform,Linked Account,2026-05-01T00:00:00Z,2026-06-01T00:00:00Z,2026-05-12T08:00:00Z,2026-05-12T09:00:00Z,Tax,,Synthetic tax 10% on usage record 273: AmazonEC2,One-Time,0.0096,0.0096,0.0096,0.0096,,,,,,USD,,0.0096,,USD,,,AmazonEC2,Compute,Virtual Machines,,,,,,,,,,,,,,,,,,,,,,,,,,"{""Environment"":""dev"",""CostCenter"":""cc-3110"",""Owner"":""team-platform""}"
AWS,AWS,AWS,AWS,AWS,INV-2026-05-0001,100000000001,ExampleCorp Master Payer,Payer Account,200000000011,prod-platform,Linked Account,2026-05-01T00:00:00Z,2026-06-01T00:00:00Z,2026-05-09T20:00:00Z,2026-05-09T21:00:00Z,Usage,,Shared EC2 host cost allocated to workload,Usage-Based,0.086352,0.086352,0.086352,0.086352,0.0960000000,0.0960000000,Standard,0.8995,Hours,USD,0.0960000000,0.086352,0.0960000000,USD,0.8995,Hours,AmazonEC2,Compute,Virtual Machines,SKU-e0e295f006e6a0732dd5f77b,Compute,SPRICE-98f5ebeb1125d6e984c27bb1,"{""InstanceType"":""m6i.large"",""InstanceSeries"":""M6i"",""CoreCount"":2,""MemorySize"":8,""OperatingSystem"":""Linux"",""x_Tenancy"":""Shared""}",arn:aws:ec2:us-west-2:200000000011:instance/shared-host-d7c1c927,shared-host-d7c1c927,EC2 Instance,us-west-2,US West (Oregon),us-west-2a,,,,,,,,,,,split-proportional,"{""Elements"":[{""AllocatedRatio"":1,""UsageUnit"":""Hours"",""UsageQuantity"":0.8995,""x_Strategy"":""Proportional"",""x_Basis"":""vCPUSeconds""}]}",arn:aws:eks:us-west-2:200000000011:workload/billing-cef7f0,workload-billing,"{""workload"":""billing"",""CostCenter"":""cc-1042""}","{""Environment"":""prod"",""CostCenter"":""cc-3110"",""Owner"":""team-data""}"
AWS,AWS,AWS,AWS,AWS,INV-2026-05-0002,100000000002,ExampleCorp Secondary Payer,Payer Account,200000000014,sandbox-dev,Linked Account,2026-05-01T00:00:00Z,2026-06-01T00:00:00Z,2026-05-01T00:00:00Z,2026-06-01T00:00:00Z,Usage,,S3 Standard storage,Usage-Based,50.0783232,50.0783232,50.0783232,50.0783232,0.0230000000,0.0230000000,Standard,2177.3184,GB-Months,EUR,0.0211600000,46.072057344,0.0211600000,USD,2177.3184,GB-Months,AmazonS3,Storage,Object Storage,SKU-e7cfcc3199bb16b2dd7b1493,Storage,SPRICE-ed63c9c5e5b7a73d112c314c,"{""StorageClass"":""Standard"",""Redundancy"":""Zonal""}",arn:aws:s3:ap-southeast-1:200000000014:bucket/bucket-28f1b9549e3b,bucket-28f1b9549e3b,S3 Bucket,ap-southeast-1,Asia Pacific (Singapore),,,,,,,,,,,,,,,,,"{""Environment"":""prod"",""CostCenter"":""cc-1042"",""Owner"":""team-platform""}"
AWS,AWS,AWS,AWS,AWS,INV-2026-05-0001,100000000001,ExampleCorp Master Payer,Payer Account,200000000012,staging-platform,Linked Account,2026-05-01T00:00:00Z,2026-06-01T00:00:00Z,2026-05-01T00:00:00Z,2026-06-01T00:00:00Z,Usage,,S3 Standard storage,Usage-Based,143.0392977,143.0392977,158.932553,143.0392977,0.0230000000,0.0207000000,Standard,6910.1110,GB-Months,USD,0.0207000000,143.0392977,0.0230000000,USD,6910.1110,GB-Months,AmazonS3,Storage,Object Storage,SKU-ca447aa86bf44972e43c1f69,Storage,SPRICE-92e9b7d21ce3c83c68f72f47,"{""StorageClass"":""Standard"",""Redundancy"":""Zonal""}",arn:aws:s3:us-east-1:200000000012:bucket/bucket-48466aeb619f,bucket-48466aeb619f,S3 Bucket,us-east-1,US East (N. Virginia),,,,,,,,,"{""Elements"":[{""ContractId"":""CONTRACT-EA-2026-0001"",""ContractCommitmentId"":""CC-EA-STORAGE-0002"",""ContractCommitmentAppliedCost"":143.03929770000000}]}",,,,,,,,"{""Environment"":""prod"",""CostCenter"":""cc-1042"",""Owner"":""team-payments""}"
AWS,AWS,AWS,AWS,AWS,INV-2026-05-0002,100000000002,ExampleCorp Secondary Payer,Payer Account,200000000014,sandbox-dev,Linked Account,2026-05-01T00:00:00Z,2026-06-01T00:00:00Z,2026-05-06T13:00:00Z,2026-05-06T14:00:00Z,Tax,,Synthetic tax 10% on usage record 134: AmazonEC2,One-Time,0.00382272,0.00382272,0.00382272,0.00382272,,,,,,USD,,0.00382272,,USD,,,AmazonEC2,Compute,Virtual Machines,,,,,,,,,,,,,,,,,,,,,,,,,,"{""Environment"":""dev"",""CostCenter"":""cc-2087"",""Owner"":""team-data""}"
AWS,AWS,AWS,AWS,AWS,INV-2026-05-0001,100000000001,ExampleCorp Master Payer,Payer Account,200000000013,data-analytics,Linked Account,2026-05-01T00:00:00Z,2026-06-01T00:00:00Z,2026-05-10T00:00:00Z,2026-05-10T01:00:00Z,Usage,,Shared EC2 host cost allocated to workload,Usage-Based,0.0255168,0.0255168,0.0255168,0.0255168,0.0960000000,0.0960000000,Standard,0.2658,Hours,USD,0.0960000000,0.0255168,0.0960000000,USD,0.2658,Hours,AmazonEC2,Compute,Virtual Machines,SKU-736a4dd80178572d8370293d,Compute,SPRICE-c862323f09b487c42efb1c6b,"{""InstanceType"":""m6i.large"",""InstanceSeries"":""M6i"",""CoreCount"":2,""MemorySize"":8,""OperatingSystem"":""Linux"",""x_Tenancy"":""Shared""}",arn:aws:ec2:us-east-1:200000000013:instance/shared-host-136c7850,shared-host-136c7850,EC2 Instance,us-east-1,US East (N. Virginia),us-east-1a,,,,,,,,,,,split-weighted,"{""Elements"":[{""AllocatedRatio"":1,""UsageUnit"":""Hours"",""UsageQuantity"":0.2658,""x_Strategy"":""Weighted"",""x_Basis"":""MemoryBytes""}]}",arn:aws:eks:us-east-1:200000000013:workload/billing-227b42,workload-billing,"{""workload"":""billing"",""CostCenter"":""cc-1042""}","{""Environment"":""dev"",""CostCenter"":""cc-2087"",""Owner"":""team-payments""}"
AWS,AWS,AWS,AWS,AWS,INV-2026-05-0001,100000000001,ExampleCorp Master Payer,Payer Account,200000000012,staging-platform,Linked Account,2026-05-01T00:00:00Z,2026-06-01T00:00:00Z,2026-05-10T01:00:00Z,2026-05-10T02:00:00Z,Usage,,Shared EC2 host cost allocated to workload,Usage-Based,0.02424,0.02424,0.02424,0.02424,0.0960000000,0.0960000000,Standard,0.2525,Hours,USD,0.0960000000,0.02424,0.0960000000,USD,0.2525,Hours,AmazonEC2,Compute,Virtual Machines,SKU-736a4dd80178572d8370293d,Compute,SPRICE-c862323f09b487c42efb1c6b,"{""InstanceType"":""m6i.large"",""InstanceSeries"":""M6i"",""CoreCount"":2,""MemorySize"":8,""OperatingSystem"":""Linux"",""x_Tenancy"":""Shared""}",arn:aws:ec2:us-east-1:200000000012:instance/shared-host-9e7128ba,shared-host-9e7128ba,EC2 Instance,us-east-1,US East (N. Virginia),us-east-1c,,,,,,,,,,,split-weighted,"{""Elements"":[{""AllocatedRatio"":1,""UsageUnit"":""Hours"",""UsageQuantity"":0.2525,""x_Strategy"":""Weighted"",""x_Basis"":""MemoryBytes""}]}",arn:aws:eks:us-east-1:200000000012:workload/search-19dba7,workload-search,"{""workload"":""search"",""CostCenter"":""cc-3110""}","{""Environment"":""prod"",""CostCenter"":""cc-2087"",""Owner"":""team-platform""}"
AWS,AWS,AWS,AWS,AWS,INV-2026-05-0002,100000000002,ExampleCorp Secondary Payer,Payer Account,200000000013,data-analytics,Linked Account,2026-05-01T00:00:00Z,2026-06-01T00:00:00Z,2026-05-10T02:00:00Z,2026-05-10T03:00:00Z,Usage,,RDS PostgreSQL db.r6g.large,Usage-Based,0.216,0.216,0.24,0.216,0.2400000000,0.2160000000,Standard,1.0000,Hours,USD,0.2160000000,0.216,0.2400000000,USD,1.0000,Hours,AmazonRDS,Databases,Relational Databases,SKU-d70ac0acbdfcb8de90bd881a,Database,SPRICE-526e7acd56433e6d3c551cac,"{""InstanceType"":""db.r6g.large"",""InstanceSeries"":""R6g"",""CoreCount"":2,""MemorySize"":16,""x_Engine"":""PostgreSQL""}",arn:aws:rds:us-west-2:200000000013:db/db-068868f4f0cc,db-068868f4f0cc,RDS Instance,us-west-2,US West (Oregon),,,,,,,,,"{""Elements"":[{""ContractId"":""CONTRACT-EA-2026-0001"",""ContractCommitmentId"":""CC-EA-SPEND-0001"",""ContractCommitmentAppliedCost"":0.21600000000000}]}",,,,,,,,"{""Environment"":""prod"",""CostCenter"":""cc-2087"",""Owner"":""team-data""}"
AWS,AWS,AWS,AWS,AWS,INV-2026-05-0001,100000000001,ExampleCorp Master Payer,Payer Account,200000000012,staging-platform,Linked Account,2026-05-01T00:00:00Z,2026-06-01T00:00:00Z,2026-05-10T03:00:00Z,2026-05-10T04:00:00Z,Usage,,Shared EC2 host cost allocated to workload,Usage-Based,0.0755808,0.0755808,0.0755808,0.0755808,0.0960000000,0.0960000000,Standard,0.7873,Hours,USD,0.0960000000,0.0755808,0.0960000000,USD,0.7873,Hours,AmazonEC2,Compute,Virtual Machines,SKU-e0e295f006e6a0732dd5f77b,Compute,SPRICE-98f5ebeb1125d6e984c27bb1,"{""InstanceType"":""m6i.large"",""InstanceSeries"":""M6i"",""CoreCount"":2,""MemorySize"":8,""OperatingSystem"":""Linux"",""x_Tenancy"":""Shared""}",arn:aws:ec2:us-west-2:200000000012:instance/shared-host-4a313834,shared-host-4a313834,EC2 Instance,us-west-2,US West (Oregon),us-west-2b,,,,,,,,,,,split-proportional,"{""Elements"":[{""AllocatedRatio"":1,""UsageUnit"":""Hours"",""UsageQuantity"":0.7873,""x_Strategy"":""Proportional"",""x_Basis"":""vCPUSeconds""}]}",arn:aws:eks:us-west-2:200000000012:workload/ingestion-a25a24,workload-ingestion,"{""workload"":""ingestion"",""CostCenter"":""cc-1042""}","{""Environment"":""prod"",""CostCenter"":""cc-2087"",""Owner"":""team-payments""}"
AWS,AWS,AWS,AWS,AWS,INV-2026-05-0002,100000000002,ExampleCorp Secondary Payer,Payer Account,200000000011,prod-platform,Linked Account,2026-05-01T00:00:00Z,2026-06-01T00:00:00Z,2026-05-10T04:00:00Z,2026-05-10T05:00:00Z,Usage,,Linux on-demand m6i.large,Usage-Based,0.0864,0.0864,0.096,0.0864,0.0960000000,0.0864000000,Standard,1.0000,Hours,USD,0.0864000000,0.0864,0.0960000000,USD,1.0000,Hours,AmazonEC2,Compute,Virtual Machines,SKU-093c0d7a3a0491f8523e34c8,Compute,SPRICE-bab283475cbbabd222878e74,"{""InstanceType"":""m6i.large"",""InstanceSeries"":""M6i"",""CoreCount"":2,""MemorySize"":8,""OperatingSystem"":""Linux"",""x_Tenancy"":""Shared""}",arn:aws:ec2:ap-southeast-1:200000000011:instance/i-d9190ff1b1d2,i-d9190ff1b1d2,EC2 Instance,ap-southeast-1,Asia Pacific (Singapore),ap-southeast-1b,,,,,,,,"{""Elements"":[{""ContractId"":""CONTRACT-EA-2026-0001"",""ContractCommitmentId"":""CC-EA-COMPUTE-0003"",""ContractCommitmentAppliedCost"":0.08640000000000,""ContractCommitmentAppliedQuantity"":1.0000,""ContractCommitmentAppliedUnit"":""Hours""}]}",,,,,,,,"{""Environment"":""staging"",""CostCenter"":""cc-2087"",""Owner"":""team-payments""}"
AWS,AWS,AWS,AWS,AWS,INV-2026-05-0002,100000000002,ExampleCorp Secondary Payer,Payer Account,200000000013,data-analytics,Linked Account,2026-05-01T00:00:00Z,2026-06-01T00:00:00Z,2026-05-20T00:00:00Z,2026-05-21T00:00:00Z,Tax,,Synthetic tax 10% on usage record 440: AmazonVPC,One-Time,0.7009299,0.7009299,0.7009299,0.7009299,,,,,,USD,,0.7009299,,USD,,,AmazonVPC,Networking,Network Connectivity,,,,,,,,,,,,,,,,,,,,,,,,,,"{""Environment"":""prod"",""CostCenter"":""cc-3110"",""Owner"":""team-payments""}"
AWS,AWS,AWS,AWS,AWS,INV-2026-05-0002,100000000002,ExampleCorp Secondary Payer,Payer Account,200000000012,staging-platform,Linked Account,2026-05-01T00:00:00Z,2026-06-01T00:00:00Z,2026-05-10T06:00:00Z,2026-05-10T07:00:00Z,Usage,,Shared EC2 host cost allocated to workload,Usage-Based,0.0820704,0.0820704,0.0820704,0.0820704,0.0960000000,0.0960000000,Standard,0.8549,Hours,USD,0.0960000000,0.0820704,0.0960000000,USD,0.8549,Hours,AmazonEC2,Compute,Virtual Machines,SKU-093c0d7a3a0491f8523e34c8,Compute,SPRICE-bab283475cbbabd222878e74,"{""InstanceType"":""m6i.large"",""InstanceSeries"":""M6i"",""CoreCount"":2,""MemorySize"":8,""OperatingSystem"":""Linux"",""x_Tenancy"":""Shared""}",arn:aws:ec2:ap-southeast-1:200000000012:instance/shared-host-e6a26616,shared-host-e6a26616,EC2 Instance,ap-southeast-1,Asia Pacific (Singapore),ap-southeast-1b,,,,,,,,,,,split-even,"{""Elements"":[{""AllocatedRatio"":1,""UsageUnit"":""Hours"",""UsageQuantity"":0.8549,""x_Strategy"":""Even"",""x_Basis"":""Workloads""}]}",arn:aws:eks:ap-southeast-1:200000000012:workload/search-1aecc1,workload-search,"{""workload"":""search"",""CostCenter"":""cc-2087""}","{""Environment"":""dev"",""CostCenter"":""cc-3110"",""Owner"":""team-data""}"
AWS,AWS,AWS,AWS,AWS,INV-2026-05-0001,100000000001,ExampleCorp Master Payer,Payer Account,200000000014,sandbox-dev,Linked Account,2026-05-01T00:00:00Z,2026-06-01T00:00:00Z,2026-05-28T00:00:00Z,2026-05-29T00:00:00Z,Purchase,,AmazonRDS subscription fee,Recurring,478.45,478.45,478.45,478.45,478.45,478.45,Standard,1,Units,USD,478.4500000000,478.45,478.4500000000,USD,,,AmazonRDS,Databases,Relational Databases,SKU-73bffba063b16fcd225e63a4,Subscription,SPRICE-8c806d1edb7c28d5d8a4074a,"{""x_ChargeType"": ""SubscriptionFee""}",arn:aws:rds:ap-southeast-1:200000000014:db/db-49244d89afbd,db-49244d89afbd,RDS Instance,ap-southeast-1,Asia Pacific (Singapore),,,,,,,,,,,,,,,,,"{""Environment"":""dev"",""CostCenter"":""cc-2087"",""Owner"":""team-platform""}"
AWS,AWS,AWS,AWS,AWS,INV-2026-05-0001,100000000001,ExampleCorp Master Payer,Payer Account,200000000011,prod-platform,Linked Account,2026-05-01T00:00:00Z,2026-06-01T00:00:00Z,2026-05-10T08:00:00Z,2026-05-10T09:00:00Z,Usage,,Linux on-demand m6i.large,Usage-Based,0.096,0.096,0.096,0.096,0.0960000000,0.0960000000,Standard,1.0000,Hours,USD,0.0960000000,0.096,0.0960000000,USD,1.0000,Hours,AmazonEC2,Compute,Virtual Machines,SKU-e0e295f006e6a0732dd5f77b,Compute,SPRICE-98f5ebeb1125d6e984c27bb1,"{""InstanceType"":""m6i.large"",""InstanceSeries"":""M6i"",""CoreCount"":2,""MemorySize"":8,""OperatingSystem"":""Linux"",""x_Tenancy"":""Shared""}",arn:aws:ec2:us-west-2:200000000011:instance/i-940f7303b79e,i-940f7303b79e,EC2 Instance,us-west-2,US West (Oregon),us-west-2b,,,,,,,,,,,,,,,,"{""Environment"":""dev"",""CostCenter"":""cc-2087"",""Owner"":""team-payments""}"
AWS,AWS,AWS,AWS,AWS,INV-2026-05-0002,100000000002,ExampleCorp Secondary Payer,Payer Account,200000000012,staging-platform,Linked Account,2026-05-01T00:00:00Z,2026-06-01T00:00:00Z,2026-05-01T00:00:00Z,2026-06-01T00:00:00Z,Tax,,Synthetic tax 10% on usage record 725: AmazonS3,One-Time,3.16810326,3.16810326,3.16810326,3.16810326,,,,,,USD,,3.16810326,,USD,,,AmazonS3,Storage,Object Storage,,,,,,,,,,,,,,,,,,,,,,,,,,"{""Environment"":""prod"",""CostCenter"":""cc-2087"",""Owner"":""team-platform""}"
AWS,AWS,AWS,AWS,AWS,INV-2026-05-0002,100000000002,ExampleCorp Secondary Payer,Payer Account,200000000011,prod-platform,Linked Account,2026-05-01T00:00:00Z,2026-06-01T00:00:00Z,2026-05-03T00:00:00Z,2026-05-04T00:00:00Z,Usage,,NAT gateway data processed,Usage-Based,17.8151985,17.8151985,17.8151985,17.8151985,0.0450000000,0.0450000000,Standard,395.8933,GB,USD,0.0450000000,17.8151985,0.0450000000,USD,395.8933,GB,AmazonVPC,Networking,Network Connectivity,SKU-935abd9125f7268b4f0eb1ad,Data Transfer,SPRICE-130c94d71c797814c8e72b46,"{""x_TransferType"":""InterAZ""}",arn:aws:ec2:us-east-1:200000000011:natgateway/nat-e66a7f826871,nat-e66a7f826871,NAT Gateway,us-east-1,US East (N. Virginia),,,,,,,,,,,,,,,,,"{""Environment"":""staging"",""CostCenter"":""cc-2087"",""Owner"":""team-platform""}"
AWS,AWS,AWS,AWS,AWS,INV-2026-05-0001,100000000001,ExampleCorp Master Payer,Payer Account,200000000014,sandbox-dev,Linked Account,2026-05-01T00:00:00Z,2026-06-01T00:00:00Z,2026-05-04T00:00:00Z,2026-05-05T00:00:00Z,Usage,,DynamoDB on-demand write requests,Usage-Based,5.1190780785,5.1190780785,5.1190780785,5.1190780785,0.0000012500,0.0000012500,Standard,4095262.4628,Requests,EUR,0.0000011500,4.70955183222,0.0000011500,USD,4095262.4628,Requests,AmazonDynamoDB,Databases,NoSQL Databases,SKU-ed668466fc7fc7bc80c6b1e8,Database,SPRICE-a8a8f082a0e0d99dfaeb42f1,"{""x_CapacityMode"":""On-Demand""}",arn:aws:dynamodb:ap-southeast-1:200000000014:table/table-d17df512ddba,table-d17df512ddba,DynamoDB Table,ap-southeast-1,Asia Pacific (Singapore),,,,,,,,,,,,,,,,,"{""Environment"":""prod"",""CostCenter"":""cc-2087"",""Owner"":""team-platform""}"
AWS,AWS,AWS,AWS,AWS,INV-2026-05-0001,100000000001,ExampleCorp Master Payer,Payer Account,200000000012,staging-platform,Linked Account,2026-05-01T00:00:00Z,2026-06-01T00:00:00Z,2026-05-05T00:00:00Z,2026-05-06T00:00:00Z,Purchase,,AmazonDynamoDB subscription fee,Recurring,511.48,511.48,511.48,511.48,511.48,511.48,Standard,1,Units,USD,511.4800000000,511.48,511.4800000000,USD,,,AmazonDynamoDB,Databases,NoSQL Databases,SKU-669d8f6606ccb780284b6134,Subscription,SPRICE-cd50e1d26e0dc6fd244011ba,"{""x_ChargeType"": ""SubscriptionFee""}",arn:aws:dynamodb:us-east-1:200000000012:table/table-ed8a6f3a849c,table-ed8a6f3a849c,DynamoDB Table,us-east-1,US East (N. Virginia),,,,,,,,,,,,,,,,,"{""Environment"":""staging"",""CostCenter"":""cc-2087"",""Owner"":""team-data""}"
AWS,AWS,AWS,AWS,AWS,INV-2026-05-0002,100000000002,ExampleCorp Secondary Payer,Payer Account,200000000012,staging-platform,Linked Account,2026-05-01T00:00:00Z,2026-06-01T00:00:00Z,2026-05-10T13:00:00Z,2026-05-10T14:00:00Z,Usage,,Linux on-demand m6i.large,Usage-Based,0.096,0.096,0.096,0.096,0.0960000000,0.0960000000,Standard,1.0000,Hours,USD,0.0960000000,0.096,0.0960000000,USD,1.0000,Hours,AmazonEC2,Compute,Virtual Machines,SKU-093c0d7a3a0491f8523e34c8,Compute,SPRICE-bab283475cbbabd222878e74,"{""InstanceType"":""m6i.large"",""InstanceSeries"":""M6i"",""CoreCount"":2,""MemorySize"":8,""OperatingSystem"":""Linux"",""x_Tenancy"":""Shared""}",arn:aws:ec2:ap-southeast-1:200000000012:instance/i-1058370b948d,i-1058370b948d,EC2 Instance,ap-southeast-1,Asia Pacific (Singapore),ap-southeast-1b,,,,,,,,,,,,,,,,"{""Environment"":""prod"",""CostCenter"":""cc-3110"",""Owner"":""team-platform""}"
AWS,AWS,AWS,AWS,AWS,INV-2026-05-0001,100000000001,ExampleCorp Master Payer,Payer Account,200000000012,staging-platform,Linked Account,2026-05-01T00:00:00Z,2026-06-01T00:00:00Z,2026-05-01T00:00:00Z,2026-06-01T00:00:00Z,Usage,,S3 Standard storage,Usage-Based,140.6125792,140.6125792,140.6125792,140.6125792,0.0230000000,0.0230000000,Standard,6113.5904,GB-Months,USD,0.0230000000,140.6125792,0.0230000000,USD,6113.5904,GB-Months,AmazonS3,Storage,Object Storage,SKU-e7cfcc3199bb16b2dd7b1493,Storage,SPRICE-5d75931c911c493aa2aa3d41,"{""StorageClass"":""Standard"",""Redundancy"":""Zonal""}",arn:aws:s3:ap-southeast-1:200000000012:bucket/bucket-23bc76c3af8a,bucket-23bc76c3af8a,S3 Bucket,ap-southeast-1,Asia Pacific (Singapore),,,,,,,,,,,,,,,,,"{""Environment"":""staging"",""CostCenter"":""cc-1042"",""Owner"":""team-payments""}"
AWS,AWS,AWS,AWS,AWS,INV-2026-05-0002,100000000002,ExampleCorp Secondary Payer,Payer Account,200000000012,staging-platform,Linked Account,2026-05-01T00:00:00Z,2026-06-01T00:00:00Z,2026-05-08T00:00:00Z,2026-05-09T00:00:00Z,Usage,,Custom metrics,Usage-Based,45.92568,45.92568,45.92568,45.92568,0.3000000000,0.3000000000,Standard,153.0856,Metrics,EUR,0.2760000000,42.2516256,0.2760000000,USD,153.0856,Metrics,AmazonCloudWatch,Management and Governance,Observability,SKU-34e5538fb30cbad0ab6e9eda,Monitoring,SPRICE-8d5446a3bf1657f41b79b0c7,"{""x_MetricType"":""Custom""}",arn:aws:cloudwatch:us-west-2:200000000012:metric/metric-d61755277fcd,metric-d61755277fcd,Metric,us-west-2,US West (Oregon),,,,,,,,,,,,,,,,,"{""Environment"":""staging"",""CostCenter"":""cc-3110"",""Owner"":""team-platform""}"
AWS,AWS,AWS,AWS,AWS,INV-2026-05-0002,100000000002,ExampleCorp Secondary Payer,Payer Account,200000000013,data-analytics,Linked Account,2026-05-01T00:00:00Z,2026-06-01T00:00:00Z,2026-05-10T16:00:00Z,2026-05-10T17:00:00Z,Usage,,Lambda function duration,Usage-Based,6.52500418664894,6.52500418664894,6.52500418664894,6.52500418664894,0.0000166667,0.0000166667,Standard,391499.4682,GB-Seconds,USD,0.0000166667,6.52500418664894,0.0000166667,USD,391499.4682,GB-Seconds,AWSLambda,Compute,Serverless Compute,SKU-67dc4ce0843e58b6125cbdce,Compute,SPRICE-227d5491bbfb36c4f69bea63,"{""x_Runtime"":""python3.12"",""x_Architecture"":""arm64""}",arn:aws:lambda:us-east-1:200000000013:function/fn-9a0a193b60a0,fn-9a0a193b60a0,Lambda Function,us-east-1,US East (N. Virginia),,,,,,,,,,,,,,,,,"{""Environment"":""prod"",""CostCenter"":""cc-1042"",""Owner"":""team-payments""}"
AWS,AWS,AWS,AWS,AWS,INV-2026-05-0002,100000000002,ExampleCorp Secondary Payer,Payer Account,200000000011,prod-platform,Linked Account,2026-05-01T00:00:00Z,2026-06-01T00:00:00Z,2026-05-10T17:00:00Z,2026-05-10T18:00:00Z,Usage,,Lambda function duration,Usage-Based,31.46269126692335,31.46269126692335,31.46269126692335,31.46269126692335,0.0000166667,0.0000166667,Standard,1887757.7005,GB-Seconds,EUR,0.0000153334,28.945675965569482,0.0000153334,USD,1887757.7005,GB-Seconds,AWSLambda,Compute,Serverless Compute,SKU-67dc4ce0843e58b6125cbdce,Compute,SPRICE-5a687e125db5dbd78b535b92,"{""x_Runtime"":""python3.12"",""x_Architecture"":""arm64""}",arn:aws:lambda:us-east-1:200000000011:function/fn-0c742e60087d,fn-0c742e60087d,Lambda Function,us-east-1,US East (N. Virginia),,,,,,,,,,,,,,,,,"{""Environment"":""staging"",""CostCenter"":""cc-2087"",""Owner"":""team-payments""}"
AWS,AWS,AWS,AWS,AWS,INV-2026-05-0001,100000000001,ExampleCorp Master Payer,Payer Account,200000000012,staging-platform,Linked Account,2026-05-01T00:00:00Z,2026-06-01T00:00:00Z,2026-05-10T18:00:00Z,2026-05-10T19:00:00Z,Usage,,Shared EC2 host cost allocated to workload,Usage-Based,0.0364704,0.0364704,0.0364704,0.0364704,0.0960000000,0.0960000000,Standard,0.3799,Hours,USD,0.0960000000,0.0364704,0.0960000000,USD,0.3799,Hours,AmazonEC2,Compute,Virtual Machines,SKU-093c0d7a3a0491f8523e34c8,Compute,SPRICE-bab283475cbbabd222878e74,"{""InstanceType"":""m6i.large"",""InstanceSeries"":""M6i"",""CoreCount"":2,""MemorySize"":8,""OperatingSystem"":""Linux"",""x_Tenancy"":""Shared""}",arn:aws:ec2:ap-southeast-1:200000000012:instance/shared-host-733cf842,shared-host-733cf842,EC2 Instance,ap-southeast-1,Asia Pacific (Singapore),ap-southeast-1a,,,,,,,,,,,split-proportional,"{""Elements"":[{""AllocatedRatio"":1,""UsageUnit"":""Hours"",""UsageQuantity"":0.3799,""x_Strategy"":""Proportional"",""x_Basis"":""vCPUSeconds""}]}",arn:aws:eks:ap-southeast-1:200000000012:workload/billing-98339f,workload-billing,"{""workload"":""billing"",""CostCenter"":""cc-2087""}","{""Environment"":""dev"",""CostCenter"":""cc-1042"",""Owner"":""team-data""}"
AWS,AWS,AWS,AWS,AWS,INV-2026-05-0002,100000000002,ExampleCorp Secondary Payer,Payer Account,200000000014,sandbox-dev,Linked Account,2026-05-01T00:00:00Z,2026-06-01T00:00:00Z,2026-05-10T19:00:00Z,2026-05-10T20:00:00Z,Usage,,RDS PostgreSQL db.r6g.large,Usage-Based,0.24,0.24,0.24,0.24,0.2400000000,0.2400000000,Standard,1.0000,Hours,USD,0.2400000000,0.24,0.2400000000,USD,1.0000,Hours,AmazonRDS,Databases,Relational Databases,SKU-89bc59af83de149a442b21d0,Database,SPRICE-887d5388c52a801df4d42ba1,"{""InstanceType"":""db.r6g.large"",""InstanceSeries"":""R6g"",""CoreCount"":2,""MemorySize"":16,""x_Engine"":""PostgreSQL""}",arn:aws:rds:us-east-1:200000000014:db/db-7bfc927a784d,db-7bfc927a784d,RDS Instance,us-east-1,US East (N. Virginia),,,,,,,,,,,,,,,,,"{""Environment"":""dev"",""CostCenter"":""cc-2087"",""Owner"":""team-platform""}"
AWS,AWS,AWS,AWS,AWS,INV-2026-05-0001,100000000001,ExampleCorp Master Payer,Payer Account,200000000013,data-analytics,Linked Account,2026-05-01T00:00:00Z,2026-06-01T00:00:00Z,2026-05-19T04:00:00Z,2026-05-19T05:00:00Z,Tax,,Synthetic tax 10% on usage record 437: AmazonEC2,One-Time,0.00093312,0.00093312,0.00093312,0.00093312,,,,,,USD,,0.00093312,,USD,,,AmazonEC2,Compute,Virtual Machines,,,,,,,,,,,,,,,,,,,,,,,,,,"{""Environment"":""dev"",""CostCenter"":""cc-3110"",""Owner"":""team-payments""}"
AWS,AWS,AWS,AWS,AWS,INV-2026-05-0002,100000000002,ExampleCorp Secondary Payer,Payer Account,200000000013,data-analytics,Linked Account,2026-05-01T00:00:00Z,2026-06-01T00:00:00Z,2026-05-14T00:00:00Z,2026-05-15T00:00:00Z,Purchase,,AmazonRDS subscription fee,Recurring,621.61,621.61,621.61,621.61,621.61,621.61,Standard,1,Units,USD,621.6100000000,621.61,621.6100000000,USD,,,AmazonRDS,Databases,Relational Databases,SKU-d3e0547efce83cca0c14c3b0,Subscription,SPRICE-7025e6692801f3f9edf4b5be,"{""x_ChargeType"": ""SubscriptionFee""}",arn:aws:rds:eu-west-1:200000000013:db/db-91310c474576,db-91310c474576,RDS Instance,eu-west-1,EU (Ireland),,,,,,,,,,,,,,,,,"{""Environment"":""staging"",""CostCenter"":""cc-3110"",""Owner"":""team-platform""}"
AWS,AWS,AWS,AWS,AWS,INV-2026-05-0002,100000000002,ExampleCorp Secondary Payer,Payer Account,200000000014,sandbox-dev,Linked Account,2026-05-01T00:00:00Z,2026-06-01T00:00:00Z,2026-05-15T00:00:00Z,2026-05-16T00:00:00Z,Purchase,,AmazonCloudWatch subscription fee,Recurring,774.14,774.14,774.14,774.14,774.14,774.14,Standard,1,Units,USD,774.1400000000,774.14,774.1400000000,USD,,,AmazonCloudWatch,Management and Governance,Observability,SKU-d3a03fc094c02e1638375535,Subscription,SPRICE-8e50bea3338e03c01c3b32c9,"{""x_ChargeType"": ""SubscriptionFee""}",arn:aws:cloudwatch:ap-southeast-1:200000000014:metric/metric-348e639bd6d8,metric-348e639bd6d8,Metric,ap-southeast-1,Asia Pacific (Singapore),,,,,,,,,,,,,,,,,"{""Environment"":""dev"",""CostCenter"":""cc-3110"",""Owner"":""team-data""}"
AWS,AWS,AWS,AWS,AWS,INV-2026-05-0002,100000000002,ExampleCorp Secondary Payer,Payer Account,200000000012,staging-platform,Linked Account,2026-05-01T00:00:00Z,2026-06-01T00:00:00Z,2026-05-10T23:00:00Z,2026-05-11T00:00:00Z,Usage,,Shared EC2 host cost allocated to workload,Usage-Based,0.0281184,0.0281184,0.0281184,0.0281184,0.0960000000,0.0960000000,Standard,0.2929,Hours,USD,0.0960000000,0.0281184,0.0960000000,USD,0.2929,Hours,AmazonEC2,Compute,Virtual Machines,SKU-736a4dd80178572d8370293d,Compute,SPRICE-c862323f09b487c42efb1c6b,"{""InstanceType"":""m6i.large"",""InstanceSeries"":""M6i"",""CoreCount"":2,""MemorySize"":8,""OperatingSystem"":""Linux"",""x_Tenancy"":""Shared""}",arn:aws:ec2:us-east-1:200000000012:instance/shared-host-c655971a,shared-host-c655971a,EC2 Instance,us-east-1,US East (N. Virginia),us-east-1c,,,,,,,,,,,split-proportional,"{""Elements"":[{""AllocatedRatio"":1,""UsageUnit"":""Hours"",""UsageQuantity"":0.2929,""x_Strategy"":""Proportional"",""x_Basis"":""vCPUSeconds""}]}",arn:aws:eks:us-east-1:200000000012:workload/ingestion-4aefbb,workload-ingestion,"{""workload"":""ingestion"",""CostCenter"":""cc-3110""}","{""Environment"":""prod"",""CostCenter"":""cc-1042"",""Owner"":""team-data""}"
AWS,AWS,AWS,AWS,AWS,INV-2026-05-0002,100000000002,ExampleCorp Secondary Payer,Payer Account,200000000013,data-analytics,Linked Account,2026-05-01T00:00:00Z,2026-06-01T00:00:00Z,2026-05-17T00:00:00Z,2026-05-18T00:00:00Z,Usage,,Custom metrics,Usage-Based,13.09605,13.09605,13.09605,13.09605,0.3000000000,0.3000000000,Standard,43.6535,Metrics,USD,0.3000000000,13.09605,0.3000000000,USD,43.6535,Metrics,AmazonCloudWatch,Management and Governance,Observability,SKU-917addcfe26d359456f585f4,Monitoring,SPRICE-bfed9ccd55f51b42ca94dd2b,"{""x_MetricType"":""Custom""}",arn:aws:cloudwatch:eu-west-1:200000000013:metric/metric-8ec4f88b1dba,metric-8ec4f88b1dba,Metric,eu-west-1,EU (Ireland),,,,,,,,,,,,,,,,,"{""Environment"":""dev"",""CostCenter"":""cc-2087"",""Owner"":""team-platform""}"
AWS,AWS,AWS,AWS,AWS,INV-2026-05-0002,100000000002,ExampleCorp Secondary Payer,Payer Account,200000000012,staging-platform,Linked Account,2026-05-01T00:00:00Z,2026-06-01T00:00:00Z,2026-05-18T00:00:00Z,2026-05-19T00:00:00Z,Purchase,,AmazonCloudWatch subscription fee,Recurring,100.45,100.45,100.45,100.45,100.45,100.45,Standard,1,Units,USD,100.4500000000,100.45,100.4500000000,USD,,,AmazonCloudWatch,Management and Governance,Observability,SKU-8d74edb84f242cbf29ea96dd,Subscription,SPRICE-b8c91a23ce48fa9156af433c,"{""x_ChargeType"": ""SubscriptionFee""}",arn:aws:cloudwatch:eu-west-1:200000000012:metric/metric-2df8ac3fb1ae,metric-2df8ac3fb1ae,Metric,eu-west-1,EU (Ireland),,,,,,,,,,,,,,,,,"{""Environment"":""prod"",""CostCenter"":""cc-2087"",""Owner"":""team-payments""}"
AWS,AWS,AWS,AWS,AWS,INV-2026-05-0001,100000000001,ExampleCorp Master Payer,Payer Account,200000000012,staging-platform,Linked Account,2026-05-01T00:00:00Z,2026-06-01T00:00:00Z,2026-05-11T02:00:00Z,2026-05-11T03:00:00Z,Usage,,RDS PostgreSQL db.r6g.large,Usage-Based,0.216,0.216,0.24,0.216,0.2400000000,0.2160000000,Standard,1.0000,Hours,EUR,0.1987200000,0.19872,0.2208000000,USD,1.0000,Hours,AmazonRDS,Databases,Relational Databases,SKU-d70ac0acbdfcb8de90bd881a,Database,SPRICE-7d4463a779fe1b874f386cb4,"{""InstanceType"":""db.r6g.large"",""InstanceSeries"":""R6g"",""CoreCount"":2,""MemorySize"":16,""x_Engine"":""PostgreSQL""}",arn:aws:rds:us-west-2:200000000012:db/db-9fe39cee08ca,db-9fe39cee08ca,RDS Instance,us-west-2,US West (Oregon),,,,,,,,,"{""Elements"":[{""ContractId"":""CONTRACT-EA-2026-0001"",""ContractCommitmentId"":""CC-EA-SPEND-0001"",""ContractCommitmentAppliedCost"":0.21600000000000}]}",,,,,,,,"{""Environment"":""dev"",""CostCenter"":""cc-1042"",""Owner"":""team-platform""}"
AWS,AWS,AWS,AWS,AWS,INV-2026-05-0002,100000000002,ExampleCorp Secondary Payer,Payer Account,200000000012,staging-platform,Linked Account,2026-05-01T00:00:00Z,2026-06-01T00:00:00Z,2026-05-11T03:00:00Z,2026-05-11T04:00:00Z,Usage,,Lambda function duration,Usage-Based,31.08132861586624,31.08132861586624,31.08132861586624,31.08132861586624,0.0000166667,0.0000166667,Standard,1864875.9872,GB-Seconds,USD,0.0000166667,31.08132861586624,0.0000166667,USD,1864875.9872,GB-Seconds,AWSLambda,Compute,Serverless Compute,SKU-10b7f1c880ad0bc78efd30e2,Compute,SPRICE-a9f6b13fa92ac1d53f2f387c,"{""x_Runtime"":""python3.12"",""x_Architecture"":""arm64""}",arn:aws:lambda:ap-southeast-1:200000000012:function/fn-f5bcc0259c4c,fn-f5bcc0259c4c,Lambda Function,ap-southeast-1,Asia Pacific (Singapore),,,,,,,,,,,,,,,,,"{""Environment"":""staging"",""CostCenter"":""cc-3110"",""Owner"":""team-payments""}"
AWS,AWS,AWS,AWS,AWS,INV-2026-05-0001,100000000001,ExampleCorp Master Payer,Payer Account,200000000012,staging-platform,Linked Account,2026-05-01T00:00:00Z,2026-06-01T00:00:00Z,2026-05-11T04:00:00Z,2026-05-11T05:00:00Z,Usage,,Shared EC2 host cost allocated to workload,Usage-Based,0.0846912,0.0846912,0.0846912,0.0846912,0.0960000000,0.0960000000,Standard,0.8822,Hours,USD,0.0960000000,0.0846912,0.0960000000,USD,0.8822,Hours,AmazonEC2,Compute,Virtual Machines,SKU-e0e295f006e6a0732dd5f77b,Compute,SPRICE-98f5ebeb1125d6e984c27bb1,"{""InstanceType"":""m6i.large"",""InstanceSeries"":""M6i"",""CoreCount"":2,""MemorySize"":8,""OperatingSystem"":""Linux"",""x_Tenancy"":""Shared""}",arn:aws:ec2:us-west-2:200000000012:instance/shared-host-bc2bd057,shared-host-bc2bd057,EC2 Instance,us-west-2,US West (Oregon),us-west-2b,,,,,,,,,,,split-proportional,"{""Elements"":[{""AllocatedRatio"":1,""UsageUnit"":""Hours"",""UsageQuantity"":0.8822,""x_Strategy"":""Proportional"",""x_Basis"":""vCPUSeconds""}]}",arn:aws:eks:us-west-2:200000000012:workload/checkout-c11947,workload-checkout,"{""workload"":""checkout"",""CostCenter"":""cc-1042""}","{""Environment"":""prod"",""CostCenter"":""cc-1042"",""Owner"":""team-payments""}"
AWS,AWS,AWS,AWS,AWS,INV-2026-05-0001,100000000001,ExampleCorp Master Payer,Payer Account,200000000011,prod-platform,Linked Account,2026-05-01T00:00:00Z,2026-06-01T00:00:00Z,2026-05-22T00:00:00Z,2026-05-23T00:00:00Z,Usage,,NAT gateway data processed,Usage-Based,0.5395815,0.5395815,0.5395815,0.5395815,0.0450000000,0.0450000000,Standard,11.9907,GB,EUR,0.0414000000,0.49641498,0.0414000000,USD,11.9907,GB,AmazonVPC,Networking,Network Connectivity,SKU-0a48b40b1fa86593309c0c4c,Data Transfer,SPRICE-1d1c6c22bdd2b0ba78234c63,"{""x_TransferType"":""InterAZ""}",arn:aws:ec2:ap-southeast-1:200000000011:natgateway/nat-7dca6b0c063a,nat-7dca6b0c063a,NAT Gateway,ap-southeast-1,Asia Pacific (Singapore),,,,,,,,,,,,,,,,,"{""Environment"":""dev"",""CostCenter"":""cc-3110"",""Owner"":""team-payments""}"
AWS,AWS,AWS,AWS,AWS,INV-2026-05-0002,100000000002,ExampleCorp Secondary Payer,Payer Account,200000000011,prod-platform,Linked Account,2026-05-01T00:00:00Z,2026-06-01T00:00:00Z,2026-05-11T06:00:00Z,2026-05-11T07:00:00Z,Usage,,Shared EC2 host cost allocated to workload,Usage-Based,0.0813312,0.0813312,0.0813312,0.0813312,0.0960000000,0.0960000000,Standard,0.8472,Hours,USD,0.0960000000,0.0813312,0.0960000000,USD,0.8472,Hours,AmazonEC2,Compute,Virtual Machines,SKU-093c0d7a3a0491f8523e34c8,Compute,SPRICE-bab283475cbbabd222878e74,"{""InstanceType"":""m6i.large"",""InstanceSeries"":""M6i"",""CoreCount"":2,""MemorySize"":8,""OperatingSystem"":""Linux"",""x_Tenancy"":""Shared""}",arn:aws:ec2:ap-southeast-1:200000000011:instance/shared-host-b8749068,shared-host-b8749068,EC2 Instance,ap-southeast-1,Asia Pacific (Singapore),ap-southeast-1b,,,,,,,,,,,split-even,"{""Elements"":[{""AllocatedRatio"":1,""UsageUnit"":""Hours"",""UsageQuantity"":0.8472,""x_Strategy"":""Even"",""x_Basis"":""Workloads""}]}",arn:aws:eks:ap-southeast-1:200000000011:workload/billing-d41c5e,workload-billing,"{""workload"":""billing"",""CostCenter"":""cc-2087""}","{""Environment"":""prod"",""CostCenter"":""cc-1042"",""Owner"":""team-payments""}"
AWS,AWS,AWS,AWS,AWS,INV-2026-05-0002,100000000002,ExampleCorp Secondary Payer,Payer Account,200000000013,data-analytics,Linked Account,2026-05-01T00:00:00Z,2026-06-01T00:00:00Z,2026-05-24T00:00:00Z,2026-05-25T00:00:00Z,Usage,,NAT gateway data processed,Usage-Based,14.655141,14.655141,14.655141,14.655141,0.0450000000,0.0450000000,Standard,325.6698,GB,USD,0.0450000000,14.655141,0.0450000000,USD,325.6698,GB,AmazonVPC,Networking,Network Connectivity,SKU-3d9b08c72ec44814e0bd4e25,Data Transfer,SPRICE-5df2ff31768360bf23008ec4,"{""x_TransferType"":""InterAZ""}",arn:aws:ec2:eu-west-1:200000000013:natgateway/nat-3a7e6f475ed7,nat-3a7e6f475ed7,NAT Gateway,eu-west-1,EU (Ireland),,,,,,,,,,,,,,,,,"{""Environment"":""dev"",""CostCenter"":""cc-3110"",""Owner"":""team-platform""}"
AWS,AWS,AWS,AWS,AWS,INV-2026-05-0002,100000000002,ExampleCorp Secondary Payer,Payer Account,200000000012,staging-platform,Linked Account,2026-05-01T00:00:00Z,2026-06-01T00:00:00Z,2026-05-11T08:00:00Z,2026-05-11T09:00:00Z,Usage,,Shared EC2 host cost allocated to workload,Usage-Based,0.0080928,0.0080928,0.0080928,0.0080928,0.0960000000,0.0960000000,Standard,0.0843,Hours,USD,0.0960000000,0.0080928,0.0960000000,USD,0.0843,Hours,AmazonEC2,Compute,Virtual Machines,SKU-ca9c2ba97f0b30fb137ef130,Compute,SPRICE-d7f4030fc2a8b65799f6b437,"{""InstanceType"":""m6i.large"",""InstanceSeries"":""M6i"",""CoreCount"":2,""MemorySize"":8,""OperatingSystem"":""Linux"",""x_Tenancy"":""Shared""}",arn:aws:ec2:eu-west-1:200000000012:instance/shared-host-f61b7377,shared-host-f61b7377,EC2 Instance,eu-west-1,EU (Ireland),eu-west-1b,,,,,,,,,,,split-weighted,"{""Elements"":[{""AllocatedRatio"":1,""UsageUnit"":""Hours"",""UsageQuantity"":0.0843,""x_Strategy"":""Weighted"",""x_Basis"":""MemoryBytes""}]}",arn:aws:eks:eu-west-1:200000000012:workload/ingestion-ede6ef,workload-ingestion,"{""workload"":""ingestion"",""CostCenter"":""cc-1042""}","{""Environment"":""prod"",""CostCenter"":""cc-1042"",""Owner"":""team-payments""}"
AWS,AWS,AWS,AWS,AWS,INV-2026-05-0002,100000000002,ExampleCorp Secondary Payer,Payer Account,200000000014,sandbox-dev,Linked Account,2026-05-01T00:00:00Z,2026-06-01T00:00:00Z,2026-05-04T19:00:00Z,2026-05-04T20:00:00Z,Tax,,Synthetic tax 10% on usage record 92: AWSLambda,One-Time,6.514658577957764,6.514658577957764,6.514658577957764,6.514658577957764,,,,,,USD,,6.514658577957764,,USD,,,AWSLambda,Compute,Serverless Compute,,,,,,,,,,,,,,,,,,,,,,,,,,"{""Environment"":""dev"",""CostCenter"":""cc-3110"",""Owner"":""team-payments""}"
AWS,AWS,AWS,AWS,AWS,INV-2026-05-0001,100000000001,ExampleCorp Master Payer,Payer Account,200000000012,staging-platform,Linked Account,2026-05-01T00:00:00Z,2026-06-01T00:00:00Z,2026-05-27T00:00:00Z,2026-05-28T00:00:00Z,Usage,,Custom metrics,Usage-Based,40.42689,40.42689,40.42689,40.42689,0.3000000000,0.3000000000,Standard,134.7563,Metrics,USD,0.3000000000,40.42689,0.3000000000,USD,134.7563,Metrics,AmazonCloudWatch,Management and Governance,Observability,SKU-34e5538fb30cbad0ab6e9eda,Monitoring,SPRICE-7775836205fc8d4f07876728,"{""x_MetricType"":""Custom""}",arn:aws:cloudwatch:us-west-2:200000000012:metric/metric-2b3c6f345a40,metric-2b3c6f345a40,Metric,us-west-2,US West (Oregon),,,,,,,,,,,,,,,,,"{""Environment"":""dev"",""CostCenter"":""cc-2087"",""Owner"":""team-payments""}"
AWS,AWS,AWS,AWS,AWS,INV-2026-05-0002,100000000002,ExampleCorp Secondary Payer,Payer Account,200000000014,sandbox-dev,Linked Account,2026-05-01T00:00:00Z,2026-06-01T00:00:00Z,2026-05-11T11:00:00Z,2026-05-11T12:00:00Z,Usage,,Lambda function duration,Usage-Based,27.31965680420433,27.31965680420433,27.31965680420433,27.31965680420433,0.0000166667,0.0000166667,Standard,1639176.1299,GB-Seconds,USD,0.0000166667,27.31965680420433,0.0000166667,USD,1639176.1299,GB-Seconds,AWSLambda,Compute,Serverless Compute,SKU-790dfdd7277c16aec9cf7656,Compute,SPRICE-55fe45e894424abc4a1bb3fe,"{""x_Runtime"":""python3.12"",""x_Architecture"":""arm64""}",arn:aws:lambda:us-west-2:200000000014:function/fn-a65051328a3c,fn-a65051328a3c,Lambda Function,us-west-2,US West (Oregon),,,,,,,,,,,,,,,,,"{""Environment"":""prod"",""CostCenter"":""cc-3110"",""Owner"":""team-data""}"
AWS,AWS,AWS,AWS,AWS,INV-2026-05-0002,100000000002,ExampleCorp Secondary Payer,Payer Account,200000000011,prod-platform,Linked Account,2026-05-01T00:00:00Z,2026-06-01T00:00:00Z,2026-05-01T00:00:00Z,2026-05-02T00:00:00Z,Usage,,Custom metrics,Usage-Based,0.36744,0.36744,0.36744,0.36744,0.3000000000,0.3000000000,Standard,1.2248,Metrics,USD,0.3000000000,0.36744,0.3000000000,USD,1.2248,Metrics,AmazonCloudWatch,Management and Governance,Observability,SKU-917addcfe26d359456f585f4,Monitoring,SPRICE-bfed9ccd55f51b42ca94dd2b,"{""x_MetricType"":""Custom""}",arn:aws:cloudwatch:eu-west-1:200000000011:metric/metric-9bb5cc8100dc,metric-9bb5cc8100dc,Metric,eu-west-1,EU (Ireland),,,,,,,,,,,,,,,,,"{""Environment"":""staging"",""CostCenter"":""cc-1042"",""Owner"":""team-data""}"
AWS,AWS,AWS,AWS,AWS,INV-2026-05-0001,100000000001,ExampleCorp Master Payer,Payer Account,200000000012,staging-platform,Linked Account,2026-05-01T00:00:00Z,2026-06-01T00:00:00Z,2026-05-02T00:00:00Z,2026-05-03T00:00:00Z,Usage,,Custom metrics,Usage-Based,55.97217,55.97217,55.97217,55.97217,0.3000000000,0.3000000000,Standard,186.5739,Metrics,USD,0.3000000000,55.97217,0.3000000000,USD,186.5739,Metrics,AmazonCloudWatch,Management and Governance,Observability,SKU-7f3902e3f370805f0a245d7f,Monitoring,SPRICE-dae68554fa459d336630e8d7,"{""x_MetricType"":""Custom""}",arn:aws:cloudwatch:ap-southeast-1:200000000012:metric/metric-223d8d3c29d8,metric-223d8d3c29d8,Metric,ap-southeast-1,Asia Pacific (Singapore),,,,,,,,,,,,,,,,,"{""Environment"":""prod"",""CostCenter"":""cc-2087"",""Owner"":""team-data""}"
AWS,AWS,AWS,AWS,AWS,INV-2026-05-0002,100000000002,ExampleCorp Secondary Payer,Payer Account,200000000011,prod-platform,Linked Account,2026-05-01T00:00:00Z,2026-06-01T00:00:00Z,2026-05-11T14:00:00Z,2026-05-11T15:00:00Z,Usage,,Linux on-demand m6i.large,Usage-Based,0.0864,0.0864,0.096,0.0864,0.0960000000,0.0864000000,Standard,1.0000,Hours,USD,0.0864000000,0.0864,0.0960000000,USD,1.0000,Hours,AmazonEC2,Compute,Virtual Machines,SKU-e0e295f006e6a0732dd5f77b,Compute,SPRICE-98f5ebeb1125d6e984c27bb1,"{""InstanceType"":""m6i.large"",""InstanceSeries"":""M6i"",""CoreCount"":2,""MemorySize"":8,""OperatingSystem"":""Linux"",""x_Tenancy"":""Shared""}",arn:aws:ec2:us-west-2:200000000011:instance/i-7cd1bec3bd50,i-7cd1bec3bd50,EC2 Instance,us-west-2,US West (Oregon),us-west-2a,,,,,,,,"{""Elements"":[{""ContractId"":""CONTRACT-EA-2026-0001"",""ContractCommitmentId"":""CC-EA-COMPUTE-0003"",""ContractCommitmentAppliedCost"":0.08640000000000,""ContractCommitmentAppliedQuantity"":1.0000,""ContractCommitmentAppliedUnit"":""Hours""}]}",,,,,,,,"{""Environment"":""dev"",""CostCenter"":""cc-2087"",""Owner"":""team-data""}"
AWS,AWS,AWS,AWS,AWS,INV-2026-05-0002,100000000002,ExampleCorp Secondary Payer,Payer Account,200000000011,prod-platform,Linked Account,2026-05-01T00:00:00Z,2026-06-01T00:00:00Z,2026-05-01T00:00:00Z,2026-06-01T00:00:00Z,Usage,,S3 Standard storage,Usage-Based,156.12603642,156.12603642,173.4733738,156.12603642,0.0230000000,0.0207000000,Standard,7542.3206,GB-Months,USD,0.0207000000,156.12603642,0.0230000000,USD,7542.3206,GB-Months,AmazonS3,Storage,Object Storage,SKU-ca447aa86bf44972e43c1f69,Storage,SPRICE-92e9b7d21ce3c83c68f72f47,"{""StorageClass"":""Standard"",""Redundancy"":""Zonal""}",arn:aws:s3:us-east-1:200000000011:bucket/bucket-8988550a2124,bucket-8988550a2124,S3 Bucket,us-east-1,US East (N. Virginia),,,,,,,,,"{""Elements"":[{""ContractId"":""CONTRACT-EA-2026-0001"",""ContractCommitmentId"":""CC-EA-STORAGE-0002"",""ContractCommitmentAppliedCost"":156.12603642000000}]}",,,,,,,,"{""Environment"":""staging"",""CostCenter"":""cc-2087"",""Owner"":""team-payments""}"
AWS,AWS,AWS,AWS,AWS,INV-2026-05-0002,100000000002,ExampleCorp Secondary Payer,Payer Account,200000000014,sandbox-dev,Linked Account,2026-05-01T00:00:00Z,2026-06-01T00:00:00Z,2026-05-01T00:00:00Z,2026-06-01T00:00:00Z,Usage,,S3 Standard storage,Usage-Based,12.365858,12.365858,12.365858,12.365858,0.0230000000,0.0230000000,Standard,537.6460,GB-Months,USD,0.0230000000,12.365858,0.0230000000,USD,537.6460,GB-Months,AmazonS3,Storage,Object Storage,SKU-6042c508b21761919a0ed516,Storage,SPRICE-d35afe08308f10d3695aa71d,"{""StorageClass"":""Standard"",""Redundancy"":""Zonal""}",arn:aws:s3:eu-west-1:200000000014:bucket/bucket-a467fef6adfe,bucket-a467fef6adfe,S3 Bucket,eu-west-1,EU (Ireland),,,,,,,,,,,,,,,,,"{""Environment"":""staging"",""CostCenter"":""cc-1042"",""Owner"":""team-platform""}"
AWS,AWS,AWS,AWS,AWS,INV-2026-05-0002,100000000002,ExampleCorp Secondary Payer,Payer Account,200000000013,data-analytics,Linked Account,2026-05-01T00:00:00Z,2026-06-01T00:00:00Z,2026-05-06T00:00:00Z,2026-05-07T00:00:00Z,Usage,,Glue ETL job run,Usage-Based,69.3456192,69.3456192,77.050688,69.3456192,0.4400000000,0.3960000000,Standard,175.1152,DPU-Hours,USD,0.3960000000,69.3456192,0.4400000000,USD,175.1152,DPU-Hours,AWSGlue,Analytics,Data Processing,SKU-118148093a04e718819dbb3f,Data Processing,SPRICE-f140a6944df35cbb51f25679,"{""x_WorkerType"":""G.1X""}",arn:aws:glue:us-west-2:200000000013:job/job-28f43c1d33be,job-28f43c1d33be,Glue Job,us-west-2,US West (Oregon),,,,,,,,,"{""Elements"":[{""ContractId"":""CONTRACT-EA-2026-0001"",""ContractCommitmentId"":""CC-EA-SPEND-0001"",""ContractCommitmentAppliedCost"":69.34561920000000}]}",,,,,,,,"{""Environment"":""dev"",""CostCenter"":""cc-1042"",""Owner"":""team-data""}"
AWS,AWS,AWS,AWS,AWS,INV-2026-05-0002,100000000002,ExampleCorp Secondary Payer,Payer Account,200000000013,data-analytics,Linked Account,2026-05-01T00:00:00Z,2026-06-01T00:00:00Z,2026-05-11T18:00:00Z,2026-05-11T19:00:00Z,Usage,,Shared EC2 host cost allocated to workload,Usage-Based,0.0913248,0.0913248,0.0913248,0.0913248,0.0960000000,0.0960000000,Standard,0.9513,Hours,USD,0.0960000000,0.0913248,0.0960000000,USD,0.9513,Hours,AmazonEC2,Compute,Virtual Machines,SKU-ca9c2ba97f0b30fb137ef130,Compute,SPRICE-d7f4030fc2a8b65799f6b437,"{""InstanceType"":""m6i.large"",""InstanceSeries"":""M6i"",""CoreCount"":2,""MemorySize"":8,""OperatingSystem"":""Linux"",""x_Tenancy"":""Shared""}",arn:aws:ec2:eu-west-1:200000000013:instance/shared-host-8ea82420,shared-host-8ea82420,EC2 Instance,eu-west-1,EU (Ireland),eu-west-1b,,,,,,,,,,,split-even,"{""Elements"":[{""AllocatedRatio"":1,""UsageUnit"":""Hours"",""UsageQuantity"":0.9513,""x_Strategy"":""Even"",""x_Basis"":""Workloads""}]}",arn:aws:eks:eu-west-1:200000000013:workload/search-8d5d83,workload-search,"{""workload"":""search"",""CostCenter"":""cc-2087""}","{""Environment"":""staging"",""CostCenter"":""cc-1042"",""Owner"":""team-payments""}"
AWS,AWS,AWS,AWS,AWS,INV-2026-05-0001,100000000001,ExampleCorp Master Payer,Payer Account,200000000011,prod-platform,Linked Account,2026-05-01T00:00:00Z,2026-06-01T00:00:00Z,2026-05-08T00:00:00Z,2026-05-09T00:00:00Z,Usage,,NAT gateway data processed,Usage-Based,13.529079,13.529079,13.529079,13.529079,0.0450000000,0.0450000000,Standard,300.6462,GB,USD,0.0450000000,13.529079,0.0450000000,USD,300.6462,GB,AmazonVPC,Networking,Network Connectivity,SKU-0a48b40b1fa86593309c0c4c,Data Transfer,SPRICE-b948c57b4c22bb2955afff1a,"{""x_TransferType"":""InterAZ""}",arn:aws:ec2:ap-southeast-1:200000000011:natgateway/nat-c4b658c8ec84,nat-c4b658c8ec84,NAT Gateway,ap-southeast-1,Asia Pacific (Singapore),,,,,,,,,,,,,,,,,"{""Environment"":""staging"",""CostCenter"":""cc-3110"",""Owner"":""team-payments""}"
AWS,AWS,AWS,AWS,AWS,INV-2026-05-0002,100000000002,ExampleCorp Secondary Payer,Payer Account,200000000014,sandbox-dev,Linked Account,2026-05-01T00:00:00Z,2026-06-01T00:00:00Z,2026-05-09T00:00:00Z,2026-05-10T00:00:00Z,Usage,,Glue ETL job run,Usage-Based,53.4038076,53.4038076,59.337564,53.4038076,0.4400000000,0.3960000000,Standard,134.8581,DPU-Hours,USD,0.3960000000,53.4038076,0.4400000000,USD,134.8581,DPU-Hours,AWSGlue,Analytics,Data Processing,SKU-118148093a04e718819dbb3f,Data Processing,SPRICE-f140a6944df35cbb51f25679,"{""x_WorkerType"":""G.1X""}",arn:aws:glue:us-west-2:200000000014:job/job-21a5ed266123,job-21a5ed266123,Glue Job,us-west-2,US West (Oregon),,,,,,,,,"{""Elements"":[{""ContractId"":""CONTRACT-EA-2026-0001"",""ContractCommitmentId"":""CC-EA-SPEND-0001"",""ContractCommitmentAppliedCost"":53.40380760000000}]}",,,,,,,,"{""Environment"":""dev"",""CostCenter"":""cc-3110"",""Owner"":""team-platform""}"
AWS,AWS,AWS,AWS,AWS,INV-2026-05-0001,100000000001,ExampleCorp Master Payer,Payer Account,200000000013,data-analytics,Linked Account,2026-05-01T00:00:00Z,2026-06-01T00:00:00Z,2026-05-11T21:00:00Z,2026-05-11T22:00:00Z,Usage,,Lambda function duration,Usage-Based,35.68003375492479,35.68003375492479,35.68003375492479,35.68003375492479,0.0000166667,0.0000166667,Standard,2140797.7437,GB-Seconds,USD,0.0000166667,35.68003375492479,0.0000166667,USD,2140797.7437,GB-Seconds,AWSLambda,Compute,Serverless Compute,SKU-67dc4ce0843e58b6125cbdce,Compute,SPRICE-227d5491bbfb36c4f69bea63,"{""x_Runtime"":""python3.12"",""x_Architecture"":""arm64""}",arn:aws:lambda:us-east-1:200000000013:function/fn-d0a6d3b33039,fn-d0a6d3b33039,Lambda Function,us-east-1,US East (N. Virginia),,,,,,,,,,,,,,,,,"{""Environment"":""dev"",""CostCenter"":""cc-2087"",""Owner"":""team-data""}"
AWS,AWS,AWS,AWS,AWS,INV-2026-05-0002,100000000002,ExampleCorp Secondary Payer,Payer Account,200000000014,sandbox-dev,Linked Account,2026-05-01T00:00:00Z,2026-06-01T00:00:00Z,2026-05-11T00:00:00Z,2026-05-12T00:00:00Z,Usage,,Glue ETL job run,Usage-Based,70.5912768,70.5912768,78.434752,70.5912768,0.4400000000,0.3960000000,Standard,178.2608,DPU-Hours,USD,0.3960000000,70.5912768,0.4400000000,USD,178.2608,DPU-Hours,AWSGlue,Analytics,Data Processing,SKU-d1426392ab27c72810db5ee9,Data Processing,SPRICE-2caf36fd8fbe6a68e682b866,"{""x_WorkerType"":""G.1X""}",arn:aws:glue:ap-southeast-1:200000000014:job/job-7fcee01fc5b8,job-7fcee01fc5b8,Glue Job,ap-southeast-1,Asia Pacific (Singapore),,,,,,,,,"{""Elements"":[{""ContractId"":""CONTRACT-EA-2026-0001"",""ContractCommitmentId"":""CC-EA-SPEND-0001"",""ContractCommitmentAppliedCost"":70.59127680000000}]}",,,,,,,,"{""Environment"":""staging"",""CostCenter"":""cc-2087"",""Owner"":""team-platform""}"
AWS,AWS,AWS,AWS,AWS,INV-2026-05-0002,100000000002,ExampleCorp Secondary Payer,Payer Account,200000000011,prod-platform,Linked Account,2026-05-01T00:00:00Z,2026-06-01T00:00:00Z,2026-05-11T23:00:00Z,2026-05-12T00:00:00Z,Usage,,Shared EC2 host cost allocated to workload,Usage-Based,0.0786624,0.0786624,0.0786624,0.0786624,0.0960000000,0.0960000000,Standard,0.8194,Hours,USD,0.0960000000,0.0786624,0.0960000000,USD,0.8194,Hours,AmazonEC2,Compute,Virtual Machines,SKU-736a4dd80178572d8370293d,Compute,SPRICE-c862323f09b487c42efb1c6b,"{""InstanceType"":""m6i.large"",""InstanceSeries"":""M6i"",""CoreCount"":2,""MemorySize"":8,""OperatingSystem"":""Linux"",""x_Tenancy"":""Shared""}",arn:aws:ec2:us-east-1:200000000011:instance/shared-host-e70922af,shared-host-e70922af,EC2 Instance,us-east-1,US East (N. Virginia),us-east-1c,,,,,,,,,,,split-proportional,"{""Elements"":[{""AllocatedRatio"":1,""UsageUnit"":""Hours"",""UsageQuantity"":0.8194,""x_Strategy"":""Proportional"",""x_Basis"":""vCPUSeconds""}]}",arn:aws:eks:us-east-1:200000000011:workload/ingestion-edfa0c,workload-ingestion,"{""workload"":""ingestion"",""CostCenter"":""cc-2087""}","{""Environment"":""staging"",""CostCenter"":""cc-2087"",""Owner"":""team-data""}"
AWS,AWS,AWS,AWS,AWS,INV-2026-05-0001,100000000001,ExampleCorp Master Payer,Payer Account,200000000012,staging-platform,Linked Account,2026-05-01T00:00:00Z,2026-06-01T00:00:00Z,2026-05-12T00:00:00Z,2026-05-12T01:00:00Z,Usage,,Shared EC2 host cost allocated to workload,Usage-Based,0.0574752,0.0574752,0.0574752,0.0574752,0.0960000000,0.0960000000,Standard,0.5987,Hours,USD,0.0960000000,0.0574752,0.0960000000,USD,0.5987,Hours,AmazonEC2,Compute,Virtual Machines,SKU-ca9c2ba97f0b30fb137ef130,Compute,SPRICE-d7f4030fc2a8b65799f6b437,"{""InstanceType"":""m6i.large"",""InstanceSeries"":""M6i"",""CoreCount"":2,""MemorySize"":8,""OperatingSystem"":""Linux"",""x_Tenancy"":""Shared""}",arn:aws:ec2:eu-west-1:200000000012:instance/shared-host-ef584ff9,shared-host-ef584ff9,EC2 Instance,eu-west-1,EU (Ireland),eu-west-1b,,,,,,,,,,,split-proportional,"{""Elements"":[{""AllocatedRatio"":1,""UsageUnit"":""Hours"",""UsageQuantity"":0.5987,""x_Strategy"":""Proportional"",""x_Basis"":""vCPUSeconds""}]}",arn:aws:eks:eu-west-1:200000000012:workload/checkout-3d015f,workload-checkout,"{""workload"":""checkout"",""CostCenter"":""cc-3110""}","{""Environment"":""staging"",""CostCenter"":""cc-2087"",""Owner"":""team-payments""}"
AWS,AWS,AWS,AWS,AWS,INV-2026-05-0002,100000000002,ExampleCorp Secondary Payer,Payer Account,200000000013,data-analytics,Linked Account,2026-05-01T00:00:00Z,2026-06-01T00:00:00Z,2026-05-14T00:00:00Z,2026-05-15T00:00:00Z,Usage,,NAT gateway data processed,Usage-Based,15.5352735,15.5352735,15.5352735,15.5352735,0.0450000000,0.0450000000,Standard,345.2283,GB,USD,0.0450000000,15.5352735,0.0450000000,USD,345.2283,GB,AmazonVPC,Networking,Network Connectivity,SKU-0a48b40b1fa86593309c0c4c,Data Transfer,SPRICE-b948c57b4c22bb2955afff1a,"{""x_TransferType"":""InterAZ""}",arn:aws:ec2:ap-southeast-1:200000000013:natgateway/nat-87c16a7ddb7b,nat-87c16a7ddb7b,NAT Gateway,ap-southeast-1,Asia Pacific (Singapore),,,,,,,,,,,,,,,,,"{""Environment"":""prod"",""CostCenter"":""cc-2087"",""Owner"":""team-platform""}"
AWS,AWS,AWS,AWS,AWS,INV-2026-05-0002,100000000002,ExampleCorp Secondary Payer,Payer Account,200000000013,data-analytics,Linked Account,2026-05-01T00:00:00Z,2026-06-01T00:00:00Z,2026-05-12T02:00:00Z,2026-05-12T03:00:00Z,Usage,,Shared EC2 host cost allocated to workload,Usage-Based,0.0732,0.0732,0.0732,0.0732,0.0960000000,0.0960000000,Standard,0.7625,Hours,USD,0.0960000000,0.0732,0.0960000000,USD,0.7625,Hours,AmazonEC2,Compute,Virtual Machines,SKU-e0e295f006e6a0732dd5f77b,Compute,SPRICE-98f5ebeb1125d6e984c27bb1,"{""InstanceType"":""m6i.large"",""InstanceSeries"":""M6i"",""CoreCount"":2,""MemorySize"":8,""OperatingSystem"":""Linux"",""x_Tenancy"":""Shared""}",arn:aws:ec2:us-west-2:200000000013:instance/shared-host-0580009b,shared-host-0580009b,EC2 Instance,us-west-2,US West (Oregon),us-west-2a,,,,,,,,,,,split-weighted,"{""Elements"":[{""AllocatedRatio"":1,""UsageUnit"":""Hours"",""UsageQuantity"":0.7625,""x_Strategy"":""Weighted"",""x_Basis"":""MemoryBytes""}]}",arn:aws:eks:us-west-2:200000000013:workload/ingestion-7c2731,workload-ingestion,"{""workload"":""ingestion"",""CostCenter"":""cc-1042""}","{""Environment"":""dev"",""CostCenter"":""cc-3110"",""Owner"":""team-platform""}"
AWS,AWS,AWS,AWS,AWS,INV-2026-05-0002,100000000002,ExampleCorp Secondary Payer,Payer Account,200000000011,prod-platform,Linked Account,2026-05-01T00:00:00Z,2026-06-01T00:00:00Z,2026-05-03T00:00:00Z,2026-05-04T00:00:00Z,Tax,,Synthetic tax 10% on usage record 899: AmazonVPC,One-Time,1.78151985,1.78151985,1.78151985,1.78151985,,,,,,USD,,1.78151985,,USD,,,AmazonVPC,Networking,Network Connectivity,,,,,,,,,,,,,,,,,,,,,,,,,,"{""Environment"":""staging"",""CostCenter"":""cc-2087"",""Owner"":""team-platform""}"
AWS,AWS,AWS,AWS,AWS,INV-2026-05-0002,100000000002,ExampleCorp Secondary Payer,Payer Account,200000000011,prod-platform,Linked Account,2026-05-01T00:00:00Z,2026-06-01T00:00:00Z,2026-05-12T04:00:00Z,2026-05-12T05:00:00Z,Usage,,Shared EC2 host cost allocated to workload,Usage-Based,0.0586176,0.0586176,0.0586176,0.0586176,0.0960000000,0.0960000000,Standard,0.6106,Hours,USD,0.0960000000,0.0586176,0.0960000000,USD,0.6106,Hours,AmazonEC2,Compute,Virtual Machines,SKU-736a4dd80178572d8370293d,Compute,SPRICE-c862323f09b487c42efb1c6b,"{""InstanceType"":""m6i.large"",""InstanceSeries"":""M6i"",""CoreCount"":2,""MemorySize"":8,""OperatingSystem"":""Linux"",""x_Tenancy"":""Shared""}",arn:aws:ec2:us-east-1:200000000011:instance/shared-host-dda3a8c7,shared-host-dda3a8c7,EC2 Instance,us-east-1,US East (N. Virginia),us-east-1c,,,,,,,,,,,split-proportional,"{""Elements"":[{""AllocatedRatio"":1,""UsageUnit"":""Hours"",""UsageQuantity"":0.6106,""x_Strategy"":""Proportional"",""x_Basis"":""vCPUSeconds""}]}",arn:aws:eks:us-east-1:200000000011:workload/ingestion-36e0e4,workload-ingestion,"{""workload"":""ingestion"",""CostCenter"":""cc-3110""}","{""Environment"":""prod"",""CostCenter"":""cc-1042"",""Owner"":""team-platform""}"
AWS,AWS,AWS,AWS,AWS,INV-2026-05-0002,100000000002,ExampleCorp Secondary Payer,Payer Account,200000000013,data-analytics,Linked Account,2026-05-01T00:00:00Z,2026-06-01T00:00:00Z,2026-05-12T05:00:00Z,2026-05-12T06:00:00Z,Usage,,Shared EC2 host cost allocated to workload,Usage-Based,0.0863424,0.0863424,0.0863424,0.0863424,0.0960000000,0.0960000000,Standard,0.8994,Hours,USD,0.0960000000,0.0863424,0.0960000000,USD,0.8994,Hours,AmazonEC2,Compute,Virtual Machines,SKU-ca9c2ba97f0b30fb137ef130,Compute,SPRICE-d7f4030fc2a8b65799f6b437,"{""InstanceType"":""m6i.large"",""InstanceSeries"":""M6i"",""CoreCount"":2,""MemorySize"":8,""OperatingSystem"":""Linux"",""x_Tenancy"":""Shared""}",arn:aws:ec2:eu-west-1:200000000013:instance/shared-host-a860943b,shared-host-a860943b,EC2 Instance,eu-west-1,EU (Ireland),eu-west-1a,,,,,,,,,,,split-proportional,"{""Elements"":[{""AllocatedRatio"":1,""UsageUnit"":""Hours"",""UsageQuantity"":0.8994,""x_Strategy"":""Proportional"",""x_Basis"":""vCPUSeconds""}]}",arn:aws:eks:eu-west-1:200000000013:workload/search-fd0a4f,workload-search,"{""workload"":""search"",""CostCenter"":""cc-2087""}","{""Environment"":""staging"",""CostCenter"":""cc-3110"",""Owner"":""team-data""}"
AWS,AWS,AWS,AWS,AWS,INV-2026-05-0001,100000000001,ExampleCorp Master Payer,Payer Account,200000000014,sandbox-dev,Linked Account,2026-05-01T00:00:00Z,2026-06-01T00:00:00Z,2026-05-12T06:00:00Z,2026-05-12T07:00:00Z,Usage,,Linux on-demand m6i.large,Usage-Based,0.096,0.096,0.096,0.096,0.0960000000,0.0960000000,Standard,1.0000,Hours,USD,0.0960000000,0.096,0.0960000000,USD,1.0000,Hours,AmazonEC2,Compute,Virtual Machines,SKU-ca9c2ba97f0b30fb137ef130,Compute,SPRICE-d7f4030fc2a8b65799f6b437,"{""InstanceType"":""m6i.large"",""InstanceSeries"":""M6i"",""CoreCount"":2,""MemorySize"":8,""OperatingSystem"":""Linux"",""x_Tenancy"":""Shared""}",arn:aws:ec2:eu-west-1:200000000014:instance/i-49b637525228,i-49b637525228,EC2 Instance,eu-west-1,EU (Ireland),eu-west-1b,,,,,,,,,,,,,,,,"{""Environment"":""staging"",""CostCenter"":""cc-1042"",""Owner"":""team-platform""}"
AWS,AWS,AWS,AWS,AWS,INV-2026-05-0002,100000000002,ExampleCorp Secondary Payer,Payer Account,200000000011,prod-platform,Linked Account,2026-05-01T00:00:00Z,2026-06-01T00:00:00Z,2026-05-20T00:00:00Z,2026-05-21T00:00:00Z,Usage,,Glue ETL job run,Usage-Based,41.9191344,41.9191344,46.576816,41.9191344,0.4400000000,0.3960000000,Standard,105.8564,DPU-Hours,EUR,0.3643200000,38.565603648,0.4048000000,USD,105.8564,DPU-Hours,AWSGlue,Analytics,Data Processing,SKU-d1426392ab27c72810db5ee9,Data Processing,SPRICE-5867ebd0cfa6188b74ea4b3a,"{""x_WorkerType"":""G.1X""}",arn:aws:glue:ap-southeast-1:200000000011:job/job-b68e8cdfe3e0,job-b68e8cdfe3e0,Glue Job,ap-southeast-1,Asia Pacific (Singapore),,,,,,,,,"{""Elements"":[{""ContractId"":""CONTRACT-EA-2026-0001"",""ContractCommitmentId"":""CC-EA-SPEND-0001"",""ContractCommitmentAppliedCost"":41.91913440000000}]}",,,,,,,,"{""Environment"":""prod"",""CostCenter"":""cc-3110"",""Owner"":""team-data""}"
AWS,AWS,AWS,AWS,AWS,INV-2026-05-0002,100000000002,ExampleCorp Secondary Payer,Payer Account,200000000014,sandbox-dev,Linked Account,2026-05-01T00:00:00Z,2026-06-01T00:00:00Z,2026-05-21T00:00:00Z,2026-05-22T00:00:00Z,Usage,,Custom metrics,Usage-Based,44.23794,44.23794,44.23794,44.23794,0.3000000000,0.3000000000,Standard,147.4598,Metrics,USD,0.3000000000,44.23794,0.3000000000,USD,147.4598,Metrics,AmazonCloudWatch,Management and Governance,Observability,SKU-2491f45dad51aaef563400a5,Monitoring,SPRICE-5131bac450b55b26fd0cdc7e,"{""x_MetricType"":""Custom""}",arn:aws:cloudwatch:us-east-1:200000000014:metric/metric-4c2971f22a65,metric-4c2971f22a65,Metric,us-east-1,US East (N. Virginia),,,,,,,,,,,,,,,,,"{""Environment"":""dev"",""CostCenter"":""cc-3110"",""Owner"":""team-payments""}"
AWS,AWS,AWS,AWS,AWS,INV-2026-05-0001,100000000001,ExampleCorp Master Payer,Payer Account,200000000013,data-analytics,Linked Account,2026-05-01T00:00:00Z,2026-06-01T00:00:00Z,2026-05-12T09:00:00Z,2026-05-12T10:00:00Z,Usage,,Linux on-demand m6i.large,Usage-Based,0.096,0.096,0.096,0.096,0.0960000000,0.0960000000,Standard,1.0000,Hours,USD,0.0960000000,0.096,0.0960000000,USD,1.0000,Hours,AmazonEC2,Compute,Virtual Machines,SKU-736a4dd80178572d8370293d,Compute,SPRICE-c862323f09b487c42efb1c6b,"{""InstanceType"":""m6i.large"",""InstanceSeries"":""M6i"",""CoreCount"":2,""MemorySize"":8,""OperatingSystem"":""Linux"",""x_Tenancy"":""Shared""}",arn:aws:ec2:us-east-1:200000000013:instance/i-81bf53e4c669,i-81bf53e4c669,EC2 Instance,us-east-1,US East (N. Virginia),us-east-1c,,,,,,,,,,,,,,,,"{""Environment"":""prod"",""CostCenter"":""cc-3110"",""Owner"":""team-data""}"
AWS,AWS,AWS,AWS,AWS,INV-2026-05-0002,100000000002,ExampleCorp Secondary Payer,Payer Account,200000000014,sandbox-dev,Linked Account,2026-05-01T00:00:00Z,2026-06-01T00:00:00Z,2026-05-23T00:00:00Z,2026-05-24T00:00:00Z,Usage,,Glue ETL job run,Usage-Based,41.12592,41.12592,41.12592,41.12592,0.4400000000,0.4400000000,Standard,93.4680,DPU-Hours,USD,0.4400000000,41.12592,0.4400000000,USD,93.4680,DPU-Hours,AWSGlue,Analytics,Data Processing,SKU-edd508eddef1abee51edfd3a,Data Processing,SPRICE-d9fcf83357f0862b561e6bf6,"{""x_WorkerType"":""G.1X""}",arn:aws:glue:us-east-1:200000000014:job/job-6865c350713f,job-6865c350713f,Glue Job,us-east-1,US East (N. Virginia),,,,,,,,,,,,,,,,,"{""Environment"":""staging"",""CostCenter"":""cc-1042"",""Owner"":""team-payments""}"
AWS,AWS,AWS,AWS,AWS,INV-2026-05-0002,100000000002,ExampleCorp Secondary Payer,Payer Account,200000000012,staging-platform,Linked Account,2026-05-01T00:00:00Z,2026-06-01T00:00:00Z,2026-05-12T11:00:00Z,2026-05-12T12:00:00Z,Usage,,Linux on-demand m6i.large,Usage-Based,0.096,0.096,0.096,0.096,0.0960000000,0.0960000000,Standard,1.0000,Hours,USD,0.0960000000,0.096,0.0960000000,USD,1.0000,Hours,AmazonEC2,Compute,Virtual Machines,SKU-093c0d7a3a0491f8523e34c8,Compute,SPRICE-bab283475cbbabd222878e74,"{""InstanceType"":""m6i.large"",""InstanceSeries"":""M6i"",""CoreCount"":2,""MemorySize"":8,""OperatingSystem"":""Linux"",""x_Tenancy"":""Shared""}",arn:aws:ec2:ap-southeast-1:200000000012:instance/i-cf0ff6a81ad1,i-cf0ff6a81ad1,EC2 Instance,ap-southeast-1,Asia Pacific (Singapore),ap-southeast-1b,,,,,,,,,,,,,,,,"{""Environment"":""staging"",""CostCenter"":""cc-2087"",""Owner"":""team-data""}"
AWS,AWS,AWS,AWS,AWS,INV-2026-05-0001,100000000001,ExampleCorp Master Payer,Payer Account,200000000011,prod-platform,Linked Account,2026-05-01T00:00:00Z,2026-06-01T00:00:00Z,2026-05-12T12:00:00Z,2026-05-12T13:00:00Z,Usage,,Lambda function duration,Usage-Based,34.005410151,34.005410151,37.78386462424478,34.005410151,0.0000166667,0.0000150000,Standard,2267027.3434,GB-Seconds,USD,0.0000150000,34.005410151,0.0000166667,USD,2267027.3434,GB-Seconds,AWSLambda,Compute,Serverless Compute,SKU-7828f3c3be040bf04a99c13a,Compute,SPRICE-f43f05862dbfbeb78999da05,"{""x_Runtime"":""python3.12"",""x_Architecture"":""arm64""}",arn:aws:lambda:eu-west-1:200000000011:function/fn-36dc82728eee,fn-36dc82728eee,Lambda Function,eu-west-1,EU (Ireland),,,,,,,,,"{""Elements"":[{""ContractId"":""CONTRACT-EA-2026-0001"",""ContractCommitmentId"":""CC-EA-SPEND-0001"",""ContractCommitmentAppliedCost"":34.00541015100000}]}",,,,,,,,"{""Environment"":""dev"",""CostCenter"":""cc-1042"",""Owner"":""team-data""}"
AWS,AWS,AWS,AWS,AWS,INV-2026-05-0001,100000000001,ExampleCorp Master Payer,Payer Account,200000000011,prod-platform,Linked Account,2026-05-01T00:00:00Z,2026-06-01T00:00:00Z,2026-05-01T00:00:00Z,2026-06-01T00:00:00Z,Usage,,S3 Standard storage,Usage-Based,20.6188974,20.6188974,22.909886,20.6188974,0.0230000000,0.0207000000,Standard,996.0820,GB-Months,USD,0.0207000000,20.6188974,0.0230000000,USD,996.0820,GB-Months,AmazonS3,Storage,Object Storage,SKU-6042c508b21761919a0ed516,Storage,SPRICE-d35afe08308f10d3695aa71d,"{""StorageClass"":""Standard"",""Redundancy"":""Zonal""}",arn:aws:s3:eu-west-1:200000000011:bucket/bucket-1afe69ac58e2,bucket-1afe69ac58e2,S3 Bucket,eu-west-1,EU (Ireland),,,,,,,,,"{""Elements"":[{""ContractId"":""CONTRACT-EA-2026-0001"",""ContractCommitmentId"":""CC-EA-STORAGE-0002"",""ContractCommitmentAppliedCost"":20.61889740000000}]}",,,,,,,,"{""Environment"":""prod"",""CostCenter"":""cc-1042"",""Owner"":""team-platform""}"
AWS,AWS,AWS,AWS,AWS,INV-2026-05-0001,100000000001,ExampleCorp Master Payer,Payer Account,200000000013,data-analytics,Linked Account,2026-05-01T00:00:00Z,2026-06-01T00:00:00Z,2026-05-12T14:00:00Z,2026-05-12T15:00:00Z,Usage,,Shared EC2 host cost allocated to workload,Usage-Based,0.0622464,0.0622464,0.0622464,0.0622464,0.0960000000,0.0960000000,Standard,0.6484,Hours,USD,0.0960000000,0.0622464,0.0960000000,USD,0.6484,Hours,AmazonEC2,Compute,Virtual Machines,SKU-e0e295f006e6a0732dd5f77b,Compute,SPRICE-98f5ebeb1125d6e984c27bb1,"{""InstanceType"":""m6i.large"",""InstanceSeries"":""M6i"",""CoreCount"":2,""MemorySize"":8,""OperatingSystem"":""Linux"",""x_Tenancy"":""Shared""}",arn:aws:ec2:us-west-2:200000000013:instance/shared-host-6c2c7d26,shared-host-6c2c7d26,EC2 Instance,us-west-2,US West (Oregon),us-west-2b,,,,,,,,,,,split-weighted,"{""Elements"":[{""AllocatedRatio"":1,""UsageUnit"":""Hours"",""UsageQuantity"":0.6484,""x_Strategy"":""Weighted"",""x_Basis"":""MemoryBytes""}]}",arn:aws:eks:us-west-2:200000000013:workload/checkout-d24bf4,workload-checkout,"{""workload"":""checkout"",""CostCenter"":""cc-1042""}","{""Environment"":""dev"",""CostCenter"":""cc-2087"",""Owner"":""team-platform""}"
AWS,AWS,AWS,AWS,AWS,INV-2026-05-0002,100000000002,ExampleCorp Secondary Payer,Payer Account,200000000013,data-analytics,Linked Account,2026-05-01T00:00:00Z,2026-06-01T00:00:00Z,2026-05-01T00:00:00Z,2026-06-01T00:00:00Z,Usage,,S3 Standard storage,Usage-Based,29.37857643,29.37857643,32.6428627,29.37857643,0.0230000000,0.0207000000,Standard,1419.2549,GB-Months,USD,0.0207000000,29.37857643,0.0230000000,USD,1419.2549,GB-Months,AmazonS3,Storage,Object Storage,SKU-ca447aa86bf44972e43c1f69,Storage,SPRICE-92e9b7d21ce3c83c68f72f47,"{""StorageClass"":""Standard"",""Redundancy"":""Zonal""}",arn:aws:s3:us-east-1:200000000013:bucket/bucket-f5dcd5959cdf,bucket-f5dcd5959cdf,S3 Bucket,us-east-1,US East (N. Virginia),,,,,,,,,"{""Elements"":[{""ContractId"":""CONTRACT-EA-2026-0001"",""ContractCommitmentId"":""CC-EA-STORAGE-0002"",""ContractCommitmentAppliedCost"":29.37857643000000}]}",,,,,,,,"{""Environment"":""dev"",""CostCenter"":""cc-2087"",""Owner"":""team-data""}"
AWS,AWS,AWS,AWS,AWS,INV-2026-05-0001,100000000001,ExampleCorp Master Payer,Payer Account,200000000012,staging-platform,Linked Account,2026-05-01T00:00:00Z,2026-06-01T00:00:00Z,2026-05-01T00:00:00Z,2026-05-02T00:00:00Z,Purchase,,AmazonEC2 subscription fee,Recurring,261.93,261.93,261.93,261.93,261.93,261.93,Standard,1,Units,USD,261.9300000000,261.93,261.9300000000,USD,,,AmazonEC2,Compute,Virtual Machines,SKU-6c708c9363255f3bbb7a1f0e,Subscription,SPRICE-9be3a1877aa4b52809d640b6,"{""x_ChargeType"": ""SubscriptionFee""}",arn:aws:ec2:us-west-2:200000000012:instance/i-cda213418f6a,i-cda213418f6a,EC2 Instance,us-west-2,US West (Oregon),,,,,,,,,,,,,,,,,"{""Environment"":""prod"",""CostCenter"":""cc-2087"",""Owner"":""team-payments""}"
AWS,AWS,AWS,AWS,AWS,INV-2026-05-0002,100000000002,ExampleCorp Secondary Payer,Payer Account,200000000011,prod-platform,Linked Account,2026-05-01T00:00:00Z,2026-06-01T00:00:00Z,2026-05-12T17:00:00Z,2026-05-12T18:00:00Z,Usage,,Shared EC2 host cost allocated to workload,Usage-Based,0.0148992,0.0148992,0.0148992,0.0148992,0.0960000000,0.0960000000,Standard,0.1552,Hours,USD,0.0960000000,0.0148992,0.0960000000,USD,0.1552,Hours,AmazonEC2,Compute,Virtual Machines,SKU-ca9c2ba97f0b30fb137ef130,Compute,SPRICE-d7f4030fc2a8b65799f6b437,"{""InstanceType"":""m6i.large"",""InstanceSeries"":""M6i"",""CoreCount"":2,""MemorySize"":8,""OperatingSystem"":""Linux"",""x_Tenancy"":""Shared""}",arn:aws:ec2:eu-west-1:200000000011:instance/shared-host-ae8a85d6,shared-host-ae8a85d6,EC2 Instance,eu-west-1,EU (Ireland),eu-west-1a,,,,,,,,,,,split-even,"{""Elements"":[{""AllocatedRatio"":1,""UsageUnit"":""Hours"",""UsageQuantity"":0.1552,""x_Strategy"":""Even"",""x_Basis"":""Workloads""}]}",arn:aws:eks:eu-west-1:200000000011:workload/checkout-46dc8a,workload-checkout,"{""workload"":""checkout"",""CostCenter"":""cc-1042""}","{""Environment"":""prod"",""CostCenter"":""cc-2087"",""Owner"":""team-platform""}"
AWS,AWS,AWS,AWS,AWS,INV-2026-05-0002,100000000002,ExampleCorp Secondary Payer,Payer Account,200000000012,staging-platform,Linked Account,2026-05-01T00:00:00Z,2026-06-01T00:00:00Z,2026-05-03T00:00:00Z,2026-05-04T00:00:00Z,Purchase,,AmazonS3 subscription fee,Recurring,515.75,515.75,515.75,515.75,515.75,515.75,Standard,1,Units,USD,515.7500000000,515.75,515.7500000000,USD,,,AmazonS3,Storage,Object Storage,SKU-fc4e3eb1f39d5a6844dfb39b,Subscription,SPRICE-d3afc54c8c4a89c62ec7ebf8,"{""x_ChargeType"": ""SubscriptionFee""}",arn:aws:s3:us-east-1:200000000012:bucket/bucket-b55c89623d2c,bucket-b55c89623d2c,S3 Bucket,us-east-1,US East (N. Virginia),,,,,,,,,,,,,,,,,"{""Environment"":""staging"",""CostCenter"":""cc-2087"",""Owner"":""team-platform""}"
AWS,AWS,AWS,AWS,AWS,INV-2026-05-0001,100000000001,ExampleCorp Master Payer,Payer Account,200000000012,staging-platform,Linked Account,2026-05-01T00:00:00Z,2026-06-01T00:00:00Z,2026-05-12T19:00:00Z,2026-05-12T20:00:00Z,Purchase,,"Savings Plan commitment, amortised for the charge period",Recurring,32.016,0,32.016,32.016,1,1,Standard,32.016,USD,USD,1.0000000000,0,1.0000000000,USD,,,AmazonEC2,Compute,Virtual Machines,SKU-53792a378695e386e0280d5c,Commitment,SPRICE-56a7b3778b922200186036dc,"{""x_PurchaseTerm"":""1yr"",""x_PaymentOption"":""NoUpfront""}",arn:aws:savingsplans:eu-west-1::savingsplan/e50a162b19be03b8,savingsplan-fe5119cefdd9,Savings Plan,eu-west-1,EU (Ireland),,arn:aws:savingsplans:eu-west-1::savingsplan/e50a162b19be03b8,ComputeSavingsPlan-1yr-NoUpfront,Spend,Savings Plan,,32.016,USD,,,,,,,,,"{""Environment"":""prod"",""CostCenter"":""cc-2087"",""Owner"":""team-data""}"
AWS,AWS,AWS,AWS,AWS,INV-2026-05-0001,100000000001,ExampleCorp Master Payer,Payer Account,200000000012,staging-platform,Linked Account,2026-05-01T00:00:00Z,2026-06-01T00:00:00Z,2026-05-12T19:00:00Z,2026-05-12T20:00:00Z,Usage,,AmazonEC2 committed usage of 500 machine-equivalents,Usage-Based,0,32.016,48,43.2,0.0960000000,0.0864000000,Committed,500,Hours,USD,0.0864000000,32.016,0.0960000000,USD,500,Hours,AmazonEC2,Compute,Virtual Machines,SKU-ca9c2ba97f0b30fb137ef130,Compute,SPRICE-d7f4030fc2a8b65799f6b437,"{""InstanceType"":""m6i.large"",""InstanceSeries"":""M6i"",""CoreCount"":2,""MemorySize"":8,""OperatingSystem"":""Linux"",""x_Tenancy"":""Shared""}",urn:focus-sample:aws:eu-west-1:200000000012:compute-fleet:fleet71c783f8ceb99025f2257f46,fleet71c783f8ceb99025f2257f46,Compute Fleet,eu-west-1,EU (Ireland),eu-west-1a,arn:aws:savingsplans:eu-west-1::savingsplan/e50a162b19be03b8,ComputeSavingsPlan-1yr-NoUpfront,Spend,Savings Plan,Used,32.016,USD,"{""Elements"":[{""ContractId"":""CONTRACT-CD-0006"",""ContractCommitmentId"":""arn:aws:savingsplans:eu-west-1::savingsplan/e50a162b19be03b8"",""ContractCommitmentAppliedCost"":32.0160000000}]}",,,,,,,,"{""Environment"":""dev"",""CostCenter"":""cc-3110"",""Owner"":""team-data"",""SyntheticFleetSize"":""500""}"
AWS,AWS,AWS,AWS,AWS,INV-2026-05-0001,100000000001,ExampleCorp Master Payer,Payer Account,200000000012,staging-platform,Linked Account,2026-05-01T00:00:00Z,2026-06-01T00:00:00Z,2026-05-12T20:00:00Z,2026-05-12T21:00:00Z,Purchase,,"Savings Plan commitment, amortised for the charge period",Recurring,32.016,0,32.016,32.016,1,1,Standard,32.016,USD,USD,1.0000000000,0,1.0000000000,USD,,,AmazonEC2,Compute,Virtual Machines,SKU-53792a378695e386e0280d5c,Commitment,SPRICE-56a7b3778b922200186036dc,"{""x_PurchaseTerm"":""1yr"",""x_PaymentOption"":""NoUpfront""}",arn:aws:savingsplans:eu-west-1::savingsplan/e50a162b19be03b8,savingsplan-fe5119cefdd9,Savings Plan,eu-west-1,EU (Ireland),,arn:aws:savingsplans:eu-west-1::savingsplan/e50a162b19be03b8,ComputeSavingsPlan-1yr-NoUpfront,Spend,Savings Plan,,32.016,USD,,,,,,,,,"{""Environment"":""staging"",""CostCenter"":""cc-2087"",""Owner"":""team-data""}"
AWS,AWS,AWS,AWS,AWS,INV-2026-05-0001,100000000001,ExampleCorp Master Payer,Payer Account,200000000012,staging-platform,Linked Account,2026-05-01T00:00:00Z,2026-06-01T00:00:00Z,2026-05-12T20:00:00Z,2026-05-12T21:00:00Z,Usage,,AmazonEC2 committed usage of 500 machine-equivalents,Usage-Based,0,32.016,48,43.2,0.0960000000,0.0864000000,Committed,500,Hours,USD,0.0864000000,32.016,0.0960000000,USD,500,Hours,AmazonEC2,Compute,Virtual Machines,SKU-ca9c2ba97f0b30fb137ef130,Compute,SPRICE-d7f4030fc2a8b65799f6b437,"{""InstanceType"":""m6i.large"",""InstanceSeries"":""M6i"",""CoreCount"":2,""MemorySize"":8,""OperatingSystem"":""Linux"",""x_Tenancy"":""Shared""}",urn:focus-sample:aws:eu-west-1:200000000012:compute-fleet:fleet71c783f8ceb99025f2257f46,fleet71c783f8ceb99025f2257f46,Compute Fleet,eu-west-1,EU (Ireland),eu-west-1a,arn:aws:savingsplans:eu-west-1::savingsplan/e50a162b19be03b8,ComputeSavingsPlan-1yr-NoUpfront,Spend,Savings Plan,Used,32.016,USD,"{""Elements"":[{""ContractId"":""CONTRACT-CD-0006"",""ContractCommitmentId"":""arn:aws:savingsplans:eu-west-1::savingsplan/e50a162b19be03b8"",""ContractCommitmentAppliedCost"":32.0160000000}]}",,,,,,,,"{""Environment"":""prod"",""CostCenter"":""cc-3110"",""Owner"":""team-payments"",""SyntheticFleetSize"":""500""}"
AWS,AWS,AWS,AWS,AWS,INV-2026-05-0001,100000000001,ExampleCorp Master Payer,Payer Account,200000000012,staging-platform,Linked Account,2026-05-01T00:00:00Z,2026-06-01T00:00:00Z,2026-05-12T21:00:00Z,2026-05-12T22:00:00Z,Purchase,,"Savings Plan commitment, amortised for the charge period",Recurring,32.016,0,32.016,32.016,1,1,Standard,32.016,USD,USD,1.0000000000,0,1.0000000000,USD,,,AmazonEC2,Compute,Virtual Machines,SKU-53792a378695e386e0280d5c,Commitment,SPRICE-56a7b3778b922200186036dc,"{""x_PurchaseTerm"":""1yr"",""x_PaymentOption"":""NoUpfront""}",arn:aws:savingsplans:eu-west-1::savingsplan/e50a162b19be03b8,savingsplan-fe5119cefdd9,Savings Plan,eu-west-1,EU (Ireland),,arn:aws:savingsplans:eu-west-1::savingsplan/e50a162b19be03b8,ComputeSavingsPlan-1yr-NoUpfront,Spend,Savings Plan,,32.016,USD,,,,,,,,,"{""Environment"":""staging"",""CostCenter"":""cc-2087"",""Owner"":""team-payments""}"
AWS,AWS,AWS,AWS,AWS,INV-2026-05-0001,100000000001,ExampleCorp Master Payer,Payer Account,200000000012,staging-platform,Linked Account,2026-05-01T00:00:00Z,2026-06-01T00:00:00Z,2026-05-12T21:00:00Z,2026-05-12T22:00:00Z,Usage,,AmazonEC2 committed usage of 500 machine-equivalents,Usage-Based,0,32.016,48,43.2,0.0960000000,0.0864000000,Committed,500,Hours,USD,0.0864000000,32.016,0.0960000000,USD,500,Hours,AmazonEC2,Compute,Virtual Machines,SKU-ca9c2ba97f0b30fb137ef130,Compute,SPRICE-d7f4030fc2a8b65799f6b437,"{""InstanceType"":""m6i.large"",""InstanceSeries"":""M6i"",""CoreCount"":2,""MemorySize"":8,""OperatingSystem"":""Linux"",""x_Tenancy"":""Shared""}",urn:focus-sample:aws:eu-west-1:200000000012:compute-fleet:fleet71c783f8ceb99025f2257f46,fleet71c783f8ceb99025f2257f46,Compute Fleet,eu-west-1,EU (Ireland),eu-west-1a,arn:aws:savingsplans:eu-west-1::savingsplan/e50a162b19be03b8,ComputeSavingsPlan-1yr-NoUpfront,Spend,Savings Plan,Used,32.016,USD,"{""Elements"":[{""ContractId"":""CONTRACT-CD-0006"",""ContractCommitmentId"":""arn:aws:savingsplans:eu-west-1::savingsplan/e50a162b19be03b8"",""ContractCommitmentAppliedCost"":32.0160000000}]}",,,,,,,,"{""Environment"":""staging"",""CostCenter"":""cc-1042"",""Owner"":""team-platform"",""SyntheticFleetSize"":""500""}"
AWS,AWS,AWS,AWS,AWS,INV-2026-05-0001,100000000001,ExampleCorp Master Payer,Payer Account,200000000012,staging-platform,Linked Account,2026-05-01T00:00:00Z,2026-06-01T00:00:00Z,2026-05-12T22:00:00Z,2026-05-12T23:00:00Z,Purchase,,"Savings Plan commitment, amortised for the charge period",Recurring,32.016,0,32.016,32.016,1,1,Standard,32.016,USD,USD,1.0000000000,0,1.0000000000,USD,,,AmazonEC2,Compute,Virtual Machines,SKU-53792a378695e386e0280d5c,Commitment,SPRICE-56a7b3778b922200186036dc,"{""x_PurchaseTerm"":""1yr"",""x_PaymentOption"":""NoUpfront""}",arn:aws:savingsplans:eu-west-1::savingsplan/e50a162b19be03b8,savingsplan-fe5119cefdd9,Savings Plan,eu-west-1,EU (Ireland),,arn:aws:savingsplans:eu-west-1::savingsplan/e50a162b19be03b8,ComputeSavingsPlan-1yr-NoUpfront,Spend,Savings Plan,,32.016,USD,,,,,,,,,"{""Environment"":""prod"",""CostCenter"":""cc-1042"",""Owner"":""team-platform""}"
AWS,AWS,AWS,AWS,AWS,INV-2026-05-0001,100000000001,ExampleCorp Master Payer,Payer Account,200000000012,staging-platform,Linked Account,2026-05-01T00:00:00Z,2026-06-01T00:00:00Z,2026-05-12T22:00:00Z,2026-05-12T23:00:00Z,Usage,,AmazonEC2 committed usage of 500 machine-equivalents,Usage-Based,0,32.016,48,43.2,0.0960000000,0.0864000000,Committed,500,Hours,USD,0.0864000000,32.016,0.0960000000,USD,500,Hours,AmazonEC2,Compute,Virtual Machines,SKU-ca9c2ba97f0b30fb137ef130,Compute,SPRICE-d7f4030fc2a8b65799f6b437,"{""InstanceType"":""m6i.large"",""InstanceSeries"":""M6i"",""CoreCount"":2,""MemorySize"":8,""OperatingSystem"":""Linux"",""x_Tenancy"":""Shared""}",urn:focus-sample:aws:eu-west-1:200000000012:compute-fleet:fleet71c783f8ceb99025f2257f46,fleet71c783f8ceb99025f2257f46,Compute Fleet,eu-west-1,EU (Ireland),eu-west-1a,arn:aws:savingsplans:eu-west-1::savingsplan/e50a162b19be03b8,ComputeSavingsPlan-1yr-NoUpfront,Spend,Savings Plan,Used,32.016,USD,"{""Elements"":[{""ContractId"":""CONTRACT-CD-0006"",""ContractCommitmentId"":""arn:aws:savingsplans:eu-west-1::savingsplan/e50a162b19be03b8"",""ContractCommitmentAppliedCost"":32.0160000000}]}",,,,,,,,"{""Environment"":""dev"",""CostCenter"":""cc-2087"",""Owner"":""team-payments"",""SyntheticFleetSize"":""500""}"
AWS,AWS,AWS,AWS,AWS,INV-2026-05-0001,100000000001,ExampleCorp Master Payer,Payer Account,200000000012,staging-platform,Linked Account,2026-05-01T00:00:00Z,2026-06-01T00:00:00Z,2026-05-12T23:00:00Z,2026-05-13T00:00:00Z,Purchase,,"Savings Plan commitment, amortised for the charge period",Recurring,32.016,0,32.016,32.016,1,1,Standard,32.016,USD,USD,1.0000000000,0,1.0000000000,USD,,,AmazonEC2,Compute,Virtual Machines,SKU-53792a378695e386e0280d5c,Commitment,SPRICE-56a7b3778b922200186036dc,"{""x_PurchaseTerm"":""1yr"",""x_PaymentOption"":""NoUpfront""}",arn:aws:savingsplans:eu-west-1::savingsplan/e50a162b19be03b8,savingsplan-fe5119cefdd9,Savings Plan,eu-west-1,EU (Ireland),,arn:aws:savingsplans:eu-west-1::savingsplan/e50a162b19be03b8,ComputeSavingsPlan-1yr-NoUpfront,Spend,Savings Plan,,32.016,USD,,,,,,,,,"{""Environment"":""staging"",""CostCenter"":""cc-1042"",""Owner"":""team-data""}"
AWS,AWS,AWS,AWS,AWS,INV-2026-05-0001,100000000001,ExampleCorp Master Payer,Payer Account,200000000012,staging-platform,Linked Account,2026-05-01T00:00:00Z,2026-06-01T00:00:00Z,2026-05-12T23:00:00Z,2026-05-13T00:00:00Z,Usage,,AmazonEC2 committed usage of 500 machine-equivalents,Usage-Based,0,32.016,48,43.2,0.0960000000,0.0864000000,Committed,500,Hours,USD,0.0864000000,32.016,0.0960000000,USD,500,Hours,AmazonEC2,Compute,Virtual Machines,SKU-ca9c2ba97f0b30fb137ef130,Compute,SPRICE-d7f4030fc2a8b65799f6b437,"{""InstanceType"":""m6i.large"",""InstanceSeries"":""M6i"",""CoreCount"":2,""MemorySize"":8,""OperatingSystem"":""Linux"",""x_Tenancy"":""Shared""}",urn:focus-sample:aws:eu-west-1:200000000012:compute-fleet:fleet71c783f8ceb99025f2257f46,fleet71c783f8ceb99025f2257f46,Compute Fleet,eu-west-1,EU (Ireland),eu-west-1a,arn:aws:savingsplans:eu-west-1::savingsplan/e50a162b19be03b8,ComputeSavingsPlan-1yr-NoUpfront,Spend,Savings Plan,Used,32.016,USD,"{""Elements"":[{""ContractId"":""CONTRACT-CD-0006"",""ContractCommitmentId"":""arn:aws:savingsplans:eu-west-1::savingsplan/e50a162b19be03b8"",""ContractCommitmentAppliedCost"":32.0160000000}]}",,,,,,,,"{""Environment"":""dev"",""CostCenter"":""cc-1042"",""Owner"":""team-data"",""SyntheticFleetSize"":""500""}"
AWS,AWS,AWS,AWS,AWS,INV-2026-05-0001,100000000001,ExampleCorp Master Payer,Payer Account,200000000012,staging-platform,Linked Account,2026-05-01T00:00:00Z,2026-06-01T00:00:00Z,2026-05-13T00:00:00Z,2026-05-13T01:00:00Z,Purchase,,"Savings Plan commitment, amortised for the charge period",Recurring,32.016,0,32.016,32.016,1,1,Standard,32.016,USD,USD,1.0000000000,0,1.0000000000,USD,,,AmazonEC2,Compute,Virtual Machines,SKU-53792a378695e386e0280d5c,Commitment,SPRICE-56a7b3778b922200186036dc,"{""x_PurchaseTerm"":""1yr"",""x_PaymentOption"":""NoUpfront""}",arn:aws:savingsplans:eu-west-1::savingsplan/e50a162b19be03b8,savingsplan-fe5119cefdd9,Savings Plan,eu-west-1,EU (Ireland),,arn:aws:savingsplans:eu-west-1::savingsplan/e50a162b19be03b8,ComputeSavingsPlan-1yr-NoUpfront,Spend,Savings Plan,,32.016,USD,,,,,,,,,"{""Environment"":""staging"",""CostCenter"":""cc-1042"",""Owner"":""team-payments""}"
AWS,AWS,AWS,AWS,AWS,INV-2026-05-0001,100000000001,ExampleCorp Master Payer,Payer Account,200000000012,staging-platform,Linked Account,2026-05-01T00:00:00Z,2026-06-01T00:00:00Z,2026-05-13T00:00:00Z,2026-05-13T01:00:00Z,Usage,,AmazonEC2 committed usage of 500 machine-equivalents,Usage-Based,0,32.016,48,43.2,0.0960000000,0.0864000000,Committed,500,Hours,USD,0.0864000000,32.016,0.0960000000,USD,500,Hours,AmazonEC2,Compute,Virtual Machines,SKU-ca9c2ba97f0b30fb137ef130,Compute,SPRICE-d7f4030fc2a8b65799f6b437,"{""InstanceType"":""m6i.large"",""InstanceSeries"":""M6i"",""CoreCount"":2,""MemorySize"":8,""OperatingSystem"":""Linux"",""x_Tenancy"":""Shared""}",urn:focus-sample:aws:eu-west-1:200000000012:compute-fleet:fleet71c783f8ceb99025f2257f46,fleet71c783f8ceb99025f2257f46,Compute Fleet,eu-west-1,EU (Ireland),eu-west-1a,arn:aws:savingsplans:eu-west-1::savingsplan/e50a162b19be03b8,ComputeSavingsPlan-1yr-NoUpfront,Spend,Savings Plan,Used,32.016,USD,"{""Elements"":[{""ContractId"":""CONTRACT-CD-0006"",""ContractCommitmentId"":""arn:aws:savingsplans:eu-west-1::savingsplan/e50a162b19be03b8"",""ContractCommitmentAppliedCost"":32.0160000000}]}",,,,,,,,"{""Environment"":""staging"",""CostCenter"":""cc-2087"",""Owner"":""team-data"",""SyntheticFleetSize"":""500""}"
AWS,AWS,AWS,AWS,AWS,INV-2026-05-0001,100000000001,ExampleCorp Master Payer,Payer Account,200000000012,staging-platform,Linked Account,2026-05-01T00:00:00Z,2026-06-01T00:00:00Z,2026-05-13T01:00:00Z,2026-05-13T02:00:00Z,Purchase,,"Savings Plan commitment, amortised for the charge period",Recurring,32.016,0,32.016,32.016,1,1,Standard,32.016,USD,USD,1.0000000000,0,1.0000000000,USD,,,AmazonEC2,Compute,Virtual Machines,SKU-53792a378695e386e0280d5c,Commitment,SPRICE-56a7b3778b922200186036dc,"{""x_PurchaseTerm"":""1yr"",""x_PaymentOption"":""NoUpfront""}",arn:aws:savingsplans:eu-west-1::savingsplan/e50a162b19be03b8,savingsplan-fe5119cefdd9,Savings Plan,eu-west-1,EU (Ireland),,arn:aws:savingsplans:eu-west-1::savingsplan/e50a162b19be03b8,ComputeSavingsPlan-1yr-NoUpfront,Spend,Savings Plan,,32.016,USD,,,,,,,,,"{""Environment"":""dev"",""CostCenter"":""cc-3110"",""Owner"":""team-platform""}"
AWS,AWS,AWS,AWS,AWS,INV-2026-05-0001,100000000001,ExampleCorp Master Payer,Payer Account,200000000012,staging-platform,Linked Account,2026-05-01T00:00:00Z,2026-06-01T00:00:00Z,2026-05-13T01:00:00Z,2026-05-13T02:00:00Z,Usage,,AmazonEC2 committed usage of 500 machine-equivalents,Usage-Based,0,32.016,48,43.2,0.0960000000,0.0864000000,Committed,500,Hours,USD,0.0864000000,32.016,0.0960000000,USD,500,Hours,AmazonEC2,Compute,Virtual Machines,SKU-ca9c2ba97f0b30fb137ef130,Compute,SPRICE-d7f4030fc2a8b65799f6b437,"{""InstanceType"":""m6i.large"",""InstanceSeries"":""M6i"",""CoreCount"":2,""MemorySize"":8,""OperatingSystem"":""Linux"",""x_Tenancy"":""Shared""}",urn:focus-sample:aws:eu-west-1:200000000012:compute-fleet:fleet71c783f8ceb99025f2257f46,fleet71c783f8ceb99025f2257f46,Compute Fleet,eu-west-1,EU (Ireland),eu-west-1a,arn:aws:savingsplans:eu-west-1::savingsplan/e50a162b19be03b8,ComputeSavingsPlan-1yr-NoUpfront,Spend,Savings Plan,Used,32.016,USD,"{""Elements"":[{""ContractId"":""CONTRACT-CD-0006"",""ContractCommitmentId"":""arn:aws:savingsplans:eu-west-1::savingsplan/e50a162b19be03b8"",""ContractCommitmentAppliedCost"":32.0160000000}]}",,,,,,,,"{""Environment"":""dev"",""CostCenter"":""cc-2087"",""Owner"":""team-payments"",""SyntheticFleetSize"":""500""}"
AWS,AWS,AWS,AWS,AWS,INV-2026-05-0001,100000000001,ExampleCorp Master Payer,Payer Account,200000000012,staging-platform,Linked Account,2026-05-01T00:00:00Z,2026-06-01T00:00:00Z,2026-05-13T02:00:00Z,2026-05-13T03:00:00Z,Purchase,,"Savings Plan commitment, amortised for the charge period",Recurring,32.016,0,32.016,32.016,1,1,Standard,32.016,USD,USD,1.0000000000,0,1.0000000000,USD,,,AmazonEC2,Compute,Virtual Machines,SKU-53792a378695e386e0280d5c,Commitment,SPRICE-56a7b3778b922200186036dc,"{""x_PurchaseTerm"":""1yr"",""x_PaymentOption"":""NoUpfront""}",arn:aws:savingsplans:eu-west-1::savingsplan/e50a162b19be03b8,savingsplan-fe5119cefdd9,Savings Plan,eu-west-1,EU (Ireland),,arn:aws:savingsplans:eu-west-1::savingsplan/e50a162b19be03b8,ComputeSavingsPlan-1yr-NoUpfront,Spend,Savings Plan,,32.016,USD,,,,,,,,,"{""Environment"":""staging"",""CostCenter"":""cc-3110"",""Owner"":""team-payments""}"
AWS,AWS,AWS,AWS,AWS,INV-2026-05-0001,100000000001,ExampleCorp Master Payer,Payer Account,200000000012,staging-platform,Linked Account,2026-05-01T00:00:00Z,2026-06-01T00:00:00Z,2026-05-13T02:00:00Z,2026-05-13T03:00:00Z,Usage,,Savings Plan unused commitment,Usage-Based,0,32.016,32.016,32.016,1,1,Committed,32.016,USD,USD,1.0000000000,32.016,1.0000000000,USD,,,AmazonEC2,Compute,Virtual Machines,SKU-53792a378695e386e0280d5c,Commitment,SPRICE-56a7b3778b922200186036dc,"{""x_PurchaseTerm"":""1yr"",""x_PaymentOption"":""NoUpfront""}",arn:aws:savingsplans:eu-west-1::savingsplan/e50a162b19be03b8,savingsplan-fe5119cefdd9,Savings Plan,eu-west-1,EU (Ireland),,arn:aws:savingsplans:eu-west-1::savingsplan/e50a162b19be03b8,ComputeSavingsPlan-1yr-NoUpfront,Spend,Savings Plan,Unused,32.016,USD,"{""Elements"":[{""ContractId"":""CONTRACT-CD-0006"",""ContractCommitmentId"":""arn:aws:savingsplans:eu-west-1::savingsplan/e50a162b19be03b8"",""ContractCommitmentAppliedCost"":32.0160000000}]}",,,,,,,,"{""Environment"":""dev"",""CostCenter"":""cc-2087"",""Owner"":""team-platform""}"
AWS,AWS,AWS,AWS,AWS,INV-2026-05-0001,100000000001,ExampleCorp Master Payer,Payer Account,200000000012,staging-platform,Linked Account,2026-05-01T00:00:00Z,2026-06-01T00:00:00Z,2026-05-13T03:00:00Z,2026-05-13T04:00:00Z,Purchase,,"Savings Plan commitment, amortised for the charge period",Recurring,32.016,0,32.016,32.016,1,1,Standard,32.016,USD,USD,1.0000000000,0,1.0000000000,USD,,,AmazonEC2,Compute,Virtual Machines,SKU-53792a378695e386e0280d5c,Commitment,SPRICE-56a7b3778b922200186036dc,"{""x_PurchaseTerm"":""1yr"",""x_PaymentOption"":""NoUpfront""}",arn:aws:savingsplans:eu-west-1::savingsplan/e50a162b19be03b8,savingsplan-fe5119cefdd9,Savings Plan,eu-west-1,EU (Ireland),,arn:aws:savingsplans:eu-west-1::savingsplan/e50a162b19be03b8,ComputeSavingsPlan-1yr-NoUpfront,Spend,Savings Plan,,32.016,USD,,,,,,,,,"{""Environment"":""dev"",""CostCenter"":""cc-2087"",""Owner"":""team-platform""}"
AWS,AWS,AWS,AWS,AWS,INV-2026-05-0001,100000000001,ExampleCorp Master Payer,Payer Account,200000000012,staging-platform,Linked Account,2026-05-01T00:00:00Z,2026-06-01T00:00:00Z,2026-05-13T03:00:00Z,2026-05-13T04:00:00Z,Usage,,Savings Plan unused commitment,Usage-Based,0,32.016,32.016,32.016,1,1,Committed,32.016,USD,USD,1.0000000000,32.016,1.0000000000,USD,,,AmazonEC2,Compute,Virtual Machines,SKU-53792a378695e386e0280d5c,Commitment,SPRICE-56a7b3778b922200186036dc,"{""x_PurchaseTerm"":""1yr"",""x_PaymentOption"":""NoUpfront""}",arn:aws:savingsplans:eu-west-1::savingsplan/e50a162b19be03b8,savingsplan-fe5119cefdd9,Savings Plan,eu-west-1,EU (Ireland),,arn:aws:savingsplans:eu-west-1::savingsplan/e50a162b19be03b8,ComputeSavingsPlan-1yr-NoUpfront,Spend,Savings Plan,Unused,32.016,USD,"{""Elements"":[{""ContractId"":""CONTRACT-CD-0006"",""ContractCommitmentId"":""arn:aws:savingsplans:eu-west-1::savingsplan/e50a162b19be03b8"",""ContractCommitmentAppliedCost"":32.0160000000}]}",,,,,,,,"{""Environment"":""staging"",""CostCenter"":""cc-3110"",""Owner"":""team-data""}"
AWS,AWS,AWS,AWS,AWS,INV-2026-05-0002,100000000002,ExampleCorp Secondary Payer,Payer Account,200000000011,prod-platform,Linked Account,2026-05-01T00:00:00Z,2026-06-01T00:00:00Z,2026-05-13T13:00:00Z,2026-05-13T14:00:00Z,Usage,,Shared EC2 host cost allocated to workload,Usage-Based,0.0477024,0.0477024,0.0477024,0.0477024,0.0960000000,0.0960000000,Standard,0.4969,Hours,USD,0.0960000000,0.0477024,0.0960000000,USD,0.4969,Hours,AmazonEC2,Compute,Virtual Machines,SKU-ca9c2ba97f0b30fb137ef130,Compute,SPRICE-d7f4030fc2a8b65799f6b437,"{""InstanceType"":""m6i.large"",""InstanceSeries"":""M6i"",""CoreCount"":2,""MemorySize"":8,""OperatingSystem"":""Linux"",""x_Tenancy"":""Shared""}",arn:aws:ec2:eu-west-1:200000000011:instance/shared-host-db7e0204,shared-host-db7e0204,EC2 Instance,eu-west-1,EU (Ireland),eu-west-1a,,,,,,,,,,,split-even,"{""Elements"":[{""AllocatedRatio"":1,""UsageUnit"":""Hours"",""UsageQuantity"":0.4969,""x_Strategy"":""Even"",""x_Basis"":""Workloads""}]}",arn:aws:eks:eu-west-1:200000000011:workload/ingestion-54ac0d,workload-ingestion,"{""workload"":""ingestion"",""CostCenter"":""cc-3110""}","{""Environment"":""staging"",""CostCenter"":""cc-2087"",""Owner"":""team-payments""}"
AWS,AWS,AWS,AWS,AWS,INV-2026-05-0002,100000000002,ExampleCorp Secondary Payer,Payer Account,200000000014,sandbox-dev,Linked Account,2026-05-01T00:00:00Z,2026-06-01T00:00:00Z,2026-05-13T14:00:00Z,2026-05-13T15:00:00Z,Usage,,Shared EC2 host cost allocated to workload,Usage-Based,0.0107424,0.0107424,0.0107424,0.0107424,0.0960000000,0.0960000000,Standard,0.1119,Hours,USD,0.0960000000,0.0107424,0.0960000000,USD,0.1119,Hours,AmazonEC2,Compute,Virtual Machines,SKU-093c0d7a3a0491f8523e34c8,Compute,SPRICE-bab283475cbbabd222878e74,"{""InstanceType"":""m6i.large"",""InstanceSeries"":""M6i"",""CoreCount"":2,""MemorySize"":8,""OperatingSystem"":""Linux"",""x_Tenancy"":""Shared""}",arn:aws:ec2:ap-southeast-1:200000000014:instance/shared-host-fa1b0deb,shared-host-fa1b0deb,EC2 Instance,ap-southeast-1,Asia Pacific (Singapore),ap-southeast-1b,,,,,,,,,,,split-proportional,"{""Elements"":[{""AllocatedRatio"":1,""UsageUnit"":""Hours"",""UsageQuantity"":0.1119,""x_Strategy"":""Proportional"",""x_Basis"":""vCPUSeconds""}]}",arn:aws:eks:ap-southeast-1:200000000014:workload/analytics-8e7991,workload-analytics,"{""workload"":""analytics"",""CostCenter"":""cc-3110""}","{""Environment"":""dev"",""CostCenter"":""cc-2087"",""Owner"":""team-platform""}"
AWS,AWS,AWS,AWS,AWS,INV-2026-05-0001,100000000001,ExampleCorp Master Payer,Payer Account,200000000013,data-analytics,Linked Account,2026-05-01T00:00:00Z,2026-06-01T00:00:00Z,2026-05-13T15:00:00Z,2026-05-13T16:00:00Z,Usage,,Shared EC2 host cost allocated to workload,Usage-Based,0.0225504,0.0225504,0.0225504,0.0225504,0.0960000000,0.0960000000,Standard,0.2349,Hours,USD,0.0960000000,0.0225504,0.0960000000,USD,0.2349,Hours,AmazonEC2,Compute,Virtual Machines,SKU-e0e295f006e6a0732dd5f77b,Compute,SPRICE-98f5ebeb1125d6e984c27bb1,"{""InstanceType"":""m6i.large"",""InstanceSeries"":""M6i"",""CoreCount"":2,""MemorySize"":8,""OperatingSystem"":""Linux"",""x_Tenancy"":""Shared""}",arn:aws:ec2:us-west-2:200000000013:instance/shared-host-a9c04022,shared-host-a9c04022,EC2 Instance,us-west-2,US West (Oregon),us-west-2b,,,,,,,,,,,split-weighted,"{""Elements"":[{""AllocatedRatio"":1,""UsageUnit"":""Hours"",""UsageQuantity"":0.2349,""x_Strategy"":""Weighted"",""x_Basis"":""MemoryBytes""}]}",arn:aws:eks:us-west-2:200000000013:workload/billing-066cb2,workload-billing,"{""workload"":""billing"",""CostCenter"":""cc-2087""}","{""Environment"":""staging"",""CostCenter"":""cc-2087"",""Owner"":""team-payments""}"
AWS,AWS,AWS,AWS,AWS,INV-2026-05-0001,100000000001,ExampleCorp Master Payer,Payer Account,200000000013,data-analytics,Linked Account,2026-05-01T00:00:00Z,2026-06-01T00:00:00Z,2026-05-25T00:00:00Z,2026-05-26T00:00:00Z,Usage,,Custom metrics,Usage-Based,47.162466,47.162466,52.40274,47.162466,0.3000000000,0.2700000000,Standard,174.6758,Metrics,EUR,0.2484000000,43.38946872,0.2760000000,USD,174.6758,Metrics,AmazonCloudWatch,Management and Governance,Observability,SKU-7f3902e3f370805f0a245d7f,Monitoring,SPRICE-a898791670559a1f7da92145,"{""x_MetricType"":""Custom""}",arn:aws:cloudwatch:ap-southeast-1:200000000013:metric/metric-e3ee9c3f9e3b,metric-e3ee9c3f9e3b,Metric,ap-southeast-1,Asia Pacific (Singapore),,,,,,,,,"{""Elements"":[{""ContractId"":""CONTRACT-EA-2026-0001"",""ContractCommitmentId"":""CC-EA-SPEND-0001"",""ContractCommitmentAppliedCost"":47.16246600000000}]}",,,,,,,,"{""Environment"":""prod"",""CostCenter"":""cc-1042"",""Owner"":""team-payments""}"
AWS,AWS,AWS,AWS,AWS,INV-2026-05-0001,100000000001,ExampleCorp Master Payer,Payer Account,200000000013,data-analytics,Linked Account,2026-05-01T00:00:00Z,2026-06-01T00:00:00Z,2026-05-26T00:00:00Z,2026-05-27T00:00:00Z,Usage,,NAT gateway data processed,Usage-Based,4.4741745,4.4741745,4.4741745,4.4741745,0.0450000000,0.0450000000,Standard,99.4261,GB,USD,0.0450000000,4.4741745,0.0450000000,USD,99.4261,GB,AmazonVPC,Networking,Network Connectivity,SKU-935abd9125f7268b4f0eb1ad,Data Transfer,SPRICE-130c94d71c797814c8e72b46,"{""x_TransferType"":""InterAZ""}",arn:aws:ec2:us-east-1:200000000013:natgateway/nat-074f023cb854,nat-074f023cb854,NAT Gateway,us-east-1,US East (N. Virginia),,,,,,,,,,,,,,,,,"{""Environment"":""staging"",""CostCenter"":""cc-1042"",""Owner"":""team-data""}"
AWS,AWS,AWS,AWS,AWS,INV-2026-05-0002,100000000002,ExampleCorp Secondary Payer,Payer Account,200000000014,sandbox-dev,Linked Account,2026-05-01T00:00:00Z,2026-06-01T00:00:00Z,2026-05-27T00:00:00Z,2026-05-28T00:00:00Z,Usage,,NAT gateway data processed,Usage-Based,15.60289635,15.60289635,17.3365515,15.60289635,0.0450000000,0.0405000000,Standard,385.2567,GB,USD,0.0405000000,15.60289635,0.0450000000,USD,385.2567,GB,AmazonVPC,Networking,Network Connectivity,SKU-0a48b40b1fa86593309c0c4c,Data Transfer,SPRICE-b948c57b4c22bb2955afff1a,"{""x_TransferType"":""InterAZ""}",arn:aws:ec2:ap-southeast-1:200000000014:natgateway/nat-b7bf847025f0,nat-b7bf847025f0,NAT Gateway,ap-southeast-1,Asia Pacific (Singapore),,,,,,,,,"{""Elements"":[{""ContractId"":""CONTRACT-EA-2026-0001"",""ContractCommitmentId"":""CC-EA-SPEND-0001"",""ContractCommitmentAppliedCost"":15.60289635000000}]}",,,,,,,,"{""Environment"":""dev"",""CostCenter"":""cc-3110"",""Owner"":""team-platform""}"
AWS,AWS,AWS,AWS,AWS,INV-2026-05-0001,100000000001,ExampleCorp Master Payer,Payer Account,200000000013,data-analytics,Linked Account,2026-05-01T00:00:00Z,2026-06-01T00:00:00Z,2026-05-21T03:00:00Z,2026-05-21T04:00:00Z,Tax,,Synthetic tax 10% on usage record 484: AmazonEC2,One-Time,0.0096,0.0096,0.0096,0.0096,,,,,,USD,,0.0096,,USD,,,AmazonEC2,Compute,Virtual Machines,,,,,,,,,,,,,,,,,,,,,,,,,,"{""Environment"":""dev"",""CostCenter"":""cc-1042"",""Owner"":""team-payments""}"
AWS,AWS,AWS,AWS,AWS,INV-2026-05-0001,100000000001,ExampleCorp Master Payer,Payer Account,200000000011,prod-platform,Linked Account,2026-05-01T00:00:00Z,2026-06-01T00:00:00Z,2026-05-01T00:00:00Z,2026-05-02T00:00:00Z,Usage,,Custom metrics,Usage-Based,54.16665,54.16665,54.16665,54.16665,0.3000000000,0.3000000000,Standard,180.5555,Metrics,USD,0.3000000000,54.16665,0.3000000000,USD,180.5555,Metrics,AmazonCloudWatch,Management and Governance,Observability,SKU-2491f45dad51aaef563400a5,Monitoring,SPRICE-5131bac450b55b26fd0cdc7e,"{""x_MetricType"":""Custom""}",arn:aws:cloudwatch:us-east-1:200000000011:metric/metric-15ccc8bb7736,metric-15ccc8bb7736,Metric,us-east-1,US East (N. Virginia),,,,,,,,,,,,,,,,,"{""Environment"":""prod"",""CostCenter"":""cc-1042"",""Owner"":""team-platform""}"
AWS,AWS,AWS,AWS,AWS,INV-2026-05-0001,100000000001,ExampleCorp Master Payer,Payer Account,200000000014,sandbox-dev,Linked Account,2026-05-01T00:00:00Z,2026-06-01T00:00:00Z,2026-05-02T00:00:00Z,2026-05-03T00:00:00Z,Usage,,Glue ETL job run,Usage-Based,19.203624,19.203624,19.203624,19.203624,0.4400000000,0.4400000000,Standard,43.6446,DPU-Hours,USD,0.4400000000,19.203624,0.4400000000,USD,43.6446,DPU-Hours,AWSGlue,Analytics,Data Processing,SKU-edd508eddef1abee51edfd3a,Data Processing,SPRICE-d9fcf83357f0862b561e6bf6,"{""x_WorkerType"":""G.1X""}",arn:aws:glue:us-east-1:200000000014:job/job-3fad4a3b6d62,job-3fad4a3b6d62,Glue Job,us-east-1,US East (N. Virginia),,,,,,,,,,,,,,,,,"{""Environment"":""staging"",""CostCenter"":""cc-1042"",""Owner"":""team-payments""}"
AWS,AWS,AWS,AWS,AWS,INV-2026-05-0002,100000000002,ExampleCorp Secondary Payer,Payer Account,200000000014,sandbox-dev,Linked Account,2026-05-01T00:00:00Z,2026-06-01T00:00:00Z,2026-05-03T00:00:00Z,2026-05-04T00:00:00Z,Usage,,Custom metrics,Usage-Based,10.58562,10.58562,10.58562,10.58562,0.3000000000,0.3000000000,Standard,35.2854,Metrics,USD,0.3000000000,10.58562,0.3000000000,USD,35.2854,Metrics,AmazonCloudWatch,Management and Governance,Observability,SKU-917addcfe26d359456f585f4,Monitoring,SPRICE-bfed9ccd55f51b42ca94dd2b,"{""x_MetricType"":""Custom""}",arn:aws:cloudwatch:eu-west-1:200000000014:metric/metric-916f0c167fd9,metric-916f0c167fd9,Metric,eu-west-1,EU (Ireland),,,,,,,,,,,,,,,,,"{""Environment"":""staging"",""CostCenter"":""cc-3110"",""Owner"":""team-platform""}"
AWS,AWS,AWS,AWS,AWS,INV-2026-05-0001,100000000001,ExampleCorp Master Payer,Payer Account,200000000013,data-analytics,Linked Account,2026-05-01T00:00:00Z,2026-06-01T00:00:00Z,2026-05-04T00:00:00Z,2026-05-05T00:00:00Z,Usage,,Custom metrics,Usage-Based,13.0086,13.0086,13.0086,13.0086,0.3000000000,0.3000000000,Standard,43.3620,Metrics,USD,0.3000000000,13.0086,0.3000000000,USD,43.3620,Metrics,AmazonCloudWatch,Management and Governance,Observability,SKU-2491f45dad51aaef563400a5,Monitoring,SPRICE-5131bac450b55b26fd0cdc7e,"{""x_MetricType"":""Custom""}",arn:aws:cloudwatch:us-east-1:200000000013:metric/metric-4dbe455d1671,metric-4dbe455d1671,Metric,us-east-1,US East (N. Virginia),,,,,,,,,,,,,,,,,"{""Environment"":""dev"",""CostCenter"":""cc-1042"",""Owner"":""team-platform""}"
AWS,AWS,AWS,AWS,AWS,INV-2026-05-0002,100000000002,ExampleCorp Secondary Payer,Payer Account,200000000014,sandbox-dev,Linked Account,2026-05-01T00:00:00Z,2026-06-01T00:00:00Z,2026-05-14T00:00:00Z,2026-05-14T01:00:00Z,Usage,,Shared EC2 host cost allocated to workload,Usage-Based,0.0884544,0.0884544,0.0884544,0.0884544,0.0960000000,0.0960000000,Standard,0.9214,Hours,USD,0.0960000000,0.0884544,0.0960000000,USD,0.9214,Hours,AmazonEC2,Compute,Virtual Machines,SKU-736a4dd80178572d8370293d,Compute,SPRICE-c862323f09b487c42efb1c6b,"{""InstanceType"":""m6i.large"",""InstanceSeries"":""M6i"",""CoreCount"":2,""MemorySize"":8,""OperatingSystem"":""Linux"",""x_Tenancy"":""Shared""}",arn:aws:ec2:us-east-1:200000000014:instance/shared-host-55e8cd8b,shared-host-55e8cd8b,EC2 Instance,us-east-1,US East (N. Virginia),us-east-1b,,,,,,,,,,,split-even,"{""Elements"":[{""AllocatedRatio"":1,""UsageUnit"":""Hours"",""UsageQuantity"":0.9214,""x_Strategy"":""Even"",""x_Basis"":""Workloads""}]}",arn:aws:eks:us-east-1:200000000014:workload/billing-227d01,workload-billing,"{""workload"":""billing"",""CostCenter"":""cc-2087""}","{""Environment"":""staging"",""CostCenter"":""cc-1042"",""Owner"":""team-platform""}"
AWS,AWS,AWS,AWS,AWS,INV-2026-05-0002,100000000002,ExampleCorp Secondary Payer,Payer Account,200000000014,sandbox-dev,Linked Account,2026-05-01T00:00:00Z,2026-06-01T00:00:00Z,2026-05-06T00:00:00Z,2026-05-07T00:00:00Z,Usage,,Custom metrics,Usage-Based,8.61276,8.61276,8.61276,8.61276,0.3000000000,0.3000000000,Standard,28.7092,Metrics,USD,0.3000000000,8.61276,0.3000000000,USD,28.7092,Metrics,AmazonCloudWatch,Management and Governance,Observability,SKU-7f3902e3f370805f0a245d7f,Monitoring,SPRICE-dae68554fa459d336630e8d7,"{""x_MetricType"":""Custom""}",arn:aws:cloudwatch:ap-southeast-1:200000000014:metric/metric-2860df3bd49e,metric-2860df3bd49e,Metric,ap-southeast-1,Asia Pacific (Singapore),,,,,,,,,,,,,,,,,"{""Environment"":""dev"",""CostCenter"":""cc-2087"",""Owner"":""team-payments""}"
AWS,AWS,AWS,AWS,AWS,INV-2026-05-0002,100000000002,ExampleCorp Secondary Payer,Payer Account,200000000014,sandbox-dev,Linked Account,2026-05-01T00:00:00Z,2026-06-01T00:00:00Z,2026-05-07T00:00:00Z,2026-05-08T00:00:00Z,Usage,,Glue ETL job run,Usage-Based,67.427712,67.427712,67.427712,67.427712,0.4400000000,0.4400000000,Standard,153.2448,DPU-Hours,USD,0.4400000000,67.427712,0.4400000000,USD,153.2448,DPU-Hours,AWSGlue,Analytics,Data Processing,SKU-d1426392ab27c72810db5ee9,Data Processing,SPRICE-2caf36fd8fbe6a68e682b866,"{""x_WorkerType"":""G.1X""}",arn:aws:glue:ap-southeast-1:200000000014:job/job-e9243cda4b77,job-e9243cda4b77,Glue Job,ap-southeast-1,Asia Pacific (Singapore),,,,,,,,,,,,,,,,,"{""Environment"":""dev"",""CostCenter"":""cc-1042"",""Owner"":""team-payments""}"
AWS,AWS,AWS,AWS,AWS,INV-2026-05-0001,100000000001,ExampleCorp Master Payer,Payer Account,200000000012,staging-platform,Linked Account,2026-05-01T00:00:00Z,2026-06-01T00:00:00Z,2026-05-14T03:00:00Z,2026-05-14T04:00:00Z,Usage,,Lambda function duration,Usage-Based,30.04840875836399,30.04840875836399,30.04840875836399,30.04840875836399,0.0000166667,0.0000166667,Standard,1802900.9197,GB-Seconds,USD,0.0000166667,30.04840875836399,0.0000166667,USD,1802900.9197,GB-Seconds,AWSLambda,Compute,Serverless Compute,SKU-10b7f1c880ad0bc78efd30e2,Compute,SPRICE-a9f6b13fa92ac1d53f2f387c,"{""x_Runtime"":""python3.12"",""x_Architecture"":""arm64""}",arn:aws:lambda:ap-southeast-1:200000000012:function/fn-50625fab328d,fn-50625fab328d,Lambda Function,ap-southeast-1,Asia Pacific (Singapore),,,,,,,,,,,,,,,,,"{""Environment"":""staging"",""CostCenter"":""cc-2087"",""Owner"":""team-payments""}"
AWS,AWS,AWS,AWS,AWS,INV-2026-05-0001,100000000001,ExampleCorp Master Payer,Payer Account,200000000014,sandbox-dev,Linked Account,2026-05-01T00:00:00Z,2026-06-01T00:00:00Z,2026-05-09T00:00:00Z,2026-05-10T00:00:00Z,Usage,,DynamoDB on-demand write requests,Usage-Based,6.11154202475,6.11154202475,6.11154202475,6.11154202475,0.0000012500,0.0000012500,Standard,4889233.6198,Requests,USD,0.0000012500,6.11154202475,0.0000012500,USD,4889233.6198,Requests,AmazonDynamoDB,Databases,NoSQL Databases,SKU-b60be50671e3ea779ca4990a,Database,SPRICE-01c9691ef6482a9102c7a4ff,"{""x_CapacityMode"":""On-Demand""}",arn:aws:dynamodb:us-east-1:200000000014:table/table-b22d145bb235,table-b22d145bb235,DynamoDB Table,us-east-1,US East (N. Virginia),,,,,,,,,,,,,,,,,"{""Environment"":""dev"",""CostCenter"":""cc-2087"",""Owner"":""team-data""}"
AWS,AWS,AWS,AWS,AWS,INV-2026-05-0001,100000000001,ExampleCorp Master Payer,Payer Account,200000000013,data-analytics,Linked Account,2026-05-01T00:00:00Z,2026-06-01T00:00:00Z,2026-05-10T00:00:00Z,2026-05-11T00:00:00Z,Usage,,DynamoDB on-demand write requests,Usage-Based,1.575577847375,1.575577847375,1.575577847375,1.575577847375,0.0000012500,0.0000012500,Standard,1260462.2779,Requests,USD,0.0000012500,1.575577847375,0.0000012500,USD,1260462.2779,Requests,AmazonDynamoDB,Databases,NoSQL Databases,SKU-b60be50671e3ea779ca4990a,Database,SPRICE-01c9691ef6482a9102c7a4ff,"{""x_CapacityMode"":""On-Demand""}",arn:aws:dynamodb:us-east-1:200000000013:table/table-824e8525f50f,table-824e8525f50f,DynamoDB Table,us-east-1,US East (N. Virginia),,,,,,,,,,,,,,,,,"{""Environment"":""prod"",""CostCenter"":""cc-2087"",""Owner"":""team-platform""}"
AWS,AWS,AWS,AWS,AWS,INV-2026-05-0001,100000000001,ExampleCorp Master Payer,Payer Account,200000000011,prod-platform,Linked Account,2026-05-01T00:00:00Z,2026-06-01T00:00:00Z,2026-05-11T00:00:00Z,2026-05-12T00:00:00Z,Purchase,,AmazonS3 subscription fee,Recurring,387.83,387.83,387.83,387.83,387.83,387.83,Standard,1,Units,USD,387.8300000000,387.83,387.8300000000,USD,,,AmazonS3,Storage,Object Storage,SKU-b1746099ede53568b3911f52,Subscription,SPRICE-d8675cf4fb69d225a4692e54,"{""x_ChargeType"": ""SubscriptionFee""}",arn:aws:s3:ap-southeast-1:200000000011:bucket/bucket-02bbd683d1ba,bucket-02bbd683d1ba,S3 Bucket,ap-southeast-1,Asia Pacific (Singapore),,,,,,,,,,,,,,,,,"{""Environment"":""staging"",""CostCenter"":""cc-2087"",""Owner"":""team-data""}"
AWS,AWS,AWS,AWS,AWS,INV-2026-05-0001,100000000001,ExampleCorp Master Payer,Payer Account,200000000013,data-analytics,Linked Account,2026-05-01T00:00:00Z,2026-06-01T00:00:00Z,2026-05-14T07:00:00Z,2026-05-14T08:00:00Z,Usage,,Shared EC2 host cost allocated to workload,Usage-Based,0.05688,0.05688,0.05688,0.05688,0.0960000000,0.0960000000,Standard,0.5925,Hours,USD,0.0960000000,0.05688,0.0960000000,USD,0.5925,Hours,AmazonEC2,Compute,Virtual Machines,SKU-ca9c2ba97f0b30fb137ef130,Compute,SPRICE-d7f4030fc2a8b65799f6b437,"{""InstanceType"":""m6i.large"",""InstanceSeries"":""M6i"",""CoreCount"":2,""MemorySize"":8,""OperatingSystem"":""Linux"",""x_Tenancy"":""Shared""}",arn:aws:ec2:eu-west-1:200000000013:instance/shared-host-595a2858,shared-host-595a2858,EC2 Instance,eu-west-1,EU (Ireland),eu-west-1b,,,,,,,,,,,split-even,"{""Elements"":[{""AllocatedRatio"":1,""UsageUnit"":""Hours"",""UsageQuantity"":0.5925,""x_Strategy"":""Even"",""x_Basis"":""Workloads""}]}",arn:aws:eks:eu-west-1:200000000013:workload/search-8f5634,workload-search,"{""workload"":""search"",""CostCenter"":""cc-2087""}","{""Environment"":""staging"",""CostCenter"":""cc-2087"",""Owner"":""team-data""}"
AWS,AWS,AWS,AWS,AWS,INV-2026-05-0002,100000000002,ExampleCorp Secondary Payer,Payer Account,200000000013,data-analytics,Linked Account,2026-05-01T00:00:00Z,2026-06-01T00:00:00Z,2026-05-13T00:00:00Z,2026-05-14T00:00:00Z,Usage,,Custom metrics,Usage-Based,9.171198,9.171198,10.19022,9.171198,0.3000000000,0.2700000000,Standard,33.9674,Metrics,USD,0.2700000000,9.171198,0.3000000000,USD,33.9674,Metrics,AmazonCloudWatch,Management and Governance,Observability,SKU-34e5538fb30cbad0ab6e9eda,Monitoring,SPRICE-7775836205fc8d4f07876728,"{""x_MetricType"":""Custom""}",arn:aws:cloudwatch:us-west-2:200000000013:metric/metric-fc1f296f2669,metric-fc1f296f2669,Metric,us-west-2,US West (Oregon),,,,,,,,,"{""Elements"":[{""ContractId"":""CONTRACT-EA-2026-0001"",""ContractCommitmentId"":""CC-EA-SPEND-0001"",""ContractCommitmentAppliedCost"":9.17119800000000}]}",,,,,,,,"{""Environment"":""dev"",""CostCenter"":""cc-3110"",""Owner"":""team-data""}"
AWS,AWS,AWS,AWS,AWS,INV-2026-05-0001,100000000001,ExampleCorp Master Payer,Payer Account,200000000011,prod-platform,Linked Account,2026-05-01T00:00:00Z,2026-06-01T00:00:00Z,2026-05-14T00:00:00Z,2026-05-15T00:00:00Z,Usage,,DynamoDB on-demand write requests,Usage-Based,0.56450068,0.56450068,0.56450068,0.56450068,0.0000012500,0.0000012500,Standard,451600.5440,Requests,USD,0.0000012500,0.56450068,0.0000012500,USD,451600.5440,Requests,AmazonDynamoDB,Databases,NoSQL Databases,SKU-b60be50671e3ea779ca4990a,Database,SPRICE-01c9691ef6482a9102c7a4ff,"{""x_CapacityMode"":""On-Demand""}",arn:aws:dynamodb:us-east-1:200000000011:table/table-60bc29c520e2,table-60bc29c520e2,DynamoDB Table,us-east-1,US East (N. Virginia),,,,,,,,,,,,,,,,,"{""Environment"":""dev"",""CostCenter"":""cc-1042"",""Owner"":""team-payments""}"
AWS,AWS,AWS,AWS,AWS,INV-2026-05-0001,100000000001,ExampleCorp Master Payer,Payer Account,200000000011,prod-platform,Linked Account,2026-05-01T00:00:00Z,2026-06-01T00:00:00Z,2026-05-15T00:00:00Z,2026-05-16T00:00:00Z,Purchase,,AWSLambda subscription fee,Recurring,160.2,160.2,160.2,160.2,160.2,160.2,Standard,1,Units,USD,160.2000000000,160.2,160.2000000000,USD,,,AWSLambda,Compute,Serverless Compute,SKU-9a74fd410e6e4f08064b2dd5,Subscription,SPRICE-93ee86cad4d9013385430597,"{""x_ChargeType"": ""SubscriptionFee""}",arn:aws:lambda:eu-west-1:200000000011:function/fn-25454ec6d5e9,fn-25454ec6d5e9,Lambda Function,eu-west-1,EU (Ireland),,,,,,,,,,,,,,,,,"{""Environment"":""staging"",""CostCenter"":""cc-3110"",""Owner"":""team-payments""}"
AWS,AWS,AWS,AWS,AWS,INV-2026-05-0002,100000000002,ExampleCorp Secondary Payer,Payer Account,200000000011,prod-platform,Linked Account,2026-05-01T00:00:00Z,2026-06-01T00:00:00Z,2026-05-16T00:00:00Z,2026-05-17T00:00:00Z,Usage,,Glue ETL job run,Usage-Based,13.466244,13.466244,13.466244,13.466244,0.4400000000,0.4400000000,Standard,30.6051,DPU-Hours,USD,0.4400000000,13.466244,0.4400000000,USD,30.6051,DPU-Hours,AWSGlue,Analytics,Data Processing,SKU-118148093a04e718819dbb3f,Data Processing,SPRICE-f140a6944df35cbb51f25679,"{""x_WorkerType"":""G.1X""}",arn:aws:glue:us-west-2:200000000011:job/job-0a33f24eeed0,job-0a33f24eeed0,Glue Job,us-west-2,US West (Oregon),,,,,,,,,,,,,,,,,"{""Environment"":""dev"",""CostCenter"":""cc-1042"",""Owner"":""team-platform""}"
AWS,AWS,AWS,AWS,AWS,INV-2026-05-0002,100000000002,ExampleCorp Secondary Payer,Payer Account,200000000014,sandbox-dev,Linked Account,2026-05-01T00:00:00Z,2026-06-01T00:00:00Z,2026-05-14T12:00:00Z,2026-05-14T13:00:00Z,Usage,,Shared EC2 host cost allocated to workload,Usage-Based,0.01032,0.01032,0.01032,0.01032,0.0960000000,0.0960000000,Standard,0.1075,Hours,USD,0.0960000000,0.01032,0.0960000000,USD,0.1075,Hours,AmazonEC2,Compute,Virtual Machines,SKU-093c0d7a3a0491f8523e34c8,Compute,SPRICE-bab283475cbbabd222878e74,"{""InstanceType"":""m6i.large"",""InstanceSeries"":""M6i"",""CoreCount"":2,""MemorySize"":8,""OperatingSystem"":""Linux"",""x_Tenancy"":""Shared""}",arn:aws:ec2:ap-southeast-1:200000000014:instance/shared-host-979c9de2,shared-host-979c9de2,EC2 Instance,ap-southeast-1,Asia Pacific (Singapore),ap-southeast-1a,,,,,,,,,,,split-proportional,"{""Elements"":[{""AllocatedRatio"":1,""UsageUnit"":""Hours"",""UsageQuantity"":0.1075,""x_Strategy"":""Proportional"",""x_Basis"":""vCPUSeconds""}]}",arn:aws:eks:ap-southeast-1:200000000014:workload/billing-426794,workload-billing,"{""workload"":""billing"",""CostCenter"":""cc-3110""}","{""Environment"":""dev"",""CostCenter"":""cc-3110"",""Owner"":""team-data""}"
AWS,AWS,AWS,AWS,AWS,INV-2026-05-0002,100000000002,ExampleCorp Secondary Payer,Payer Account,200000000011,prod-platform,Linked Account,2026-05-01T00:00:00Z,2026-06-01T00:00:00Z,2026-05-14T13:00:00Z,2026-05-14T14:00:00Z,Usage,,Shared EC2 host cost allocated to workload,Usage-Based,0.0816576,0.0816576,0.0816576,0.0816576,0.0960000000,0.0960000000,Standard,0.8506,Hours,USD,0.0960000000,0.0816576,0.0960000000,USD,0.8506,Hours,AmazonEC2,Compute,Virtual Machines,SKU-ca9c2ba97f0b30fb137ef130,Compute,SPRICE-d7f4030fc2a8b65799f6b437,"{""InstanceType"":""m6i.large"",""InstanceSeries"":""M6i"",""CoreCount"":2,""MemorySize"":8,""OperatingSystem"":""Linux"",""x_Tenancy"":""Shared""}",arn:aws:ec2:eu-west-1:200000000011:instance/shared-host-e022b366,shared-host-e022b366,EC2 Instance,eu-west-1,EU (Ireland),eu-west-1a,,,,,,,,,,,split-even,"{""Elements"":[{""AllocatedRatio"":1,""UsageUnit"":""Hours"",""UsageQuantity"":0.8506,""x_Strategy"":""Even"",""x_Basis"":""Workloads""}]}",arn:aws:eks:eu-west-1:200000000011:workload/search-c12321,workload-search,"{""workload"":""search"",""CostCenter"":""cc-2087""}","{""Environment"":""prod"",""CostCenter"":""cc-2087"",""Owner"":""team-payments""}"
AWS,AWS,AWS,AWS,AWS,INV-2026-05-0002,100000000002,ExampleCorp Secondary Payer,Payer Account,200000000011,prod-platform,Linked Account,2026-05-01T00:00:00Z,2026-06-01T00:00:00Z,2026-05-14T14:00:00Z,2026-05-14T15:00:00Z,Usage,,Lambda function duration,Usage-Based,64.49578786965109,64.49578786965109,64.49578786965109,64.49578786965109,0.0000166667,0.0000166667,Standard,3869739.5327,GB-Seconds,USD,0.0000166667,64.49578786965109,0.0000166667,USD,3869739.5327,GB-Seconds,AWSLambda,Compute,Serverless Compute,SKU-7828f3c3be040bf04a99c13a,Compute,SPRICE-f43f05862dbfbeb78999da05,"{""x_Runtime"":""python3.12"",""x_Architecture"":""arm64""}",arn:aws:lambda:eu-west-1:200000000011:function/fn-3386425fe7ce,fn-3386425fe7ce,Lambda Function,eu-west-1,EU (Ireland),,,,,,,,,,,,,,,,,"{""Environment"":""prod"",""CostCenter"":""cc-1042"",""Owner"":""team-payments""}"
AWS,AWS,AWS,AWS,AWS,INV-2026-05-0001,100000000001,ExampleCorp Master Payer,Payer Account,200000000014,sandbox-dev,Linked Account,2026-05-01T00:00:00Z,2026-06-01T00:00:00Z,2026-05-14T15:00:00Z,2026-05-14T16:00:00Z,Usage,,Shared EC2 host cost allocated to workload,Usage-Based,0.0698016,0.0698016,0.0698016,0.0698016,0.0960000000,0.0960000000,Standard,0.7271,Hours,USD,0.0960000000,0.0698016,0.0960000000,USD,0.7271,Hours,AmazonEC2,Compute,Virtual Machines,SKU-093c0d7a3a0491f8523e34c8,Compute,SPRICE-bab283475cbbabd222878e74,"{""InstanceType"":""m6i.large"",""InstanceSeries"":""M6i"",""CoreCount"":2,""MemorySize"":8,""OperatingSystem"":""Linux"",""x_Tenancy"":""Shared""}",arn:aws:ec2:ap-southeast-1:200000000014:instance/shared-host-75fbebaa,shared-host-75fbebaa,EC2 Instance,ap-southeast-1,Asia Pacific (Singapore),ap-southeast-1b,,,,,,,,,,,split-proportional,"{""Elements"":[{""AllocatedRatio"":1,""UsageUnit"":""Hours"",""UsageQuantity"":0.7271,""x_Strategy"":""Proportional"",""x_Basis"":""vCPUSeconds""}]}",arn:aws:eks:ap-southeast-1:200000000014:workload/ingestion-b98978,workload-ingestion,"{""workload"":""ingestion"",""CostCenter"":""cc-1042""}","{""Environment"":""prod"",""CostCenter"":""cc-3110"",""Owner"":""team-data""}"
